# This file is brought to you by Roblox Corporation
# Generated by Roblox Studio

mtllib Slap_3.mtl

g Handle1

v 66.3547 69.2049 2.72779 
v 66.53 69.2026 2.68797 
v 66.5887 68.5814 3.00801 
v 66.4498 68.6868 3.06959 
v 66.3632 68.5325 3.12779 
v 66.4662 68.4028 3.13175 
v 65.9609 68.3802 3.24675 
v 65.9424 69.9288 1.87354 
v 66.142 69.8128 2.14291 
v 66.0542 69.9296 2.10673 
v 65.9872 69.848 2.11281 
v 66.1024 69.6944 2.16273 
v 66.0471 70.2317 2.46443 
v 66.0904 70.3047 2.46357 
v 66.3392 69.2346 2.63164 
v 65.9439 68.3092 3.45586 
v 65.9845 68.8592 3.87444 
v 65.9377 68.8003 3.8844 
v 66.0014 68.7745 3.90999 
v 66.0454 68.8052 3.8978 
v 66.0785 68.8379 3.86436 
v 65.926 68.8772 3.80273 
v 65.8891 68.8201 3.82678 
v 66.2633 68.4809 3.18899 
v 66.3541 68.3611 3.22691 
v 66.2633 68.4809 3.18899 
v 66.3632 68.5325 3.12779 
v 66.2423 68.5843 3.04972 
v 66.2433 70.168 2.93441 
v 66.3137 70.1986 2.93246 
v 66.187 70.0981 2.91258 
v 66.2433 70.168 2.93441 
v 66.0427 70.0442 2.00759 
v 65.9786 70.0196 2.04614 
v 65.9786 70.0196 2.04614 
v 65.9312 69.9495 2.06798 
v 65.9322 69.7827 2.03449 
v 66.2775 69.1689 2.29749 
v 66.1266 69.3506 2.13277 
v 66.0185 69.6053 2.07459 
v 66.3107 69.5266 2.21717 
v 66.2116 69.707 2.16934 
v 66.2345 69.4264 2.2323 
v 66.3249 69.0503 1.93118 
v 66.2796 69.1577 1.8806 
v 66.2088 69.1052 1.90278 
v 66.0286 69.4324 1.68822 
v 66.1273 69.2947 1.78657 
v 66.1691 69.3942 1.74655 
v 66.0836 69.5063 1.66857 
v 66.2216 69.2948 1.80355 
v 66.3846 68.9209 1.9906 
v 66.2236 68.9668 2.00059 
v 66.3846 68.9209 1.9906 
v 66.0164 69.5566 1.59637 
v 65.9833 69.5045 1.62288 
v 66.6251 69.0912 2.64139 
v 66.6244 69.1609 2.59775 
v 66.5212 69.2148 2.64499 
v 66.53 69.2026 2.68797 
v 66.6902 68.9668 2.72096 
v 66.4577 69.1445 2.29048 
v 66.5524 69.0826 2.24014 
v 66.6214 67.3841 2.78525 
v 66.2713 67.4658 2.96596 
v 66.4114 67.6468 3.02811 
v 66.2903 67.6427 3.07449 
v 66.0797 67.6273 2.99209 
v 66.1349 67.6901 3.08938 
v 66.3778 69.3653 2.25231 
v 66.0785 68.8379 3.86436 
v 65.9044 68.7026 3.83406 
v 66.2237 69.9577 2.94156 
v 66.2951 70.0426 2.98533 
v 66.0454 68.8052 3.8978 
v 66.0787 68.7274 3.85607 
v 65.8923 68.5739 3.73808 
v 65.9994 68.6955 3.8746 
v 66.3051 69.7487 2.9782 
v 66.3587 69.8819 3.01093 
v 66.2951 70.0426 2.98533 
v 66.3756 70.1032 2.95856 
v 66.0852 70.2612 2.26904 
v 66.1021 68.6214 3.76449 
v 66.0011 68.5733 3.78814 
v 66.3587 69.8819 3.01093 
v 66.4428 69.9523 2.9716 
v 66.1299 68.5294 3.66449 
v 66.1486 68.9104 1.95716 
v 66.3663 69.4443 2.99583 
v 66.5212 69.2148 2.64499 
v 66.3995 69.7433 3.02207 
v 66.499 69.7787 2.98018 
v 66.4463 69.5342 3.03398 
v 66.3995 69.7433 3.02207 
v 66.1506 70.3388 2.44247 
v 66.0904 70.3047 2.46357 
v 66.018 68.4695 3.69173 
v 66.374 69.157 2.99326 
v 66.4463 69.5342 3.03398 
v 66.5505 69.5734 2.98865 
v 66.158 70.1968 2.52395 
v 66.2249 70.2516 2.47461 
v 66.3645 68.9336 3.00703 
v 66.4948 69.1379 3.03096 
v 66.4747 69.3724 3.03428 
v 66.4747 69.3724 3.03428 
v 66.5882 69.3748 2.98647 
v 66.3154 70.1059 2.50103 
v 66.2439 70.0459 2.55833 
v 66.0995 70.1029 2.50545 
v 66.3655 68.1185 3.25973 
v 66.2043 68.1914 3.4361 
v 66.2123 68.004 3.31789 
v 66.3236 69.5489 2.59491 
v 66.4593 69.4633 2.62586 
v 66.4032 69.6529 2.6121 
v 66.3246 68.7396 3.02443 
v 66.2111 69.897 2.5507 
v 66.3124 69.9006 2.58081 
v 66.2439 70.0459 2.55833 
v 66.4904 68.9096 3.04094 
v 66.4948 69.1379 3.03096 
v 66.6149 69.1413 2.97853 
v 66.4044 69.927 2.52573 
v 66.3124 69.9006 2.58081 
v 66.4429 69.9282 2.40709 
v 66.0635 68.1577 3.4229 
v 66.05 67.994 3.26093 
v 66.4498 68.6868 3.06959 
v 66.4904 68.9096 3.04094 
v 66.6181 68.8928 2.98238 
v 66.158 70.1968 2.52395 
v 66.4032 69.6529 2.6121 
v 66.4981 69.6806 2.55328 
v 66.0542 69.9296 2.10673 
v 66.1191 69.9647 2.03775 
v 66.1856 67.795 3.18095 
v 66.3483 67.8311 3.16352 
v 66.5093 68.1485 3.11644 
v 66.0483 67.7697 3.09507 
v 66.696 68.9239 2.85743 
v 66.4593 69.4633 2.62586 
v 66.5653 69.4373 2.57157 
v 66.2046 69.8497 2.06367 
v 66.142 69.8128 2.14291 
v 66.4894 67.8733 3.07656 
v 66.3063 69.2058 2.3637 
v 66.2116 69.707 2.16934 
v 66.2904 69.7164 2.09452 
v 66.5021 67.4016 2.91596 
v 66.5627 67.6678 2.93337 
v 66.3146 67.1641 2.91039 
v 66.4725 67.1497 2.89644 
v 66.2317 67.1188 2.77241 
v 66.3107 69.5266 2.21717 
v 66.3869 69.5396 2.13978 
v 66.4577 69.1445 2.29048 
v 66.3778 69.3653 2.25231 
v 66.4703 69.3327 2.18784 
v 66.6319 68.9042 2.26863 
v 66.0836 69.5063 1.66857 
v 66.2313 69.4191 1.66858 
v 66.06 68.2751 3.52056 
v 66.1852 68.3255 3.50767 
v 66.0398 68.3797 3.60713 
v 66.158 68.4388 3.5802 
v 65.9439 68.3092 3.45586 
v 66.0014 68.7745 3.90999 
v 66.2775 69.1689 2.29749 
v 66.1797 69.1102 2.193 
v 66.2713 67.4658 2.96596 
v 66.2903 67.6427 3.07449 
v 66.0797 67.6273 2.99209 
v 66.1349 67.6901 3.08938 
v 66.0843 67.4054 2.77015 
v 65.9044 68.7026 3.83406 
v 65.8923 68.5739 3.73808 
v 66.1955 69.9398 2.83612 
v 66.3143 70.044 2.72314 
v 66.2237 70.0185 2.75048 
v 66.1021 68.6214 3.76449 
v 66.0011 68.5733 3.78814 
v 66.1299 68.5294 3.66449 
v 66.1486 68.9104 1.95716 
v 66.018 68.4695 3.69173 
v 66.2043 68.1914 3.4361 
v 66.2123 68.004 3.31789 
v 66.0635 68.1577 3.4229 
v 66.05 67.994 3.26093 
v 66.0483 67.7697 3.09507 
v 65.9258 67.8386 2.92131 
v 66.3063 69.2058 2.3637 
v 66.4725 67.1497 2.89644 
v 66.5074 67.1122 2.78057 
v 66.5299 67.0935 2.5657 
v 66.5259 67.0889 2.31316 
v 66.4865 67.1077 2.15384 
v 65.9036 68.4671 3.63843 
v 66.06 68.2751 3.52056 
v 65.9191 68.3969 3.56429 
v 66.0398 68.3797 3.60713 
v 66.2499 67.0909 2.26604 
v 66.3293 67.1069 2.1279 
v 66.3146 67.1641 2.91039 
v 66.2317 67.1188 2.77241 
v 66.1924 67.1063 2.52369 
v 66.4791 68.8576 2.03084 
v 66.4836 68.958 2.03691 
v 66.553 68.7666 2.061 
v 66.5887 68.5814 3.00801 
v 66.4498 68.6868 3.06959 
v 66.4662 68.4028 3.13175 
v 65.9424 69.9288 1.87354 
v 66.0091 69.9585 1.85823 
v 65.9439 68.3092 3.45586 
v 66.0014 68.7745 3.90999 
v 66.2633 68.4809 3.18899 
v 66.3541 68.3611 3.22691 
v 66.2633 68.4809 3.18899 
v 66.1749 68.5094 3.24363 
v 66.2678 68.4305 3.29389 
v 66.3207 70.2178 2.85457 
v 66.2433 70.168 2.93441 
v 66.3137 70.1986 2.93246 
v 66.3241 70.1913 2.77833 
v 66.2587 70.1634 2.75547 
v 66.0272 70.0247 1.92115 
v 66.0427 70.0442 2.00759 
v 65.9786 70.0196 2.04614 
v 66.405 69.0023 1.87418 
v 66.3249 69.0503 1.93118 
v 66.3846 68.9209 1.9906 
v 66.4653 68.8478 1.94297 
v 66.3846 68.9209 1.9906 
v 66.5589 68.1792 2.0427 
v 66.4878 67.9262 2.03936 
v 66.5004 68.1361 1.97482 
v 66.7608 68.4519 2.61691 
v 66.7393 68.1794 2.54799 
v 66.7659 68.4593 2.53012 
v 66.7102 68.3732 2.30173 
v 66.6619 68.0701 2.26549 
v 66.6805 68.3181 2.22754 
v 66.7074 68.3742 2.84191 
v 66.6965 68.1338 2.80941 
v 66.7367 68.4254 2.74957 
v 66.7495 68.4405 2.4405 
v 66.7262 68.7156 2.3937 
v 66.6593 68.9412 2.36412 
v 66.7049 68.9471 2.49086 
v 66.751 68.7324 2.50776 
v 66.6251 69.0912 2.64139 
v 66.6912 68.9713 2.61697 
v 66.6244 69.1609 2.59775 
v 66.5212 69.2148 2.64499 
v 66.6272 69.0916 2.68832 
v 66.53 69.2026 2.68797 
v 66.6354 69.1575 2.7323 
v 66.6902 68.9668 2.72096 
v 66.5803 69.0433 2.32736 
v 66.592 69.1266 2.3555 
v 66.4767 68.8218 1.99588 
v 66.5239 68.7043 1.98002 
v 66.4577 69.1445 2.29048 
v 66.5663 69.0257 2.28808 
v 66.5524 69.0826 2.24014 
v 66.7025 67.6925 2.5687 
v 66.6647 67.7065 2.78743 
v 66.6214 67.3841 2.78525 
v 66.6687 67.3601 2.57577 
v 66.207 68.5211 3.34949 
v 66.0386 68.8892 3.83018 
v 66.0826 68.8593 3.72882 
v 66.0182 68.7962 3.53803 
v 66.0785 68.8379 3.86436 
v 66.1154 68.7899 3.80042 
v 66.113 68.7843 3.59942 
v 66.0182 68.7962 3.53803 
v 66.0454 68.8052 3.8978 
v 66.0787 68.7274 3.85607 
v 66.1464 68.7052 3.69105 
v 66.3756 70.1032 2.95856 
v 66.2415 68.4232 3.43172 
v 66.2903 68.2964 3.36914 
v 66.1021 68.6214 3.76449 
v 66.1734 68.6228 3.58342 
v 66.138 68.6991 3.48776 
v 66.3876 70.0957 2.76748 
v 66.4078 70.124 2.86429 
v 66.4428 69.9523 2.9716 
v 66.1468 70.3012 2.27461 
v 66.0852 70.2612 2.26904 
v 66.1486 70.3448 2.35264 
v 66.1299 68.5294 3.66449 
v 66.4553 69.946 2.76411 
v 66.4824 69.9742 2.86832 
v 66.499 69.7787 2.98018 
v 66.1506 70.3388 2.44247 
v 66.5132 69.7734 2.76221 
v 66.5452 69.7929 2.87104 
v 66.4463 69.5342 3.03398 
v 66.5505 69.5734 2.98865 
v 66.2249 70.2516 2.47461 
v 66.2483 70.2569 2.36416 
v 66.22 70.207 2.26797 
v 66.5882 69.3748 2.98647 
v 66.5645 69.5739 2.75962 
v 66.5999 69.5867 2.87444 
v 66.3154 70.1059 2.50103 
v 66.3487 70.1114 2.38488 
v 66.3118 70.0679 2.28107 
v 66.3655 68.1185 3.25973 
v 66.2043 68.1914 3.4361 
v 66.6149 69.1413 2.97853 
v 66.6005 69.3854 2.75287 
v 66.6397 69.3859 2.8712 
v 66.4044 69.927 2.52573 
v 66.4429 69.9282 2.40709 
v 66.3975 69.899 2.29838 
v 66.6181 68.8928 2.98238 
v 66.6719 69.1561 2.86097 
v 66.4981 69.6806 2.55328 
v 66.5349 69.6774 2.43024 
v 66.4822 69.6535 2.31744 
v 66.1191 69.9647 2.03775 
v 66.5093 68.1485 3.11644 
v 66.1208 69.936 1.9283 
v 66.696 68.9239 2.85743 
v 66.5653 69.4373 2.57157 
v 66.541 69.4066 2.33846 
v 66.5991 69.4235 2.45078 
v 66.2046 69.8497 2.06367 
v 66.4894 67.8733 3.07656 
v 65.9258 67.8386 2.92131 
v 66.2078 69.8185 1.94759 
v 66.7016 68.6598 2.86055 
v 66.6498 69.1539 2.47301 
v 66.2904 69.7164 2.09452 
v 66.5021 67.4016 2.91596 
v 66.5627 67.6678 2.93337 
v 66.6119 67.9621 2.94906 
v 66.6366 68.239 2.94956 
v 66.4725 67.1497 2.89644 
v 66.298 69.6803 1.97754 
v 66.7331 68.7068 2.73444 
v 66.3869 69.5396 2.13978 
v 66.5074 67.1122 2.78057 
v 66.5299 67.0935 2.5657 
v 66.3968 69.5022 2.0196 
v 66.324 69.434 1.93627 
v 66.7469 68.7284 2.62039 
v 66.4703 69.3327 2.18784 
v 66.5259 67.0889 2.31316 
v 66.6283 67.3274 2.31978 
v 66.4829 69.2888 2.06963 
v 66.408 69.2257 1.9832 
v 66.5019 67.3065 2.13057 
v 66.4865 67.1077 2.15384 
v 66.642 67.6284 2.30915 
v 66.555 69.0389 2.12197 
v 66.6319 68.9042 2.26863 
v 66.4904 67.564 2.10713 
v 66.6961 68.6645 2.28413 
v 66.6165 68.8276 2.15723 
v 66.6647 68.5979 2.18869 
v 65.9899 69.4607 1.47613 
v 66.6153 68.5273 2.10301 
v 66.6385 68.2593 2.1599 
v 66.565 68.4607 2.00972 
v 66.5012 68.408 1.92377 
v 66.3908 68.6024 1.81271 
v 66.2662 68.6123 1.80221 
v 66.4826 68.6337 1.88072 
v 66.3742 68.7624 1.75829 
v 66.3444 68.8957 1.69641 
v 66.4514 68.7986 1.83378 
v 66.1388 69.5359 1.60018 
v 66.0836 69.5063 1.66857 
v 66.1447 69.4953 1.50537 
v 66.1918 69.2994 1.503 
v 66.3053 69.0264 1.63432 
v 66.4113 68.9448 1.77215 
v 66.2313 69.4191 1.66858 
v 66.2437 69.375 1.56373 
v 66.2559 69.1713 1.56663 
v 66.3665 69.0871 1.70678 
v 66.3534 69.1432 1.81026 
v 66.2796 69.1577 1.8806 
v 66.2985 69.2871 1.73854 
v 66.2216 69.2948 1.80355 
v 66.3141 69.2362 1.63568 
v 66.1605 68.6271 3.4212 
v 66.06 68.2751 3.52056 
v 66.1852 68.3255 3.50767 
v 66.158 68.4388 3.5802 
v 66.2017 68.5365 3.50061 
v 66.4791 68.8576 2.03084 
v 66.4836 68.958 2.03691 
v 66.553 68.7666 2.061 
v 66.3547 69.2049 2.72779 
v 66.385 69.4559 2.72813 
v 66.5005 69.3963 2.70001 
v 66.53 69.2026 2.68797 
v 66.0687 69.8599 1.85811 
v 65.9914 69.7972 1.86324 
v 65.9424 69.9288 1.87354 
v 66.0091 69.9585 1.85823 
v 66.2633 68.4809 3.18899 
v 66.3241 70.1913 2.77833 
v 66.2587 70.1634 2.75547 
v 66.2433 70.168 2.93441 
v 66.2587 70.1634 2.75547 
v 66.2003 70.1073 2.75779 
v 66.0272 70.0247 1.92115 
v 65.9424 69.9288 1.87354 
v 65.8979 69.8744 1.91771 
v 66.0427 70.0442 2.00759 
v 65.9397 69.7522 1.92956 
v 66.1651 69.2968 1.99812 
v 66.2132 69.0328 2.06487 
v 66.038 69.5747 1.94458 
v 66.3846 68.9209 1.9906 
v 66.2236 68.9668 2.00059 
v 66.3846 68.9209 1.9906 
v 66.4878 67.9262 2.03936 
v 66.5004 68.1361 1.97482 
v 66.6593 68.9412 2.36412 
v 66.6272 69.0916 2.68832 
v 66.53 69.2026 2.68797 
v 66.6354 69.1575 2.7323 
v 66.6902 68.9668 2.72096 
v 66.5803 69.0433 2.32736 
v 66.4748 69.1651 2.31908 
v 66.592 69.1266 2.3555 
v 66.3752 68.9708 2.01785 
v 66.4577 69.1445 2.29048 
v 66.1359 67.3314 2.20829 
v 66.1026 67.5417 2.12774 
v 66.1274 69.5571 1.89538 
v 66.2251 69.3729 1.93042 
v 66.2937 69.2087 1.96688 
v 66.0622 69.6641 1.87622 
v 65.9914 69.7972 1.86324 
v 66.1424 69.74 1.87436 
v 66.0622 69.6641 1.87622 
v 66.0182 68.7962 3.53803 
v 65.9 68.7304 3.54076 
v 65.8757 68.8011 3.60427 
v 66.1955 69.9398 2.83612 
v 66.3143 70.044 2.72314 
v 66.2237 70.0185 2.75048 
v 66.0852 70.2612 2.26904 
v 66.0407 70.1934 2.29022 
v 66.3876 70.0957 2.76748 
v 66.3143 70.044 2.72314 
v 66.3863 69.8718 2.71296 
v 66.3506 69.7055 2.73308 
v 66.1468 70.3012 2.27461 
v 66.0852 70.2612 2.26904 
v 66.31 69.1743 2.87114 
v 66.4553 69.946 2.76411 
v 66.3863 69.8718 2.71296 
v 66.5132 69.7734 2.76221 
v 66.4306 69.7343 2.71003 
v 66.4739 69.54 2.70518 
v 66.4306 69.7343 2.71003 
v 66.22 70.207 2.26797 
v 66.1504 70.1349 2.24302 
v 66.3039 69.8541 2.2601 
v 66.2034 69.8519 2.29469 
v 66.239 69.9884 2.24802 
v 66.5645 69.5739 2.75962 
v 66.4739 69.54 2.70518 
v 66.1504 70.1349 2.24302 
v 66.0911 70.0569 2.28876 
v 66.3118 70.0679 2.28107 
v 66.239 69.9884 2.24802 
v 66.6005 69.3854 2.75287 
v 66.5005 69.3963 2.70001 
v 66.4429 69.9282 2.40709 
v 66.3975 69.899 2.29838 
v 66.3039 69.8541 2.2601 
v 66.3828 69.6091 2.28009 
v 66.3046 69.5089 2.32648 
v 66.4822 69.6535 2.31744 
v 66.3828 69.6091 2.28009 
v 66.1208 69.936 1.9283 
v 66.541 69.4066 2.33846 
v 66.4278 69.4162 2.29828 
v 66.4278 69.4162 2.29828 
v 66.2078 69.8185 1.94759 
v 66.3063 69.2058 2.3637 
v 66.298 69.6803 1.97754 
v 66.226 69.6096 1.89993 
v 66.4748 69.1651 2.31908 
v 66.3869 69.5396 2.13978 
v 66.1274 69.5571 1.89538 
v 66.3968 69.5022 2.0196 
v 66.324 69.434 1.93627 
v 66.4577 69.1445 2.29048 
v 66.2499 67.0909 2.26604 
v 66.408 69.2257 1.9832 
v 66.2251 69.3729 1.93042 
v 66.5019 67.3065 2.13057 
v 66.4865 67.1077 2.15384 
v 66.3062 67.3019 2.08884 
v 66.555 69.0389 2.12197 
v 66.2937 69.2087 1.96688 
v 66.6319 68.9042 2.26863 
v 66.3293 67.1069 2.1279 
v 66.3062 67.3019 2.08884 
v 66.4904 67.564 2.10713 
v 66.2877 67.5261 2.0478 
v 66.0783 67.7944 2.06193 
v 66.2877 67.5261 2.0478 
v 66.2686 67.7923 1.98901 
v 66.0838 68.1215 2.00464 
v 66.3752 68.9708 2.01785 
v 66.6647 68.5979 2.18869 
v 66.2686 67.7923 1.98901 
v 66.2507 68.0854 1.9158 
v 66.1195 68.4397 1.95394 
v 65.9899 69.4607 1.47613 
v 65.9619 69.426 1.52104 
v 66.2507 68.0854 1.9158 
v 66.4141 68.1078 1.93134 
v 66.1526 68.6818 1.8933 
v 66.2577 68.3839 1.85772 
v 66.0368 69.4913 1.44999 
v 65.9899 69.4607 1.47613 
v 66.0498 69.5515 1.49157 
v 66.1487 68.9711 1.69823 
v 66.2403 68.8907 1.6761 
v 66.262 68.7637 1.74147 
v 66.2577 68.3839 1.85772 
v 66.3991 68.378 1.86566 
v 66.2662 68.6123 1.80221 
v 66.5012 68.408 1.92377 
v 66.3908 68.6024 1.81271 
v 66.2662 68.6123 1.80221 
v 65.9987 69.3292 1.54827 
v 66.4826 68.6337 1.88072 
v 66.3742 68.7624 1.75829 
v 66.262 68.7637 1.74147 
v 66.0837 69.1692 1.60135 
v 66.1043 69.4189 1.45503 
v 66.0417 69.3603 1.47746 
v 66.2403 68.8907 1.6761 
v 66.3444 68.8957 1.69641 
v 66.4514 68.7986 1.83378 
v 66.1447 69.4953 1.50537 
v 66.1918 69.2994 1.503 
v 66.1175 69.2344 1.5179 
v 66.1646 69.1344 1.56293 
v 66.2113 68.9918 1.62805 
v 66.3053 69.0264 1.63432 
v 66.2113 68.9918 1.62805 
v 66.2437 69.375 1.56373 
v 66.2559 69.1713 1.56663 
v 66.1646 69.1344 1.56293 
v 66.1175 69.2344 1.5179 
v 66.4791 68.8576 2.03084 
v 66.553 68.7666 2.061 
v 66.3547 69.2049 2.72779 
v 66.53 69.2026 2.68797 
v 66.5887 68.5814 3.00801 
v 65.9609 68.3802 3.24675 
v 65.994 68.546 3.31442 
v 66.0571 68.4984 3.22412 
v 65.9424 69.9288 1.87354 
v 66.0091 69.9585 1.85823 
v 66.3392 69.2346 2.63164 
v 66.0173 68.3895 3.07664 
v 65.9845 68.8592 3.87444 
v 65.9377 68.8003 3.8844 
v 66.0014 68.7745 3.90999 
v 66.0785 68.8379 3.86436 
v 66.0386 68.8892 3.83018 
v 65.926 68.8772 3.80273 
v 65.8891 68.8201 3.82678 
v 65.9849 68.9105 3.77794 
v 66.2633 68.4809 3.18899 
v 66.1417 68.4989 3.13799 
v 66.2633 68.4809 3.18899 
v 66.3632 68.5325 3.12779 
v 66.2423 68.5843 3.04972 
v 66.1749 68.5094 3.24363 
v 66.2678 68.4305 3.29389 
v 66.1749 68.5094 3.24363 
v 66.3207 70.2178 2.85457 
v 66.2331 70.2029 2.84101 
v 66.2433 70.168 2.93441 
v 66.3137 70.1986 2.93246 
v 66.3241 70.1913 2.77833 
v 66.2587 70.1634 2.75547 
v 66.2331 70.2029 2.84101 
v 66.1755 70.1071 2.83037 
v 66.2587 70.1634 2.75547 
v 66.2003 70.1073 2.75779 
v 65.9403 70.0104 1.94995 
v 66.0272 70.0247 1.92115 
v 66.0427 70.0442 2.00759 
v 65.9786 70.0196 2.04614 
v 66.2775 69.1689 2.29749 
v 66.1797 69.1102 2.193 
v 66.2132 69.0328 2.06487 
v 66.0836 69.5063 1.66857 
v 66.3846 68.9209 1.9906 
v 66.4653 68.8478 1.94297 
v 66.2236 68.9668 2.00059 
v 66.3846 68.9209 1.9906 
v 65.9833 69.5045 1.62288 
v 66.1609 68.9118 2.04746 
v 66.1157 68.5656 2.83377 
v 66.6251 69.0912 2.64139 
v 66.53 69.2026 2.68797 
v 66.6354 69.1575 2.7323 
v 66.4767 68.8218 1.99588 
v 66.207 68.5211 3.34949 
v 66.1108 68.5781 3.30979 
v 66.1108 68.5781 3.30979 
v 65.996 68.8795 3.67428 
v 65.8946 68.8403 3.69644 
v 65.9849 68.9105 3.77794 
v 66.0386 68.8892 3.83018 
v 66.0826 68.8593 3.72882 
v 65.996 68.8795 3.67428 
v 66.0182 68.7962 3.53803 
v 65.9 68.7304 3.54076 
v 65.8757 68.8011 3.60427 
v 66.0785 68.8379 3.86436 
v 66.113 68.7843 3.59942 
v 66.0182 68.7962 3.53803 
v 66.138 68.6991 3.48776 
v 66.4078 70.124 2.86429 
v 66.1468 70.3012 2.27461 
v 66.0852 70.2612 2.26904 
v 66.0658 70.3191 2.35923 
v 66.1486 70.3448 2.35264 
v 66.1486 68.9104 1.95716 
v 66.5212 69.2148 2.64499 
v 66.1506 70.3388 2.44247 
v 66.0904 70.3047 2.46357 
v 66.2249 70.2516 2.47461 
v 66.2483 70.2569 2.36416 
v 66.2043 68.1914 3.4361 
v 66.4429 69.9282 2.40709 
v 66.4498 68.6868 3.06959 
v 66.0542 69.9296 2.10673 
v 66.1191 69.9647 2.03775 
v 66.1208 69.936 1.9283 
v 66.696 68.9239 2.85743 
v 66.2046 69.8497 2.06367 
v 66.142 69.8128 2.14291 
v 66.3063 69.2058 2.3637 
v 66.4748 69.1651 2.31908 
v 66.4577 69.1445 2.29048 
v 66.3752 68.9708 2.01785 
v 66.6647 68.5979 2.18869 
v 65.9899 69.4607 1.47613 
v 66.0368 69.4913 1.44999 
v 65.9899 69.4607 1.47613 
v 65.9868 69.5289 1.52496 
v 66.0498 69.5515 1.49157 
v 66.0628 69.5825 1.55884 
v 66.0164 69.5566 1.59637 
v 66.1388 69.5359 1.60018 
v 66.0836 69.5063 1.66857 
v 66.1447 69.4953 1.50537 
v 66.2313 69.4191 1.66858 
v 66.1691 69.3942 1.74655 
v 66.2985 69.2871 1.73854 
v 66.2216 69.2948 1.80355 
v 66.3141 69.2362 1.63568 
v 66.1605 68.6271 3.4212 
v 66.0684 68.6872 3.41609 
v 65.9391 68.6317 3.43269 
v 66.0684 68.6872 3.41609 
v 66.3547 69.2049 2.72779 
v 66.385 69.4559 2.72813 
v 65.9609 68.3802 3.24675 
v 65.9201 68.4267 3.37299 
v 65.994 68.546 3.31442 
v 66.0571 68.4984 3.22412 
v 65.9872 69.848 2.11281 
v 66.0471 70.2317 2.46443 
v 66.0904 70.3047 2.46357 
v 66.0658 70.3191 2.35923 
v 66.0225 70.2198 2.37501 
v 66.3392 69.2346 2.63164 
v 66.2506 69.0419 2.65632 
v 66.2615 69.015 2.75065 
v 66.2676 69.2338 2.4935 
v 66.2233 69.0608 2.49899 
v 66.1728 68.9181 2.40746 
v 66.1993 68.8623 2.71324 
v 66.0173 68.3895 3.07664 
v 65.9447 68.1203 3.08569 
v 65.9531 68.2253 3.32612 
v 65.9439 68.3092 3.45586 
v 65.9845 68.8592 3.87444 
v 65.9377 68.8003 3.8844 
v 66.0014 68.7745 3.90999 
v 66.0785 68.8379 3.86436 
v 65.926 68.8772 3.80273 
v 65.8891 68.8201 3.82678 
v 65.9849 68.9105 3.77794 
v 66.2633 68.4809 3.18899 
v 66.1417 68.4989 3.13799 
v 66.2633 68.4809 3.18899 
v 66.2423 68.5843 3.04972 
v 66.2331 70.2029 2.84101 
v 66.1755 70.1071 2.83037 
v 66.187 70.0981 2.91258 
v 66.2433 70.168 2.93441 
v 66.2587 70.1634 2.75547 
v 66.2003 70.1073 2.75779 
v 65.9424 69.9288 1.87354 
v 65.8979 69.8744 1.91771 
v 65.8954 69.9202 1.99408 
v 65.9403 70.0104 1.94995 
v 65.9786 70.0196 2.04614 
v 65.9312 69.9495 2.06798 
v 65.9397 69.7522 1.92956 
v 65.9322 69.7827 2.03449 
v 66.2101 69.0306 2.34698 
v 66.2775 69.1689 2.29749 
v 66.1797 69.1102 2.193 
v 66.1619 68.967 2.24059 
v 66.1266 69.3506 2.13277 
v 66.1651 69.2968 1.99812 
v 66.2132 69.0328 2.06487 
v 66.0185 69.6053 2.07459 
v 66.038 69.5747 1.94458 
v 66.2345 69.4264 2.2323 
v 66.2088 69.1052 1.90278 
v 66.0286 69.4324 1.68822 
v 66.1273 69.2947 1.78657 
v 66.0836 69.5063 1.66857 
v 66.2236 68.9668 2.00059 
v 66.3846 68.9209 1.9906 
v 66.0164 69.5566 1.59637 
v 65.9833 69.5045 1.62288 
v 66.1609 68.9118 2.04746 
v 66.1333 68.8404 2.11527 
v 66.1592 68.9342 2.11544 
v 66.1157 68.5656 2.83377 
v 66.2259 68.7775 2.8788 
v 66.2264 69.0549 2.40771 
v 66.2713 67.4658 2.96596 
v 66.2903 67.6427 3.07449 
v 66.0797 67.6273 2.99209 
v 65.933 67.6361 2.60712 
v 66.0116 67.4386 2.47422 
v 66.0843 67.4054 2.77015 
v 65.9709 67.6266 2.82016 
v 65.9456 67.618 2.45946 
v 65.9864 67.5887 2.31074 
v 66.1359 67.3314 2.20829 
v 66.1026 67.5417 2.12774 
v 66.2251 69.3729 1.93042 
v 65.8946 68.8403 3.69644 
v 66.0182 68.7962 3.53803 
v 65.9 68.7304 3.54076 
v 65.8757 68.8011 3.60427 
v 65.8565 68.7478 3.75166 
v 65.9044 68.7026 3.83406 
v 65.85 68.6301 3.63679 
v 66.2237 69.9577 2.94156 
v 65.8923 68.5739 3.73808 
v 66.1955 69.9398 2.83612 
v 66.3143 70.044 2.72314 
v 66.2237 70.0185 2.75048 
v 66.3051 69.7487 2.9782 
v 66.0852 70.2612 2.26904 
v 66.0407 70.1934 2.29022 
v 66.263 69.7084 2.84746 
v 66.3506 69.7055 2.73308 
v 66.1486 68.9104 1.95716 
v 66.3066 69.4382 2.85824 
v 66.31 69.1743 2.87114 
v 66.3663 69.4443 2.99583 
v 66.4463 69.5342 3.03398 
v 66.2794 68.9654 2.88863 
v 66.374 69.157 2.99326 
v 66.3039 69.8541 2.2601 
v 66.2034 69.8519 2.29469 
v 66.3645 68.9336 3.00703 
v 66.0911 70.0569 2.28876 
v 66.0609 70.0527 2.40092 
v 66.0995 70.1029 2.50545 
v 66.2043 68.1914 3.4361 
v 66.3236 69.5489 2.59491 
v 66.3246 68.7396 3.02443 
v 66.2111 69.897 2.5507 
v 66.3046 69.5089 2.32648 
v 66.154 69.8305 2.42971 
v 66.0635 68.1577 3.4229 
v 66.05 67.994 3.26093 
v 66.4498 68.6868 3.06959 
v 66.2439 69.5167 2.46478 
v 66.0483 67.7697 3.09507 
v 66.696 68.9239 2.85743 
v 65.9258 67.8386 2.92131 
v 66.3063 69.2058 2.3637 
v 66.3146 67.1641 2.91039 
v 66.2317 67.1188 2.77241 
v 65.9595 68.1972 2.77249 
v 65.9038 67.8754 2.68681 
v 66.1924 67.1063 2.52369 
v 65.977 68.2107 2.48025 
v 65.9254 67.8659 2.4637 
v 66.4577 69.1445 2.29048 
v 66.2499 67.0909 2.26604 
v 65.9971 68.1799 2.21251 
v 65.9672 67.8339 2.24533 
v 66.3062 67.3019 2.08884 
v 66.3293 67.1069 2.1279 
v 66.0783 67.7944 2.06193 
v 66.0835 68.5697 2.47747 
v 66.0678 68.5261 2.17827 
v 66.0838 68.1215 2.00464 
v 66.2507 68.0854 1.9158 
v 66.1195 68.4397 1.95394 
v 65.9868 69.5289 1.52496 
v 65.9899 69.4607 1.47613 
v 65.9619 69.426 1.52104 
v 65.9593 69.4686 1.57224 
v 66.1526 68.6818 1.8933 
v 66.0368 69.4913 1.44999 
v 65.9899 69.4607 1.47613 
v 65.9868 69.5289 1.52496 
v 66.1627 68.8214 1.80502 
v 66.1487 68.9711 1.69823 
v 66.2403 68.8907 1.6761 
v 66.262 68.7637 1.74147 
v 66.2662 68.6123 1.80221 
v 66.0628 69.5825 1.55884 
v 65.9987 69.3292 1.54827 
v 65.9889 69.3652 1.63412 
v 66.1229 69.045 1.82567 
v 66.0837 69.1692 1.60135 
v 66.0609 69.215 1.71842 
v 66.0836 69.5063 1.66857 
v 66.0417 69.3603 1.47746 
v 66.1175 69.2344 1.5179 
v 65.9036 68.4671 3.63843 
v 65.9191 68.3969 3.56429 
v 65.8769 68.5028 3.52356 
v 65.9391 68.6317 3.43269 

vn -0.220472 0.0314961 -0.976378 
vn -0.220472 0.023622 -0.976378 
vn 0.661417 0.0393701 0.748031 
vn 0.456693 0.0787402 0.889764 
vn 0.401575 0.338583 0.850394 
vn 0.606299 0.188976 0.779528 
vn -0.92126 0.244094 -0.299213 
vn -0.141732 -0.0393701 -0.992126 
vn -0.125984 0.19685 0.968504 
vn -0.19685 0.267717 0.944882 
vn -0.141732 0.19685 0.968504 
vn -0.110236 0.212598 0.968504 
vn -0.858268 0.456693 0.228346 
vn -0.826772 0.496063 0.259843 
vn -0.874016 0.377953 0.299213 
vn -0.818898 -0.496063 0.275591 
vn -0.181102 0.637795 0.748031 
vn -0.417323 0.480315 0.771654 
vn -0.110236 0.362205 0.92126 
vn 0.102362 0.496063 0.866142 
vn 0.220472 0.614173 0.755906 
vn -0.425197 0.724409 0.543307 
vn -0.503937 0.590551 0.629921 
vn 0.267717 0.472441 0.84252 
vn 0.685039 0.322835 0.653543 
vn 0.267717 0.472441 0.84252 
vn 0.401575 0.338583 0.850394 
vn -0.0944882 0.795276 0.606299 
vn -0.299213 0.913386 0.275591 
vn -0.385827 0.905512 0.188976 
vn -0.818898 0.519685 0.228346 
vn -0.299213 0.913386 0.275591 
vn -0.283465 0.96063 -0.0551181 
vn -0.338583 0.944882 0.0393701 
vn -0.338583 0.944882 0.0393701 
vn -0.795276 0.582677 0.149606 
vn -0.889764 -0.267717 0.370079 
vn -0.748031 0.511811 0.417323 
vn -0.952756 -0.251969 -0.173228 
vn -0.905512 -0.433071 -0.015748 
vn -0.0708661 0.204724 0.976378 
vn -0.0787402 0.204724 0.976378 
vn -0.0866142 0.212598 0.976378 
vn -0.023622 0.417323 0.905512 
vn -0.0551181 0.448819 0.889764 
vn 0.023622 0.496063 0.866142 
vn -0.291339 0.448819 0.84252 
vn -0.19685 0.433071 0.88189 
vn -0.220472 0.433071 0.874016 
vn -0.314961 0.480315 0.818898 
vn -0.149606 0.456693 0.88189 
vn 0.708661 0.511811 0.480315 
vn 0.141732 0.527559 0.834646 
vn 0.708661 0.511811 0.480315 
vn -0.346457 0.590551 0.732283 
vn -0.354331 0.551181 0.755906 
vn 0.818898 0.496063 0.283465 
vn 0.80315 0.330709 0.496063 
vn 0.551181 0.448819 0.700787 
vn -0.220472 0.023622 -0.976378 
vn 0.968504 0.244094 -0.0393701 
vn 0.645669 0.582677 0.496063 
vn 0.866142 0.440945 0.244094 
vn 0.874016 -0.220472 0.425197 
vn -0.204724 -0.425197 0.88189 
vn 0.409449 -0.385827 0.826772 
vn 0.0944882 -0.551181 0.826772 
vn -0.574803 -0.559055 0.598425 
vn -0.299213 -0.637795 0.708661 
vn -0.0551181 0.188976 0.976378 
vn 0.220472 0.614173 0.755906 
vn -0.866142 -0.133858 0.480315 
vn -0.551181 0.0314961 0.834646 
vn -0.19685 0.15748 0.968504 
vn 0.102362 0.496063 0.866142 
vn 0.661417 -0.299213 0.692913 
vn -0.92126 -0.212598 0.322835 
vn -0.425197 -0.330709 0.84252 
vn -0.472441 -0.0314961 0.88189 
vn -0.472441 -0.0314961 0.88189 
vn -0.19685 0.15748 0.968504 
vn -0.00787402 0.330709 0.944882 
vn -0.850394 0.377953 -0.354331 
vn 0.905512 -0.15748 0.393701 
vn -0.354331 -0.535433 0.76378 
vn -0.472441 -0.0314961 0.88189 
vn 0.220472 0.220472 0.952756 
vn 0.92126 -0.141732 0.362205 
vn -0.716535 0.685039 0.0866142 
vn -0.913386 -0.141732 0.377953 
vn 0.551181 0.448819 0.700787 
vn 0.330709 0.173228 0.929134 
vn 0.322835 0.15748 0.929134 
vn -0.409449 -0.0314961 0.913386 
vn 0.330709 0.173228 0.929134 
vn -0.370079 0.913386 0.165354 
vn -0.826772 0.496063 0.259843 
vn 0.456693 -0.574803 0.677165 
vn -0.866142 0.0551181 0.496063 
vn -0.409449 -0.0314961 0.913386 
vn 0.362205 0.102362 0.929134 
vn 0.267717 0.456693 0.850394 
vn 0.133858 0.511811 0.850394 
vn -0.535433 0.125984 0.834646 
vn -0.283465 0.015748 0.96063 
vn -0.330709 -0.023622 0.944882 
vn -0.330709 -0.023622 0.944882 
vn 0.385827 0.0393701 0.92126 
vn 0.346457 0.385827 0.858268 
vn 0.354331 0.393701 0.850394 
vn -0.850394 -0.283465 0.448819 
vn 0.685039 -0.141732 0.716535 
vn 0.433071 -0.417323 0.795276 
vn 0.188976 -0.519685 0.834646 
vn -0.23622 0.023622 0.968504 
vn -0.149606 0.0708661 0.984252 
vn -0.251969 0.023622 0.968504 
vn -0.503937 0.314961 0.80315 
vn -0.283465 0.015748 0.96063 
vn -0.283465 0.015748 0.96063 
vn 0.354331 0.393701 0.850394 
vn -0.251969 0.102362 0.96063 
vn -0.283465 0.015748 0.96063 
vn 0.685039 0.0551181 0.724409 
vn 0.417323 0.322835 0.850394 
vn -0.283465 0.015748 0.96063 
vn 0.818898 0.370079 -0.440945 
vn -0.346457 -0.622047 0.700787 
vn -0.622047 -0.511811 0.598425 
vn 0.456693 0.0787402 0.889764 
vn -0.251969 0.102362 0.96063 
vn 0.661417 0.023622 0.755906 
vn 0.267717 0.456693 0.850394 
vn -0.251969 0.023622 0.968504 
vn 0.464567 0.23622 0.858268 
vn -0.19685 0.267717 0.944882 
vn 0.299213 0.645669 0.700787 
vn -0.0944882 -0.551181 0.826772 
vn 0.417323 -0.409449 0.811024 
vn 0.740157 -0.023622 0.669291 
vn -0.661417 -0.448819 0.598425 
vn 0.952756 0.0787402 0.291339 
vn -0.149606 0.0708661 0.984252 
vn 0.488189 0.188976 0.850394 
vn 0.511811 0.535433 0.669291 
vn -0.125984 0.19685 0.968504 
vn 0.661417 -0.244094 0.708661 
vn -0.937008 0.125984 -0.330709 
vn -0.0787402 0.204724 0.976378 
vn 0.566929 0.496063 0.653543 
vn 0.472441 -0.204724 0.858268 
vn 0.708661 -0.19685 0.677165 
vn 0.11811 -0.11811 0.984252 
vn 0.0787402 -0.0866142 0.992126 
vn -0.826772 -0.425197 0.377953 
vn -0.0708661 0.204724 0.976378 
vn 0.598425 0.440945 0.669291 
vn 0.645669 0.582677 0.496063 
vn -0.0551181 0.188976 0.976378 
vn 0.84252 0.385827 0.370079 
vn 0.905512 0.307087 -0.291339 
vn -0.314961 0.480315 0.818898 
vn 0.464567 0.653543 0.598425 
vn -0.102362 -0.629921 0.76378 
vn 0.606299 -0.299213 0.732283 
vn -0.307087 -0.708661 0.637795 
vn 0.433071 -0.535433 0.724409 
vn -0.818898 -0.496063 0.275591 
vn -0.110236 0.362205 0.92126 
vn -0.748031 0.511811 0.417323 
vn -0.850394 0.377953 0.362205 
vn -0.204724 -0.425197 0.88189 
vn 0.0944882 -0.551181 0.826772 
vn -0.574803 -0.559055 0.598425 
vn -0.299213 -0.637795 0.708661 
vn -0.795276 -0.464567 0.385827 
vn -0.866142 -0.133858 0.480315 
vn -0.92126 -0.212598 0.322835 
vn -0.96063 -0.19685 -0.188976 
vn -0.251969 0.0787402 -0.968504 
vn -0.291339 0 -0.96063 
vn 0.905512 -0.15748 0.393701 
vn -0.354331 -0.535433 0.76378 
vn 0.92126 -0.141732 0.362205 
vn -0.716535 0.685039 0.0866142 
vn 0.456693 -0.574803 0.677165 
vn 0.433071 -0.417323 0.795276 
vn 0.188976 -0.519685 0.834646 
vn -0.346457 -0.622047 0.700787 
vn -0.622047 -0.511811 0.598425 
vn -0.661417 -0.448819 0.598425 
vn -0.944882 -0.181102 0.259843 
vn -0.937008 0.125984 -0.330709 
vn 0.0787402 -0.0866142 0.992126 
vn 0.874016 -0.401575 0.275591 
vn 0.897638 -0.448819 0.0393701 
vn 0.92126 -0.322835 -0.212598 
vn 0.96063 -0.102362 -0.251969 
vn -0.307087 -0.692913 0.653543 
vn -0.102362 -0.629921 0.76378 
vn -0.322835 -0.716535 0.614173 
vn -0.307087 -0.708661 0.637795 
vn -0.874016 -0.456693 -0.165354 
vn -0.84252 -0.204724 -0.503937 
vn 0.11811 -0.11811 0.984252 
vn -0.826772 -0.425197 0.377953 
vn -0.88189 -0.472441 0 
vn 0.354331 0.0393701 -0.937008 
vn 0.488189 0.0393701 -0.874016 
vn 0.787402 0.204724 -0.582677 
vn 0.661417 0.0393701 0.748031 
vn 0.456693 0.0787402 0.889764 
vn 0.606299 0.188976 0.779528 
vn -0.141732 -0.0393701 -0.992126 
vn -0.181102 -0.102362 -0.976378 
vn -0.818898 -0.496063 0.275591 
vn -0.110236 0.362205 0.92126 
vn 0.267717 0.472441 0.84252 
vn 0.685039 0.322835 0.653543 
vn 0.267717 0.472441 0.84252 
vn 0.480315 0.795276 0.362205 
vn 0.795276 0.559055 0.244094 
vn -0.283465 0.913386 0.299213 
vn -0.299213 0.913386 0.275591 
vn -0.385827 0.905512 0.188976 
vn -0.165354 0.897638 -0.401575 
vn -0.204724 0.866142 -0.456693 
vn -0.283465 0.850394 -0.440945 
vn -0.283465 0.96063 -0.0551181 
vn -0.338583 0.944882 0.0393701 
vn 0.700787 0.527559 0.488189 
vn -0.023622 0.417323 0.905512 
vn 0.708661 0.511811 0.480315 
vn 0.897638 0.448819 0 
vn 0.708661 0.511811 0.480315 
vn 0.826772 -0.149606 -0.543307 
vn 0.598425 -0.212598 -0.771654 
vn 0.661417 -0.204724 -0.724409 
vn 0.992126 -0.0314961 0.11811 
vn 0.992126 -0.102362 -0.0393701 
vn 1 -0.023622 -0.0629921 
vn 0.952756 -0.0472441 -0.291339 
vn 0.92126 -0.125984 -0.377953 
vn 0.913386 -0.0708661 -0.401575 
vn 0.905512 -0.0393701 0.417323 
vn 0.944882 -0.0866142 0.307087 
vn 0.976378 -0.0393701 0.220472 
vn 0.976378 -0.0393701 -0.220472 
vn 0.952756 0.133858 -0.283465 
vn 0.866142 0.283465 -0.409449 
vn 0.96063 0.228346 -0.133858 
vn 0.984252 0.125984 -0.0944882 
vn 0.818898 0.496063 0.283465 
vn 0.952756 0.307087 0.0787402 
vn 0.80315 0.330709 0.496063 
vn 0.551181 0.448819 0.700787 
vn 0.708661 0.330709 -0.622047 
vn -0.220472 0.023622 -0.976378 
vn 0.779528 0.283465 -0.559055 
vn 0.968504 0.244094 -0.0393701 
vn 0.637795 0.370079 -0.677165 
vn 0.645669 0.188976 -0.740157 
vn 0.818898 0.496063 -0.291339 
vn 0.889764 0.188976 -0.425197 
vn 0.645669 0.582677 0.496063 
vn 0.645669 0.582677 0.496063 
vn 0.866142 0.440945 0.244094 
vn 0.992126 -0.0944882 -0.015748 
vn 0.929134 -0.11811 0.354331 
vn 0.874016 -0.220472 0.425197 
vn 0.96063 -0.259843 0.0393701 
vn 0.80315 0.574803 -0.15748 
vn 0.0551181 0.795276 0.606299 
vn 0.385827 0.905512 -0.173228 
vn -0.330709 0.566929 -0.755906 
vn 0.220472 0.614173 0.755906 
vn 0.80315 0.582677 0.11811 
vn 0.401575 0.818898 -0.417323 
vn -0.330709 0.566929 -0.755906 
vn 0.102362 0.496063 0.866142 
vn 0.661417 -0.299213 0.692913 
vn 0.92126 0.385827 -0.015748 
vn -0.00787402 0.330709 0.944882 
vn 0.92126 0.173228 0.346457 
vn 0.834646 0.0551181 0.543307 
vn 0.905512 -0.15748 0.393701 
vn 0.937008 0.354331 -0.0472441 
vn 0.929134 0.354331 -0.0629921 
vn 0.259843 0.330709 -0.905512 
vn 0.834646 0.543307 0.0393701 
vn 0.220472 0.220472 0.952756 
vn -0.370079 0.771654 -0.519685 
vn -0.850394 0.377953 -0.354331 
vn -0.307087 0.929134 -0.204724 
vn 0.92126 -0.141732 0.362205 
vn 0.409449 0.220472 -0.889764 
vn 0.826772 0.409449 0.393701 
vn 0.322835 0.15748 0.929134 
vn -0.370079 0.913386 0.165354 
vn 0.464567 0.165354 -0.866142 
vn 0.866142 0.299213 0.401575 
vn -0.409449 -0.0314961 0.913386 
vn 0.362205 0.102362 0.929134 
vn 0.133858 0.511811 0.850394 
vn 0.76378 0.622047 -0.15748 
vn 0.669291 0.559055 -0.488189 
vn 0.385827 0.0393701 0.92126 
vn 0.480315 0.125984 -0.866142 
vn 0.889764 0.204724 0.409449 
vn 0.346457 0.385827 0.858268 
vn 0.755906 0.456693 -0.464567 
vn 0.755906 0.456693 -0.464567 
vn 0.685039 -0.141732 0.716535 
vn 0.433071 -0.417323 0.795276 
vn 0.685039 0.0551181 0.724409 
vn 0.472441 0.125984 -0.874016 
vn 0.984252 0.15748 0.0629921 
vn 0.417323 0.322835 0.850394 
vn 0.818898 0.370079 -0.440945 
vn 0.818898 0.370079 -0.440945 
vn 0.661417 0.023622 0.755906 
vn 0.984252 0.149606 0.11811 
vn 0.464567 0.23622 0.858268 
vn 0.850394 0.267717 -0.456693 
vn 0.850394 0.267717 -0.448819 
vn 0.299213 0.645669 0.700787 
vn 0.740157 -0.023622 0.669291 
vn 0.700787 0.519685 -0.496063 
vn 0.952756 0.0787402 0.291339 
vn 0.488189 0.188976 0.850394 
vn 0.866142 0.173228 -0.464567 
vn 0.968504 0.204724 -0.133858 
vn 0.511811 0.535433 0.669291 
vn 0.661417 -0.244094 0.708661 
vn -0.944882 -0.181102 0.259843 
vn 0.574803 0.275591 -0.771654 
vn 0.897638 0 0.433071 
vn 0.96063 0.23622 -0.15748 
vn 0.566929 0.496063 0.653543 
vn 0.472441 -0.204724 0.858268 
vn 0.708661 -0.19685 0.677165 
vn 0.834646 -0.11811 0.535433 
vn 0.834646 -0.0314961 0.551181 
vn 0.0787402 -0.0866142 0.992126 
vn 0.598425 0.228346 -0.771654 
vn 0.984252 0.0708661 0.173228 
vn 0.598425 0.440945 0.669291 
vn 0.874016 -0.401575 0.275591 
vn 0.897638 -0.448819 0.0393701 
vn 0.653543 0.188976 -0.732283 
vn 0.677165 0.15748 -0.724409 
vn 0.984252 0.125984 0.0866142 
vn 0.84252 0.385827 0.370079 
vn 0.92126 -0.322835 -0.212598 
vn 0.92126 -0.220472 -0.322835 
vn 0.889764 0.228346 -0.393701 
vn 0.716535 0.0944882 -0.692913 
vn 0.88189 -0.244094 -0.401575 
vn 0.96063 -0.102362 -0.251969 
vn 0.913386 -0.0787402 -0.393701 
vn 0.88189 0.19685 -0.433071 
vn 0.905512 0.307087 -0.291339 
vn 0.818898 -0.0393701 -0.574803 
vn 0.937008 0.110236 -0.330709 
vn 0.866142 0.173228 -0.472441 
vn 0.889764 0.0629921 -0.448819 
vn -0.779528 0.338583 -0.527559 
vn 0.866142 0.0393701 -0.503937 
vn 0.874016 -0.102362 -0.480315 
vn 0.850394 -0.015748 -0.519685 
vn 0.692913 -0.11811 -0.716535 
vn 0.362205 -0.204724 -0.905512 
vn -0.669291 -0.19685 -0.716535 
vn 0.779528 -0.023622 -0.629921 
vn 0.110236 -0.362205 -0.92126 
vn 0.181102 -0.393701 -0.897638 
vn 0.866142 0.0629921 -0.496063 
vn 0.251969 0.771654 0.582677 
vn -0.314961 0.480315 0.818898 
vn 0.645669 0.488189 -0.582677 
vn 0.0393701 -0.307087 -0.952756 
vn 0.19685 -0.370079 -0.913386 
vn 0.755906 -0.102362 -0.645669 
vn 0.464567 0.653543 0.598425 
vn 0.637795 0.165354 -0.755906 
vn 0.173228 -0.354331 -0.92126 
vn 0.779528 -0.0393701 -0.629921 
vn 0.653543 0.511811 0.551181 
vn -0.0551181 0.448819 0.889764 
vn 0.559055 0.566929 0.606299 
vn -0.149606 0.456693 0.88189 
vn 0.76378 0 -0.645669 
vn 0.472441 0.677165 -0.566929 
vn -0.102362 -0.629921 0.76378 
vn 0.606299 -0.299213 0.732283 
vn 0.433071 -0.535433 0.724409 
vn 0.913386 -0.0866142 0.401575 
vn 0.354331 0.0393701 -0.937008 
vn 0.488189 0.0393701 -0.874016 
vn 0.787402 0.204724 -0.582677 
vn -0.220472 0.0314961 -0.976378 
vn -0.220472 0.0314961 -0.976378 
vn -0.220472 0.0314961 -0.976378 
vn -0.220472 0.023622 -0.976378 
vn -0.0551181 -0.0629921 -1 
vn -0.102362 0.0393701 -0.992126 
vn -0.141732 -0.0393701 -0.992126 
vn -0.181102 -0.102362 -0.976378 
vn 0.267717 0.472441 0.84252 
vn -0.165354 0.897638 -0.401575 
vn -0.204724 0.866142 -0.456693 
vn -0.299213 0.913386 0.275591 
vn -0.204724 0.866142 -0.456693 
vn -0.677165 0.700787 -0.228346 
vn -0.283465 0.850394 -0.440945 
vn -0.141732 -0.0393701 -0.992126 
vn -0.84252 0.448819 -0.299213 
vn -0.283465 0.96063 -0.0551181 
vn -0.92126 -0.393701 0.0314961 
vn -0.937008 -0.322835 -0.125984 
vn -0.968504 -0.204724 -0.125984 
vn -0.897638 -0.440945 -0.0393701 
vn 0.708661 0.511811 0.480315 
vn 0.141732 0.527559 0.834646 
vn 0.708661 0.511811 0.480315 
vn 0.598425 -0.212598 -0.771654 
vn 0.661417 -0.204724 -0.724409 
vn 0.866142 0.283465 -0.409449 
vn 0.708661 0.330709 -0.622047 
vn -0.220472 0.023622 -0.976378 
vn 0.779528 0.283465 -0.559055 
vn 0.968504 0.244094 -0.0393701 
vn 0.637795 0.370079 -0.677165 
vn 0.322835 0.0472441 -0.944882 
vn 0.645669 0.188976 -0.740157 
vn 0.165354 -0.102362 -0.984252 
vn 0.645669 0.582677 0.496063 
vn -0.866142 -0.425197 -0.267717 
vn -0.834646 -0.307087 -0.456693 
vn -0.496063 -0.417323 -0.755906 
vn -0.456693 -0.370079 -0.811024 
vn -0.448819 -0.370079 -0.811024 
vn -0.559055 -0.401575 -0.724409 
vn -0.102362 0.0393701 -0.992126 
vn 0.0393701 -0.0866142 -0.992126 
vn -0.559055 -0.401575 -0.724409 
vn -0.330709 0.566929 -0.755906 
vn -0.330709 0.566929 -0.755906 
vn -0.330709 0.566929 -0.755906 
vn -0.96063 -0.19685 -0.188976 
vn -0.251969 0.0787402 -0.968504 
vn -0.291339 0 -0.96063 
vn -0.850394 0.377953 -0.354331 
vn -0.834646 0.448819 -0.322835 
vn 0.259843 0.330709 -0.905512 
vn -0.251969 0.0787402 -0.968504 
vn -0.275591 -0.0551181 -0.96063 
vn -0.543307 -0.102362 -0.834646 
vn -0.370079 0.771654 -0.519685 
vn -0.850394 0.377953 -0.354331 
vn -0.976378 0.125984 0.165354 
vn 0.409449 0.220472 -0.889764 
vn -0.275591 -0.0551181 -0.96063 
vn 0.464567 0.165354 -0.866142 
vn 0.464567 0.165354 -0.866142 
vn -0.244094 -0.015748 -0.968504 
vn 0.464567 0.165354 -0.866142 
vn 0.669291 0.559055 -0.488189 
vn 0.0944882 0.244094 -0.968504 
vn -0.314961 -0.23622 -0.92126 
vn -0.322835 -0.204724 -0.92126 
vn -0.346457 -0.228346 -0.913386 
vn 0.480315 0.125984 -0.866142 
vn -0.244094 -0.015748 -0.968504 
vn 0.0944882 0.244094 -0.968504 
vn -0.401575 -0.212598 -0.889764 
vn 0.755906 0.456693 -0.464567 
vn -0.346457 -0.228346 -0.913386 
vn 0.472441 0.125984 -0.874016 
vn -0.220472 0.0314961 -0.976378 
vn 0.818898 0.370079 -0.440945 
vn 0.818898 0.370079 -0.440945 
vn -0.314961 -0.23622 -0.92126 
vn -0.322835 -0.181102 -0.929134 
vn -0.322835 -0.181102 -0.929134 
vn 0.850394 0.267717 -0.448819 
vn -0.322835 -0.181102 -0.929134 
vn 0.700787 0.519685 -0.496063 
vn 0.866142 0.173228 -0.464567 
vn 0.338583 0 -0.937008 
vn 0.338583 0 -0.937008 
vn 0.574803 0.275591 -0.771654 
vn -0.937008 0.125984 -0.330709 
vn 0.598425 0.228346 -0.771654 
vn 0.598425 0.23622 -0.76378 
vn 0.322835 0.0472441 -0.944882 
vn 0.598425 0.440945 0.669291 
vn -0.496063 -0.417323 -0.755906 
vn 0.653543 0.188976 -0.732283 
vn 0.677165 0.15748 -0.724409 
vn 0.645669 0.582677 0.496063 
vn -0.874016 -0.456693 -0.165354 
vn 0.716535 0.0944882 -0.692913 
vn -0.456693 -0.370079 -0.811024 
vn 0.88189 -0.244094 -0.401575 
vn 0.96063 -0.102362 -0.251969 
vn -0.677165 -0.354331 -0.637795 
vn 0.88189 0.19685 -0.433071 
vn -0.448819 -0.370079 -0.811024 
vn 0.905512 0.307087 -0.291339 
vn -0.84252 -0.204724 -0.503937 
vn -0.677165 -0.354331 -0.637795 
vn 0.818898 -0.0393701 -0.574803 
vn -0.496063 -0.291339 -0.818898 
vn -0.858268 -0.204724 -0.472441 
vn -0.496063 -0.291339 -0.818898 
vn -0.370079 -0.251969 -0.897638 
vn -0.897638 0 -0.440945 
vn 0.165354 -0.102362 -0.984252 
vn 0.889764 0.0629921 -0.448819 
vn -0.370079 -0.251969 -0.897638 
vn -0.440945 -0.181102 -0.88189 
vn -0.952756 0.0944882 -0.291339 
vn -0.779528 0.338583 -0.527559 
vn -0.92126 0.23622 -0.314961 
vn -0.440945 -0.181102 -0.88189 
vn 0.291339 -0.299213 -0.905512 
vn -0.984252 0.0708661 -0.165354 
vn -0.551181 -0.0944882 -0.826772 
vn -0.590551 0.488189 -0.637795 
vn -0.779528 0.338583 -0.527559 
vn -0.511811 0.700787 -0.488189 
vn -0.590551 -0.503937 -0.629921 
vn -0.614173 -0.472441 -0.629921 
vn -0.661417 -0.377953 -0.645669 
vn -0.551181 -0.0944882 -0.826772 
vn 0.291339 -0.204724 -0.937008 
vn -0.669291 -0.19685 -0.716535 
vn 0.692913 -0.11811 -0.716535 
vn 0.362205 -0.204724 -0.905512 
vn -0.669291 -0.19685 -0.716535 
vn -0.913386 -0.393701 0.0629921 
vn 0.779528 -0.023622 -0.629921 
vn 0.110236 -0.362205 -0.92126 
vn -0.661417 -0.377953 -0.645669 
vn -0.92126 -0.385827 -0.015748 
vn -0.244094 -0.19685 -0.952756 
vn -0.0866142 -0.251969 -0.968504 
vn -0.614173 -0.472441 -0.629921 
vn 0.181102 -0.393701 -0.897638 
vn 0.866142 0.0629921 -0.496063 
vn 0.645669 0.488189 -0.582677 
vn 0.0393701 -0.307087 -0.952756 
vn 0.110236 -0.330709 -0.937008 
vn -0.543307 -0.503937 -0.669291 
vn -0.574803 -0.488189 -0.653543 
vn 0.19685 -0.370079 -0.913386 
vn -0.574803 -0.488189 -0.653543 
vn 0.637795 0.165354 -0.755906 
vn 0.173228 -0.354331 -0.92126 
vn -0.543307 -0.503937 -0.669291 
vn 0.110236 -0.330709 -0.937008 
vn 0.354331 0.0393701 -0.937008 
vn 0.787402 0.204724 -0.582677 
vn -0.220472 0.0314961 -0.976378 
vn -0.220472 0.023622 -0.976378 
vn 0.661417 0.0393701 0.748031 
vn -0.92126 0.244094 -0.299213 
vn -0.755906 0.370079 -0.543307 
vn -0.653543 0.590551 -0.472441 
vn -0.141732 -0.0393701 -0.992126 
vn -0.181102 -0.102362 -0.976378 
vn -0.874016 0.377953 0.299213 
vn -0.850394 0.503937 -0.11811 
vn -0.181102 0.637795 0.748031 
vn -0.417323 0.480315 0.771654 
vn -0.110236 0.362205 0.92126 
vn 0.220472 0.614173 0.755906 
vn 0.0551181 0.795276 0.606299 
vn -0.425197 0.724409 0.543307 
vn -0.503937 0.590551 0.629921 
vn -0.212598 0.866142 0.456693 
vn 0.267717 0.472441 0.84252 
vn -0.456693 0.771654 -0.448819 
vn 0.267717 0.472441 0.84252 
vn 0.401575 0.338583 0.850394 
vn -0.0944882 0.795276 0.606299 
vn 0.480315 0.795276 0.362205 
vn 0.795276 0.559055 0.244094 
vn 0.480315 0.795276 0.362205 
vn -0.283465 0.913386 0.299213 
vn -0.212598 0.905512 0.362205 
vn -0.299213 0.913386 0.275591 
vn -0.385827 0.905512 0.188976 
vn -0.165354 0.897638 -0.401575 
vn -0.204724 0.866142 -0.456693 
vn -0.212598 0.905512 0.362205 
vn -0.850394 0.496063 0.173228 
vn -0.204724 0.866142 -0.456693 
vn -0.677165 0.700787 -0.228346 
vn -0.370079 0.661417 -0.653543 
vn -0.283465 0.850394 -0.440945 
vn -0.283465 0.96063 -0.0551181 
vn -0.338583 0.944882 0.0393701 
vn -0.748031 0.511811 0.417323 
vn -0.850394 0.377953 0.362205 
vn -0.968504 -0.204724 -0.125984 
vn -0.314961 0.480315 0.818898 
vn 0.708661 0.511811 0.480315 
vn 0.897638 0.448819 0 
vn 0.141732 0.527559 0.834646 
vn 0.708661 0.511811 0.480315 
vn -0.354331 0.551181 0.755906 
vn -0.874016 0.480315 -0.0629921 
vn -0.88189 0.433071 0.181102 
vn 0.818898 0.496063 0.283465 
vn -0.220472 0.023622 -0.976378 
vn 0.779528 0.283465 -0.559055 
vn 0.818898 0.496063 -0.291339 
vn 0.80315 0.574803 -0.15748 
vn 0.566929 0.779528 -0.259843 
vn 0.566929 0.779528 -0.259843 
vn -0.401575 0.866142 -0.299213 
vn -0.700787 0.692913 -0.173228 
vn -0.212598 0.866142 0.456693 
vn 0.0551181 0.795276 0.606299 
vn 0.385827 0.905512 -0.173228 
vn -0.401575 0.866142 -0.299213 
vn -0.330709 0.566929 -0.755906 
vn -0.330709 0.566929 -0.755906 
vn -0.330709 0.566929 -0.755906 
vn 0.220472 0.614173 0.755906 
vn 0.401575 0.818898 -0.417323 
vn -0.330709 0.566929 -0.755906 
vn 0.929134 0.354331 -0.0629921 
vn 0.834646 0.543307 0.0393701 
vn -0.370079 0.771654 -0.519685 
vn -0.850394 0.377953 -0.354331 
vn -0.866142 0.448819 0.220472 
vn -0.307087 0.929134 -0.204724 
vn -0.716535 0.685039 0.0866142 
vn 0.551181 0.448819 0.700787 
vn -0.370079 0.913386 0.165354 
vn -0.826772 0.496063 0.259843 
vn 0.133858 0.511811 0.850394 
vn 0.76378 0.622047 -0.15748 
vn 0.433071 -0.417323 0.795276 
vn 0.818898 0.370079 -0.440945 
vn 0.456693 0.0787402 0.889764 
vn -0.19685 0.267717 0.944882 
vn 0.299213 0.645669 0.700787 
vn 0.700787 0.519685 -0.496063 
vn 0.952756 0.0787402 0.291339 
vn 0.511811 0.535433 0.669291 
vn -0.125984 0.19685 0.968504 
vn -0.937008 0.125984 -0.330709 
vn 0.322835 0.0472441 -0.944882 
vn 0.645669 0.582677 0.496063 
vn 0.165354 -0.102362 -0.984252 
vn 0.889764 0.0629921 -0.448819 
vn -0.779528 0.338583 -0.527559 
vn -0.590551 0.488189 -0.637795 
vn -0.779528 0.338583 -0.527559 
vn -0.771654 0.574803 -0.283465 
vn -0.511811 0.700787 -0.488189 
vn -0.511811 0.84252 -0.188976 
vn -0.346457 0.590551 0.732283 
vn 0.251969 0.771654 0.582677 
vn -0.314961 0.480315 0.818898 
vn 0.645669 0.488189 -0.582677 
vn 0.464567 0.653543 0.598425 
vn -0.220472 0.433071 0.874016 
vn 0.559055 0.566929 0.606299 
vn -0.149606 0.456693 0.88189 
vn 0.76378 0 -0.645669 
vn 0.472441 0.677165 -0.566929 
vn 0.433071 0.716535 -0.543307 
vn -0.889764 0.125984 -0.433071 
vn 0.433071 0.716535 -0.543307 
vn -0.220472 0.0314961 -0.976378 
vn -0.220472 0.0314961 -0.976378 
vn -0.92126 0.244094 -0.299213 
vn -0.96063 0.0314961 -0.283465 
vn -0.755906 0.370079 -0.543307 
vn -0.653543 0.590551 -0.472441 
vn -0.141732 0.19685 0.968504 
vn -0.858268 0.456693 0.228346 
vn -0.826772 0.496063 0.259843 
vn -0.866142 0.448819 0.220472 
vn -0.889764 0.417323 0.188976 
vn -0.874016 0.377953 0.299213 
vn -0.897638 0.385827 0.212598 
vn -0.929134 0.338583 0.165354 
vn -0.984252 0.11811 0.133858 
vn -0.944882 0.307087 0.11811 
vn -0.952756 0.283465 0.0944882 
vn -0.929134 0.307087 0.19685 
vn -0.850394 0.503937 -0.11811 
vn -0.992126 -0.0314961 0.11811 
vn -0.937008 -0.307087 0.181102 
vn -0.818898 -0.496063 0.275591 
vn -0.181102 0.637795 0.748031 
vn -0.417323 0.480315 0.771654 
vn -0.110236 0.362205 0.92126 
vn 0.220472 0.614173 0.755906 
vn -0.425197 0.724409 0.543307 
vn -0.503937 0.590551 0.629921 
vn -0.212598 0.866142 0.456693 
vn 0.267717 0.472441 0.84252 
vn -0.456693 0.771654 -0.448819 
vn 0.267717 0.472441 0.84252 
vn -0.0944882 0.795276 0.606299 
vn -0.212598 0.905512 0.362205 
vn -0.850394 0.496063 0.173228 
vn -0.818898 0.519685 0.228346 
vn -0.299213 0.913386 0.275591 
vn -0.204724 0.866142 -0.456693 
vn -0.677165 0.700787 -0.228346 
vn -0.141732 -0.0393701 -0.992126 
vn -0.84252 0.448819 -0.299213 
vn -0.88189 0.354331 -0.314961 
vn -0.370079 0.661417 -0.653543 
vn -0.338583 0.944882 0.0393701 
vn -0.795276 0.582677 0.149606 
vn -0.92126 -0.393701 0.0314961 
vn -0.889764 -0.267717 0.370079 
vn -0.897638 0.401575 0.188976 
vn -0.748031 0.511811 0.417323 
vn -0.850394 0.377953 0.362205 
vn -0.976378 0.188976 0.11811 
vn -0.952756 -0.251969 -0.173228 
vn -0.937008 -0.322835 -0.125984 
vn -0.968504 -0.204724 -0.125984 
vn -0.905512 -0.433071 -0.015748 
vn -0.897638 -0.440945 -0.0393701 
vn -0.0866142 0.212598 0.976378 
vn 0.023622 0.496063 0.866142 
vn -0.291339 0.448819 0.84252 
vn -0.19685 0.433071 0.88189 
vn -0.314961 0.480315 0.818898 
vn 0.141732 0.527559 0.834646 
vn 0.708661 0.511811 0.480315 
vn -0.346457 0.590551 0.732283 
vn -0.354331 0.551181 0.755906 
vn -0.874016 0.480315 -0.0629921 
vn -0.976378 0.19685 -0.0393701 
vn -0.952756 0.283465 -0.133858 
vn -0.88189 0.433071 0.181102 
vn -0.84252 0.314961 0.440945 
vn -0.929134 0.377953 -0.0314961 
vn -0.204724 -0.425197 0.88189 
vn 0.0944882 -0.551181 0.826772 
vn -0.574803 -0.559055 0.598425 
vn -0.96063 -0.267717 0.0551181 
vn -0.897638 -0.433071 -0.0472441 
vn -0.795276 -0.464567 0.385827 
vn -0.874016 -0.385827 0.291339 
vn -0.968504 -0.220472 -0.125984 
vn -0.905512 -0.267717 -0.322835 
vn -0.866142 -0.425197 -0.267717 
vn -0.834646 -0.307087 -0.456693 
vn -0.456693 -0.370079 -0.811024 
vn -0.700787 0.692913 -0.173228 
vn -0.330709 0.566929 -0.755906 
vn -0.330709 0.566929 -0.755906 
vn -0.330709 0.566929 -0.755906 
vn -0.976378 0.0708661 0.19685 
vn -0.866142 -0.133858 0.480315 
vn -1 -0.0787402 -0.0393701 
vn -0.551181 0.0314961 0.834646 
vn -0.92126 -0.212598 0.322835 
vn -0.96063 -0.19685 -0.188976 
vn -0.251969 0.0787402 -0.968504 
vn -0.291339 0 -0.96063 
vn -0.472441 -0.0314961 0.88189 
vn -0.850394 0.377953 -0.354331 
vn -0.834646 0.448819 -0.322835 
vn -0.897638 -0.267717 0.346457 
vn -0.543307 -0.102362 -0.834646 
vn -0.716535 0.685039 0.0866142 
vn -0.897638 0.0551181 -0.433071 
vn -0.976378 0.125984 0.165354 
vn -0.913386 -0.141732 0.377953 
vn -0.409449 -0.0314961 0.913386 
vn -0.88189 0.188976 0.425197 
vn -0.866142 0.0551181 0.496063 
vn -0.314961 -0.23622 -0.92126 
vn -0.322835 -0.204724 -0.92126 
vn -0.535433 0.125984 0.834646 
vn -0.401575 -0.212598 -0.889764 
vn -0.937008 -0.338583 0.102362 
vn -0.850394 -0.283465 0.448819 
vn 0.433071 -0.417323 0.795276 
vn -0.23622 0.023622 0.968504 
vn -0.503937 0.314961 0.80315 
vn -0.283465 0.015748 0.96063 
vn -0.322835 -0.181102 -0.929134 
vn -0.80315 -0.267717 0.527559 
vn -0.346457 -0.622047 0.700787 
vn -0.622047 -0.511811 0.598425 
vn 0.456693 0.0787402 0.889764 
vn -0.818898 -0.173228 0.543307 
vn -0.661417 -0.448819 0.598425 
vn 0.952756 0.0787402 0.291339 
vn -0.944882 -0.181102 0.259843 
vn -0.937008 0.125984 -0.330709 
vn 0.11811 -0.11811 0.984252 
vn -0.826772 -0.425197 0.377953 
vn -0.968504 0.244094 0 
vn -1 0.00787402 0.015748 
vn -0.88189 -0.472441 0 
vn -0.976378 0.212598 -0.0629921 
vn -0.992126 0.023622 -0.125984 
vn 0.645669 0.582677 0.496063 
vn -0.874016 -0.456693 -0.165354 
vn -0.96063 0.110236 -0.244094 
vn -0.937008 -0.0708661 -0.346457 
vn -0.677165 -0.354331 -0.637795 
vn -0.84252 -0.204724 -0.503937 
vn -0.858268 -0.204724 -0.472441 
vn -0.952756 0.291339 0.0472441 
vn -0.976378 0.19685 -0.11811 
vn -0.897638 0 -0.440945 
vn -0.440945 -0.181102 -0.88189 
vn -0.952756 0.0944882 -0.291339 
vn -0.771654 0.574803 -0.283465 
vn -0.779528 0.338583 -0.527559 
vn -0.92126 0.23622 -0.314961 
vn -0.937008 0.23622 -0.244094 
vn -0.984252 0.0708661 -0.165354 
vn -0.590551 0.488189 -0.637795 
vn -0.779528 0.338583 -0.527559 
vn -0.771654 0.574803 -0.283465 
vn -0.629921 -0.464567 -0.622047 
vn -0.590551 -0.503937 -0.629921 
vn -0.614173 -0.472441 -0.629921 
vn -0.661417 -0.377953 -0.645669 
vn -0.669291 -0.19685 -0.716535 
vn -0.511811 0.84252 -0.188976 
vn -0.913386 -0.393701 0.0629921 
vn -0.92126 -0.204724 0.338583 
vn -0.984252 -0.173228 -0.0472441 
vn -0.92126 -0.385827 -0.015748 
vn -0.92126 -0.377953 -0.015748 
vn -0.314961 0.480315 0.818898 
vn -0.0866142 -0.251969 -0.968504 
vn 0.110236 -0.330709 -0.937008 
vn -0.307087 -0.692913 0.653543 
vn -0.322835 -0.716535 0.614173 
vn -0.984252 -0.110236 -0.149606 
vn -0.889764 0.125984 -0.433071 

vt 11.9942 -59.061 
vt 11.9722 -59.0607 
vt 11.9649 -58.9831 
vt 11.9823 -58.9962 
vt 11.9931 -58.977 
vt 11.9802 -58.9608 
vt 12.0434 -58.9579 
vt 12.0457 -59.1515 
vt 12.0207 -59.137 
vt 12.0317 -59.1516 
vt 12.0401 -59.1414 
vt 12.0257 -59.1222 
vt 12.0326 -59.1894 
vt 12.0272 -59.1985 
vt 11.9961 -59.0647 
vt 12.0455 -58.949 
vt 12.0404 -59.0178 
vt 12.0463 -59.0104 
vt 12.0383 -59.0072 
vt 12.0328 -59.011 
vt 12.0287 -59.0151 
vt 12.0477 -59.02 
vt 12.0524 -59.0129 
vt 12.0056 -58.9705 
vt 11.9942 -58.9555 
vt 12.0056 -58.9705 
vt 11.9931 -58.977 
vt 12.0082 -58.9834 
vt 12.0081 -59.1814 
vt 11.9993 -59.1852 
vt 12.0151 -59.1727 
vt 12.0081 -59.1814 
vt 12.0332 -59.1659 
vt 12.0412 -59.1628 
vt 12.0412 -59.1628 
vt 12.0471 -59.1541 
vt 12.047 -59.1332 
vt 12.0038 -59.0565 
vt 12.0227 -59.0792 
vt 12.0362 -59.1111 
vt 11.9997 -59.1012 
vt 12.012 -59.1238 
vt 12.0092 -59.0887 
vt 11.9979 -59.0417 
vt 12.0035 -59.0551 
vt 12.0124 -59.0485 
vt 12.0349 -59.0894 
vt 12.0226 -59.0722 
vt 12.0174 -59.0847 
vt 12.028 -59.0987 
vt 12.0108 -59.0723 
vt 11.9904 -59.0255 
vt 12.0105 -59.0312 
vt 11.9904 -59.0255 
vt 12.0364 -59.105 
vt 12.0406 -59.0985 
vt 11.9604 -59.0468 
vt 11.9604 -59.0555 
vt 11.9733 -59.0622 
vt 11.9722 -59.0607 
vt 11.9522 -59.0312 
vt 11.9813 -59.0535 
vt 11.9694 -59.0457 
vt 11.9608 -58.8334 
vt 12.0046 -58.8436 
vt 11.9871 -58.8662 
vt 12.0022 -58.8657 
vt 12.0285 -58.8638 
vt 12.0216 -58.8717 
vt 11.9913 -59.0811 
vt 12.0287 -59.0151 
vt 12.0504 -58.9982 
vt 12.0105 -59.1551 
vt 12.0016 -59.1657 
vt 12.0328 -59.011 
vt 12.0287 -59.0013 
vt 12.052 -58.9821 
vt 12.0386 -58.9973 
vt 12.0004 -59.129 
vt 11.9937 -59.1456 
vt 12.0016 -59.1657 
vt 11.9915 -59.1733 
vt 12.0278 -59.193 
vt 12.0257 -58.9881 
vt 12.0384 -58.9821 
vt 11.9937 -59.1456 
vt 11.9831 -59.1544 
vt 12.0223 -58.9766 
vt 12.0199 -59.0242 
vt 11.9927 -59.0909 
vt 11.9733 -59.0622 
vt 11.9886 -59.1283 
vt 11.9761 -59.1327 
vt 11.9827 -59.1022 
vt 11.9886 -59.1283 
vt 12.0197 -59.2027 
vt 12.0272 -59.1985 
vt 12.0362 -58.9691 
vt 11.9917 -59.055 
vt 11.9827 -59.1022 
vt 11.9697 -59.1071 
vt 12.0187 -59.185 
vt 12.0104 -59.1918 
vt 11.9929 -59.0271 
vt 11.9766 -59.0526 
vt 11.9792 -59.0819 
vt 11.9792 -59.0819 
vt 11.965 -59.0823 
vt 11.9991 -59.1736 
vt 12.008 -59.1661 
vt 12.0261 -59.1733 
vt 11.9928 -58.9252 
vt 12.013 -58.9343 
vt 12.012 -58.9109 
vt 11.998 -59.104 
vt 11.9811 -59.0933 
vt 11.9881 -59.117 
vt 11.9979 -59.0028 
vt 12.0121 -59.1475 
vt 11.9994 -59.148 
vt 12.008 -59.1661 
vt 11.9772 -59.0241 
vt 11.9766 -59.0526 
vt 11.9616 -59.0531 
vt 11.9879 -59.1513 
vt 11.9994 -59.148 
vt 11.9831 -59.1514 
vt 12.0306 -58.9301 
vt 12.0322 -58.9096 
vt 11.9823 -58.9962 
vt 11.9772 -59.0241 
vt 11.9612 -59.022 
vt 12.0187 -59.185 
vt 11.9881 -59.117 
vt 11.9762 -59.1205 
vt 12.0317 -59.1516 
vt 12.0236 -59.156 
vt 12.0153 -58.8848 
vt 11.995 -58.8893 
vt 11.9748 -58.929 
vt 12.0325 -58.8816 
vt 11.9515 -59.0259 
vt 11.9811 -59.0933 
vt 11.9678 -59.0901 
vt 12.0129 -59.1416 
vt 12.0207 -59.137 
vt 11.9773 -58.8946 
vt 12.0002 -59.0611 
vt 12.012 -59.1238 
vt 12.0022 -59.1249 
vt 11.9757 -58.8356 
vt 11.9682 -58.8689 
vt 11.9992 -58.8059 
vt 11.9794 -58.8041 
vt 12.0095 -58.8002 
vt 11.9997 -59.1012 
vt 11.9901 -59.1028 
vt 11.9813 -59.0535 
vt 11.9913 -59.0811 
vt 11.9797 -59.077 
vt 11.9595 -59.0234 
vt 12.028 -59.0987 
vt 12.0096 -59.0878 
vt 12.031 -58.9448 
vt 12.0153 -58.9511 
vt 12.0335 -58.9579 
vt 12.0187 -58.9652 
vt 11.903 -59.0455 
vt 11.8462 -59.0383 
vt 12.0478 -59.0038 
vt 12.0609 -59.016 
vt 11.9643 -59.0046 
vt 11.9507 -59.0022 
vt 11.961 -59.0285 
vt 11.9488 -59.0216 
vt 11.9887 -59.028 
vt 11.8557 -59.0504 
vt 11.8677 -59.052 
vt 11.9805 -59.0141 
vt 11.9946 -58.9992 
vt 11.9912 -59.0105 
vt 11.8644 -59.0257 
vt 11.8615 -59.0384 
vt 11.8769 -59.0223 
vt 12.0904 -59.0199 
vt 11.8735 -59.0362 
vt 11.9055 -59.013 
vt 11.9203 -59.012 
vt 11.9071 -59.0306 
vt 11.9274 -59.0322 
vt 11.9481 -59.0325 
vt 11.9698 -59.0478 
vt 12.0395 -59.0002 
vt 11.9729 -58.9794 
vt 11.9874 -58.9751 
vt 12.0143 -58.9723 
vt 12.0459 -58.9727 
vt 12.0658 -58.9777 
vt 11.8802 -59.0505 
vt 11.8949 -59.031 
vt 11.8895 -59.0486 
vt 11.8841 -59.0335 
vt 12.0517 -59.0073 
vt 12.069 -58.9973 
vt 11.9712 -58.9992 
vt 11.9884 -59.0095 
vt 12.0195 -59.0144 
vt 11.9189 -59.0176 
vt 11.9196 -59.0302 
vt 11.9226 -59.0062 
vt 12.041 -58.9831 
vt 12.0487 -58.9962 
vt 12.0565 -58.9608 
vt 11.8992 -59.1515 
vt 11.8973 -59.1552 
vt 12.097 -58.949 
vt 12.1538 -59.0072 
vt 12.0636 -58.9705 
vt 12.0684 -58.9555 
vt 12.0636 -58.9705 
vt 12.0705 -58.9741 
vt 12.0767 -58.9642 
vt 12.0218 -59.1876 
vt 12.0318 -59.1814 
vt 12.0316 -59.1852 
vt 12.0123 -59.1843 
vt 12.0094 -59.1808 
vt 11.9051 -59.1635 
vt 11.9159 -59.1659 
vt 11.9208 -59.1628 
vt 11.8993 -59.0357 
vt 11.9064 -59.0417 
vt 11.9138 -59.0255 
vt 11.9079 -59.0164 
vt 11.9138 -59.0255 
vt 11.9203 -58.9328 
vt 11.9199 -58.9012 
vt 11.9119 -58.9274 
vt 11.9921 -58.9669 
vt 11.9835 -58.9328 
vt 11.9813 -58.9678 
vt 11.9527 -58.957 
vt 11.9482 -58.9192 
vt 11.9434 -58.9502 
vt 12.0202 -58.9572 
vt 12.0162 -58.9271 
vt 12.0087 -58.9636 
vt 11.9701 -58.9655 
vt 11.9642 -58.9998 
vt 11.9605 -59.028 
vt 11.9764 -59.0288 
vt 11.9785 -59.0019 
vt 11.9952 -59.0468 
vt 11.9921 -59.0318 
vt 11.9897 -59.0555 
vt 11.9956 -59.0622 
vt 12.001 -59.0468 
vt 12.001 -59.0607 
vt 12.0065 -59.0551 
vt 12.0051 -59.0312 
vt 11.9559 -59.0408 
vt 11.9594 -59.0512 
vt 11.9145 -59.0131 
vt 11.9125 -58.9984 
vt 11.9513 -59.0535 
vt 11.951 -59.0386 
vt 11.945 -59.0457 
vt 11.9861 -58.872 
vt 12.0134 -58.8737 
vt 12.0132 -58.8334 
vt 11.987 -58.8304 
vt 12.0837 -58.9755 
vt 12.1438 -59.0215 
vt 12.1311 -59.0178 
vt 12.1073 -59.0099 
vt 12.148 -59.0151 
vt 12.1401 -59.0091 
vt 12.1149 -59.0084 
vt 12.1073 -59.0099 
vt 12.1522 -59.011 
vt 12.147 -59.0013 
vt 12.1264 -58.9985 
vt 12.0348 -59.1733 
vt 12.094 -58.9633 
vt 12.0861 -58.9475 
vt 12.1356 -58.9881 
vt 12.1129 -58.9882 
vt 12.101 -58.9978 
vt 12.0109 -59.1724 
vt 12.023 -59.1759 
vt 12.0365 -59.1544 
vt 11.9493 -59.1981 
vt 11.9486 -59.193 
vt 11.9591 -59.2035 
vt 12.1231 -58.9766 
vt 12.0105 -59.1536 
vt 12.0235 -59.1572 
vt 12.0375 -59.1327 
vt 11.9703 -59.2027 
vt 12.0103 -59.1321 
vt 12.0239 -59.1345 
vt 12.0442 -59.1022 
vt 12.0386 -59.1071 
vt 11.9743 -59.1918 
vt 11.9605 -59.1925 
vt 11.9485 -59.1863 
vt 12.0383 -59.0823 
vt 12.01 -59.1071 
vt 12.0243 -59.1087 
vt 11.9776 -59.1736 
vt 11.9631 -59.1743 
vt 11.9501 -59.1689 
vt 12.0725 -58.9252 
vt 12.0945 -58.9343 
vt 12.0373 -59.0531 
vt 12.0091 -59.0836 
vt 12.0239 -59.0836 
vt 11.9807 -59.1513 
vt 11.9659 -59.1514 
vt 11.9523 -59.1478 
vt 12.0378 -59.022 
vt 12.0226 -59.0549 
vt 11.9842 -59.1205 
vt 11.9688 -59.1201 
vt 11.9547 -59.1171 
vt 11.9197 -59.156 
vt 12.0546 -58.929 
vt 11.906 -59.1524 
vt 12.0222 -59.0259 
vt 11.9864 -59.0901 
vt 11.9573 -59.0862 
vt 11.9713 -59.0883 
vt 11.923 -59.1416 
vt 12.0496 -58.8946 
vt 12.0302 -58.8902 
vt 11.9085 -59.1377 
vt 12.0226 -58.9929 
vt 11.9741 -59.0546 
vt 11.9268 -59.1249 
vt 12.0295 -58.8356 
vt 12.0317 -58.8689 
vt 12.0336 -58.9057 
vt 12.0337 -58.9403 
vt 12.0271 -58.8041 
vt 11.9122 -59.1204 
vt 12.0068 -58.9987 
vt 11.9325 -59.1028 
vt 12.0126 -58.7994 
vt 11.9857 -58.7971 
vt 11.9175 -59.0982 
vt 11.907 -59.0896 
vt 11.9925 -59.0014 
vt 11.9385 -59.077 
vt 11.9541 -58.7965 
vt 11.955 -58.8263 
vt 11.9237 -59.0715 
vt 11.9129 -59.0636 
vt 11.9313 -58.8237 
vt 11.9342 -58.7989 
vt 11.9536 -58.8639 
vt 11.9302 -59.0403 
vt 11.9486 -59.0234 
vt 11.9284 -58.8559 
vt 11.9505 -58.9935 
vt 11.9347 -59.0138 
vt 11.9386 -58.9851 
vt 11.8495 -59.093 
vt 11.9279 -58.9763 
vt 11.935 -58.9428 
vt 11.9162 -58.968 
vt 11.9055 -58.9614 
vt 11.8916 -58.9857 
vt 11.8903 -58.9869 
vt 11.9001 -58.9896 
vt 11.8848 -59.0057 
vt 11.8771 -59.0224 
vt 11.8942 -59.0102 
vt 11.865 -59.1024 
vt 11.8736 -59.0987 
vt 11.8532 -59.0973 
vt 11.8529 -59.0728 
vt 11.8693 -59.0387 
vt 11.8865 -59.0285 
vt 11.8736 -59.0878 
vt 11.8605 -59.0823 
vt 11.8608 -59.0568 
vt 11.8783 -59.0463 
vt 11.8913 -59.0533 
vt 11.9001 -59.0551 
vt 11.8823 -59.0713 
vt 11.8904 -59.0723 
vt 11.8695 -59.0649 
vt 12.0927 -58.9888 
vt 12.1051 -58.9448 
vt 12.1035 -58.9511 
vt 12.1125 -58.9652 
vt 12.1026 -58.9775 
vt 12.0214 -59.0176 
vt 12.022 -59.0302 
vt 12.0306 -59.0062 
vt 12.0058 -59.061 
vt 12.0096 -59.0924 
vt 12.0241 -59.0849 
vt 12.0278 -59.0607 
vt 11.9701 -59.1429 
vt 11.9604 -59.135 
vt 11.9543 -59.1515 
vt 11.9626 -59.1552 
vt 11.9944 -58.9705 
vt 12.002 -59.1843 
vt 11.9938 -59.1808 
vt 11.9919 -59.1814 
vt 11.9938 -59.1808 
vt 11.9865 -59.1738 
vt 11.9649 -59.1635 
vt 11.9543 -59.1515 
vt 11.9487 -59.1447 
vt 11.9668 -59.1659 
vt 11.954 -59.1294 
vt 11.9821 -59.0725 
vt 11.9882 -59.0395 
vt 11.9663 -59.1072 
vt 12.0096 -59.0255 
vt 11.9895 -59.0312 
vt 12.0096 -59.0255 
vt 12.0225 -58.9012 
vt 12.0241 -58.9274 
vt 12.0439 -59.028 
vt 12.0399 -59.0468 
vt 12.0278 -59.0607 
vt 12.0409 -59.0551 
vt 12.0478 -59.0312 
vt 12.034 -59.0408 
vt 12.0209 -59.056 
vt 12.0355 -59.0512 
vt 12.0084 -59.0317 
vt 12.0187 -59.0535 
vt 11.9785 -58.8268 
vt 11.9743 -58.8531 
vt 11.9774 -59.105 
vt 11.9896 -59.082 
vt 11.9982 -59.0615 
vt 11.9693 -59.1184 
vt 11.9604 -59.135 
vt 11.9793 -59.1279 
vt 11.9693 -59.1184 
vt 11.9638 -59.0099 
vt 11.949 -59.0017 
vt 11.946 -59.0105 
vt 11.9859 -59.1529 
vt 12.0008 -59.1659 
vt 11.9895 -59.1627 
vt 11.9722 -59.193 
vt 11.9666 -59.1846 
vt 12.01 -59.1724 
vt 12.0008 -59.1659 
vt 12.0098 -59.1444 
vt 12.0053 -59.1236 
vt 11.9799 -59.1981 
vt 11.9722 -59.193 
vt 12.0003 -59.0572 
vt 12.0184 -59.1536 
vt 12.0098 -59.1444 
vt 12.0257 -59.1321 
vt 12.0153 -59.1272 
vt 12.0207 -59.1029 
vt 12.0153 -59.1272 
vt 11.989 -59.1863 
vt 11.9803 -59.1773 
vt 11.9995 -59.1422 
vt 11.9869 -59.1419 
vt 11.9914 -59.1589 
vt 12.0321 -59.1071 
vt 12.0207 -59.1029 
vt 11.9803 -59.1773 
vt 11.9729 -59.1675 
vt 12.0005 -59.1689 
vt 11.9914 -59.1589 
vt 12.0366 -59.0836 
vt 12.0241 -59.0849 
vt 12.0169 -59.1514 
vt 12.0112 -59.1478 
vt 11.9995 -59.1422 
vt 12.0094 -59.1115 
vt 11.9996 -59.099 
vt 12.0218 -59.1171 
vt 12.0094 -59.1115 
vt 11.9766 -59.1524 
vt 12.0291 -59.0862 
vt 12.015 -59.0874 
vt 12.015 -59.0874 
vt 11.9875 -59.1377 
vt 11.9998 -59.0611 
vt 11.9988 -59.1204 
vt 11.9898 -59.1116 
vt 12.0209 -59.056 
vt 12.0099 -59.1028 
vt 11.9774 -59.105 
vt 12.0111 -59.0982 
vt 12.002 -59.0896 
vt 12.0187 -59.0535 
vt 11.9927 -58.7968 
vt 12.0125 -59.0636 
vt 11.9896 -59.082 
vt 12.0242 -58.8237 
vt 12.0223 -58.7989 
vt 11.9998 -58.8231 
vt 12.0309 -59.0403 
vt 11.9982 -59.0615 
vt 12.0405 -59.0234 
vt 12.0027 -58.7988 
vt 11.9998 -58.8231 
vt 12.0228 -58.8559 
vt 11.9975 -58.8512 
vt 11.9713 -58.8847 
vt 11.9975 -58.8512 
vt 11.9951 -58.8844 
vt 11.972 -58.9256 
vt 12.0084 -59.0317 
vt 12.0446 -58.9851 
vt 11.9951 -58.8844 
vt 11.9928 -58.9211 
vt 11.9764 -58.9654 
vt 11.9602 -59.093 
vt 11.9567 -59.0886 
vt 11.9928 -58.9211 
vt 12.0133 -58.9239 
vt 11.9806 -58.9956 
vt 11.9937 -58.9584 
vt 11.9661 -59.0968 
vt 11.9602 -59.093 
vt 11.9677 -59.1043 
vt 11.9801 -59.0318 
vt 11.9915 -59.0217 
vt 11.9943 -59.0059 
vt 11.9937 -58.9584 
vt 12.0114 -58.9576 
vt 11.9948 -58.9869 
vt 12.0242 -58.9614 
vt 12.0104 -58.9857 
vt 11.9948 -58.9869 
vt 11.9613 -59.0765 
vt 12.0218 -58.9896 
vt 12.0083 -59.0057 
vt 11.9943 -59.0059 
vt 11.972 -59.0565 
vt 11.9745 -59.0878 
vt 11.9667 -59.0804 
vt 11.9915 -59.0217 
vt 12.0046 -59.0224 
vt 12.0179 -59.0102 
vt 11.9796 -59.0973 
vt 11.9855 -59.0728 
vt 11.9762 -59.0647 
vt 11.9821 -59.0522 
vt 11.9879 -59.0344 
vt 11.9997 -59.0387 
vt 11.9879 -59.0344 
vt 11.992 -59.0823 
vt 11.9935 -59.0568 
vt 11.9821 -59.0522 
vt 11.9762 -59.0647 
vt 11.9189 -58.9786 
vt 11.9226 -58.9694 
vt 12.006 -58.9942 
vt 12.001 -58.9722 
vt 12.041 -58.9649 
vt 12.0708 -59.0434 
vt 12.0793 -59.0392 
vt 12.068 -59.0314 
vt 11.8992 -59.0457 
vt 11.8973 -59.0373 
vt 11.994 -58.9961 
vt 12.0496 -59.0363 
vt 12.1493 -59.0404 
vt 12.1506 -59.0463 
vt 12.1538 -59.0383 
vt 12.148 -59.0287 
vt 12.1438 -59.0337 
vt 12.1403 -59.0477 
vt 12.1433 -59.0524 
vt 12.1372 -59.0404 
vt 12.0636 -59.0056 
vt 12.0573 -59.0208 
vt 12.0636 -59.0056 
vt 12.056 -58.9931 
vt 12.0462 -59.0082 
vt 12.0705 -59.0166 
vt 12.0767 -59.005 
vt 12.0705 -59.0166 
vt 12.0218 -58.9984 
vt 12.0201 -59.0094 
vt 12.0318 -59.0081 
vt 12.0316 -58.9993 
vt 12.0123 -58.998 
vt 12.0094 -59.0062 
vt 12.0201 -59.0094 
vt 12.0188 -59.0166 
vt 12.0094 -59.0062 
vt 12.0097 -59.0135 
vt 11.9087 -59.046 
vt 11.9051 -59.0351 
vt 11.9159 -59.0332 
vt 11.9208 -59.0412 
vt 11.9522 -59.0038 
vt 11.9391 -59.016 
vt 11.9231 -59.0118 
vt 11.8736 -59.028 
vt 11.9138 -58.9904 
vt 11.9079 -58.9803 
vt 11.9151 -59.0105 
vt 11.9138 -58.9904 
vt 11.8679 -59.0406 
vt 11.9209 -59.0184 
vt 12.0192 -59.024 
vt 11.9952 -58.9604 
vt 12.001 -58.9722 
vt 12.0065 -58.9591 
vt 11.9145 -58.9789 
vt 12.0837 -59.0126 
vt 12.0787 -59.0246 
vt 12.0787 -59.0246 
vt 12.1243 -59.039 
vt 12.1271 -59.0517 
vt 12.1372 -59.0404 
vt 12.1438 -59.0337 
vt 12.1311 -59.0282 
vt 12.1243 -59.039 
vt 12.1073 -59.0362 
vt 12.1076 -59.051 
vt 12.1155 -59.054 
vt 12.148 -59.0287 
vt 12.1149 -59.0244 
vt 12.1073 -59.0362 
vt 12.101 -59.0212 
vt 12.023 -58.9875 
vt 11.9493 -59.0201 
vt 11.9486 -59.0278 
vt 11.9599 -59.0303 
vt 11.9591 -59.0199 
vt 11.9096 -59.0199 
vt 11.9956 -58.9733 
vt 11.9703 -59.0197 
vt 11.9729 -59.0272 
vt 11.9743 -59.0104 
vt 11.9605 -59.0075 
vt 12.0945 -59.013 
vt 11.9659 -58.9831 
vt 12.0487 -58.9823 
vt 11.9283 -59.0317 
vt 11.9197 -59.0236 
vt 11.906 -59.0234 
vt 12.0222 -58.9515 
vt 11.923 -59.0129 
vt 11.9329 -59.0207 
vt 11.9605 -59.0002 
vt 11.9549 -58.9791 
vt 11.9513 -58.9813 
vt 11.9172 -58.9916 
vt 11.9386 -58.9554 
vt 11.8495 -59.0398 
vt 11.8462 -59.0339 
vt 11.8495 -59.0398 
vt 11.8556 -59.0401 
vt 11.8514 -59.0323 
vt 11.8599 -59.0306 
vt 11.8645 -59.0364 
vt 11.865 -59.0211 
vt 11.8736 -59.028 
vt 11.8532 -59.0204 
vt 11.8736 -59.0096 
vt 11.8833 -59.0174 
vt 11.8823 -59.0012 
vt 11.8904 -59.0108 
vt 11.8695 -58.9992 
vt 12.0927 -59.0184 
vt 12.092 -59.0299 
vt 12.0941 -59.0461 
vt 12.092 -59.0299 
vt 11.994 -59.061 
vt 11.994 -59.0924 
vt 11.9292 -58.9579 
vt 11.9134 -58.9637 
vt 11.9207 -58.9786 
vt 11.932 -58.9727 
vt 12.0709 -59.1414 
vt 12.0269 -59.1894 
vt 12.0271 -59.1985 
vt 12.0401 -59.2003 
vt 12.0381 -59.1879 
vt 12.006 -59.0647 
vt 12.003 -59.0406 
vt 11.9912 -59.0373 
vt 12.0233 -59.0646 
vt 12.0226 -59.043 
vt 12.0341 -59.0252 
vt 11.9958 -59.0182 
vt 11.9504 -58.9591 
vt 11.9493 -58.9254 
vt 11.9192 -58.9386 
vt 11.903 -58.949 
vt 11.8507 -59.0178 
vt 11.8494 -59.0104 
vt 11.8462 -59.0072 
vt 11.852 -59.0151 
vt 11.8597 -59.02 
vt 11.8567 -59.0129 
vt 11.8628 -59.0242 
vt 11.9364 -58.9705 
vt 11.9427 -58.9728 
vt 11.9364 -58.9705 
vt 11.9538 -58.9834 
vt 11.9799 -59.1858 
vt 11.9812 -59.1738 
vt 11.9709 -59.1727 
vt 11.9682 -59.1814 
vt 11.9906 -59.1808 
vt 11.9903 -59.1738 
vt 12.1008 -59.1515 
vt 12.0953 -59.1447 
vt 12.0857 -59.1504 
vt 12.0913 -59.1617 
vt 12.0792 -59.1628 
vt 12.0765 -59.1541 
vt 12.0938 -59.1294 
vt 12.0807 -59.1332 
vt 12.0416 -59.0392 
vt 12.0478 -59.0565 
vt 12.0609 -59.0492 
vt 12.0549 -59.0313 
vt 12.0684 -59.0792 
vt 12.0852 -59.0725 
vt 12.0769 -59.0395 
vt 12.0757 -59.1111 
vt 12.0919 -59.1072 
vt 12.056 -59.0887 
vt 12.0972 -59.0485 
vt 12.124 -59.0894 
vt 12.1117 -59.0722 
vt 12.1264 -59.0987 
vt 12.0849 -59.0312 
vt 12.0862 -59.0255 
vt 12.1355 -59.105 
vt 12.1321 -59.0985 
vt 12.0791 -59.0244 
vt 12.0706 -59.0154 
vt 12.0706 -59.0272 
vt 11.9808 -58.9811 
vt 11.9751 -59.0076 
vt 12.034 -59.0423 
vt 11.9643 -58.8436 
vt 11.9507 -58.8657 
vt 11.961 -58.8638 
vt 12.0091 -58.8649 
vt 12.0257 -58.8402 
vt 11.9887 -58.8361 
vt 11.9825 -58.8637 
vt 12.0276 -58.8626 
vt 12.0462 -58.859 
vt 12.059 -58.8268 
vt 12.069 -58.8531 
vt 12.0937 -59.082 
vt 11.8729 -59.0154 
vt 11.8927 -59.0099 
vt 11.8924 -59.0017 
vt 11.8845 -59.0105 
vt 11.866 -59.0039 
vt 11.8557 -58.9982 
vt 11.8804 -58.9892 
vt 11.9673 -59.1551 
vt 11.8677 -58.9821 
vt 11.9805 -59.1529 
vt 11.9946 -59.1659 
vt 11.9912 -59.1627 
vt 11.9627 -59.129 
vt 12.0514 -59.193 
vt 12.0487 -59.1846 
vt 11.9791 -59.1239 
vt 11.9934 -59.1236 
vt 12.0904 -59.0242 
vt 11.9777 -59.0902 
vt 11.9761 -59.0572 
vt 11.9605 -59.0909 
vt 11.9558 -59.1022 
vt 11.9739 -59.0311 
vt 11.9608 -59.055 
vt 12.0525 -59.1422 
vt 12.0482 -59.1419 
vt 11.9591 -59.0271 
vt 12.0489 -59.1675 
vt 12.0349 -59.167 
vt 12.0218 -59.1733 
vt 11.9055 -58.9343 
vt 12.0106 -59.104 
vt 11.9569 -59.0028 
vt 12.0162 -59.1475 
vt 12.0442 -59.099 
vt 12.0313 -59.1392 
vt 11.9071 -58.9301 
vt 11.9274 -58.9096 
vt 11.9513 -58.9962 
vt 12.0269 -59.1 
vt 11.9481 -58.8816 
vt 11.9778 -59.0259 
vt 11.9698 -58.8902 
vt 12.0395 -59.0611 
vt 11.9712 -58.8059 
vt 11.9884 -58.8002 
vt 11.9884 -58.935 
vt 11.9991 -58.8948 
vt 12.0195 -58.7987 
vt 12.025 -58.9367 
vt 12.027 -58.8936 
vt 12.0487 -59.0535 
vt 12.0517 -58.7968 
vt 12.0584 -58.9329 
vt 12.0543 -58.8896 
vt 12.0739 -58.8231 
vt 12.069 -58.7988 
vt 12.0773 -58.8847 
vt 12.0253 -58.9816 
vt 12.0627 -58.9762 
vt 12.0844 -58.9256 
vt 12.0955 -58.9211 
vt 12.0908 -58.9654 
vt 12.1444 -59.1015 
vt 12.1505 -59.093 
vt 12.1449 -59.0886 
vt 12.1385 -59.094 
vt 12.0983 -58.9956 
vt 12.1538 -59.0968 
vt 12.1505 -59.093 
vt 12.1444 -59.1015 
vt 12.1094 -59.0131 
vt 12.1227 -59.0318 
vt 12.1255 -59.0217 
vt 12.1173 -59.0059 
vt 12.1097 -58.9869 
vt 12.1401 -59.1082 
vt 12.1415 -59.0765 
vt 12.1307 -59.081 
vt 12.1068 -59.041 
vt 12.1348 -59.0565 
vt 12.1202 -59.0623 
vt 12.1264 -59.0987 
vt 12.1503 -59.0804 
vt 12.1453 -59.0647 
vt 11.8802 -58.9688 
vt 11.8895 -58.96 
vt 11.8946 -58.9732 
vt 11.9059 -58.9894 

usemtl Handle1Mtl

f 3/3/3 4/4/4 5/5/5 
f 5/5/5 6/6/6 3/3/3 
f 9/9/9 10/10/10 11/11/11 
f 11/11/11 12/12/12 9/9/9 
f 17/17/17 18/18/18 19/19/19 
f 19/19/19 20/20/20 17/17/17 
f 17/17/17 20/20/20 21/21/21 
f 5/5/5 24/24/24 25/25/25 
f 25/25/25 6/6/6 5/5/5 
f 41/41/41 42/42/42 12/12/12 
f 12/12/12 43/43/43 41/41/41 
f 40/40/40 12/12/12 11/11/11 
f 39/39/39 43/43/43 12/12/12 
f 12/12/12 40/40/40 39/39/39 
f 44/44/44 45/45/45 46/46/46 
f 47/47/47 48/48/48 49/49/49 
f 49/49/49 50/50/50 47/47/47 
f 51/51/51 49/49/49 48/48/48 
f 44/44/44 46/46/46 53/53/53 
f 53/53/53 54/54/54 44/44/44 
f 50/50/50 55/55/55 56/56/56 
f 56/56/56 47/47/47 50/50/50 
f 59/59/59 57/57/57 58/58/58 
f 65/65/65 66/66/66 67/67/67 
f 68/68/68 65/65/65 67/67/67 
f 43/43/43 70/70/70 41/41/41 
f 31/31/31 73/73/73 74/74/74 
f 74/74/74 32/32/32 31/31/31 
f 12/12/12 42/42/42 9/9/9 
f 78/78/78 19/19/19 18/18/18 
f 18/18/18 72/72/72 78/78/78 
f 73/73/73 79/79/79 80/80/80 
f 80/80/80 74/74/74 73/73/73 
f 29/29/29 81/81/81 82/82/82 
f 82/82/82 30/30/30 29/29/29 
f 76/76/76 75/75/75 19/19/19 
f 19/19/19 78/78/78 76/76/76 
f 10/10/10 35/35/35 36/36/36 
f 36/36/36 11/11/11 10/10/10 
f 85/85/85 78/78/78 72/72/72 
f 72/72/72 77/77/77 85/85/85 
f 81/81/81 86/86/86 87/87/87 
f 87/87/87 82/82/82 81/81/81 
f 84/84/84 76/76/76 78/78/78 
f 78/78/78 85/85/85 84/84/84 
f 86/86/86 92/92/92 93/93/93 
f 93/93/93 87/87/87 86/86/86 
f 79/79/79 90/90/90 94/94/94 
f 94/94/94 95/95/95 79/79/79 
f 84/84/84 85/85/85 98/98/98 
f 92/92/92 100/100/100 101/101/101 
f 101/101/101 93/93/93 92/92/92 
f 97/97/97 102/102/102 103/103/103 
f 103/103/103 96/96/96 97/97/97 
f 99/99/99 105/105/105 106/106/106 
f 106/106/106 90/90/90 99/99/99 
f 107/107/107 108/108/108 101/101/101 
f 101/101/101 100/100/100 107/107/107 
f 109/109/109 103/103/103 102/102/102 
f 102/102/102 110/110/110 109/109/109 
f 113/113/113 114/114/114 112/112/112 
f 115/115/115 116/116/116 117/117/117 
f 119/119/119 120/120/120 121/121/121 
f 104/104/104 122/122/122 105/105/105 
f 105/105/105 99/99/99 104/104/104 
f 123/123/123 124/124/124 108/108/108 
f 108/108/108 107/107/107 123/123/123 
f 125/125/125 109/109/109 110/110/110 
f 110/110/110 126/126/126 125/125/125 
f 117/117/117 120/120/120 119/119/119 
f 119/119/119 115/115/115 117/117/117 
f 114/114/114 113/113/113 128/128/128 
f 118/118/118 130/130/130 122/122/122 
f 122/122/122 104/104/104 118/118/118 
f 131/131/131 132/132/132 124/124/124 
f 124/124/124 123/123/123 131/131/131 
f 111/111/111 119/119/119 121/121/121 
f 121/121/121 133/133/133 111/111/111 
f 134/134/134 135/135/135 125/125/125 
f 125/125/125 126/126/126 134/134/134 
f 137/137/137 33/33/33 34/34/34 
f 114/114/114 138/138/138 139/139/139 
f 139/139/139 112/112/112 114/114/114 
f 13/13/13 111/111/111 133/133/133 
f 133/133/133 14/14/14 13/13/13 
f 140/140/140 6/6/6 25/25/25 
f 129/129/129 141/141/141 138/138/138 
f 138/138/138 114/114/114 129/129/129 
f 132/132/132 131/131/131 4/4/4 
f 4/4/4 3/3/3 132/132/132 
f 116/116/116 115/115/115 15/15/15 
f 15/15/15 91/91/91 116/116/116 
f 143/143/143 144/144/144 135/135/135 
f 135/135/135 134/134/134 143/143/143 
f 145/145/145 137/137/137 136/136/136 
f 112/112/112 139/139/139 147/147/147 
f 144/144/144 143/143/143 59/59/59 
f 59/59/59 58/58/58 144/144/144 
f 149/149/149 150/150/150 145/145/145 
f 145/145/145 146/146/146 149/149/149 
f 151/151/151 152/152/152 66/66/66 
f 66/66/66 65/65/65 151/151/151 
f 66/66/66 147/147/147 139/139/139 
f 139/139/139 67/67/67 66/66/66 
f 151/151/151 65/65/65 153/153/153 
f 153/153/153 154/154/154 151/151/151 
f 150/150/150 149/149/149 156/156/156 
f 156/156/156 157/157/157 150/150/150 
f 147/147/147 66/66/66 152/152/152 
f 79/79/79 95/95/95 80/80/80 
f 157/157/157 156/156/156 159/159/159 
f 159/159/159 160/160/160 157/157/157 
f 70/70/70 43/43/43 38/38/38 
f 38/38/38 158/158/158 70/70/70 
f 160/160/160 159/159/159 62/62/62 
f 62/62/62 63/63/63 160/160/160 
f 90/90/90 106/106/106 94/94/94 
f 46/46/46 45/45/45 51/51/51 
f 51/51/51 48/48/48 46/46/46 
f 118/118/118 28/28/28 27/27/27 
f 27/27/27 130/130/130 118/118/118 
f 128/128/128 164/164/164 16/16/16 
f 113/113/113 165/165/165 164/164/164 
f 164/164/164 128/128/128 113/113/113 
f 88/88/88 98/98/98 166/166/166 
f 166/166/166 167/167/167 88/88/88 
f 166/166/166 164/164/164 165/165/165 
f 165/165/165 167/167/167 166/166/166 
f 138/138/138 69/69/69 67/67/67 
f 67/67/67 139/139/139 138/138/138 
f 141/141/141 69/69/69 138/138/138 
f 173/173/173 175/175/175 174/174/174 
f 181/181/181 180/180/180 179/179/179 
f 186/186/186 184/184/184 182/182/182 
f 189/189/189 190/190/190 188/188/188 
f 176/176/176 172/172/172 174/174/174 
f 178/178/178 199/199/199 186/186/186 
f 186/186/186 183/183/183 178/178/178 
f 199/199/199 201/201/201 202/202/202 
f 202/202/202 186/186/186 199/199/199 
f 200/200/200 202/202/202 201/201/201 
f 201/201/201 168/168/168 200/200/200 
f 174/174/174 175/175/175 191/191/191 
f 203/203/203 204/204/204 198/198/198 
f 198/198/198 197/197/197 203/203/203 
f 195/195/195 194/194/194 205/205/205 
f 205/205/205 206/206/206 195/195/195 
f 207/207/207 203/203/203 197/197/197 
f 197/197/197 196/196/196 207/207/207 
f 196/196/196 195/195/195 206/206/206 
f 206/206/206 207/207/207 196/196/196 
f 222/222/222 219/219/219 218/218/218 
f 231/231/231 232/232/232 233/233/233 
f 233/233/233 234/234/234 231/231/231 
f 236/236/236 237/237/237 238/238/238 
f 239/239/239 240/240/240 241/241/241 
f 242/242/242 243/243/243 244/244/244 
f 245/245/245 246/246/246 247/247/247 
f 241/241/241 240/240/240 248/248/248 
f 249/249/249 250/250/250 251/251/251 
f 251/251/251 252/252/252 249/249/249 
f 253/253/253 254/254/254 255/255/255 
f 260/260/260 257/257/257 259/259/259 
f 263/263/263 264/264/264 234/234/234 
f 265/265/265 266/266/266 267/267/267 
f 268/268/268 269/269/269 270/270/270 
f 270/270/270 271/271/271 268/268/268 
f 272/272/272 222/222/222 221/221/221 
f 273/273/273 276/276/276 277/277/277 
f 277/277/277 274/274/274 273/273/273 
f 276/276/276 280/280/280 281/281/281 
f 281/281/281 277/277/277 276/276/276 
f 282/282/282 278/278/278 274/274/274 
f 274/274/274 277/277/277 282/282/282 
f 222/222/222 272/272/272 284/284/284 
f 284/284/284 285/285/285 222/222/222 
f 277/277/277 281/281/281 286/286/286 
f 286/286/286 282/282/282 277/277/277 
f 287/287/287 288/288/288 278/278/278 
f 278/278/278 282/282/282 287/287/287 
f 225/225/225 283/283/283 290/290/290 
f 282/282/282 286/286/286 295/295/295 
f 295/295/295 287/287/287 282/282/282 
f 290/290/290 289/289/289 226/226/226 
f 226/226/226 223/223/223 290/290/290 
f 283/283/283 291/291/291 297/297/297 
f 297/297/297 290/290/290 283/283/283 
f 297/297/297 296/296/296 289/289/289 
f 289/289/289 290/290/290 297/297/297 
f 301/301/301 297/297/297 291/291/291 
f 291/291/291 298/298/298 301/301/301 
f 305/305/305 306/306/306 292/292/292 
f 301/301/301 300/300/300 296/296/296 
f 296/296/296 297/297/297 301/301/301 
f 298/298/298 303/303/303 309/309/309 
f 309/309/309 301/301/301 298/298/298 
f 311/311/311 312/312/312 306/306/306 
f 306/306/306 305/305/305 311/311/311 
f 313/313/313 285/285/285 314/314/314 
f 307/307/307 317/317/317 309/309/309 
f 309/309/309 303/303/303 307/307/307 
f 309/309/309 308/308/308 300/300/300 
f 300/300/300 301/301/301 309/309/309 
f 304/304/304 310/310/310 311/311/311 
f 311/311/311 305/305/305 304/304/304 
f 311/311/311 319/319/319 320/320/320 
f 320/320/320 312/312/312 311/311/311 
f 315/315/315 322/322/322 317/317/317 
f 317/317/317 307/307/307 315/315/315 
f 317/317/317 316/316/316 308/308/308 
f 308/308/308 309/309/309 317/317/317 
f 310/310/310 318/318/318 319/319/319 
f 319/319/319 311/311/311 310/310/310 
f 319/319/319 324/324/324 325/325/325 
f 325/325/325 320/320/320 319/319/319 
f 219/219/219 313/313/313 327/327/327 
f 315/315/315 321/321/321 329/329/329 
f 329/329/329 322/322/322 315/315/315 
f 322/322/322 259/259/259 316/316/316 
f 316/316/316 317/317/317 322/322/322 
f 324/324/324 319/319/319 318/318/318 
f 318/318/318 323/323/323 324/324/324 
f 331/331/331 325/325/325 324/324/324 
f 324/324/324 332/332/332 331/331/331 
f 229/229/229 326/326/326 328/328/328 
f 334/334/334 327/327/327 313/313/313 
f 321/321/321 211/211/211 337/337/337 
f 337/337/337 329/329/329 321/321/321 
f 260/260/260 259/259/259 322/322/322 
f 322/322/322 329/329/329 260/260/260 
f 258/258/258 257/257/257 253/253/253 
f 253/253/253 256/256/256 258/258/258 
f 330/330/330 332/332/332 324/324/324 
f 324/324/324 323/323/323 330/330/330 
f 262/262/262 331/331/331 332/332/332 
f 332/332/332 338/338/338 262/262/262 
f 333/333/333 336/336/336 328/328/328 
f 328/328/328 326/326/326 333/333/333 
f 342/342/342 343/343/343 327/327/327 
f 327/327/327 334/334/334 342/342/342 
f 211/211/211 343/343/343 245/245/245 
f 245/245/245 337/337/337 211/211/211 
f 346/346/346 260/260/260 329/329/329 
f 329/329/329 337/337/337 346/346/346 
f 257/257/257 260/260/260 254/254/254 
f 254/254/254 253/253/253 257/257/257 
f 332/332/332 330/330/330 255/255/255 
f 255/255/255 338/338/338 332/332/332 
f 339/339/339 345/345/345 336/336/336 
f 336/336/336 333/333/333 339/339/339 
f 341/341/341 342/342/342 334/334/334 
f 246/246/246 343/343/343 342/342/342 
f 271/271/271 270/270/270 348/348/348 
f 348/348/348 349/349/349 271/271/271 
f 247/247/247 346/346/346 337/337/337 
f 337/337/337 245/245/245 247/247/247 
f 260/260/260 346/346/346 352/352/352 
f 352/352/352 254/254/254 260/260/260 
f 338/338/338 255/255/255 254/254/254 
f 254/254/254 251/251/251 338/338/338 
f 345/345/345 339/339/339 347/347/347 
f 347/347/347 350/350/350 345/345/345 
f 269/269/269 246/246/246 342/342/342 
f 342/342/342 341/341/341 269/269/269 
f 247/247/247 246/246/246 240/240/240 
f 240/240/240 239/239/239 247/247/247 
f 349/349/349 354/354/354 355/355/355 
f 355/355/355 271/271/271 349/349/349 
f 351/351/351 350/350/350 356/356/356 
f 356/356/356 357/357/357 351/351/351 
f 346/346/346 247/247/247 239/239/239 
f 239/239/239 352/352/352 346/346/346 
f 251/251/251 254/254/254 352/352/352 
f 352/352/352 252/252/252 251/251/251 
f 261/261/261 266/266/266 265/265/265 
f 350/350/350 347/347/347 353/353/353 
f 353/353/353 356/356/356 350/350/350 
f 268/268/268 240/240/240 246/246/246 
f 246/246/246 269/269/269 268/268/268 
f 358/358/358 355/355/355 354/354/354 
f 354/354/354 359/359/359 358/358/358 
f 360/360/360 268/268/268 271/271/271 
f 271/271/271 355/355/355 360/360/360 
f 357/357/357 356/356/356 361/361/361 
f 361/361/361 209/209/209 357/357/357 
f 241/241/241 252/252/252 352/352/352 
f 352/352/352 239/239/239 241/241/241 
f 266/266/266 261/261/261 250/250/250 
f 250/250/250 362/362/362 266/266/266 
f 356/356/356 353/353/353 267/267/267 
f 267/267/267 361/361/361 356/356/356 
f 243/243/243 240/240/240 268/268/268 
f 268/268/268 360/360/360 243/243/243 
f 363/363/363 360/360/360 355/355/355 
f 355/355/355 358/358/358 363/363/363 
f 242/242/242 248/248/248 240/240/240 
f 240/240/240 243/243/243 242/242/242 
f 248/248/248 249/249/249 252/252/252 
f 252/252/252 241/241/241 248/248/248 
f 362/362/362 250/250/250 249/249/249 
f 249/249/249 364/364/364 362/362/362 
f 361/361/361 267/267/267 362/362/362 
f 362/362/362 365/365/365 361/361/361 
f 237/237/237 243/243/243 360/360/360 
f 360/360/360 363/363/363 237/237/237 
f 364/364/364 249/249/249 248/248/248 
f 248/248/248 242/242/242 364/364/364 
f 365/365/365 362/362/362 364/364/364 
f 364/364/364 366/366/366 365/365/365 
f 213/213/213 327/327/327 343/343/343 
f 343/343/343 211/211/211 213/213/213 
f 366/366/366 364/364/364 242/242/242 
f 242/242/242 244/244/244 366/366/366 
f 208/208/208 263/263/263 233/233/233 
f 368/368/368 366/366/366 244/244/244 
f 244/244/244 369/369/369 368/368/368 
f 236/236/236 369/369/369 243/243/243 
f 243/243/243 237/237/237 236/236/236 
f 263/263/263 208/208/208 210/210/210 
f 210/210/210 264/264/264 263/263/263 
f 370/370/370 368/368/368 369/369/369 
f 369/369/369 236/236/236 370/370/370 
f 371/371/371 370/370/370 236/236/236 
f 236/236/236 238/238/238 371/371/371 
f 264/264/264 210/210/210 368/368/368 
f 368/368/368 370/370/370 264/264/264 
f 374/374/374 264/264/264 370/370/370 
f 370/370/370 371/371/371 374/374/374 
f 372/372/372 375/375/375 377/377/377 
f 264/264/264 374/374/374 377/377/377 
f 377/377/377 234/234/234 264/264/264 
f 375/375/375 376/376/376 383/383/383 
f 383/383/383 377/377/377 375/375/375 
f 250/250/250 262/262/262 338/338/338 
f 338/338/338 251/251/251 250/250/250 
f 362/362/362 267/267/267 266/266/266 
f 377/377/377 383/383/383 231/231/231 
f 231/231/231 234/234/234 377/377/377 
f 376/376/376 382/382/382 387/387/387 
f 387/387/387 383/383/383 376/376/376 
f 232/232/232 231/231/231 388/388/388 
f 388/388/388 389/389/389 232/232/232 
f 385/385/385 380/380/380 378/378/378 
f 378/378/378 384/384/384 385/385/385 
f 386/386/386 381/381/381 385/385/385 
f 385/385/385 392/392/392 386/386/386 
f 382/382/382 386/386/386 392/392/392 
f 392/392/392 387/387/387 382/382/382 
f 383/383/383 387/387/387 388/388/388 
f 388/388/388 231/231/231 383/383/383 
f 388/388/388 390/390/390 391/391/391 
f 391/391/391 389/389/389 388/388/388 
f 392/392/392 385/385/385 384/384/384 
f 384/384/384 390/390/390 392/392/392 
f 387/387/387 392/392/392 390/390/390 
f 390/390/390 388/388/388 387/387/387 
f 366/366/366 368/368/368 210/210/210 
f 210/210/210 365/365/365 366/366/366 
f 243/243/243 369/369/369 244/244/244 
f 285/285/285 313/313/313 219/219/219 
f 219/219/219 222/222/222 285/285/285 
f 365/365/365 210/210/210 209/209/209 
f 209/209/209 361/361/361 365/365/365 
f 245/245/245 343/343/343 246/246/246 
f 270/270/270 269/269/269 341/341/341 
f 341/341/341 340/340/340 270/270/270 
f 270/270/270 340/340/340 344/344/344 
f 344/344/344 348/348/348 270/270/270 
f 285/285/285 284/284/284 395/395/395 
f 395/395/395 314/314/314 285/285/285 
f 287/287/287 295/295/295 396/396/396 
f 396/396/396 397/397/397 287/287/287 
f 288/288/288 287/287/287 397/397/397 
f 397/397/397 393/393/393 288/288/288 
f 272/272/272 393/393/393 397/397/397 
f 397/397/397 284/284/284 272/272/272 
f 284/284/284 397/397/397 396/396/396 
f 396/396/396 395/395/395 284/284/284 
f 398/398/398 399/399/399 400/400/400 
f 401/401/401 402/402/402 403/403/403 
f 403/403/403 404/404/404 401/401/401 
f 405/405/405 406/406/406 407/407/407 
f 407/407/407 408/408/408 405/405/405 
f 429/429/429 430/430/430 431/431/431 
f 433/433/433 434/434/434 435/435/435 
f 428/428/428 433/433/433 435/435/435 
f 398/398/398 436/436/436 399/399/399 
f 422/422/422 440/440/440 441/441/441 
f 441/441/441 420/420/420 422/422/422 
f 442/442/442 420/420/420 441/441/441 
f 440/440/440 422/422/422 443/443/443 
f 443/443/443 422/422/422 419/419/419 
f 419/419/419 444/444/444 443/443/443 
f 444/444/444 419/419/419 417/417/417 
f 417/417/417 416/416/416 444/444/444 
f 445/445/445 446/446/446 406/406/406 
f 406/406/406 405/405/405 445/445/445 
f 447/447/447 448/448/448 449/449/449 
f 414/414/414 413/413/413 451/451/451 
f 451/451/451 452/452/452 414/414/414 
f 411/411/411 410/410/410 455/455/455 
f 455/455/455 456/456/456 411/411/411 
f 451/451/451 457/457/457 458/458/458 
f 451/451/451 458/458/458 450/450/450 
f 462/462/462 463/463/463 456/456/456 
f 456/456/456 455/455/455 462/462/462 
f 464/464/464 465/465/465 463/463/463 
f 463/463/463 462/462/462 464/464/464 
f 466/466/466 402/402/402 458/458/458 
f 458/458/458 467/467/467 466/466/466 
f 468/468/468 469/469/469 460/460/460 
f 460/460/460 459/459/459 468/468/468 
f 470/470/470 471/471/471 472/472/472 
f 473/473/473 474/474/474 465/465/465 
f 465/465/465 464/464/464 473/473/473 
f 454/454/454 453/453/453 475/475/475 
f 475/475/475 476/476/476 454/454/454 
f 472/472/472 471/471/471 476/476/476 
f 476/476/476 475/475/475 472/472/472 
f 477/477/477 478/478/478 469/469/469 
f 469/469/469 468/468/468 477/477/477 
f 473/473/473 479/479/479 480/480/480 
f 480/480/480 474/474/474 473/473/473 
f 482/482/482 483/483/483 478/478/478 
f 478/478/478 477/477/477 482/482/482 
f 484/484/484 485/485/485 471/471/471 
f 471/471/471 470/470/470 484/484/484 
f 430/430/430 480/480/480 479/479/479 
f 479/479/479 431/431/431 430/430/430 
f 486/486/486 487/487/487 483/483/483 
f 483/483/483 482/482/482 486/486/486 
f 488/488/488 405/405/405 408/408/408 
f 408/408/408 415/415/415 488/488/488 
f 486/486/486 489/489/489 490/490/490 
f 490/490/490 487/487/487 486/486/486 
f 491/491/491 485/485/485 484/484/484 
f 405/405/405 488/488/488 492/492/492 
f 492/492/492 445/445/445 405/405/405 
f 434/434/434 490/490/490 489/489/489 
f 489/489/489 435/435/435 434/434/434 
f 445/445/445 492/492/492 494/494/494 
f 494/494/494 495/495/495 445/445/445 
f 493/493/493 485/485/485 491/491/491 
f 491/491/491 496/496/496 493/493/493 
f 467/467/467 458/458/458 457/457/457 
f 446/446/446 445/445/445 495/495/495 
f 495/495/495 498/498/498 446/446/446 
f 494/494/494 499/499/499 500/500/500 
f 500/500/500 495/495/495 494/494/494 
f 495/495/495 500/500/500 504/504/504 
f 504/504/504 498/498/498 495/495/495 
f 437/437/437 434/434/434 433/433/433 
f 502/502/502 438/438/438 507/507/507 
f 500/500/500 503/503/503 509/509/509 
f 509/509/509 504/504/504 500/500/500 
f 403/403/403 402/402/402 466/466/466 
f 505/505/505 506/506/506 511/511/511 
f 511/511/511 512/512/512 505/505/505 
f 438/438/438 439/439/439 514/514/514 
f 514/514/514 507/507/507 438/438/438 
f 436/436/436 509/509/509 503/503/503 
f 503/503/503 399/399/399 436/436/436 
f 512/512/512 516/516/516 513/513/513 
f 513/513/513 505/505/505 512/512/512 
f 439/439/439 515/515/515 517/517/517 
f 517/517/517 514/514/514 439/439/439 
f 421/421/421 420/420/420 442/442/442 
f 442/442/442 519/519/519 421/421/421 
f 513/513/513 516/516/516 521/521/521 
f 521/521/521 426/426/426 513/513/513 
f 522/522/522 517/517/517 515/515/515 
f 515/515/515 518/518/518 522/522/522 
f 519/519/519 425/425/425 424/424/424 
f 526/526/526 527/527/527 426/426/426 
f 426/426/426 521/521/521 526/526/526 
f 529/529/529 522/522/522 518/518/518 
f 518/518/518 523/523/523 529/529/529 
f 423/423/423 436/436/436 398/398/398 
f 536/536/536 537/537/537 527/527/527 
f 527/527/527 526/526/526 536/536/536 
f 538/538/538 529/529/529 523/523/523 
f 523/523/523 528/528/528 538/538/538 
f 427/427/427 527/527/527 537/537/537 
f 537/537/537 539/539/539 427/427/427 
f 540/540/540 537/537/537 536/536/536 
f 536/536/536 541/541/541 540/540/540 
f 539/539/539 537/537/537 540/540/540 
f 540/540/540 543/543/543 539/539/539 
f 544/544/544 540/540/540 541/541/541 
f 541/541/541 545/545/545 544/544/544 
f 531/531/531 530/530/530 547/547/547 
f 547/547/547 548/548/548 531/531/531 
f 545/545/545 549/549/549 550/550/550 
f 550/550/550 544/544/544 545/545/545 
f 551/551/551 543/543/543 540/540/540 
f 552/552/552 547/547/547 530/530/530 
f 530/530/530 532/532/532 552/552/552 
f 548/548/548 547/547/547 553/553/553 
f 553/553/553 554/554/554 548/548/548 
f 555/555/555 556/556/556 533/533/533 
f 533/533/533 546/546/546 555/555/555 
f 557/557/557 550/550/550 549/549/549 
f 549/549/549 558/558/558 557/557/557 
f 559/559/559 553/553/553 547/547/547 
f 547/547/547 552/552/552 559/559/559 
f 554/554/554 553/553/553 560/560/560 
f 560/560/560 561/561/561 554/554/554 
f 560/560/560 557/557/557 558/558/558 
f 558/558/558 561/561/561 560/560/560 
f 527/527/527 427/427/427 426/426/426 
f 534/534/534 533/533/533 556/556/556 
f 562/562/562 546/546/546 542/542/542 
f 555/555/555 546/546/546 562/562/562 
f 578/578/578 579/579/579 575/575/575 
f 576/576/576 575/575/575 580/580/580 
f 580/580/580 581/581/581 576/576/576 
f 575/575/575 579/579/579 582/582/582 
f 582/582/582 580/580/580 575/575/575 
f 570/570/570 584/584/584 574/574/574 
f 585/585/585 586/586/586 587/587/587 
f 587/587/587 584/584/584 585/585/585 
f 583/583/583 588/588/588 589/589/589 
f 590/590/590 585/585/585 584/584/584 
f 584/584/584 570/570/570 590/590/590 
f 591/591/591 592/592/592 593/593/593 
f 593/593/593 594/594/594 591/591/591 
f 595/595/595 596/596/596 592/592/592 
f 592/592/592 591/591/591 595/595/595 
f 599/599/599 600/600/600 598/598/598 
f 601/601/601 602/602/602 572/572/572 
f 572/572/572 571/571/571 601/601/601 
f 603/603/603 602/602/602 601/601/601 
f 601/601/601 604/604/604 603/603/603 
f 588/588/588 621/621/621 620/620/620 
f 570/570/570 569/569/569 622/622/622 
f 622/622/622 590/590/590 570/570/570 
f 582/582/582 623/623/623 624/624/624 
f 624/624/624 580/580/580 582/582/582 
f 625/625/625 626/626/626 627/627/627 
f 627/627/627 628/628/628 625/625/625 
f 629/629/629 631/631/631 624/624/624 
f 623/623/623 629/629/629 624/624/624 
f 628/628/628 627/627/627 633/633/633 
f 633/633/633 634/634/634 628/628/628 
f 636/636/636 591/591/591 594/594/594 
f 637/637/637 638/638/638 639/639/639 
f 639/639/639 640/640/640 637/637/637 
f 614/614/614 611/611/611 641/641/641 
f 642/642/642 573/573/573 565/565/565 
f 565/565/565 566/566/566 642/642/642 
f 643/643/643 640/640/640 639/639/639 
f 639/639/639 644/644/644 643/643/643 
f 637/637/637 640/640/640 646/646/646 
f 643/643/643 645/645/645 646/646/646 
f 646/646/646 640/640/640 643/643/643 
f 604/604/604 650/650/650 651/651/651 
f 652/652/652 602/602/602 603/603/603 
f 650/650/650 655/655/655 654/654/654 
f 658/658/658 605/605/605 656/656/656 
f 656/656/656 657/657/657 658/658/658 
f 611/611/611 607/607/607 659/659/659 
f 664/664/664 665/665/665 662/662/662 
f 666/666/666 665/665/665 664/664/664 
f 664/664/664 667/667/667 666/666/666 
f 668/668/668 666/666/666 667/667/667 
f 667/667/667 669/669/669 668/668/668 
f 587/587/587 615/615/615 574/574/574 
f 574/574/574 584/584/584 587/587/587 
f 671/671/671 668/668/668 669/669/669 
f 669/669/669 672/672/672 671/671/671 
f 670/670/670 665/665/665 666/666/666 
f 666/666/666 668/668/668 670/670/670 
f 610/610/610 609/609/609 619/619/619 
f 673/673/673 671/671/671 672/672/672 
f 672/672/672 674/674/674 673/673/673 
f 635/635/635 676/676/676 677/677/677 
f 634/634/634 633/633/633 635/635/635 
f 635/635/635 677/677/677 634/634/634 
f 678/678/678 630/630/630 629/629/629 
f 629/629/629 679/679/679 678/678/678 
f 569/569/569 678/678/678 679/679/679 
f 679/679/679 622/622/622 569/569/569 
f 676/676/676 620/620/620 621/621/621 
f 621/621/621 677/677/677 676/676/676 
f 682/682/682 683/683/683 684/684/684 
f 684/684/684 685/685/685 682/682/682 
f 687/687/687 688/688/688 689/689/689 
f 689/689/689 690/690/690 687/687/687 
f 680/680/680 691/691/691 692/692/692 
f 692/692/692 693/693/693 680/680/680 
f 691/691/691 694/694/694 695/695/695 
f 695/695/695 692/692/692 691/691/691 
f 695/695/695 696/696/696 697/697/697 
f 697/697/697 692/692/692 695/695/695 
f 682/682/682 698/698/698 699/699/699 
f 699/699/699 700/700/700 682/682/682 
f 700/700/700 701/701/701 683/683/683 
f 683/683/683 682/682/682 700/700/700 
f 698/698/698 682/682/682 685/685/685 
f 713/713/713 714/714/714 715/715/715 
f 715/715/715 716/716/716 713/713/713 
f 714/714/714 713/713/713 717/717/717 
f 719/719/719 720/720/720 721/721/721 
f 721/721/721 722/722/722 719/719/719 
f 723/723/723 722/722/722 721/721/721 
f 721/721/721 724/724/724 723/723/723 
f 720/720/720 725/725/725 726/726/726 
f 726/726/726 721/721/721 720/720/720 
f 727/727/727 728/728/728 729/729/729 
f 729/729/729 730/730/730 727/727/727 
f 729/729/729 731/731/731 732/732/732 
f 732/732/732 733/733/733 729/729/729 
f 734/734/734 726/726/726 725/725/725 
f 725/725/725 735/735/735 734/734/734 
f 726/726/726 686/686/686 724/724/724 
f 724/724/724 721/721/721 726/726/726 
f 731/731/731 729/729/729 728/728/728 
f 728/728/728 736/736/736 731/731/731 
f 731/731/731 734/734/734 735/735/735 
f 735/735/735 732/732/732 731/731/731 
f 686/686/686 726/726/726 734/734/734 
f 745/745/745 746/746/746 747/747/747 
f 746/746/746 696/696/696 730/730/730 
f 730/730/730 747/747/747 746/746/746 
f 729/729/729 733/733/733 747/747/747 
f 747/747/747 730/730/730 729/729/729 
f 697/697/697 748/748/748 749/749/749 
f 692/692/692 697/697/697 693/693/693 
f 750/750/750 696/696/696 695/695/695 
f 754/754/754 755/755/755 756/756/756 
f 756/756/756 757/757/757 754/754/754 
f 758/758/758 755/755/755 754/754/754 
f 758/758/758 759/759/759 755/755/755 
f 760/760/760 755/755/755 759/759/759 
f 759/759/759 761/761/761 760/760/760 
f 763/763/763 767/767/767 707/707/707 
f 707/707/707 706/706/706 763/763/763 
f 768/768/768 703/703/703 707/707/707 
f 707/707/707 767/767/767 768/768/768 
f 766/766/766 765/765/765 769/769/769 
f 766/766/766 769/769/769 767/767/767 
f 763/763/763 766/766/766 767/767/767 
f 771/771/771 768/768/768 767/767/767 
f 767/767/767 769/769/769 771/771/771 
f 772/772/772 770/770/770 715/715/715 
f 715/715/715 714/714/714 772/772/772 
f 774/774/774 772/772/772 714/714/714 
f 714/714/714 718/718/718 774/774/774 
f 776/776/776 777/777/777 690/690/690 
f 690/690/690 689/689/689 776/776/776 
f 778/778/778 775/775/775 770/770/770 
f 770/770/770 772/772/772 778/778/778 
f 779/779/779 778/778/778 772/772/772 
f 746/746/746 745/745/745 780/780/780 
f 781/781/781 681/681/681 680/680/680 
f 680/680/680 782/782/782 781/781/781 
f 778/778/778 781/781/781 783/783/783 
f 783/783/783 775/775/775 778/778/778 
f 696/696/696 727/727/727 730/730/730 
f 696/696/696 750/750/750 727/727/727 
f 781/781/781 778/778/778 779/779/779 
f 779/779/779 681/681/681 781/781/781 
f 782/782/782 680/680/680 693/693/693 
f 693/693/693 785/785/785 782/782/782 
f 782/782/782 786/786/786 783/783/783 
f 783/783/783 781/781/781 782/782/782 
f 785/785/785 693/693/693 697/697/697 
f 697/697/697 749/749/749 785/785/785 
f 785/785/785 789/789/789 786/786/786 
f 786/786/786 782/782/782 785/785/785 
f 791/791/791 792/792/792 687/687/687 
f 687/687/687 690/690/690 791/791/791 
f 749/749/749 795/795/795 789/789/789 
f 789/789/789 785/785/785 749/749/749 
f 777/777/777 790/790/790 791/791/791 
f 791/791/791 690/690/690 777/777/777 
f 796/796/796 792/792/792 791/791/791 
f 791/791/791 798/798/798 796/796/796 
f 788/788/788 798/798/798 791/791/791 
f 791/791/791 790/790/790 788/788/788 
f 798/798/798 802/802/802 794/794/794 
f 794/794/794 796/796/796 798/798/798 
f 797/797/797 802/802/802 798/798/798 
f 798/798/798 788/788/788 797/797/797 
f 794/794/794 802/802/802 694/694/694 
f 694/694/694 691/691/691 794/794/794 
f 753/753/753 757/757/757 756/756/756 
f 699/699/699 805/805/805 803/803/803 
f 803/803/803 800/800/800 699/699/699 
f 802/802/802 797/797/797 806/806/806 
f 806/806/806 694/694/694 802/802/802 
f 750/750/750 695/695/695 694/694/694 
f 694/694/694 806/806/806 750/750/750 
f 807/807/807 751/751/751 756/756/756 
f 756/756/756 808/808/808 807/807/807 
f 809/809/809 810/810/810 805/805/805 
f 805/805/805 699/699/699 809/809/809 
f 728/728/728 727/727/727 750/750/750 
f 750/750/750 806/806/806 728/728/728 
f 811/811/811 808/808/808 756/756/756 
f 756/756/756 755/755/755 811/811/811 
f 812/812/812 813/813/813 810/810/810 
f 810/810/810 809/809/809 812/812/812 
f 757/757/757 805/805/805 810/810/810 
f 810/810/810 754/754/754 757/757/757 
f 811/811/811 755/755/755 760/760/760 
f 760/760/760 815/815/815 811/811/811 
f 816/816/816 817/817/817 813/813/813 
f 813/813/813 812/812/812 816/816/816 
f 754/754/754 810/810/810 813/813/813 
f 813/813/813 758/758/758 754/754/754 
f 818/818/818 819/819/819 815/815/815 
f 758/758/758 813/813/813 817/817/817 
f 817/817/817 759/759/759 758/758/758 
f 817/817/817 820/820/820 761/761/761 
f 761/761/761 759/759/759 817/817/817 
f 697/697/697 696/696/696 821/821/821 
f 821/821/821 748/748/748 697/697/697 
f 822/822/822 816/816/816 812/812/812 
f 812/812/812 821/821/821 822/822/822 
f 817/817/817 816/816/816 823/823/823 
f 823/823/823 820/820/820 817/817/817 
f 733/733/733 741/741/741 745/745/745 
f 745/745/745 747/747/747 733/733/733 
f 822/822/822 821/821/821 696/696/696 
f 696/696/696 746/746/746 822/822/822 
f 700/700/700 699/699/699 800/800/800 
f 800/800/800 799/799/799 700/700/700 
f 825/825/825 823/823/823 816/816/816 
f 816/816/816 822/822/822 825/825/825 
f 826/826/826 827/827/827 828/828/828 
f 828/828/828 829/829/829 826/826/826 
f 830/830/830 825/825/825 822/822/822 
f 822/822/822 746/746/746 830/830/830 
f 831/831/831 832/832/832 833/833/833 
f 753/753/753 803/803/803 805/805/805 
f 805/805/805 757/757/757 753/753/753 
f 834/834/834 835/835/835 836/836/836 
f 836/836/836 837/837/837 834/834/834 
f 780/780/780 834/834/834 830/830/830 
f 830/830/830 746/746/746 780/780/780 
f 809/809/809 699/699/699 698/698/698 
f 698/698/698 748/748/748 809/809/809 
f 837/837/837 838/838/838 830/830/830 
f 830/830/830 834/834/834 837/837/837 
f 828/828/828 840/840/840 841/841/841 
f 841/841/841 829/829/829 828/828/828 
f 743/743/743 826/826/826 829/829/829 
f 829/829/829 744/744/744 743/743/743 
f 842/842/842 835/835/835 834/834/834 
f 834/834/834 780/780/780 842/842/842 
f 841/841/841 840/840/840 843/843/843 
f 843/843/843 844/844/844 841/841/841 
f 841/841/841 738/738/738 744/744/744 
f 744/744/744 829/829/829 841/841/841 
f 821/821/821 812/812/812 809/809/809 
f 809/809/809 748/748/748 821/821/821 
f 737/737/737 842/842/842 780/780/780 
f 780/780/780 741/741/741 737/737/737 
f 844/844/844 843/843/843 835/835/835 
f 835/835/835 842/842/842 844/844/844 
f 844/844/844 739/739/739 738/738/738 
f 738/738/738 841/841/841 844/844/844 
f 749/749/749 748/748/748 712/712/712 
f 712/712/712 795/795/795 749/749/749 
f 739/739/739 844/844/844 842/842/842 
f 842/842/842 737/737/737 739/739/739 
f 840/840/840 846/846/846 847/847/847 
f 846/846/846 840/840/840 828/828/828 
f 828/828/828 827/827/827 846/846/846 
f 701/701/701 700/700/700 799/799/799 
f 849/849/849 848/848/848 850/850/850 
f 769/769/769 850/850/850 848/848/848 
f 848/848/848 771/771/771 769/769/769 
f 850/850/850 769/769/769 765/765/765 
f 765/765/765 851/851/851 850/850/850 
f 850/850/850 683/683/683 701/701/701 
f 701/701/701 849/849/849 850/850/850 
f 851/851/851 684/684/684 683/683/683 
f 683/683/683 850/850/850 851/851/851 

g Handle2

v 66.3502 69.2055 2.70826 
v 66.5256 69.2031 2.66845 
v 66.602 68.5822 3.02297 
v 66.4589 68.6884 3.08738 
v 66.3712 68.5393 3.14479 
v 66.4783 68.4066 3.14734 
v 65.9424 68.3851 3.24077 
v 65.9396 69.928 1.8537 
v 66.1394 69.8168 2.16228 
v 66.0503 69.935 2.12563 
v 65.9843 69.8519 2.13218 
v 66.1002 69.6986 2.1821 
v 66.0299 70.2409 2.46899 
v 66.0739 70.3147 2.46877 
v 66.3218 69.2421 2.63762 
v 65.9275 68.2992 3.46137 
v 65.9809 68.872 3.8894 
v 65.9293 68.81 3.89983 
v 65.9992 68.7818 3.92842 
v 66.0475 68.8151 3.91512 
v 66.0829 68.8502 3.87947 
v 65.9175 68.8917 3.8136 
v 65.879 68.8319 3.83938 
v 66.2687 68.4903 3.20584 
v 66.3678 68.3676 3.23999 
v 66.2687 68.4903 3.20584 
v 66.3712 68.5393 3.14479 
v 66.2404 68.6002 3.06184 
v 66.2374 70.1863 2.93992 
v 66.306 70.2167 2.93624 
v 66.1706 70.1085 2.91715 
v 66.2374 70.1863 2.93992 
v 66.037 70.0634 2.00649 
v 65.9718 70.0385 2.04693 
v 65.9718 70.0385 2.04693 
v 65.9153 69.9612 2.07097 
v 65.9144 69.7773 2.04189 
v 66.2625 69.1791 2.30583 
v 66.1076 69.3456 2.12931 
v 66.0004 69.5966 2.07427 
v 66.3093 69.5307 2.2367 
v 66.21 69.7111 2.18887 
v 66.2328 69.4307 2.25183 
v 66.3244 69.0586 1.9493 
v 66.2785 69.1667 1.8984 
v 66.2093 69.1151 1.9201 
v 66.0227 69.4413 1.70507 
v 66.1234 69.3033 1.80421 
v 66.1647 69.4028 1.76404 
v 66.0773 69.516 1.68495 
v 66.2186 69.304 1.82119 
v 66.3988 68.9311 2.00021 
v 66.2265 68.9773 2.01728 
v 66.3988 68.9311 2.00021 
v 66.0095 69.5684 1.61102 
v 65.9762 69.5156 1.63799 
v 66.6414 69.1011 2.64706 
v 66.6404 69.1675 2.60767 
v 66.5322 69.2237 2.659 
v 66.5256 69.2031 2.66845 
v 66.7096 68.9717 2.72017 
v 66.4706 69.1562 2.3004 
v 66.5697 69.0914 2.24502 
v 66.6388 67.3797 2.79376 
v 66.2672 67.4573 2.9836 
v 66.4196 67.6391 3.04465 
v 66.2922 67.6317 3.09102 
v 66.0682 67.6161 3.00406 
v 66.1289 67.6774 3.10355 
v 66.3767 69.3691 2.27184 
v 66.0829 68.8502 3.87947 
v 65.8871 68.6999 3.84367 
v 66.2127 69.9583 2.95825 
v 66.2911 70.0457 3.0047 
v 66.0475 68.8151 3.91512 
v 66.0919 68.7214 3.86993 
v 65.8739 68.5697 3.74454 
v 65.9909 68.6889 3.89145 
v 66.2957 69.7481 2.99584 
v 66.3492 69.8813 3.02857 
v 66.2911 70.0457 3.0047 
v 66.3754 70.1098 2.97746 
v 66.0682 70.2688 2.26195 
v 66.1202 68.6182 3.77236 
v 65.994 68.5626 3.80342 
v 66.3492 69.8813 3.02857 
v 66.4473 69.9567 2.99065 
v 66.1483 68.5266 3.67173 
v 66.1343 68.9241 1.95889 
v 66.348 69.4415 3.00339 
v 66.5322 69.2237 2.659 
v 66.4061 69.7468 3.04066 
v 66.5055 69.7819 2.99877 
v 66.4381 69.5335 3.05225 
v 66.4061 69.7468 3.04066 
v 66.1432 70.357 2.44577 
v 66.0739 70.3147 2.46877 
v 66.0271 68.458 3.70527 
v 66.3567 69.1581 3.00318 
v 66.4381 69.5335 3.05225 
v 66.5577 69.5754 3.00723 
v 66.1634 70.2059 2.54096 
v 66.2275 70.2618 2.49162 
v 66.3538 68.9361 3.02373 
v 66.4891 69.1382 3.05017 
v 66.4681 69.3719 3.05318 
v 66.4681 69.3719 3.05318 
v 66.596 69.3756 3.0049 
v 66.3224 70.1136 2.5182 
v 66.251 70.0538 2.57534 
v 66.0825 70.0972 2.51442 
v 66.3792 68.1156 3.27406 
v 66.213 68.183 3.452 
v 66.2161 67.9936 3.33458 
v 66.3189 69.5493 2.61428 
v 66.4563 69.4647 2.64554 
v 66.3981 69.6533 2.63147 
v 66.3145 68.7459 3.0405 
v 66.2054 69.8973 2.56991 
v 66.3068 69.9009 2.60002 
v 66.251 70.0538 2.57534 
v 66.4854 68.9117 3.06015 
v 66.4891 69.1382 3.05017 
v 66.6286 69.1424 2.99302 
v 66.4128 69.9334 2.54274 
v 66.3068 69.9009 2.60002 
v 66.4593 69.9356 2.39827 
v 66.0566 68.1452 3.43692 
v 66.0376 67.9837 3.2729 
v 66.4589 68.6884 3.08738 
v 66.4854 68.9117 3.06015 
v 66.6314 68.8933 2.9975 
v 66.1634 70.2059 2.54096 
v 66.3981 69.6533 2.63147 
v 66.5074 69.6854 2.57044 
v 66.0503 69.935 2.12563 
v 66.1251 69.9776 2.05177 
v 66.1837 67.784 3.19748 
v 66.3567 67.8229 3.17974 
v 66.5241 68.1481 3.12983 
v 66.0351 67.7607 3.10704 
v 66.7151 68.9255 2.86326 
v 66.4563 69.4647 2.64554 
v 66.5751 69.441 2.58857 
v 66.2148 69.8604 2.07706 
v 66.1394 69.8168 2.16228 
v 66.5026 67.8684 3.09074 
v 66.2876 69.2084 2.35708 
v 66.21 69.7111 2.18887 
v 66.3017 69.7263 2.10759 
v 66.5116 67.3975 2.93313 
v 66.5769 67.6639 2.94692 
v 66.317 67.1617 2.93007 
v 66.4741 67.1479 2.91629 
v 66.2152 67.1103 2.77997 
v 66.3093 69.5307 2.2367 
v 66.3989 69.5484 2.15316 
v 66.4706 69.1562 2.3004 
v 66.3767 69.3691 2.27184 
v 66.4872 69.3404 2.19524 
v 66.65 68.9103 2.2628 
v 66.0773 69.516 1.68495 
v 66.2406 69.4321 1.68055 
v 66.058 68.2625 3.53583 
v 66.1973 68.3196 3.52231 
v 66.0336 68.3655 3.61989 
v 66.1667 68.4281 3.59469 

vn -0.220472 0.0314961 -0.976378 
vn -0.220472 0.023622 -0.976378 
vn 0.661417 0.0393701 0.748031 
vn 0.456693 0.0787402 0.889764 
vn 0.401575 0.338583 0.850394 
vn 0.606299 0.188976 0.779528 
vn -0.92126 0.244094 -0.299213 
vn -0.141732 -0.0393701 -0.992126 
vn -0.125984 0.19685 0.968504 
vn -0.19685 0.267717 0.944882 
vn -0.141732 0.19685 0.968504 
vn -0.110236 0.212598 0.968504 
vn -0.858268 0.456693 0.228346 
vn -0.826772 0.496063 0.259843 
vn -0.874016 0.377953 0.299213 
vn -0.818898 -0.496063 0.275591 
vn -0.181102 0.637795 0.748031 
vn -0.417323 0.480315 0.771654 
vn -0.110236 0.362205 0.92126 
vn 0.102362 0.496063 0.866142 
vn 0.220472 0.614173 0.755906 
vn -0.425197 0.724409 0.543307 
vn -0.503937 0.590551 0.629921 
vn 0.267717 0.472441 0.84252 
vn 0.685039 0.322835 0.653543 
vn 0.267717 0.472441 0.84252 
vn 0.401575 0.338583 0.850394 
vn -0.0944882 0.795276 0.606299 
vn -0.299213 0.913386 0.275591 
vn -0.385827 0.905512 0.188976 
vn -0.818898 0.519685 0.228346 
vn -0.299213 0.913386 0.275591 
vn -0.283465 0.96063 -0.0551181 
vn -0.338583 0.944882 0.0393701 
vn -0.338583 0.944882 0.0393701 
vn -0.795276 0.582677 0.149606 
vn -0.889764 -0.267717 0.370079 
vn -0.748031 0.511811 0.417323 
vn -0.952756 -0.251969 -0.173228 
vn -0.905512 -0.433071 -0.015748 
vn -0.0708661 0.204724 0.976378 
vn -0.0787402 0.204724 0.976378 
vn -0.0866142 0.212598 0.976378 
vn -0.023622 0.417323 0.905512 
vn -0.0551181 0.448819 0.889764 
vn 0.023622 0.496063 0.866142 
vn -0.291339 0.448819 0.84252 
vn -0.19685 0.433071 0.88189 
vn -0.220472 0.433071 0.874016 
vn -0.314961 0.480315 0.818898 
vn -0.149606 0.456693 0.88189 
vn 0.708661 0.511811 0.480315 
vn 0.141732 0.527559 0.834646 
vn 0.708661 0.511811 0.480315 
vn -0.346457 0.590551 0.732283 
vn -0.354331 0.551181 0.755906 
vn 0.818898 0.496063 0.283465 
vn 0.80315 0.330709 0.496063 
vn 0.551181 0.448819 0.700787 
vn -0.220472 0.023622 -0.976378 
vn 0.968504 0.244094 -0.0393701 
vn 0.645669 0.582677 0.496063 
vn 0.866142 0.440945 0.244094 
vn 0.874016 -0.220472 0.425197 
vn -0.204724 -0.425197 0.88189 
vn 0.409449 -0.385827 0.826772 
vn 0.0944882 -0.551181 0.826772 
vn -0.574803 -0.559055 0.598425 
vn -0.299213 -0.637795 0.708661 
vn -0.0551181 0.188976 0.976378 
vn 0.220472 0.614173 0.755906 
vn -0.866142 -0.133858 0.480315 
vn -0.551181 0.0314961 0.834646 
vn -0.19685 0.15748 0.968504 
vn 0.102362 0.496063 0.866142 
vn 0.661417 -0.299213 0.692913 
vn -0.92126 -0.212598 0.322835 
vn -0.425197 -0.330709 0.84252 
vn -0.472441 -0.0314961 0.88189 
vn -0.472441 -0.0314961 0.88189 
vn -0.19685 0.15748 0.968504 
vn -0.00787402 0.330709 0.944882 
vn -0.850394 0.377953 -0.354331 
vn 0.905512 -0.15748 0.393701 
vn -0.354331 -0.535433 0.76378 
vn -0.472441 -0.0314961 0.88189 
vn 0.220472 0.220472 0.952756 
vn 0.92126 -0.141732 0.362205 
vn -0.716535 0.685039 0.0866142 
vn -0.913386 -0.141732 0.377953 
vn 0.551181 0.448819 0.700787 
vn 0.330709 0.173228 0.929134 
vn 0.322835 0.15748 0.929134 
vn -0.409449 -0.0314961 0.913386 
vn 0.330709 0.173228 0.929134 
vn -0.370079 0.913386 0.165354 
vn -0.826772 0.496063 0.259843 
vn 0.456693 -0.574803 0.677165 
vn -0.866142 0.0551181 0.496063 
vn -0.409449 -0.0314961 0.913386 
vn 0.362205 0.102362 0.929134 
vn 0.267717 0.456693 0.850394 
vn 0.133858 0.511811 0.850394 
vn -0.535433 0.125984 0.834646 
vn -0.283465 0.015748 0.96063 
vn -0.330709 -0.023622 0.944882 
vn -0.330709 -0.023622 0.944882 
vn 0.385827 0.0393701 0.92126 
vn 0.346457 0.385827 0.858268 
vn 0.354331 0.393701 0.850394 
vn -0.850394 -0.283465 0.448819 
vn 0.685039 -0.141732 0.716535 
vn 0.433071 -0.417323 0.795276 
vn 0.188976 -0.519685 0.834646 
vn -0.23622 0.023622 0.968504 
vn -0.149606 0.0708661 0.984252 
vn -0.251969 0.023622 0.968504 
vn -0.503937 0.314961 0.80315 
vn -0.283465 0.015748 0.96063 
vn -0.283465 0.015748 0.96063 
vn 0.354331 0.393701 0.850394 
vn -0.251969 0.102362 0.96063 
vn -0.283465 0.015748 0.96063 
vn 0.685039 0.0551181 0.724409 
vn 0.417323 0.322835 0.850394 
vn -0.283465 0.015748 0.96063 
vn 0.818898 0.370079 -0.440945 
vn -0.346457 -0.622047 0.700787 
vn -0.622047 -0.511811 0.598425 
vn 0.456693 0.0787402 0.889764 
vn -0.251969 0.102362 0.96063 
vn 0.661417 0.023622 0.755906 
vn 0.267717 0.456693 0.850394 
vn -0.251969 0.023622 0.968504 
vn 0.464567 0.23622 0.858268 
vn -0.19685 0.267717 0.944882 
vn 0.299213 0.645669 0.700787 
vn -0.0944882 -0.551181 0.826772 
vn 0.417323 -0.409449 0.811024 
vn 0.740157 -0.023622 0.669291 
vn -0.661417 -0.448819 0.598425 
vn 0.952756 0.0787402 0.291339 
vn -0.149606 0.0708661 0.984252 
vn 0.488189 0.188976 0.850394 
vn 0.511811 0.535433 0.669291 
vn -0.125984 0.19685 0.968504 
vn 0.661417 -0.244094 0.708661 
vn -0.937008 0.125984 -0.330709 
vn -0.0787402 0.204724 0.976378 
vn 0.566929 0.496063 0.653543 
vn 0.472441 -0.204724 0.858268 
vn 0.708661 -0.19685 0.677165 
vn 0.11811 -0.11811 0.984252 
vn 0.0787402 -0.0866142 0.992126 
vn -0.826772 -0.425197 0.377953 
vn -0.0708661 0.204724 0.976378 
vn 0.598425 0.440945 0.669291 
vn 0.645669 0.582677 0.496063 
vn -0.0551181 0.188976 0.976378 
vn 0.84252 0.385827 0.370079 
vn 0.905512 0.307087 -0.291339 
vn -0.314961 0.480315 0.818898 
vn 0.464567 0.653543 0.598425 
vn -0.102362 -0.629921 0.76378 
vn 0.606299 -0.299213 0.732283 
vn -0.307087 -0.708661 0.637795 
vn 0.433071 -0.535433 0.724409 

vt 0.448998 0.3501 
vt 0.25755 0.350809 
vt 0.193407 0.541602 
vt 0.345124 0.509225 
vt 0.439666 0.556602 
vt 0.327247 0.596438 
vt 0.878982 0.603382 
vt 0.899128 0.127766 
vt 0.681236 0.163383 
vt 0.777068 0.127515 
vt 0.850248 0.152581 
vt 0.724483 0.19977 
vt 0.784832 0.0347297 
vt 0.737543 0.0123065 
vt 0.465823 0.340987 
vt 0.897497 0.625208 
vt 0.853162 0.456274 
vt 0.904293 0.474349 
vt 0.834761 0.482274 
vt 0.786643 0.472858 
vt 0.750522 0.462821 
vt 0.917065 0.450756 
vt 0.957386 0.468293 
vt 0.548745 0.572473 
vt 0.449621 0.609244 
vt 0.548745 0.572473 
vt 0.439666 0.556602 
vt 0.571698 0.540698 
vt 0.570538 0.0542952 
vt 0.493708 0.0449005 
vt 0.632075 0.0757747 
vt 0.570538 0.0542952 
vt 0.789645 0.0923204 
vt 0.859606 0.0998739 
vt 0.859606 0.0998739 
vt 0.911366 0.121396 
vt 0.910291 0.172642 
vt 0.533283 0.361159 
vt 0.697999 0.305335 
vt 0.816064 0.22713 
vt 0.496961 0.251281 
vt 0.605239 0.195887 
vt 0.58019 0.282066 
vt 0.481508 0.397594 
vt 0.530984 0.364581 
vt 0.608259 0.380723 
vt 0.80506 0.280238 
vt 0.697241 0.322528 
vt 0.651637 0.291962 
vt 0.744957 0.257515 
vt 0.594316 0.322476 
vt 0.416278 0.437332 
vt 0.592075 0.423226 
vt 0.416278 0.437332 
vt 0.818283 0.242089 
vt 0.854465 0.258069 
vt 0.153749 0.385014 
vt 0.154477 0.363613 
vt 0.267119 0.347072 
vt 0.25755 0.350809 
vt 0.0825731 0.423223 
vt 0.336528 0.368643 
vt 0.23312 0.387672 
vt 0.157796 0.909308 
vt 0.539978 0.88423 
vt 0.38705 0.828645 
vt 0.519311 0.829893 
vt 0.749217 0.834638 
vt 0.688947 0.815325 
vt 0.423725 0.300829 
vt 0.750522 0.462821 
vt 0.940609 0.504375 
vt 0.591965 0.118891 
vt 0.514069 0.0928276 
vt 0.786643 0.472858 
vt 0.750327 0.496757 
vt 0.95386 0.543891 
vt 0.836933 0.506542 
vt 0.503093 0.183083 
vt 0.444594 0.142161 
vt 0.514069 0.0928276 
vt 0.426134 0.0742135 
vt 0.743248 0.0256735 
vt 0.724759 0.529308 
vt 0.835071 0.544092 
vt 0.444594 0.142161 
vt 0.352703 0.120547 
vt 0.694405 0.557568 
vt 0.673996 0.44054 
vt 0.436323 0.27656 
vt 0.267119 0.347072 
vt 0.400051 0.184728 
vt 0.29136 0.173855 
vt 0.348959 0.248969 
vt 0.400051 0.184728 
vt 0.671798 0.00185883 
vt 0.737543 0.0123065 
vt 0.816611 0.575969 
vt 0.427882 0.364805 
vt 0.348959 0.248969 
vt 0.235197 0.236921 
vt 0.663726 0.0454507 
vt 0.590717 0.0286294 
vt 0.438265 0.433426 
vt 0.295968 0.370671 
vt 0.317936 0.298666 
vt 0.317936 0.298666 
vt 0.193941 0.297905 
vt 0.49181 0.0733811 
vt 0.569938 0.0917879 
vt 0.727563 0.0742918 
vt 0.437111 0.68377 
vt 0.613172 0.66138 
vt 0.604401 0.718945 
vt 0.482874 0.24446 
vt 0.334697 0.270744 
vt 0.395999 0.212514 
vt 0.481826 0.493007 
vt 0.605782 0.13754 
vt 0.495105 0.136421 
vt 0.569938 0.0917879 
vt 0.300736 0.440789 
vt 0.295968 0.370671 
vt 0.164839 0.36962 
vt 0.394646 0.128333 
vt 0.495105 0.136421 
vt 0.352605 0.127945 
vt 0.766905 0.671737 
vt 0.781603 0.722011 
vt 0.345124 0.509225 
vt 0.300736 0.440789 
vt 0.16131 0.445943 
vt 0.663726 0.0454507 
vt 0.395999 0.212514 
vt 0.292408 0.203984 
vt 0.777068 0.127515 
vt 0.706187 0.11675 
vt 0.633616 0.783113 
vt 0.455927 0.772029 
vt 0.280183 0.67454 
vt 0.783518 0.790903 
vt 0.0762383 0.4364 
vt 0.334697 0.270744 
vt 0.219008 0.27873 
vt 0.61287 0.152053 
vt 0.681236 0.163383 
vt 0.301892 0.759065 
vt 0.501767 0.349807 
vt 0.605239 0.195887 
vt 0.519155 0.193009 
vt 0.287984 0.903949 
vt 0.22179 0.822179 
vt 0.492708 0.976902 
vt 0.320314 0.981317 
vt 0.583207 0.990804 
vt 0.496961 0.251281 
vt 0.41374 0.247299 
vt 0.336528 0.368643 
vt 0.423725 0.300829 
vt 0.32271 0.310844 
vt 0.146321 0.442456 
vt 0.744957 0.257515 
vt 0.583641 0.284326 
vt 0.770707 0.635669 
vt 0.634068 0.620177 
vt 0.792802 0.603551 
vt 0.663689 0.585384 

usemtl Handle2Mtl

f 854/854/854 855/855/855 856/856/856 
f 856/856/856 857/857/857 854/854/854 
f 860/860/860 861/861/861 862/862/862 
f 862/862/862 863/863/863 860/860/860 
f 868/868/868 869/869/869 870/870/870 
f 870/870/870 871/871/871 868/868/868 
f 868/868/868 871/871/871 872/872/872 
f 856/856/856 875/875/875 876/876/876 
f 876/876/876 857/857/857 856/856/856 
f 892/892/892 893/893/893 863/863/863 
f 863/863/863 894/894/894 892/892/892 
f 891/891/891 863/863/863 862/862/862 
f 890/890/890 894/894/894 863/863/863 
f 863/863/863 891/891/891 890/890/890 
f 895/895/895 896/896/896 897/897/897 
f 898/898/898 899/899/899 900/900/900 
f 900/900/900 901/901/901 898/898/898 
f 902/902/902 900/900/900 899/899/899 
f 895/895/895 897/897/897 904/904/904 
f 904/904/904 905/905/905 895/895/895 
f 901/901/901 906/906/906 907/907/907 
f 907/907/907 898/898/898 901/901/901 
f 910/910/910 908/908/908 909/909/909 
f 916/916/916 917/917/917 918/918/918 
f 919/919/919 916/916/916 918/918/918 
f 894/894/894 921/921/921 892/892/892 
f 882/882/882 924/924/924 925/925/925 
f 925/925/925 883/883/883 882/882/882 
f 863/863/863 893/893/893 860/860/860 
f 929/929/929 870/870/870 869/869/869 
f 869/869/869 923/923/923 929/929/929 
f 924/924/924 930/930/930 931/931/931 
f 931/931/931 925/925/925 924/924/924 
f 880/880/880 932/932/932 933/933/933 
f 933/933/933 881/881/881 880/880/880 
f 927/927/927 926/926/926 870/870/870 
f 870/870/870 929/929/929 927/927/927 
f 861/861/861 886/886/886 887/887/887 
f 887/887/887 862/862/862 861/861/861 
f 936/936/936 929/929/929 923/923/923 
f 923/923/923 928/928/928 936/936/936 
f 932/932/932 937/937/937 938/938/938 
f 938/938/938 933/933/933 932/932/932 
f 935/935/935 927/927/927 929/929/929 
f 929/929/929 936/936/936 935/935/935 
f 937/937/937 943/943/943 944/944/944 
f 944/944/944 938/938/938 937/937/937 
f 930/930/930 941/941/941 945/945/945 
f 945/945/945 946/946/946 930/930/930 
f 935/935/935 936/936/936 949/949/949 
f 943/943/943 951/951/951 952/952/952 
f 952/952/952 944/944/944 943/943/943 
f 948/948/948 953/953/953 954/954/954 
f 954/954/954 947/947/947 948/948/948 
f 950/950/950 956/956/956 957/957/957 
f 957/957/957 941/941/941 950/950/950 
f 958/958/958 959/959/959 952/952/952 
f 952/952/952 951/951/951 958/958/958 
f 960/960/960 954/954/954 953/953/953 
f 953/953/953 961/961/961 960/960/960 
f 964/964/964 965/965/965 963/963/963 
f 966/966/966 967/967/967 968/968/968 
f 970/970/970 971/971/971 972/972/972 
f 955/955/955 973/973/973 956/956/956 
f 956/956/956 950/950/950 955/955/955 
f 974/974/974 975/975/975 959/959/959 
f 959/959/959 958/958/958 974/974/974 
f 976/976/976 960/960/960 961/961/961 
f 961/961/961 977/977/977 976/976/976 
f 968/968/968 971/971/971 970/970/970 
f 970/970/970 966/966/966 968/968/968 
f 965/965/965 964/964/964 979/979/979 
f 969/969/969 981/981/981 973/973/973 
f 973/973/973 955/955/955 969/969/969 
f 982/982/982 983/983/983 975/975/975 
f 975/975/975 974/974/974 982/982/982 
f 962/962/962 970/970/970 972/972/972 
f 972/972/972 984/984/984 962/962/962 
f 985/985/985 986/986/986 976/976/976 
f 976/976/976 977/977/977 985/985/985 
f 988/988/988 884/884/884 885/885/885 
f 965/965/965 989/989/989 990/990/990 
f 990/990/990 963/963/963 965/965/965 
f 864/864/864 962/962/962 984/984/984 
f 984/984/984 865/865/865 864/864/864 
f 991/991/991 857/857/857 876/876/876 
f 980/980/980 992/992/992 989/989/989 
f 989/989/989 965/965/965 980/980/980 
f 983/983/983 982/982/982 855/855/855 
f 855/855/855 854/854/854 983/983/983 
f 967/967/967 966/966/966 866/866/866 
f 866/866/866 942/942/942 967/967/967 
f 994/994/994 995/995/995 986/986/986 
f 986/986/986 985/985/985 994/994/994 
f 996/996/996 988/988/988 987/987/987 
f 963/963/963 990/990/990 998/998/998 
f 995/995/995 994/994/994 910/910/910 
f 910/910/910 909/909/909 995/995/995 
f 1000/1000/1000 1001/1001/1001 996/996/996 
f 996/996/996 997/997/997 1000/1000/1000 
f 1002/1002/1002 1003/1003/1003 917/917/917 
f 917/917/917 916/916/916 1002/1002/1002 
f 917/917/917 998/998/998 990/990/990 
f 990/990/990 918/918/918 917/917/917 
f 1002/1002/1002 916/916/916 1004/1004/1004 
f 1004/1004/1004 1005/1005/1005 1002/1002/1002 
f 1001/1001/1001 1000/1000/1000 1007/1007/1007 
f 1007/1007/1007 1008/1008/1008 1001/1001/1001 
f 998/998/998 917/917/917 1003/1003/1003 
f 930/930/930 946/946/946 931/931/931 
f 1008/1008/1008 1007/1007/1007 1010/1010/1010 
f 1010/1010/1010 1011/1011/1011 1008/1008/1008 
f 921/921/921 894/894/894 889/889/889 
f 889/889/889 1009/1009/1009 921/921/921 
f 1011/1011/1011 1010/1010/1010 913/913/913 
f 913/913/913 914/914/914 1011/1011/1011 
f 941/941/941 957/957/957 945/945/945 
f 897/897/897 896/896/896 902/902/902 
f 902/902/902 899/899/899 897/897/897 
f 969/969/969 879/879/879 878/878/878 
f 878/878/878 981/981/981 969/969/969 
f 979/979/979 1015/1015/1015 867/867/867 
f 964/964/964 1016/1016/1016 1015/1015/1015 
f 1015/1015/1015 979/979/979 964/964/964 
f 939/939/939 949/949/949 1017/1017/1017 
f 1017/1017/1017 1018/1018/1018 939/939/939 
f 1017/1017/1017 1015/1015/1015 1016/1016/1016 
f 1016/1016/1016 1018/1018/1018 1017/1017/1017 
f 989/989/989 920/920/920 918/918/918 
f 918/918/918 990/990/990 989/989/989 
f 992/992/992 920/920/920 989/989/989 

g Handle3

v 66.4862 68.8584 2.0121 
v 66.4934 68.9588 2.01943 
v 66.5687 68.7707 2.04935 
v 66.602 68.5822 3.02297 
v 66.4589 68.6884 3.08738 
v 66.4783 68.4066 3.14734 
v 65.9396 69.928 1.8537 
v 66.0055 69.9565 1.8387 
v 65.9275 68.2992 3.46137 
v 65.9992 68.7818 3.92842 
v 66.2687 68.4903 3.20584 
v 66.3678 68.3676 3.23999 
v 66.2687 68.4903 3.20584 
v 66.1845 68.5253 3.25087 
v 66.2837 68.4417 3.29877 
v 66.315 70.2361 2.86055 
v 66.2374 70.1863 2.93992 
v 66.306 70.2167 2.93624 
v 66.3208 70.2093 2.77029 
v 66.2546 70.1807 2.74633 
v 66.0216 70.0417 1.91233 
v 66.037 70.0634 2.00649 
v 65.9718 70.0385 2.04693 
v 66.419 69.0129 1.88395 
v 66.3244 69.0586 1.9493 
v 66.3988 68.9311 2.00021 
v 66.4832 68.8568 1.94297 
v 66.3988 68.9311 2.00021 
v 66.5755 68.1762 2.03184 
v 66.4998 67.922 2.02393 
v 66.5136 68.132 1.96033 
v 66.7807 68.4513 2.61927 
v 66.7591 68.1774 2.54721 
v 66.7859 68.4588 2.52886 
v 66.7293 68.3722 2.2959 
v 66.6804 68.0676 2.25793 
v 66.6988 68.3167 2.21951 
v 66.7255 68.3734 2.85025 
v 66.7154 68.132 2.81555 
v 66.7563 68.4246 2.75398 
v 66.769 68.4397 2.43609 
v 66.7452 68.7182 2.38803 
v 66.6766 68.9469 2.35593 
v 66.7241 68.9516 2.48818 
v 66.7707 68.7349 2.50587 
v 66.6414 69.1011 2.64706 
v 66.7103 68.9774 2.61855 
v 66.6404 69.1675 2.60767 
v 66.5322 69.2237 2.659 
v 66.6414 69.0982 2.67588 
v 66.5256 69.2031 2.66845 
v 66.651 69.1632 2.72112 
v 66.7096 68.9717 2.72017 
v 66.593 69.0507 2.31382 
v 66.6049 69.1304 2.3407 
v 66.493 68.8317 1.99005 
v 66.5417 68.7081 1.97152 
v 66.4706 69.1562 2.3004 
v 66.5792 69.0374 2.298 
v 66.5697 69.0914 2.24502 
v 66.7224 67.6906 2.56838 
v 66.6833 67.7041 2.79451 
v 66.6388 67.3797 2.79376 
v 66.6879 67.3549 2.57656 
v 66.223 68.5326 3.34634 
v 66.0397 68.9051 3.84231 
v 66.0903 68.8774 3.72536 
v 66.0116 68.8075 3.52291 
v 66.0829 68.8502 3.87947 
v 66.1315 68.8016 3.80279 
v 66.121 68.8007 3.59107 
v 66.0116 68.8075 3.52291 
v 66.0475 68.8151 3.91512 
v 66.0919 68.7214 3.86993 
v 66.1648 68.7129 3.69073 
v 66.3754 70.1098 2.97746 
v 66.2599 68.4266 3.43865 
v 66.307 68.2975 3.38001 
v 66.1202 68.6182 3.77236 
v 66.1921 68.6298 3.58247 
v 66.1566 68.7061 3.4865 
v 66.3928 70.1023 2.74937 
v 66.4245 70.1348 2.86507 
v 66.4473 69.9567 2.99065 
v 66.1394 70.3167 2.26422 
v 66.0682 70.2688 2.26195 
v 66.1424 70.3634 2.34854 
v 66.1483 68.5266 3.67173 
v 66.4635 69.9504 2.74631 
v 66.4989 69.9824 2.87619 
v 66.5055 69.7819 2.99877 
v 66.1432 70.357 2.44577 
v 66.5225 69.7767 2.74489 
v 66.5626 69.7988 2.87907 
v 66.4381 69.5335 3.05225 
v 66.5577 69.5754 3.00723 
v 66.2275 70.2618 2.49162 
v 66.2635 70.2694 2.36101 
v 66.2334 70.2181 2.25821 
v 66.596 69.3756 3.0049 
v 66.5741 69.5764 2.74229 
v 66.6177 69.5908 2.88263 
v 66.3224 70.1136 2.5182 
v 66.3638 70.1206 2.37559 
v 66.3269 70.0771 2.27178 
v 66.3792 68.1156 3.27406 
v 66.213 68.183 3.452 
v 66.6286 69.1424 2.99302 
v 66.6099 69.3879 2.73539 
v 66.6594 69.3891 2.87246 
v 66.4128 69.9334 2.54274 
v 66.4593 69.9356 2.39827 
v 66.4139 69.9064 2.28956 
v 66.6314 68.8933 2.9975 
v 66.6916 69.1591 2.86333 
v 66.5074 69.6854 2.57044 
v 66.5519 69.6828 2.4211 
v 66.4992 69.6588 2.30846 
v 66.1251 69.9776 2.05177 
v 66.5241 68.1481 3.12983 
v 66.1348 69.9464 1.91838 
v 66.7151 68.9255 2.86326 
v 66.5751 69.441 2.58857 
v 66.5583 69.4101 2.32917 
v 66.6184 69.4276 2.4481 
v 66.2148 69.8604 2.07706 
v 66.5026 67.8684 3.09074 
v 65.9069 67.835 2.92651 
v 66.2193 69.824 1.93216 
v 66.7196 68.6598 2.86922 
v 66.669 69.1586 2.46986 
v 66.3017 69.7263 2.10759 
v 66.5116 67.3975 2.93313 
v 66.5769 67.6639 2.94692 
v 66.6285 67.9597 2.95977 
v 66.6533 68.2384 2.96059 
v 66.4741 67.1479 2.91629 
v 66.31 69.6849 1.96211 
v 66.7527 68.7082 2.7379 
v 66.3989 69.5484 2.15316 
v 66.5249 67.1042 2.78608 
v 66.5478 67.0845 2.56649 
v 66.4098 69.5059 2.00495 
v 66.3375 69.4371 1.92178 
v 66.7665 68.7309 2.62212 
v 66.4872 69.3404 2.19524 
v 66.5444 67.0824 2.30891 
v 66.6468 67.323 2.31333 
v 66.5007 69.2933 2.06176 
v 66.4223 69.2276 1.96934 
v 66.5195 67.3016 2.12253 
v 66.5057 67.1057 2.1488 
v 66.6602 67.6268 2.30128 
v 66.5726 69.0428 2.11331 
v 66.65 68.9103 2.2628 
v 66.5068 67.5632 2.09563 
v 66.7148 68.6667 2.27752 
v 66.6338 68.831 2.14778 
v 66.6825 68.5991 2.17971 
v 65.9743 69.4675 1.46558 
v 66.6326 68.5281 2.09293 
v 66.656 68.2573 2.1503 
v 66.582 68.4604 1.99932 
v 66.515 68.4056 1.90944 
v 66.398 68.5983 1.7946 
v 66.2528 68.6084 1.78788 
v 66.4982 68.6332 1.86812 
v 66.3764 68.7552 1.73987 
v 66.348 68.8878 1.67846 
v 66.4688 68.7998 1.82386 
v 66.1438 69.5513 1.61183 
v 66.0773 69.516 1.68495 
v 66.1576 69.5051 1.49371 
v 66.1925 69.2933 1.48395 
v 66.3092 69.019 1.61605 
v 66.4265 68.9427 1.75923 
v 66.2406 69.4321 1.68055 
v 66.2565 69.3783 1.54861 
v 66.2594 69.1642 1.54821 
v 66.3821 69.0863 1.69418 
v 66.3665 69.1534 1.82129 
v 66.2785 69.1667 1.8984 
v 66.3097 69.2985 1.75067 
v 66.2186 69.304 1.82119 
v 66.3294 69.2362 1.62276 
v 66.17 68.6406 3.40986 
v 66.058 68.2625 3.53583 
v 66.1973 68.3196 3.52231 
v 66.1667 68.4281 3.59469 
v 66.22 68.5347 3.50865 

vn 0.354331 0.0393701 -0.937008 
vn 0.488189 0.0393701 -0.874016 
vn 0.787402 0.204724 -0.582677 
vn 0.661417 0.0393701 0.748031 
vn 0.456693 0.0787402 0.889764 
vn 0.606299 0.188976 0.779528 
vn -0.141732 -0.0393701 -0.992126 
vn -0.181102 -0.102362 -0.976378 
vn -0.818898 -0.496063 0.275591 
vn -0.110236 0.362205 0.92126 
vn 0.267717 0.472441 0.84252 
vn 0.685039 0.322835 0.653543 
vn 0.267717 0.472441 0.84252 
vn 0.480315 0.795276 0.362205 
vn 0.795276 0.559055 0.244094 
vn -0.283465 0.913386 0.299213 
vn -0.299213 0.913386 0.275591 
vn -0.385827 0.905512 0.188976 
vn -0.165354 0.897638 -0.401575 
vn -0.204724 0.866142 -0.456693 
vn -0.283465 0.850394 -0.440945 
vn -0.283465 0.96063 -0.0551181 
vn -0.338583 0.944882 0.0393701 
vn 0.700787 0.527559 0.488189 
vn -0.023622 0.417323 0.905512 
vn 0.708661 0.511811 0.480315 
vn 0.897638 0.448819 0 
vn 0.708661 0.511811 0.480315 
vn 0.826772 -0.149606 -0.543307 
vn 0.598425 -0.212598 -0.771654 
vn 0.661417 -0.204724 -0.724409 
vn 0.992126 -0.0314961 0.11811 
vn 0.992126 -0.102362 -0.0393701 
vn 1 -0.023622 -0.0629921 
vn 0.952756 -0.0472441 -0.291339 
vn 0.92126 -0.125984 -0.377953 
vn 0.913386 -0.0708661 -0.401575 
vn 0.905512 -0.0393701 0.417323 
vn 0.944882 -0.0866142 0.307087 
vn 0.976378 -0.0393701 0.220472 
vn 0.976378 -0.0393701 -0.220472 
vn 0.952756 0.133858 -0.283465 
vn 0.866142 0.283465 -0.409449 
vn 0.96063 0.228346 -0.133858 
vn 0.984252 0.125984 -0.0944882 
vn 0.818898 0.496063 0.283465 
vn 0.952756 0.307087 0.0787402 
vn 0.80315 0.330709 0.496063 
vn 0.551181 0.448819 0.700787 
vn 0.708661 0.330709 -0.622047 
vn -0.220472 0.023622 -0.976378 
vn 0.779528 0.283465 -0.559055 
vn 0.968504 0.244094 -0.0393701 
vn 0.637795 0.370079 -0.677165 
vn 0.645669 0.188976 -0.740157 
vn 0.818898 0.496063 -0.291339 
vn 0.889764 0.188976 -0.425197 
vn 0.645669 0.582677 0.496063 
vn 0.645669 0.582677 0.496063 
vn 0.866142 0.440945 0.244094 
vn 0.992126 -0.0944882 -0.015748 
vn 0.929134 -0.11811 0.354331 
vn 0.874016 -0.220472 0.425197 
vn 0.96063 -0.259843 0.0393701 
vn 0.80315 0.574803 -0.15748 
vn 0.0551181 0.795276 0.606299 
vn 0.385827 0.905512 -0.173228 
vn -0.330709 0.566929 -0.755906 
vn 0.220472 0.614173 0.755906 
vn 0.80315 0.582677 0.11811 
vn 0.401575 0.818898 -0.417323 
vn -0.330709 0.566929 -0.755906 
vn 0.102362 0.496063 0.866142 
vn 0.661417 -0.299213 0.692913 
vn 0.92126 0.385827 -0.015748 
vn -0.00787402 0.330709 0.944882 
vn 0.92126 0.173228 0.346457 
vn 0.834646 0.0551181 0.543307 
vn 0.905512 -0.15748 0.393701 
vn 0.937008 0.354331 -0.0472441 
vn 0.929134 0.354331 -0.0629921 
vn 0.259843 0.330709 -0.905512 
vn 0.834646 0.543307 0.0393701 
vn 0.220472 0.220472 0.952756 
vn -0.370079 0.771654 -0.519685 
vn -0.850394 0.377953 -0.354331 
vn -0.307087 0.929134 -0.204724 
vn 0.92126 -0.141732 0.362205 
vn 0.409449 0.220472 -0.889764 
vn 0.826772 0.409449 0.393701 
vn 0.322835 0.15748 0.929134 
vn -0.370079 0.913386 0.165354 
vn 0.464567 0.165354 -0.866142 
vn 0.866142 0.299213 0.401575 
vn -0.409449 -0.0314961 0.913386 
vn 0.362205 0.102362 0.929134 
vn 0.133858 0.511811 0.850394 
vn 0.76378 0.622047 -0.15748 
vn 0.669291 0.559055 -0.488189 
vn 0.385827 0.0393701 0.92126 
vn 0.480315 0.125984 -0.866142 
vn 0.889764 0.204724 0.409449 
vn 0.346457 0.385827 0.858268 
vn 0.755906 0.456693 -0.464567 
vn 0.755906 0.456693 -0.464567 
vn 0.685039 -0.141732 0.716535 
vn 0.433071 -0.417323 0.795276 
vn 0.685039 0.0551181 0.724409 
vn 0.472441 0.125984 -0.874016 
vn 0.984252 0.15748 0.0629921 
vn 0.417323 0.322835 0.850394 
vn 0.818898 0.370079 -0.440945 
vn 0.818898 0.370079 -0.440945 
vn 0.661417 0.023622 0.755906 
vn 0.984252 0.149606 0.11811 
vn 0.464567 0.23622 0.858268 
vn 0.850394 0.267717 -0.456693 
vn 0.850394 0.267717 -0.448819 
vn 0.299213 0.645669 0.700787 
vn 0.740157 -0.023622 0.669291 
vn 0.700787 0.519685 -0.496063 
vn 0.952756 0.0787402 0.291339 
vn 0.488189 0.188976 0.850394 
vn 0.866142 0.173228 -0.464567 
vn 0.968504 0.204724 -0.133858 
vn 0.511811 0.535433 0.669291 
vn 0.661417 -0.244094 0.708661 
vn -0.944882 -0.181102 0.259843 
vn 0.574803 0.275591 -0.771654 
vn 0.897638 0 0.433071 
vn 0.96063 0.23622 -0.15748 
vn 0.566929 0.496063 0.653543 
vn 0.472441 -0.204724 0.858268 
vn 0.708661 -0.19685 0.677165 
vn 0.834646 -0.11811 0.535433 
vn 0.834646 -0.0314961 0.551181 
vn 0.0787402 -0.0866142 0.992126 
vn 0.598425 0.228346 -0.771654 
vn 0.984252 0.0708661 0.173228 
vn 0.598425 0.440945 0.669291 
vn 0.874016 -0.401575 0.275591 
vn 0.897638 -0.448819 0.0393701 
vn 0.653543 0.188976 -0.732283 
vn 0.677165 0.15748 -0.724409 
vn 0.984252 0.125984 0.0866142 
vn 0.84252 0.385827 0.370079 
vn 0.92126 -0.322835 -0.212598 
vn 0.92126 -0.220472 -0.322835 
vn 0.889764 0.228346 -0.393701 
vn 0.716535 0.0944882 -0.692913 
vn 0.88189 -0.244094 -0.401575 
vn 0.96063 -0.102362 -0.251969 
vn 0.913386 -0.0787402 -0.393701 
vn 0.88189 0.19685 -0.433071 
vn 0.905512 0.307087 -0.291339 
vn 0.818898 -0.0393701 -0.574803 
vn 0.937008 0.110236 -0.330709 
vn 0.866142 0.173228 -0.472441 
vn 0.889764 0.0629921 -0.448819 
vn -0.779528 0.338583 -0.527559 
vn 0.866142 0.0393701 -0.503937 
vn 0.874016 -0.102362 -0.480315 
vn 0.850394 -0.015748 -0.519685 
vn 0.692913 -0.11811 -0.716535 
vn 0.362205 -0.204724 -0.905512 
vn -0.669291 -0.19685 -0.716535 
vn 0.779528 -0.023622 -0.629921 
vn 0.110236 -0.362205 -0.92126 
vn 0.181102 -0.393701 -0.897638 
vn 0.866142 0.0629921 -0.496063 
vn 0.251969 0.771654 0.582677 
vn -0.314961 0.480315 0.818898 
vn 0.645669 0.488189 -0.582677 
vn 0.0393701 -0.307087 -0.952756 
vn 0.19685 -0.370079 -0.913386 
vn 0.755906 -0.102362 -0.645669 
vn 0.464567 0.653543 0.598425 
vn 0.637795 0.165354 -0.755906 
vn 0.173228 -0.354331 -0.92126 
vn 0.779528 -0.0393701 -0.629921 
vn 0.653543 0.511811 0.551181 
vn -0.0551181 0.448819 0.889764 
vn 0.559055 0.566929 0.606299 
vn -0.149606 0.456693 0.88189 
vn 0.76378 0 -0.645669 
vn 0.472441 0.677165 -0.566929 
vn -0.102362 -0.629921 0.76378 
vn 0.606299 -0.299213 0.732283 
vn 0.433071 -0.535433 0.724409 
vn 0.913386 -0.0866142 0.401575 

vt 0.236115 0.456758 
vt 0.238585 0.42592 
vt 0.248377 0.484705 
vt 0.633342 0.541602 
vt 0.658372 0.509225 
vt 0.683641 0.596438 
vt 0.172175 0.127766 
vt 0.165951 0.118648 
vt 0.815393 0.625208 
vt 1 0.482274 
vt 0.706911 0.572473 
vt 0.722326 0.609244 
vt 0.706911 0.572473 
vt 0.729119 0.563718 
vt 0.749551 0.587928 
vt 0.570964 0.0389943 
vt 0.60342 0.0542952 
vt 0.602627 0.0449005 
vt 0.539973 0.0471431 
vt 0.530681 0.0557241 
vt 0.191526 0.0983193 
vt 0.226667 0.0923204 
vt 0.242336 0.0998739 
vt 0.172435 0.412321 
vt 0.195606 0.397594 
vt 0.219758 0.437332 
vt 0.200396 0.459775 
vt 0.219758 0.437332 
vt 0.240939 0.665129 
vt 0.239582 0.742821 
vt 0.213344 0.678361 
vt 0.474354 0.58136 
vt 0.446342 0.665058 
vt 0.439074 0.579107 
vt 0.346233 0.60555 
vt 0.331502 0.698632 
vt 0.316075 0.622465 
vt 0.565819 0.605223 
vt 0.552607 0.679075 
vt 0.528284 0.589515 
vt 0.402647 0.584863 
vt 0.38362 0.500389 
vt 0.371598 0.431087 
vt 0.423116 0.429289 
vt 0.429986 0.49523 
vt 0.484309 0.385014 
vt 0.474382 0.421849 
vt 0.466566 0.363613 
vt 0.485771 0.347072 
vt 0.503384 0.384905 
vt 0.503244 0.350809 
vt 0.521263 0.36465 
vt 0.516653 0.423223 
vt 0.356653 0.399724 
vt 0.368094 0.374144 
vt 0.221905 0.467772 
vt 0.21546 0.503849 
vt 0.341661 0.368643 
vt 0.340685 0.405122 
vt 0.321199 0.387672 
vt 0.454757 0.814592 
vt 0.543672 0.810308 
vt 0.542789 0.909308 
vt 0.457635 0.916684 
vt 0.772153 0.560101 
vt 0.967556 0.447068 
vt 0.926353 0.456234 
vt 0.848796 0.475619 
vt 0.981448 0.462821 
vt 0.955459 0.477549 
vt 0.87375 0.479276 
vt 0.848796 0.475619 
vt 0.995043 0.472858 
vt 0.978081 0.496757 
vt 0.910998 0.503576 
vt 0.613241 0.0742135 
vt 0.805581 0.590196 
vt 0.780142 0.629115 
vt 0.94085 0.529308 
vt 0.867245 0.528893 
vt 0.828359 0.505459 
vt 0.535562 0.0765002 
vt 0.574916 0.0678288 
vt 0.618538 0.120547 
vt 0.335211 0.0133792 
vt 0.332944 0.0256735 
vt 0.366929 0 
vt 0.900202 0.557568 
vt 0.534194 0.122497 
vt 0.576556 0.113827 
vt 0.622028 0.173855 
vt 0.403445 0.00185883 
vt 0.533423 0.175483 
vt 0.57766 0.169519 
vt 0.643898 0.248969 
vt 0.625469 0.236921 
vt 0.416512 0.0286294 
vt 0.371611 0.0269889 
vt 0.332511 0.0423383 
vt 0.624586 0.297905 
vt 0.532367 0.236783 
vt 0.579045 0.232837 
vt 0.427253 0.0733811 
vt 0.380036 0.0716722 
vt 0.337838 0.0850348 
vt 0.735667 0.68377 
vt 0.80736 0.66138 
vt 0.621357 0.36962 
vt 0.529623 0.294656 
vt 0.577725 0.294503 
vt 0.437291 0.128333 
vt 0.389063 0.127945 
vt 0.344873 0.136932 
vt 0.622923 0.445943 
vt 0.573566 0.365085 
vt 0.448489 0.203984 
vt 0.398473 0.204979 
vt 0.35262 0.212334 
vt 0.238926 0.11675 
vt 0.677418 0.67454 
vt 0.194434 0.125545 
vt 0.57213 0.4364 
vt 0.455924 0.27873 
vt 0.361166 0.288151 
vt 0.406824 0.282961 
vt 0.249463 0.152053 
vt 0.661207 0.759065 
vt 0.598096 0.769728 
vt 0.202276 0.161642 
vt 0.573399 0.517512 
vt 0.415862 0.365767 
vt 0.262003 0.193009 
vt 0.595923 0.903949 
vt 0.603 0.822179 
vt 0.609377 0.731814 
vt 0.609581 0.646746 
vt 0.587988 0.981317 
vt 0.214449 0.204093 
vt 0.522133 0.503082 
vt 0.2804 0.247299 
vt 0.540884 0.992816 
vt 0.453541 0.998578 
vt 0.231547 0.258805 
vt 0.197673 0.279737 
vt 0.475771 0.496456 
vt 0.299936 0.310844 
vt 0.350882 1 
vt 0.353573 0.926723 
vt 0.251886 0.324341 
vt 0.216751 0.343695 
vt 0.276656 0.933147 
vt 0.286115 0.994211 
vt 0.349252 0.834285 
vt 0.273161 0.40109 
vt 0.332779 0.442456 
vt 0.267128 0.854072 
vt 0.339081 0.516061 
vt 0.287494 0.465987 
vt 0.300283 0.53654 
vt 0.0106245 0.271527 
vt 0.265455 0.558203 
vt 0.288581 0.640513 
vt 0.22753 0.578651 
vt 0.192593 0.594858 
vt 0.147446 0.535136 
vt 0.143179 0.532091 
vt 0.17509 0.525536 
vt 0.125325 0.485994 
vt 0.100171 0.44506 
vt 0.15601 0.474892 
vt 0.0610508 0.248443 
vt 0.0888529 0.257515 
vt 0.0225094 0.260896 
vt 0.021548 0.32106 
vt 0.0749279 0.404929 
vt 0.130957 0.429986 
vt 0.0888567 0.284326 
vt 0.0462338 0.297845 
vt 0.0474147 0.360409 
vt 0.104384 0.38627 
vt 0.146452 0.36906 
vt 0.175045 0.364581 
vt 0.117296 0.324846 
vt 0.143723 0.322476 
vt 0.0754818 0.340474 
vt 0.801304 0.527562 
vt 0.841692 0.635669 
vt 0.836453 0.620177 
vt 0.865938 0.585384 
vt 0.833586 0.555397 

usemtl Handle2Mtl

f 1033/1033/1033 1030/1030/1030 1029/1029/1029 
f 1042/1042/1042 1043/1043/1043 1044/1044/1044 
f 1044/1044/1044 1045/1045/1045 1042/1042/1042 
f 1047/1047/1047 1048/1048/1048 1049/1049/1049 
f 1050/1050/1050 1051/1051/1051 1052/1052/1052 
f 1053/1053/1053 1054/1054/1054 1055/1055/1055 
f 1056/1056/1056 1057/1057/1057 1058/1058/1058 
f 1052/1052/1052 1051/1051/1051 1059/1059/1059 
f 1060/1060/1060 1061/1061/1061 1062/1062/1062 
f 1062/1062/1062 1063/1063/1063 1060/1060/1060 
f 1064/1064/1064 1065/1065/1065 1066/1066/1066 
f 1071/1071/1071 1068/1068/1068 1070/1070/1070 
f 1074/1074/1074 1075/1075/1075 1045/1045/1045 
f 1076/1076/1076 1077/1077/1077 1078/1078/1078 
f 1079/1079/1079 1080/1080/1080 1081/1081/1081 
f 1081/1081/1081 1082/1082/1082 1079/1079/1079 
f 1083/1083/1083 1033/1033/1033 1032/1032/1032 
f 1084/1084/1084 1087/1087/1087 1088/1088/1088 
f 1088/1088/1088 1085/1085/1085 1084/1084/1084 
f 1087/1087/1087 1091/1091/1091 1092/1092/1092 
f 1092/1092/1092 1088/1088/1088 1087/1087/1087 
f 1093/1093/1093 1089/1089/1089 1085/1085/1085 
f 1085/1085/1085 1088/1088/1088 1093/1093/1093 
f 1033/1033/1033 1083/1083/1083 1095/1095/1095 
f 1095/1095/1095 1096/1096/1096 1033/1033/1033 
f 1088/1088/1088 1092/1092/1092 1097/1097/1097 
f 1097/1097/1097 1093/1093/1093 1088/1088/1088 
f 1098/1098/1098 1099/1099/1099 1089/1089/1089 
f 1089/1089/1089 1093/1093/1093 1098/1098/1098 
f 1036/1036/1036 1094/1094/1094 1101/1101/1101 
f 1093/1093/1093 1097/1097/1097 1106/1106/1106 
f 1106/1106/1106 1098/1098/1098 1093/1093/1093 
f 1101/1101/1101 1100/1100/1100 1037/1037/1037 
f 1037/1037/1037 1034/1034/1034 1101/1101/1101 
f 1094/1094/1094 1102/1102/1102 1108/1108/1108 
f 1108/1108/1108 1101/1101/1101 1094/1094/1094 
f 1108/1108/1108 1107/1107/1107 1100/1100/1100 
f 1100/1100/1100 1101/1101/1101 1108/1108/1108 
f 1112/1112/1112 1108/1108/1108 1102/1102/1102 
f 1102/1102/1102 1109/1109/1109 1112/1112/1112 
f 1116/1116/1116 1117/1117/1117 1103/1103/1103 
f 1112/1112/1112 1111/1111/1111 1107/1107/1107 
f 1107/1107/1107 1108/1108/1108 1112/1112/1112 
f 1109/1109/1109 1114/1114/1114 1120/1120/1120 
f 1120/1120/1120 1112/1112/1112 1109/1109/1109 
f 1122/1122/1122 1123/1123/1123 1117/1117/1117 
f 1117/1117/1117 1116/1116/1116 1122/1122/1122 
f 1124/1124/1124 1096/1096/1096 1125/1125/1125 
f 1118/1118/1118 1128/1128/1128 1120/1120/1120 
f 1120/1120/1120 1114/1114/1114 1118/1118/1118 
f 1120/1120/1120 1119/1119/1119 1111/1111/1111 
f 1111/1111/1111 1112/1112/1112 1120/1120/1120 
f 1115/1115/1115 1121/1121/1121 1122/1122/1122 
f 1122/1122/1122 1116/1116/1116 1115/1115/1115 
f 1122/1122/1122 1130/1130/1130 1131/1131/1131 
f 1131/1131/1131 1123/1123/1123 1122/1122/1122 
f 1126/1126/1126 1133/1133/1133 1128/1128/1128 
f 1128/1128/1128 1118/1118/1118 1126/1126/1126 
f 1128/1128/1128 1127/1127/1127 1119/1119/1119 
f 1119/1119/1119 1120/1120/1120 1128/1128/1128 
f 1121/1121/1121 1129/1129/1129 1130/1130/1130 
f 1130/1130/1130 1122/1122/1122 1121/1121/1121 
f 1130/1130/1130 1135/1135/1135 1136/1136/1136 
f 1136/1136/1136 1131/1131/1131 1130/1130/1130 
f 1030/1030/1030 1124/1124/1124 1138/1138/1138 
f 1126/1126/1126 1132/1132/1132 1140/1140/1140 
f 1140/1140/1140 1133/1133/1133 1126/1126/1126 
f 1133/1133/1133 1070/1070/1070 1127/1127/1127 
f 1127/1127/1127 1128/1128/1128 1133/1133/1133 
f 1135/1135/1135 1130/1130/1130 1129/1129/1129 
f 1129/1129/1129 1134/1134/1134 1135/1135/1135 
f 1142/1142/1142 1136/1136/1136 1135/1135/1135 
f 1135/1135/1135 1143/1143/1143 1142/1142/1142 
f 1040/1040/1040 1137/1137/1137 1139/1139/1139 
f 1145/1145/1145 1138/1138/1138 1124/1124/1124 
f 1132/1132/1132 1022/1022/1022 1148/1148/1148 
f 1148/1148/1148 1140/1140/1140 1132/1132/1132 
f 1071/1071/1071 1070/1070/1070 1133/1133/1133 
f 1133/1133/1133 1140/1140/1140 1071/1071/1071 
f 1069/1069/1069 1068/1068/1068 1064/1064/1064 
f 1064/1064/1064 1067/1067/1067 1069/1069/1069 
f 1141/1141/1141 1143/1143/1143 1135/1135/1135 
f 1135/1135/1135 1134/1134/1134 1141/1141/1141 
f 1073/1073/1073 1142/1142/1142 1143/1143/1143 
f 1143/1143/1143 1149/1149/1149 1073/1073/1073 
f 1144/1144/1144 1147/1147/1147 1139/1139/1139 
f 1139/1139/1139 1137/1137/1137 1144/1144/1144 
f 1153/1153/1153 1154/1154/1154 1138/1138/1138 
f 1138/1138/1138 1145/1145/1145 1153/1153/1153 
f 1022/1022/1022 1154/1154/1154 1056/1056/1056 
f 1056/1056/1056 1148/1148/1148 1022/1022/1022 
f 1157/1157/1157 1071/1071/1071 1140/1140/1140 
f 1140/1140/1140 1148/1148/1148 1157/1157/1157 
f 1068/1068/1068 1071/1071/1071 1065/1065/1065 
f 1065/1065/1065 1064/1064/1064 1068/1068/1068 
f 1143/1143/1143 1141/1141/1141 1066/1066/1066 
f 1066/1066/1066 1149/1149/1149 1143/1143/1143 
f 1150/1150/1150 1156/1156/1156 1147/1147/1147 
f 1147/1147/1147 1144/1144/1144 1150/1150/1150 
f 1152/1152/1152 1153/1153/1153 1145/1145/1145 
f 1057/1057/1057 1154/1154/1154 1153/1153/1153 
f 1082/1082/1082 1081/1081/1081 1159/1159/1159 
f 1159/1159/1159 1160/1160/1160 1082/1082/1082 
f 1058/1058/1058 1157/1157/1157 1148/1148/1148 
f 1148/1148/1148 1056/1056/1056 1058/1058/1058 
f 1071/1071/1071 1157/1157/1157 1163/1163/1163 
f 1163/1163/1163 1065/1065/1065 1071/1071/1071 
f 1149/1149/1149 1066/1066/1066 1065/1065/1065 
f 1065/1065/1065 1062/1062/1062 1149/1149/1149 
f 1156/1156/1156 1150/1150/1150 1158/1158/1158 
f 1158/1158/1158 1161/1161/1161 1156/1156/1156 
f 1080/1080/1080 1057/1057/1057 1153/1153/1153 
f 1153/1153/1153 1152/1152/1152 1080/1080/1080 
f 1058/1058/1058 1057/1057/1057 1051/1051/1051 
f 1051/1051/1051 1050/1050/1050 1058/1058/1058 
f 1160/1160/1160 1165/1165/1165 1166/1166/1166 
f 1166/1166/1166 1082/1082/1082 1160/1160/1160 
f 1162/1162/1162 1161/1161/1161 1167/1167/1167 
f 1167/1167/1167 1168/1168/1168 1162/1162/1162 
f 1157/1157/1157 1058/1058/1058 1050/1050/1050 
f 1050/1050/1050 1163/1163/1163 1157/1157/1157 
f 1062/1062/1062 1065/1065/1065 1163/1163/1163 
f 1163/1163/1163 1063/1063/1063 1062/1062/1062 
f 1072/1072/1072 1077/1077/1077 1076/1076/1076 
f 1161/1161/1161 1158/1158/1158 1164/1164/1164 
f 1164/1164/1164 1167/1167/1167 1161/1161/1161 
f 1079/1079/1079 1051/1051/1051 1057/1057/1057 
f 1057/1057/1057 1080/1080/1080 1079/1079/1079 
f 1169/1169/1169 1166/1166/1166 1165/1165/1165 
f 1165/1165/1165 1170/1170/1170 1169/1169/1169 
f 1171/1171/1171 1079/1079/1079 1082/1082/1082 
f 1082/1082/1082 1166/1166/1166 1171/1171/1171 
f 1168/1168/1168 1167/1167/1167 1172/1172/1172 
f 1172/1172/1172 1020/1020/1020 1168/1168/1168 
f 1052/1052/1052 1063/1063/1063 1163/1163/1163 
f 1163/1163/1163 1050/1050/1050 1052/1052/1052 
f 1077/1077/1077 1072/1072/1072 1061/1061/1061 
f 1061/1061/1061 1173/1173/1173 1077/1077/1077 
f 1167/1167/1167 1164/1164/1164 1078/1078/1078 
f 1078/1078/1078 1172/1172/1172 1167/1167/1167 
f 1054/1054/1054 1051/1051/1051 1079/1079/1079 
f 1079/1079/1079 1171/1171/1171 1054/1054/1054 
f 1174/1174/1174 1171/1171/1171 1166/1166/1166 
f 1166/1166/1166 1169/1169/1169 1174/1174/1174 
f 1053/1053/1053 1059/1059/1059 1051/1051/1051 
f 1051/1051/1051 1054/1054/1054 1053/1053/1053 
f 1059/1059/1059 1060/1060/1060 1063/1063/1063 
f 1063/1063/1063 1052/1052/1052 1059/1059/1059 
f 1173/1173/1173 1061/1061/1061 1060/1060/1060 
f 1060/1060/1060 1175/1175/1175 1173/1173/1173 
f 1172/1172/1172 1078/1078/1078 1173/1173/1173 
f 1173/1173/1173 1176/1176/1176 1172/1172/1172 
f 1048/1048/1048 1054/1054/1054 1171/1171/1171 
f 1171/1171/1171 1174/1174/1174 1048/1048/1048 
f 1175/1175/1175 1060/1060/1060 1059/1059/1059 
f 1059/1059/1059 1053/1053/1053 1175/1175/1175 
f 1176/1176/1176 1173/1173/1173 1175/1175/1175 
f 1175/1175/1175 1177/1177/1177 1176/1176/1176 
f 1024/1024/1024 1138/1138/1138 1154/1154/1154 
f 1154/1154/1154 1022/1022/1022 1024/1024/1024 
f 1177/1177/1177 1175/1175/1175 1053/1053/1053 
f 1053/1053/1053 1055/1055/1055 1177/1177/1177 
f 1019/1019/1019 1074/1074/1074 1044/1044/1044 
f 1179/1179/1179 1177/1177/1177 1055/1055/1055 
f 1055/1055/1055 1180/1180/1180 1179/1179/1179 
f 1047/1047/1047 1180/1180/1180 1054/1054/1054 
f 1054/1054/1054 1048/1048/1048 1047/1047/1047 
f 1074/1074/1074 1019/1019/1019 1021/1021/1021 
f 1021/1021/1021 1075/1075/1075 1074/1074/1074 
f 1181/1181/1181 1179/1179/1179 1180/1180/1180 
f 1180/1180/1180 1047/1047/1047 1181/1181/1181 
f 1182/1182/1182 1181/1181/1181 1047/1047/1047 
f 1047/1047/1047 1049/1049/1049 1182/1182/1182 
f 1075/1075/1075 1021/1021/1021 1179/1179/1179 
f 1179/1179/1179 1181/1181/1181 1075/1075/1075 
f 1185/1185/1185 1075/1075/1075 1181/1181/1181 
f 1181/1181/1181 1182/1182/1182 1185/1185/1185 
f 1183/1183/1183 1186/1186/1186 1188/1188/1188 
f 1075/1075/1075 1185/1185/1185 1188/1188/1188 
f 1188/1188/1188 1045/1045/1045 1075/1075/1075 
f 1186/1186/1186 1187/1187/1187 1194/1194/1194 
f 1194/1194/1194 1188/1188/1188 1186/1186/1186 
f 1061/1061/1061 1073/1073/1073 1149/1149/1149 
f 1149/1149/1149 1062/1062/1062 1061/1061/1061 
f 1173/1173/1173 1078/1078/1078 1077/1077/1077 
f 1188/1188/1188 1194/1194/1194 1042/1042/1042 
f 1042/1042/1042 1045/1045/1045 1188/1188/1188 
f 1187/1187/1187 1193/1193/1193 1198/1198/1198 
f 1198/1198/1198 1194/1194/1194 1187/1187/1187 
f 1043/1043/1043 1042/1042/1042 1199/1199/1199 
f 1199/1199/1199 1200/1200/1200 1043/1043/1043 
f 1196/1196/1196 1191/1191/1191 1189/1189/1189 
f 1189/1189/1189 1195/1195/1195 1196/1196/1196 
f 1197/1197/1197 1192/1192/1192 1196/1196/1196 
f 1196/1196/1196 1203/1203/1203 1197/1197/1197 
f 1193/1193/1193 1197/1197/1197 1203/1203/1203 
f 1203/1203/1203 1198/1198/1198 1193/1193/1193 
f 1194/1194/1194 1198/1198/1198 1199/1199/1199 
f 1199/1199/1199 1042/1042/1042 1194/1194/1194 
f 1199/1199/1199 1201/1201/1201 1202/1202/1202 
f 1202/1202/1202 1200/1200/1200 1199/1199/1199 
f 1203/1203/1203 1196/1196/1196 1195/1195/1195 
f 1195/1195/1195 1201/1201/1201 1203/1203/1203 
f 1198/1198/1198 1203/1203/1203 1201/1201/1201 
f 1201/1201/1201 1199/1199/1199 1198/1198/1198 
f 1177/1177/1177 1179/1179/1179 1021/1021/1021 
f 1021/1021/1021 1176/1176/1176 1177/1177/1177 
f 1054/1054/1054 1180/1180/1180 1055/1055/1055 
f 1096/1096/1096 1124/1124/1124 1030/1030/1030 
f 1030/1030/1030 1033/1033/1033 1096/1096/1096 
f 1176/1176/1176 1021/1021/1021 1020/1020/1020 
f 1020/1020/1020 1172/1172/1172 1176/1176/1176 
f 1056/1056/1056 1154/1154/1154 1057/1057/1057 
f 1081/1081/1081 1080/1080/1080 1152/1152/1152 
f 1152/1152/1152 1151/1151/1151 1081/1081/1081 
f 1081/1081/1081 1151/1151/1151 1155/1155/1155 
f 1155/1155/1155 1159/1159/1159 1081/1081/1081 
f 1096/1096/1096 1095/1095/1095 1206/1206/1206 
f 1206/1206/1206 1125/1125/1125 1096/1096/1096 
f 1098/1098/1098 1106/1106/1106 1207/1207/1207 
f 1207/1207/1207 1208/1208/1208 1098/1098/1098 
f 1099/1099/1099 1098/1098/1098 1208/1208/1208 
f 1208/1208/1208 1204/1204/1204 1099/1099/1099 
f 1083/1083/1083 1204/1204/1204 1208/1208/1208 
f 1208/1208/1208 1095/1095/1095 1083/1083/1083 
f 1095/1095/1095 1208/1208/1208 1207/1207/1207 
f 1207/1207/1207 1206/1206/1206 1095/1095/1095 

g Handle4

v 66.3502 69.2055 2.70826 
v 66.3806 69.4566 2.7086 
v 65.9424 68.3851 3.24077 
v 65.9009 68.4273 3.36732 
v 65.9789 68.5534 3.30355 
v 66.044 68.5102 3.21467 
v 65.9843 69.8519 2.13218 
v 66.0299 70.2409 2.46899 
v 66.0739 70.3147 2.46877 
v 66.0485 70.3281 2.36364 
v 66.0047 70.2281 2.37879 
v 66.3218 69.2421 2.63762 
v 66.2327 69.0496 2.66058 
v 66.2429 69.0217 2.75395 
v 66.2479 69.2362 2.49618 
v 66.2044 69.0669 2.50135 
v 66.1538 68.9238 2.40934 
v 66.1807 68.8684 2.71717 
v 66.0003 68.3996 3.07427 
v 65.9248 68.1197 3.08805 
v 65.9344 68.2192 3.32974 
v 65.9275 68.2992 3.46137 
v 65.9809 68.872 3.8894 
v 65.9293 68.81 3.89983 
v 65.9992 68.7818 3.92842 
v 66.0829 68.8502 3.87947 
v 65.9175 68.8917 3.8136 
v 65.879 68.8319 3.83938 
v 65.9806 68.9278 3.78707 
v 66.2687 68.4903 3.20584 
v 66.1326 68.5143 3.12902 
v 66.2687 68.4903 3.20584 
v 66.2404 68.6002 3.06184 
v 66.2289 70.221 2.84825 
v 66.1584 70.117 2.83384 
v 66.1706 70.1085 2.91715 
v 66.2374 70.1863 2.93992 
v 66.2546 70.1807 2.74633 
v 66.1868 70.1213 2.75323 
v 65.9396 69.928 1.8537 
v 65.881 69.8834 1.91172 
v 65.8778 69.9273 1.98778 
v 65.9329 70.0236 1.93688 
v 65.9718 70.0385 2.04693 
v 65.9153 69.9612 2.07097 
v 65.9212 69.7443 1.93019 
v 65.9144 69.7773 2.04189 
v 66.1922 69.0386 2.35076 
v 66.2625 69.1791 2.30583 
v 66.1627 69.1178 2.20024 
v 66.1424 68.9708 2.24295 
v 66.1076 69.3456 2.12931 
v 66.1463 69.2904 1.9956 
v 66.1938 69.0287 2.06235 
v 66.0004 69.5966 2.07427 
v 66.02 69.5658 1.94379 
v 66.2328 69.4307 2.25183 
v 66.2093 69.1151 1.9201 
v 66.0227 69.4413 1.70507 
v 66.1234 69.3033 1.80421 
v 66.0773 69.516 1.68495 
v 66.2265 68.9773 2.01728 
v 66.3988 68.9311 2.00021 
v 66.0095 69.5684 1.61102 
v 65.9762 69.5156 1.63799 
v 66.1434 68.9214 2.0462 
v 66.1137 68.8443 2.11448 
v 66.1401 68.9398 2.11276 
v 66.0981 68.5743 2.8374 
v 66.2091 68.7838 2.88762 
v 66.2079 69.0625 2.40708 
v 66.2672 67.4573 2.9836 
v 66.2922 67.6317 3.09102 
v 66.0682 67.6161 3.00406 
v 65.9138 67.6308 2.60822 
v 65.9936 67.4299 2.47328 
v 66.0684 67.3961 2.77786 
v 65.9535 67.6189 2.82599 
v 65.9263 67.6136 2.45694 
v 65.9683 67.5834 2.30428 
v 66.1186 67.3229 2.20293 
v 66.0859 67.5356 2.1186 
v 66.216 69.3655 1.9142 
v 65.8806 68.8542 3.69297 
v 66.0116 68.8075 3.52291 
v 65.8934 68.7417 3.52564 
v 65.8691 68.8125 3.58915 
v 65.837 68.7492 3.75559 
v 65.8871 68.6999 3.84367 
v 65.83 68.6286 3.636 
v 66.2127 69.9583 2.95825 
v 65.8739 68.5697 3.74454 
v 66.1763 69.9359 2.83234 
v 66.3093 70.0456 2.70377 
v 66.2179 70.0185 2.73127 
v 66.2957 69.7481 2.99584 
v 66.0682 70.2688 2.26195 
v 66.024 70.2023 2.28376 
v 66.245 69.703 2.85439 
v 66.3397 69.7034 2.71638 
v 66.1343 68.9241 1.95889 
v 66.2887 69.4393 2.84958 
v 66.2905 69.1768 2.87445 
v 66.348 69.4415 3.00339 
v 66.4381 69.5335 3.05225 
v 66.2618 68.9692 2.89714 
v 66.3567 69.1581 3.00318 
v 66.2976 69.8493 2.24168 
v 66.197 69.8478 2.27626 
v 66.3538 68.9361 3.02373 
v 66.083 70.0527 2.27096 
v 66.0422 70.046 2.40297 
v 66.0825 70.0972 2.51442 
v 66.213 68.183 3.452 
v 66.3189 69.5493 2.61428 
v 66.3145 68.7459 3.0405 
v 66.2054 69.8973 2.56991 
v 66.2981 69.5052 2.30789 
v 66.1379 69.8252 2.44027 
v 66.0566 68.1452 3.43692 
v 66.0376 67.9837 3.2729 
v 66.4589 68.6884 3.08738 
v 66.2275 69.5132 2.47565 
v 66.0351 67.7607 3.10704 
v 66.7151 68.9255 2.86326 
v 65.9069 67.835 2.92651 
v 66.2876 69.2084 2.35708 
v 66.317 67.1617 2.93007 
v 66.2152 67.1103 2.77997 
v 65.9401 68.202 2.77249 
v 65.8838 67.8756 2.68712 
v 66.1747 67.0968 2.52369 
v 65.9575 68.215 2.47899 
v 65.9056 67.8663 2.46118 
v 66.4706 69.1562 2.3004 
v 66.2325 67.0818 2.26273 
v 65.9779 68.1821 2.20763 
v 65.9485 67.8325 2.2384 
v 66.2927 67.2948 2.07608 
v 66.3125 67.1028 2.11782 
v 66.0612 67.7903 2.05248 
v 66.0644 68.5756 2.47842 
v 66.0482 68.53 2.17591 
v 66.0659 68.1215 1.99582 
v 66.2419 68.0818 1.89817 
v 66.1004 68.4416 1.94811 
v 65.9713 69.5404 1.51929 
v 65.9743 69.4675 1.46558 
v 65.9435 69.4307 1.51474 
v 65.9405 69.4733 1.56736 
v 66.1329 68.6833 1.88999 
v 66.025 69.501 1.43724 
v 65.9743 69.4675 1.46558 
v 65.9713 69.5404 1.51929 
v 66.1501 68.8121 1.79258 
v 66.1369 68.961 1.68563 
v 66.228 68.8812 1.66351 
v 66.2487 68.7561 1.72856 
v 66.2528 68.6084 1.78788 
v 66.0526 69.5994 1.55506 
v 65.9805 69.3213 1.54953 
v 65.9705 69.3611 1.64089 
v 66.1032 69.0416 1.82472 
v 66.0652 69.1614 1.60104 
v 66.0425 69.2075 1.7181 
v 66.0773 69.516 1.68495 
v 66.04 69.3552 1.45809 
v 66.1197 69.2278 1.49916 
v 65.8975 68.4532 3.6515 
v 65.9127 68.3826 3.57657 
v 65.8572 68.5006 3.52057 
v 65.9213 68.6342 3.42403 

vn -0.220472 0.0314961 -0.976378 
vn -0.220472 0.0314961 -0.976378 
vn -0.92126 0.244094 -0.299213 
vn -0.96063 0.0314961 -0.283465 
vn -0.755906 0.370079 -0.543307 
vn -0.653543 0.590551 -0.472441 
vn -0.141732 0.19685 0.968504 
vn -0.858268 0.456693 0.228346 
vn -0.826772 0.496063 0.259843 
vn -0.866142 0.448819 0.220472 
vn -0.889764 0.417323 0.188976 
vn -0.874016 0.377953 0.299213 
vn -0.897638 0.385827 0.212598 
vn -0.929134 0.338583 0.165354 
vn -0.984252 0.11811 0.133858 
vn -0.944882 0.307087 0.11811 
vn -0.952756 0.283465 0.0944882 
vn -0.929134 0.307087 0.19685 
vn -0.850394 0.503937 -0.11811 
vn -0.992126 -0.0314961 0.11811 
vn -0.937008 -0.307087 0.181102 
vn -0.818898 -0.496063 0.275591 
vn -0.181102 0.637795 0.748031 
vn -0.417323 0.480315 0.771654 
vn -0.110236 0.362205 0.92126 
vn 0.220472 0.614173 0.755906 
vn -0.425197 0.724409 0.543307 
vn -0.503937 0.590551 0.629921 
vn -0.212598 0.866142 0.456693 
vn 0.267717 0.472441 0.84252 
vn -0.456693 0.771654 -0.448819 
vn 0.267717 0.472441 0.84252 
vn -0.0944882 0.795276 0.606299 
vn -0.212598 0.905512 0.362205 
vn -0.850394 0.496063 0.173228 
vn -0.818898 0.519685 0.228346 
vn -0.299213 0.913386 0.275591 
vn -0.204724 0.866142 -0.456693 
vn -0.677165 0.700787 -0.228346 
vn -0.141732 -0.0393701 -0.992126 
vn -0.84252 0.448819 -0.299213 
vn -0.88189 0.354331 -0.314961 
vn -0.370079 0.661417 -0.653543 
vn -0.338583 0.944882 0.0393701 
vn -0.795276 0.582677 0.149606 
vn -0.92126 -0.393701 0.0314961 
vn -0.889764 -0.267717 0.370079 
vn -0.897638 0.401575 0.188976 
vn -0.748031 0.511811 0.417323 
vn -0.850394 0.377953 0.362205 
vn -0.976378 0.188976 0.11811 
vn -0.952756 -0.251969 -0.173228 
vn -0.937008 -0.322835 -0.125984 
vn -0.968504 -0.204724 -0.125984 
vn -0.905512 -0.433071 -0.015748 
vn -0.897638 -0.440945 -0.0393701 
vn -0.0866142 0.212598 0.976378 
vn 0.023622 0.496063 0.866142 
vn -0.291339 0.448819 0.84252 
vn -0.19685 0.433071 0.88189 
vn -0.314961 0.480315 0.818898 
vn 0.141732 0.527559 0.834646 
vn 0.708661 0.511811 0.480315 
vn -0.346457 0.590551 0.732283 
vn -0.354331 0.551181 0.755906 
vn -0.874016 0.480315 -0.0629921 
vn -0.976378 0.19685 -0.0393701 
vn -0.952756 0.283465 -0.133858 
vn -0.88189 0.433071 0.181102 
vn -0.84252 0.314961 0.440945 
vn -0.929134 0.377953 -0.0314961 
vn -0.204724 -0.425197 0.88189 
vn 0.0944882 -0.551181 0.826772 
vn -0.574803 -0.559055 0.598425 
vn -0.96063 -0.267717 0.0551181 
vn -0.897638 -0.433071 -0.0472441 
vn -0.795276 -0.464567 0.385827 
vn -0.874016 -0.385827 0.291339 
vn -0.968504 -0.220472 -0.125984 
vn -0.905512 -0.267717 -0.322835 
vn -0.866142 -0.425197 -0.267717 
vn -0.834646 -0.307087 -0.456693 
vn -0.456693 -0.370079 -0.811024 
vn -0.700787 0.692913 -0.173228 
vn -0.330709 0.566929 -0.755906 
vn -0.330709 0.566929 -0.755906 
vn -0.330709 0.566929 -0.755906 
vn -0.976378 0.0708661 0.19685 
vn -0.866142 -0.133858 0.480315 
vn -1 -0.0787402 -0.0393701 
vn -0.551181 0.0314961 0.834646 
vn -0.92126 -0.212598 0.322835 
vn -0.96063 -0.19685 -0.188976 
vn -0.251969 0.0787402 -0.968504 
vn -0.291339 0 -0.96063 
vn -0.472441 -0.0314961 0.88189 
vn -0.850394 0.377953 -0.354331 
vn -0.834646 0.448819 -0.322835 
vn -0.897638 -0.267717 0.346457 
vn -0.543307 -0.102362 -0.834646 
vn -0.716535 0.685039 0.0866142 
vn -0.897638 0.0551181 -0.433071 
vn -0.976378 0.125984 0.165354 
vn -0.913386 -0.141732 0.377953 
vn -0.409449 -0.0314961 0.913386 
vn -0.88189 0.188976 0.425197 
vn -0.866142 0.0551181 0.496063 
vn -0.314961 -0.23622 -0.92126 
vn -0.322835 -0.204724 -0.92126 
vn -0.535433 0.125984 0.834646 
vn -0.401575 -0.212598 -0.889764 
vn -0.937008 -0.338583 0.102362 
vn -0.850394 -0.283465 0.448819 
vn 0.433071 -0.417323 0.795276 
vn -0.23622 0.023622 0.968504 
vn -0.503937 0.314961 0.80315 
vn -0.283465 0.015748 0.96063 
vn -0.322835 -0.181102 -0.929134 
vn -0.80315 -0.267717 0.527559 
vn -0.346457 -0.622047 0.700787 
vn -0.622047 -0.511811 0.598425 
vn 0.456693 0.0787402 0.889764 
vn -0.818898 -0.173228 0.543307 
vn -0.661417 -0.448819 0.598425 
vn 0.952756 0.0787402 0.291339 
vn -0.944882 -0.181102 0.259843 
vn -0.937008 0.125984 -0.330709 
vn 0.11811 -0.11811 0.984252 
vn -0.826772 -0.425197 0.377953 
vn -0.968504 0.244094 0 
vn -1 0.00787402 0.015748 
vn -0.88189 -0.472441 0 
vn -0.976378 0.212598 -0.0629921 
vn -0.992126 0.023622 -0.125984 
vn 0.645669 0.582677 0.496063 
vn -0.874016 -0.456693 -0.165354 
vn -0.96063 0.110236 -0.244094 
vn -0.937008 -0.0708661 -0.346457 
vn -0.677165 -0.354331 -0.637795 
vn -0.84252 -0.204724 -0.503937 
vn -0.858268 -0.204724 -0.472441 
vn -0.952756 0.291339 0.0472441 
vn -0.976378 0.19685 -0.11811 
vn -0.897638 0 -0.440945 
vn -0.440945 -0.181102 -0.88189 
vn -0.952756 0.0944882 -0.291339 
vn -0.771654 0.574803 -0.283465 
vn -0.779528 0.338583 -0.527559 
vn -0.92126 0.23622 -0.314961 
vn -0.937008 0.23622 -0.244094 
vn -0.984252 0.0708661 -0.165354 
vn -0.590551 0.488189 -0.637795 
vn -0.779528 0.338583 -0.527559 
vn -0.771654 0.574803 -0.283465 
vn -0.629921 -0.464567 -0.622047 
vn -0.590551 -0.503937 -0.629921 
vn -0.614173 -0.472441 -0.629921 
vn -0.661417 -0.377953 -0.645669 
vn -0.669291 -0.19685 -0.716535 
vn -0.511811 0.84252 -0.188976 
vn -0.913386 -0.393701 0.0629921 
vn -0.92126 -0.204724 0.338583 
vn -0.984252 -0.173228 -0.0472441 
vn -0.92126 -0.385827 -0.015748 
vn -0.92126 -0.377953 -0.015748 
vn -0.314961 0.480315 0.818898 
vn -0.0866142 -0.251969 -0.968504 
vn 0.110236 -0.330709 -0.937008 
vn -0.307087 -0.692913 0.653543 
vn -0.322835 -0.716535 0.614173 
vn -0.984252 -0.110236 -0.149606 
vn -0.889764 0.125984 -0.433071 

vt 0.480572 0.3501 
vt 0.480433 0.272995 
vt 0.269611 0.603382 
vt 0.218295 0.58911 
vt 0.242104 0.552482 
vt 0.278812 0.567086 
vt 0.730561 0.152581 
vt 0.587629 0.0347297 
vt 0.587977 0.0123065 
vt 0.630391 0.00790071 
vt 0.623976 0.0384011 
vt 0.519657 0.340987 
vt 0.509622 0.400159 
vt 0.47128 0.408433 
vt 0.57581 0.341223 
vt 0.573578 0.394367 
vt 0.610788 0.438174 
vt 0.486486 0.455323 
vt 0.338763 0.600528 
vt 0.335082 0.683212 
vt 0.237346 0.650955 
vt 0.184607 0.625208 
vt 0.0144511 0.456274 
vt 0.0104037 0.474349 
vt 0 0.482274 
vt 0.0185516 0.462821 
vt 0.0436032 0.450756 
vt 0.0338253 0.468293 
vt 0.0536814 0.440511 
vt 0.293089 0.572473 
vt 0.313821 0.566947 
vt 0.293089 0.572473 
vt 0.349706 0.540698 
vt 0.434547 0.0435786 
vt 0.438871 0.0730073 
vt 0.405451 0.0757747 
vt 0.39658 0.0542952 
vt 0.469319 0.0557241 
vt 0.468374 0.0729346 
vt 0.827825 0.127766 
vt 0.809873 0.144468 
vt 0.778827 0.130395 
vt 0.796766 0.102706 
vt 0.757664 0.0998739 
vt 0.748786 0.121396 
vt 0.805052 0.182021 
vt 0.762402 0.172642 
vt 0.635372 0.403636 
vt 0.65549 0.361159 
vt 0.697964 0.379169 
vt 0.678619 0.42317 
vt 0.722447 0.305335 
vt 0.777184 0.321865 
vt 0.75005 0.402952 
vt 0.746101 0.22713 
vt 0.798948 0.236537 
vt 0.681989 0.282066 
vt 0.815942 0.380723 
vt 0.903161 0.280238 
vt 0.863181 0.322528 
vt 0.911147 0.257515 
vt 0.77618 0.423226 
vt 0.780242 0.437332 
vt 0.940497 0.242089 
vt 0.929723 0.258069 
vt 0.757127 0.440124 
vt 0.729563 0.46206 
vt 0.729493 0.433244 
vt 0.437488 0.546445 
vt 0.419184 0.481363 
vt 0.610682 0.396158 
vt 0.383754 0.88423 
vt 0.339636 0.829893 
vt 0.373132 0.834638 
vt 0.529625 0.83192 
vt 0.583647 0.892583 
vt 0.463352 0.902778 
vt 0.443022 0.834843 
vt 0.589649 0.837477 
vt 0.650104 0.846469 
vt 0.691751 0.925504 
vt 0.724495 0.860907 
vt 0.804705 0.298493 
vt 0.0868115 0.462072 
vt 0.151204 0.475619 
vt 0.150095 0.495836 
vt 0.124279 0.474102 
vt 0.0643639 0.490492 
vt 0.0308654 0.504375 
vt 0.111059 0.526624 
vt 0.393673 0.118891 
vt 0.0698825 0.543891 
vt 0.436533 0.124389 
vt 0.482461 0.0923822 
vt 0.471346 0.10023 
vt 0.378776 0.183083 
vt 0.667056 0.0256735 
vt 0.658445 0.0465113 
vt 0.431923 0.195459 
vt 0.478421 0.196365 
vt 0.793835 0.44054 
vt 0.427541 0.278458 
vt 0.422298 0.359497 
vt 0.37161 0.27656 
vt 0.356102 0.248969 
vt 0.415187 0.423663 
vt 0.372655 0.364805 
vt 0.670687 0.15072 
vt 0.656628 0.151381 
vt 0.367057 0.433426 
vt 0.659038 0.0884197 
vt 0.613444 0.0897019 
vt 0.570954 0.0742918 
vt 0.19264 0.66138 
vt 0.534588 0.24446 
vt 0.359984 0.493007 
vt 0.552557 0.13754 
vt 0.643706 0.25674 
vt 0.601739 0.157947 
vt 0.198004 0.671737 
vt 0.263845 0.722011 
vt 0.341628 0.509225 
vt 0.587484 0.254345 
vt 0.331271 0.790903 
vt 0.42787 0.4364 
vt 0.401904 0.769728 
vt 0.628575 0.349807 
vt 0.406343 0.976902 
vt 0.462433 0.990804 
vt 0.462399 0.659606 
vt 0.49723 0.758427 
vt 0.563536 0.994647 
vt 0.581195 0.655447 
vt 0.587926 0.761359 
vt 0.658339 0.368643 
vt 0.668275 0.999374 
vt 0.690032 0.664906 
vt 0.676694 0.771159 
vt 0.740307 0.934566 
vt 0.724428 0.994459 
vt 0.751247 0.783305 
vt 0.582325 0.545172 
vt 0.703952 0.55859 
vt 0.774535 0.68285 
vt 0.810646 0.693925 
vt 0.795144 0.585111 
vt 0.969524 0.250594 
vt 0.989375 0.271527 
vt 0.97112 0.282187 
vt 0.950307 0.269115 
vt 0.819795 0.510742 
vt 1 0.262148 
vt 0.989375 0.271527 
vt 0.969524 0.250594 
vt 0.855679 0.46788 
vt 0.899089 0.42191 
vt 0.908085 0.446609 
vt 0.881513 0.485614 
vt 0.856821 0.532091 
vt 0.955755 0.234121 
vt 0.960048 0.31193 
vt 0.925153 0.300878 
vt 0.847287 0.399203 
vt 0.938472 0.361078 
vt 0.890883 0.34699 
vt 0.911147 0.257515 
vt 0.988836 0.302376 
vt 0.972397 0.341048 
vt 0.110391 0.5767 
vt 0.14053 0.598262 
vt 0.157086 0.565741 
vt 0.194025 0.526147 

usemtl Handle2Mtl

f 1211/1211/1211 1212/1212/1212 1213/1213/1213 
f 1213/1213/1213 1214/1214/1214 1211/1211/1211 
f 1216/1216/1216 1217/1217/1217 1218/1218/1218 
f 1218/1218/1218 1219/1219/1219 1216/1216/1216 
f 1209/1209/1209 1220/1220/1220 1221/1221/1221 
f 1221/1221/1221 1222/1222/1222 1209/1209/1209 
f 1220/1220/1220 1223/1223/1223 1224/1224/1224 
f 1224/1224/1224 1221/1221/1221 1220/1220/1220 
f 1224/1224/1224 1225/1225/1225 1226/1226/1226 
f 1226/1226/1226 1221/1221/1221 1224/1224/1224 
f 1211/1211/1211 1227/1227/1227 1228/1228/1228 
f 1228/1228/1228 1229/1229/1229 1211/1211/1211 
f 1229/1229/1229 1230/1230/1230 1212/1212/1212 
f 1212/1212/1212 1211/1211/1211 1229/1229/1229 
f 1227/1227/1227 1211/1211/1211 1214/1214/1214 
f 1242/1242/1242 1243/1243/1243 1244/1244/1244 
f 1244/1244/1244 1245/1245/1245 1242/1242/1242 
f 1243/1243/1243 1242/1242/1242 1246/1246/1246 
f 1248/1248/1248 1249/1249/1249 1250/1250/1250 
f 1250/1250/1250 1251/1251/1251 1248/1248/1248 
f 1252/1252/1252 1251/1251/1251 1250/1250/1250 
f 1250/1250/1250 1253/1253/1253 1252/1252/1252 
f 1249/1249/1249 1254/1254/1254 1255/1255/1255 
f 1255/1255/1255 1250/1250/1250 1249/1249/1249 
f 1256/1256/1256 1257/1257/1257 1258/1258/1258 
f 1258/1258/1258 1259/1259/1259 1256/1256/1256 
f 1258/1258/1258 1260/1260/1260 1261/1261/1261 
f 1261/1261/1261 1262/1262/1262 1258/1258/1258 
f 1263/1263/1263 1255/1255/1255 1254/1254/1254 
f 1254/1254/1254 1264/1264/1264 1263/1263/1263 
f 1255/1255/1255 1215/1215/1215 1253/1253/1253 
f 1253/1253/1253 1250/1250/1250 1255/1255/1255 
f 1260/1260/1260 1258/1258/1258 1257/1257/1257 
f 1257/1257/1257 1265/1265/1265 1260/1260/1260 
f 1260/1260/1260 1263/1263/1263 1264/1264/1264 
f 1264/1264/1264 1261/1261/1261 1260/1260/1260 
f 1215/1215/1215 1255/1255/1255 1263/1263/1263 
f 1274/1274/1274 1275/1275/1275 1276/1276/1276 
f 1275/1275/1275 1225/1225/1225 1259/1259/1259 
f 1259/1259/1259 1276/1276/1276 1275/1275/1275 
f 1258/1258/1258 1262/1262/1262 1276/1276/1276 
f 1276/1276/1276 1259/1259/1259 1258/1258/1258 
f 1226/1226/1226 1277/1277/1277 1278/1278/1278 
f 1221/1221/1221 1226/1226/1226 1222/1222/1222 
f 1279/1279/1279 1225/1225/1225 1224/1224/1224 
f 1283/1283/1283 1284/1284/1284 1285/1285/1285 
f 1285/1285/1285 1286/1286/1286 1283/1283/1283 
f 1287/1287/1287 1284/1284/1284 1283/1283/1283 
f 1287/1287/1287 1288/1288/1288 1284/1284/1284 
f 1289/1289/1289 1284/1284/1284 1288/1288/1288 
f 1288/1288/1288 1290/1290/1290 1289/1289/1289 
f 1292/1292/1292 1296/1296/1296 1236/1236/1236 
f 1236/1236/1236 1235/1235/1235 1292/1292/1292 
f 1297/1297/1297 1232/1232/1232 1236/1236/1236 
f 1236/1236/1236 1296/1296/1296 1297/1297/1297 
f 1295/1295/1295 1294/1294/1294 1298/1298/1298 
f 1295/1295/1295 1298/1298/1298 1296/1296/1296 
f 1292/1292/1292 1295/1295/1295 1296/1296/1296 
f 1300/1300/1300 1297/1297/1297 1296/1296/1296 
f 1296/1296/1296 1298/1298/1298 1300/1300/1300 
f 1301/1301/1301 1299/1299/1299 1244/1244/1244 
f 1244/1244/1244 1243/1243/1243 1301/1301/1301 
f 1303/1303/1303 1301/1301/1301 1243/1243/1243 
f 1243/1243/1243 1247/1247/1247 1303/1303/1303 
f 1305/1305/1305 1306/1306/1306 1219/1219/1219 
f 1219/1219/1219 1218/1218/1218 1305/1305/1305 
f 1307/1307/1307 1304/1304/1304 1299/1299/1299 
f 1299/1299/1299 1301/1301/1301 1307/1307/1307 
f 1308/1308/1308 1307/1307/1307 1301/1301/1301 
f 1275/1275/1275 1274/1274/1274 1309/1309/1309 
f 1310/1310/1310 1210/1210/1210 1209/1209/1209 
f 1209/1209/1209 1311/1311/1311 1310/1310/1310 
f 1307/1307/1307 1310/1310/1310 1312/1312/1312 
f 1312/1312/1312 1304/1304/1304 1307/1307/1307 
f 1225/1225/1225 1256/1256/1256 1259/1259/1259 
f 1225/1225/1225 1279/1279/1279 1256/1256/1256 
f 1310/1310/1310 1307/1307/1307 1308/1308/1308 
f 1308/1308/1308 1210/1210/1210 1310/1310/1310 
f 1311/1311/1311 1209/1209/1209 1222/1222/1222 
f 1222/1222/1222 1314/1314/1314 1311/1311/1311 
f 1311/1311/1311 1315/1315/1315 1312/1312/1312 
f 1312/1312/1312 1310/1310/1310 1311/1311/1311 
f 1314/1314/1314 1222/1222/1222 1226/1226/1226 
f 1226/1226/1226 1278/1278/1278 1314/1314/1314 
f 1314/1314/1314 1318/1318/1318 1315/1315/1315 
f 1315/1315/1315 1311/1311/1311 1314/1314/1314 
f 1320/1320/1320 1321/1321/1321 1216/1216/1216 
f 1216/1216/1216 1219/1219/1219 1320/1320/1320 
f 1278/1278/1278 1324/1324/1324 1318/1318/1318 
f 1318/1318/1318 1314/1314/1314 1278/1278/1278 
f 1306/1306/1306 1319/1319/1319 1320/1320/1320 
f 1320/1320/1320 1219/1219/1219 1306/1306/1306 
f 1325/1325/1325 1321/1321/1321 1320/1320/1320 
f 1320/1320/1320 1327/1327/1327 1325/1325/1325 
f 1317/1317/1317 1327/1327/1327 1320/1320/1320 
f 1320/1320/1320 1319/1319/1319 1317/1317/1317 
f 1327/1327/1327 1331/1331/1331 1323/1323/1323 
f 1323/1323/1323 1325/1325/1325 1327/1327/1327 
f 1326/1326/1326 1331/1331/1331 1327/1327/1327 
f 1327/1327/1327 1317/1317/1317 1326/1326/1326 
f 1323/1323/1323 1331/1331/1331 1223/1223/1223 
f 1223/1223/1223 1220/1220/1220 1323/1323/1323 
f 1282/1282/1282 1286/1286/1286 1285/1285/1285 
f 1228/1228/1228 1334/1334/1334 1332/1332/1332 
f 1332/1332/1332 1329/1329/1329 1228/1228/1228 
f 1331/1331/1331 1326/1326/1326 1335/1335/1335 
f 1335/1335/1335 1223/1223/1223 1331/1331/1331 
f 1279/1279/1279 1224/1224/1224 1223/1223/1223 
f 1223/1223/1223 1335/1335/1335 1279/1279/1279 
f 1336/1336/1336 1280/1280/1280 1285/1285/1285 
f 1285/1285/1285 1337/1337/1337 1336/1336/1336 
f 1338/1338/1338 1339/1339/1339 1334/1334/1334 
f 1334/1334/1334 1228/1228/1228 1338/1338/1338 
f 1257/1257/1257 1256/1256/1256 1279/1279/1279 
f 1279/1279/1279 1335/1335/1335 1257/1257/1257 
f 1340/1340/1340 1337/1337/1337 1285/1285/1285 
f 1285/1285/1285 1284/1284/1284 1340/1340/1340 
f 1341/1341/1341 1342/1342/1342 1339/1339/1339 
f 1339/1339/1339 1338/1338/1338 1341/1341/1341 
f 1286/1286/1286 1334/1334/1334 1339/1339/1339 
f 1339/1339/1339 1283/1283/1283 1286/1286/1286 
f 1340/1340/1340 1284/1284/1284 1289/1289/1289 
f 1289/1289/1289 1344/1344/1344 1340/1340/1340 
f 1345/1345/1345 1346/1346/1346 1342/1342/1342 
f 1342/1342/1342 1341/1341/1341 1345/1345/1345 
f 1283/1283/1283 1339/1339/1339 1342/1342/1342 
f 1342/1342/1342 1287/1287/1287 1283/1283/1283 
f 1347/1347/1347 1348/1348/1348 1344/1344/1344 
f 1287/1287/1287 1342/1342/1342 1346/1346/1346 
f 1346/1346/1346 1288/1288/1288 1287/1287/1287 
f 1346/1346/1346 1349/1349/1349 1290/1290/1290 
f 1290/1290/1290 1288/1288/1288 1346/1346/1346 
f 1226/1226/1226 1225/1225/1225 1350/1350/1350 
f 1350/1350/1350 1277/1277/1277 1226/1226/1226 
f 1351/1351/1351 1345/1345/1345 1341/1341/1341 
f 1341/1341/1341 1350/1350/1350 1351/1351/1351 
f 1346/1346/1346 1345/1345/1345 1352/1352/1352 
f 1352/1352/1352 1349/1349/1349 1346/1346/1346 
f 1262/1262/1262 1270/1270/1270 1274/1274/1274 
f 1274/1274/1274 1276/1276/1276 1262/1262/1262 
f 1351/1351/1351 1350/1350/1350 1225/1225/1225 
f 1225/1225/1225 1275/1275/1275 1351/1351/1351 
f 1229/1229/1229 1228/1228/1228 1329/1329/1329 
f 1329/1329/1329 1328/1328/1328 1229/1229/1229 
f 1354/1354/1354 1352/1352/1352 1345/1345/1345 
f 1345/1345/1345 1351/1351/1351 1354/1354/1354 
f 1355/1355/1355 1356/1356/1356 1357/1357/1357 
f 1357/1357/1357 1358/1358/1358 1355/1355/1355 
f 1359/1359/1359 1354/1354/1354 1351/1351/1351 
f 1351/1351/1351 1275/1275/1275 1359/1359/1359 
f 1360/1360/1360 1361/1361/1361 1362/1362/1362 
f 1282/1282/1282 1332/1332/1332 1334/1334/1334 
f 1334/1334/1334 1286/1286/1286 1282/1282/1282 
f 1363/1363/1363 1364/1364/1364 1365/1365/1365 
f 1365/1365/1365 1366/1366/1366 1363/1363/1363 
f 1309/1309/1309 1363/1363/1363 1359/1359/1359 
f 1359/1359/1359 1275/1275/1275 1309/1309/1309 
f 1338/1338/1338 1228/1228/1228 1227/1227/1227 
f 1227/1227/1227 1277/1277/1277 1338/1338/1338 
f 1366/1366/1366 1367/1367/1367 1359/1359/1359 
f 1359/1359/1359 1363/1363/1363 1366/1366/1366 
f 1357/1357/1357 1369/1369/1369 1370/1370/1370 
f 1370/1370/1370 1358/1358/1358 1357/1357/1357 
f 1272/1272/1272 1355/1355/1355 1358/1358/1358 
f 1358/1358/1358 1273/1273/1273 1272/1272/1272 
f 1371/1371/1371 1364/1364/1364 1363/1363/1363 
f 1363/1363/1363 1309/1309/1309 1371/1371/1371 
f 1370/1370/1370 1369/1369/1369 1372/1372/1372 
f 1372/1372/1372 1373/1373/1373 1370/1370/1370 
f 1370/1370/1370 1267/1267/1267 1273/1273/1273 
f 1273/1273/1273 1358/1358/1358 1370/1370/1370 
f 1350/1350/1350 1341/1341/1341 1338/1338/1338 
f 1338/1338/1338 1277/1277/1277 1350/1350/1350 
f 1266/1266/1266 1371/1371/1371 1309/1309/1309 
f 1309/1309/1309 1270/1270/1270 1266/1266/1266 
f 1373/1373/1373 1372/1372/1372 1364/1364/1364 
f 1364/1364/1364 1371/1371/1371 1373/1373/1373 
f 1373/1373/1373 1268/1268/1268 1267/1267/1267 
f 1267/1267/1267 1370/1370/1370 1373/1373/1373 
f 1278/1278/1278 1277/1277/1277 1241/1241/1241 
f 1241/1241/1241 1324/1324/1324 1278/1278/1278 
f 1268/1268/1268 1373/1373/1373 1371/1371/1371 
f 1371/1371/1371 1266/1266/1266 1268/1268/1268 
f 1369/1369/1369 1375/1375/1375 1376/1376/1376 
f 1375/1375/1375 1369/1369/1369 1357/1357/1357 
f 1357/1357/1357 1356/1356/1356 1375/1375/1375 
f 1230/1230/1230 1229/1229/1229 1328/1328/1328 
f 1378/1378/1378 1377/1377/1377 1379/1379/1379 
f 1298/1298/1298 1379/1379/1379 1377/1377/1377 
f 1377/1377/1377 1300/1300/1300 1298/1298/1298 
f 1379/1379/1379 1298/1298/1298 1294/1294/1294 
f 1294/1294/1294 1380/1380/1380 1379/1379/1379 
f 1379/1379/1379 1212/1212/1212 1230/1230/1230 
f 1230/1230/1230 1378/1378/1378 1379/1379/1379 
f 1380/1380/1380 1213/1213/1213 1212/1212/1212 
f 1212/1212/1212 1379/1379/1379 1380/1380/1380 

g Handle5

v 66.4862 68.8584 2.0121 
v 66.5687 68.7707 2.04935 
v 66.3502 69.2055 2.70826 
v 66.5256 69.2031 2.66845 
v 66.602 68.5822 3.02297 
v 65.9424 68.3851 3.24077 
v 65.9789 68.5534 3.30355 
v 66.044 68.5102 3.21467 
v 65.9396 69.928 1.8537 
v 66.0055 69.9565 1.8387 
v 66.3218 69.2421 2.63762 
v 66.0003 68.3996 3.07427 
v 65.9809 68.872 3.8894 
v 65.9293 68.81 3.89983 
v 65.9992 68.7818 3.92842 
v 66.0829 68.8502 3.87947 
v 66.0397 68.9051 3.84231 
v 65.9175 68.8917 3.8136 
v 65.879 68.8319 3.83938 
v 65.9806 68.9278 3.78707 
v 66.2687 68.4903 3.20584 
v 66.1326 68.5143 3.12902 
v 66.2687 68.4903 3.20584 
v 66.3712 68.5393 3.14479 
v 66.2404 68.6002 3.06184 
v 66.1845 68.5253 3.25087 
v 66.2837 68.4417 3.29877 
v 66.1845 68.5253 3.25087 
v 66.315 70.2361 2.86055 
v 66.2289 70.221 2.84825 
v 66.2374 70.1863 2.93992 
v 66.306 70.2167 2.93624 
v 66.3208 70.2093 2.77029 
v 66.2546 70.1807 2.74633 
v 66.2289 70.221 2.84825 
v 66.1584 70.117 2.83384 
v 66.2546 70.1807 2.74633 
v 66.1868 70.1213 2.75323 
v 65.9329 70.0236 1.93688 
v 66.0216 70.0417 1.91233 
v 66.037 70.0634 2.00649 
v 65.9718 70.0385 2.04693 
v 66.2625 69.1791 2.30583 
v 66.1627 69.1178 2.20024 
v 66.1938 69.0287 2.06235 
v 66.0773 69.516 1.68495 
v 66.3988 68.9311 2.00021 
v 66.4832 68.8568 1.94297 
v 66.2265 68.9773 2.01728 
v 66.3988 68.9311 2.00021 
v 65.9762 69.5156 1.63799 
v 66.1434 68.9214 2.0462 
v 66.0981 68.5743 2.8374 
v 66.6414 69.1011 2.64706 
v 66.5256 69.2031 2.66845 
v 66.651 69.1632 2.72112 
v 66.493 68.8317 1.99005 
v 66.223 68.5326 3.34634 
v 66.1222 68.5937 3.30459 
v 66.1222 68.5937 3.30459 
v 65.9879 68.8969 3.6683 
v 65.8806 68.8542 3.69297 
v 65.9806 68.9278 3.78707 
v 66.0397 68.9051 3.84231 
v 66.0903 68.8774 3.72536 
v 65.9879 68.8969 3.6683 
v 66.0116 68.8075 3.52291 
v 65.8934 68.7417 3.52564 
v 65.8691 68.8125 3.58915 
v 66.0829 68.8502 3.87947 
v 66.121 68.8007 3.59107 
v 66.0116 68.8075 3.52291 
v 66.1566 68.7061 3.4865 
v 66.4245 70.1348 2.86507 
v 66.1394 70.3167 2.26422 
v 66.0682 70.2688 2.26195 
v 66.0485 70.3281 2.36364 
v 66.1424 70.3634 2.34854 
v 66.1343 68.9241 1.95889 
v 66.5322 69.2237 2.659 
v 66.1432 70.357 2.44577 
v 66.0739 70.3147 2.46877 
v 66.2275 70.2618 2.49162 
v 66.2635 70.2694 2.36101 
v 66.213 68.183 3.452 
v 66.4593 69.9356 2.39827 
v 66.4589 68.6884 3.08738 
v 66.0503 69.935 2.12563 
v 66.1251 69.9776 2.05177 
v 66.1348 69.9464 1.91838 
v 66.7151 68.9255 2.86326 
v 66.2148 69.8604 2.07706 
v 66.1394 69.8168 2.16228 
v 66.2876 69.2084 2.35708 
v 66.4812 69.1661 2.30018 
v 66.4706 69.1562 2.3004 
v 66.3785 68.9688 1.99817 
v 66.6825 68.5991 2.17971 
v 65.9743 69.4675 1.46558 
v 66.025 69.501 1.43724 
v 65.9743 69.4675 1.46558 
v 65.9713 69.5404 1.51929 
v 66.0395 69.5656 1.4818 
v 66.0526 69.5994 1.55506 
v 66.0095 69.5684 1.61102 
v 66.1438 69.5513 1.61183 
v 66.0773 69.516 1.68495 
v 66.1576 69.5051 1.49371 
v 66.2406 69.4321 1.68055 
v 66.1647 69.4028 1.76404 
v 66.3097 69.2985 1.75067 
v 66.2186 69.304 1.82119 
v 66.3294 69.2362 1.62276 
v 66.17 68.6406 3.40986 
v 66.077 68.7015 3.40522 
v 65.9213 68.6342 3.42403 
v 66.077 68.7015 3.40522 

vn 0.354331 0.0393701 -0.937008 
vn 0.787402 0.204724 -0.582677 
vn -0.220472 0.0314961 -0.976378 
vn -0.220472 0.023622 -0.976378 
vn 0.661417 0.0393701 0.748031 
vn -0.92126 0.244094 -0.299213 
vn -0.755906 0.370079 -0.543307 
vn -0.653543 0.590551 -0.472441 
vn -0.141732 -0.0393701 -0.992126 
vn -0.181102 -0.102362 -0.976378 
vn -0.874016 0.377953 0.299213 
vn -0.850394 0.503937 -0.11811 
vn -0.181102 0.637795 0.748031 
vn -0.417323 0.480315 0.771654 
vn -0.110236 0.362205 0.92126 
vn 0.220472 0.614173 0.755906 
vn 0.0551181 0.795276 0.606299 
vn -0.425197 0.724409 0.543307 
vn -0.503937 0.590551 0.629921 
vn -0.212598 0.866142 0.456693 
vn 0.267717 0.472441 0.84252 
vn -0.456693 0.771654 -0.448819 
vn 0.267717 0.472441 0.84252 
vn 0.401575 0.338583 0.850394 
vn -0.0944882 0.795276 0.606299 
vn 0.480315 0.795276 0.362205 
vn 0.795276 0.559055 0.244094 
vn 0.480315 0.795276 0.362205 
vn -0.283465 0.913386 0.299213 
vn -0.212598 0.905512 0.362205 
vn -0.299213 0.913386 0.275591 
vn -0.385827 0.905512 0.188976 
vn -0.165354 0.897638 -0.401575 
vn -0.204724 0.866142 -0.456693 
vn -0.212598 0.905512 0.362205 
vn -0.850394 0.496063 0.173228 
vn -0.204724 0.866142 -0.456693 
vn -0.677165 0.700787 -0.228346 
vn -0.370079 0.661417 -0.653543 
vn -0.283465 0.850394 -0.440945 
vn -0.283465 0.96063 -0.0551181 
vn -0.338583 0.944882 0.0393701 
vn -0.748031 0.511811 0.417323 
vn -0.850394 0.377953 0.362205 
vn -0.968504 -0.204724 -0.125984 
vn -0.314961 0.480315 0.818898 
vn 0.708661 0.511811 0.480315 
vn 0.897638 0.448819 0 
vn 0.141732 0.527559 0.834646 
vn 0.708661 0.511811 0.480315 
vn -0.354331 0.551181 0.755906 
vn -0.874016 0.480315 -0.0629921 
vn -0.88189 0.433071 0.181102 
vn 0.818898 0.496063 0.283465 
vn -0.220472 0.023622 -0.976378 
vn 0.779528 0.283465 -0.559055 
vn 0.818898 0.496063 -0.291339 
vn 0.80315 0.574803 -0.15748 
vn 0.566929 0.779528 -0.259843 
vn 0.566929 0.779528 -0.259843 
vn -0.401575 0.866142 -0.299213 
vn -0.700787 0.692913 -0.173228 
vn -0.212598 0.866142 0.456693 
vn 0.0551181 0.795276 0.606299 
vn 0.385827 0.905512 -0.173228 
vn -0.401575 0.866142 -0.299213 
vn -0.330709 0.566929 -0.755906 
vn -0.330709 0.566929 -0.755906 
vn -0.330709 0.566929 -0.755906 
vn 0.220472 0.614173 0.755906 
vn 0.401575 0.818898 -0.417323 
vn -0.330709 0.566929 -0.755906 
vn 0.929134 0.354331 -0.0629921 
vn 0.834646 0.543307 0.0393701 
vn -0.370079 0.771654 -0.519685 
vn -0.850394 0.377953 -0.354331 
vn -0.866142 0.448819 0.220472 
vn -0.307087 0.929134 -0.204724 
vn -0.716535 0.685039 0.0866142 
vn 0.551181 0.448819 0.700787 
vn -0.370079 0.913386 0.165354 
vn -0.826772 0.496063 0.259843 
vn 0.133858 0.511811 0.850394 
vn 0.76378 0.622047 -0.15748 
vn 0.433071 -0.417323 0.795276 
vn 0.818898 0.370079 -0.440945 
vn 0.456693 0.0787402 0.889764 
vn -0.19685 0.267717 0.944882 
vn 0.299213 0.645669 0.700787 
vn 0.700787 0.519685 -0.496063 
vn 0.952756 0.0787402 0.291339 
vn 0.511811 0.535433 0.669291 
vn -0.125984 0.19685 0.968504 
vn -0.937008 0.125984 -0.330709 
vn 0.322835 0.0472441 -0.944882 
vn 0.645669 0.582677 0.496063 
vn 0.165354 -0.102362 -0.984252 
vn 0.889764 0.0629921 -0.448819 
vn -0.779528 0.338583 -0.527559 
vn -0.590551 0.488189 -0.637795 
vn -0.779528 0.338583 -0.527559 
vn -0.771654 0.574803 -0.283465 
vn -0.511811 0.700787 -0.488189 
vn -0.511811 0.84252 -0.188976 
vn -0.346457 0.590551 0.732283 
vn 0.251969 0.771654 0.582677 
vn -0.314961 0.480315 0.818898 
vn 0.645669 0.488189 -0.582677 
vn 0.464567 0.653543 0.598425 
vn -0.220472 0.433071 0.874016 
vn 0.559055 0.566929 0.606299 
vn -0.149606 0.456693 0.88189 
vn 0.76378 0 -0.645669 
vn 0.472441 0.677165 -0.566929 
vn 0.433071 0.716535 -0.543307 
vn -0.889764 0.125984 -0.433071 
vn 0.433071 0.716535 -0.543307 

vt 0.236115 0.686869 
vt 0.248377 0.767543 
vt 0.519428 0.551002 
vt 0.503244 0.74245 
vt 0.633342 0.806593 
vt 0.730389 0.121018 
vt 0.757896 0.157258 
vt 0.721188 0.226064 
vt 0.172175 0.100872 
vt 0.165951 0.173736 
vt 0.480343 0.534177 
vt 0.661237 0.182703 
vt 0.985549 0.146838 
vt 0.989596 0.0957075 
vt 1 0.165239 
vt 0.981448 0.249478 
vt 0.967556 0.205932 
vt 0.956397 0.0829353 
vt 0.966175 0.0426143 
vt 0.946319 0.147223 
vt 0.706911 0.451255 
vt 0.686179 0.318498 
vt 0.706911 0.451255 
vt 0.68203 0.560334 
vt 0.650294 0.428302 
vt 0.729119 0.354728 
vt 0.749551 0.456174 
vt 0.729119 0.354728 
vt 0.570964 0.513899 
vt 0.565453 0.418302 
vt 0.60342 0.429462 
vt 0.602627 0.506292 
vt 0.539973 0.517641 
vt 0.530681 0.446175 
vt 0.565453 0.418302 
vt 0.561129 0.355332 
vt 0.530681 0.446175 
vt 0.531626 0.38251 
vt 0.203234 0.0985531 
vt 0.191526 0.193506 
vt 0.226667 0.210355 
vt 0.242336 0.140394 
vt 0.34451 0.466717 
vt 0.302036 0.360017 
vt 0.24995 0.396501 
vt 0.0888529 0.255043 
vt 0.219758 0.583722 
vt 0.200396 0.671791 
vt 0.22382 0.407925 
vt 0.219758 0.583722 
vt 0.0702774 0.145535 
vt 0.242873 0.339389 
vt 0.562512 0.290131 
vt 0.484309 0.846251 
vt 0.503244 0.74245 
vt 0.521263 0.857551 
vt 0.221905 0.684221 
vt 0.772153 0.389747 
vt 0.756015 0.284793 
vt 0.756015 0.284793 
vt 0.904181 0.159343 
vt 0.913188 0.0486748 
vt 0.946319 0.147223 
vt 0.967556 0.205932 
vt 0.926353 0.253899 
vt 0.904181 0.159343 
vt 0.848796 0.183674 
vt 0.849905 0.0546001 
vt 0.875721 0.0280901 
vt 0.981448 0.249478 
vt 0.87375 0.287108 
vt 0.848796 0.183674 
vt 0.828359 0.31445 
vt 0.574916 0.60903 
vt 0.335211 0.324005 
vt 0.332944 0.256752 
vt 0.369609 0.235625 
vt 0.366929 0.325987 
vt 0.206165 0.326004 
vt 0.485771 0.732881 
vt 0.403445 0.328202 
vt 0.412023 0.262457 
vt 0.416512 0.409283 
vt 0.371611 0.434851 
vt 0.80736 0.386828 
vt 0.389063 0.647395 
vt 0.658372 0.654876 
vt 0.266968 0.222932 
vt 0.238926 0.293813 
vt 0.194434 0.295668 
vt 0.57213 0.923762 
vt 0.249463 0.38713 
vt 0.281673 0.318764 
vt 0.371425 0.498233 
vt 0.353286 0.682174 
vt 0.341661 0.663472 
vt 0.230837 0.573383 
vt 0.300283 0.889545 
vt 0.0106245 0.152701 
vt 0 0.203938 
vt 0.0106245 0.152701 
vt 0.0304756 0.149319 
vt 0.0169 0.218094 
vt 0.0442454 0.232351 
vt 0.0595028 0.181717 
vt 0.0610508 0.315296 
vt 0.0888529 0.255043 
vt 0.0225094 0.321742 
vt 0.0888567 0.416359 
vt 0.120554 0.348363 
vt 0.117296 0.489666 
vt 0.143723 0.405684 
vt 0.0754818 0.506743 
vt 0.801304 0.339044 
vt 0.799226 0.238415 
vt 0.805974 0.097229 
vt 0.799226 0.238415 

usemtl Handle2Mtl

f 1396/1396/1396 1397/1397/1397 1393/1393/1393 
f 1394/1394/1394 1393/1393/1393 1398/1398/1398 
f 1398/1398/1398 1399/1399/1399 1394/1394/1394 
f 1393/1393/1393 1397/1397/1397 1400/1400/1400 
f 1400/1400/1400 1398/1398/1398 1393/1393/1393 
f 1388/1388/1388 1402/1402/1402 1392/1392/1392 
f 1403/1403/1403 1404/1404/1404 1405/1405/1405 
f 1405/1405/1405 1402/1402/1402 1403/1403/1403 
f 1401/1401/1401 1406/1406/1406 1407/1407/1407 
f 1408/1408/1408 1403/1403/1403 1402/1402/1402 
f 1402/1402/1402 1388/1388/1388 1408/1408/1408 
f 1409/1409/1409 1410/1410/1410 1411/1411/1411 
f 1411/1411/1411 1412/1412/1412 1409/1409/1409 
f 1413/1413/1413 1414/1414/1414 1410/1410/1410 
f 1410/1410/1410 1409/1409/1409 1413/1413/1413 
f 1417/1417/1417 1418/1418/1418 1416/1416/1416 
f 1419/1419/1419 1420/1420/1420 1390/1390/1390 
f 1390/1390/1390 1389/1389/1389 1419/1419/1419 
f 1421/1421/1421 1420/1420/1420 1419/1419/1419 
f 1419/1419/1419 1422/1422/1422 1421/1421/1421 
f 1406/1406/1406 1439/1439/1439 1438/1438/1438 
f 1388/1388/1388 1387/1387/1387 1440/1440/1440 
f 1440/1440/1440 1408/1408/1408 1388/1388/1388 
f 1400/1400/1400 1441/1441/1441 1442/1442/1442 
f 1442/1442/1442 1398/1398/1398 1400/1400/1400 
f 1443/1443/1443 1444/1444/1444 1445/1445/1445 
f 1445/1445/1445 1446/1446/1446 1443/1443/1443 
f 1447/1447/1447 1449/1449/1449 1442/1442/1442 
f 1441/1441/1441 1447/1447/1447 1442/1442/1442 
f 1446/1446/1446 1445/1445/1445 1451/1451/1451 
f 1451/1451/1451 1452/1452/1452 1446/1446/1446 
f 1454/1454/1454 1409/1409/1409 1412/1412/1412 
f 1455/1455/1455 1456/1456/1456 1457/1457/1457 
f 1457/1457/1457 1458/1458/1458 1455/1455/1455 
f 1432/1432/1432 1429/1429/1429 1459/1459/1459 
f 1460/1460/1460 1391/1391/1391 1383/1383/1383 
f 1383/1383/1383 1384/1384/1384 1460/1460/1460 
f 1461/1461/1461 1458/1458/1458 1457/1457/1457 
f 1457/1457/1457 1462/1462/1462 1461/1461/1461 
f 1455/1455/1455 1458/1458/1458 1464/1464/1464 
f 1461/1461/1461 1463/1463/1463 1464/1464/1464 
f 1464/1464/1464 1458/1458/1458 1461/1461/1461 
f 1422/1422/1422 1468/1468/1468 1469/1469/1469 
f 1470/1470/1470 1420/1420/1420 1421/1421/1421 
f 1468/1468/1468 1473/1473/1473 1472/1472/1472 
f 1476/1476/1476 1423/1423/1423 1474/1474/1474 
f 1474/1474/1474 1475/1475/1475 1476/1476/1476 
f 1429/1429/1429 1425/1425/1425 1477/1477/1477 
f 1482/1482/1482 1483/1483/1483 1480/1480/1480 
f 1484/1484/1484 1483/1483/1483 1482/1482/1482 
f 1482/1482/1482 1485/1485/1485 1484/1484/1484 
f 1486/1486/1486 1484/1484/1484 1485/1485/1485 
f 1485/1485/1485 1487/1487/1487 1486/1486/1486 
f 1405/1405/1405 1433/1433/1433 1392/1392/1392 
f 1392/1392/1392 1402/1402/1402 1405/1405/1405 
f 1489/1489/1489 1486/1486/1486 1487/1487/1487 
f 1487/1487/1487 1490/1490/1490 1489/1489/1489 
f 1488/1488/1488 1483/1483/1483 1484/1484/1484 
f 1484/1484/1484 1486/1486/1486 1488/1488/1488 
f 1428/1428/1428 1427/1427/1427 1437/1437/1437 
f 1491/1491/1491 1489/1489/1489 1490/1490/1490 
f 1490/1490/1490 1492/1492/1492 1491/1491/1491 
f 1453/1453/1453 1494/1494/1494 1495/1495/1495 
f 1452/1452/1452 1451/1451/1451 1453/1453/1453 
f 1453/1453/1453 1495/1495/1495 1452/1452/1452 
f 1496/1496/1496 1448/1448/1448 1447/1447/1447 
f 1447/1447/1447 1497/1497/1497 1496/1496/1496 
f 1387/1387/1387 1496/1496/1496 1497/1497/1497 
f 1497/1497/1497 1440/1440/1440 1387/1387/1387 
f 1494/1494/1494 1438/1438/1438 1439/1439/1439 
f 1439/1439/1439 1495/1495/1495 1494/1494/1494 

g Handle6

v 66.4862 68.8584 2.0121 
v 66.4934 68.9588 2.01943 
v 66.5687 68.7707 2.04935 
v 66.3502 69.2055 2.70826 
v 66.3806 69.4566 2.7086 
v 66.4961 69.3969 2.68048 
v 66.5256 69.2031 2.66845 
v 66.0676 69.8586 1.83811 
v 65.9893 69.798 1.8434 
v 65.9396 69.928 1.8537 
v 66.0055 69.9565 1.8387 
v 66.2687 68.4903 3.20584 
v 66.3208 70.2093 2.77029 
v 66.2546 70.1807 2.74633 
v 66.2374 70.1863 2.93992 
v 66.2546 70.1807 2.74633 
v 66.1868 70.1213 2.75323 
v 66.0216 70.0417 1.91233 
v 65.9396 69.928 1.8537 
v 65.881 69.8834 1.91172 
v 66.037 70.0634 2.00649 
v 65.9212 69.7443 1.93019 
v 66.1463 69.2904 1.9956 
v 66.1938 69.0287 2.06235 
v 66.02 69.5658 1.94379 
v 66.3988 68.9311 2.00021 
v 66.2265 68.9773 2.01728 
v 66.3988 68.9311 2.00021 
v 66.4998 67.922 2.02393 
v 66.5136 68.132 1.96033 
v 66.6766 68.9469 2.35593 
v 66.6414 69.0982 2.67588 
v 66.5256 69.2031 2.66845 
v 66.651 69.1632 2.72112 
v 66.7096 68.9717 2.72017 
v 66.593 69.0507 2.31382 
v 66.4812 69.1661 2.30018 
v 66.6049 69.1304 2.3407 
v 66.3785 68.9688 1.99817 
v 66.4706 69.1562 2.3004 
v 66.1186 67.3229 2.20293 
v 66.0859 67.5356 2.1186 
v 66.1174 69.5488 1.88027 
v 66.216 69.3655 1.9142 
v 66.2847 69.2013 1.95066 
v 66.051 69.6561 1.86173 
v 65.9893 69.798 1.8434 
v 66.1432 69.7383 1.85452 
v 66.051 69.6561 1.86173 
v 66.0116 68.8075 3.52291 
v 65.8934 68.7417 3.52564 
v 65.8691 68.8125 3.58915 
v 66.1763 69.9359 2.83234 
v 66.3093 70.0456 2.70377 
v 66.2179 70.0185 2.73127 
v 66.0682 70.2688 2.26195 
v 66.024 70.2023 2.28376 
v 66.3928 70.1023 2.74937 
v 66.3093 70.0456 2.70377 
v 66.3808 69.8707 2.69375 
v 66.3397 69.7034 2.71638 
v 66.1394 70.3167 2.26422 
v 66.0682 70.2688 2.26195 
v 66.2905 69.1768 2.87445 
v 66.4635 69.9504 2.74631 
v 66.3808 69.8707 2.69375 
v 66.5225 69.7767 2.74489 
v 66.4399 69.7376 2.6927 
v 66.469 69.5397 2.68581 
v 66.4399 69.7376 2.6927 
v 66.2334 70.2181 2.25821 
v 66.1523 70.1398 2.22365 
v 66.2976 69.8493 2.24168 
v 66.197 69.8478 2.27626 
v 66.2321 69.9838 2.22975 
v 66.5741 69.5764 2.74229 
v 66.469 69.5397 2.68581 
v 66.1523 70.1398 2.22365 
v 66.083 70.0527 2.27096 
v 66.3269 70.0771 2.27178 
v 66.2321 69.9838 2.22975 
v 66.6099 69.3879 2.73539 
v 66.4961 69.3969 2.68048 
v 66.4593 69.9356 2.39827 
v 66.4139 69.9064 2.28956 
v 66.2976 69.8493 2.24168 
v 66.3763 69.6055 2.26151 
v 66.2981 69.5052 2.30789 
v 66.4992 69.6588 2.30846 
v 66.3763 69.6055 2.26151 
v 66.1348 69.9464 1.91838 
v 66.5583 69.4101 2.32917 
v 66.4346 69.4162 2.27954 
v 66.4346 69.4162 2.27954 
v 66.2193 69.824 1.93216 
v 66.2876 69.2084 2.35708 
v 66.31 69.6849 1.96211 
v 66.238 69.6143 1.88466 
v 66.4812 69.1661 2.30018 
v 66.3989 69.5484 2.15316 
v 66.1174 69.5488 1.88027 
v 66.4098 69.5059 2.00495 
v 66.3375 69.4371 1.92178 
v 66.4706 69.1562 2.3004 
v 66.2325 67.0818 2.26273 
v 66.4223 69.2276 1.96934 
v 66.216 69.3655 1.9142 
v 66.5195 67.3016 2.12253 
v 66.5057 67.1057 2.1488 
v 66.2927 67.2948 2.07608 
v 66.5726 69.0428 2.11331 
v 66.2847 69.2013 1.95066 
v 66.65 68.9103 2.2628 
v 66.3125 67.1028 2.11782 
v 66.2927 67.2948 2.07608 
v 66.5068 67.5632 2.09563 
v 66.2778 67.5203 2.03143 
v 66.0612 67.7903 2.05248 
v 66.2778 67.5203 2.03143 
v 66.2612 67.7872 1.97106 
v 66.0659 68.1215 1.99582 
v 66.3785 68.9688 1.99817 
v 66.6825 68.5991 2.17971 
v 66.2612 67.7872 1.97106 
v 66.2419 68.0818 1.89817 
v 66.1004 68.4416 1.94811 
v 65.9743 69.4675 1.46558 
v 65.9435 69.4307 1.51474 
v 66.2419 68.0818 1.89817 
v 66.4199 68.1018 1.91323 
v 66.1329 68.6833 1.88999 
v 66.2467 68.382 1.84118 
v 66.025 69.501 1.43724 
v 65.9743 69.4675 1.46558 
v 66.0395 69.5656 1.4818 
v 66.1369 68.961 1.68563 
v 66.228 68.8812 1.66351 
v 66.2487 68.7561 1.72856 
v 66.2467 68.382 1.84118 
v 66.405 68.3739 1.84692 
v 66.2528 68.6084 1.78788 
v 66.515 68.4056 1.90944 
v 66.398 68.5983 1.7946 
v 66.2528 68.6084 1.78788 
v 65.9805 69.3213 1.54953 
v 66.4982 68.6332 1.86812 
v 66.3764 68.7552 1.73987 
v 66.2487 68.7561 1.72856 
v 66.0652 69.1614 1.60104 
v 66.0994 69.415 1.43598 
v 66.04 69.3552 1.45809 
v 66.228 68.8812 1.66351 
v 66.348 68.8878 1.67846 
v 66.4688 68.7998 1.82386 
v 66.1576 69.5051 1.49371 
v 66.1925 69.2933 1.48395 
v 66.1197 69.2278 1.49916 
v 66.1538 69.1243 1.54955 
v 66.1998 68.9821 1.61498 
v 66.3092 69.019 1.61605 
v 66.1998 68.9821 1.61498 
v 66.2565 69.3783 1.54861 
v 66.2594 69.1642 1.54821 
v 66.1538 69.1243 1.54955 
v 66.1197 69.2278 1.49916 

vn 0.354331 0.0393701 -0.937008 
vn 0.488189 0.0393701 -0.874016 
vn 0.787402 0.204724 -0.582677 
vn -0.220472 0.0314961 -0.976378 
vn -0.220472 0.0314961 -0.976378 
vn -0.220472 0.0314961 -0.976378 
vn -0.220472 0.023622 -0.976378 
vn -0.0551181 -0.0629921 -1 
vn -0.102362 0.0393701 -0.992126 
vn -0.141732 -0.0393701 -0.992126 
vn -0.181102 -0.102362 -0.976378 
vn 0.267717 0.472441 0.84252 
vn -0.165354 0.897638 -0.401575 
vn -0.204724 0.866142 -0.456693 
vn -0.299213 0.913386 0.275591 
vn -0.204724 0.866142 -0.456693 
vn -0.677165 0.700787 -0.228346 
vn -0.283465 0.850394 -0.440945 
vn -0.141732 -0.0393701 -0.992126 
vn -0.84252 0.448819 -0.299213 
vn -0.283465 0.96063 -0.0551181 
vn -0.92126 -0.393701 0.0314961 
vn -0.937008 -0.322835 -0.125984 
vn -0.968504 -0.204724 -0.125984 
vn -0.897638 -0.440945 -0.0393701 
vn 0.708661 0.511811 0.480315 
vn 0.141732 0.527559 0.834646 
vn 0.708661 0.511811 0.480315 
vn 0.598425 -0.212598 -0.771654 
vn 0.661417 -0.204724 -0.724409 
vn 0.866142 0.283465 -0.409449 
vn 0.708661 0.330709 -0.622047 
vn -0.220472 0.023622 -0.976378 
vn 0.779528 0.283465 -0.559055 
vn 0.968504 0.244094 -0.0393701 
vn 0.637795 0.370079 -0.677165 
vn 0.322835 0.0472441 -0.944882 
vn 0.645669 0.188976 -0.740157 
vn 0.165354 -0.102362 -0.984252 
vn 0.645669 0.582677 0.496063 
vn -0.866142 -0.425197 -0.267717 
vn -0.834646 -0.307087 -0.456693 
vn -0.496063 -0.417323 -0.755906 
vn -0.456693 -0.370079 -0.811024 
vn -0.448819 -0.370079 -0.811024 
vn -0.559055 -0.401575 -0.724409 
vn -0.102362 0.0393701 -0.992126 
vn 0.0393701 -0.0866142 -0.992126 
vn -0.559055 -0.401575 -0.724409 
vn -0.330709 0.566929 -0.755906 
vn -0.330709 0.566929 -0.755906 
vn -0.330709 0.566929 -0.755906 
vn -0.96063 -0.19685 -0.188976 
vn -0.251969 0.0787402 -0.968504 
vn -0.291339 0 -0.96063 
vn -0.850394 0.377953 -0.354331 
vn -0.834646 0.448819 -0.322835 
vn 0.259843 0.330709 -0.905512 
vn -0.251969 0.0787402 -0.968504 
vn -0.275591 -0.0551181 -0.96063 
vn -0.543307 -0.102362 -0.834646 
vn -0.370079 0.771654 -0.519685 
vn -0.850394 0.377953 -0.354331 
vn -0.976378 0.125984 0.165354 
vn 0.409449 0.220472 -0.889764 
vn -0.275591 -0.0551181 -0.96063 
vn 0.464567 0.165354 -0.866142 
vn 0.464567 0.165354 -0.866142 
vn -0.244094 -0.015748 -0.968504 
vn 0.464567 0.165354 -0.866142 
vn 0.669291 0.559055 -0.488189 
vn 0.0944882 0.244094 -0.968504 
vn -0.314961 -0.23622 -0.92126 
vn -0.322835 -0.204724 -0.92126 
vn -0.346457 -0.228346 -0.913386 
vn 0.480315 0.125984 -0.866142 
vn -0.244094 -0.015748 -0.968504 
vn 0.0944882 0.244094 -0.968504 
vn -0.401575 -0.212598 -0.889764 
vn 0.755906 0.456693 -0.464567 
vn -0.346457 -0.228346 -0.913386 
vn 0.472441 0.125984 -0.874016 
vn -0.220472 0.0314961 -0.976378 
vn 0.818898 0.370079 -0.440945 
vn 0.818898 0.370079 -0.440945 
vn -0.314961 -0.23622 -0.92126 
vn -0.322835 -0.181102 -0.929134 
vn -0.322835 -0.181102 -0.929134 
vn 0.850394 0.267717 -0.448819 
vn -0.322835 -0.181102 -0.929134 
vn 0.700787 0.519685 -0.496063 
vn 0.866142 0.173228 -0.464567 
vn 0.338583 0 -0.937008 
vn 0.338583 0 -0.937008 
vn 0.574803 0.275591 -0.771654 
vn -0.937008 0.125984 -0.330709 
vn 0.598425 0.228346 -0.771654 
vn 0.598425 0.23622 -0.76378 
vn 0.322835 0.0472441 -0.944882 
vn 0.598425 0.440945 0.669291 
vn -0.496063 -0.417323 -0.755906 
vn 0.653543 0.188976 -0.732283 
vn 0.677165 0.15748 -0.724409 
vn 0.645669 0.582677 0.496063 
vn -0.874016 -0.456693 -0.165354 
vn 0.716535 0.0944882 -0.692913 
vn -0.456693 -0.370079 -0.811024 
vn 0.88189 -0.244094 -0.401575 
vn 0.96063 -0.102362 -0.251969 
vn -0.677165 -0.354331 -0.637795 
vn 0.88189 0.19685 -0.433071 
vn -0.448819 -0.370079 -0.811024 
vn 0.905512 0.307087 -0.291339 
vn -0.84252 -0.204724 -0.503937 
vn -0.677165 -0.354331 -0.637795 
vn 0.818898 -0.0393701 -0.574803 
vn -0.496063 -0.291339 -0.818898 
vn -0.858268 -0.204724 -0.472441 
vn -0.496063 -0.291339 -0.818898 
vn -0.370079 -0.251969 -0.897638 
vn -0.897638 0 -0.440945 
vn 0.165354 -0.102362 -0.984252 
vn 0.889764 0.0629921 -0.448819 
vn -0.370079 -0.251969 -0.897638 
vn -0.440945 -0.181102 -0.88189 
vn -0.952756 0.0944882 -0.291339 
vn -0.779528 0.338583 -0.527559 
vn -0.92126 0.23622 -0.314961 
vn -0.440945 -0.181102 -0.88189 
vn 0.291339 -0.299213 -0.905512 
vn -0.984252 0.0708661 -0.165354 
vn -0.551181 -0.0944882 -0.826772 
vn -0.590551 0.488189 -0.637795 
vn -0.779528 0.338583 -0.527559 
vn -0.511811 0.700787 -0.488189 
vn -0.590551 -0.503937 -0.629921 
vn -0.614173 -0.472441 -0.629921 
vn -0.661417 -0.377953 -0.645669 
vn -0.551181 -0.0944882 -0.826772 
vn 0.291339 -0.204724 -0.937008 
vn -0.669291 -0.19685 -0.716535 
vn 0.692913 -0.11811 -0.716535 
vn 0.362205 -0.204724 -0.905512 
vn -0.669291 -0.19685 -0.716535 
vn -0.913386 -0.393701 0.0629921 
vn 0.779528 -0.023622 -0.629921 
vn 0.110236 -0.362205 -0.92126 
vn -0.661417 -0.377953 -0.645669 
vn -0.92126 -0.385827 -0.015748 
vn -0.244094 -0.19685 -0.952756 
vn -0.0866142 -0.251969 -0.968504 
vn -0.614173 -0.472441 -0.629921 
vn 0.181102 -0.393701 -0.897638 
vn 0.866142 0.0629921 -0.496063 
vn 0.645669 0.488189 -0.582677 
vn 0.0393701 -0.307087 -0.952756 
vn 0.110236 -0.330709 -0.937008 
vn -0.543307 -0.503937 -0.669291 
vn -0.574803 -0.488189 -0.653543 
vn 0.19685 -0.370079 -0.913386 
vn -0.574803 -0.488189 -0.653543 
vn 0.637795 0.165354 -0.755906 
vn 0.173228 -0.354331 -0.92126 
vn -0.543307 -0.503937 -0.669291 
vn 0.110236 -0.330709 -0.937008 

vt 0.686869 0.456758 
vt 0.691843 0.42592 
vt 0.767543 0.484705 
vt 0.551002 0.3501 
vt 0.584094 0.272995 
vt 0.710235 0.291325 
vt 0.74245 0.350809 
vt 0.23879 0.148942 
vt 0.154346 0.168195 
vt 0.100872 0.127766 
vt 0.173736 0.118648 
vt 0.451255 0.572473 
vt 0.517641 0.0471431 
vt 0.446175 0.0557241 
vt 0.429462 0.0542952 
vt 0.446175 0.0557241 
vt 0.38251 0.0729346 
vt 0.193506 0.0983193 
vt 0.100872 0.127766 
vt 0.0522264 0.144468 
vt 0.210355 0.0923204 
vt 0.0978654 0.182021 
vt 0.344004 0.321865 
vt 0.396501 0.402952 
vt 0.205199 0.236537 
vt 0.583722 0.437332 
vt 0.407925 0.423226 
vt 0.583722 0.437332 
vt 0.69639 0.742821 
vt 0.710082 0.678361 
vt 0.88362 0.431087 
vt 0.848597 0.384905 
vt 0.74245 0.350809 
vt 0.857551 0.36465 
vt 0.917427 0.423223 
vt 0.797339 0.399724 
vt 0.682174 0.362315 
vt 0.81011 0.374144 
vt 0.573383 0.421995 
vt 0.663472 0.368643 
vt 0.31213 0.925504 
vt 0.275732 0.860907 
vt 0.302831 0.241914 
vt 0.409559 0.298493 
vt 0.484458 0.34894 
vt 0.231634 0.209061 
vt 0.154346 0.168195 
vt 0.319286 0.185754 
vt 0.231634 0.209061 
vt 0.183674 0.475619 
vt 0.0546001 0.495836 
vt 0.0280901 0.474102 
vt 0.377235 0.124389 
vt 0.506969 0.0923822 
vt 0.408008 0.10023 
vt 0.256752 0.0256735 
vt 0.208203 0.0465113 
vt 0.586941 0.0765002 
vt 0.506969 0.0923822 
vt 0.585561 0.145278 
vt 0.54655 0.196365 
vt 0.324005 0.0133792 
vt 0.256752 0.0256735 
vt 0.502289 0.359497 
vt 0.660918 0.122497 
vt 0.585561 0.145278 
vt 0.724162 0.175483 
vt 0.633942 0.187507 
vt 0.681166 0.247165 
vt 0.633942 0.187507 
vt 0.403976 0.0423383 
vt 0.328028 0.0644572 
vt 0.495624 0.15072 
vt 0.385882 0.151381 
vt 0.424707 0.10947 
vt 0.780095 0.236783 
vt 0.681166 0.247165 
vt 0.328028 0.0644572 
vt 0.26319 0.0884197 
vt 0.504179 0.0850348 
vt 0.424707 0.10947 
vt 0.819405 0.294656 
vt 0.710235 0.291325 
vt 0.647395 0.127945 
vt 0.597823 0.136932 
vt 0.495624 0.15072 
vt 0.581726 0.225957 
vt 0.496345 0.25674 
vt 0.690296 0.212334 
vt 0.581726 0.225957 
vt 0.295668 0.125545 
vt 0.754435 0.288151 
vt 0.630919 0.285205 
vt 0.630919 0.285205 
vt 0.390682 0.161642 
vt 0.498233 0.349807 
vt 0.489153 0.204093 
vt 0.410537 0.225807 
vt 0.682174 0.362315 
vt 0.58626 0.247299 
vt 0.302831 0.241914 
vt 0.59699 0.258805 
vt 0.517505 0.279737 
vt 0.663472 0.368643 
vt 0.436656 0.999374 
vt 0.609214 0.343695 
vt 0.409559 0.298493 
vt 0.711769 0.933147 
vt 0.694965 0.994211 
vt 0.498091 0.934566 
vt 0.769753 0.40109 
vt 0.484458 0.34894 
vt 0.853679 0.442456 
vt 0.52333 0.994459 
vt 0.498091 0.934566 
vt 0.699236 0.854072 
vt 0.477923 0.8657 
vt 0.249294 0.783305 
vt 0.477923 0.8657 
vt 0.457029 0.783956 
vt 0.255291 0.68285 
vt 0.573383 0.421995 
vt 0.889545 0.53654 
vt 0.457029 0.783956 
vt 0.437516 0.693925 
vt 0.294231 0.585111 
vt 0.152701 0.271527 
vt 0.122174 0.282187 
vt 0.437516 0.693925 
vt 0.615924 0.687052 
vt 0.330416 0.510742 
vt 0.445172 0.60226 
vt 0.203938 0.262148 
vt 0.152701 0.271527 
vt 0.218094 0.243636 
vt 0.326095 0.42191 
vt 0.426156 0.446609 
vt 0.449797 0.485614 
vt 0.445172 0.60226 
vt 0.599572 0.604071 
vt 0.454445 0.532091 
vt 0.711004 0.594858 
vt 0.590478 0.535136 
vt 0.454445 0.532091 
vt 0.162379 0.31193 
vt 0.690742 0.525536 
vt 0.572298 0.485994 
vt 0.449797 0.485614 
vt 0.255106 0.361078 
vt 0.277617 0.28437 
vt 0.209291 0.302376 
vt 0.426156 0.446609 
vt 0.539821 0.44506 
vt 0.656674 0.474892 
vt 0.321742 0.260896 
vt 0.373136 0.32106 
vt 0.292092 0.341048 
vt 0.343513 0.371765 
vt 0.394422 0.415541 
vt 0.497113 0.404929 
vt 0.394422 0.415541 
vt 0.429872 0.297845 
vt 0.443171 0.360409 
vt 0.343513 0.371765 
vt 0.292092 0.341048 

usemtl Handle2Mtl

f 1498/1498/1498 1499/1499/1499 1500/1500/1500 
f 1501/1501/1501 1502/1502/1502 1503/1503/1503 
f 1503/1503/1503 1504/1504/1504 1501/1501/1501 
f 1505/1505/1505 1506/1506/1506 1507/1507/1507 
f 1507/1507/1507 1508/1508/1508 1505/1505/1505 
f 1529/1529/1529 1530/1530/1530 1531/1531/1531 
f 1533/1533/1533 1534/1534/1534 1535/1535/1535 
f 1528/1528/1528 1533/1533/1533 1535/1535/1535 
f 1498/1498/1498 1536/1536/1536 1499/1499/1499 
f 1522/1522/1522 1540/1540/1540 1541/1541/1541 
f 1541/1541/1541 1520/1520/1520 1522/1522/1522 
f 1542/1542/1542 1520/1520/1520 1541/1541/1541 
f 1540/1540/1540 1522/1522/1522 1543/1543/1543 
f 1543/1543/1543 1522/1522/1522 1519/1519/1519 
f 1519/1519/1519 1544/1544/1544 1543/1543/1543 
f 1544/1544/1544 1519/1519/1519 1517/1517/1517 
f 1517/1517/1517 1516/1516/1516 1544/1544/1544 
f 1545/1545/1545 1546/1546/1546 1506/1506/1506 
f 1506/1506/1506 1505/1505/1505 1545/1545/1545 
f 1547/1547/1547 1548/1548/1548 1549/1549/1549 
f 1514/1514/1514 1513/1513/1513 1551/1551/1551 
f 1551/1551/1551 1552/1552/1552 1514/1514/1514 
f 1511/1511/1511 1510/1510/1510 1555/1555/1555 
f 1555/1555/1555 1556/1556/1556 1511/1511/1511 
f 1551/1551/1551 1557/1557/1557 1558/1558/1558 
f 1551/1551/1551 1558/1558/1558 1550/1550/1550 
f 1562/1562/1562 1563/1563/1563 1556/1556/1556 
f 1556/1556/1556 1555/1555/1555 1562/1562/1562 
f 1564/1564/1564 1565/1565/1565 1563/1563/1563 
f 1563/1563/1563 1562/1562/1562 1564/1564/1564 
f 1566/1566/1566 1502/1502/1502 1558/1558/1558 
f 1558/1558/1558 1567/1567/1567 1566/1566/1566 
f 1568/1568/1568 1569/1569/1569 1560/1560/1560 
f 1560/1560/1560 1559/1559/1559 1568/1568/1568 
f 1570/1570/1570 1571/1571/1571 1572/1572/1572 
f 1573/1573/1573 1574/1574/1574 1565/1565/1565 
f 1565/1565/1565 1564/1564/1564 1573/1573/1573 
f 1554/1554/1554 1553/1553/1553 1575/1575/1575 
f 1575/1575/1575 1576/1576/1576 1554/1554/1554 
f 1572/1572/1572 1571/1571/1571 1576/1576/1576 
f 1576/1576/1576 1575/1575/1575 1572/1572/1572 
f 1577/1577/1577 1578/1578/1578 1569/1569/1569 
f 1569/1569/1569 1568/1568/1568 1577/1577/1577 
f 1573/1573/1573 1579/1579/1579 1580/1580/1580 
f 1580/1580/1580 1574/1574/1574 1573/1573/1573 
f 1582/1582/1582 1583/1583/1583 1578/1578/1578 
f 1578/1578/1578 1577/1577/1577 1582/1582/1582 
f 1584/1584/1584 1585/1585/1585 1571/1571/1571 
f 1571/1571/1571 1570/1570/1570 1584/1584/1584 
f 1530/1530/1530 1580/1580/1580 1579/1579/1579 
f 1579/1579/1579 1531/1531/1531 1530/1530/1530 
f 1586/1586/1586 1587/1587/1587 1583/1583/1583 
f 1583/1583/1583 1582/1582/1582 1586/1586/1586 
f 1588/1588/1588 1505/1505/1505 1508/1508/1508 
f 1508/1508/1508 1515/1515/1515 1588/1588/1588 
f 1586/1586/1586 1589/1589/1589 1590/1590/1590 
f 1590/1590/1590 1587/1587/1587 1586/1586/1586 
f 1591/1591/1591 1585/1585/1585 1584/1584/1584 
f 1505/1505/1505 1588/1588/1588 1592/1592/1592 
f 1592/1592/1592 1545/1545/1545 1505/1505/1505 
f 1534/1534/1534 1590/1590/1590 1589/1589/1589 
f 1589/1589/1589 1535/1535/1535 1534/1534/1534 
f 1545/1545/1545 1592/1592/1592 1594/1594/1594 
f 1594/1594/1594 1595/1595/1595 1545/1545/1545 
f 1593/1593/1593 1585/1585/1585 1591/1591/1591 
f 1591/1591/1591 1596/1596/1596 1593/1593/1593 
f 1567/1567/1567 1558/1558/1558 1557/1557/1557 
f 1546/1546/1546 1545/1545/1545 1595/1595/1595 
f 1595/1595/1595 1598/1598/1598 1546/1546/1546 
f 1594/1594/1594 1599/1599/1599 1600/1600/1600 
f 1600/1600/1600 1595/1595/1595 1594/1594/1594 
f 1595/1595/1595 1600/1600/1600 1604/1604/1604 
f 1604/1604/1604 1598/1598/1598 1595/1595/1595 
f 1537/1537/1537 1534/1534/1534 1533/1533/1533 
f 1602/1602/1602 1538/1538/1538 1607/1607/1607 
f 1600/1600/1600 1603/1603/1603 1609/1609/1609 
f 1609/1609/1609 1604/1604/1604 1600/1600/1600 
f 1503/1503/1503 1502/1502/1502 1566/1566/1566 
f 1605/1605/1605 1606/1606/1606 1611/1611/1611 
f 1611/1611/1611 1612/1612/1612 1605/1605/1605 
f 1538/1538/1538 1539/1539/1539 1614/1614/1614 
f 1614/1614/1614 1607/1607/1607 1538/1538/1538 
f 1536/1536/1536 1609/1609/1609 1603/1603/1603 
f 1603/1603/1603 1499/1499/1499 1536/1536/1536 
f 1612/1612/1612 1616/1616/1616 1613/1613/1613 
f 1613/1613/1613 1605/1605/1605 1612/1612/1612 
f 1539/1539/1539 1615/1615/1615 1617/1617/1617 
f 1617/1617/1617 1614/1614/1614 1539/1539/1539 
f 1521/1521/1521 1520/1520/1520 1542/1542/1542 
f 1542/1542/1542 1619/1619/1619 1521/1521/1521 
f 1613/1613/1613 1616/1616/1616 1621/1621/1621 
f 1621/1621/1621 1526/1526/1526 1613/1613/1613 
f 1622/1622/1622 1617/1617/1617 1615/1615/1615 
f 1615/1615/1615 1618/1618/1618 1622/1622/1622 
f 1619/1619/1619 1525/1525/1525 1524/1524/1524 
f 1626/1626/1626 1627/1627/1627 1526/1526/1526 
f 1526/1526/1526 1621/1621/1621 1626/1626/1626 
f 1629/1629/1629 1622/1622/1622 1618/1618/1618 
f 1618/1618/1618 1623/1623/1623 1629/1629/1629 
f 1523/1523/1523 1536/1536/1536 1498/1498/1498 
f 1636/1636/1636 1637/1637/1637 1627/1627/1627 
f 1627/1627/1627 1626/1626/1626 1636/1636/1636 
f 1638/1638/1638 1629/1629/1629 1623/1623/1623 
f 1623/1623/1623 1628/1628/1628 1638/1638/1638 
f 1527/1527/1527 1627/1627/1627 1637/1637/1637 
f 1637/1637/1637 1639/1639/1639 1527/1527/1527 
f 1640/1640/1640 1637/1637/1637 1636/1636/1636 
f 1636/1636/1636 1641/1641/1641 1640/1640/1640 
f 1639/1639/1639 1637/1637/1637 1640/1640/1640 
f 1640/1640/1640 1643/1643/1643 1639/1639/1639 
f 1644/1644/1644 1640/1640/1640 1641/1641/1641 
f 1641/1641/1641 1645/1645/1645 1644/1644/1644 
f 1631/1631/1631 1630/1630/1630 1647/1647/1647 
f 1647/1647/1647 1648/1648/1648 1631/1631/1631 
f 1645/1645/1645 1649/1649/1649 1650/1650/1650 
f 1650/1650/1650 1644/1644/1644 1645/1645/1645 
f 1651/1651/1651 1643/1643/1643 1640/1640/1640 
f 1652/1652/1652 1647/1647/1647 1630/1630/1630 
f 1630/1630/1630 1632/1632/1632 1652/1652/1652 
f 1648/1648/1648 1647/1647/1647 1653/1653/1653 
f 1653/1653/1653 1654/1654/1654 1648/1648/1648 
f 1655/1655/1655 1656/1656/1656 1633/1633/1633 
f 1633/1633/1633 1646/1646/1646 1655/1655/1655 
f 1657/1657/1657 1650/1650/1650 1649/1649/1649 
f 1649/1649/1649 1658/1658/1658 1657/1657/1657 
f 1659/1659/1659 1653/1653/1653 1647/1647/1647 
f 1647/1647/1647 1652/1652/1652 1659/1659/1659 
f 1654/1654/1654 1653/1653/1653 1660/1660/1660 
f 1660/1660/1660 1661/1661/1661 1654/1654/1654 
f 1660/1660/1660 1657/1657/1657 1658/1658/1658 
f 1658/1658/1658 1661/1661/1661 1660/1660/1660 
f 1627/1627/1627 1527/1527/1527 1526/1526/1526 
f 1634/1634/1634 1633/1633/1633 1656/1656/1656 
f 1662/1662/1662 1646/1646/1646 1642/1642/1642 
f 1655/1655/1655 1646/1646/1646 1662/1662/1662 

g Handle7

v 65.9275 68.2992 3.46137 
v 65.9992 68.7818 3.92842 
v 66.2625 69.1791 2.30583 
v 66.1627 69.1178 2.20024 
v 66.2672 67.4573 2.9836 
v 66.2922 67.6317 3.09102 
v 66.0682 67.6161 3.00406 
v 66.1289 67.6774 3.10355 
v 66.0684 67.3961 2.77786 
v 65.8871 68.6999 3.84367 
v 65.8739 68.5697 3.74454 
v 66.1763 69.9359 2.83234 
v 66.3093 70.0456 2.70377 
v 66.2179 70.0185 2.73127 
v 66.1202 68.6182 3.77236 
v 65.994 68.5626 3.80342 
v 66.1483 68.5266 3.67173 
v 66.1343 68.9241 1.95889 
v 66.0271 68.458 3.70527 
v 66.213 68.183 3.452 
v 66.2161 67.9936 3.33458 
v 66.0566 68.1452 3.43692 
v 66.0376 67.9837 3.2729 
v 66.0351 67.7607 3.10704 
v 65.9069 67.835 2.92651 
v 66.2876 69.2084 2.35708 
v 66.4741 67.1479 2.91629 
v 66.5249 67.1042 2.78608 
v 66.5478 67.0845 2.56649 
v 66.5444 67.0824 2.30891 
v 66.5057 67.1057 2.1488 
v 65.8975 68.4532 3.6515 
v 66.058 68.2625 3.53583 
v 65.9127 68.3826 3.57657 
v 66.0336 68.3655 3.61989 
v 66.2325 67.0818 2.26273 
v 66.3125 67.1028 2.11782 
v 66.317 67.1617 2.93007 
v 66.2152 67.1103 2.77997 
v 66.1747 67.0968 2.52369 

vn -0.818898 -0.496063 0.275591 
vn -0.110236 0.362205 0.92126 
vn -0.748031 0.511811 0.417323 
vn -0.850394 0.377953 0.362205 
vn -0.204724 -0.425197 0.88189 
vn 0.0944882 -0.551181 0.826772 
vn -0.574803 -0.559055 0.598425 
vn -0.299213 -0.637795 0.708661 
vn -0.795276 -0.464567 0.385827 
vn -0.866142 -0.133858 0.480315 
vn -0.92126 -0.212598 0.322835 
vn -0.96063 -0.19685 -0.188976 
vn -0.251969 0.0787402 -0.968504 
vn -0.291339 0 -0.96063 
vn 0.905512 -0.15748 0.393701 
vn -0.354331 -0.535433 0.76378 
vn 0.92126 -0.141732 0.362205 
vn -0.716535 0.685039 0.0866142 
vn 0.456693 -0.574803 0.677165 
vn 0.433071 -0.417323 0.795276 
vn 0.188976 -0.519685 0.834646 
vn -0.346457 -0.622047 0.700787 
vn -0.622047 -0.511811 0.598425 
vn -0.661417 -0.448819 0.598425 
vn -0.944882 -0.181102 0.259843 
vn -0.937008 0.125984 -0.330709 
vn 0.0787402 -0.0866142 0.992126 
vn 0.874016 -0.401575 0.275591 
vn 0.897638 -0.448819 0.0393701 
vn 0.92126 -0.322835 -0.212598 
vn 0.96063 -0.102362 -0.251969 
vn -0.307087 -0.692913 0.653543 
vn -0.102362 -0.629921 0.76378 
vn -0.322835 -0.716535 0.614173 
vn -0.307087 -0.708661 0.637795 
vn -0.874016 -0.456693 -0.165354 
vn -0.84252 -0.204724 -0.503937 
vn 0.11811 -0.11811 0.984252 
vn -0.826772 -0.425197 0.377953 
vn -0.88189 -0.472441 0 

vt 0.184607 0.102503 
vt 0 0.165239 
vt 0.65549 0.466717 
vt 0.697964 0.360017 
vt 0.383754 0.460022 
vt 0.339636 0.480689 
vt 0.373132 0.250783 
vt 0.333582 0.311053 
vt 0.463352 0.255759 
vt 0.0308654 0.0593915 
vt 0.0698825 0.0461402 
vt 0.436533 0.377235 
vt 0.482461 0.506969 
vt 0.471346 0.408008 
vt 0.0591495 0.275241 
vt 0.049533 0.164929 
vt 0.0997979 0.305595 
vt 0.793835 0.326004 
vt 0.0887255 0.183389 
vt 0.19264 0.386828 
vt 0.240692 0.395599 
vt 0.198004 0.233095 
vt 0.263845 0.218397 
vt 0.331271 0.216482 
vt 0.401904 0.0826829 
vt 0.628575 0.498233 
vt 0.412012 0.679686 
vt 0.459116 0.71783 
vt 0.546459 0.7423 
vt 0.649118 0.738036 
vt 0.713885 0.694965 
vt 0.110391 0.0585503 
vt 0.158308 0.229293 
vt 0.14053 0.0754629 
vt 0.123115 0.207198 
vt 0.668275 0.436656 
vt 0.724428 0.52333 
vt 0.406343 0.507292 
vt 0.462433 0.416793 
vt 0.563536 0.373807 

usemtl Handle2Mtl

f 1668/1668/1668 1670/1670/1670 1669/1669/1669 
f 1676/1676/1676 1675/1675/1675 1674/1674/1674 
f 1681/1681/1681 1679/1679/1679 1677/1677/1677 
f 1684/1684/1684 1685/1685/1685 1683/1683/1683 
f 1671/1671/1671 1667/1667/1667 1669/1669/1669 
f 1673/1673/1673 1694/1694/1694 1681/1681/1681 
f 1681/1681/1681 1678/1678/1678 1673/1673/1673 
f 1694/1694/1694 1696/1696/1696 1697/1697/1697 
f 1697/1697/1697 1681/1681/1681 1694/1694/1694 
f 1695/1695/1695 1697/1697/1697 1696/1696/1696 
f 1696/1696/1696 1663/1663/1663 1695/1695/1695 
f 1669/1669/1669 1670/1670/1670 1686/1686/1686 
f 1698/1698/1698 1699/1699/1699 1693/1693/1693 
f 1693/1693/1693 1692/1692/1692 1698/1698/1698 
f 1690/1690/1690 1689/1689/1689 1700/1700/1700 
f 1700/1700/1700 1701/1701/1701 1690/1690/1690 
f 1702/1702/1702 1698/1698/1698 1692/1692/1692 
f 1692/1692/1692 1691/1691/1691 1702/1702/1702 
f 1691/1691/1691 1690/1690/1690 1701/1701/1701 
f 1701/1701/1701 1702/1702/1702 1691/1691/1691 

g Stick1

v 66.431 67.2101 2.63273 
v 66.431 65.6472 2.63273 
v 66.431 67.2101 2.47059 
v 66.431 65.6472 2.47059 
v 66.2165 65.6472 2.63273 
v 66.431 65.6472 2.63273 
v 66.2165 67.2101 2.63273 
v 66.431 67.2101 2.63273 
v 66.431 65.6472 2.63273 
v 66.2165 65.6472 2.63273 
v 66.431 65.6472 2.47059 
v 66.2165 65.6472 2.47059 
v 66.2165 65.6472 2.63273 
v 66.2165 67.2101 2.63273 
v 66.2165 65.6472 2.47059 
v 66.2165 67.2101 2.47059 
v 66.2165 67.2101 2.47059 
v 66.431 67.2101 2.47059 
v 66.2165 65.6472 2.47059 
v 66.431 65.6472 2.47059 
v 66.2165 67.2101 2.63273 
v 66.431 67.2101 2.63273 
v 66.2165 67.2101 2.47059 
v 66.431 67.2101 2.47059 

vn 1 0 0 
vn 1 0 0 
vn 1 0 0 
vn 1 0 0 
vn 0 0 1 
vn 0 0 1 
vn 0 0 1 
vn 0 0 1 
vn 0 -1 0 
vn 0 -1 0 
vn 0 -1 0 
vn 0 -1 0 
vn -1 0 0 
vn -1 0 0 
vn -1 0 0 
vn -1 0 0 
vn 0 0 -1 
vn 0 0 -1 
vn 0 0 -1 
vn 0 0 -1 
vn 0 1 0 
vn 0 1 0 
vn 0 1 0 
vn 0 1 0 

vt 6.19536 0.25 
vt 6 0.25 
vt 6.19536 0.229733 
vt 6 0.229733 
vt 6.02682 0.25 
vt 6 0.25 
vt 6.02682 0.0546379 
vt 6 0.0546379 
vt 6.02682 0.25 
vt 6 0.25 
vt 6.02682 0.229733 
vt 6 0.229733 
vt 6.19536 0.25 
vt 6 0.25 
vt 6.19536 0.229733 
vt 6 0.229733 
vt 6.02682 0.25 
vt 6 0.25 
vt 6.02682 0.0546379 
vt 6 0.0546379 
vt 6.02682 0.25 
vt 6 0.25 
vt 6.02682 0.229733 
vt 6 0.229733 

usemtl Stick1Mtl

f 1703/1703/1703 1704/1704/1704 1705/1705/1705 
f 1705/1705/1705 1704/1704/1704 1706/1706/1706 
f 1707/1707/1707 1708/1708/1708 1709/1709/1709 
f 1709/1709/1709 1708/1708/1708 1710/1710/1710 
f 1711/1711/1711 1712/1712/1712 1713/1713/1713 
f 1713/1713/1713 1712/1712/1712 1714/1714/1714 
f 1715/1715/1715 1716/1716/1716 1717/1717/1717 
f 1717/1717/1717 1716/1716/1716 1718/1718/1718 
f 1719/1719/1719 1720/1720/1720 1721/1721/1721 
f 1721/1721/1721 1720/1720/1720 1722/1722/1722 
f 1723/1723/1723 1724/1724/1724 1725/1725/1725 
f 1725/1725/1725 1724/1724/1724 1726/1726/1726 

