# This file is brought to you by Roblox Corporation
# Generated by Roblox Studio

mtllib Slap_8.mtl

g Handle1

v -45.8675 113.267 41.0375 
v -45.6922 113.265 40.9976 
v -45.6335 112.644 41.3177 
v -45.7724 112.749 41.3793 
v -45.859 112.595 41.4375 
v -45.756 112.465 41.4414 
v -46.2613 112.442 41.5564 
v -46.2798 113.991 40.1832 
v -46.0802 113.875 40.4526 
v -46.168 113.992 40.4164 
v -46.235 113.91 40.4225 
v -46.1198 113.757 40.4724 
v -46.1751 114.294 40.7741 
v -46.1318 114.367 40.7732 
v -45.883 113.297 40.9413 
v -46.2783 112.371 41.7655 
v -46.2377 112.921 42.1841 
v -46.2845 112.863 42.1941 
v -46.2208 112.837 42.2197 
v -46.1768 112.867 42.2075 
v -46.1437 112.9 42.174 
v -46.2962 112.939 42.1124 
v -46.3331 112.882 42.1364 
v -45.9589 112.543 41.4987 
v -45.8681 112.423 41.5366 
v -45.9589 112.543 41.4987 
v -45.859 112.595 41.4375 
v -45.9799 112.647 41.3594 
v -45.9789 114.23 41.2441 
v -45.9085 114.261 41.2421 
v -46.0352 114.16 41.2222 
v -45.9789 114.23 41.2441 
v -46.1795 114.106 40.3173 
v -46.2436 114.082 40.3558 
v -46.2436 114.082 40.3558 
v -46.291 114.012 40.3776 
v -46.29 113.845 40.3442 
v -45.9447 113.231 40.6072 
v -46.0956 113.413 40.4424 
v -46.2037 113.668 40.3843 
v -45.9115 113.589 40.5268 
v -46.0106 113.769 40.479 
v -45.9877 113.489 40.542 
v -45.8973 113.113 40.2408 
v -45.9426 113.22 40.1903 
v -46.0134 113.167 40.2124 
v -46.1936 113.495 39.9979 
v -46.0949 113.357 40.0962 
v -46.0531 113.456 40.0562 
v -46.1386 113.569 39.9782 
v -46.0006 113.357 40.1132 
v -45.8376 112.983 40.3003 
v -45.9986 113.029 40.3103 
v -45.8376 112.983 40.3003 
v -46.2057 113.619 39.906 
v -46.2389 113.567 39.9325 
v -45.5971 113.153 40.9511 
v -45.5978 113.223 40.9074 
v -45.701 113.277 40.9547 
v -45.6922 113.265 40.9976 
v -45.532 113.029 41.0306 
v -45.7645 113.207 40.6001 
v -45.6698 113.145 40.5498 
v -45.6008 111.446 41.0949 
v -45.9509 111.528 41.2756 
v -45.8108 111.709 41.3378 
v -45.9319 111.705 41.3842 
v -46.1425 111.69 41.3018 
v -46.0873 111.752 41.399 
v -45.8444 113.428 40.562 
v -46.1437 112.9 42.174 
v -46.3178 112.765 42.1437 
v -45.9985 114.02 41.2512 
v -45.9271 114.105 41.295 
v -46.1768 112.867 42.2075 
v -46.1435 112.79 42.1657 
v -46.3299 112.636 42.0477 
v -46.2228 112.758 42.1843 
v -45.9171 113.811 41.2879 
v -45.8635 113.944 41.3206 
v -45.9271 114.105 41.295 
v -45.8466 114.165 41.2682 
v -46.137 114.323 40.5787 
v -46.1201 112.684 42.0742 
v -46.2211 112.636 42.0978 
v -45.8635 113.944 41.3206 
v -45.7794 114.015 41.2813 
v -46.0923 112.592 41.9742 
v -46.0736 112.973 40.2668 
v -45.8559 113.507 41.3055 
v -45.701 113.277 40.9547 
v -45.8227 113.806 41.3317 
v -45.7232 113.841 41.2898 
v -45.7759 113.596 41.3436 
v -45.8227 113.806 41.3317 
v -46.0716 114.401 40.7521 
v -46.1318 114.367 40.7732 
v -46.2042 112.532 42.0014 
v -45.8482 113.219 41.3029 
v -45.7759 113.596 41.3436 
v -45.6717 113.636 41.2983 
v -46.0642 114.259 40.8336 
v -45.9973 114.314 40.7843 
v -45.8577 112.996 41.3167 
v -45.7274 113.2 41.3406 
v -45.7475 113.435 41.3439 
v -45.7475 113.435 41.3439 
v -45.6339 113.437 41.2961 
v -45.9068 114.168 40.8107 
v -45.9783 114.108 40.868 
v -46.1227 114.165 40.8151 
v -45.8567 112.181 41.5694 
v -46.0179 112.254 41.7458 
v -46.0099 112.066 41.6276 
v -45.8986 113.611 40.9046 
v -45.7629 113.526 40.9355 
v -45.819 113.715 40.9218 
v -45.8976 112.802 41.3341 
v -46.0111 113.959 40.8604 
v -45.9098 113.963 40.8905 
v -45.9783 114.108 40.868 
v -45.7318 112.972 41.3506 
v -45.7274 113.2 41.3406 
v -45.6073 113.204 41.2882 
v -45.8178 113.989 40.8354 
v -45.9098 113.963 40.8905 
v -45.7793 113.99 40.7168 
v -46.1587 112.22 41.7326 
v -46.1722 112.056 41.5706 
v -45.7724 112.749 41.3793 
v -45.7318 112.972 41.3506 
v -45.6041 112.955 41.292 
v -46.0642 114.259 40.8336 
v -45.819 113.715 40.9218 
v -45.7241 113.743 40.8629 
v -46.168 113.992 40.4164 
v -46.1031 114.027 40.3474 
v -46.0366 111.857 41.4906 
v -45.8739 111.893 41.4732 
v -45.7129 112.211 41.4261 
v -46.1739 111.832 41.4047 
v -45.5262 112.986 41.1671 
v -45.7629 113.526 40.9355 
v -45.6569 113.5 40.8812 
v -46.0176 113.912 40.3733 
v -46.0802 113.875 40.4526 
v -45.7328 111.936 41.3862 
v -45.9159 113.268 40.6734 
v -46.0106 113.769 40.479 
v -45.9318 113.779 40.4042 
v -45.7201 111.464 41.2256 
v -45.6595 111.73 41.243 
v -45.9076 111.226 41.2201 
v -45.7497 111.212 41.2061 
v -45.9905 111.181 41.0821 
v -45.9115 113.589 40.5268 
v -45.8353 113.602 40.4494 
v -45.7645 113.207 40.6001 
v -45.8444 113.428 40.562 
v -45.7519 113.395 40.4975 
v -45.5903 112.966 40.5783 
v -46.1386 113.569 39.9782 
v -45.9909 113.481 39.9782 
v -46.1622 112.337 41.8302 
v -46.037 112.388 41.8173 
v -46.1824 112.442 41.9168 
v -46.0642 112.501 41.8899 
v -46.2783 112.371 41.7655 
v -46.2208 112.837 42.2197 
v -45.9447 113.231 40.6072 
v -46.0425 113.173 40.5027 
v -45.9509 111.528 41.2756 
v -45.9319 111.705 41.3842 
v -46.1425 111.69 41.3018 
v -46.0873 111.752 41.399 
v -46.1379 111.468 41.0798 
v -46.3178 112.765 42.1437 
v -46.3299 112.636 42.0477 
v -46.0267 114.002 41.1458 
v -45.9079 114.106 41.0328 
v -45.9985 114.081 41.0601 
v -46.1201 112.684 42.0742 
v -46.2211 112.636 42.0978 
v -46.0923 112.592 41.9742 
v -46.0736 112.973 40.2668 
v -46.2042 112.532 42.0014 
v -46.0179 112.254 41.7458 
v -46.0099 112.066 41.6276 
v -46.1587 112.22 41.7326 
v -46.1722 112.056 41.5706 
v -46.1739 111.832 41.4047 
v -46.2965 111.901 41.231 
v -45.9159 113.268 40.6734 
v -45.7497 111.212 41.2061 
v -45.7148 111.174 41.0902 
v -45.6923 111.156 40.8754 
v -45.6963 111.151 40.6228 
v -45.7357 111.17 40.4635 
v -46.3186 112.529 41.9481 
v -46.1622 112.337 41.8302 
v -46.3031 112.459 41.874 
v -46.1824 112.442 41.9168 
v -45.9723 111.153 40.5757 
v -45.8929 111.169 40.4376 
v -45.9076 111.226 41.2201 
v -45.9905 111.181 41.0821 
v -46.0298 111.169 40.8334 
v -45.7431 112.92 40.3405 
v -45.7386 113.02 40.3466 
v -45.6692 112.829 40.3707 
v -45.6335 112.644 41.3177 
v -45.7724 112.749 41.3793 
v -45.756 112.465 41.4414 
v -46.2798 113.991 40.1832 
v -46.2131 114.021 40.1679 
v -46.2783 112.371 41.7655 
v -46.2208 112.837 42.2197 
v -45.9589 112.543 41.4987 
v -45.8681 112.423 41.5366 
v -45.9589 112.543 41.4987 
v -46.0473 112.572 41.5533 
v -45.9544 112.493 41.6036 
v -45.9015 114.28 41.1642 
v -45.9789 114.23 41.2441 
v -45.9085 114.261 41.2421 
v -45.8981 114.254 41.088 
v -45.9635 114.226 41.0651 
v -46.195 114.087 40.2308 
v -46.1795 114.106 40.3173 
v -46.2436 114.082 40.3558 
v -45.8172 113.065 40.1838 
v -45.8973 113.113 40.2408 
v -45.8376 112.983 40.3003 
v -45.7569 112.91 40.2526 
v -45.8376 112.983 40.3003 
v -45.6633 112.241 40.3524 
v -45.7344 111.988 40.349 
v -45.7219 112.198 40.2845 
v -45.4614 112.514 40.9266 
v -45.4829 112.242 40.8577 
v -45.4563 112.522 40.8398 
v -45.512 112.435 40.6114 
v -45.5603 112.132 40.5752 
v -45.5417 112.38 40.5372 
v -45.5148 112.436 41.1516 
v -45.5257 112.196 41.1191 
v -45.4855 112.488 41.0592 
v -45.4727 112.503 40.7502 
v -45.496 112.778 40.7034 
v -45.5629 113.003 40.6738 
v -45.5173 113.009 40.8005 
v -45.4712 112.795 40.8174 
v -45.5971 113.153 40.9511 
v -45.531 113.034 40.9266 
v -45.5978 113.223 40.9074 
v -45.701 113.277 40.9547 
v -45.595 113.154 40.998 
v -45.6922 113.265 40.9976 
v -45.5868 113.22 41.042 
v -45.532 113.029 41.0306 
v -45.6419 113.106 40.637 
v -45.6302 113.189 40.6652 
v -45.7455 112.884 40.3055 
v -45.6983 112.767 40.2897 
v -45.7645 113.207 40.6001 
v -45.6559 113.088 40.5977 
v -45.6698 113.145 40.5498 
v -45.5197 111.755 40.8784 
v -45.5575 111.769 41.0971 
v -45.6008 111.446 41.0949 
v -45.5535 111.422 40.8854 
v -46.0152 112.583 41.6592 
v -46.1836 112.951 42.1398 
v -46.1396 112.922 42.0385 
v -46.204 112.858 41.8477 
v -46.1437 112.9 42.174 
v -46.1068 112.852 42.1101 
v -46.1092 112.847 41.9091 
v -46.204 112.858 41.8477 
v -46.1768 112.867 42.2075 
v -46.1435 112.79 42.1657 
v -46.0758 112.767 42.0007 
v -45.8466 114.165 41.2682 
v -45.9807 112.485 41.7414 
v -45.9319 112.359 41.6788 
v -46.1201 112.684 42.0742 
v -46.0488 112.685 41.8931 
v -46.0842 112.761 41.7974 
v -45.8346 114.158 41.0771 
v -45.8144 114.186 41.174 
v -45.7794 114.015 41.2813 
v -46.0754 114.363 40.5843 
v -46.137 114.323 40.5787 
v -46.0736 114.407 40.6623 
v -46.0923 112.592 41.9742 
v -45.7669 114.008 41.0738 
v -45.7398 114.036 41.178 
v -45.7232 113.841 41.2898 
v -46.0716 114.401 40.7521 
v -45.709 113.836 41.0719 
v -45.677 113.855 41.1807 
v -45.7759 113.596 41.3436 
v -45.6717 113.636 41.2983 
v -45.9973 114.314 40.7843 
v -45.9739 114.319 40.6738 
v -46.0022 114.269 40.5776 
v -45.6339 113.437 41.2961 
v -45.6577 113.636 41.0693 
v -45.6223 113.649 41.1841 
v -45.9068 114.168 40.8107 
v -45.8735 114.174 40.6945 
v -45.9104 114.13 40.5907 
v -45.8567 112.181 41.5694 
v -46.0179 112.254 41.7458 
v -45.6073 113.204 41.2882 
v -45.6217 113.448 41.0625 
v -45.5825 113.448 41.1809 
v -45.8178 113.989 40.8354 
v -45.7793 113.99 40.7168 
v -45.8247 113.961 40.608 
v -45.6041 112.955 41.292 
v -45.5503 113.218 41.1706 
v -45.7241 113.743 40.8629 
v -45.6874 113.74 40.7399 
v -45.74 113.716 40.6271 
v -46.1031 114.027 40.3474 
v -45.7129 112.211 41.4261 
v -46.1014 113.998 40.238 
v -45.5262 112.986 41.1671 
v -45.6569 113.5 40.8812 
v -45.6812 113.469 40.6481 
v -45.6231 113.486 40.7604 
v -46.0176 113.912 40.3733 
v -45.7328 111.936 41.3862 
v -46.2965 111.901 41.231 
v -46.0144 113.881 40.2573 
v -45.5206 112.722 41.1702 
v -45.5724 113.216 40.7827 
v -45.9318 113.779 40.4042 
v -45.7201 111.464 41.2256 
v -45.6595 111.73 41.243 
v -45.6103 112.024 41.2587 
v -45.5856 112.301 41.2592 
v -45.7497 111.212 41.2061 
v -45.9242 113.743 40.2872 
v -45.4891 112.769 41.0441 
v -45.8353 113.602 40.4494 
v -45.7148 111.174 41.0902 
v -45.6923 111.156 40.8754 
v -45.8254 113.564 40.3293 
v -45.8982 113.496 40.2459 
v -45.4753 112.791 40.9301 
v -45.7519 113.395 40.4975 
v -45.6963 111.151 40.6228 
v -45.5939 111.39 40.6294 
v -45.7393 113.351 40.3793 
v -45.8142 113.288 40.2929 
v -45.7203 111.369 40.4402 
v -45.7357 111.17 40.4635 
v -45.5802 111.691 40.6188 
v -45.6672 113.101 40.4316 
v -45.5903 112.966 40.5783 
v -45.7318 111.626 40.4168 
v -45.5261 112.727 40.5938 
v -45.6057 112.89 40.4669 
v -45.5575 112.66 40.4984 
v -46.2323 113.523 39.7858 
v -45.6069 112.59 40.4127 
v -45.5837 112.322 40.4696 
v -45.6572 112.523 40.3194 
v -45.721 112.47 40.2334 
v -45.8314 112.665 40.1224 
v -45.956 112.675 40.1119 
v -45.7396 112.696 40.1904 
v -45.848 112.825 40.068 
v -45.8778 112.958 40.0061 
v -45.7708 112.861 40.1434 
v -46.0834 113.598 39.9098 
v -46.1386 113.569 39.9782 
v -46.0775 113.558 39.815 
v -46.0304 113.362 39.8127 
v -45.9169 113.089 39.944 
v -45.8109 113.007 40.0818 
v -45.9909 113.481 39.9782 
v -45.9785 113.437 39.8734 
v -45.9663 113.234 39.8763 
v -45.8557 113.149 40.0164 
v -45.8688 113.205 40.1199 
v -45.9426 113.22 40.1903 
v -45.9237 113.349 40.0482 
v -46.0006 113.357 40.1132 
v -45.9081 113.298 39.9453 
v -46.0617 112.689 41.7309 
v -46.1622 112.337 41.8302 
v -46.037 112.388 41.8173 
v -46.0642 112.501 41.8899 
v -46.0205 112.599 41.8103 
v -45.7431 112.92 40.3405 
v -45.7386 113.02 40.3466 
v -45.6692 112.829 40.3707 
v -45.8675 113.267 41.0375 
v -45.8372 113.518 41.0378 
v -45.7217 113.459 41.0097 
v -45.6922 113.265 40.9976 
v -46.1535 113.922 40.1678 
v -46.2308 113.859 40.1729 
v -46.2798 113.991 40.1832 
v -46.2131 114.021 40.1679 
v -45.9589 112.543 41.4987 
v -45.8981 114.254 41.088 
v -45.9635 114.226 41.0651 
v -45.9789 114.23 41.2441 
v -45.9635 114.226 41.0651 
v -46.0219 114.17 41.0675 
v -46.195 114.087 40.2308 
v -46.2798 113.991 40.1832 
v -46.3243 113.937 40.2274 
v -46.1795 114.106 40.3173 
v -46.2825 113.814 40.2392 
v -46.0571 113.359 40.3078 
v -46.009 113.095 40.3745 
v -46.1842 113.637 40.2542 
v -45.8376 112.983 40.3003 
v -45.9986 113.029 40.3103 
v -45.8376 112.983 40.3003 
v -45.7344 111.988 40.349 
v -45.7219 112.198 40.2845 
v -45.5629 113.003 40.6738 
v -45.595 113.154 40.998 
v -45.6922 113.265 40.9976 
v -45.5868 113.22 41.042 
v -45.532 113.029 41.0306 
v -45.6419 113.106 40.637 
v -45.7474 113.227 40.6287 
v -45.6302 113.189 40.6652 
v -45.847 113.033 40.3275 
v -45.7645 113.207 40.6001 
v -46.0863 111.394 40.518 
v -46.1196 111.604 40.4374 
v -46.0948 113.619 40.205 
v -45.9971 113.435 40.2401 
v -45.9285 113.271 40.2766 
v -46.16 113.726 40.1859 
v -46.2308 113.859 40.1729 
v -46.0798 113.802 40.184 
v -46.16 113.726 40.1859 
v -46.204 112.858 41.8477 
v -46.3222 112.793 41.8504 
v -46.3465 112.863 41.9139 
v -46.0267 114.002 41.1458 
v -45.9079 114.106 41.0328 
v -45.9985 114.081 41.0601 
v -46.137 114.323 40.5787 
v -46.1815 114.256 40.5999 
v -45.8346 114.158 41.0771 
v -45.9079 114.106 41.0328 
v -45.8359 113.934 41.0226 
v -45.8716 113.768 41.0427 
v -46.0754 114.363 40.5843 
v -46.137 114.323 40.5787 
v -45.9122 113.237 41.1808 
v -45.7669 114.008 41.0738 
v -45.8359 113.934 41.0226 
v -45.709 113.836 41.0719 
v -45.7916 113.797 41.0197 
v -45.7483 113.602 41.0149 
v -45.7916 113.797 41.0197 
v -46.0022 114.269 40.5776 
v -46.0718 114.197 40.5527 
v -45.9183 113.916 40.5698 
v -46.0188 113.914 40.6044 
v -45.9832 114.051 40.5577 
v -45.6577 113.636 41.0693 
v -45.7483 113.602 41.0149 
v -46.0718 114.197 40.5527 
v -46.1311 114.119 40.5984 
v -45.9104 114.13 40.5907 
v -45.9832 114.051 40.5577 
v -45.6217 113.448 41.0625 
v -45.7217 113.459 41.0097 
v -45.7793 113.99 40.7168 
v -45.8247 113.961 40.608 
v -45.9183 113.916 40.5698 
v -45.8394 113.671 40.5898 
v -45.9176 113.571 40.6361 
v -45.74 113.716 40.6271 
v -45.8394 113.671 40.5898 
v -46.1014 113.998 40.238 
v -45.6812 113.469 40.6481 
v -45.7944 113.478 40.6079 
v -45.7944 113.478 40.6079 
v -46.0144 113.881 40.2573 
v -45.9159 113.268 40.6734 
v -45.9242 113.743 40.2872 
v -45.9962 113.672 40.2096 
v -45.7474 113.227 40.6287 
v -45.8353 113.602 40.4494 
v -46.0948 113.619 40.205 
v -45.8254 113.564 40.3293 
v -45.8982 113.496 40.2459 
v -45.7645 113.207 40.6001 
v -45.9723 111.153 40.5757 
v -45.8142 113.288 40.2929 
v -45.9971 113.435 40.2401 
v -45.7203 111.369 40.4402 
v -45.7357 111.17 40.4635 
v -45.916 111.364 40.3985 
v -45.6672 113.101 40.4316 
v -45.9285 113.271 40.2766 
v -45.5903 112.966 40.5783 
v -45.8929 111.169 40.4376 
v -45.916 111.364 40.3985 
v -45.7318 111.626 40.4168 
v -45.9345 111.588 40.3575 
v -46.1439 111.857 40.3716 
v -45.9345 111.588 40.3575 
v -45.9536 111.855 40.2987 
v -46.1384 112.184 40.3143 
v -45.847 113.033 40.3275 
v -45.5575 112.66 40.4984 
v -45.9536 111.855 40.2987 
v -45.9715 112.148 40.2255 
v -46.1027 112.502 40.2636 
v -46.2323 113.523 39.7858 
v -46.2603 113.488 39.8307 
v -45.9715 112.148 40.2255 
v -45.8081 112.17 40.241 
v -46.0696 112.744 40.203 
v -45.9645 112.446 40.1674 
v -46.1854 113.554 39.7597 
v -46.2323 113.523 39.7858 
v -46.1724 113.614 39.8012 
v -46.0735 113.033 40.0079 
v -45.9819 112.953 39.9858 
v -45.9602 112.826 40.0511 
v -45.9645 112.446 40.1674 
v -45.8231 112.44 40.1753 
v -45.956 112.675 40.1119 
v -45.721 112.47 40.2334 
v -45.8314 112.665 40.1224 
v -45.956 112.675 40.1119 
v -46.2235 113.391 39.8579 
v -45.7396 112.696 40.1904 
v -45.848 112.825 40.068 
v -45.9602 112.826 40.0511 
v -46.1385 113.231 39.911 
v -46.1179 113.481 39.7647 
v -46.1805 113.423 39.7871 
v -45.9819 112.953 39.9858 
v -45.8778 112.958 40.0061 
v -45.7708 112.861 40.1434 
v -46.0775 113.558 39.815 
v -46.0304 113.362 39.8127 
v -46.1047 113.297 39.8276 
v -46.0576 113.197 39.8726 
v -46.0109 113.054 39.9377 
v -45.9169 113.089 39.944 
v -46.0109 113.054 39.9377 
v -45.9785 113.437 39.8734 
v -45.9663 113.234 39.8763 
v -46.0576 113.197 39.8726 
v -46.1047 113.297 39.8276 
v -45.7431 112.92 40.3405 
v -45.6692 112.829 40.3707 
v -45.8675 113.267 41.0375 
v -45.6922 113.265 40.9976 
v -45.6335 112.644 41.3177 
v -46.2613 112.442 41.5564 
v -46.2282 112.608 41.6241 
v -46.1651 112.561 41.5338 
v -46.2798 113.991 40.1832 
v -46.2131 114.021 40.1679 
v -45.883 113.297 40.9413 
v -46.2048 112.452 41.3863 
v -46.2377 112.921 42.1841 
v -46.2845 112.863 42.1941 
v -46.2208 112.837 42.2197 
v -46.1437 112.9 42.174 
v -46.1836 112.951 42.1398 
v -46.2962 112.939 42.1124 
v -46.3331 112.882 42.1364 
v -46.2373 112.973 42.0876 
v -45.9589 112.543 41.4987 
v -46.0805 112.561 41.4477 
v -45.9589 112.543 41.4987 
v -45.859 112.595 41.4375 
v -45.9799 112.647 41.3594 
v -46.0473 112.572 41.5533 
v -45.9544 112.493 41.6036 
v -46.0473 112.572 41.5533 
v -45.9015 114.28 41.1642 
v -45.9891 114.265 41.1507 
v -45.9789 114.23 41.2441 
v -45.9085 114.261 41.2421 
v -45.8981 114.254 41.088 
v -45.9635 114.226 41.0651 
v -45.9891 114.265 41.1507 
v -46.0467 114.169 41.14 
v -45.9635 114.226 41.0651 
v -46.0219 114.17 41.0675 
v -46.2819 114.073 40.2596 
v -46.195 114.087 40.2308 
v -46.1795 114.106 40.3173 
v -46.2436 114.082 40.3558 
v -45.9447 113.231 40.6072 
v -46.0425 113.173 40.5027 
v -46.009 113.095 40.3745 
v -46.1386 113.569 39.9782 
v -45.8376 112.983 40.3003 
v -45.7569 112.91 40.2526 
v -45.9986 113.029 40.3103 
v -45.8376 112.983 40.3003 
v -46.2389 113.567 39.9325 
v -46.0613 112.974 40.3571 
v -46.1065 112.628 41.1434 
v -45.5971 113.153 40.9511 
v -45.6922 113.265 40.9976 
v -45.5868 113.22 41.042 
v -45.7455 112.884 40.3055 
v -46.0152 112.583 41.6592 
v -46.1114 112.64 41.6195 
v -46.1114 112.64 41.6195 
v -46.2262 112.942 41.9839 
v -46.3276 112.903 42.0061 
v -46.2373 112.973 42.0876 
v -46.1836 112.951 42.1398 
v -46.1396 112.922 42.0385 
v -46.2262 112.942 41.9839 
v -46.204 112.858 41.8477 
v -46.3222 112.793 41.8504 
v -46.3465 112.863 41.9139 
v -46.1437 112.9 42.174 
v -46.1092 112.847 41.9091 
v -46.204 112.858 41.8477 
v -46.0842 112.761 41.7974 
v -45.8144 114.186 41.174 
v -46.0754 114.363 40.5843 
v -46.137 114.323 40.5787 
v -46.1564 114.381 40.6689 
v -46.0736 114.407 40.6623 
v -46.0736 112.973 40.2668 
v -45.701 113.277 40.9547 
v -46.0716 114.401 40.7521 
v -46.1318 114.367 40.7732 
v -45.9973 114.314 40.7843 
v -45.9739 114.319 40.6738 
v -46.0179 112.254 41.7458 
v -45.7793 113.99 40.7168 
v -45.7724 112.749 41.3793 
v -46.168 113.992 40.4164 
v -46.1031 114.027 40.3474 
v -46.1014 113.998 40.238 
v -45.5262 112.986 41.1671 
v -46.0176 113.912 40.3733 
v -46.0802 113.875 40.4526 
v -45.9159 113.268 40.6734 
v -45.7474 113.227 40.6287 
v -45.7645 113.207 40.6001 
v -45.847 113.033 40.3275 
v -45.5575 112.66 40.4984 
v -46.2323 113.523 39.7858 
v -46.1854 113.554 39.7597 
v -46.2323 113.523 39.7858 
v -46.2354 113.591 39.8346 
v -46.1724 113.614 39.8012 
v -46.1594 113.645 39.8685 
v -46.2057 113.619 39.906 
v -46.0834 113.598 39.9098 
v -46.1386 113.569 39.9782 
v -46.0775 113.558 39.815 
v -45.9909 113.481 39.9782 
v -46.0531 113.456 40.0562 
v -45.9237 113.349 40.0482 
v -46.0006 113.357 40.1132 
v -45.9081 113.298 39.9453 
v -46.0617 112.689 41.7309 
v -46.1538 112.749 41.7258 
v -46.2831 112.694 41.7424 
v -46.1538 112.749 41.7258 
v -45.8675 113.267 41.0375 
v -45.8372 113.518 41.0378 
v -46.2613 112.442 41.5564 
v -46.3021 112.489 41.6827 
v -46.2282 112.608 41.6241 
v -46.1651 112.561 41.5338 
v -46.235 113.91 40.4225 
v -46.1751 114.294 40.7741 
v -46.1318 114.367 40.7732 
v -46.1564 114.381 40.6689 
v -46.1997 114.282 40.6847 
v -45.883 113.297 40.9413 
v -45.9716 113.104 40.966 
v -45.9607 113.077 41.0603 
v -45.9546 113.296 40.8032 
v -45.9989 113.123 40.8087 
v -46.0494 112.98 40.7171 
v -46.0229 112.925 41.0229 
v -46.2048 112.452 41.3863 
v -46.2775 112.183 41.3954 
v -46.2691 112.288 41.6358 
v -46.2783 112.371 41.7655 
v -46.2377 112.921 42.1841 
v -46.2845 112.863 42.1941 
v -46.2208 112.837 42.2197 
v -46.1437 112.9 42.174 
v -46.2962 112.939 42.1124 
v -46.3331 112.882 42.1364 
v -46.2373 112.973 42.0876 
v -45.9589 112.543 41.4987 
v -46.0805 112.561 41.4477 
v -45.9589 112.543 41.4987 
v -45.9799 112.647 41.3594 
v -45.9891 114.265 41.1507 
v -46.0467 114.169 41.14 
v -46.0352 114.16 41.2222 
v -45.9789 114.23 41.2441 
v -45.9635 114.226 41.0651 
v -46.0219 114.17 41.0675 
v -46.2798 113.991 40.1832 
v -46.3243 113.937 40.2274 
v -46.3268 113.982 40.3037 
v -46.2819 114.073 40.2596 
v -46.2436 114.082 40.3558 
v -46.291 114.012 40.3776 
v -46.2825 113.814 40.2392 
v -46.29 113.845 40.3442 
v -46.0121 113.093 40.6566 
v -45.9447 113.231 40.6072 
v -46.0425 113.173 40.5027 
v -46.0603 113.029 40.5503 
v -46.0956 113.413 40.4424 
v -46.0571 113.359 40.3078 
v -46.009 113.095 40.3745 
v -46.2037 113.668 40.3843 
v -46.1842 113.637 40.2542 
v -45.9877 113.489 40.542 
v -46.0134 113.167 40.2124 
v -46.1936 113.495 39.9979 
v -46.0949 113.357 40.0962 
v -46.1386 113.569 39.9782 
v -45.9986 113.029 40.3103 
v -45.8376 112.983 40.3003 
v -46.2057 113.619 39.906 
v -46.2389 113.567 39.9325 
v -46.0613 112.974 40.3571 
v -46.0889 112.903 40.4249 
v -46.063 112.996 40.4251 
v -46.1065 112.628 41.1434 
v -45.9963 112.84 41.1885 
v -45.9957 113.117 40.7174 
v -45.9509 111.528 41.2756 
v -45.9319 111.705 41.3842 
v -46.1425 111.69 41.3018 
v -46.2892 111.698 40.9168 
v -46.2107 111.501 40.7839 
v -46.1379 111.468 41.0798 
v -46.2513 111.689 41.1298 
v -46.2766 111.68 40.7691 
v -46.2358 111.651 40.6204 
v -46.0863 111.394 40.518 
v -46.1196 111.604 40.4374 
v -45.9971 113.435 40.2401 
v -46.3276 112.903 42.0061 
v -46.204 112.858 41.8477 
v -46.3222 112.793 41.8504 
v -46.3465 112.863 41.9139 
v -46.3657 112.81 42.0613 
v -46.3178 112.765 42.1437 
v -46.3722 112.692 41.9465 
v -45.9985 114.02 41.2512 
v -46.3299 112.636 42.0477 
v -46.0267 114.002 41.1458 
v -45.9079 114.106 41.0328 
v -45.9985 114.081 41.0601 
v -45.9171 113.811 41.2879 
v -46.137 114.323 40.5787 
v -46.1815 114.256 40.5999 
v -45.9592 113.771 41.1571 
v -45.8716 113.768 41.0427 
v -46.0736 112.973 40.2668 
v -45.9156 113.5 41.1679 
v -45.9122 113.237 41.1808 
v -45.8559 113.507 41.3055 
v -45.7759 113.596 41.3436 
v -45.9428 113.028 41.1983 
v -45.8482 113.219 41.3029 
v -45.9183 113.916 40.5698 
v -46.0188 113.914 40.6044 
v -45.8577 112.996 41.3167 
v -46.1311 114.119 40.5984 
v -46.1613 114.115 40.7106 
v -46.1227 114.165 40.8151 
v -46.0179 112.254 41.7458 
v -45.8986 113.611 40.9046 
v -45.8976 112.802 41.3341 
v -46.0111 113.959 40.8604 
v -45.9176 113.571 40.6361 
v -46.0682 113.893 40.7394 
v -46.1587 112.22 41.7326 
v -46.1722 112.056 41.5706 
v -45.7724 112.749 41.3793 
v -45.9783 113.579 40.7744 
v -46.1739 111.832 41.4047 
v -45.5262 112.986 41.1671 
v -46.2965 111.901 41.231 
v -45.9159 113.268 40.6734 
v -45.9076 111.226 41.2201 
v -45.9905 111.181 41.0821 
v -46.2627 112.259 41.0822 
v -46.3184 111.938 40.9965 
v -46.0298 111.169 40.8334 
v -46.2452 112.273 40.7899 
v -46.2968 111.928 40.7734 
v -45.7645 113.207 40.6001 
v -45.9723 111.153 40.5757 
v -46.225 112.242 40.5222 
v -46.255 111.896 40.555 
v -45.916 111.364 40.3985 
v -45.8929 111.169 40.4376 
v -46.1439 111.857 40.3716 
v -46.1387 112.632 40.7871 
v -46.1544 112.588 40.4879 
v -46.1384 112.184 40.3143 
v -45.9715 112.148 40.2255 
v -46.1027 112.502 40.2636 
v -46.2354 113.591 39.8346 
v -46.2323 113.523 39.7858 
v -46.2603 113.488 39.8307 
v -46.263 113.531 39.8819 
v -46.0696 112.744 40.203 
v -46.1854 113.554 39.7597 
v -46.2323 113.523 39.7858 
v -46.2354 113.591 39.8346 
v -46.0595 112.884 40.1147 
v -46.0735 113.033 40.0079 
v -45.9819 112.953 39.9858 
v -45.9602 112.826 40.0511 
v -45.956 112.675 40.1119 
v -46.1594 113.645 39.8685 
v -46.2235 113.391 39.8579 
v -46.2333 113.427 39.9438 
v -46.0993 113.107 40.1353 
v -46.1385 113.231 39.911 
v -46.1613 113.277 40.0281 
v -46.1386 113.569 39.9782 
v -46.1805 113.423 39.7871 
v -46.1047 113.297 39.8276 
v -46.3186 112.529 41.9481 
v -46.3031 112.459 41.874 
v -46.3453 112.565 41.8332 
v -46.2831 112.694 41.7424 

vn -0.220472 0.0314961 -0.976378 
vn -0.220472 0.023622 -0.976378 
vn 0.661417 0.0393701 0.748031 
vn 0.456693 0.0787402 0.889764 
vn 0.401575 0.338583 0.850394 
vn 0.606299 0.188976 0.779528 
vn -0.92126 0.244094 -0.299213 
vn -0.141732 -0.0393701 -0.992126 
vn -0.125984 0.19685 0.968504 
vn -0.19685 0.267717 0.944882 
vn -0.141732 0.19685 0.968504 
vn -0.110236 0.212598 0.968504 
vn -0.858268 0.456693 0.228346 
vn -0.826772 0.496063 0.259843 
vn -0.874016 0.377953 0.299213 
vn -0.818898 -0.496063 0.275591 
vn -0.181102 0.637795 0.748031 
vn -0.417323 0.480315 0.771654 
vn -0.110236 0.362205 0.92126 
vn 0.102362 0.496063 0.866142 
vn 0.220472 0.614173 0.755906 
vn -0.425197 0.724409 0.543307 
vn -0.503937 0.590551 0.629921 
vn 0.267717 0.472441 0.84252 
vn 0.685039 0.322835 0.653543 
vn 0.267717 0.472441 0.84252 
vn 0.401575 0.338583 0.850394 
vn -0.0944882 0.795276 0.606299 
vn -0.299213 0.913386 0.275591 
vn -0.385827 0.905512 0.188976 
vn -0.818898 0.519685 0.228346 
vn -0.299213 0.913386 0.275591 
vn -0.283465 0.96063 -0.0551181 
vn -0.338583 0.944882 0.0393701 
vn -0.338583 0.944882 0.0393701 
vn -0.795276 0.582677 0.149606 
vn -0.889764 -0.267717 0.370079 
vn -0.748031 0.511811 0.417323 
vn -0.952756 -0.251969 -0.173228 
vn -0.905512 -0.433071 -0.015748 
vn -0.0708661 0.204724 0.976378 
vn -0.0787402 0.204724 0.976378 
vn -0.0866142 0.212598 0.976378 
vn -0.023622 0.417323 0.905512 
vn -0.0551181 0.448819 0.889764 
vn 0.023622 0.496063 0.866142 
vn -0.291339 0.448819 0.84252 
vn -0.19685 0.433071 0.88189 
vn -0.220472 0.433071 0.874016 
vn -0.314961 0.480315 0.818898 
vn -0.149606 0.456693 0.88189 
vn 0.708661 0.511811 0.480315 
vn 0.141732 0.527559 0.834646 
vn 0.708661 0.511811 0.480315 
vn -0.346457 0.590551 0.732283 
vn -0.354331 0.551181 0.755906 
vn 0.818898 0.496063 0.283465 
vn 0.80315 0.330709 0.496063 
vn 0.551181 0.448819 0.700787 
vn -0.220472 0.023622 -0.976378 
vn 0.968504 0.244094 -0.0393701 
vn 0.645669 0.582677 0.496063 
vn 0.866142 0.440945 0.244094 
vn 0.874016 -0.220472 0.425197 
vn -0.204724 -0.425197 0.88189 
vn 0.409449 -0.385827 0.826772 
vn 0.0944882 -0.551181 0.826772 
vn -0.574803 -0.559055 0.598425 
vn -0.299213 -0.637795 0.708661 
vn -0.0551181 0.188976 0.976378 
vn 0.220472 0.614173 0.755906 
vn -0.866142 -0.133858 0.480315 
vn -0.551181 0.0314961 0.834646 
vn -0.19685 0.15748 0.968504 
vn 0.102362 0.496063 0.866142 
vn 0.661417 -0.299213 0.692913 
vn -0.92126 -0.212598 0.322835 
vn -0.425197 -0.330709 0.84252 
vn -0.472441 -0.0314961 0.88189 
vn -0.472441 -0.0314961 0.88189 
vn -0.19685 0.15748 0.968504 
vn -0.00787402 0.330709 0.944882 
vn -0.850394 0.377953 -0.354331 
vn 0.905512 -0.15748 0.393701 
vn -0.354331 -0.535433 0.76378 
vn -0.472441 -0.0314961 0.88189 
vn 0.220472 0.220472 0.952756 
vn 0.92126 -0.141732 0.362205 
vn -0.716535 0.685039 0.0866142 
vn -0.913386 -0.141732 0.377953 
vn 0.551181 0.448819 0.700787 
vn 0.330709 0.173228 0.929134 
vn 0.322835 0.15748 0.929134 
vn -0.409449 -0.0314961 0.913386 
vn 0.330709 0.173228 0.929134 
vn -0.370079 0.913386 0.165354 
vn -0.826772 0.496063 0.259843 
vn 0.456693 -0.574803 0.677165 
vn -0.866142 0.0551181 0.496063 
vn -0.409449 -0.0314961 0.913386 
vn 0.362205 0.102362 0.929134 
vn 0.267717 0.456693 0.850394 
vn 0.133858 0.511811 0.850394 
vn -0.535433 0.125984 0.834646 
vn -0.283465 0.015748 0.96063 
vn -0.330709 -0.023622 0.944882 
vn -0.330709 -0.023622 0.944882 
vn 0.385827 0.0393701 0.92126 
vn 0.346457 0.385827 0.858268 
vn 0.354331 0.393701 0.850394 
vn -0.850394 -0.283465 0.448819 
vn 0.685039 -0.141732 0.716535 
vn 0.433071 -0.417323 0.795276 
vn 0.188976 -0.519685 0.834646 
vn -0.23622 0.023622 0.968504 
vn -0.149606 0.0708661 0.984252 
vn -0.251969 0.023622 0.968504 
vn -0.503937 0.314961 0.80315 
vn -0.283465 0.015748 0.96063 
vn -0.283465 0.015748 0.96063 
vn 0.354331 0.393701 0.850394 
vn -0.251969 0.102362 0.96063 
vn -0.283465 0.015748 0.96063 
vn 0.685039 0.0551181 0.724409 
vn 0.417323 0.322835 0.850394 
vn -0.283465 0.015748 0.96063 
vn 0.818898 0.370079 -0.440945 
vn -0.346457 -0.622047 0.700787 
vn -0.622047 -0.511811 0.598425 
vn 0.456693 0.0787402 0.889764 
vn -0.251969 0.102362 0.96063 
vn 0.661417 0.023622 0.755906 
vn 0.267717 0.456693 0.850394 
vn -0.251969 0.023622 0.968504 
vn 0.464567 0.23622 0.858268 
vn -0.19685 0.267717 0.944882 
vn 0.299213 0.645669 0.700787 
vn -0.0944882 -0.551181 0.826772 
vn 0.417323 -0.409449 0.811024 
vn 0.740157 -0.023622 0.669291 
vn -0.661417 -0.448819 0.598425 
vn 0.952756 0.0787402 0.291339 
vn -0.149606 0.0708661 0.984252 
vn 0.488189 0.188976 0.850394 
vn 0.511811 0.535433 0.669291 
vn -0.125984 0.19685 0.968504 
vn 0.661417 -0.244094 0.708661 
vn -0.937008 0.125984 -0.330709 
vn -0.0787402 0.204724 0.976378 
vn 0.566929 0.496063 0.653543 
vn 0.472441 -0.204724 0.858268 
vn 0.708661 -0.19685 0.677165 
vn 0.11811 -0.11811 0.984252 
vn 0.0787402 -0.0866142 0.992126 
vn -0.826772 -0.425197 0.377953 
vn -0.0708661 0.204724 0.976378 
vn 0.598425 0.440945 0.669291 
vn 0.645669 0.582677 0.496063 
vn -0.0551181 0.188976 0.976378 
vn 0.84252 0.385827 0.370079 
vn 0.905512 0.307087 -0.291339 
vn -0.314961 0.480315 0.818898 
vn 0.464567 0.653543 0.598425 
vn -0.102362 -0.629921 0.76378 
vn 0.606299 -0.299213 0.732283 
vn -0.307087 -0.708661 0.637795 
vn 0.433071 -0.535433 0.724409 
vn -0.818898 -0.496063 0.275591 
vn -0.110236 0.362205 0.92126 
vn -0.748031 0.511811 0.417323 
vn -0.850394 0.377953 0.362205 
vn -0.204724 -0.425197 0.88189 
vn 0.0944882 -0.551181 0.826772 
vn -0.574803 -0.559055 0.598425 
vn -0.299213 -0.637795 0.708661 
vn -0.795276 -0.464567 0.385827 
vn -0.866142 -0.133858 0.480315 
vn -0.92126 -0.212598 0.322835 
vn -0.96063 -0.19685 -0.188976 
vn -0.251969 0.0787402 -0.968504 
vn -0.291339 0 -0.96063 
vn 0.905512 -0.15748 0.393701 
vn -0.354331 -0.535433 0.76378 
vn 0.92126 -0.141732 0.362205 
vn -0.716535 0.685039 0.0866142 
vn 0.456693 -0.574803 0.677165 
vn 0.433071 -0.417323 0.795276 
vn 0.188976 -0.519685 0.834646 
vn -0.346457 -0.622047 0.700787 
vn -0.622047 -0.511811 0.598425 
vn -0.661417 -0.448819 0.598425 
vn -0.944882 -0.181102 0.259843 
vn -0.937008 0.125984 -0.330709 
vn 0.0787402 -0.0866142 0.992126 
vn 0.874016 -0.401575 0.275591 
vn 0.897638 -0.448819 0.0393701 
vn 0.92126 -0.322835 -0.212598 
vn 0.96063 -0.102362 -0.251969 
vn -0.307087 -0.692913 0.653543 
vn -0.102362 -0.629921 0.76378 
vn -0.322835 -0.716535 0.614173 
vn -0.307087 -0.708661 0.637795 
vn -0.874016 -0.456693 -0.165354 
vn -0.84252 -0.204724 -0.503937 
vn 0.11811 -0.11811 0.984252 
vn -0.826772 -0.425197 0.377953 
vn -0.88189 -0.472441 0 
vn 0.354331 0.0393701 -0.937008 
vn 0.488189 0.0393701 -0.874016 
vn 0.787402 0.204724 -0.582677 
vn 0.661417 0.0393701 0.748031 
vn 0.456693 0.0787402 0.889764 
vn 0.606299 0.188976 0.779528 
vn -0.141732 -0.0393701 -0.992126 
vn -0.181102 -0.102362 -0.976378 
vn -0.818898 -0.496063 0.275591 
vn -0.110236 0.362205 0.92126 
vn 0.267717 0.472441 0.84252 
vn 0.685039 0.322835 0.653543 
vn 0.267717 0.472441 0.84252 
vn 0.480315 0.795276 0.362205 
vn 0.795276 0.559055 0.244094 
vn -0.283465 0.913386 0.299213 
vn -0.299213 0.913386 0.275591 
vn -0.385827 0.905512 0.188976 
vn -0.165354 0.897638 -0.401575 
vn -0.204724 0.866142 -0.456693 
vn -0.283465 0.850394 -0.440945 
vn -0.283465 0.96063 -0.0551181 
vn -0.338583 0.944882 0.0393701 
vn 0.700787 0.527559 0.488189 
vn -0.023622 0.417323 0.905512 
vn 0.708661 0.511811 0.480315 
vn 0.897638 0.448819 0 
vn 0.708661 0.511811 0.480315 
vn 0.826772 -0.149606 -0.543307 
vn 0.598425 -0.212598 -0.771654 
vn 0.661417 -0.204724 -0.724409 
vn 0.992126 -0.0314961 0.11811 
vn 0.992126 -0.102362 -0.0393701 
vn 1 -0.023622 -0.0629921 
vn 0.952756 -0.0472441 -0.291339 
vn 0.92126 -0.125984 -0.377953 
vn 0.913386 -0.0708661 -0.401575 
vn 0.905512 -0.0393701 0.417323 
vn 0.944882 -0.0866142 0.307087 
vn 0.976378 -0.0393701 0.220472 
vn 0.976378 -0.0393701 -0.220472 
vn 0.952756 0.133858 -0.283465 
vn 0.866142 0.283465 -0.409449 
vn 0.96063 0.228346 -0.133858 
vn 0.984252 0.125984 -0.0944882 
vn 0.818898 0.496063 0.283465 
vn 0.952756 0.307087 0.0787402 
vn 0.80315 0.330709 0.496063 
vn 0.551181 0.448819 0.700787 
vn 0.708661 0.330709 -0.622047 
vn -0.220472 0.023622 -0.976378 
vn 0.779528 0.283465 -0.559055 
vn 0.968504 0.244094 -0.0393701 
vn 0.637795 0.370079 -0.677165 
vn 0.645669 0.188976 -0.740157 
vn 0.818898 0.496063 -0.291339 
vn 0.889764 0.188976 -0.425197 
vn 0.645669 0.582677 0.496063 
vn 0.645669 0.582677 0.496063 
vn 0.866142 0.440945 0.244094 
vn 0.992126 -0.0944882 -0.015748 
vn 0.929134 -0.11811 0.354331 
vn 0.874016 -0.220472 0.425197 
vn 0.96063 -0.259843 0.0393701 
vn 0.80315 0.574803 -0.15748 
vn 0.0551181 0.795276 0.606299 
vn 0.385827 0.905512 -0.173228 
vn -0.330709 0.566929 -0.755906 
vn 0.220472 0.614173 0.755906 
vn 0.80315 0.582677 0.11811 
vn 0.401575 0.818898 -0.417323 
vn -0.330709 0.566929 -0.755906 
vn 0.102362 0.496063 0.866142 
vn 0.661417 -0.299213 0.692913 
vn 0.92126 0.385827 -0.015748 
vn -0.00787402 0.330709 0.944882 
vn 0.92126 0.173228 0.346457 
vn 0.834646 0.0551181 0.543307 
vn 0.905512 -0.15748 0.393701 
vn 0.937008 0.354331 -0.0472441 
vn 0.929134 0.354331 -0.0629921 
vn 0.259843 0.330709 -0.905512 
vn 0.834646 0.543307 0.0393701 
vn 0.220472 0.220472 0.952756 
vn -0.370079 0.771654 -0.519685 
vn -0.850394 0.377953 -0.354331 
vn -0.307087 0.929134 -0.204724 
vn 0.92126 -0.141732 0.362205 
vn 0.409449 0.220472 -0.889764 
vn 0.826772 0.409449 0.393701 
vn 0.322835 0.15748 0.929134 
vn -0.370079 0.913386 0.165354 
vn 0.464567 0.165354 -0.866142 
vn 0.866142 0.299213 0.401575 
vn -0.409449 -0.0314961 0.913386 
vn 0.362205 0.102362 0.929134 
vn 0.133858 0.511811 0.850394 
vn 0.76378 0.622047 -0.15748 
vn 0.669291 0.559055 -0.488189 
vn 0.385827 0.0393701 0.92126 
vn 0.480315 0.125984 -0.866142 
vn 0.889764 0.204724 0.409449 
vn 0.346457 0.385827 0.858268 
vn 0.755906 0.456693 -0.464567 
vn 0.755906 0.456693 -0.464567 
vn 0.685039 -0.141732 0.716535 
vn 0.433071 -0.417323 0.795276 
vn 0.685039 0.0551181 0.724409 
vn 0.472441 0.125984 -0.874016 
vn 0.984252 0.15748 0.0629921 
vn 0.417323 0.322835 0.850394 
vn 0.818898 0.370079 -0.440945 
vn 0.818898 0.370079 -0.440945 
vn 0.661417 0.023622 0.755906 
vn 0.984252 0.149606 0.11811 
vn 0.464567 0.23622 0.858268 
vn 0.850394 0.267717 -0.456693 
vn 0.850394 0.267717 -0.448819 
vn 0.299213 0.645669 0.700787 
vn 0.740157 -0.023622 0.669291 
vn 0.700787 0.519685 -0.496063 
vn 0.952756 0.0787402 0.291339 
vn 0.488189 0.188976 0.850394 
vn 0.866142 0.173228 -0.464567 
vn 0.968504 0.204724 -0.133858 
vn 0.511811 0.535433 0.669291 
vn 0.661417 -0.244094 0.708661 
vn -0.944882 -0.181102 0.259843 
vn 0.574803 0.275591 -0.771654 
vn 0.897638 0 0.433071 
vn 0.96063 0.23622 -0.15748 
vn 0.566929 0.496063 0.653543 
vn 0.472441 -0.204724 0.858268 
vn 0.708661 -0.19685 0.677165 
vn 0.834646 -0.11811 0.535433 
vn 0.834646 -0.0314961 0.551181 
vn 0.0787402 -0.0866142 0.992126 
vn 0.598425 0.228346 -0.771654 
vn 0.984252 0.0708661 0.173228 
vn 0.598425 0.440945 0.669291 
vn 0.874016 -0.401575 0.275591 
vn 0.897638 -0.448819 0.0393701 
vn 0.653543 0.188976 -0.732283 
vn 0.677165 0.15748 -0.724409 
vn 0.984252 0.125984 0.0866142 
vn 0.84252 0.385827 0.370079 
vn 0.92126 -0.322835 -0.212598 
vn 0.92126 -0.220472 -0.322835 
vn 0.889764 0.228346 -0.393701 
vn 0.716535 0.0944882 -0.692913 
vn 0.88189 -0.244094 -0.401575 
vn 0.96063 -0.102362 -0.251969 
vn 0.913386 -0.0787402 -0.393701 
vn 0.88189 0.19685 -0.433071 
vn 0.905512 0.307087 -0.291339 
vn 0.818898 -0.0393701 -0.574803 
vn 0.937008 0.110236 -0.330709 
vn 0.866142 0.173228 -0.472441 
vn 0.889764 0.0629921 -0.448819 
vn -0.779528 0.338583 -0.527559 
vn 0.866142 0.0393701 -0.503937 
vn 0.874016 -0.102362 -0.480315 
vn 0.850394 -0.015748 -0.519685 
vn 0.692913 -0.11811 -0.716535 
vn 0.362205 -0.204724 -0.905512 
vn -0.669291 -0.19685 -0.716535 
vn 0.779528 -0.023622 -0.629921 
vn 0.110236 -0.362205 -0.92126 
vn 0.181102 -0.393701 -0.897638 
vn 0.866142 0.0629921 -0.496063 
vn 0.251969 0.771654 0.582677 
vn -0.314961 0.480315 0.818898 
vn 0.645669 0.488189 -0.582677 
vn 0.0393701 -0.307087 -0.952756 
vn 0.19685 -0.370079 -0.913386 
vn 0.755906 -0.102362 -0.645669 
vn 0.464567 0.653543 0.598425 
vn 0.637795 0.165354 -0.755906 
vn 0.173228 -0.354331 -0.92126 
vn 0.779528 -0.0393701 -0.629921 
vn 0.653543 0.511811 0.551181 
vn -0.0551181 0.448819 0.889764 
vn 0.559055 0.566929 0.606299 
vn -0.149606 0.456693 0.88189 
vn 0.76378 0 -0.645669 
vn 0.472441 0.677165 -0.566929 
vn -0.102362 -0.629921 0.76378 
vn 0.606299 -0.299213 0.732283 
vn 0.433071 -0.535433 0.724409 
vn 0.913386 -0.0866142 0.401575 
vn 0.354331 0.0393701 -0.937008 
vn 0.488189 0.0393701 -0.874016 
vn 0.787402 0.204724 -0.582677 
vn -0.220472 0.0314961 -0.976378 
vn -0.220472 0.0314961 -0.976378 
vn -0.220472 0.0314961 -0.976378 
vn -0.220472 0.023622 -0.976378 
vn -0.0551181 -0.0629921 -1 
vn -0.102362 0.0393701 -0.992126 
vn -0.141732 -0.0393701 -0.992126 
vn -0.181102 -0.102362 -0.976378 
vn 0.267717 0.472441 0.84252 
vn -0.165354 0.897638 -0.401575 
vn -0.204724 0.866142 -0.456693 
vn -0.299213 0.913386 0.275591 
vn -0.204724 0.866142 -0.456693 
vn -0.677165 0.700787 -0.228346 
vn -0.283465 0.850394 -0.440945 
vn -0.141732 -0.0393701 -0.992126 
vn -0.84252 0.448819 -0.299213 
vn -0.283465 0.96063 -0.0551181 
vn -0.92126 -0.393701 0.0314961 
vn -0.937008 -0.322835 -0.125984 
vn -0.968504 -0.204724 -0.125984 
vn -0.897638 -0.440945 -0.0393701 
vn 0.708661 0.511811 0.480315 
vn 0.141732 0.527559 0.834646 
vn 0.708661 0.511811 0.480315 
vn 0.598425 -0.212598 -0.771654 
vn 0.661417 -0.204724 -0.724409 
vn 0.866142 0.283465 -0.409449 
vn 0.708661 0.330709 -0.622047 
vn -0.220472 0.023622 -0.976378 
vn 0.779528 0.283465 -0.559055 
vn 0.968504 0.244094 -0.0393701 
vn 0.637795 0.370079 -0.677165 
vn 0.322835 0.0472441 -0.944882 
vn 0.645669 0.188976 -0.740157 
vn 0.165354 -0.102362 -0.984252 
vn 0.645669 0.582677 0.496063 
vn -0.866142 -0.425197 -0.267717 
vn -0.834646 -0.307087 -0.456693 
vn -0.496063 -0.417323 -0.755906 
vn -0.456693 -0.370079 -0.811024 
vn -0.448819 -0.370079 -0.811024 
vn -0.559055 -0.401575 -0.724409 
vn -0.102362 0.0393701 -0.992126 
vn 0.0393701 -0.0866142 -0.992126 
vn -0.559055 -0.401575 -0.724409 
vn -0.330709 0.566929 -0.755906 
vn -0.330709 0.566929 -0.755906 
vn -0.330709 0.566929 -0.755906 
vn -0.96063 -0.19685 -0.188976 
vn -0.251969 0.0787402 -0.968504 
vn -0.291339 0 -0.96063 
vn -0.850394 0.377953 -0.354331 
vn -0.834646 0.448819 -0.322835 
vn 0.259843 0.330709 -0.905512 
vn -0.251969 0.0787402 -0.968504 
vn -0.275591 -0.0551181 -0.96063 
vn -0.543307 -0.102362 -0.834646 
vn -0.370079 0.771654 -0.519685 
vn -0.850394 0.377953 -0.354331 
vn -0.976378 0.125984 0.165354 
vn 0.409449 0.220472 -0.889764 
vn -0.275591 -0.0551181 -0.96063 
vn 0.464567 0.165354 -0.866142 
vn 0.464567 0.165354 -0.866142 
vn -0.244094 -0.015748 -0.968504 
vn 0.464567 0.165354 -0.866142 
vn 0.669291 0.559055 -0.488189 
vn 0.0944882 0.244094 -0.968504 
vn -0.314961 -0.23622 -0.92126 
vn -0.322835 -0.204724 -0.92126 
vn -0.346457 -0.228346 -0.913386 
vn 0.480315 0.125984 -0.866142 
vn -0.244094 -0.015748 -0.968504 
vn 0.0944882 0.244094 -0.968504 
vn -0.401575 -0.212598 -0.889764 
vn 0.755906 0.456693 -0.464567 
vn -0.346457 -0.228346 -0.913386 
vn 0.472441 0.125984 -0.874016 
vn -0.220472 0.0314961 -0.976378 
vn 0.818898 0.370079 -0.440945 
vn 0.818898 0.370079 -0.440945 
vn -0.314961 -0.23622 -0.92126 
vn -0.322835 -0.181102 -0.929134 
vn -0.322835 -0.181102 -0.929134 
vn 0.850394 0.267717 -0.448819 
vn -0.322835 -0.181102 -0.929134 
vn 0.700787 0.519685 -0.496063 
vn 0.866142 0.173228 -0.464567 
vn 0.338583 0 -0.937008 
vn 0.338583 0 -0.937008 
vn 0.574803 0.275591 -0.771654 
vn -0.937008 0.125984 -0.330709 
vn 0.598425 0.228346 -0.771654 
vn 0.598425 0.23622 -0.76378 
vn 0.322835 0.0472441 -0.944882 
vn 0.598425 0.440945 0.669291 
vn -0.496063 -0.417323 -0.755906 
vn 0.653543 0.188976 -0.732283 
vn 0.677165 0.15748 -0.724409 
vn 0.645669 0.582677 0.496063 
vn -0.874016 -0.456693 -0.165354 
vn 0.716535 0.0944882 -0.692913 
vn -0.456693 -0.370079 -0.811024 
vn 0.88189 -0.244094 -0.401575 
vn 0.96063 -0.102362 -0.251969 
vn -0.677165 -0.354331 -0.637795 
vn 0.88189 0.19685 -0.433071 
vn -0.448819 -0.370079 -0.811024 
vn 0.905512 0.307087 -0.291339 
vn -0.84252 -0.204724 -0.503937 
vn -0.677165 -0.354331 -0.637795 
vn 0.818898 -0.0393701 -0.574803 
vn -0.496063 -0.291339 -0.818898 
vn -0.858268 -0.204724 -0.472441 
vn -0.496063 -0.291339 -0.818898 
vn -0.370079 -0.251969 -0.897638 
vn -0.897638 0 -0.440945 
vn 0.165354 -0.102362 -0.984252 
vn 0.889764 0.0629921 -0.448819 
vn -0.370079 -0.251969 -0.897638 
vn -0.440945 -0.181102 -0.88189 
vn -0.952756 0.0944882 -0.291339 
vn -0.779528 0.338583 -0.527559 
vn -0.92126 0.23622 -0.314961 
vn -0.440945 -0.181102 -0.88189 
vn 0.291339 -0.299213 -0.905512 
vn -0.984252 0.0708661 -0.165354 
vn -0.551181 -0.0944882 -0.826772 
vn -0.590551 0.488189 -0.637795 
vn -0.779528 0.338583 -0.527559 
vn -0.511811 0.700787 -0.488189 
vn -0.590551 -0.503937 -0.629921 
vn -0.614173 -0.472441 -0.629921 
vn -0.661417 -0.377953 -0.645669 
vn -0.551181 -0.0944882 -0.826772 
vn 0.291339 -0.204724 -0.937008 
vn -0.669291 -0.19685 -0.716535 
vn 0.692913 -0.11811 -0.716535 
vn 0.362205 -0.204724 -0.905512 
vn -0.669291 -0.19685 -0.716535 
vn -0.913386 -0.393701 0.0629921 
vn 0.779528 -0.023622 -0.629921 
vn 0.110236 -0.362205 -0.92126 
vn -0.661417 -0.377953 -0.645669 
vn -0.92126 -0.385827 -0.015748 
vn -0.244094 -0.19685 -0.952756 
vn -0.0866142 -0.251969 -0.968504 
vn -0.614173 -0.472441 -0.629921 
vn 0.181102 -0.393701 -0.897638 
vn 0.866142 0.0629921 -0.496063 
vn 0.645669 0.488189 -0.582677 
vn 0.0393701 -0.307087 -0.952756 
vn 0.110236 -0.330709 -0.937008 
vn -0.543307 -0.503937 -0.669291 
vn -0.574803 -0.488189 -0.653543 
vn 0.19685 -0.370079 -0.913386 
vn -0.574803 -0.488189 -0.653543 
vn 0.637795 0.165354 -0.755906 
vn 0.173228 -0.354331 -0.92126 
vn -0.543307 -0.503937 -0.669291 
vn 0.110236 -0.330709 -0.937008 
vn 0.354331 0.0393701 -0.937008 
vn 0.787402 0.204724 -0.582677 
vn -0.220472 0.0314961 -0.976378 
vn -0.220472 0.023622 -0.976378 
vn 0.661417 0.0393701 0.748031 
vn -0.92126 0.244094 -0.299213 
vn -0.755906 0.370079 -0.543307 
vn -0.653543 0.590551 -0.472441 
vn -0.141732 -0.0393701 -0.992126 
vn -0.181102 -0.102362 -0.976378 
vn -0.874016 0.377953 0.299213 
vn -0.850394 0.503937 -0.11811 
vn -0.181102 0.637795 0.748031 
vn -0.417323 0.480315 0.771654 
vn -0.110236 0.362205 0.92126 
vn 0.220472 0.614173 0.755906 
vn 0.0551181 0.795276 0.606299 
vn -0.425197 0.724409 0.543307 
vn -0.503937 0.590551 0.629921 
vn -0.212598 0.866142 0.456693 
vn 0.267717 0.472441 0.84252 
vn -0.456693 0.771654 -0.448819 
vn 0.267717 0.472441 0.84252 
vn 0.401575 0.338583 0.850394 
vn -0.0944882 0.795276 0.606299 
vn 0.480315 0.795276 0.362205 
vn 0.795276 0.559055 0.244094 
vn 0.480315 0.795276 0.362205 
vn -0.283465 0.913386 0.299213 
vn -0.212598 0.905512 0.362205 
vn -0.299213 0.913386 0.275591 
vn -0.385827 0.905512 0.188976 
vn -0.165354 0.897638 -0.401575 
vn -0.204724 0.866142 -0.456693 
vn -0.212598 0.905512 0.362205 
vn -0.850394 0.496063 0.173228 
vn -0.204724 0.866142 -0.456693 
vn -0.677165 0.700787 -0.228346 
vn -0.370079 0.661417 -0.653543 
vn -0.283465 0.850394 -0.440945 
vn -0.283465 0.96063 -0.0551181 
vn -0.338583 0.944882 0.0393701 
vn -0.748031 0.511811 0.417323 
vn -0.850394 0.377953 0.362205 
vn -0.968504 -0.204724 -0.125984 
vn -0.314961 0.480315 0.818898 
vn 0.708661 0.511811 0.480315 
vn 0.897638 0.448819 0 
vn 0.141732 0.527559 0.834646 
vn 0.708661 0.511811 0.480315 
vn -0.354331 0.551181 0.755906 
vn -0.874016 0.480315 -0.0629921 
vn -0.88189 0.433071 0.181102 
vn 0.818898 0.496063 0.283465 
vn -0.220472 0.023622 -0.976378 
vn 0.779528 0.283465 -0.559055 
vn 0.818898 0.496063 -0.291339 
vn 0.80315 0.574803 -0.15748 
vn 0.566929 0.779528 -0.259843 
vn 0.566929 0.779528 -0.259843 
vn -0.401575 0.866142 -0.299213 
vn -0.700787 0.692913 -0.173228 
vn -0.212598 0.866142 0.456693 
vn 0.0551181 0.795276 0.606299 
vn 0.385827 0.905512 -0.173228 
vn -0.401575 0.866142 -0.299213 
vn -0.330709 0.566929 -0.755906 
vn -0.330709 0.566929 -0.755906 
vn -0.330709 0.566929 -0.755906 
vn 0.220472 0.614173 0.755906 
vn 0.401575 0.818898 -0.417323 
vn -0.330709 0.566929 -0.755906 
vn 0.929134 0.354331 -0.0629921 
vn 0.834646 0.543307 0.0393701 
vn -0.370079 0.771654 -0.519685 
vn -0.850394 0.377953 -0.354331 
vn -0.866142 0.448819 0.220472 
vn -0.307087 0.929134 -0.204724 
vn -0.716535 0.685039 0.0866142 
vn 0.551181 0.448819 0.700787 
vn -0.370079 0.913386 0.165354 
vn -0.826772 0.496063 0.259843 
vn 0.133858 0.511811 0.850394 
vn 0.76378 0.622047 -0.15748 
vn 0.433071 -0.417323 0.795276 
vn 0.818898 0.370079 -0.440945 
vn 0.456693 0.0787402 0.889764 
vn -0.19685 0.267717 0.944882 
vn 0.299213 0.645669 0.700787 
vn 0.700787 0.519685 -0.496063 
vn 0.952756 0.0787402 0.291339 
vn 0.511811 0.535433 0.669291 
vn -0.125984 0.19685 0.968504 
vn -0.937008 0.125984 -0.330709 
vn 0.322835 0.0472441 -0.944882 
vn 0.645669 0.582677 0.496063 
vn 0.165354 -0.102362 -0.984252 
vn 0.889764 0.0629921 -0.448819 
vn -0.779528 0.338583 -0.527559 
vn -0.590551 0.488189 -0.637795 
vn -0.779528 0.338583 -0.527559 
vn -0.771654 0.574803 -0.283465 
vn -0.511811 0.700787 -0.488189 
vn -0.511811 0.84252 -0.188976 
vn -0.346457 0.590551 0.732283 
vn 0.251969 0.771654 0.582677 
vn -0.314961 0.480315 0.818898 
vn 0.645669 0.488189 -0.582677 
vn 0.464567 0.653543 0.598425 
vn -0.220472 0.433071 0.874016 
vn 0.559055 0.566929 0.606299 
vn -0.149606 0.456693 0.88189 
vn 0.76378 0 -0.645669 
vn 0.472441 0.677165 -0.566929 
vn 0.433071 0.716535 -0.543307 
vn -0.889764 0.125984 -0.433071 
vn 0.433071 0.716535 -0.543307 
vn -0.220472 0.0314961 -0.976378 
vn -0.220472 0.0314961 -0.976378 
vn -0.92126 0.244094 -0.299213 
vn -0.96063 0.0314961 -0.283465 
vn -0.755906 0.370079 -0.543307 
vn -0.653543 0.590551 -0.472441 
vn -0.141732 0.19685 0.968504 
vn -0.858268 0.456693 0.228346 
vn -0.826772 0.496063 0.259843 
vn -0.866142 0.448819 0.220472 
vn -0.889764 0.417323 0.188976 
vn -0.874016 0.377953 0.299213 
vn -0.897638 0.385827 0.212598 
vn -0.929134 0.338583 0.165354 
vn -0.984252 0.11811 0.133858 
vn -0.944882 0.307087 0.11811 
vn -0.952756 0.283465 0.0944882 
vn -0.929134 0.307087 0.19685 
vn -0.850394 0.503937 -0.11811 
vn -0.992126 -0.0314961 0.11811 
vn -0.937008 -0.307087 0.181102 
vn -0.818898 -0.496063 0.275591 
vn -0.181102 0.637795 0.748031 
vn -0.417323 0.480315 0.771654 
vn -0.110236 0.362205 0.92126 
vn 0.220472 0.614173 0.755906 
vn -0.425197 0.724409 0.543307 
vn -0.503937 0.590551 0.629921 
vn -0.212598 0.866142 0.456693 
vn 0.267717 0.472441 0.84252 
vn -0.456693 0.771654 -0.448819 
vn 0.267717 0.472441 0.84252 
vn -0.0944882 0.795276 0.606299 
vn -0.212598 0.905512 0.362205 
vn -0.850394 0.496063 0.173228 
vn -0.818898 0.519685 0.228346 
vn -0.299213 0.913386 0.275591 
vn -0.204724 0.866142 -0.456693 
vn -0.677165 0.700787 -0.228346 
vn -0.141732 -0.0393701 -0.992126 
vn -0.84252 0.448819 -0.299213 
vn -0.88189 0.354331 -0.314961 
vn -0.370079 0.661417 -0.653543 
vn -0.338583 0.944882 0.0393701 
vn -0.795276 0.582677 0.149606 
vn -0.92126 -0.393701 0.0314961 
vn -0.889764 -0.267717 0.370079 
vn -0.897638 0.401575 0.188976 
vn -0.748031 0.511811 0.417323 
vn -0.850394 0.377953 0.362205 
vn -0.976378 0.188976 0.11811 
vn -0.952756 -0.251969 -0.173228 
vn -0.937008 -0.322835 -0.125984 
vn -0.968504 -0.204724 -0.125984 
vn -0.905512 -0.433071 -0.015748 
vn -0.897638 -0.440945 -0.0393701 
vn -0.0866142 0.212598 0.976378 
vn 0.023622 0.496063 0.866142 
vn -0.291339 0.448819 0.84252 
vn -0.19685 0.433071 0.88189 
vn -0.314961 0.480315 0.818898 
vn 0.141732 0.527559 0.834646 
vn 0.708661 0.511811 0.480315 
vn -0.346457 0.590551 0.732283 
vn -0.354331 0.551181 0.755906 
vn -0.874016 0.480315 -0.0629921 
vn -0.976378 0.19685 -0.0393701 
vn -0.952756 0.283465 -0.133858 
vn -0.88189 0.433071 0.181102 
vn -0.84252 0.314961 0.440945 
vn -0.929134 0.377953 -0.0314961 
vn -0.204724 -0.425197 0.88189 
vn 0.0944882 -0.551181 0.826772 
vn -0.574803 -0.559055 0.598425 
vn -0.96063 -0.267717 0.0551181 
vn -0.897638 -0.433071 -0.0472441 
vn -0.795276 -0.464567 0.385827 
vn -0.874016 -0.385827 0.291339 
vn -0.968504 -0.220472 -0.125984 
vn -0.905512 -0.267717 -0.322835 
vn -0.866142 -0.425197 -0.267717 
vn -0.834646 -0.307087 -0.456693 
vn -0.456693 -0.370079 -0.811024 
vn -0.700787 0.692913 -0.173228 
vn -0.330709 0.566929 -0.755906 
vn -0.330709 0.566929 -0.755906 
vn -0.330709 0.566929 -0.755906 
vn -0.976378 0.0708661 0.19685 
vn -0.866142 -0.133858 0.480315 
vn -1 -0.0787402 -0.0393701 
vn -0.551181 0.0314961 0.834646 
vn -0.92126 -0.212598 0.322835 
vn -0.96063 -0.19685 -0.188976 
vn -0.251969 0.0787402 -0.968504 
vn -0.291339 0 -0.96063 
vn -0.472441 -0.0314961 0.88189 
vn -0.850394 0.377953 -0.354331 
vn -0.834646 0.448819 -0.322835 
vn -0.897638 -0.267717 0.346457 
vn -0.543307 -0.102362 -0.834646 
vn -0.716535 0.685039 0.0866142 
vn -0.897638 0.0551181 -0.433071 
vn -0.976378 0.125984 0.165354 
vn -0.913386 -0.141732 0.377953 
vn -0.409449 -0.0314961 0.913386 
vn -0.88189 0.188976 0.425197 
vn -0.866142 0.0551181 0.496063 
vn -0.314961 -0.23622 -0.92126 
vn -0.322835 -0.204724 -0.92126 
vn -0.535433 0.125984 0.834646 
vn -0.401575 -0.212598 -0.889764 
vn -0.937008 -0.338583 0.102362 
vn -0.850394 -0.283465 0.448819 
vn 0.433071 -0.417323 0.795276 
vn -0.23622 0.023622 0.968504 
vn -0.503937 0.314961 0.80315 
vn -0.283465 0.015748 0.96063 
vn -0.322835 -0.181102 -0.929134 
vn -0.80315 -0.267717 0.527559 
vn -0.346457 -0.622047 0.700787 
vn -0.622047 -0.511811 0.598425 
vn 0.456693 0.0787402 0.889764 
vn -0.818898 -0.173228 0.543307 
vn -0.661417 -0.448819 0.598425 
vn 0.952756 0.0787402 0.291339 
vn -0.944882 -0.181102 0.259843 
vn -0.937008 0.125984 -0.330709 
vn 0.11811 -0.11811 0.984252 
vn -0.826772 -0.425197 0.377953 
vn -0.968504 0.244094 0 
vn -1 0.00787402 0.015748 
vn -0.88189 -0.472441 0 
vn -0.976378 0.212598 -0.0629921 
vn -0.992126 0.023622 -0.125984 
vn 0.645669 0.582677 0.496063 
vn -0.874016 -0.456693 -0.165354 
vn -0.96063 0.110236 -0.244094 
vn -0.937008 -0.0708661 -0.346457 
vn -0.677165 -0.354331 -0.637795 
vn -0.84252 -0.204724 -0.503937 
vn -0.858268 -0.204724 -0.472441 
vn -0.952756 0.291339 0.0472441 
vn -0.976378 0.19685 -0.11811 
vn -0.897638 0 -0.440945 
vn -0.440945 -0.181102 -0.88189 
vn -0.952756 0.0944882 -0.291339 
vn -0.771654 0.574803 -0.283465 
vn -0.779528 0.338583 -0.527559 
vn -0.92126 0.23622 -0.314961 
vn -0.937008 0.23622 -0.244094 
vn -0.984252 0.0708661 -0.165354 
vn -0.590551 0.488189 -0.637795 
vn -0.779528 0.338583 -0.527559 
vn -0.771654 0.574803 -0.283465 
vn -0.629921 -0.464567 -0.622047 
vn -0.590551 -0.503937 -0.629921 
vn -0.614173 -0.472441 -0.629921 
vn -0.661417 -0.377953 -0.645669 
vn -0.669291 -0.19685 -0.716535 
vn -0.511811 0.84252 -0.188976 
vn -0.913386 -0.393701 0.0629921 
vn -0.92126 -0.204724 0.338583 
vn -0.984252 -0.173228 -0.0472441 
vn -0.92126 -0.385827 -0.015748 
vn -0.92126 -0.377953 -0.015748 
vn -0.314961 0.480315 0.818898 
vn -0.0866142 -0.251969 -0.968504 
vn 0.110236 -0.330709 -0.937008 
vn -0.307087 -0.692913 0.653543 
vn -0.322835 -0.716535 0.614173 
vn -0.984252 -0.110236 -0.149606 
vn -0.889764 0.125984 -0.433071 

vt -0.723678 -1.41341 
vt -0.745595 -1.41313 
vt -0.752938 -1.33547 
vt -0.73557 -1.34865 
vt -0.724746 -1.32937 
vt -0.737616 -1.31316 
vt -0.674453 -1.31033 
vt -0.672147 -1.5039 
vt -0.697091 -1.48941 
vt -0.68612 -1.504 
vt -0.677743 -1.4938 
vt -0.69214 -1.4746 
vt -0.685232 -1.54177 
vt -0.690645 -1.55089 
vt -0.721752 -1.41712 
vt -0.672334 -1.30145 
vt -0.677409 -1.3702 
vt -0.671556 -1.36285 
vt -0.679516 -1.35962 
vt -0.685024 -1.36345 
vt -0.689159 -1.36754 
vt -0.670093 -1.37245 
vt -0.665478 -1.36531 
vt -0.712259 -1.32291 
vt -0.723607 -1.30794 
vt -0.712259 -1.32291 
vt -0.724746 -1.32937 
vt -0.709631 -1.33584 
vt -0.709764 -1.5338 
vt -0.71856 -1.53763 
vt -0.702719 -1.52506 
vt -0.709764 -1.5338 
vt -0.684681 -1.51833 
vt -0.676671 -1.51525 
vt -0.676671 -1.51525 
vt -0.670746 -1.50649 
vt -0.670869 -1.48564 
vt -0.714029 -1.40891 
vt -0.695172 -1.43163 
vt -0.681656 -1.46346 
vt -0.718187 -1.45363 
vt -0.705791 -1.47618 
vt -0.708659 -1.4411 
vt -0.719956 -1.39408 
vt -0.714292 -1.40752 
vt -0.705446 -1.40095 
vt -0.682916 -1.44185 
vt -0.695259 -1.42464 
vt -0.70048 -1.43708 
vt -0.689797 -1.4511 
vt -0.707042 -1.42466 
vt -0.727424 -1.37791 
vt -0.707298 -1.38365 
vt -0.727424 -1.37791 
vt -0.681402 -1.45737 
vt -0.67726 -1.45087 
vt -0.757478 -1.3992 
vt -0.757395 -1.40791 
vt -0.7445 -1.41465 
vt -0.745595 -1.41313 
vt -0.765627 -1.38365 
vt -0.736554 -1.40587 
vt -0.748392 -1.39812 
vt -0.757015 -1.18582 
vt -0.713263 -1.19603 
vt -0.73077 -1.21865 
vt -0.715629 -1.21814 
vt -0.689309 -1.21621 
vt -0.696209 -1.22407 
vt -0.726571 -1.43347 
vt -0.689159 -1.36754 
vt -0.667398 -1.35063 
vt -0.707311 -1.50751 
vt -0.716229 -1.51812 
vt -0.685024 -1.36345 
vt -0.689182 -1.35373 
vt -0.665881 -1.33454 
vt -0.679267 -1.34974 
vt -0.717485 -1.48139 
vt -0.724182 -1.49804 
vt -0.716229 -1.51812 
vt -0.726296 -1.5257 
vt -0.689992 -1.54545 
vt -0.692109 -1.34048 
vt -0.67948 -1.33446 
vt -0.724182 -1.49804 
vt -0.734702 -1.50684 
vt -0.695584 -1.32898 
vt -0.69792 -1.37661 
vt -0.725129 -1.44334 
vt -0.7445 -1.41465 
vt -0.729282 -1.48072 
vt -0.741724 -1.48514 
vt -0.735131 -1.45457 
vt -0.729282 -1.48072 
vt -0.698172 -1.55515 
vt -0.690645 -1.55089 
vt -0.681593 -1.32149 
vt -0.726095 -1.40743 
vt -0.735131 -1.45457 
vt -0.748154 -1.45948 
vt -0.699096 -1.5374 
vt -0.707454 -1.54425 
vt -0.724907 -1.3795 
vt -0.741197 -1.40504 
vt -0.738682 -1.43435 
vt -0.738682 -1.43435 
vt -0.752877 -1.43466 
vt -0.718777 -1.52604 
vt -0.709833 -1.51855 
vt -0.691788 -1.52567 
vt -0.725039 -1.27761 
vt -0.704883 -1.28673 
vt -0.705887 -1.2633 
vt -0.7198 -1.45641 
vt -0.736763 -1.44571 
vt -0.729745 -1.46941 
vt -0.71992 -1.35525 
vt -0.705729 -1.49992 
vt -0.7184 -1.50038 
vt -0.709833 -1.51855 
vt -0.740651 -1.3765 
vt -0.741197 -1.40504 
vt -0.756209 -1.40547 
vt -0.7299 -1.50367 
vt -0.7184 -1.50038 
vt -0.734713 -1.50383 
vt -0.687284 -1.28251 
vt -0.685601 -1.26205 
vt -0.73557 -1.34865 
vt -0.740651 -1.3765 
vt -0.756613 -1.37441 
vt -0.699096 -1.5374 
vt -0.729745 -1.46941 
vt -0.741605 -1.47288 
vt -0.68612 -1.504 
vt -0.694235 -1.50839 
vt -0.702543 -1.23718 
vt -0.722885 -1.24169 
vt -0.743004 -1.28137 
vt -0.685382 -1.23401 
vt -0.766352 -1.37829 
vt -0.736763 -1.44571 
vt -0.750007 -1.44246 
vt -0.704918 -1.49402 
vt -0.697091 -1.48941 
vt -0.740519 -1.24697 
vt -0.717637 -1.41353 
vt -0.705791 -1.47618 
vt -0.715646 -1.47735 
vt -0.742111 -1.188 
vt -0.749689 -1.22128 
vt -0.718674 -1.15831 
vt -0.73841 -1.15651 
vt -0.708314 -1.15265 
vt -0.718187 -1.45363 
vt -0.727714 -1.45525 
vt -0.736554 -1.40587 
vt -0.726571 -1.43347 
vt -0.738136 -1.42939 
vt -0.758329 -1.37583 
vt -0.689797 -1.4511 
vt -0.708264 -1.44018 
vt -0.686849 -1.29719 
vt -0.702491 -1.30349 
vt -0.684319 -1.31026 
vt -0.6991 -1.31765 
vt -0.814823 -1.39791 
vt -0.871589 -1.39073 
vt -0.670026 -1.35622 
vt -0.656965 -1.36843 
vt -0.753585 -1.35698 
vt -0.767151 -1.35462 
vt -0.756851 -1.38094 
vt -0.769013 -1.37404 
vt -0.729109 -1.38037 
vt -0.862098 -1.40285 
vt -0.8501 -1.40436 
vt -0.737355 -1.36646 
vt -0.723233 -1.35161 
vt -0.72665 -1.36294 
vt -0.853401 -1.37814 
vt -0.856358 -1.39076 
vt -0.840901 -1.37466 
vt -0.627485 -1.37232 
vt -0.844306 -1.38865 
vt -0.812352 -1.36536 
vt -0.797576 -1.36436 
vt -0.810703 -1.38296 
vt -0.790457 -1.38464 
vt -0.769723 -1.38486 
vt -0.748004 -1.40018 
vt -0.678302 -1.35261 
vt -0.744896 -1.33184 
vt -0.730411 -1.32747 
vt -0.703553 -1.32467 
vt -0.671986 -1.32516 
vt -0.65207 -1.33009 
vt -0.837644 -1.40294 
vt -0.82291 -1.3834 
vt -0.828376 -1.40101 
vt -0.833732 -1.38593 
vt -0.666095 -1.35966 
vt -0.648828 -1.34973 
vt -0.746639 -1.35157 
vt -0.729391 -1.36193 
vt -0.698302 -1.36685 
vt -0.798984 -1.37 
vt -0.798224 -1.38256 
vt -0.795213 -1.35863 
vt -0.676837 -1.33547 
vt -0.66914 -1.34865 
vt -0.66137 -1.31316 
vt -0.818646 -1.5039 
vt -0.820559 -1.50761 
vt -0.620856 -1.30145 
vt -0.564089 -1.35962 
vt -0.654214 -1.32291 
vt -0.649474 -1.30794 
vt -0.654214 -1.32291 
vt -0.647385 -1.32647 
vt -0.641102 -1.31662 
vt -0.696018 -1.54003 
vt -0.686038 -1.5338 
vt -0.686281 -1.53763 
vt -0.705548 -1.53672 
vt -0.708405 -1.53322 
vt -0.812695 -1.51589 
vt -0.801889 -1.51833 
vt -0.797071 -1.51525 
vt -0.818566 -1.38809 
vt -0.81144 -1.39408 
vt -0.804014 -1.37791 
vt -0.809968 -1.36878 
vt -0.804014 -1.37791 
vt -0.7975 -1.2852 
vt -0.797918 -1.25358 
vt -0.805986 -1.27981 
vt -0.725725 -1.31929 
vt -0.734339 -1.28523 
vt -0.736574 -1.32021 
vt -0.765123 -1.30945 
vt -0.769652 -1.27156 
vt -0.774396 -1.30256 
vt -0.6976 -1.30958 
vt -0.701663 -1.27952 
vt -0.709142 -1.31597 
vt -0.747775 -1.31787 
vt -0.753626 -1.35225 
vt -0.757323 -1.38045 
vt -0.741481 -1.38118 
vt -0.739368 -1.35435 
vt -0.722664 -1.3992 
vt -0.725717 -1.38421 
vt -0.72812 -1.40791 
vt -0.722215 -1.41465 
vt -0.716799 -1.39925 
vt -0.716842 -1.41313 
vt -0.711301 -1.40749 
vt -0.712718 -1.38365 
vt -0.761918 -1.39322 
vt -0.7584 -1.40363 
vt -0.803354 -1.36552 
vt -0.805335 -1.35084 
vt -0.766529 -1.40587 
vt -0.766829 -1.39102 
vt -0.772821 -1.39812 
vt -0.731752 -1.22437 
vt -0.70441 -1.22611 
vt -0.704682 -1.18582 
vt -0.730867 -1.18282 
vt -0.634152 -1.32794 
vt -0.574066 -1.37395 
vt -0.586736 -1.37022 
vt -0.610585 -1.36233 
vt -0.569794 -1.36754 
vt -0.577786 -1.36154 
vt -0.602911 -1.36084 
vt -0.610585 -1.36233 
vt -0.565614 -1.36345 
vt -0.570829 -1.35373 
vt -0.591457 -1.35095 
vt -0.683018 -1.5257 
vt -0.623873 -1.3157 
vt -0.631696 -1.29986 
vt -0.582278 -1.34048 
vt -0.604912 -1.34065 
vt -0.616869 -1.35018 
vt -0.706904 -1.52477 
vt -0.694803 -1.5283 
vt -0.681389 -1.50684 
vt -0.768512 -1.55046 
vt -0.769209 -1.54545 
vt -0.758758 -1.5559 
vt -0.594777 -1.32898 
vt -0.707325 -1.50605 
vt -0.694298 -1.50958 
vt -0.680316 -1.48514 
vt -0.74753 -1.55515 
vt -0.707562 -1.48448 
vt -0.693959 -1.48691 
vt -0.673591 -1.45457 
vt -0.679258 -1.45948 
vt -0.743512 -1.54425 
vt -0.757319 -1.54492 
vt -0.769342 -1.53867 
vt -0.679529 -1.43466 
vt -0.707886 -1.45953 
vt -0.693533 -1.46114 
vt -0.740209 -1.52604 
vt -0.754728 -1.52673 
vt -0.767704 -1.52129 
vt -0.645372 -1.27761 
vt -0.623326 -1.28673 
vt -0.680522 -1.40547 
vt -0.70873 -1.43598 
vt -0.693939 -1.43604 
vt -0.737122 -1.50367 
vt -0.751952 -1.50383 
vt -0.765541 -1.50017 
vt -0.680041 -1.37441 
vt -0.695218 -1.40732 
vt -0.733679 -1.47288 
vt -0.749059 -1.47248 
vt -0.763159 -1.46948 
vt -0.79812 -1.50839 
vt -0.663283 -1.28137 
vt -0.811801 -1.50481 
vt -0.695659 -1.37829 
vt -0.731393 -1.44246 
vt -0.760531 -1.43863 
vt -0.746491 -1.44074 
vt -0.794879 -1.49402 
vt -0.668268 -1.24697 
vt -0.687675 -1.24263 
vt -0.80939 -1.49012 
vt -0.695269 -1.34528 
vt -0.743712 -1.40704 
vt -0.791023 -1.47735 
vt -0.688343 -1.188 
vt -0.686167 -1.22128 
vt -0.684206 -1.25806 
vt -0.684143 -1.29268 
vt -0.690783 -1.15651 
vt -0.805646 -1.47284 
vt -0.711033 -1.35115 
vt -0.785366 -1.45525 
vt -0.705267 -1.15183 
vt -0.732126 -1.14949 
vt -0.800388 -1.45057 
vt -0.810805 -1.44205 
vt -0.72529 -1.35385 
vt -0.779359 -1.42939 
vt -0.763693 -1.14891 
vt -0.762865 -1.17873 
vt -0.794134 -1.4239 
vt -0.804938 -1.41602 
vt -0.786518 -1.17612 
vt -0.783609 -1.15126 
vt -0.764194 -1.21635 
vt -0.787592 -1.39266 
vt -0.76926 -1.37583 
vt -0.789447 -1.2083 
vt -0.767322 -1.34587 
vt -0.783185 -1.36625 
vt -0.779252 -1.33753 
vt -0.868322 -1.44539 
vt -0.789962 -1.32872 
vt -0.782851 -1.29522 
vt -0.801624 -1.32039 
vt -0.812367 -1.3138 
vt -0.82625 -1.33811 
vt -0.827562 -1.33934 
vt -0.817749 -1.34201 
vt -0.833052 -1.35811 
vt -0.840787 -1.37477 
vt -0.823616 -1.36262 
vt -0.852816 -1.45479 
vt -0.844267 -1.4511 
vt -0.864668 -1.44972 
vt -0.864963 -1.42523 
vt -0.848549 -1.3911 
vt -0.83132 -1.3809 
vt -0.844266 -1.44018 
vt -0.857372 -1.43468 
vt -0.857009 -1.40922 
vt -0.839491 -1.39869 
vt -0.826555 -1.4057 
vt -0.817763 -1.40752 
vt -0.835521 -1.42369 
vt -0.827395 -1.42466 
vt -0.848379 -1.41733 
vt -0.625188 -1.34119 
vt -0.612769 -1.29719 
vt -0.61438 -1.30349 
vt -0.605313 -1.31765 
vt -0.615262 -1.32986 
vt -0.696446 -1.37 
vt -0.695877 -1.38256 
vt -0.687211 -1.35863 
vt -0.712001 -1.41341 
vt -0.708212 -1.4448 
vt -0.693771 -1.43734 
vt -0.690083 -1.41313 
vt -0.747743 -1.49528 
vt -0.75741 -1.48745 
vt -0.763532 -1.5039 
vt -0.75519 -1.50761 
vt -0.72342 -1.32291 
vt -0.71582 -1.53672 
vt -0.724001 -1.53322 
vt -0.725914 -1.5338 
vt -0.724001 -1.53322 
vt -0.73129 -1.52622 
vt -0.752927 -1.51589 
vt -0.763532 -1.5039 
vt -0.769101 -1.49711 
vt -0.750998 -1.51833 
vt -0.763876 -1.48182 
vt -0.735698 -1.42491 
vt -0.729688 -1.3919 
vt -0.751588 -1.45963 
vt -0.708255 -1.37791 
vt -0.72838 -1.38365 
vt -0.708255 -1.37791 
vt -0.695356 -1.25358 
vt -0.693789 -1.27981 
vt -0.673922 -1.38045 
vt -0.677932 -1.39925 
vt -0.690083 -1.41313 
vt -0.676907 -1.40749 
vt -0.670052 -1.38365 
vt -0.6838 -1.39322 
vt -0.696984 -1.40844 
vt -0.682338 -1.40363 
vt -0.709438 -1.38415 
vt -0.699125 -1.40587 
vt -0.739347 -1.17923 
vt -0.743514 -1.20552 
vt -0.740411 -1.45745 
vt -0.728193 -1.43442 
vt -0.719619 -1.41389 
vt -0.748562 -1.47082 
vt -0.75741 -1.48745 
vt -0.738528 -1.4803 
vt -0.748562 -1.47082 
vt -0.754052 -1.36233 
vt -0.768829 -1.3541 
vt -0.771864 -1.36295 
vt -0.731894 -1.50528 
vt -0.717041 -1.5183 
vt -0.728371 -1.51511 
vt -0.745686 -1.54545 
vt -0.751244 -1.53697 
vt -0.707886 -1.52477 
vt -0.717041 -1.5183 
vt -0.708044 -1.49678 
vt -0.71251 -1.47598 
vt -0.737987 -1.55046 
vt -0.745686 -1.54545 
vt -0.717577 -1.40959 
vt -0.699417 -1.50605 
vt -0.708044 -1.49678 
vt -0.692177 -1.48448 
vt -0.702506 -1.47959 
vt -0.697099 -1.45531 
vt -0.702506 -1.47959 
vt -0.728832 -1.53867 
vt -0.737527 -1.52967 
vt -0.71834 -1.49456 
vt -0.730904 -1.49429 
vt -0.726459 -1.51135 
vt -0.685774 -1.45953 
vt -0.697099 -1.45531 
vt -0.737527 -1.52967 
vt -0.74495 -1.51992 
vt -0.717361 -1.52129 
vt -0.726459 -1.51135 
vt -0.681274 -1.43598 
vt -0.693771 -1.43734 
vt -0.700965 -1.50383 
vt -0.70664 -1.50017 
vt -0.71834 -1.49456 
vt -0.708483 -1.46394 
vt -0.718258 -1.45141 
vt -0.696054 -1.46948 
vt -0.708483 -1.46394 
vt -0.741231 -1.50481 
vt -0.688711 -1.43863 
vt -0.702852 -1.43983 
vt -0.702852 -1.43983 
vt -0.730354 -1.49012 
vt -0.718042 -1.41353 
vt -0.719081 -1.47284 
vt -0.728081 -1.464 
vt -0.696984 -1.40844 
vt -0.707964 -1.45525 
vt -0.740411 -1.45745 
vt -0.706736 -1.45057 
vt -0.715835 -1.44205 
vt -0.699125 -1.40587 
vt -0.725091 -1.14916 
vt -0.705336 -1.41602 
vt -0.728193 -1.43442 
vt -0.693596 -1.17612 
vt -0.69552 -1.15126 
vt -0.718058 -1.17554 
vt -0.686958 -1.39266 
vt -0.719619 -1.41389 
vt -0.67735 -1.37583 
vt -0.715168 -1.15116 
vt -0.718058 -1.17554 
vt -0.695031 -1.2083 
vt -0.720367 -1.20357 
vt -0.74654 -1.2371 
vt -0.720367 -1.20357 
vt -0.722759 -1.23684 
vt -0.745854 -1.27799 
vt -0.709438 -1.38415 
vt -0.673244 -1.33753 
vt -0.722759 -1.23684 
vt -0.724992 -1.27348 
vt -0.741396 -1.31777 
vt -0.757598 -1.44539 
vt -0.761093 -1.44105 
vt -0.724992 -1.27348 
vt -0.704568 -1.27628 
vt -0.737253 -1.34803 
vt -0.724116 -1.31079 
vt -0.751733 -1.44921 
vt -0.757598 -1.44539 
vt -0.750112 -1.45674 
vt -0.737748 -1.38419 
vt -0.726293 -1.37414 
vt -0.723587 -1.35826 
vt -0.724116 -1.31079 
vt -0.70644 -1.31005 
vt -0.723054 -1.33934 
vt -0.693683 -1.3138 
vt -0.707481 -1.33811 
vt -0.723054 -1.33934 
vt -0.75649 -1.42895 
vt -0.696003 -1.34201 
vt -0.709563 -1.35811 
vt -0.723587 -1.35826 
vt -0.745875 -1.40895 
vt -0.743298 -1.44017 
vt -0.75112 -1.43284 
vt -0.726293 -1.37414 
vt -0.71328 -1.37477 
vt -0.699903 -1.36262 
vt -0.738246 -1.44972 
vt -0.732363 -1.42523 
vt -0.741641 -1.4171 
vt -0.735754 -1.4046 
vt -0.729926 -1.38678 
vt -0.71817 -1.3911 
vt -0.729926 -1.38678 
vt -0.725868 -1.43468 
vt -0.724345 -1.40922 
vt -0.735754 -1.4046 
vt -0.741641 -1.4171 
vt -0.798984 -1.33101 
vt -0.795213 -1.32178 
vt -0.711865 -1.34657 
vt -0.716842 -1.32465 
vt -0.676837 -1.31731 
vt -0.646995 -1.39579 
vt -0.638536 -1.39164 
vt -0.649824 -1.38377 
vt -0.818646 -1.3981 
vt -0.820559 -1.38976 
vt -0.723884 -1.34849 
vt -0.668259 -1.38873 
vt -0.568533 -1.39284 
vt -0.567288 -1.39869 
vt -0.564089 -1.39073 
vt -0.569794 -1.38109 
vt -0.574066 -1.38607 
vt -0.577497 -1.40015 
vt -0.574491 -1.40477 
vt -0.580596 -1.39279 
vt -0.654214 -1.35799 
vt -0.660589 -1.37318 
vt -0.654214 -1.35799 
vt -0.661865 -1.3455 
vt -0.671624 -1.36061 
vt -0.647385 -1.36904 
vt -0.641102 -1.35742 
vt -0.647385 -1.36904 
vt -0.696018 -1.35081 
vt -0.697712 -1.36176 
vt -0.686038 -1.36048 
vt -0.686281 -1.35169 
vt -0.705548 -1.35039 
vt -0.708405 -1.35857 
vt -0.697712 -1.36176 
vt -0.699042 -1.36897 
vt -0.708405 -1.35857 
vt -0.708114 -1.36586 
vt -0.809095 -1.39836 
vt -0.812695 -1.38749 
vt -0.801889 -1.38556 
vt -0.797071 -1.39357 
vt -0.765653 -1.35622 
vt -0.778713 -1.36843 
vt -0.79473 -1.36425 
vt -0.844267 -1.38045 
vt -0.804014 -1.34282 
vt -0.809968 -1.33274 
vt -0.802765 -1.36295 
vt -0.804014 -1.34282 
vt -0.849979 -1.39298 
vt -0.796906 -1.37079 
vt -0.698617 -1.37643 
vt -0.722664 -1.31277 
vt -0.716842 -1.32465 
vt -0.711301 -1.31147 
vt -0.803354 -1.33132 
vt -0.634152 -1.36503 
vt -0.639115 -1.37704 
vt -0.639115 -1.37704 
vt -0.593554 -1.3914 
vt -0.590784 -1.40407 
vt -0.580596 -1.39279 
vt -0.574066 -1.38607 
vt -0.586736 -1.38058 
vt -0.593554 -1.3914 
vt -0.610585 -1.38862 
vt -0.610244 -1.4034 
vt -0.602305 -1.40643 
vt -0.569794 -1.38109 
vt -0.602911 -1.37678 
vt -0.610585 -1.38862 
vt -0.616869 -1.37365 
vt -0.694803 -1.33992 
vt -0.768512 -1.37255 
vt -0.769209 -1.38025 
vt -0.757934 -1.38267 
vt -0.758758 -1.37233 
vt -0.808193 -1.37232 
vt -0.722215 -1.32575 
vt -0.74753 -1.37207 
vt -0.744892 -1.3796 
vt -0.743512 -1.36279 
vt -0.757319 -1.35986 
vt -0.623326 -1.36536 
vt -0.751952 -1.33553 
vt -0.66914 -1.33468 
vt -0.789497 -1.38412 
vt -0.79812 -1.37601 
vt -0.811801 -1.3758 
vt -0.695659 -1.30389 
vt -0.794879 -1.36533 
vt -0.784975 -1.37315 
vt -0.757376 -1.35261 
vt -0.762954 -1.33155 
vt -0.766529 -1.33369 
vt -0.800607 -1.344 
vt -0.779252 -1.30781 
vt -0.868322 -1.39216 
vt -0.871589 -1.3863 
vt -0.868322 -1.39216 
vt -0.862218 -1.39255 
vt -0.866393 -1.38468 
vt -0.857984 -1.38305 
vt -0.853292 -1.38884 
vt -0.852816 -1.37355 
vt -0.844267 -1.38045 
vt -0.864668 -1.37281 
vt -0.844266 -1.36198 
vt -0.834519 -1.36977 
vt -0.835521 -1.35359 
vt -0.827395 -1.3632 
vt -0.848379 -1.35163 
vt -0.625188 -1.37083 
vt -0.625827 -1.38235 
vt -0.623752 -1.39851 
vt -0.625827 -1.38235 
vt -0.723813 -1.41341 
vt -0.723856 -1.4448 
vt -0.788684 -1.31033 
vt -0.804464 -1.31614 
vt -0.797142 -1.33105 
vt -0.785855 -1.3251 
vt -0.646942 -1.4938 
vt -0.690893 -1.54177 
vt -0.690786 -1.55089 
vt -0.677744 -1.55269 
vt -0.679717 -1.54027 
vt -0.711795 -1.41712 
vt -0.714881 -1.39304 
vt -0.726671 -1.38967 
vt -0.694528 -1.41703 
vt -0.695214 -1.3954 
vt -0.683772 -1.37757 
vt -0.721995 -1.37059 
vt -0.76742 -1.31149 
vt -0.768551 -1.27784 
vt -0.798605 -1.29097 
vt -0.814823 -1.30145 
vt -0.867146 -1.3702 
vt -0.86839 -1.36285 
vt -0.871589 -1.35962 
vt -0.865885 -1.36754 
vt -0.858181 -1.37245 
vt -0.861188 -1.36531 
vt -0.855082 -1.37662 
vt -0.781464 -1.32291 
vt -0.775089 -1.32516 
vt -0.781464 -1.32291 
vt -0.764055 -1.33584 
vt -0.737966 -1.53817 
vt -0.736637 -1.52619 
vt -0.746913 -1.52506 
vt -0.749641 -1.5338 
vt -0.727274 -1.53322 
vt -0.727564 -1.52622 
vt -0.617033 -1.5039 
vt -0.622553 -1.49711 
vt -0.6321 -1.50283 
vt -0.626584 -1.5141 
vt -0.638608 -1.51525 
vt -0.641338 -1.50649 
vt -0.624036 -1.48182 
vt -0.637151 -1.48564 
vt -0.676212 -1.39162 
vt -0.670026 -1.40891 
vt -0.656965 -1.40158 
vt -0.662914 -1.38367 
vt -0.649437 -1.43163 
vt -0.632605 -1.42491 
vt -0.640949 -1.3919 
vt -0.642163 -1.46346 
vt -0.625913 -1.45963 
vt -0.661878 -1.4411 
vt -0.620687 -1.40095 
vt -0.593867 -1.44185 
vt -0.606161 -1.42464 
vt -0.591412 -1.4511 
vt -0.632914 -1.38365 
vt -0.631665 -1.37791 
vt -0.582386 -1.45737 
vt -0.5857 -1.45087 
vt -0.638773 -1.37677 
vt -0.647249 -1.36785 
vt -0.64727 -1.37957 
vt -0.737062 -1.3335 
vt -0.74269 -1.35999 
vt -0.683805 -1.39467 
vt -0.753585 -1.19603 
vt -0.767151 -1.21814 
vt -0.756851 -1.21621 
vt -0.70873 -1.21732 
vt -0.692118 -1.19263 
vt -0.729109 -1.18848 
vt -0.73536 -1.21613 
vt -0.690272 -1.21505 
vt -0.671682 -1.21139 
vt -0.658876 -1.17923 
vt -0.648807 -1.20552 
vt -0.624142 -1.43442 
vt -0.844895 -1.36784 
vt -0.825094 -1.36233 
vt -0.825435 -1.3541 
vt -0.833373 -1.36295 
vt -0.851797 -1.35628 
vt -0.862098 -1.35063 
vt -0.837439 -1.34157 
vt -0.750535 -1.50751 
vt -0.8501 -1.33454 
vt -0.737355 -1.50528 
vt -0.723233 -1.5183 
vt -0.72665 -1.51511 
vt -0.755116 -1.48139 
vt -0.66647 -1.54545 
vt -0.669117 -1.53697 
vt -0.738773 -1.47635 
vt -0.724475 -1.47598 
vt -0.627485 -1.37661 
vt -0.740121 -1.44257 
vt -0.741733 -1.40959 
vt -0.757319 -1.44334 
vt -0.762088 -1.45457 
vt -0.743919 -1.38347 
vt -0.756998 -1.40743 
vt -0.665353 -1.49456 
vt -0.669676 -1.49429 
vt -0.758719 -1.3795 
vt -0.668935 -1.51992 
vt -0.682955 -1.51939 
vt -0.696021 -1.52567 
vt -0.812352 -1.28673 
vt -0.707203 -1.45641 
vt -0.760894 -1.35525 
vt -0.701678 -1.49992 
vt -0.67365 -1.45141 
vt -0.686554 -1.49162 
vt -0.810703 -1.28251 
vt -0.790457 -1.26205 
vt -0.766539 -1.34865 
vt -0.690938 -1.45239 
vt -0.769723 -1.23401 
vt -0.740019 -1.37829 
vt -0.748004 -1.24263 
vt -0.678302 -1.41353 
vt -0.746639 -1.15831 
vt -0.729391 -1.15265 
vt -0.729402 -1.28745 
vt -0.718691 -1.24723 
vt -0.698302 -1.15109 
vt -0.692872 -1.28914 
vt -0.690802 -1.24603 
vt -0.66915 -1.40587 
vt -0.666095 -1.14916 
vt -0.659404 -1.28529 
vt -0.663506 -1.24205 
vt -0.643945 -1.17554 
vt -0.648828 -1.15116 
vt -0.640581 -1.2371 
vt -0.692524 -1.33402 
vt -0.655124 -1.32856 
vt -0.63342 -1.27799 
vt -0.622316 -1.27348 
vt -0.627082 -1.31777 
vt -0.573461 -1.45391 
vt -0.567356 -1.44539 
vt -0.57297 -1.44105 
vt -0.57937 -1.44637 
vt -0.619502 -1.34803 
vt -0.564089 -1.44921 
vt -0.567356 -1.44539 
vt -0.573461 -1.45391 
vt -0.608468 -1.36548 
vt -0.595119 -1.38419 
vt -0.592353 -1.37414 
vt -0.600524 -1.35826 
vt -0.608117 -1.33934 
vt -0.577695 -1.46062 
vt -0.576375 -1.42895 
vt -0.587105 -1.43345 
vt -0.611049 -1.39343 
vt -0.583009 -1.40895 
vt -0.597643 -1.41468 
vt -0.591412 -1.4511 
vt -0.567522 -1.43284 
vt -0.572577 -1.4171 
vt -0.837644 -1.32119 
vt -0.828376 -1.31241 
vt -0.823285 -1.32565 
vt -0.811926 -1.34176 

usemtl Handle1Mtl

f 3/3/3 4/4/4 5/5/5 
f 5/5/5 6/6/6 3/3/3 
f 9/9/9 10/10/10 11/11/11 
f 11/11/11 12/12/12 9/9/9 
f 17/17/17 18/18/18 19/19/19 
f 19/19/19 20/20/20 17/17/17 
f 17/17/17 20/20/20 21/21/21 
f 5/5/5 24/24/24 25/25/25 
f 25/25/25 6/6/6 5/5/5 
f 41/41/41 42/42/42 12/12/12 
f 12/12/12 43/43/43 41/41/41 
f 40/40/40 12/12/12 11/11/11 
f 39/39/39 43/43/43 12/12/12 
f 12/12/12 40/40/40 39/39/39 
f 44/44/44 45/45/45 46/46/46 
f 47/47/47 48/48/48 49/49/49 
f 49/49/49 50/50/50 47/47/47 
f 51/51/51 49/49/49 48/48/48 
f 44/44/44 46/46/46 53/53/53 
f 53/53/53 54/54/54 44/44/44 
f 50/50/50 55/55/55 56/56/56 
f 56/56/56 47/47/47 50/50/50 
f 59/59/59 57/57/57 58/58/58 
f 65/65/65 66/66/66 67/67/67 
f 68/68/68 65/65/65 67/67/67 
f 43/43/43 70/70/70 41/41/41 
f 31/31/31 73/73/73 74/74/74 
f 74/74/74 32/32/32 31/31/31 
f 12/12/12 42/42/42 9/9/9 
f 78/78/78 19/19/19 18/18/18 
f 18/18/18 72/72/72 78/78/78 
f 73/73/73 79/79/79 80/80/80 
f 80/80/80 74/74/74 73/73/73 
f 29/29/29 81/81/81 82/82/82 
f 82/82/82 30/30/30 29/29/29 
f 76/76/76 75/75/75 19/19/19 
f 19/19/19 78/78/78 76/76/76 
f 10/10/10 35/35/35 36/36/36 
f 36/36/36 11/11/11 10/10/10 
f 85/85/85 78/78/78 72/72/72 
f 72/72/72 77/77/77 85/85/85 
f 81/81/81 86/86/86 87/87/87 
f 87/87/87 82/82/82 81/81/81 
f 84/84/84 76/76/76 78/78/78 
f 78/78/78 85/85/85 84/84/84 
f 86/86/86 92/92/92 93/93/93 
f 93/93/93 87/87/87 86/86/86 
f 79/79/79 90/90/90 94/94/94 
f 94/94/94 95/95/95 79/79/79 
f 84/84/84 85/85/85 98/98/98 
f 92/92/92 100/100/100 101/101/101 
f 101/101/101 93/93/93 92/92/92 
f 97/97/97 102/102/102 103/103/103 
f 103/103/103 96/96/96 97/97/97 
f 99/99/99 105/105/105 106/106/106 
f 106/106/106 90/90/90 99/99/99 
f 107/107/107 108/108/108 101/101/101 
f 101/101/101 100/100/100 107/107/107 
f 109/109/109 103/103/103 102/102/102 
f 102/102/102 110/110/110 109/109/109 
f 113/113/113 114/114/114 112/112/112 
f 115/115/115 116/116/116 117/117/117 
f 119/119/119 120/120/120 121/121/121 
f 104/104/104 122/122/122 105/105/105 
f 105/105/105 99/99/99 104/104/104 
f 123/123/123 124/124/124 108/108/108 
f 108/108/108 107/107/107 123/123/123 
f 125/125/125 109/109/109 110/110/110 
f 110/110/110 126/126/126 125/125/125 
f 117/117/117 120/120/120 119/119/119 
f 119/119/119 115/115/115 117/117/117 
f 114/114/114 113/113/113 128/128/128 
f 118/118/118 130/130/130 122/122/122 
f 122/122/122 104/104/104 118/118/118 
f 131/131/131 132/132/132 124/124/124 
f 124/124/124 123/123/123 131/131/131 
f 111/111/111 119/119/119 121/121/121 
f 121/121/121 133/133/133 111/111/111 
f 134/134/134 135/135/135 125/125/125 
f 125/125/125 126/126/126 134/134/134 
f 137/137/137 33/33/33 34/34/34 
f 114/114/114 138/138/138 139/139/139 
f 139/139/139 112/112/112 114/114/114 
f 13/13/13 111/111/111 133/133/133 
f 133/133/133 14/14/14 13/13/13 
f 140/140/140 6/6/6 25/25/25 
f 129/129/129 141/141/141 138/138/138 
f 138/138/138 114/114/114 129/129/129 
f 132/132/132 131/131/131 4/4/4 
f 4/4/4 3/3/3 132/132/132 
f 116/116/116 115/115/115 15/15/15 
f 15/15/15 91/91/91 116/116/116 
f 143/143/143 144/144/144 135/135/135 
f 135/135/135 134/134/134 143/143/143 
f 145/145/145 137/137/137 136/136/136 
f 112/112/112 139/139/139 147/147/147 
f 144/144/144 143/143/143 59/59/59 
f 59/59/59 58/58/58 144/144/144 
f 149/149/149 150/150/150 145/145/145 
f 145/145/145 146/146/146 149/149/149 
f 151/151/151 152/152/152 66/66/66 
f 66/66/66 65/65/65 151/151/151 
f 66/66/66 147/147/147 139/139/139 
f 139/139/139 67/67/67 66/66/66 
f 151/151/151 65/65/65 153/153/153 
f 153/153/153 154/154/154 151/151/151 
f 150/150/150 149/149/149 156/156/156 
f 156/156/156 157/157/157 150/150/150 
f 147/147/147 66/66/66 152/152/152 
f 79/79/79 95/95/95 80/80/80 
f 157/157/157 156/156/156 159/159/159 
f 159/159/159 160/160/160 157/157/157 
f 70/70/70 43/43/43 38/38/38 
f 38/38/38 158/158/158 70/70/70 
f 160/160/160 159/159/159 62/62/62 
f 62/62/62 63/63/63 160/160/160 
f 90/90/90 106/106/106 94/94/94 
f 46/46/46 45/45/45 51/51/51 
f 51/51/51 48/48/48 46/46/46 
f 118/118/118 28/28/28 27/27/27 
f 27/27/27 130/130/130 118/118/118 
f 128/128/128 164/164/164 16/16/16 
f 113/113/113 165/165/165 164/164/164 
f 164/164/164 128/128/128 113/113/113 
f 88/88/88 98/98/98 166/166/166 
f 166/166/166 167/167/167 88/88/88 
f 166/166/166 164/164/164 165/165/165 
f 165/165/165 167/167/167 166/166/166 
f 138/138/138 69/69/69 67/67/67 
f 67/67/67 139/139/139 138/138/138 
f 141/141/141 69/69/69 138/138/138 
f 173/173/173 175/175/175 174/174/174 
f 181/181/181 180/180/180 179/179/179 
f 186/186/186 184/184/184 182/182/182 
f 189/189/189 190/190/190 188/188/188 
f 176/176/176 172/172/172 174/174/174 
f 178/178/178 199/199/199 186/186/186 
f 186/186/186 183/183/183 178/178/178 
f 199/199/199 201/201/201 202/202/202 
f 202/202/202 186/186/186 199/199/199 
f 200/200/200 202/202/202 201/201/201 
f 201/201/201 168/168/168 200/200/200 
f 174/174/174 175/175/175 191/191/191 
f 203/203/203 204/204/204 198/198/198 
f 198/198/198 197/197/197 203/203/203 
f 195/195/195 194/194/194 205/205/205 
f 205/205/205 206/206/206 195/195/195 
f 207/207/207 203/203/203 197/197/197 
f 197/197/197 196/196/196 207/207/207 
f 196/196/196 195/195/195 206/206/206 
f 206/206/206 207/207/207 196/196/196 
f 222/222/222 219/219/219 218/218/218 
f 231/231/231 232/232/232 233/233/233 
f 233/233/233 234/234/234 231/231/231 
f 236/236/236 237/237/237 238/238/238 
f 239/239/239 240/240/240 241/241/241 
f 242/242/242 243/243/243 244/244/244 
f 245/245/245 246/246/246 247/247/247 
f 241/241/241 240/240/240 248/248/248 
f 249/249/249 250/250/250 251/251/251 
f 251/251/251 252/252/252 249/249/249 
f 253/253/253 254/254/254 255/255/255 
f 260/260/260 257/257/257 259/259/259 
f 263/263/263 264/264/264 234/234/234 
f 265/265/265 266/266/266 267/267/267 
f 268/268/268 269/269/269 270/270/270 
f 270/270/270 271/271/271 268/268/268 
f 272/272/272 222/222/222 221/221/221 
f 273/273/273 276/276/276 277/277/277 
f 277/277/277 274/274/274 273/273/273 
f 276/276/276 280/280/280 281/281/281 
f 281/281/281 277/277/277 276/276/276 
f 282/282/282 278/278/278 274/274/274 
f 274/274/274 277/277/277 282/282/282 
f 222/222/222 272/272/272 284/284/284 
f 284/284/284 285/285/285 222/222/222 
f 277/277/277 281/281/281 286/286/286 
f 286/286/286 282/282/282 277/277/277 
f 287/287/287 288/288/288 278/278/278 
f 278/278/278 282/282/282 287/287/287 
f 225/225/225 283/283/283 290/290/290 
f 282/282/282 286/286/286 295/295/295 
f 295/295/295 287/287/287 282/282/282 
f 290/290/290 289/289/289 226/226/226 
f 226/226/226 223/223/223 290/290/290 
f 283/283/283 291/291/291 297/297/297 
f 297/297/297 290/290/290 283/283/283 
f 297/297/297 296/296/296 289/289/289 
f 289/289/289 290/290/290 297/297/297 
f 301/301/301 297/297/297 291/291/291 
f 291/291/291 298/298/298 301/301/301 
f 305/305/305 306/306/306 292/292/292 
f 301/301/301 300/300/300 296/296/296 
f 296/296/296 297/297/297 301/301/301 
f 298/298/298 303/303/303 309/309/309 
f 309/309/309 301/301/301 298/298/298 
f 311/311/311 312/312/312 306/306/306 
f 306/306/306 305/305/305 311/311/311 
f 313/313/313 285/285/285 314/314/314 
f 307/307/307 317/317/317 309/309/309 
f 309/309/309 303/303/303 307/307/307 
f 309/309/309 308/308/308 300/300/300 
f 300/300/300 301/301/301 309/309/309 
f 304/304/304 310/310/310 311/311/311 
f 311/311/311 305/305/305 304/304/304 
f 311/311/311 319/319/319 320/320/320 
f 320/320/320 312/312/312 311/311/311 
f 315/315/315 322/322/322 317/317/317 
f 317/317/317 307/307/307 315/315/315 
f 317/317/317 316/316/316 308/308/308 
f 308/308/308 309/309/309 317/317/317 
f 310/310/310 318/318/318 319/319/319 
f 319/319/319 311/311/311 310/310/310 
f 319/319/319 324/324/324 325/325/325 
f 325/325/325 320/320/320 319/319/319 
f 219/219/219 313/313/313 327/327/327 
f 315/315/315 321/321/321 329/329/329 
f 329/329/329 322/322/322 315/315/315 
f 322/322/322 259/259/259 316/316/316 
f 316/316/316 317/317/317 322/322/322 
f 324/324/324 319/319/319 318/318/318 
f 318/318/318 323/323/323 324/324/324 
f 331/331/331 325/325/325 324/324/324 
f 324/324/324 332/332/332 331/331/331 
f 229/229/229 326/326/326 328/328/328 
f 334/334/334 327/327/327 313/313/313 
f 321/321/321 211/211/211 337/337/337 
f 337/337/337 329/329/329 321/321/321 
f 260/260/260 259/259/259 322/322/322 
f 322/322/322 329/329/329 260/260/260 
f 258/258/258 257/257/257 253/253/253 
f 253/253/253 256/256/256 258/258/258 
f 330/330/330 332/332/332 324/324/324 
f 324/324/324 323/323/323 330/330/330 
f 262/262/262 331/331/331 332/332/332 
f 332/332/332 338/338/338 262/262/262 
f 333/333/333 336/336/336 328/328/328 
f 328/328/328 326/326/326 333/333/333 
f 342/342/342 343/343/343 327/327/327 
f 327/327/327 334/334/334 342/342/342 
f 211/211/211 343/343/343 245/245/245 
f 245/245/245 337/337/337 211/211/211 
f 346/346/346 260/260/260 329/329/329 
f 329/329/329 337/337/337 346/346/346 
f 257/257/257 260/260/260 254/254/254 
f 254/254/254 253/253/253 257/257/257 
f 332/332/332 330/330/330 255/255/255 
f 255/255/255 338/338/338 332/332/332 
f 339/339/339 345/345/345 336/336/336 
f 336/336/336 333/333/333 339/339/339 
f 341/341/341 342/342/342 334/334/334 
f 246/246/246 343/343/343 342/342/342 
f 271/271/271 270/270/270 348/348/348 
f 348/348/348 349/349/349 271/271/271 
f 247/247/247 346/346/346 337/337/337 
f 337/337/337 245/245/245 247/247/247 
f 260/260/260 346/346/346 352/352/352 
f 352/352/352 254/254/254 260/260/260 
f 338/338/338 255/255/255 254/254/254 
f 254/254/254 251/251/251 338/338/338 
f 345/345/345 339/339/339 347/347/347 
f 347/347/347 350/350/350 345/345/345 
f 269/269/269 246/246/246 342/342/342 
f 342/342/342 341/341/341 269/269/269 
f 247/247/247 246/246/246 240/240/240 
f 240/240/240 239/239/239 247/247/247 
f 349/349/349 354/354/354 355/355/355 
f 355/355/355 271/271/271 349/349/349 
f 351/351/351 350/350/350 356/356/356 
f 356/356/356 357/357/357 351/351/351 
f 346/346/346 247/247/247 239/239/239 
f 239/239/239 352/352/352 346/346/346 
f 251/251/251 254/254/254 352/352/352 
f 352/352/352 252/252/252 251/251/251 
f 261/261/261 266/266/266 265/265/265 
f 350/350/350 347/347/347 353/353/353 
f 353/353/353 356/356/356 350/350/350 
f 268/268/268 240/240/240 246/246/246 
f 246/246/246 269/269/269 268/268/268 
f 358/358/358 355/355/355 354/354/354 
f 354/354/354 359/359/359 358/358/358 
f 360/360/360 268/268/268 271/271/271 
f 271/271/271 355/355/355 360/360/360 
f 357/357/357 356/356/356 361/361/361 
f 361/361/361 209/209/209 357/357/357 
f 241/241/241 252/252/252 352/352/352 
f 352/352/352 239/239/239 241/241/241 
f 266/266/266 261/261/261 250/250/250 
f 250/250/250 362/362/362 266/266/266 
f 356/356/356 353/353/353 267/267/267 
f 267/267/267 361/361/361 356/356/356 
f 243/243/243 240/240/240 268/268/268 
f 268/268/268 360/360/360 243/243/243 
f 363/363/363 360/360/360 355/355/355 
f 355/355/355 358/358/358 363/363/363 
f 242/242/242 248/248/248 240/240/240 
f 240/240/240 243/243/243 242/242/242 
f 248/248/248 249/249/249 252/252/252 
f 252/252/252 241/241/241 248/248/248 
f 362/362/362 250/250/250 249/249/249 
f 249/249/249 364/364/364 362/362/362 
f 361/361/361 267/267/267 362/362/362 
f 362/362/362 365/365/365 361/361/361 
f 237/237/237 243/243/243 360/360/360 
f 360/360/360 363/363/363 237/237/237 
f 364/364/364 249/249/249 248/248/248 
f 248/248/248 242/242/242 364/364/364 
f 365/365/365 362/362/362 364/364/364 
f 364/364/364 366/366/366 365/365/365 
f 213/213/213 327/327/327 343/343/343 
f 343/343/343 211/211/211 213/213/213 
f 366/366/366 364/364/364 242/242/242 
f 242/242/242 244/244/244 366/366/366 
f 208/208/208 263/263/263 233/233/233 
f 368/368/368 366/366/366 244/244/244 
f 244/244/244 369/369/369 368/368/368 
f 236/236/236 369/369/369 243/243/243 
f 243/243/243 237/237/237 236/236/236 
f 263/263/263 208/208/208 210/210/210 
f 210/210/210 264/264/264 263/263/263 
f 370/370/370 368/368/368 369/369/369 
f 369/369/369 236/236/236 370/370/370 
f 371/371/371 370/370/370 236/236/236 
f 236/236/236 238/238/238 371/371/371 
f 264/264/264 210/210/210 368/368/368 
f 368/368/368 370/370/370 264/264/264 
f 374/374/374 264/264/264 370/370/370 
f 370/370/370 371/371/371 374/374/374 
f 372/372/372 375/375/375 377/377/377 
f 264/264/264 374/374/374 377/377/377 
f 377/377/377 234/234/234 264/264/264 
f 375/375/375 376/376/376 383/383/383 
f 383/383/383 377/377/377 375/375/375 
f 250/250/250 262/262/262 338/338/338 
f 338/338/338 251/251/251 250/250/250 
f 362/362/362 267/267/267 266/266/266 
f 377/377/377 383/383/383 231/231/231 
f 231/231/231 234/234/234 377/377/377 
f 376/376/376 382/382/382 387/387/387 
f 387/387/387 383/383/383 376/376/376 
f 232/232/232 231/231/231 388/388/388 
f 388/388/388 389/389/389 232/232/232 
f 385/385/385 380/380/380 378/378/378 
f 378/378/378 384/384/384 385/385/385 
f 386/386/386 381/381/381 385/385/385 
f 385/385/385 392/392/392 386/386/386 
f 382/382/382 386/386/386 392/392/392 
f 392/392/392 387/387/387 382/382/382 
f 383/383/383 387/387/387 388/388/388 
f 388/388/388 231/231/231 383/383/383 
f 388/388/388 390/390/390 391/391/391 
f 391/391/391 389/389/389 388/388/388 
f 392/392/392 385/385/385 384/384/384 
f 384/384/384 390/390/390 392/392/392 
f 387/387/387 392/392/392 390/390/390 
f 390/390/390 388/388/388 387/387/387 
f 366/366/366 368/368/368 210/210/210 
f 210/210/210 365/365/365 366/366/366 
f 243/243/243 369/369/369 244/244/244 
f 285/285/285 313/313/313 219/219/219 
f 219/219/219 222/222/222 285/285/285 
f 365/365/365 210/210/210 209/209/209 
f 209/209/209 361/361/361 365/365/365 
f 245/245/245 343/343/343 246/246/246 
f 270/270/270 269/269/269 341/341/341 
f 341/341/341 340/340/340 270/270/270 
f 270/270/270 340/340/340 344/344/344 
f 344/344/344 348/348/348 270/270/270 
f 285/285/285 284/284/284 395/395/395 
f 395/395/395 314/314/314 285/285/285 
f 287/287/287 295/295/295 396/396/396 
f 396/396/396 397/397/397 287/287/287 
f 288/288/288 287/287/287 397/397/397 
f 397/397/397 393/393/393 288/288/288 
f 272/272/272 393/393/393 397/397/397 
f 397/397/397 284/284/284 272/272/272 
f 284/284/284 397/397/397 396/396/396 
f 396/396/396 395/395/395 284/284/284 
f 398/398/398 399/399/399 400/400/400 
f 401/401/401 402/402/402 403/403/403 
f 403/403/403 404/404/404 401/401/401 
f 405/405/405 406/406/406 407/407/407 
f 407/407/407 408/408/408 405/405/405 
f 429/429/429 430/430/430 431/431/431 
f 433/433/433 434/434/434 435/435/435 
f 428/428/428 433/433/433 435/435/435 
f 398/398/398 436/436/436 399/399/399 
f 422/422/422 440/440/440 441/441/441 
f 441/441/441 420/420/420 422/422/422 
f 442/442/442 420/420/420 441/441/441 
f 440/440/440 422/422/422 443/443/443 
f 443/443/443 422/422/422 419/419/419 
f 419/419/419 444/444/444 443/443/443 
f 444/444/444 419/419/419 417/417/417 
f 417/417/417 416/416/416 444/444/444 
f 445/445/445 446/446/446 406/406/406 
f 406/406/406 405/405/405 445/445/445 
f 447/447/447 448/448/448 449/449/449 
f 414/414/414 413/413/413 451/451/451 
f 451/451/451 452/452/452 414/414/414 
f 411/411/411 410/410/410 455/455/455 
f 455/455/455 456/456/456 411/411/411 
f 451/451/451 457/457/457 458/458/458 
f 451/451/451 458/458/458 450/450/450 
f 462/462/462 463/463/463 456/456/456 
f 456/456/456 455/455/455 462/462/462 
f 464/464/464 465/465/465 463/463/463 
f 463/463/463 462/462/462 464/464/464 
f 466/466/466 402/402/402 458/458/458 
f 458/458/458 467/467/467 466/466/466 
f 468/468/468 469/469/469 460/460/460 
f 460/460/460 459/459/459 468/468/468 
f 470/470/470 471/471/471 472/472/472 
f 473/473/473 474/474/474 465/465/465 
f 465/465/465 464/464/464 473/473/473 
f 454/454/454 453/453/453 475/475/475 
f 475/475/475 476/476/476 454/454/454 
f 472/472/472 471/471/471 476/476/476 
f 476/476/476 475/475/475 472/472/472 
f 477/477/477 478/478/478 469/469/469 
f 469/469/469 468/468/468 477/477/477 
f 473/473/473 479/479/479 480/480/480 
f 480/480/480 474/474/474 473/473/473 
f 482/482/482 483/483/483 478/478/478 
f 478/478/478 477/477/477 482/482/482 
f 484/484/484 485/485/485 471/471/471 
f 471/471/471 470/470/470 484/484/484 
f 430/430/430 480/480/480 479/479/479 
f 479/479/479 431/431/431 430/430/430 
f 486/486/486 487/487/487 483/483/483 
f 483/483/483 482/482/482 486/486/486 
f 488/488/488 405/405/405 408/408/408 
f 408/408/408 415/415/415 488/488/488 
f 486/486/486 489/489/489 490/490/490 
f 490/490/490 487/487/487 486/486/486 
f 491/491/491 485/485/485 484/484/484 
f 405/405/405 488/488/488 492/492/492 
f 492/492/492 445/445/445 405/405/405 
f 434/434/434 490/490/490 489/489/489 
f 489/489/489 435/435/435 434/434/434 
f 445/445/445 492/492/492 494/494/494 
f 494/494/494 495/495/495 445/445/445 
f 493/493/493 485/485/485 491/491/491 
f 491/491/491 496/496/496 493/493/493 
f 467/467/467 458/458/458 457/457/457 
f 446/446/446 445/445/445 495/495/495 
f 495/495/495 498/498/498 446/446/446 
f 494/494/494 499/499/499 500/500/500 
f 500/500/500 495/495/495 494/494/494 
f 495/495/495 500/500/500 504/504/504 
f 504/504/504 498/498/498 495/495/495 
f 437/437/437 434/434/434 433/433/433 
f 502/502/502 438/438/438 507/507/507 
f 500/500/500 503/503/503 509/509/509 
f 509/509/509 504/504/504 500/500/500 
f 403/403/403 402/402/402 466/466/466 
f 505/505/505 506/506/506 511/511/511 
f 511/511/511 512/512/512 505/505/505 
f 438/438/438 439/439/439 514/514/514 
f 514/514/514 507/507/507 438/438/438 
f 436/436/436 509/509/509 503/503/503 
f 503/503/503 399/399/399 436/436/436 
f 512/512/512 516/516/516 513/513/513 
f 513/513/513 505/505/505 512/512/512 
f 439/439/439 515/515/515 517/517/517 
f 517/517/517 514/514/514 439/439/439 
f 421/421/421 420/420/420 442/442/442 
f 442/442/442 519/519/519 421/421/421 
f 513/513/513 516/516/516 521/521/521 
f 521/521/521 426/426/426 513/513/513 
f 522/522/522 517/517/517 515/515/515 
f 515/515/515 518/518/518 522/522/522 
f 519/519/519 425/425/425 424/424/424 
f 526/526/526 527/527/527 426/426/426 
f 426/426/426 521/521/521 526/526/526 
f 529/529/529 522/522/522 518/518/518 
f 518/518/518 523/523/523 529/529/529 
f 423/423/423 436/436/436 398/398/398 
f 536/536/536 537/537/537 527/527/527 
f 527/527/527 526/526/526 536/536/536 
f 538/538/538 529/529/529 523/523/523 
f 523/523/523 528/528/528 538/538/538 
f 427/427/427 527/527/527 537/537/537 
f 537/537/537 539/539/539 427/427/427 
f 540/540/540 537/537/537 536/536/536 
f 536/536/536 541/541/541 540/540/540 
f 539/539/539 537/537/537 540/540/540 
f 540/540/540 543/543/543 539/539/539 
f 544/544/544 540/540/540 541/541/541 
f 541/541/541 545/545/545 544/544/544 
f 531/531/531 530/530/530 547/547/547 
f 547/547/547 548/548/548 531/531/531 
f 545/545/545 549/549/549 550/550/550 
f 550/550/550 544/544/544 545/545/545 
f 551/551/551 543/543/543 540/540/540 
f 552/552/552 547/547/547 530/530/530 
f 530/530/530 532/532/532 552/552/552 
f 548/548/548 547/547/547 553/553/553 
f 553/553/553 554/554/554 548/548/548 
f 555/555/555 556/556/556 533/533/533 
f 533/533/533 546/546/546 555/555/555 
f 557/557/557 550/550/550 549/549/549 
f 549/549/549 558/558/558 557/557/557 
f 559/559/559 553/553/553 547/547/547 
f 547/547/547 552/552/552 559/559/559 
f 554/554/554 553/553/553 560/560/560 
f 560/560/560 561/561/561 554/554/554 
f 560/560/560 557/557/557 558/558/558 
f 558/558/558 561/561/561 560/560/560 
f 527/527/527 427/427/427 426/426/426 
f 534/534/534 533/533/533 556/556/556 
f 562/562/562 546/546/546 542/542/542 
f 555/555/555 546/546/546 562/562/562 
f 578/578/578 579/579/579 575/575/575 
f 576/576/576 575/575/575 580/580/580 
f 580/580/580 581/581/581 576/576/576 
f 575/575/575 579/579/579 582/582/582 
f 582/582/582 580/580/580 575/575/575 
f 570/570/570 584/584/584 574/574/574 
f 585/585/585 586/586/586 587/587/587 
f 587/587/587 584/584/584 585/585/585 
f 583/583/583 588/588/588 589/589/589 
f 590/590/590 585/585/585 584/584/584 
f 584/584/584 570/570/570 590/590/590 
f 591/591/591 592/592/592 593/593/593 
f 593/593/593 594/594/594 591/591/591 
f 595/595/595 596/596/596 592/592/592 
f 592/592/592 591/591/591 595/595/595 
f 599/599/599 600/600/600 598/598/598 
f 601/601/601 602/602/602 572/572/572 
f 572/572/572 571/571/571 601/601/601 
f 603/603/603 602/602/602 601/601/601 
f 601/601/601 604/604/604 603/603/603 
f 588/588/588 621/621/621 620/620/620 
f 570/570/570 569/569/569 622/622/622 
f 622/622/622 590/590/590 570/570/570 
f 582/582/582 623/623/623 624/624/624 
f 624/624/624 580/580/580 582/582/582 
f 625/625/625 626/626/626 627/627/627 
f 627/627/627 628/628/628 625/625/625 
f 629/629/629 631/631/631 624/624/624 
f 623/623/623 629/629/629 624/624/624 
f 628/628/628 627/627/627 633/633/633 
f 633/633/633 634/634/634 628/628/628 
f 636/636/636 591/591/591 594/594/594 
f 637/637/637 638/638/638 639/639/639 
f 639/639/639 640/640/640 637/637/637 
f 614/614/614 611/611/611 641/641/641 
f 642/642/642 573/573/573 565/565/565 
f 565/565/565 566/566/566 642/642/642 
f 643/643/643 640/640/640 639/639/639 
f 639/639/639 644/644/644 643/643/643 
f 637/637/637 640/640/640 646/646/646 
f 643/643/643 645/645/645 646/646/646 
f 646/646/646 640/640/640 643/643/643 
f 604/604/604 650/650/650 651/651/651 
f 652/652/652 602/602/602 603/603/603 
f 650/650/650 655/655/655 654/654/654 
f 658/658/658 605/605/605 656/656/656 
f 656/656/656 657/657/657 658/658/658 
f 611/611/611 607/607/607 659/659/659 
f 664/664/664 665/665/665 662/662/662 
f 666/666/666 665/665/665 664/664/664 
f 664/664/664 667/667/667 666/666/666 
f 668/668/668 666/666/666 667/667/667 
f 667/667/667 669/669/669 668/668/668 
f 587/587/587 615/615/615 574/574/574 
f 574/574/574 584/584/584 587/587/587 
f 671/671/671 668/668/668 669/669/669 
f 669/669/669 672/672/672 671/671/671 
f 670/670/670 665/665/665 666/666/666 
f 666/666/666 668/668/668 670/670/670 
f 610/610/610 609/609/609 619/619/619 
f 673/673/673 671/671/671 672/672/672 
f 672/672/672 674/674/674 673/673/673 
f 635/635/635 676/676/676 677/677/677 
f 634/634/634 633/633/633 635/635/635 
f 635/635/635 677/677/677 634/634/634 
f 678/678/678 630/630/630 629/629/629 
f 629/629/629 679/679/679 678/678/678 
f 569/569/569 678/678/678 679/679/679 
f 679/679/679 622/622/622 569/569/569 
f 676/676/676 620/620/620 621/621/621 
f 621/621/621 677/677/677 676/676/676 
f 682/682/682 683/683/683 684/684/684 
f 684/684/684 685/685/685 682/682/682 
f 687/687/687 688/688/688 689/689/689 
f 689/689/689 690/690/690 687/687/687 
f 680/680/680 691/691/691 692/692/692 
f 692/692/692 693/693/693 680/680/680 
f 691/691/691 694/694/694 695/695/695 
f 695/695/695 692/692/692 691/691/691 
f 695/695/695 696/696/696 697/697/697 
f 697/697/697 692/692/692 695/695/695 
f 682/682/682 698/698/698 699/699/699 
f 699/699/699 700/700/700 682/682/682 
f 700/700/700 701/701/701 683/683/683 
f 683/683/683 682/682/682 700/700/700 
f 698/698/698 682/682/682 685/685/685 
f 713/713/713 714/714/714 715/715/715 
f 715/715/715 716/716/716 713/713/713 
f 714/714/714 713/713/713 717/717/717 
f 719/719/719 720/720/720 721/721/721 
f 721/721/721 722/722/722 719/719/719 
f 723/723/723 722/722/722 721/721/721 
f 721/721/721 724/724/724 723/723/723 
f 720/720/720 725/725/725 726/726/726 
f 726/726/726 721/721/721 720/720/720 
f 727/727/727 728/728/728 729/729/729 
f 729/729/729 730/730/730 727/727/727 
f 729/729/729 731/731/731 732/732/732 
f 732/732/732 733/733/733 729/729/729 
f 734/734/734 726/726/726 725/725/725 
f 725/725/725 735/735/735 734/734/734 
f 726/726/726 686/686/686 724/724/724 
f 724/724/724 721/721/721 726/726/726 
f 731/731/731 729/729/729 728/728/728 
f 728/728/728 736/736/736 731/731/731 
f 731/731/731 734/734/734 735/735/735 
f 735/735/735 732/732/732 731/731/731 
f 686/686/686 726/726/726 734/734/734 
f 745/745/745 746/746/746 747/747/747 
f 746/746/746 696/696/696 730/730/730 
f 730/730/730 747/747/747 746/746/746 
f 729/729/729 733/733/733 747/747/747 
f 747/747/747 730/730/730 729/729/729 
f 697/697/697 748/748/748 749/749/749 
f 692/692/692 697/697/697 693/693/693 
f 750/750/750 696/696/696 695/695/695 
f 754/754/754 755/755/755 756/756/756 
f 756/756/756 757/757/757 754/754/754 
f 758/758/758 755/755/755 754/754/754 
f 758/758/758 759/759/759 755/755/755 
f 760/760/760 755/755/755 759/759/759 
f 759/759/759 761/761/761 760/760/760 
f 763/763/763 767/767/767 707/707/707 
f 707/707/707 706/706/706 763/763/763 
f 768/768/768 703/703/703 707/707/707 
f 707/707/707 767/767/767 768/768/768 
f 766/766/766 765/765/765 769/769/769 
f 766/766/766 769/769/769 767/767/767 
f 763/763/763 766/766/766 767/767/767 
f 771/771/771 768/768/768 767/767/767 
f 767/767/767 769/769/769 771/771/771 
f 772/772/772 770/770/770 715/715/715 
f 715/715/715 714/714/714 772/772/772 
f 774/774/774 772/772/772 714/714/714 
f 714/714/714 718/718/718 774/774/774 
f 776/776/776 777/777/777 690/690/690 
f 690/690/690 689/689/689 776/776/776 
f 778/778/778 775/775/775 770/770/770 
f 770/770/770 772/772/772 778/778/778 
f 779/779/779 778/778/778 772/772/772 
f 746/746/746 745/745/745 780/780/780 
f 781/781/781 681/681/681 680/680/680 
f 680/680/680 782/782/782 781/781/781 
f 778/778/778 781/781/781 783/783/783 
f 783/783/783 775/775/775 778/778/778 
f 696/696/696 727/727/727 730/730/730 
f 696/696/696 750/750/750 727/727/727 
f 781/781/781 778/778/778 779/779/779 
f 779/779/779 681/681/681 781/781/781 
f 782/782/782 680/680/680 693/693/693 
f 693/693/693 785/785/785 782/782/782 
f 782/782/782 786/786/786 783/783/783 
f 783/783/783 781/781/781 782/782/782 
f 785/785/785 693/693/693 697/697/697 
f 697/697/697 749/749/749 785/785/785 
f 785/785/785 789/789/789 786/786/786 
f 786/786/786 782/782/782 785/785/785 
f 791/791/791 792/792/792 687/687/687 
f 687/687/687 690/690/690 791/791/791 
f 749/749/749 795/795/795 789/789/789 
f 789/789/789 785/785/785 749/749/749 
f 777/777/777 790/790/790 791/791/791 
f 791/791/791 690/690/690 777/777/777 
f 796/796/796 792/792/792 791/791/791 
f 791/791/791 798/798/798 796/796/796 
f 788/788/788 798/798/798 791/791/791 
f 791/791/791 790/790/790 788/788/788 
f 798/798/798 802/802/802 794/794/794 
f 794/794/794 796/796/796 798/798/798 
f 797/797/797 802/802/802 798/798/798 
f 798/798/798 788/788/788 797/797/797 
f 794/794/794 802/802/802 694/694/694 
f 694/694/694 691/691/691 794/794/794 
f 753/753/753 757/757/757 756/756/756 
f 699/699/699 805/805/805 803/803/803 
f 803/803/803 800/800/800 699/699/699 
f 802/802/802 797/797/797 806/806/806 
f 806/806/806 694/694/694 802/802/802 
f 750/750/750 695/695/695 694/694/694 
f 694/694/694 806/806/806 750/750/750 
f 807/807/807 751/751/751 756/756/756 
f 756/756/756 808/808/808 807/807/807 
f 809/809/809 810/810/810 805/805/805 
f 805/805/805 699/699/699 809/809/809 
f 728/728/728 727/727/727 750/750/750 
f 750/750/750 806/806/806 728/728/728 
f 811/811/811 808/808/808 756/756/756 
f 756/756/756 755/755/755 811/811/811 
f 812/812/812 813/813/813 810/810/810 
f 810/810/810 809/809/809 812/812/812 
f 757/757/757 805/805/805 810/810/810 
f 810/810/810 754/754/754 757/757/757 
f 811/811/811 755/755/755 760/760/760 
f 760/760/760 815/815/815 811/811/811 
f 816/816/816 817/817/817 813/813/813 
f 813/813/813 812/812/812 816/816/816 
f 754/754/754 810/810/810 813/813/813 
f 813/813/813 758/758/758 754/754/754 
f 818/818/818 819/819/819 815/815/815 
f 758/758/758 813/813/813 817/817/817 
f 817/817/817 759/759/759 758/758/758 
f 817/817/817 820/820/820 761/761/761 
f 761/761/761 759/759/759 817/817/817 
f 697/697/697 696/696/696 821/821/821 
f 821/821/821 748/748/748 697/697/697 
f 822/822/822 816/816/816 812/812/812 
f 812/812/812 821/821/821 822/822/822 
f 817/817/817 816/816/816 823/823/823 
f 823/823/823 820/820/820 817/817/817 
f 733/733/733 741/741/741 745/745/745 
f 745/745/745 747/747/747 733/733/733 
f 822/822/822 821/821/821 696/696/696 
f 696/696/696 746/746/746 822/822/822 
f 700/700/700 699/699/699 800/800/800 
f 800/800/800 799/799/799 700/700/700 
f 825/825/825 823/823/823 816/816/816 
f 816/816/816 822/822/822 825/825/825 
f 826/826/826 827/827/827 828/828/828 
f 828/828/828 829/829/829 826/826/826 
f 830/830/830 825/825/825 822/822/822 
f 822/822/822 746/746/746 830/830/830 
f 831/831/831 832/832/832 833/833/833 
f 753/753/753 803/803/803 805/805/805 
f 805/805/805 757/757/757 753/753/753 
f 834/834/834 835/835/835 836/836/836 
f 836/836/836 837/837/837 834/834/834 
f 780/780/780 834/834/834 830/830/830 
f 830/830/830 746/746/746 780/780/780 
f 809/809/809 699/699/699 698/698/698 
f 698/698/698 748/748/748 809/809/809 
f 837/837/837 838/838/838 830/830/830 
f 830/830/830 834/834/834 837/837/837 
f 828/828/828 840/840/840 841/841/841 
f 841/841/841 829/829/829 828/828/828 
f 743/743/743 826/826/826 829/829/829 
f 829/829/829 744/744/744 743/743/743 
f 842/842/842 835/835/835 834/834/834 
f 834/834/834 780/780/780 842/842/842 
f 841/841/841 840/840/840 843/843/843 
f 843/843/843 844/844/844 841/841/841 
f 841/841/841 738/738/738 744/744/744 
f 744/744/744 829/829/829 841/841/841 
f 821/821/821 812/812/812 809/809/809 
f 809/809/809 748/748/748 821/821/821 
f 737/737/737 842/842/842 780/780/780 
f 780/780/780 741/741/741 737/737/737 
f 844/844/844 843/843/843 835/835/835 
f 835/835/835 842/842/842 844/844/844 
f 844/844/844 739/739/739 738/738/738 
f 738/738/738 841/841/841 844/844/844 
f 749/749/749 748/748/748 712/712/712 
f 712/712/712 795/795/795 749/749/749 
f 739/739/739 844/844/844 842/842/842 
f 842/842/842 737/737/737 739/739/739 
f 840/840/840 846/846/846 847/847/847 
f 846/846/846 840/840/840 828/828/828 
f 828/828/828 827/827/827 846/846/846 
f 701/701/701 700/700/700 799/799/799 
f 849/849/849 848/848/848 850/850/850 
f 769/769/769 850/850/850 848/848/848 
f 848/848/848 771/771/771 769/769/769 
f 850/850/850 769/769/769 765/765/765 
f 765/765/765 851/851/851 850/850/850 
f 850/850/850 683/683/683 701/701/701 
f 701/701/701 849/849/849 850/850/850 
f 851/851/851 684/684/684 683/683/683 
f 683/683/683 850/850/850 851/851/851 

g Stick1

v -45.7912 111.272 40.9424 
v -45.7912 109.709 40.9424 
v -45.7912 111.272 40.7803 
v -45.7912 109.709 40.7803 
v -46.0057 109.709 40.9424 
v -45.7912 109.709 40.9424 
v -46.0057 111.272 40.9424 
v -45.7912 111.272 40.9424 
v -45.7912 109.709 40.9424 
v -46.0057 109.709 40.9424 
v -45.7912 109.709 40.7803 
v -46.0057 109.709 40.7803 
v -46.0057 109.709 40.9424 
v -46.0057 111.272 40.9424 
v -46.0057 109.709 40.7803 
v -46.0057 111.272 40.7803 
v -46.0057 111.272 40.7803 
v -45.7912 111.272 40.7803 
v -46.0057 109.709 40.7803 
v -45.7912 109.709 40.7803 
v -46.0057 111.272 40.9424 
v -45.7912 111.272 40.9424 
v -46.0057 111.272 40.7803 
v -45.7912 111.272 40.7803 

vn 1 0 0 
vn 1 0 0 
vn 1 0 0 
vn 1 0 0 
vn 0 0 1 
vn 0 0 1 
vn 0 0 1 
vn 0 0 1 
vn 0 -1 0 
vn 0 -1 0 
vn 0 -1 0 
vn 0 -1 0 
vn -1 0 0 
vn -1 0 0 
vn -1 0 0 
vn -1 0 0 
vn 0 0 -1 
vn 0 0 -1 
vn 0 0 -1 
vn 0 0 -1 
vn 0 1 0 
vn 0 1 0 
vn 0 1 0 
vn 0 1 0 

vt 2.94536 -6 
vt 2.75 -6 
vt 2.94536 -6.02027 
vt 2.75 -6.02027 
vt 2.77682 -6 
vt 2.75 -6 
vt 2.77682 -6.19536 
vt 2.75 -6.19536 
vt 2.77682 -6 
vt 2.75 -6 
vt 2.77682 -6.02027 
vt 2.75 -6.02027 
vt 2.94536 -6 
vt 2.75 -6 
vt 2.94536 -6.02027 
vt 2.75 -6.02027 
vt 2.77682 -6 
vt 2.75 -6 
vt 2.77682 -6.19536 
vt 2.75 -6.19536 
vt 2.77682 -6 
vt 2.75 -6 
vt 2.77682 -6.02027 
vt 2.75 -6.02027 

usemtl Stick1Mtl

f 852/852/852 853/853/853 854/854/854 
f 854/854/854 853/853/853 855/855/855 
f 856/856/856 857/857/857 858/858/858 
f 858/858/858 857/857/857 859/859/859 
f 860/860/860 861/861/861 862/862/862 
f 862/862/862 861/861/861 863/863/863 
f 864/864/864 865/865/865 866/866/866 
f 866/866/866 865/865/865 867/867/867 
f 868/868/868 869/869/869 870/870/870 
f 870/870/870 869/869/869 871/871/871 
f 872/872/872 873/873/873 874/874/874 
f 874/874/874 873/873/873 875/875/875 

