# This file is brought to you by Roblox Corporation
# Generated by Roblox Studio

mtllib Slap_4.mtl

g MetalHand1

v -67.8918 3.67742 -23.7724 
v -67.6671 3.67477 -23.8202 
v -67.5919 2.96216 -23.436 
v -67.7699 3.08309 -23.3621 
v -67.8809 2.90613 -23.2922 
v -67.7489 2.75734 -23.2874 
v -68.3965 2.73141 -23.1494 
v -68.4202 4.50784 -24.7979 
v -68.1644 4.37481 -24.4745 
v -68.2769 4.50878 -24.5179 
v -68.3628 4.41516 -24.5106 
v -68.2152 4.23891 -24.4507 
v -68.286 4.85533 -24.0885 
v -68.2305 4.93909 -24.0896 
v -67.9116 3.71146 -23.8878 
v -68.4183 2.64989 -22.8984 
v -68.3662 3.28086 -22.3959 
v -68.4262 3.21335 -22.3839 
v -68.3446 3.18375 -22.3532 
v -68.2881 3.21892 -22.3678 
v -68.2458 3.25641 -22.408 
v -68.4412 3.30147 -22.482 
v -68.4885 3.23597 -22.4531 
v -68.0089 2.84685 -23.2187 
v -67.8926 2.70951 -23.1732 
v -68.0089 2.84685 -23.2187 
v -67.8809 2.90613 -23.2922 
v -68.0359 2.96553 -23.3859 
v -68.0345 4.78226 -23.5244 
v -67.9443 4.81735 -23.5267 
v -68.1067 4.70203 -23.5505 
v -68.0345 4.78226 -23.5244 
v -68.2917 4.64023 -24.6369 
v -68.3738 4.61202 -24.5907 
v -68.3738 4.61202 -24.5907 
v -68.4345 4.53163 -24.5645 
v -68.4333 4.34023 -24.6047 
v -67.9908 3.63611 -24.2889 
v -68.1841 3.84462 -24.4867 
v -68.3227 4.13671 -24.5565 
v -67.9481 4.04651 -24.3854 
v -68.0752 4.25341 -24.4428 
v -68.0458 3.93153 -24.3672 
v -67.93 3.50003 -24.7287 
v -67.9881 3.62333 -24.7894 
v -68.0788 3.56304 -24.7628 
v -68.3098 3.93836 -25.0203 
v -68.1832 3.7804 -24.9023 
v -68.1297 3.89457 -24.9503 
v -68.2392 4.02323 -25.0439 
v -68.0624 3.7806 -24.8819 
v -67.8534 3.35161 -24.6573 
v -68.0598 3.40429 -24.6454 
v -67.8534 3.35161 -24.6573 
v -68.3253 4.08084 -25.1306 
v -68.3678 4.02116 -25.0988 
v -67.5453 3.54702 -23.8761 
v -67.5462 3.62695 -23.9285 
v -67.6784 3.68873 -23.8718 
v -67.6671 3.67477 -23.8202 
v -67.4618 3.4043 -23.7806 
v -67.7598 3.60816 -24.2974 
v -67.6385 3.53709 -24.3578 
v -67.5501 1.58877 -23.7034 
v -67.9986 1.68243 -23.4865 
v -67.8191 1.89005 -23.4119 
v -67.9744 1.88538 -23.3562 
v -68.2442 1.86766 -23.4551 
v -68.1735 1.9398 -23.3383 
v -67.8622 3.86145 -24.3432 
v -68.2458 3.25641 -22.408 
v -68.4689 3.1012 -22.4444 
v -68.0596 4.54099 -23.5158 
v -67.9682 4.63834 -23.4632 
v -68.2881 3.21892 -22.3678 
v -68.2455 3.12965 -22.4179 
v -68.4844 2.95361 -22.5596 
v -68.3472 3.09311 -22.3957 
v -67.9553 4.30123 -23.4718 
v -67.8867 4.45407 -23.4325 
v -67.9682 4.63834 -23.4632 
v -67.865 4.70786 -23.4953 
v -68.2372 4.88916 -24.3231 
v -68.2155 3.00807 -22.5279 
v -68.345 2.95285 -22.4995 
v -67.8867 4.45407 -23.4325 
v -67.7788 4.5348 -23.4797 
v -68.1799 2.90252 -22.6479 
v -68.1559 3.33962 -24.6975 
v -67.877 3.95209 -23.4506 
v -67.6784 3.68873 -23.8718 
v -67.8344 4.29509 -23.4191 
v -67.7068 4.3357 -23.4694 
v -67.7744 4.05515 -23.4048 
v -67.8344 4.29509 -23.4191 
v -68.1534 4.97811 -24.1149 
v -68.2305 4.93909 -24.0896 
v -68.3233 2.83379 -22.6152 
v -67.8671 3.62249 -23.4537 
v -67.7744 4.05515 -23.4048 
v -67.6409 4.10015 -23.4592 
v -68.1439 4.81529 -24.0171 
v -68.0582 4.87812 -24.0763 
v -67.8792 3.36619 -23.4372 
v -67.7122 3.60059 -23.4084 
v -67.738 3.86953 -23.4045 
v -67.738 3.86953 -23.4045 
v -67.5925 3.87237 -23.4618 
v -67.9421 4.71097 -24.0446 
v -68.0338 4.64222 -23.9758 
v -68.2188 4.70757 -24.0393 
v -67.8779 2.43116 -23.1338 
v -68.0845 2.51478 -22.9221 
v -68.0742 2.29978 -23.064 
v -67.9316 4.07199 -23.9319 
v -67.7577 3.97382 -23.8948 
v -67.8296 4.19131 -23.9113 
v -67.9304 3.14366 -23.4163 
v -68.0759 4.47134 -23.985 
v -67.946 4.47552 -23.9488 
v -68.0338 4.64222 -23.9758 
v -67.7178 3.33869 -23.3965 
v -67.7122 3.60059 -23.4084 
v -67.5583 3.60451 -23.4714 
v -67.828 4.50572 -24.0149 
v -67.946 4.47552 -23.9488 
v -67.7787 4.50717 -24.1574 
v -68.265 2.4761 -22.9379 
v -68.2822 2.28832 -23.1324 
v -67.7699 3.08309 -23.3621 
v -67.7178 3.33869 -23.3965 
v -67.5542 3.31945 -23.4668 
v -68.1439 4.81529 -24.0171 
v -67.8296 4.19131 -23.9113 
v -67.7081 4.22317 -23.9819 
v -68.2769 4.50878 -24.5179 
v -68.1937 4.54899 -24.6007 
v -68.1085 2.06011 -23.2284 
v -67.9 2.10151 -23.2493 
v -67.6937 2.46563 -23.3058 
v -68.2845 2.03101 -23.3315 
v -67.4543 3.35509 -23.6168 
v -67.7577 3.97382 -23.8948 
v -67.6219 3.94399 -23.9599 
v -68.0842 4.41713 -24.5696 
v -68.1644 4.37481 -24.4745 
v -67.7192 2.14993 -23.3537 
v -67.9538 3.67852 -24.2095 
v -68.0752 4.25341 -24.4428 
v -67.9742 4.26416 -24.5326 
v -67.7029 1.60878 -23.5465 
v -67.6252 1.91419 -23.5256 
v -67.9431 1.3363 -23.5532 
v -67.7408 1.31981 -23.5699 
v -68.0494 1.28438 -23.7188 
v -67.9481 4.04651 -24.3854 
v -67.8505 4.06138 -24.4783 
v -67.7598 3.60816 -24.2974 
v -67.8622 3.86145 -24.3432 
v -67.7436 3.82404 -24.4206 
v -67.5366 3.33247 -24.3236 
v -68.2392 4.02323 -25.0439 
v -68.0499 3.92309 -25.0439 
v -68.2694 2.61082 -22.8207 
v -68.1091 2.66868 -22.8362 
v -68.2954 2.73078 -22.7168 
v -68.1438 2.79863 -22.7491 
v -68.4183 2.64989 -22.8984 
v -68.3446 3.18375 -22.3532 
v -67.9908 3.63611 -24.2889 
v -68.116 3.56885 -24.4144 
v -67.9986 1.68243 -23.4865 
v -67.9744 1.88538 -23.3562 
v -68.2442 1.86766 -23.4551 
v -68.1735 1.9398 -23.3383 
v -68.2384 1.61316 -23.7215 
v -68.4689 3.1012 -22.4444 
v -68.4844 2.95361 -22.5596 
v -68.0958 4.52046 -23.6423 
v -67.9435 4.64 -23.778 
v -68.0597 4.61069 -23.7451 
v -68.2155 3.00807 -22.5279 
v -68.345 2.95285 -22.4995 
v -68.1799 2.90252 -22.6479 
v -68.1559 3.33962 -24.6975 
v -68.3233 2.83379 -22.6152 
v -68.0845 2.51478 -22.9221 
v -68.0742 2.29978 -23.064 
v -68.265 2.4761 -22.9379 
v -68.2822 2.28832 -23.1324 
v -68.2845 2.03101 -23.3315 
v -68.4415 2.1101 -23.5401 
v -67.9538 3.67852 -24.2095 
v -67.7408 1.31981 -23.5699 
v -67.696 1.27686 -23.709 
v -67.6673 1.25534 -23.967 
v -67.6723 1.25003 -24.2701 
v -67.7229 1.27165 -24.4614 
v -68.4698 2.83106 -22.6792 
v -68.2694 2.61082 -22.8207 
v -68.45 2.75053 -22.7682 
v -68.2954 2.73078 -22.7168 
v -68.0261 1.25237 -24.3267 
v -67.9243 1.27073 -24.4925 
v -67.9431 1.3363 -23.5532 
v -68.0494 1.28438 -23.7188 
v -68.0998 1.27002 -24.0174 
v -67.7324 3.27905 -24.609 
v -67.7265 3.39423 -24.6017 
v -67.6377 3.17467 -24.5728 
v -67.5919 2.96216 -23.436 
v -67.7699 3.08309 -23.3621 
v -67.7489 2.75734 -23.2874 
v -68.4202 4.50784 -24.7979 
v -68.3346 4.5419 -24.8162 
v -68.4183 2.64989 -22.8984 
v -68.3446 3.18375 -22.3532 
v -68.0089 2.84685 -23.2187 
v -67.8926 2.70951 -23.1732 
v -68.0089 2.84685 -23.2187 
v -68.1222 2.87955 -23.1531 
v -68.0031 2.78913 -23.0928 
v -67.9354 4.83941 -23.6202 
v -68.0345 4.78226 -23.5244 
v -67.9443 4.81735 -23.5267 
v -67.931 4.80897 -23.7117 
v -68.0149 4.77692 -23.7392 
v -68.3114 4.61783 -24.7407 
v -68.2917 4.64023 -24.6369 
v -68.3738 4.61202 -24.5907 
v -67.8273 3.44502 -24.7971 
v -67.93 3.50003 -24.7287 
v -67.8534 3.35161 -24.6573 
v -67.7501 3.26778 -24.7145 
v -67.8534 3.35161 -24.6573 
v -67.6301 2.50078 -24.5948 
v -67.7212 2.2106 -24.5988 
v -67.7051 2.45136 -24.6763 
v -67.3713 2.81366 -23.9055 
v -67.3989 2.50105 -23.9882 
v -67.3648 2.82207 -24.0097 
v -67.4362 2.72331 -24.2839 
v -67.4981 2.37565 -24.3274 
v -67.4743 2.66013 -24.3729 
v -67.4398 2.72453 -23.6354 
v -67.4538 2.44869 -23.6744 
v -67.4022 2.7832 -23.7462 
v -67.3858 2.80058 -24.1173 
v -67.4157 3.11609 -24.1734 
v -67.5014 3.37493 -24.2089 
v -67.443 3.38165 -24.0568 
v -67.3839 3.13536 -24.0365 
v -67.5453 3.54702 -23.8761 
v -67.4605 3.40944 -23.9054 
v -67.5462 3.62695 -23.9285 
v -67.6784 3.68873 -23.8718 
v -67.5425 3.54742 -23.8198 
v -67.6671 3.67477 -23.8202 
v -67.532 3.62308 -23.767 
v -67.4618 3.4043 -23.7806 
v -67.6027 3.49207 -24.2531 
v -67.5877 3.58762 -24.2193 
v -67.7355 3.23791 -24.651 
v -67.6749 3.10316 -24.67 
v -67.7598 3.60816 -24.2974 
v -67.6206 3.47191 -24.3002 
v -67.6385 3.53709 -24.3578 
v -67.4461 1.94253 -23.9634 
v -67.4945 1.95853 -23.7008 
v -67.5501 1.58877 -23.7034 
v -67.4894 1.56122 -23.9549 
v -68.0811 2.89306 -23.0261 
v -68.2969 3.31524 -22.449 
v -68.2406 3.28101 -22.5707 
v -68.323 3.2086 -22.7997 
v -68.2458 3.25641 -22.408 
v -68.1984 3.20139 -22.4847 
v -68.2016 3.19494 -22.726 
v -68.323 3.2086 -22.7997 
v -68.2881 3.21892 -22.3678 
v -68.2455 3.12965 -22.4179 
v -68.1588 3.10418 -22.616 
v -67.865 4.70786 -23.4953 
v -68.0369 2.78066 -22.9273 
v -67.9744 2.63529 -23.0025 
v -68.2155 3.00807 -22.5279 
v -68.1242 3.00962 -22.7452 
v -68.1695 3.09715 -22.8601 
v -67.8497 4.69932 -23.7247 
v -67.8237 4.73171 -23.6085 
v -67.7788 4.5348 -23.4797 
v -68.1583 4.93508 -24.3164 
v -68.2372 4.88916 -24.3231 
v -68.156 4.98505 -24.2227 
v -68.1799 2.90252 -22.6479 
v -67.7628 4.52752 -23.7288 
v -67.7281 4.5599 -23.6037 
v -67.7068 4.3357 -23.4694 
v -68.1534 4.97811 -24.1149 
v -67.6886 4.32962 -23.7311 
v -67.6476 4.3519 -23.6004 
v -67.7744 4.05515 -23.4048 
v -67.6409 4.10015 -23.4592 
v -68.0582 4.87812 -24.0763 
v -68.0282 4.88425 -24.2089 
v -68.0644 4.82692 -24.3244 
v -67.5925 3.87237 -23.4618 
v -67.623 4.10066 -23.7342 
v -67.5775 4.1154 -23.5963 
v -67.9421 4.71097 -24.0446 
v -67.8995 4.71735 -24.184 
v -67.9468 4.66744 -24.3086 
v -67.8779 2.43116 -23.1338 
v -68.0845 2.51478 -22.9221 
v -67.5583 3.60451 -23.4714 
v -67.5768 3.88451 -23.7423 
v -67.5265 3.88508 -23.6002 
v -67.828 4.50572 -24.0149 
v -67.7787 4.50717 -24.1574 
v -67.8369 4.47361 -24.2879 
v -67.5542 3.31945 -23.4668 
v -67.4853 3.62145 -23.6125 
v -67.7081 4.22317 -23.9819 
v -67.6609 4.21945 -24.1296 
v -67.7284 4.19198 -24.265 
v -68.1937 4.54899 -24.6007 
v -67.6937 2.46563 -23.3058 
v -68.1915 4.51614 -24.7321 
v -67.4543 3.35509 -23.6168 
v -67.6219 3.94399 -23.9599 
v -67.6531 3.9088 -24.2398 
v -67.5786 3.92818 -24.1049 
v -68.0842 4.41713 -24.5696 
v -67.7192 2.14993 -23.3537 
v -68.4415 2.1101 -23.5401 
v -68.08 4.38131 -24.709 
v -67.4472 3.05213 -23.613 
v -67.5136 3.6189 -24.0782 
v -67.9742 4.26416 -24.5326 
v -67.7029 1.60878 -23.5465 
v -67.6252 1.91419 -23.5256 
v -67.5622 2.25171 -23.5068 
v -67.5305 2.56944 -23.5062 
v -67.7408 1.31981 -23.5699 
v -67.9644 4.22276 -24.673 
v -67.4069 3.10603 -23.7644 
v -67.8505 4.06138 -24.4783 
v -67.696 1.27686 -23.709 
v -67.6673 1.25534 -23.967 
v -67.8379 4.01841 -24.6225 
v -67.9312 3.94023 -24.7226 
v -67.3892 3.13078 -23.9013 
v -67.7436 3.82404 -24.4206 
v -67.6723 1.25003 -24.2701 
v -67.5411 1.52372 -24.2622 
v -67.7275 3.77363 -24.5625 
v -67.8235 3.70134 -24.6662 
v -67.7031 1.49973 -24.4893 
v -67.7229 1.27165 -24.4614 
v -67.5237 1.86898 -24.2749 
v -67.6351 3.48697 -24.4996 
v -67.5366 3.33247 -24.3236 
v -67.7179 1.79507 -24.5175 
v -67.4543 3.05755 -24.305 
v -67.5563 3.24458 -24.4573 
v -67.4945 2.98106 -24.4195 
v -68.3593 3.97089 -25.2749 
v -67.5578 2.90015 -24.5224 
v -67.5281 2.59272 -24.4541 
v -67.6222 2.82378 -24.6344 
v -67.704 2.76324 -24.7376 
v -67.8455 2.98631 -24.8709 
v -68.0052 2.99768 -24.8835 
v -67.7278 3.02216 -24.7893 
v -67.8668 3.16985 -24.9362 
v -67.905 3.32274 -25.0105 
v -67.7678 3.21132 -24.8456 
v -68.1685 4.05711 -25.126 
v -68.2392 4.02323 -25.0439 
v -68.1609 4.0106 -25.2398 
v -68.1006 3.78588 -25.2427 
v -67.9551 3.47263 -25.085 
v -67.8192 3.37905 -24.9196 
v -68.0499 3.92309 -25.0439 
v -68.034 3.87259 -25.1698 
v -68.0184 3.63892 -25.1663 
v -67.8766 3.54233 -24.9981 
v -67.8934 3.6066 -24.8738 
v -67.9881 3.62333 -24.7894 
v -67.9638 3.77174 -24.9599 
v -68.0624 3.7806 -24.8819 
v -67.9438 3.71337 -25.0834 
v -68.1406 3.0146 -22.94 
v -68.2694 2.61082 -22.8207 
v -68.1091 2.66868 -22.8362 
v -68.1438 2.79863 -22.7491 
v -68.0879 2.91063 -22.8446 
v -67.7324 3.27905 -24.609 
v -67.7265 3.39423 -24.6017 
v -67.6377 3.17467 -24.5728 
v -67.8918 3.67742 -23.7724 
v -67.853 3.96541 -23.772 
v -67.7049 3.89695 -23.8057 
v -67.6671 3.67477 -23.8202 
v -68.2583 4.42875 -24.8164 
v -68.3574 4.35684 -24.8102 
v -68.4202 4.50784 -24.7979 
v -68.3346 4.5419 -24.8162 
v -68.0089 2.84685 -23.2187 
v -67.931 4.80897 -23.7117 
v -68.0149 4.77692 -23.7392 
v -68.0345 4.78226 -23.5244 
v -68.0149 4.77692 -23.7392 
v -68.0896 4.71264 -23.7364 
v -68.3114 4.61783 -24.7407 
v -68.4202 4.50784 -24.7979 
v -68.4773 4.44546 -24.7449 
v -68.2917 4.64023 -24.6369 
v -68.4237 4.3052 -24.7306 
v -68.1348 3.78288 -24.6483 
v -68.0732 3.48002 -24.5682 
v -68.2977 4.10158 -24.7126 
v -67.8534 3.35161 -24.6573 
v -68.0598 3.40429 -24.6454 
v -67.8534 3.35161 -24.6573 
v -67.7212 2.2106 -24.5988 
v -67.7051 2.45136 -24.6763 
v -67.5014 3.37493 -24.2089 
v -67.5425 3.54742 -23.8198 
v -67.6671 3.67477 -23.8202 
v -67.532 3.62308 -23.767 
v -67.4618 3.4043 -23.7806 
v -67.6027 3.49207 -24.2531 
v -67.7379 3.6318 -24.263 
v -67.5877 3.58762 -24.2193 
v -67.8656 3.40889 -24.6246 
v -67.7598 3.60816 -24.2974 
v -68.1722 1.52827 -24.396 
v -68.2149 1.76955 -24.4927 
v -68.1831 4.0815 -24.7716 
v -68.0579 3.87017 -24.7296 
v -67.9699 3.68175 -24.6858 
v -68.2667 4.2042 -24.7947 
v -68.3574 4.35684 -24.8102 
v -68.1638 4.29125 -24.7969 
v -68.2667 4.2042 -24.7947 
v -68.323 3.2086 -22.7997 
v -68.4745 3.1331 -22.7965 
v -68.5056 3.21427 -22.7202 
v -68.0958 4.52046 -23.6423 
v -67.9435 4.64 -23.778 
v -68.0597 4.61069 -23.7451 
v -68.2372 4.88916 -24.3231 
v -68.2942 4.81133 -24.2977 
v -67.8497 4.69932 -23.7247 
v -67.9435 4.64 -23.778 
v -67.8513 4.44243 -23.7902 
v -67.8971 4.25162 -23.766 
v -68.1583 4.93508 -24.3164 
v -68.2372 4.88916 -24.3231 
v -67.949 3.64232 -23.6003 
v -67.7628 4.52752 -23.7288 
v -67.8513 4.44243 -23.7902 
v -67.6886 4.32962 -23.7311 
v -67.7945 4.28471 -23.7937 
v -67.7391 4.06188 -23.7995 
v -67.7945 4.28471 -23.7937 
v -68.0644 4.82692 -24.3244 
v -68.1535 4.7443 -24.3543 
v -67.9568 4.42211 -24.3338 
v -68.0856 4.41964 -24.2923 
v -68.0401 4.57618 -24.3483 
v -67.623 4.10066 -23.7342 
v -67.7391 4.06188 -23.7995 
v -68.1535 4.7443 -24.3543 
v -68.2297 4.6548 -24.2994 
v -67.9468 4.66744 -24.3086 
v -68.0401 4.57618 -24.3483 
v -67.5768 3.88451 -23.7423 
v -67.7049 3.89695 -23.8057 
v -67.7787 4.50717 -24.1574 
v -67.8369 4.47361 -24.2879 
v -67.9568 4.42211 -24.3338 
v -67.8558 4.1411 -24.3098 
v -67.956 4.02612 -24.2541 
v -67.7284 4.19198 -24.265 
v -67.8558 4.1411 -24.3098 
v -68.1915 4.51614 -24.7321 
v -67.6531 3.9088 -24.2398 
v -67.798 3.9198 -24.288 
v -67.798 3.9198 -24.288 
v -68.08 4.38131 -24.709 
v -67.9538 3.67852 -24.2095 
v -67.9644 4.22276 -24.673 
v -68.0567 4.14166 -24.7662 
v -67.7379 3.6318 -24.263 
v -67.8505 4.06138 -24.4783 
v -68.1831 4.0815 -24.7716 
v -67.8379 4.01841 -24.6225 
v -67.9312 3.94023 -24.7226 
v -67.7598 3.60816 -24.2974 
v -68.0261 1.25237 -24.3267 
v -67.8235 3.70134 -24.6662 
v -68.0579 3.87017 -24.7296 
v -67.7031 1.49973 -24.4893 
v -67.7229 1.27165 -24.4614 
v -67.9539 1.49443 -24.5394 
v -67.6351 3.48697 -24.4996 
v -67.9699 3.68175 -24.6858 
v -67.5366 3.33247 -24.3236 
v -67.9243 1.27073 -24.4925 
v -67.9539 1.49443 -24.5394 
v -67.7179 1.79507 -24.5175 
v -67.9776 1.75165 -24.5887 
v -68.246 2.05939 -24.5717 
v -67.9776 1.75165 -24.5887 
v -68.0021 2.05696 -24.6593 
v -68.2389 2.43459 -24.6405 
v -67.8656 3.40889 -24.6246 
v -67.4945 2.98106 -24.4195 
v -68.0021 2.05696 -24.6593 
v -68.025 2.39323 -24.7471 
v -68.1932 2.79965 -24.7014 
v -68.3593 3.97089 -25.2749 
v -68.3952 3.93108 -25.221 
v -68.025 2.39323 -24.7471 
v -67.8156 2.4189 -24.7285 
v -68.1507 3.07742 -24.7742 
v -68.0161 2.7356 -24.8169 
v -68.2992 4.00592 -25.3063 
v -68.3593 3.97089 -25.2749 
v -68.2826 4.07506 -25.2564 
v -68.1558 3.40921 -25.0083 
v -68.0384 3.31696 -25.0349 
v -68.0106 3.17127 -24.9564 
v -68.0161 2.7356 -24.8169 
v -67.8348 2.72883 -24.8073 
v -68.0052 2.99768 -24.8835 
v -67.704 2.76324 -24.7376 
v -67.8455 2.98631 -24.8709 
v -68.0052 2.99768 -24.8835 
v -68.348 3.81998 -25.1883 
v -67.7278 3.02216 -24.7893 
v -67.8668 3.16985 -24.9362 
v -68.0106 3.17127 -24.9564 
v -68.2391 3.63642 -25.1246 
v -68.2127 3.92292 -25.3003 
v -68.2929 3.85567 -25.2733 
v -68.0384 3.31696 -25.0349 
v -67.905 3.32274 -25.0105 
v -67.7678 3.21132 -24.8456 
v -68.1609 4.0106 -25.2398 
v -68.1006 3.78588 -25.2427 
v -68.1957 3.71123 -25.2248 
v -68.1354 3.5965 -25.1707 
v -68.0756 3.433 -25.0926 
v -67.9551 3.47263 -25.085 
v -68.0756 3.433 -25.0926 
v -68.034 3.87259 -25.1698 
v -68.0184 3.63892 -25.1663 
v -68.1354 3.5965 -25.1707 
v -68.1957 3.71123 -25.2248 
v -67.7324 3.27905 -24.609 
v -67.6377 3.17467 -24.5728 
v -67.8918 3.67742 -23.7724 
v -67.6671 3.67477 -23.8202 
v -67.5919 2.96216 -23.436 
v -68.3965 2.73141 -23.1494 
v -68.354 2.92152 -23.0682 
v -68.2732 2.86697 -23.1766 
v -68.4202 4.50784 -24.7979 
v -68.3346 4.5419 -24.8162 
v -67.9116 3.71146 -23.8878 
v -68.3241 2.74207 -23.3536 
v -68.3662 3.28086 -22.3959 
v -68.4262 3.21335 -22.3839 
v -68.3446 3.18375 -22.3532 
v -68.2458 3.25641 -22.408 
v -68.2969 3.31524 -22.449 
v -68.4412 3.30147 -22.482 
v -68.4885 3.23597 -22.4531 
v -68.3658 3.33973 -22.5117 
v -68.0089 2.84685 -23.2187 
v -68.1647 2.86749 -23.28 
v -68.0089 2.84685 -23.2187 
v -67.8809 2.90613 -23.2922 
v -68.0359 2.96553 -23.3859 
v -68.1222 2.87955 -23.1531 
v -68.0031 2.78913 -23.0928 
v -68.1222 2.87955 -23.1531 
v -67.9354 4.83941 -23.6202 
v -68.0476 4.82228 -23.6365 
v -68.0345 4.78226 -23.5244 
v -67.9443 4.81735 -23.5267 
v -67.931 4.80897 -23.7117 
v -68.0149 4.77692 -23.7392 
v -68.0476 4.82228 -23.6365 
v -68.1215 4.71237 -23.6492 
v -68.0149 4.77692 -23.7392 
v -68.0896 4.71264 -23.7364 
v -68.4229 4.60144 -24.7061 
v -68.3114 4.61783 -24.7407 
v -68.2917 4.64023 -24.6369 
v -68.3738 4.61202 -24.5907 
v -67.9908 3.63611 -24.2889 
v -68.116 3.56885 -24.4144 
v -68.0732 3.48002 -24.5682 
v -68.2392 4.02323 -25.0439 
v -67.8534 3.35161 -24.6573 
v -67.7501 3.26778 -24.7145 
v -68.0598 3.40429 -24.6454 
v -67.8534 3.35161 -24.6573 
v -68.3678 4.02116 -25.0988 
v -68.1402 3.34118 -24.5891 
v -68.198 2.94407 -23.6452 
v -67.5453 3.54702 -23.8761 
v -67.6671 3.67477 -23.8202 
v -67.532 3.62308 -23.767 
v -67.7355 3.23791 -24.651 
v -68.0811 2.89306 -23.0261 
v -68.2043 2.95844 -23.0737 
v -68.2043 2.95844 -23.0737 
v -68.3515 3.30417 -22.6362 
v -68.4814 3.2592 -22.6096 
v -68.3658 3.33973 -22.5117 
v -68.2969 3.31524 -22.449 
v -68.2406 3.28101 -22.5707 
v -68.3515 3.30417 -22.6362 
v -68.323 3.2086 -22.7997 
v -68.4745 3.1331 -22.7965 
v -68.5056 3.21427 -22.7202 
v -68.2458 3.25641 -22.408 
v -68.2016 3.19494 -22.726 
v -68.323 3.2086 -22.7997 
v -68.1695 3.09715 -22.8601 
v -67.8237 4.73171 -23.6085 
v -68.1583 4.93508 -24.3164 
v -68.2372 4.88916 -24.3231 
v -68.262 4.95554 -24.2148 
v -68.156 4.98505 -24.2227 
v -68.1559 3.33962 -24.6975 
v -67.6784 3.68873 -23.8718 
v -68.1534 4.97811 -24.1149 
v -68.2305 4.93909 -24.0896 
v -68.0582 4.87812 -24.0763 
v -68.0282 4.88425 -24.2089 
v -68.0845 2.51478 -22.9221 
v -67.7787 4.50717 -24.1574 
v -67.7699 3.08309 -23.3621 
v -68.2769 4.50878 -24.5179 
v -68.1937 4.54899 -24.6007 
v -68.1915 4.51614 -24.7321 
v -67.4543 3.35509 -23.6168 
v -68.0842 4.41713 -24.5696 
v -68.1644 4.37481 -24.4745 
v -67.9538 3.67852 -24.2095 
v -67.7379 3.6318 -24.263 
v -67.7598 3.60816 -24.2974 
v -67.8656 3.40889 -24.6246 
v -67.4945 2.98106 -24.4195 
v -68.3593 3.97089 -25.2749 
v -68.2992 4.00592 -25.3063 
v -68.3593 3.97089 -25.2749 
v -68.3633 4.04908 -25.2163 
v -68.2826 4.07506 -25.2564 
v -68.2659 4.1106 -25.1757 
v -68.3253 4.08084 -25.1306 
v -68.1685 4.05711 -25.126 
v -68.2392 4.02323 -25.0439 
v -68.1609 4.0106 -25.2398 
v -68.0499 3.92309 -25.0439 
v -68.1297 3.89457 -24.9503 
v -67.9638 3.77174 -24.9599 
v -68.0624 3.7806 -24.8819 
v -67.9438 3.71337 -25.0834 
v -68.1406 3.0146 -22.94 
v -68.2587 3.08357 -22.9461 
v -68.4244 3.01988 -22.9262 
v -68.2587 3.08357 -22.9461 
v -67.8918 3.67742 -23.7724 
v -67.853 3.96541 -23.772 
v -68.3965 2.73141 -23.1494 
v -68.4488 2.78471 -22.9979 
v -68.354 2.92152 -23.0682 
v -68.2732 2.86697 -23.1766 
v -68.3628 4.41516 -24.5106 
v -68.286 4.85533 -24.0885 
v -68.2305 4.93909 -24.0896 
v -68.262 4.95554 -24.2148 
v -68.3176 4.84162 -24.1959 
v -67.9116 3.71146 -23.8878 
v -68.0252 3.49045 -23.8582 
v -68.0112 3.45954 -23.7449 
v -68.0034 3.71057 -24.0536 
v -68.0602 3.51208 -24.047 
v -68.1249 3.34846 -24.1569 
v -68.091 3.28441 -23.7899 
v -68.3241 2.74207 -23.3536 
v -68.4172 2.43324 -23.3427 
v -68.4064 2.55372 -23.0541 
v -68.4183 2.64989 -22.8984 
v -68.3662 3.28086 -22.3959 
v -68.4262 3.21335 -22.3839 
v -68.3446 3.18375 -22.3532 
v -68.2458 3.25641 -22.408 
v -68.4412 3.30147 -22.482 
v -68.4885 3.23597 -22.4531 
v -68.3658 3.33973 -22.5117 
v -68.0089 2.84685 -23.2187 
v -68.1647 2.86749 -23.28 
v -68.0089 2.84685 -23.2187 
v -68.0359 2.96553 -23.3859 
v -68.0476 4.82228 -23.6365 
v -68.1215 4.71237 -23.6492 
v -68.1067 4.70203 -23.5505 
v -68.0345 4.78226 -23.5244 
v -68.0149 4.77692 -23.7392 
v -68.0896 4.71264 -23.7364 
v -68.4202 4.50784 -24.7979 
v -68.4773 4.44546 -24.7449 
v -68.4804 4.49802 -24.6532 
v -68.4229 4.60144 -24.7061 
v -68.3738 4.61202 -24.5907 
v -68.4345 4.53163 -24.5645 
v -68.4237 4.3052 -24.7306 
v -68.4333 4.34023 -24.6047 
v -68.0771 3.47746 -24.2295 
v -67.9908 3.63611 -24.2889 
v -68.116 3.56885 -24.4144 
v -68.1389 3.4045 -24.3572 
v -68.1841 3.84462 -24.4867 
v -68.1348 3.78288 -24.6483 
v -68.0732 3.48002 -24.5682 
v -68.3227 4.13671 -24.5565 
v -68.2977 4.10158 -24.7126 
v -68.0458 3.93153 -24.3672 
v -68.0788 3.56304 -24.7628 
v -68.3098 3.93836 -25.0203 
v -68.1832 3.7804 -24.9023 
v -68.2392 4.02323 -25.0439 
v -68.0598 3.40429 -24.6454 
v -67.8534 3.35161 -24.6573 
v -68.3253 4.08084 -25.1306 
v -68.3678 4.02116 -25.0988 
v -68.1402 3.34118 -24.5891 
v -68.1756 3.25925 -24.5077 
v -68.1423 3.36687 -24.5075 
v -68.198 2.94407 -23.6452 
v -68.0568 3.18715 -23.5911 
v -68.0561 3.50539 -24.1566 
v -67.9986 1.68243 -23.4865 
v -67.9744 1.88538 -23.3562 
v -68.2442 1.86766 -23.4551 
v -68.4322 1.87781 -23.9172 
v -68.3316 1.65124 -24.0768 
v -68.2384 1.61316 -23.7215 
v -68.3836 1.8669 -23.6615 
v -68.416 1.85706 -24.0945 
v -68.3638 1.82347 -24.273 
v -68.1722 1.52827 -24.396 
v -68.2149 1.76955 -24.4927 
v -68.0579 3.87017 -24.7296 
v -68.4814 3.2592 -22.6096 
v -68.323 3.2086 -22.7997 
v -68.4745 3.1331 -22.7965 
v -68.5056 3.21427 -22.7202 
v -68.5303 3.15305 -22.5433 
v -68.4689 3.1012 -22.4444 
v -68.5386 3.0181 -22.6812 
v -68.0596 4.54099 -23.5158 
v -68.4844 2.95361 -22.5596 
v -68.0958 4.52046 -23.6423 
v -67.9435 4.64 -23.778 
v -68.0597 4.61069 -23.7451 
v -67.9553 4.30123 -23.4718 
v -68.2372 4.88916 -24.3231 
v -68.2942 4.81133 -24.2977 
v -68.0093 4.25501 -23.6287 
v -67.8971 4.25162 -23.766 
v -68.1559 3.33962 -24.6975 
v -67.9534 3.945 -23.6158 
v -67.949 3.64232 -23.6003 
v -67.877 3.95209 -23.4506 
v -67.7744 4.05515 -23.4048 
v -67.9883 3.40266 -23.5793 
v -67.8671 3.62249 -23.4537 
v -67.9568 4.42211 -24.3338 
v -68.0856 4.41964 -24.2923 
v -67.8792 3.36619 -23.4372 
v -68.2297 4.6548 -24.2994 
v -68.2683 4.65001 -24.1648 
v -68.2188 4.70757 -24.0393 
v -68.0845 2.51478 -22.9221 
v -67.9316 4.07199 -23.9319 
v -67.9304 3.14366 -23.4163 
v -68.0759 4.47134 -23.985 
v -67.956 4.02612 -24.2541 
v -68.149 4.39511 -24.1302 
v -68.265 2.4761 -22.9379 
v -68.2822 2.28832 -23.1324 
v -67.7699 3.08309 -23.3621 
v -68.0338 4.03507 -24.0881 
v -68.2845 2.03101 -23.3315 
v -67.4543 3.35509 -23.6168 
v -68.4415 2.1101 -23.5401 
v -67.9538 3.67852 -24.2095 
v -67.9431 1.3363 -23.5532 
v -68.0494 1.28438 -23.7188 
v -68.3983 2.52141 -23.7187 
v -68.4697 2.15231 -23.8216 
v -68.0998 1.27002 -24.0174 
v -68.3758 2.53694 -24.0695 
v -68.4419 2.14136 -24.0894 
v -67.7598 3.60816 -24.2974 
v -68.0261 1.25237 -24.3267 
v -68.35 2.50162 -24.3909 
v -68.3884 2.10476 -24.3516 
v -67.9539 1.49443 -24.5394 
v -67.9243 1.27073 -24.4925 
v -68.246 2.05939 -24.5717 
v -68.2394 2.94882 -24.0729 
v -68.2595 2.89871 -24.4321 
v -68.2389 2.43459 -24.6405 
v -68.025 2.39323 -24.7471 
v -68.1932 2.79965 -24.7014 
v -68.3633 4.04908 -25.2163 
v -68.3593 3.97089 -25.2749 
v -68.3952 3.93108 -25.221 
v -68.3986 3.9799 -25.1596 
v -68.1507 3.07742 -24.7742 
v -68.2992 4.00592 -25.3063 
v -68.3593 3.97089 -25.2749 
v -68.3633 4.04908 -25.2163 
v -68.1379 3.23751 -24.8801 
v -68.1558 3.40921 -25.0083 
v -68.0384 3.31696 -25.0349 
v -68.0106 3.17127 -24.9564 
v -68.0052 2.99768 -24.8835 
v -68.2659 4.1106 -25.1757 
v -68.348 3.81998 -25.1883 
v -68.3605 3.86126 -25.0853 
v -68.1889 3.49402 -24.8553 
v -68.2391 3.63642 -25.1246 
v -68.2683 3.68904 -24.9841 
v -68.2392 4.02323 -25.0439 
v -68.2929 3.85567 -25.2733 
v -68.1957 3.71123 -25.2248 
v -68.4698 2.83106 -22.6792 
v -68.45 2.75053 -22.7682 
v -68.5042 2.872 -22.8171 
v -68.4244 3.01988 -22.9262 

vn -0.204724 0.0314961 -0.976378 
vn -0.204724 0.0314961 -0.976378 
vn 0.637795 0.0472441 0.771654 
vn 0.433071 0.0866142 0.897638 
vn 0.377953 0.354331 0.850394 
vn 0.574803 0.19685 0.795276 
vn -0.913386 0.267717 -0.314961 
vn -0.133858 -0.0393701 -0.992126 
vn -0.11811 0.212598 0.968504 
vn -0.181102 0.283465 0.944882 
vn -0.133858 0.204724 0.968504 
vn -0.102362 0.220472 0.968504 
vn -0.834646 0.496063 0.23622 
vn -0.80315 0.535433 0.267717 
vn -0.850394 0.417323 0.314961 
vn -0.795276 -0.535433 0.283465 
vn -0.165354 0.653543 0.740157 
vn -0.385827 0.503937 0.771654 
vn -0.102362 0.377953 0.92126 
vn 0.0944882 0.511811 0.858268 
vn 0.204724 0.637795 0.740157 
vn -0.393701 0.748031 0.535433 
vn -0.472441 0.622047 0.629921 
vn 0.251969 0.488189 0.834646 
vn 0.661417 0.346457 0.669291 
vn 0.251969 0.488189 0.834646 
vn 0.377953 0.354331 0.850394 
vn -0.0866142 0.80315 0.582677 
vn -0.267717 0.92126 0.267717 
vn -0.354331 0.92126 0.181102 
vn -0.795276 0.559055 0.23622 
vn -0.267717 0.92126 0.267717 
vn -0.259843 0.968504 -0.0551181 
vn -0.307087 0.952756 0.0393701 
vn -0.307087 0.952756 0.0393701 
vn -0.76378 0.629921 0.15748 
vn -0.874016 -0.299213 0.385827 
vn -0.716535 0.551181 0.425197 
vn -0.944882 -0.283465 -0.181102 
vn -0.88189 -0.472441 -0.015748 
vn -0.0708661 0.212598 0.976378 
vn -0.0787402 0.212598 0.976378 
vn -0.0787402 0.220472 0.968504 
vn -0.023622 0.433071 0.897638 
vn -0.0472441 0.464567 0.88189 
vn 0.023622 0.511811 0.858268 
vn -0.275591 0.472441 0.84252 
vn -0.181102 0.448819 0.874016 
vn -0.204724 0.448819 0.866142 
vn -0.291339 0.496063 0.818898 
vn -0.133858 0.472441 0.874016 
vn 0.677165 0.543307 0.488189 
vn 0.125984 0.543307 0.826772 
vn 0.677165 0.543307 0.488189 
vn -0.322835 0.614173 0.724409 
vn -0.330709 0.574803 0.748031 
vn 0.787402 0.535433 0.291339 
vn 0.779528 0.362205 0.511811 
vn 0.527559 0.472441 0.708661 
vn -0.204724 0.0314961 -0.976378 
vn 0.96063 0.275591 -0.0393701 
vn 0.606299 0.614173 0.503937 
vn 0.84252 0.480315 0.251969 
vn 0.858268 -0.244094 0.448819 
vn -0.188976 -0.440945 0.88189 
vn 0.377953 -0.401575 0.834646 
vn 0.0866142 -0.574803 0.818898 
vn -0.543307 -0.590551 0.598425 
vn -0.275591 -0.661417 0.700787 
vn -0.0551181 0.19685 0.976378 
vn 0.204724 0.637795 0.740157 
vn -0.850394 -0.149606 0.503937 
vn -0.519685 0.0314961 0.850394 
vn -0.181102 0.165354 0.968504 
vn 0.0944882 0.511811 0.858268 
vn 0.629921 -0.314961 0.708661 
vn -0.913386 -0.23622 0.338583 
vn -0.401575 -0.346457 0.850394 
vn -0.448819 -0.0314961 0.897638 
vn -0.448819 -0.0393701 0.889764 
vn -0.181102 0.165354 0.968504 
vn -0.00787402 0.346457 0.937008 
vn -0.834646 0.417323 -0.370079 
vn 0.897638 -0.173228 0.409449 
vn -0.330709 -0.559055 0.755906 
vn -0.448819 -0.0393701 0.889764 
vn 0.204724 0.228346 0.952756 
vn 0.913386 -0.15748 0.377953 
vn -0.677165 0.724409 0.0866142 
vn -0.905512 -0.15748 0.401575 
vn 0.527559 0.472441 0.708661 
vn 0.307087 0.181102 0.937008 
vn 0.307087 0.173228 0.937008 
vn -0.385827 -0.0314961 0.92126 
vn 0.307087 0.181102 0.937008 
vn -0.338583 0.929134 0.15748 
vn -0.80315 0.535433 0.267717 
vn 0.425197 -0.598425 0.677165 
vn -0.850394 0.0629921 0.519685 
vn -0.385827 -0.0314961 0.92126 
vn 0.346457 0.102362 0.929134 
vn 0.244094 0.472441 0.84252 
vn 0.125984 0.527559 0.84252 
vn -0.503937 0.133858 0.850394 
vn -0.267717 0.015748 0.96063 
vn -0.314961 -0.023622 0.952756 
vn -0.314961 -0.023622 0.952756 
vn 0.370079 0.0393701 0.929134 
vn 0.322835 0.401575 0.858268 
vn 0.330709 0.409449 0.850394 
vn -0.826772 -0.307087 0.464567 
vn 0.661417 -0.149606 0.740157 
vn 0.409449 -0.433071 0.80315 
vn 0.173228 -0.543307 0.826772 
vn -0.220472 0.023622 0.976378 
vn -0.141732 0.0787402 0.984252 
vn -0.23622 0.023622 0.968504 
vn -0.472441 0.338583 0.811024 
vn -0.267717 0.015748 0.96063 
vn -0.267717 0.015748 0.96063 
vn 0.330709 0.409449 0.850394 
vn -0.23622 0.110236 0.968504 
vn -0.267717 0.015748 0.96063 
vn 0.661417 0.0551181 0.748031 
vn 0.393701 0.338583 0.858268 
vn -0.267717 0.015748 0.96063 
vn 0.795276 0.401575 -0.456693 
vn -0.322835 -0.645669 0.692913 
vn -0.590551 -0.543307 0.598425 
vn 0.433071 0.0866142 0.897638 
vn -0.23622 0.110236 0.968504 
vn 0.629921 0.023622 0.771654 
vn 0.244094 0.472441 0.84252 
vn -0.23622 0.023622 0.968504 
vn 0.440945 0.244094 0.866142 
vn -0.181102 0.283465 0.944882 
vn 0.275591 0.669291 0.692913 
vn -0.0866142 -0.574803 0.818898 
vn 0.385827 -0.433071 0.811024 
vn 0.724409 -0.023622 0.692913 
vn -0.629921 -0.480315 0.606299 
vn 0.944882 0.0866142 0.307087 
vn -0.141732 0.0787402 0.984252 
vn 0.456693 0.204724 0.866142 
vn 0.480315 0.559055 0.669291 
vn -0.11811 0.212598 0.968504 
vn 0.637795 -0.259843 0.724409 
vn -0.929134 0.133858 -0.354331 
vn -0.0787402 0.212598 0.976378 
vn 0.535433 0.527559 0.661417 
vn 0.448819 -0.212598 0.866142 
vn 0.685039 -0.212598 0.692913 
vn 0.110236 -0.125984 0.984252 
vn 0.0708661 -0.0866142 0.992126 
vn -0.795276 -0.456693 0.393701 
vn -0.0708661 0.212598 0.976378 
vn 0.566929 0.472441 0.677165 
vn 0.606299 0.614173 0.503937 
vn -0.0551181 0.19685 0.976378 
vn 0.818898 0.417323 0.385827 
vn 0.889764 0.338583 -0.299213 
vn -0.291339 0.496063 0.818898 
vn 0.433071 0.685039 0.590551 
vn -0.0944882 -0.653543 0.755906 
vn 0.582677 -0.322835 0.748031 
vn -0.283465 -0.724409 0.629921 
vn 0.409449 -0.559055 0.724409 
vn -0.795276 -0.535433 0.283465 
vn -0.102362 0.377953 0.92126 
vn -0.716535 0.551181 0.425197 
vn -0.826772 0.409449 0.377953 
vn -0.188976 -0.440945 0.88189 
vn 0.0866142 -0.574803 0.818898 
vn -0.543307 -0.590551 0.598425 
vn -0.275591 -0.661417 0.700787 
vn -0.771654 -0.503937 0.401575 
vn -0.850394 -0.149606 0.503937 
vn -0.913386 -0.23622 0.338583 
vn -0.952756 -0.212598 -0.19685 
vn -0.23622 0.0866142 -0.968504 
vn -0.275591 0 -0.96063 
vn 0.897638 -0.173228 0.409449 
vn -0.330709 -0.559055 0.755906 
vn 0.913386 -0.15748 0.377953 
vn -0.677165 0.724409 0.0866142 
vn 0.425197 -0.598425 0.677165 
vn 0.409449 -0.433071 0.80315 
vn 0.173228 -0.543307 0.826772 
vn -0.322835 -0.645669 0.692913 
vn -0.590551 -0.543307 0.598425 
vn -0.629921 -0.480315 0.606299 
vn -0.937008 -0.19685 0.275591 
vn -0.929134 0.133858 -0.354331 
vn 0.0708661 -0.0866142 0.992126 
vn 0.850394 -0.433071 0.283465 
vn 0.874016 -0.488189 0.0393701 
vn 0.905512 -0.354331 -0.228346 
vn 0.96063 -0.11811 -0.267717 
vn -0.283465 -0.708661 0.645669 
vn -0.0944882 -0.653543 0.755906 
vn -0.299213 -0.740157 0.606299 
vn -0.283465 -0.724409 0.629921 
vn -0.850394 -0.496063 -0.173228 
vn -0.818898 -0.220472 -0.527559 
vn 0.110236 -0.125984 0.984252 
vn -0.795276 -0.456693 0.393701 
vn -0.858268 -0.511811 0 
vn 0.330709 0.0393701 -0.944882 
vn 0.464567 0.0472441 -0.889764 
vn 0.76378 0.220472 -0.606299 
vn 0.637795 0.0472441 0.771654 
vn 0.433071 0.0866142 0.897638 
vn 0.574803 0.19685 0.795276 
vn -0.133858 -0.0393701 -0.992126 
vn -0.165354 -0.110236 -0.976378 
vn -0.795276 -0.535433 0.283465 
vn -0.102362 0.377953 0.92126 
vn 0.251969 0.488189 0.834646 
vn 0.661417 0.346457 0.669291 
vn 0.251969 0.488189 0.834646 
vn 0.440945 0.818898 0.354331 
vn 0.755906 0.598425 0.251969 
vn -0.251969 0.92126 0.283465 
vn -0.267717 0.92126 0.267717 
vn -0.354331 0.92126 0.181102 
vn -0.149606 0.905512 -0.393701 
vn -0.188976 0.874016 -0.448819 
vn -0.259843 0.866142 -0.425197 
vn -0.259843 0.968504 -0.0551181 
vn -0.307087 0.952756 0.0393701 
vn 0.661417 0.559055 0.496063 
vn -0.023622 0.433071 0.897638 
vn 0.677165 0.543307 0.488189 
vn 0.874016 0.488189 0 
vn 0.677165 0.543307 0.488189 
vn 0.811024 -0.165354 -0.566929 
vn 0.574803 -0.228346 -0.787402 
vn 0.629921 -0.220472 -0.740157 
vn 0.992126 -0.0314961 0.11811 
vn 0.992126 -0.110236 -0.0393701 
vn 1 -0.023622 -0.0629921 
vn 0.952756 -0.0551181 -0.307087 
vn 0.905512 -0.133858 -0.393701 
vn 0.905512 -0.0787402 -0.425197 
vn 0.897638 -0.0393701 0.440945 
vn 0.944882 -0.0944882 0.322835 
vn 0.968504 -0.0472441 0.23622 
vn 0.968504 -0.0393701 -0.228346 
vn 0.944882 0.149606 -0.299213 
vn 0.850394 0.307087 -0.425197 
vn 0.952756 0.259843 -0.141732 
vn 0.984252 0.141732 -0.0944882 
vn 0.787402 0.535433 0.291339 
vn 0.937008 0.338583 0.0787402 
vn 0.779528 0.362205 0.511811 
vn 0.527559 0.472441 0.708661 
vn 0.685039 0.354331 -0.637795 
vn -0.204724 0.0314961 -0.976378 
vn 0.755906 0.307087 -0.582677 
vn 0.96063 0.275591 -0.0393701 
vn 0.606299 0.393701 -0.692913 
vn 0.622047 0.204724 -0.755906 
vn 0.787402 0.535433 -0.299213 
vn 0.874016 0.212598 -0.440945 
vn 0.606299 0.614173 0.503937 
vn 0.606299 0.614173 0.503937 
vn 0.84252 0.480315 0.251969 
vn 0.992126 -0.102362 -0.015748 
vn 0.92126 -0.133858 0.370079 
vn 0.858268 -0.244094 0.448819 
vn 0.952756 -0.291339 0.0472441 
vn 0.771654 0.622047 -0.165354 
vn 0.0472441 0.811024 0.590551 
vn 0.354331 0.92126 -0.165354 
vn -0.307087 0.582677 -0.748031 
vn 0.204724 0.637795 0.740157 
vn 0.771654 0.629921 0.11811 
vn 0.370079 0.834646 -0.401575 
vn -0.307087 0.582677 -0.748031 
vn 0.0944882 0.511811 0.858268 
vn 0.629921 -0.314961 0.708661 
vn 0.905512 0.425197 -0.023622 
vn -0.00787402 0.346457 0.937008 
vn 0.913386 0.188976 0.362205 
vn 0.818898 0.0629921 0.566929 
vn 0.897638 -0.173228 0.409449 
vn 0.92126 0.385827 -0.0551181 
vn 0.92126 0.393701 -0.0629921 
vn 0.244094 0.346457 -0.905512 
vn 0.811024 0.590551 0.0393701 
vn 0.204724 0.228346 0.952756 
vn -0.338583 0.787402 -0.503937 
vn -0.834646 0.417323 -0.370079 
vn -0.275591 0.937008 -0.19685 
vn 0.913386 -0.15748 0.377953 
vn 0.385827 0.228346 -0.889764 
vn 0.80315 0.440945 0.401575 
vn 0.307087 0.173228 0.937008 
vn -0.338583 0.929134 0.15748 
vn 0.440945 0.181102 -0.88189 
vn 0.84252 0.330709 0.417323 
vn -0.385827 -0.0314961 0.92126 
vn 0.346457 0.102362 0.929134 
vn 0.125984 0.527559 0.84252 
vn 0.732283 0.661417 -0.165354 
vn 0.637795 0.590551 -0.496063 
vn 0.370079 0.0393701 0.929134 
vn 0.456693 0.133858 -0.88189 
vn 0.874016 0.220472 0.433071 
vn 0.322835 0.401575 0.858268 
vn 0.732283 0.488189 -0.472441 
vn 0.732283 0.488189 -0.472441 
vn 0.661417 -0.149606 0.740157 
vn 0.409449 -0.433071 0.80315 
vn 0.661417 0.0551181 0.748031 
vn 0.448819 0.125984 -0.88189 
vn 0.984252 0.181102 0.0708661 
vn 0.393701 0.338583 0.858268 
vn 0.795276 0.401575 -0.456693 
vn 0.795276 0.401575 -0.456693 
vn 0.629921 0.023622 0.771654 
vn 0.976378 0.165354 0.125984 
vn 0.440945 0.244094 0.866142 
vn 0.826772 0.291339 -0.472441 
vn 0.834646 0.291339 -0.464567 
vn 0.275591 0.669291 0.692913 
vn 0.724409 -0.023622 0.692913 
vn 0.669291 0.551181 -0.503937 
vn 0.944882 0.0866142 0.307087 
vn 0.456693 0.204724 0.866142 
vn 0.850394 0.19685 -0.488189 
vn 0.96063 0.228346 -0.141732 
vn 0.480315 0.559055 0.669291 
vn 0.637795 -0.259843 0.724409 
vn -0.937008 -0.19685 0.275591 
vn 0.551181 0.291339 -0.779528 
vn 0.889764 0 0.456693 
vn 0.952756 0.259843 -0.165354 
vn 0.535433 0.527559 0.661417 
vn 0.448819 -0.212598 0.866142 
vn 0.685039 -0.212598 0.692913 
vn 0.818898 -0.125984 0.559055 
vn 0.811024 -0.0393701 0.582677 
vn 0.0708661 -0.0866142 0.992126 
vn 0.566929 0.244094 -0.787402 
vn 0.976378 0.0866142 0.188976 
vn 0.566929 0.472441 0.677165 
vn 0.850394 -0.433071 0.283465 
vn 0.874016 -0.488189 0.0393701 
vn 0.629921 0.204724 -0.748031 
vn 0.645669 0.165354 -0.740157 
vn 0.984252 0.141732 0.0866142 
vn 0.818898 0.417323 0.385827 
vn 0.905512 -0.354331 -0.228346 
vn 0.913386 -0.244094 -0.338583 
vn 0.874016 0.251969 -0.409449 
vn 0.692913 0.102362 -0.716535 
vn 0.866142 -0.267717 -0.425197 
vn 0.96063 -0.11811 -0.267717 
vn 0.905512 -0.0866142 -0.417323 
vn 0.866142 0.220472 -0.456693 
vn 0.889764 0.338583 -0.299213 
vn 0.80315 -0.0393701 -0.598425 
vn 0.929134 0.125984 -0.346457 
vn 0.850394 0.188976 -0.496063 
vn 0.874016 0.0708661 -0.472441 
vn -0.755906 0.370079 -0.543307 
vn 0.850394 0.0472441 -0.527559 
vn 0.858268 -0.110236 -0.503937 
vn 0.834646 -0.015748 -0.543307 
vn 0.669291 -0.125984 -0.732283 
vn 0.338583 -0.220472 -0.913386 
vn -0.645669 -0.212598 -0.732283 
vn 0.755906 -0.023622 -0.653543 
vn 0.102362 -0.377953 -0.92126 
vn 0.165354 -0.409449 -0.897638 
vn 0.850394 0.0708661 -0.519685 
vn 0.23622 0.787402 0.574803 
vn -0.291339 0.496063 0.818898 
vn 0.614173 0.519685 -0.590551 
vn 0.0314961 -0.322835 -0.944882 
vn 0.181102 -0.385827 -0.905512 
vn 0.732283 -0.110236 -0.669291 
vn 0.433071 0.685039 0.590551 
vn 0.614173 0.173228 -0.771654 
vn 0.165354 -0.370079 -0.913386 
vn 0.755906 -0.0472441 -0.653543 
vn 0.622047 0.543307 0.559055 
vn -0.0472441 0.464567 0.88189 
vn 0.527559 0.598425 0.606299 
vn -0.133858 0.472441 0.874016 
vn 0.740157 0 -0.669291 
vn 0.440945 0.700787 -0.566929 
vn -0.0944882 -0.653543 0.755906 
vn 0.582677 -0.322835 0.748031 
vn 0.409449 -0.559055 0.724409 
vn 0.905512 -0.0944882 0.417323 
vn 0.330709 0.0393701 -0.944882 
vn 0.464567 0.0472441 -0.889764 
vn 0.76378 0.220472 -0.606299 
vn -0.204724 0.0314961 -0.976378 
vn -0.212598 0.0314961 -0.976378 
vn -0.204724 0.0314961 -0.976378 
vn -0.204724 0.0314961 -0.976378 
vn -0.0472441 -0.0629921 -1 
vn -0.0944882 0.0393701 -0.992126 
vn -0.133858 -0.0393701 -0.992126 
vn -0.165354 -0.110236 -0.976378 
vn 0.251969 0.488189 0.834646 
vn -0.149606 0.905512 -0.393701 
vn -0.188976 0.874016 -0.448819 
vn -0.267717 0.92126 0.267717 
vn -0.188976 0.874016 -0.448819 
vn -0.637795 0.732283 -0.228346 
vn -0.259843 0.866142 -0.425197 
vn -0.133858 -0.0393701 -0.992126 
vn -0.818898 0.488189 -0.307087 
vn -0.259843 0.968504 -0.0551181 
vn -0.905512 -0.433071 0.0314961 
vn -0.92126 -0.354331 -0.133858 
vn -0.96063 -0.228346 -0.133858 
vn -0.874016 -0.488189 -0.0393701 
vn 0.677165 0.543307 0.488189 
vn 0.125984 0.543307 0.826772 
vn 0.677165 0.543307 0.488189 
vn 0.574803 -0.228346 -0.787402 
vn 0.629921 -0.220472 -0.740157 
vn 0.850394 0.307087 -0.425197 
vn 0.685039 0.354331 -0.637795 
vn -0.204724 0.0314961 -0.976378 
vn 0.755906 0.307087 -0.582677 
vn 0.96063 0.275591 -0.0393701 
vn 0.606299 0.393701 -0.692913 
vn 0.299213 0.0472441 -0.952756 
vn 0.622047 0.204724 -0.755906 
vn 0.149606 -0.110236 -0.984252 
vn 0.606299 0.614173 0.503937 
vn -0.84252 -0.456693 -0.283465 
vn -0.818898 -0.330709 -0.472441 
vn -0.472441 -0.440945 -0.76378 
vn -0.433071 -0.393701 -0.811024 
vn -0.425197 -0.385827 -0.818898 
vn -0.535433 -0.425197 -0.732283 
vn -0.0944882 0.0393701 -0.992126 
vn 0.0393701 -0.0944882 -0.992126 
vn -0.535433 -0.425197 -0.732283 
vn -0.307087 0.582677 -0.748031 
vn -0.307087 0.582677 -0.748031 
vn -0.307087 0.582677 -0.748031 
vn -0.952756 -0.212598 -0.19685 
vn -0.23622 0.0866142 -0.968504 
vn -0.275591 0 -0.96063 
vn -0.834646 0.417323 -0.370079 
vn -0.811024 0.488189 -0.330709 
vn 0.244094 0.346457 -0.905512 
vn -0.23622 0.0866142 -0.968504 
vn -0.259843 -0.0629921 -0.96063 
vn -0.511811 -0.110236 -0.850394 
vn -0.338583 0.787402 -0.503937 
vn -0.834646 0.417323 -0.370079 
vn -0.976378 0.141732 0.173228 
vn 0.385827 0.228346 -0.889764 
vn -0.259843 -0.0629921 -0.96063 
vn 0.440945 0.181102 -0.88189 
vn 0.440945 0.181102 -0.88189 
vn -0.228346 -0.015748 -0.976378 
vn 0.440945 0.181102 -0.88189 
vn 0.637795 0.590551 -0.496063 
vn 0.0866142 0.259843 -0.96063 
vn -0.291339 -0.244094 -0.92126 
vn -0.307087 -0.220472 -0.929134 
vn -0.322835 -0.244094 -0.913386 
vn 0.456693 0.133858 -0.88189 
vn -0.228346 -0.015748 -0.976378 
vn 0.0866142 0.259843 -0.96063 
vn -0.377953 -0.220472 -0.897638 
vn 0.732283 0.488189 -0.472441 
vn -0.322835 -0.244094 -0.913386 
vn 0.448819 0.125984 -0.88189 
vn -0.204724 0.0314961 -0.976378 
vn 0.795276 0.401575 -0.456693 
vn 0.795276 0.401575 -0.456693 
vn -0.291339 -0.244094 -0.92126 
vn -0.299213 -0.188976 -0.937008 
vn -0.299213 -0.188976 -0.937008 
vn 0.834646 0.291339 -0.464567 
vn -0.299213 -0.188976 -0.937008 
vn 0.669291 0.551181 -0.503937 
vn 0.850394 0.19685 -0.488189 
vn 0.322835 0 -0.944882 
vn 0.322835 0 -0.944882 
vn 0.551181 0.291339 -0.779528 
vn -0.929134 0.133858 -0.354331 
vn 0.566929 0.244094 -0.787402 
vn 0.566929 0.251969 -0.779528 
vn 0.299213 0.0472441 -0.952756 
vn 0.566929 0.472441 0.677165 
vn -0.472441 -0.440945 -0.76378 
vn 0.629921 0.204724 -0.748031 
vn 0.645669 0.165354 -0.740157 
vn 0.606299 0.614173 0.503937 
vn -0.850394 -0.496063 -0.173228 
vn 0.692913 0.102362 -0.716535 
vn -0.433071 -0.393701 -0.811024 
vn 0.866142 -0.267717 -0.425197 
vn 0.96063 -0.11811 -0.267717 
vn -0.653543 -0.377953 -0.653543 
vn 0.866142 0.220472 -0.456693 
vn -0.425197 -0.385827 -0.818898 
vn 0.889764 0.338583 -0.299213 
vn -0.818898 -0.220472 -0.527559 
vn -0.653543 -0.377953 -0.653543 
vn 0.80315 -0.0393701 -0.598425 
vn -0.464567 -0.307087 -0.826772 
vn -0.834646 -0.228346 -0.496063 
vn -0.464567 -0.307087 -0.826772 
vn -0.346457 -0.259843 -0.897638 
vn -0.889764 -0.00787402 -0.464567 
vn 0.149606 -0.110236 -0.984252 
vn 0.874016 0.0708661 -0.472441 
vn -0.346457 -0.259843 -0.897638 
vn -0.417323 -0.188976 -0.889764 
vn -0.944882 0.102362 -0.307087 
vn -0.755906 0.370079 -0.543307 
vn -0.905512 0.259843 -0.330709 
vn -0.417323 -0.188976 -0.889764 
vn 0.275591 -0.314961 -0.905512 
vn -0.984252 0.0787402 -0.173228 
vn -0.527559 -0.102362 -0.84252 
vn -0.559055 0.519685 -0.645669 
vn -0.755906 0.370079 -0.543307 
vn -0.480315 0.732283 -0.488189 
vn -0.559055 -0.535433 -0.637795 
vn -0.582677 -0.503937 -0.637795 
vn -0.637795 -0.401575 -0.661417 
vn -0.527559 -0.102362 -0.84252 
vn 0.267717 -0.220472 -0.937008 
vn -0.645669 -0.212598 -0.732283 
vn 0.669291 -0.125984 -0.732283 
vn 0.338583 -0.220472 -0.913386 
vn -0.645669 -0.212598 -0.732283 
vn -0.897638 -0.433071 0.0629921 
vn 0.755906 -0.023622 -0.653543 
vn 0.102362 -0.377953 -0.92126 
vn -0.637795 -0.401575 -0.661417 
vn -0.905512 -0.425197 -0.015748 
vn -0.228346 -0.204724 -0.952756 
vn -0.0787402 -0.259843 -0.96063 
vn -0.582677 -0.503937 -0.637795 
vn 0.165354 -0.409449 -0.897638 
vn 0.850394 0.0708661 -0.519685 
vn 0.614173 0.519685 -0.590551 
vn 0.0314961 -0.322835 -0.944882 
vn 0.102362 -0.338583 -0.937008 
vn -0.511811 -0.527559 -0.677165 
vn -0.543307 -0.511811 -0.661417 
vn 0.181102 -0.385827 -0.905512 
vn -0.543307 -0.511811 -0.661417 
vn 0.614173 0.173228 -0.771654 
vn 0.165354 -0.370079 -0.913386 
vn -0.511811 -0.527559 -0.677165 
vn 0.102362 -0.338583 -0.937008 
vn 0.330709 0.0393701 -0.944882 
vn 0.76378 0.220472 -0.606299 
vn -0.204724 0.0314961 -0.976378 
vn -0.204724 0.0314961 -0.976378 
vn 0.637795 0.0472441 0.771654 
vn -0.913386 0.267717 -0.314961 
vn -0.732283 0.401575 -0.559055 
vn -0.622047 0.622047 -0.480315 
vn -0.133858 -0.0393701 -0.992126 
vn -0.165354 -0.110236 -0.976378 
vn -0.850394 0.417323 0.314961 
vn -0.826772 0.551181 -0.125984 
vn -0.165354 0.653543 0.740157 
vn -0.385827 0.503937 0.771654 
vn -0.102362 0.377953 0.92126 
vn 0.204724 0.637795 0.740157 
vn 0.0472441 0.811024 0.590551 
vn -0.393701 0.748031 0.535433 
vn -0.472441 0.622047 0.629921 
vn -0.19685 0.874016 0.440945 
vn 0.251969 0.488189 0.834646 
vn -0.425197 0.795276 -0.440945 
vn 0.251969 0.488189 0.834646 
vn 0.377953 0.354331 0.850394 
vn -0.0866142 0.80315 0.582677 
vn 0.440945 0.818898 0.354331 
vn 0.755906 0.598425 0.251969 
vn 0.440945 0.818898 0.354331 
vn -0.251969 0.92126 0.283465 
vn -0.188976 0.913386 0.346457 
vn -0.267717 0.92126 0.267717 
vn -0.354331 0.92126 0.181102 
vn -0.149606 0.905512 -0.393701 
vn -0.188976 0.874016 -0.448819 
vn -0.188976 0.913386 0.346457 
vn -0.826772 0.535433 0.181102 
vn -0.188976 0.874016 -0.448819 
vn -0.637795 0.732283 -0.228346 
vn -0.338583 0.685039 -0.645669 
vn -0.259843 0.866142 -0.425197 
vn -0.259843 0.968504 -0.0551181 
vn -0.307087 0.952756 0.0393701 
vn -0.716535 0.551181 0.425197 
vn -0.826772 0.409449 0.377953 
vn -0.96063 -0.228346 -0.133858 
vn -0.291339 0.496063 0.818898 
vn 0.677165 0.543307 0.488189 
vn 0.874016 0.488189 0 
vn 0.125984 0.543307 0.826772 
vn 0.677165 0.543307 0.488189 
vn -0.330709 0.574803 0.748031 
vn -0.850394 0.519685 -0.0708661 
vn -0.858268 0.472441 0.188976 
vn 0.787402 0.535433 0.291339 
vn -0.204724 0.0314961 -0.976378 
vn 0.755906 0.307087 -0.582677 
vn 0.787402 0.535433 -0.299213 
vn 0.771654 0.622047 -0.165354 
vn 0.527559 0.811024 -0.259843 
vn 0.527559 0.811024 -0.259843 
vn -0.362205 0.88189 -0.291339 
vn -0.661417 0.732283 -0.181102 
vn -0.19685 0.874016 0.440945 
vn 0.0472441 0.811024 0.590551 
vn 0.354331 0.92126 -0.165354 
vn -0.362205 0.88189 -0.291339 
vn -0.307087 0.582677 -0.748031 
vn -0.307087 0.582677 -0.748031 
vn -0.307087 0.582677 -0.748031 
vn 0.204724 0.637795 0.740157 
vn 0.370079 0.834646 -0.401575 
vn -0.307087 0.582677 -0.748031 
vn 0.92126 0.393701 -0.0629921 
vn 0.811024 0.590551 0.0393701 
vn -0.338583 0.787402 -0.503937 
vn -0.834646 0.417323 -0.370079 
vn -0.84252 0.488189 0.228346 
vn -0.275591 0.937008 -0.19685 
vn -0.677165 0.724409 0.0866142 
vn 0.527559 0.472441 0.708661 
vn -0.338583 0.929134 0.15748 
vn -0.80315 0.535433 0.267717 
vn 0.125984 0.527559 0.84252 
vn 0.732283 0.661417 -0.165354 
vn 0.409449 -0.433071 0.80315 
vn 0.795276 0.401575 -0.456693 
vn 0.433071 0.0866142 0.897638 
vn -0.181102 0.283465 0.944882 
vn 0.275591 0.669291 0.692913 
vn 0.669291 0.551181 -0.503937 
vn 0.944882 0.0866142 0.307087 
vn 0.480315 0.559055 0.669291 
vn -0.11811 0.212598 0.968504 
vn -0.929134 0.133858 -0.354331 
vn 0.299213 0.0472441 -0.952756 
vn 0.606299 0.614173 0.503937 
vn 0.149606 -0.110236 -0.984252 
vn 0.874016 0.0708661 -0.472441 
vn -0.755906 0.370079 -0.543307 
vn -0.559055 0.519685 -0.645669 
vn -0.755906 0.370079 -0.543307 
vn -0.732283 0.614173 -0.291339 
vn -0.480315 0.732283 -0.488189 
vn -0.464567 0.866142 -0.181102 
vn -0.322835 0.614173 0.724409 
vn 0.23622 0.787402 0.574803 
vn -0.291339 0.496063 0.818898 
vn 0.614173 0.519685 -0.590551 
vn 0.433071 0.685039 0.590551 
vn -0.204724 0.448819 0.866142 
vn 0.527559 0.598425 0.606299 
vn -0.133858 0.472441 0.874016 
vn 0.740157 0 -0.669291 
vn 0.440945 0.700787 -0.566929 
vn 0.401575 0.740157 -0.535433 
vn -0.88189 0.133858 -0.456693 
vn 0.401575 0.740157 -0.535433 
vn -0.204724 0.0314961 -0.976378 
vn -0.212598 0.0314961 -0.976378 
vn -0.913386 0.267717 -0.314961 
vn -0.952756 0.0314961 -0.307087 
vn -0.732283 0.401575 -0.559055 
vn -0.622047 0.622047 -0.480315 
vn -0.133858 0.204724 0.968504 
vn -0.834646 0.496063 0.23622 
vn -0.80315 0.535433 0.267717 
vn -0.84252 0.488189 0.228346 
vn -0.866142 0.456693 0.19685 
vn -0.850394 0.417323 0.314961 
vn -0.88189 0.425197 0.220472 
vn -0.913386 0.370079 0.173228 
vn -0.984252 0.133858 0.141732 
vn -0.937008 0.338583 0.11811 
vn -0.944882 0.314961 0.0944882 
vn -0.92126 0.330709 0.204724 
vn -0.826772 0.551181 -0.125984 
vn -0.992126 -0.0314961 0.125984 
vn -0.92126 -0.338583 0.188976 
vn -0.795276 -0.535433 0.283465 
vn -0.165354 0.653543 0.740157 
vn -0.385827 0.503937 0.771654 
vn -0.102362 0.377953 0.92126 
vn 0.204724 0.637795 0.740157 
vn -0.393701 0.748031 0.535433 
vn -0.472441 0.622047 0.629921 
vn -0.19685 0.874016 0.440945 
vn 0.251969 0.488189 0.834646 
vn -0.425197 0.795276 -0.440945 
vn 0.251969 0.488189 0.834646 
vn -0.0866142 0.80315 0.582677 
vn -0.188976 0.913386 0.346457 
vn -0.826772 0.535433 0.181102 
vn -0.795276 0.559055 0.23622 
vn -0.267717 0.92126 0.267717 
vn -0.188976 0.874016 -0.448819 
vn -0.637795 0.732283 -0.228346 
vn -0.133858 -0.0393701 -0.992126 
vn -0.818898 0.488189 -0.307087 
vn -0.858268 0.385827 -0.330709 
vn -0.338583 0.685039 -0.645669 
vn -0.307087 0.952756 0.0393701 
vn -0.76378 0.629921 0.15748 
vn -0.905512 -0.433071 0.0314961 
vn -0.874016 -0.299213 0.385827 
vn -0.88189 0.433071 0.19685 
vn -0.716535 0.551181 0.425197 
vn -0.826772 0.409449 0.377953 
vn -0.968504 0.212598 0.125984 
vn -0.944882 -0.283465 -0.181102 
vn -0.92126 -0.354331 -0.133858 
vn -0.96063 -0.228346 -0.133858 
vn -0.88189 -0.472441 -0.015748 
vn -0.874016 -0.488189 -0.0393701 
vn -0.0787402 0.220472 0.968504 
vn 0.023622 0.511811 0.858268 
vn -0.275591 0.472441 0.84252 
vn -0.181102 0.448819 0.874016 
vn -0.291339 0.496063 0.818898 
vn 0.125984 0.543307 0.826772 
vn 0.677165 0.543307 0.488189 
vn -0.322835 0.614173 0.724409 
vn -0.330709 0.574803 0.748031 
vn -0.850394 0.519685 -0.0708661 
vn -0.976378 0.220472 -0.0393701 
vn -0.937008 0.307087 -0.141732 
vn -0.858268 0.472441 0.188976 
vn -0.818898 0.338583 0.464567 
vn -0.913386 0.409449 -0.0314961 
vn -0.188976 -0.440945 0.88189 
vn 0.0866142 -0.574803 0.818898 
vn -0.543307 -0.590551 0.598425 
vn -0.952756 -0.299213 0.0551181 
vn -0.88189 -0.472441 -0.0551181 
vn -0.771654 -0.503937 0.401575 
vn -0.858268 -0.425197 0.299213 
vn -0.96063 -0.244094 -0.133858 
vn -0.889764 -0.291339 -0.346457 
vn -0.84252 -0.456693 -0.283465 
vn -0.818898 -0.330709 -0.472441 
vn -0.433071 -0.393701 -0.811024 
vn -0.661417 0.732283 -0.181102 
vn -0.307087 0.582677 -0.748031 
vn -0.307087 0.582677 -0.748031 
vn -0.307087 0.582677 -0.748031 
vn -0.976378 0.0787402 0.212598 
vn -0.850394 -0.149606 0.503937 
vn -0.992126 -0.0866142 -0.0393701 
vn -0.519685 0.0314961 0.850394 
vn -0.913386 -0.23622 0.338583 
vn -0.952756 -0.212598 -0.19685 
vn -0.23622 0.0866142 -0.968504 
vn -0.275591 0 -0.96063 
vn -0.448819 -0.0314961 0.897638 
vn -0.834646 0.417323 -0.370079 
vn -0.811024 0.488189 -0.330709 
vn -0.88189 -0.299213 0.362205 
vn -0.511811 -0.110236 -0.850394 
vn -0.677165 0.724409 0.0866142 
vn -0.889764 0.0629921 -0.456693 
vn -0.976378 0.141732 0.173228 
vn -0.905512 -0.15748 0.401575 
vn -0.385827 -0.0314961 0.92126 
vn -0.874016 0.204724 0.448819 
vn -0.850394 0.0629921 0.519685 
vn -0.291339 -0.244094 -0.92126 
vn -0.307087 -0.220472 -0.929134 
vn -0.503937 0.133858 0.850394 
vn -0.377953 -0.220472 -0.897638 
vn -0.92126 -0.377953 0.110236 
vn -0.826772 -0.307087 0.464567 
vn 0.409449 -0.433071 0.80315 
vn -0.220472 0.023622 0.976378 
vn -0.472441 0.338583 0.811024 
vn -0.267717 0.015748 0.96063 
vn -0.299213 -0.188976 -0.937008 
vn -0.779528 -0.291339 0.551181 
vn -0.322835 -0.645669 0.692913 
vn -0.590551 -0.543307 0.598425 
vn 0.433071 0.0866142 0.897638 
vn -0.80315 -0.188976 0.566929 
vn -0.629921 -0.480315 0.606299 
vn 0.944882 0.0866142 0.307087 
vn -0.937008 -0.19685 0.275591 
vn -0.929134 0.133858 -0.354331 
vn 0.110236 -0.125984 0.984252 
vn -0.795276 -0.456693 0.393701 
vn -0.96063 0.267717 0 
vn -1 0.00787402 0.015748 
vn -0.858268 -0.511811 0 
vn -0.968504 0.23622 -0.0629921 
vn -0.992126 0.0314961 -0.133858 
vn 0.606299 0.614173 0.503937 
vn -0.850394 -0.496063 -0.173228 
vn -0.96063 0.125984 -0.259843 
vn -0.929134 -0.0708661 -0.370079 
vn -0.653543 -0.377953 -0.653543 
vn -0.818898 -0.220472 -0.527559 
vn -0.834646 -0.228346 -0.496063 
vn -0.944882 0.322835 0.0472441 
vn -0.968504 0.212598 -0.125984 
vn -0.889764 -0.00787402 -0.464567 
vn -0.417323 -0.188976 -0.889764 
vn -0.944882 0.102362 -0.307087 
vn -0.732283 0.614173 -0.291339 
vn -0.755906 0.370079 -0.543307 
vn -0.905512 0.259843 -0.330709 
vn -0.929134 0.259843 -0.259843 
vn -0.984252 0.0787402 -0.173228 
vn -0.559055 0.519685 -0.645669 
vn -0.755906 0.370079 -0.543307 
vn -0.732283 0.614173 -0.291339 
vn -0.598425 -0.488189 -0.637795 
vn -0.559055 -0.535433 -0.637795 
vn -0.582677 -0.503937 -0.637795 
vn -0.637795 -0.401575 -0.661417 
vn -0.645669 -0.212598 -0.732283 
vn -0.464567 0.866142 -0.181102 
vn -0.897638 -0.433071 0.0629921 
vn -0.905512 -0.220472 0.354331 
vn -0.984252 -0.188976 -0.0472441 
vn -0.905512 -0.425197 -0.015748 
vn -0.905512 -0.417323 -0.015748 
vn -0.291339 0.496063 0.818898 
vn -0.0787402 -0.259843 -0.96063 
vn 0.102362 -0.338583 -0.937008 
vn -0.283465 -0.708661 0.645669 
vn -0.299213 -0.740157 0.606299 
vn -0.976378 -0.125984 -0.15748 
vn -0.88189 0.133858 -0.456693 

vt 2.7288 -2.34251 
vt 2.70071 -2.34218 
vt 2.6913 -2.25311 
vt 2.71356 -2.26822 
vt 2.72743 -2.2461 
vt 2.71093 -2.2275 
vt 2.79188 -2.22426 
vt 2.79484 -2.44632 
vt 2.76287 -2.42969 
vt 2.77693 -2.44643 
vt 2.78767 -2.43473 
vt 2.76921 -2.4127 
vt 2.77807 -2.48975 
vt 2.77113 -2.50022 
vt 2.73126 -2.34677 
vt 2.7946 -2.21407 
vt 2.78809 -2.29294 
vt 2.79559 -2.2845 
vt 2.78539 -2.2808 
vt 2.77833 -2.2852 
vt 2.77303 -2.28989 
vt 2.79747 -2.29552 
vt 2.80338 -2.28733 
vt 2.74343 -2.23869 
vt 2.72889 -2.22152 
vt 2.74343 -2.23869 
vt 2.72743 -2.2461 
vt 2.7468 -2.25353 
vt 2.74663 -2.48062 
vt 2.73536 -2.485 
vt 2.75566 -2.47059 
vt 2.74663 -2.48062 
vt 2.77877 -2.46286 
vt 2.78904 -2.45934 
vt 2.78904 -2.45934 
vt 2.79663 -2.44929 
vt 2.79647 -2.42536 
vt 2.74116 -2.33735 
vt 2.76533 -2.36341 
vt 2.78265 -2.39992 
vt 2.73583 -2.38865 
vt 2.75172 -2.41451 
vt 2.74804 -2.37428 
vt 2.73357 -2.32034 
vt 2.74082 -2.33575 
vt 2.75216 -2.32822 
vt 2.78104 -2.37513 
vt 2.76522 -2.35539 
vt 2.75853 -2.36966 
vt 2.77222 -2.38574 
vt 2.75012 -2.35541 
vt 2.724 -2.30179 
vt 2.74979 -2.30837 
vt 2.724 -2.30179 
vt 2.78298 -2.39294 
vt 2.78828 -2.38548 
vt 2.68548 -2.32621 
vt 2.68559 -2.3362 
vt 2.70211 -2.34393 
vt 2.70071 -2.34218 
vt 2.67504 -2.30837 
vt 2.7123 -2.33386 
vt 2.69712 -2.32497 
vt 2.68607 -2.08143 
vt 2.74214 -2.09314 
vt 2.71971 -2.11909 
vt 2.73911 -2.11851 
vt 2.77284 -2.11629 
vt 2.764 -2.12531 
vt 2.72509 -2.36552 
vt 2.77303 -2.28989 
vt 2.80092 -2.27049 
vt 2.74977 -2.45046 
vt 2.73834 -2.46263 
vt 2.77833 -2.2852 
vt 2.77301 -2.27404 
vt 2.80287 -2.25204 
vt 2.78571 -2.26947 
vt 2.73673 -2.42049 
vt 2.72815 -2.43959 
vt 2.73834 -2.46263 
vt 2.72544 -2.47132 
vt 2.77197 -2.49398 
vt 2.76925 -2.25884 
vt 2.78544 -2.25194 
vt 2.72815 -2.43959 
vt 2.71467 -2.44969 
vt 2.7648 -2.24565 
vt 2.76181 -2.30029 
vt 2.72694 -2.37685 
vt 2.70211 -2.34393 
vt 2.72161 -2.41972 
vt 2.70567 -2.4248 
vt 2.71412 -2.38973 
vt 2.72161 -2.41972 
vt 2.76148 -2.5051 
vt 2.77113 -2.50022 
vt 2.78273 -2.23706 
vt 2.7257 -2.33565 
vt 2.71412 -2.38973 
vt 2.69743 -2.39535 
vt 2.7603 -2.48475 
vt 2.74959 -2.4926 
vt 2.72722 -2.30361 
vt 2.70634 -2.33291 
vt 2.70957 -2.36653 
vt 2.70957 -2.36653 
vt 2.69138 -2.36688 
vt 2.73508 -2.47171 
vt 2.74654 -2.46311 
vt 2.76967 -2.47128 
vt 2.72705 -2.18673 
vt 2.75288 -2.19718 
vt 2.7516 -2.17031 
vt 2.73377 -2.39183 
vt 2.71203 -2.37956 
vt 2.72102 -2.40675 
vt 2.73361 -2.27579 
vt 2.7518 -2.44175 
vt 2.73556 -2.44228 
vt 2.74654 -2.46311 
vt 2.70704 -2.30017 
vt 2.70634 -2.33291 
vt 2.68711 -2.3334 
vt 2.72082 -2.44605 
vt 2.73556 -2.44228 
vt 2.71465 -2.44623 
vt 2.77544 -2.19235 
vt 2.77759 -2.16888 
vt 2.71356 -2.26822 
vt 2.70704 -2.30017 
vt 2.68659 -2.29777 
vt 2.7603 -2.48475 
vt 2.72102 -2.40675 
vt 2.70582 -2.41073 
vt 2.77693 -2.44643 
vt 2.76653 -2.45146 
vt 2.75588 -2.14035 
vt 2.72981 -2.14552 
vt 2.70403 -2.19104 
vt 2.77788 -2.13671 
vt 2.67411 -2.30222 
vt 2.71203 -2.37956 
vt 2.69505 -2.37583 
vt 2.75284 -2.43498 
vt 2.76287 -2.42969 
vt 2.70721 -2.15158 
vt 2.73654 -2.34265 
vt 2.75172 -2.41451 
vt 2.73909 -2.41586 
vt 2.70517 -2.08393 
vt 2.69546 -2.12211 
vt 2.73521 -2.04987 
vt 2.70992 -2.04781 
vt 2.74849 -2.04338 
vt 2.73583 -2.38865 
vt 2.72362 -2.39051 
vt 2.7123 -2.33386 
vt 2.72509 -2.36552 
vt 2.71027 -2.36084 
vt 2.68439 -2.29939 
vt 2.77222 -2.38574 
vt 2.74855 -2.37322 
vt 2.776 -2.20919 
vt 2.75595 -2.21642 
vt 2.77924 -2.22418 
vt 2.76029 -2.23266 
vt 2.61986 -2.33085 
vt 2.55171 -2.32164 
vt 2.79368 -2.27741 
vt 2.80936 -2.29307 
vt 2.69337 -2.27839 
vt 2.67708 -2.27536 
vt 2.68945 -2.30909 
vt 2.67485 -2.30025 
vt 2.72275 -2.30836 
vt 2.5631 -2.33717 
vt 2.57751 -2.33912 
vt 2.71285 -2.29054 
vt 2.7298 -2.27151 
vt 2.7257 -2.28602 
vt 2.57354 -2.3055 
vt 2.56999 -2.32169 
vt 2.58855 -2.30105 
vt 2.84474 -2.29806 
vt 2.58446 -2.31898 
vt 2.62282 -2.28913 
vt 2.64056 -2.28785 
vt 2.6248 -2.31169 
vt 2.6491 -2.31384 
vt 2.67399 -2.31412 
vt 2.70007 -2.33376 
vt 2.78374 -2.27279 
vt 2.7038 -2.24617 
vt 2.72119 -2.24057 
vt 2.75343 -2.23698 
vt 2.79132 -2.2376 
vt 2.81523 -2.24392 
vt 2.59246 -2.3373 
vt 2.61015 -2.31224 
vt 2.60358 -2.33481 
vt 2.59716 -2.31549 
vt 2.7984 -2.28182 
vt 2.81912 -2.26911 
vt 2.70171 -2.27146 
vt 2.72241 -2.28474 
vt 2.75973 -2.29104 
vt 2.63887 -2.29272 
vt 2.63978 -2.30711 
vt 2.64339 -2.27967 
vt 2.7855 -2.25311 
vt 2.79474 -2.26822 
vt 2.80407 -2.2275 
vt 2.61527 -2.44632 
vt 2.61297 -2.45057 
vt 2.8527 -2.21407 
vt 2.92085 -2.2808 
vt 2.81266 -2.23869 
vt 2.81835 -2.22152 
vt 2.81266 -2.23869 
vt 2.82086 -2.24278 
vt 2.8284 -2.23148 
vt 2.76247 -2.48776 
vt 2.77446 -2.48062 
vt 2.77416 -2.485 
vt 2.75103 -2.48396 
vt 2.7476 -2.47995 
vt 2.62241 -2.46006 
vt 2.63538 -2.46286 
vt 2.64117 -2.45934 
vt 2.61536 -2.31346 
vt 2.62392 -2.32034 
vt 2.63283 -2.30179 
vt 2.62568 -2.29131 
vt 2.63283 -2.30179 
vt 2.64065 -2.19543 
vt 2.64015 -2.15916 
vt 2.63046 -2.18926 
vt 2.72681 -2.23454 
vt 2.71647 -2.19547 
vt 2.71379 -2.23559 
vt 2.67952 -2.22325 
vt 2.67408 -2.17979 
vt 2.66839 -2.21535 
vt 2.76058 -2.2234 
vt 2.7557 -2.18892 
vt 2.74672 -2.23074 
vt 2.70034 -2.23291 
vt 2.69332 -2.27235 
vt 2.68888 -2.3047 
vt 2.7079 -2.30554 
vt 2.71043 -2.27476 
vt 2.73049 -2.32621 
vt 2.72682 -2.30902 
vt 2.72394 -2.3362 
vt 2.73103 -2.34393 
vt 2.73753 -2.32626 
vt 2.73748 -2.34218 
vt 2.74413 -2.33572 
vt 2.74243 -2.30837 
vt 2.68336 -2.31934 
vt 2.68759 -2.33129 
vt 2.63362 -2.28757 
vt 2.63124 -2.27073 
vt 2.67783 -2.33386 
vt 2.67747 -2.31682 
vt 2.67028 -2.32497 
vt 2.71958 -2.12565 
vt 2.7524 -2.12765 
vt 2.75207 -2.08143 
vt 2.72064 -2.07799 
vt 2.83674 -2.24447 
vt 2.90887 -2.29724 
vt 2.89366 -2.29296 
vt 2.86503 -2.28391 
vt 2.914 -2.28989 
vt 2.90441 -2.28301 
vt 2.87424 -2.2822 
vt 2.86503 -2.28391 
vt 2.91902 -2.2852 
vt 2.91276 -2.27404 
vt 2.88799 -2.27086 
vt 2.77808 -2.47132 
vt 2.84908 -2.23042 
vt 2.83969 -2.21225 
vt 2.89901 -2.25884 
vt 2.87184 -2.25904 
vt 2.85749 -2.26998 
vt 2.74941 -2.47025 
vt 2.76393 -2.4743 
vt 2.78004 -2.44969 
vt 2.67545 -2.49972 
vt 2.67461 -2.49398 
vt 2.68716 -2.50597 
vt 2.88401 -2.24565 
vt 2.7489 -2.44878 
vt 2.76454 -2.45282 
vt 2.78132 -2.4248 
vt 2.70064 -2.5051 
vt 2.74862 -2.42404 
vt 2.76495 -2.42682 
vt 2.7894 -2.38973 
vt 2.78259 -2.39535 
vt 2.70546 -2.4926 
vt 2.68889 -2.49337 
vt 2.67445 -2.4862 
vt 2.78227 -2.36688 
vt 2.74823 -2.39542 
vt 2.76546 -2.39726 
vt 2.70943 -2.47171 
vt 2.692 -2.4725 
vt 2.67642 -2.46627 
vt 2.82327 -2.18673 
vt 2.84974 -2.19718 
vt 2.78108 -2.3334 
vt 2.74721 -2.3684 
vt 2.76497 -2.36847 
vt 2.71313 -2.44605 
vt 2.69533 -2.44623 
vt 2.67902 -2.44204 
vt 2.78165 -2.29777 
vt 2.76344 -2.33552 
vt 2.71726 -2.41073 
vt 2.6988 -2.41027 
vt 2.68188 -2.40683 
vt 2.63991 -2.45146 
vt 2.80177 -2.19104 
vt 2.62348 -2.44735 
vt 2.76291 -2.30222 
vt 2.72001 -2.37583 
vt 2.68503 -2.37144 
vt 2.70188 -2.37386 
vt 2.6438 -2.43498 
vt 2.79579 -2.15158 
vt 2.77249 -2.1466 
vt 2.62638 -2.4305 
vt 2.76337 -2.26435 
vt 2.70522 -2.3352 
vt 2.64842 -2.41586 
vt 2.77169 -2.08393 
vt 2.7743 -2.12211 
vt 2.77665 -2.1643 
vt 2.77673 -2.20402 
vt 2.76876 -2.04781 
vt 2.63087 -2.41068 
vt 2.74445 -2.27109 
vt 2.65522 -2.39051 
vt 2.75137 -2.04244 
vt 2.71913 -2.03975 
vt 2.63718 -2.38514 
vt 2.62468 -2.37536 
vt 2.72734 -2.27418 
vt 2.66243 -2.36084 
vt 2.68123 -2.03909 
vt 2.68223 -2.0733 
vt 2.64469 -2.35454 
vt 2.63172 -2.3455 
vt 2.65383 -2.0703 
vt 2.65733 -2.04179 
vt 2.68063 -2.11646 
vt 2.65254 -2.31871 
vt 2.67455 -2.29939 
vt 2.65032 -2.10722 
vt 2.67688 -2.26503 
vt 2.65783 -2.28841 
vt 2.66256 -2.25547 
vt 2.55563 -2.3792 
vt 2.6497 -2.24535 
vt 2.65824 -2.20693 
vt 2.6357 -2.23581 
vt 2.6228 -2.22824 
vt 2.60614 -2.25612 
vt 2.60456 -2.25755 
vt 2.61634 -2.26061 
vt 2.59797 -2.27907 
vt 2.58869 -2.29818 
vt 2.6093 -2.28425 
vt 2.57425 -2.38997 
vt 2.58451 -2.38574 
vt 2.56002 -2.38416 
vt 2.55966 -2.35607 
vt 2.57937 -2.31691 
vt 2.60005 -2.30522 
vt 2.58451 -2.37322 
vt 2.56878 -2.36691 
vt 2.56921 -2.3377 
vt 2.59024 -2.32563 
vt 2.60577 -2.33366 
vt 2.61633 -2.33575 
vt 2.59501 -2.3543 
vt 2.60476 -2.35541 
vt 2.57957 -2.34701 
vt 2.8475 -2.25966 
vt 2.86241 -2.20919 
vt 2.86048 -2.21642 
vt 2.87136 -2.23266 
vt 2.85942 -2.24666 
vt 2.7637 -2.29272 
vt 2.76443 -2.30711 
vt 2.77553 -2.27967 
vt 2.74376 -2.34251 
vt 2.74862 -2.37851 
vt 2.76712 -2.36995 
vt 2.77185 -2.34218 
vt 2.69796 -2.43643 
vt 2.68557 -2.42744 
vt 2.67772 -2.44632 
vt 2.68841 -2.45057 
vt 2.72913 -2.23869 
vt 2.73887 -2.48396 
vt 2.72838 -2.47995 
vt 2.72593 -2.48062 
vt 2.72838 -2.47995 
vt 2.71904 -2.47192 
vt 2.69131 -2.46006 
vt 2.67772 -2.44632 
vt 2.67058 -2.43852 
vt 2.69378 -2.46286 
vt 2.67728 -2.42099 
vt 2.71339 -2.3557 
vt 2.72109 -2.31784 
vt 2.69303 -2.39553 
vt 2.74856 -2.30179 
vt 2.72277 -2.30837 
vt 2.74856 -2.30179 
vt 2.76509 -2.15916 
vt 2.7671 -2.18926 
vt 2.79256 -2.3047 
vt 2.78742 -2.32626 
vt 2.77185 -2.34218 
vt 2.78874 -2.33572 
vt 2.79752 -2.30837 
vt 2.7799 -2.31934 
vt 2.76301 -2.33681 
vt 2.78178 -2.33129 
vt 2.74705 -2.30895 
vt 2.76026 -2.33386 
vt 2.70872 -2.07387 
vt 2.70338 -2.10403 
vt 2.70735 -2.39302 
vt 2.72301 -2.36661 
vt 2.734 -2.34305 
vt 2.69691 -2.40836 
vt 2.68557 -2.42744 
vt 2.70977 -2.41924 
vt 2.69691 -2.40836 
vt 2.68987 -2.28391 
vt 2.67093 -2.27447 
vt 2.66704 -2.28462 
vt 2.71827 -2.44789 
vt 2.7373 -2.46284 
vt 2.72278 -2.45917 
vt 2.70059 -2.49398 
vt 2.69347 -2.48425 
vt 2.74903 -2.47025 
vt 2.7373 -2.46284 
vt 2.74883 -2.43814 
vt 2.74311 -2.41429 
vt 2.71046 -2.49972 
vt 2.70059 -2.49398 
vt 2.73661 -2.33813 
vt 2.75989 -2.44878 
vt 2.74883 -2.43814 
vt 2.76917 -2.42404 
vt 2.75593 -2.41842 
vt 2.76286 -2.39057 
vt 2.75593 -2.41842 
vt 2.72219 -2.4862 
vt 2.71105 -2.47587 
vt 2.73564 -2.4356 
vt 2.71954 -2.43529 
vt 2.72523 -2.45486 
vt 2.77737 -2.39542 
vt 2.76286 -2.39057 
vt 2.71105 -2.47587 
vt 2.70154 -2.46469 
vt 2.73689 -2.46627 
vt 2.72523 -2.45486 
vt 2.78314 -2.3684 
vt 2.76712 -2.36995 
vt 2.7579 -2.44623 
vt 2.75063 -2.44204 
vt 2.73564 -2.4356 
vt 2.74827 -2.40047 
vt 2.73574 -2.3861 
vt 2.7642 -2.40683 
vt 2.74827 -2.40047 
vt 2.7063 -2.44735 
vt 2.77361 -2.37144 
vt 2.75549 -2.37281 
vt 2.75549 -2.37281 
vt 2.72024 -2.4305 
vt 2.73602 -2.34265 
vt 2.73469 -2.41068 
vt 2.72315 -2.40054 
vt 2.76301 -2.33681 
vt 2.74893 -2.39051 
vt 2.70735 -2.39302 
vt 2.75051 -2.38514 
vt 2.73885 -2.37536 
vt 2.76026 -2.33386 
vt 2.72699 -2.03938 
vt 2.7523 -2.3455 
vt 2.72301 -2.36661 
vt 2.76735 -2.0703 
vt 2.76488 -2.04179 
vt 2.736 -2.06964 
vt 2.77586 -2.31871 
vt 2.734 -2.34305 
vt 2.78817 -2.29939 
vt 2.7397 -2.04168 
vt 2.736 -2.06964 
vt 2.76551 -2.10722 
vt 2.73304 -2.10179 
vt 2.6995 -2.14026 
vt 2.73304 -2.10179 
vt 2.72997 -2.13996 
vt 2.70038 -2.18716 
vt 2.74705 -2.30895 
vt 2.79343 -2.25547 
vt 2.72997 -2.13996 
vt 2.72711 -2.18199 
vt 2.70609 -2.23279 
vt 2.68532 -2.3792 
vt 2.68085 -2.37422 
vt 2.72711 -2.18199 
vt 2.75329 -2.1852 
vt 2.7114 -2.26751 
vt 2.72824 -2.22479 
vt 2.69284 -2.38358 
vt 2.68532 -2.3792 
vt 2.69492 -2.39222 
vt 2.71076 -2.30899 
vt 2.72545 -2.29746 
vt 2.72891 -2.27924 
vt 2.72824 -2.22479 
vt 2.75089 -2.22394 
vt 2.7296 -2.25755 
vt 2.76724 -2.22824 
vt 2.74955 -2.25612 
vt 2.7296 -2.25755 
vt 2.68674 -2.36033 
vt 2.76426 -2.26061 
vt 2.74689 -2.27907 
vt 2.72891 -2.27924 
vt 2.70035 -2.33739 
vt 2.70365 -2.3732 
vt 2.69363 -2.36479 
vt 2.72545 -2.29746 
vt 2.74212 -2.29818 
vt 2.75927 -2.28425 
vt 2.71013 -2.38416 
vt 2.71767 -2.35607 
vt 2.70578 -2.34674 
vt 2.71332 -2.3324 
vt 2.72079 -2.31196 
vt 2.73586 -2.31691 
vt 2.72079 -2.31196 
vt 2.72599 -2.36691 
vt 2.72794 -2.3377 
vt 2.71332 -2.3324 
vt 2.70578 -2.34674 
vt 2.63887 -2.24511 
vt 2.64339 -2.23328 
vt 2.74345 -2.26505 
vt 2.73748 -2.23696 
vt 2.7855 -2.22755 
vt 2.82132 -2.32813 
vt 2.83148 -2.32281 
vt 2.81793 -2.31272 
vt 2.61527 -2.33109 
vt 2.61297 -2.3204 
vt 2.72902 -2.26751 
vt 2.7958 -2.31908 
vt 2.91551 -2.32434 
vt 2.91701 -2.33184 
vt 2.92085 -2.32164 
vt 2.914 -2.30928 
vt 2.90887 -2.31567 
vt 2.90475 -2.33372 
vt 2.90836 -2.33963 
vt 2.90103 -2.32429 
vt 2.81266 -2.27968 
vt 2.80501 -2.29916 
vt 2.81266 -2.27968 
vt 2.80347 -2.26368 
vt 2.79176 -2.28305 
vt 2.82086 -2.29384 
vt 2.8284 -2.27896 
vt 2.82086 -2.29384 
vt 2.76247 -2.27049 
vt 2.76044 -2.28451 
vt 2.77446 -2.28288 
vt 2.77416 -2.27161 
vt 2.75103 -2.26994 
vt 2.7476 -2.28043 
vt 2.76044 -2.28451 
vt 2.75884 -2.29375 
vt 2.7476 -2.28043 
vt 2.74795 -2.28977 
vt 2.62673 -2.33143 
vt 2.62241 -2.3175 
vt 2.63538 -2.31502 
vt 2.64117 -2.32529 
vt 2.67888 -2.27741 
vt 2.6632 -2.29307 
vt 2.64398 -2.28771 
vt 2.58451 -2.30847 
vt 2.63283 -2.26024 
vt 2.62568 -2.24732 
vt 2.63433 -2.28604 
vt 2.63283 -2.26024 
vt 2.57765 -2.32453 
vt 2.64136 -2.29609 
vt 2.75935 -2.30332 
vt 2.73049 -2.22173 
vt 2.73748 -2.23696 
vt 2.74413 -2.22007 
vt 2.63362 -2.2455 
vt 2.83674 -2.2887 
vt 2.83078 -2.3041 
vt 2.83078 -2.3041 
vt 2.88548 -2.32251 
vt 2.8888 -2.33874 
vt 2.90103 -2.32429 
vt 2.90887 -2.31567 
vt 2.89366 -2.30863 
vt 2.88548 -2.32251 
vt 2.86503 -2.31894 
vt 2.86544 -2.33788 
vt 2.87497 -2.34176 
vt 2.914 -2.30928 
vt 2.87424 -2.30376 
vt 2.86503 -2.31894 
vt 2.85749 -2.29975 
vt 2.76393 -2.25653 
vt 2.67545 -2.29835 
vt 2.67461 -2.30822 
vt 2.68815 -2.31132 
vt 2.68716 -2.29806 
vt 2.62781 -2.29806 
vt 2.73103 -2.23836 
vt 2.70064 -2.29773 
vt 2.7038 -2.30738 
vt 2.70546 -2.28584 
vt 2.68889 -2.28209 
vt 2.84974 -2.28913 
vt 2.69533 -2.2509 
vt 2.79474 -2.24981 
vt 2.65026 -2.31318 
vt 2.63991 -2.30278 
vt 2.62348 -2.30251 
vt 2.76291 -2.21036 
vt 2.6438 -2.28909 
vt 2.65569 -2.29912 
vt 2.68882 -2.27279 
vt 2.68212 -2.2458 
vt 2.67783 -2.24854 
vt 2.63692 -2.26176 
vt 2.66256 -2.21538 
vt 2.55563 -2.32348 
vt 2.55171 -2.31596 
vt 2.55563 -2.32348 
vt 2.56296 -2.32398 
vt 2.55795 -2.31389 
vt 2.56804 -2.3118 
vt 2.57367 -2.31923 
vt 2.57425 -2.29963 
vt 2.58451 -2.30847 
vt 2.56002 -2.29868 
vt 2.58451 -2.2848 
vt 2.59621 -2.29478 
vt 2.59501 -2.27404 
vt 2.60476 -2.28637 
vt 2.57957 -2.27154 
vt 2.8475 -2.29614 
vt 2.84674 -2.31091 
vt 2.84923 -2.33162 
vt 2.84674 -2.31091 
vt 2.72911 -2.34251 
vt 2.72906 -2.37851 
vt 2.65123 -2.22426 
vt 2.63229 -2.23092 
vt 2.64108 -2.24803 
vt 2.65463 -2.24121 
vt 2.82139 -2.43473 
vt 2.76863 -2.48975 
vt 2.76875 -2.50022 
vt 2.78441 -2.50228 
vt 2.78204 -2.48804 
vt 2.74354 -2.34677 
vt 2.73983 -2.31914 
vt 2.72568 -2.31528 
vt 2.76426 -2.34666 
vt 2.76344 -2.32185 
vt 2.77718 -2.30139 
vt 2.73129 -2.29339 
vt 2.67676 -2.22559 
vt 2.6754 -2.18699 
vt 2.63932 -2.20205 
vt 2.61986 -2.21407 
vt 2.55704 -2.29294 
vt 2.55555 -2.2845 
vt 2.55171 -2.2808 
vt 2.55856 -2.28989 
vt 2.56781 -2.29552 
vt 2.5642 -2.28733 
vt 2.57153 -2.3003 
vt 2.6599 -2.23869 
vt 2.66755 -2.24127 
vt 2.6599 -2.23869 
vt 2.6808 -2.25353 
vt 2.71212 -2.48562 
vt 2.71371 -2.47188 
vt 2.70138 -2.47059 
vt 2.6981 -2.48062 
vt 2.72495 -2.47995 
vt 2.7246 -2.47192 
vt 2.85729 -2.44632 
vt 2.85067 -2.43852 
vt 2.83921 -2.44509 
vt 2.84583 -2.45802 
vt 2.83139 -2.45934 
vt 2.82812 -2.44929 
vt 2.84889 -2.42099 
vt 2.83314 -2.42536 
vt 2.78625 -2.31752 
vt 2.79368 -2.33735 
vt 2.80936 -2.32894 
vt 2.80221 -2.3084 
vt 2.81839 -2.36341 
vt 2.8386 -2.3557 
vt 2.82858 -2.31784 
vt 2.82712 -2.39992 
vt 2.84663 -2.39553 
vt 2.80346 -2.37428 
vt 2.85291 -2.32822 
vt 2.8851 -2.37513 
vt 2.87034 -2.35539 
vt 2.88805 -2.38574 
vt 2.83823 -2.30837 
vt 2.83973 -2.30179 
vt 2.89888 -2.39294 
vt 2.89491 -2.38548 
vt 2.83119 -2.30048 
vt 2.82102 -2.29024 
vt 2.82099 -2.30369 
vt 2.7132 -2.25084 
vt 2.70645 -2.28123 
vt 2.77714 -2.32101 
vt 2.69337 -2.09314 
vt 2.67708 -2.11851 
vt 2.68945 -2.11629 
vt 2.74721 -2.11756 
vt 2.76716 -2.08924 
vt 2.72275 -2.08448 
vt 2.71525 -2.1162 
vt 2.76937 -2.11497 
vt 2.79169 -2.11077 
vt 2.80706 -2.07387 
vt 2.81915 -2.10403 
vt 2.84876 -2.36661 
vt 2.58376 -2.29024 
vt 2.60752 -2.28391 
vt 2.60712 -2.27447 
vt 2.59759 -2.28462 
vt 2.57547 -2.27697 
vt 2.5631 -2.27049 
vt 2.59271 -2.2601 
vt 2.69703 -2.45046 
vt 2.57751 -2.25204 
vt 2.71285 -2.44789 
vt 2.7298 -2.46284 
vt 2.7257 -2.45917 
vt 2.69153 -2.42049 
vt 2.79795 -2.49398 
vt 2.79477 -2.48425 
vt 2.71115 -2.41471 
vt 2.72831 -2.41429 
vt 2.84474 -2.30029 
vt 2.70953 -2.37596 
vt 2.7076 -2.33813 
vt 2.68889 -2.37685 
vt 2.68316 -2.38973 
vt 2.70497 -2.30817 
vt 2.68927 -2.33565 
vt 2.79929 -2.4356 
vt 2.7941 -2.43529 
vt 2.6872 -2.30361 
vt 2.79499 -2.46469 
vt 2.77816 -2.46409 
vt 2.76247 -2.47128 
vt 2.62282 -2.19718 
vt 2.74905 -2.39183 
vt 2.68459 -2.27579 
vt 2.75568 -2.44175 
vt 2.78933 -2.3861 
vt 2.77383 -2.43222 
vt 2.6248 -2.19235 
vt 2.6491 -2.16888 
vt 2.67782 -2.26822 
vt 2.76857 -2.38722 
vt 2.67399 -2.13671 
vt 2.70965 -2.30222 
vt 2.70007 -2.1466 
vt 2.78374 -2.34265 
vt 2.70171 -2.04987 
vt 2.72241 -2.04338 
vt 2.7224 -2.19801 
vt 2.73526 -2.15187 
vt 2.75973 -2.04159 
vt 2.76625 -2.19995 
vt 2.76874 -2.15051 
vt 2.79473 -2.33386 
vt 2.7984 -2.03938 
vt 2.80643 -2.19554 
vt 2.8015 -2.14593 
vt 2.82499 -2.06964 
vt 2.81912 -2.04168 
vt 2.82902 -2.14026 
vt 2.76667 -2.25144 
vt 2.81157 -2.24517 
vt 2.83762 -2.18716 
vt 2.85095 -2.18199 
vt 2.84523 -2.23279 
vt 2.9096 -2.38897 
vt 2.91693 -2.3792 
vt 2.91019 -2.37422 
vt 2.9025 -2.38032 
vt 2.85433 -2.26751 
vt 2.92085 -2.38358 
vt 2.91693 -2.3792 
vt 2.9096 -2.38897 
vt 2.86757 -2.28752 
vt 2.8836 -2.30899 
vt 2.88692 -2.29746 
vt 2.87711 -2.27924 
vt 2.868 -2.25755 
vt 2.90452 -2.39666 
vt 2.9061 -2.36033 
vt 2.89322 -2.36549 
vt 2.86448 -2.31959 
vt 2.89814 -2.33739 
vt 2.88057 -2.34397 
vt 2.88805 -2.38574 
vt 2.91673 -2.36479 
vt 2.91066 -2.34674 
vt 2.59246 -2.23672 
vt 2.60358 -2.22665 
vt 2.6097 -2.24184 
vt 2.62333 -2.26032 

usemtl MetalHand1Mtl

f 3/3/3 4/4/4 5/5/5 
f 5/5/5 6/6/6 3/3/3 
f 9/9/9 10/10/10 11/11/11 
f 11/11/11 12/12/12 9/9/9 
f 17/17/17 18/18/18 19/19/19 
f 19/19/19 20/20/20 17/17/17 
f 17/17/17 20/20/20 21/21/21 
f 5/5/5 24/24/24 25/25/25 
f 25/25/25 6/6/6 5/5/5 
f 41/41/41 42/42/42 12/12/12 
f 12/12/12 43/43/43 41/41/41 
f 40/40/40 12/12/12 11/11/11 
f 39/39/39 43/43/43 12/12/12 
f 12/12/12 40/40/40 39/39/39 
f 44/44/44 45/45/45 46/46/46 
f 47/47/47 48/48/48 49/49/49 
f 49/49/49 50/50/50 47/47/47 
f 51/51/51 49/49/49 48/48/48 
f 44/44/44 46/46/46 53/53/53 
f 53/53/53 54/54/54 44/44/44 
f 50/50/50 55/55/55 56/56/56 
f 56/56/56 47/47/47 50/50/50 
f 59/59/59 57/57/57 58/58/58 
f 65/65/65 66/66/66 67/67/67 
f 68/68/68 65/65/65 67/67/67 
f 43/43/43 70/70/70 41/41/41 
f 31/31/31 73/73/73 74/74/74 
f 74/74/74 32/32/32 31/31/31 
f 12/12/12 42/42/42 9/9/9 
f 78/78/78 19/19/19 18/18/18 
f 18/18/18 72/72/72 78/78/78 
f 73/73/73 79/79/79 80/80/80 
f 80/80/80 74/74/74 73/73/73 
f 29/29/29 81/81/81 82/82/82 
f 82/82/82 30/30/30 29/29/29 
f 76/76/76 75/75/75 19/19/19 
f 19/19/19 78/78/78 76/76/76 
f 10/10/10 35/35/35 36/36/36 
f 36/36/36 11/11/11 10/10/10 
f 85/85/85 78/78/78 72/72/72 
f 72/72/72 77/77/77 85/85/85 
f 81/81/81 86/86/86 87/87/87 
f 87/87/87 82/82/82 81/81/81 
f 84/84/84 76/76/76 78/78/78 
f 78/78/78 85/85/85 84/84/84 
f 86/86/86 92/92/92 93/93/93 
f 93/93/93 87/87/87 86/86/86 
f 79/79/79 90/90/90 94/94/94 
f 94/94/94 95/95/95 79/79/79 
f 84/84/84 85/85/85 98/98/98 
f 92/92/92 100/100/100 101/101/101 
f 101/101/101 93/93/93 92/92/92 
f 97/97/97 102/102/102 103/103/103 
f 103/103/103 96/96/96 97/97/97 
f 99/99/99 105/105/105 106/106/106 
f 106/106/106 90/90/90 99/99/99 
f 107/107/107 108/108/108 101/101/101 
f 101/101/101 100/100/100 107/107/107 
f 109/109/109 103/103/103 102/102/102 
f 102/102/102 110/110/110 109/109/109 
f 113/113/113 114/114/114 112/112/112 
f 115/115/115 116/116/116 117/117/117 
f 119/119/119 120/120/120 121/121/121 
f 104/104/104 122/122/122 105/105/105 
f 105/105/105 99/99/99 104/104/104 
f 123/123/123 124/124/124 108/108/108 
f 108/108/108 107/107/107 123/123/123 
f 125/125/125 109/109/109 110/110/110 
f 110/110/110 126/126/126 125/125/125 
f 117/117/117 120/120/120 119/119/119 
f 119/119/119 115/115/115 117/117/117 
f 114/114/114 113/113/113 128/128/128 
f 118/118/118 130/130/130 122/122/122 
f 122/122/122 104/104/104 118/118/118 
f 131/131/131 132/132/132 124/124/124 
f 124/124/124 123/123/123 131/131/131 
f 111/111/111 119/119/119 121/121/121 
f 121/121/121 133/133/133 111/111/111 
f 134/134/134 135/135/135 125/125/125 
f 125/125/125 126/126/126 134/134/134 
f 137/137/137 33/33/33 34/34/34 
f 114/114/114 138/138/138 139/139/139 
f 139/139/139 112/112/112 114/114/114 
f 13/13/13 111/111/111 133/133/133 
f 133/133/133 14/14/14 13/13/13 
f 140/140/140 6/6/6 25/25/25 
f 129/129/129 141/141/141 138/138/138 
f 138/138/138 114/114/114 129/129/129 
f 132/132/132 131/131/131 4/4/4 
f 4/4/4 3/3/3 132/132/132 
f 116/116/116 115/115/115 15/15/15 
f 15/15/15 91/91/91 116/116/116 
f 143/143/143 144/144/144 135/135/135 
f 135/135/135 134/134/134 143/143/143 
f 145/145/145 137/137/137 136/136/136 
f 112/112/112 139/139/139 147/147/147 
f 144/144/144 143/143/143 59/59/59 
f 59/59/59 58/58/58 144/144/144 
f 149/149/149 150/150/150 145/145/145 
f 145/145/145 146/146/146 149/149/149 
f 151/151/151 152/152/152 66/66/66 
f 66/66/66 65/65/65 151/151/151 
f 66/66/66 147/147/147 139/139/139 
f 139/139/139 67/67/67 66/66/66 
f 151/151/151 65/65/65 153/153/153 
f 153/153/153 154/154/154 151/151/151 
f 150/150/150 149/149/149 156/156/156 
f 156/156/156 157/157/157 150/150/150 
f 147/147/147 66/66/66 152/152/152 
f 79/79/79 95/95/95 80/80/80 
f 157/157/157 156/156/156 159/159/159 
f 159/159/159 160/160/160 157/157/157 
f 70/70/70 43/43/43 38/38/38 
f 38/38/38 158/158/158 70/70/70 
f 160/160/160 159/159/159 62/62/62 
f 62/62/62 63/63/63 160/160/160 
f 90/90/90 106/106/106 94/94/94 
f 46/46/46 45/45/45 51/51/51 
f 51/51/51 48/48/48 46/46/46 
f 118/118/118 28/28/28 27/27/27 
f 27/27/27 130/130/130 118/118/118 
f 128/128/128 164/164/164 16/16/16 
f 113/113/113 165/165/165 164/164/164 
f 164/164/164 128/128/128 113/113/113 
f 88/88/88 98/98/98 166/166/166 
f 166/166/166 167/167/167 88/88/88 
f 166/166/166 164/164/164 165/165/165 
f 165/165/165 167/167/167 166/166/166 
f 138/138/138 69/69/69 67/67/67 
f 67/67/67 139/139/139 138/138/138 
f 141/141/141 69/69/69 138/138/138 
f 173/173/173 175/175/175 174/174/174 
f 181/181/181 180/180/180 179/179/179 
f 186/186/186 184/184/184 182/182/182 
f 189/189/189 190/190/190 188/188/188 
f 176/176/176 172/172/172 174/174/174 
f 178/178/178 199/199/199 186/186/186 
f 186/186/186 183/183/183 178/178/178 
f 199/199/199 201/201/201 202/202/202 
f 202/202/202 186/186/186 199/199/199 
f 200/200/200 202/202/202 201/201/201 
f 201/201/201 168/168/168 200/200/200 
f 174/174/174 175/175/175 191/191/191 
f 203/203/203 204/204/204 198/198/198 
f 198/198/198 197/197/197 203/203/203 
f 195/195/195 194/194/194 205/205/205 
f 205/205/205 206/206/206 195/195/195 
f 207/207/207 203/203/203 197/197/197 
f 197/197/197 196/196/196 207/207/207 
f 196/196/196 195/195/195 206/206/206 
f 206/206/206 207/207/207 196/196/196 
f 222/222/222 219/219/219 218/218/218 
f 231/231/231 232/232/232 233/233/233 
f 233/233/233 234/234/234 231/231/231 
f 236/236/236 237/237/237 238/238/238 
f 239/239/239 240/240/240 241/241/241 
f 242/242/242 243/243/243 244/244/244 
f 245/245/245 246/246/246 247/247/247 
f 241/241/241 240/240/240 248/248/248 
f 249/249/249 250/250/250 251/251/251 
f 251/251/251 252/252/252 249/249/249 
f 253/253/253 254/254/254 255/255/255 
f 260/260/260 257/257/257 259/259/259 
f 263/263/263 264/264/264 234/234/234 
f 265/265/265 266/266/266 267/267/267 
f 268/268/268 269/269/269 270/270/270 
f 270/270/270 271/271/271 268/268/268 
f 272/272/272 222/222/222 221/221/221 
f 273/273/273 276/276/276 277/277/277 
f 277/277/277 274/274/274 273/273/273 
f 276/276/276 280/280/280 281/281/281 
f 281/281/281 277/277/277 276/276/276 
f 282/282/282 278/278/278 274/274/274 
f 274/274/274 277/277/277 282/282/282 
f 222/222/222 272/272/272 284/284/284 
f 284/284/284 285/285/285 222/222/222 
f 277/277/277 281/281/281 286/286/286 
f 286/286/286 282/282/282 277/277/277 
f 287/287/287 288/288/288 278/278/278 
f 278/278/278 282/282/282 287/287/287 
f 225/225/225 283/283/283 290/290/290 
f 282/282/282 286/286/286 295/295/295 
f 295/295/295 287/287/287 282/282/282 
f 290/290/290 289/289/289 226/226/226 
f 226/226/226 223/223/223 290/290/290 
f 283/283/283 291/291/291 297/297/297 
f 297/297/297 290/290/290 283/283/283 
f 297/297/297 296/296/296 289/289/289 
f 289/289/289 290/290/290 297/297/297 
f 301/301/301 297/297/297 291/291/291 
f 291/291/291 298/298/298 301/301/301 
f 305/305/305 306/306/306 292/292/292 
f 301/301/301 300/300/300 296/296/296 
f 296/296/296 297/297/297 301/301/301 
f 298/298/298 303/303/303 309/309/309 
f 309/309/309 301/301/301 298/298/298 
f 311/311/311 312/312/312 306/306/306 
f 306/306/306 305/305/305 311/311/311 
f 313/313/313 285/285/285 314/314/314 
f 307/307/307 317/317/317 309/309/309 
f 309/309/309 303/303/303 307/307/307 
f 309/309/309 308/308/308 300/300/300 
f 300/300/300 301/301/301 309/309/309 
f 304/304/304 310/310/310 311/311/311 
f 311/311/311 305/305/305 304/304/304 
f 311/311/311 319/319/319 320/320/320 
f 320/320/320 312/312/312 311/311/311 
f 315/315/315 322/322/322 317/317/317 
f 317/317/317 307/307/307 315/315/315 
f 317/317/317 316/316/316 308/308/308 
f 308/308/308 309/309/309 317/317/317 
f 310/310/310 318/318/318 319/319/319 
f 319/319/319 311/311/311 310/310/310 
f 319/319/319 324/324/324 325/325/325 
f 325/325/325 320/320/320 319/319/319 
f 219/219/219 313/313/313 327/327/327 
f 315/315/315 321/321/321 329/329/329 
f 329/329/329 322/322/322 315/315/315 
f 322/322/322 259/259/259 316/316/316 
f 316/316/316 317/317/317 322/322/322 
f 324/324/324 319/319/319 318/318/318 
f 318/318/318 323/323/323 324/324/324 
f 331/331/331 325/325/325 324/324/324 
f 324/324/324 332/332/332 331/331/331 
f 229/229/229 326/326/326 328/328/328 
f 334/334/334 327/327/327 313/313/313 
f 321/321/321 211/211/211 337/337/337 
f 337/337/337 329/329/329 321/321/321 
f 260/260/260 259/259/259 322/322/322 
f 322/322/322 329/329/329 260/260/260 
f 258/258/258 257/257/257 253/253/253 
f 253/253/253 256/256/256 258/258/258 
f 330/330/330 332/332/332 324/324/324 
f 324/324/324 323/323/323 330/330/330 
f 262/262/262 331/331/331 332/332/332 
f 332/332/332 338/338/338 262/262/262 
f 333/333/333 336/336/336 328/328/328 
f 328/328/328 326/326/326 333/333/333 
f 342/342/342 343/343/343 327/327/327 
f 327/327/327 334/334/334 342/342/342 
f 211/211/211 343/343/343 245/245/245 
f 245/245/245 337/337/337 211/211/211 
f 346/346/346 260/260/260 329/329/329 
f 329/329/329 337/337/337 346/346/346 
f 257/257/257 260/260/260 254/254/254 
f 254/254/254 253/253/253 257/257/257 
f 332/332/332 330/330/330 255/255/255 
f 255/255/255 338/338/338 332/332/332 
f 339/339/339 345/345/345 336/336/336 
f 336/336/336 333/333/333 339/339/339 
f 341/341/341 342/342/342 334/334/334 
f 246/246/246 343/343/343 342/342/342 
f 271/271/271 270/270/270 348/348/348 
f 348/348/348 349/349/349 271/271/271 
f 247/247/247 346/346/346 337/337/337 
f 337/337/337 245/245/245 247/247/247 
f 260/260/260 346/346/346 352/352/352 
f 352/352/352 254/254/254 260/260/260 
f 338/338/338 255/255/255 254/254/254 
f 254/254/254 251/251/251 338/338/338 
f 345/345/345 339/339/339 347/347/347 
f 347/347/347 350/350/350 345/345/345 
f 269/269/269 246/246/246 342/342/342 
f 342/342/342 341/341/341 269/269/269 
f 247/247/247 246/246/246 240/240/240 
f 240/240/240 239/239/239 247/247/247 
f 349/349/349 354/354/354 355/355/355 
f 355/355/355 271/271/271 349/349/349 
f 351/351/351 350/350/350 356/356/356 
f 356/356/356 357/357/357 351/351/351 
f 346/346/346 247/247/247 239/239/239 
f 239/239/239 352/352/352 346/346/346 
f 251/251/251 254/254/254 352/352/352 
f 352/352/352 252/252/252 251/251/251 
f 261/261/261 266/266/266 265/265/265 
f 350/350/350 347/347/347 353/353/353 
f 353/353/353 356/356/356 350/350/350 
f 268/268/268 240/240/240 246/246/246 
f 246/246/246 269/269/269 268/268/268 
f 358/358/358 355/355/355 354/354/354 
f 354/354/354 359/359/359 358/358/358 
f 360/360/360 268/268/268 271/271/271 
f 271/271/271 355/355/355 360/360/360 
f 357/357/357 356/356/356 361/361/361 
f 361/361/361 209/209/209 357/357/357 
f 241/241/241 252/252/252 352/352/352 
f 352/352/352 239/239/239 241/241/241 
f 266/266/266 261/261/261 250/250/250 
f 250/250/250 362/362/362 266/266/266 
f 356/356/356 353/353/353 267/267/267 
f 267/267/267 361/361/361 356/356/356 
f 243/243/243 240/240/240 268/268/268 
f 268/268/268 360/360/360 243/243/243 
f 363/363/363 360/360/360 355/355/355 
f 355/355/355 358/358/358 363/363/363 
f 242/242/242 248/248/248 240/240/240 
f 240/240/240 243/243/243 242/242/242 
f 248/248/248 249/249/249 252/252/252 
f 252/252/252 241/241/241 248/248/248 
f 362/362/362 250/250/250 249/249/249 
f 249/249/249 364/364/364 362/362/362 
f 361/361/361 267/267/267 362/362/362 
f 362/362/362 365/365/365 361/361/361 
f 237/237/237 243/243/243 360/360/360 
f 360/360/360 363/363/363 237/237/237 
f 364/364/364 249/249/249 248/248/248 
f 248/248/248 242/242/242 364/364/364 
f 365/365/365 362/362/362 364/364/364 
f 364/364/364 366/366/366 365/365/365 
f 213/213/213 327/327/327 343/343/343 
f 343/343/343 211/211/211 213/213/213 
f 366/366/366 364/364/364 242/242/242 
f 242/242/242 244/244/244 366/366/366 
f 208/208/208 263/263/263 233/233/233 
f 368/368/368 366/366/366 244/244/244 
f 244/244/244 369/369/369 368/368/368 
f 236/236/236 369/369/369 243/243/243 
f 243/243/243 237/237/237 236/236/236 
f 263/263/263 208/208/208 210/210/210 
f 210/210/210 264/264/264 263/263/263 
f 370/370/370 368/368/368 369/369/369 
f 369/369/369 236/236/236 370/370/370 
f 371/371/371 370/370/370 236/236/236 
f 236/236/236 238/238/238 371/371/371 
f 264/264/264 210/210/210 368/368/368 
f 368/368/368 370/370/370 264/264/264 
f 374/374/374 264/264/264 370/370/370 
f 370/370/370 371/371/371 374/374/374 
f 372/372/372 375/375/375 377/377/377 
f 264/264/264 374/374/374 377/377/377 
f 377/377/377 234/234/234 264/264/264 
f 375/375/375 376/376/376 383/383/383 
f 383/383/383 377/377/377 375/375/375 
f 250/250/250 262/262/262 338/338/338 
f 338/338/338 251/251/251 250/250/250 
f 362/362/362 267/267/267 266/266/266 
f 377/377/377 383/383/383 231/231/231 
f 231/231/231 234/234/234 377/377/377 
f 376/376/376 382/382/382 387/387/387 
f 387/387/387 383/383/383 376/376/376 
f 232/232/232 231/231/231 388/388/388 
f 388/388/388 389/389/389 232/232/232 
f 385/385/385 380/380/380 378/378/378 
f 378/378/378 384/384/384 385/385/385 
f 386/386/386 381/381/381 385/385/385 
f 385/385/385 392/392/392 386/386/386 
f 382/382/382 386/386/386 392/392/392 
f 392/392/392 387/387/387 382/382/382 
f 383/383/383 387/387/387 388/388/388 
f 388/388/388 231/231/231 383/383/383 
f 388/388/388 390/390/390 391/391/391 
f 391/391/391 389/389/389 388/388/388 
f 392/392/392 385/385/385 384/384/384 
f 384/384/384 390/390/390 392/392/392 
f 387/387/387 392/392/392 390/390/390 
f 390/390/390 388/388/388 387/387/387 
f 366/366/366 368/368/368 210/210/210 
f 210/210/210 365/365/365 366/366/366 
f 243/243/243 369/369/369 244/244/244 
f 285/285/285 313/313/313 219/219/219 
f 219/219/219 222/222/222 285/285/285 
f 365/365/365 210/210/210 209/209/209 
f 209/209/209 361/361/361 365/365/365 
f 245/245/245 343/343/343 246/246/246 
f 270/270/270 269/269/269 341/341/341 
f 341/341/341 340/340/340 270/270/270 
f 270/270/270 340/340/340 344/344/344 
f 344/344/344 348/348/348 270/270/270 
f 285/285/285 284/284/284 395/395/395 
f 395/395/395 314/314/314 285/285/285 
f 287/287/287 295/295/295 396/396/396 
f 396/396/396 397/397/397 287/287/287 
f 288/288/288 287/287/287 397/397/397 
f 397/397/397 393/393/393 288/288/288 
f 272/272/272 393/393/393 397/397/397 
f 397/397/397 284/284/284 272/272/272 
f 284/284/284 397/397/397 396/396/396 
f 396/396/396 395/395/395 284/284/284 
f 398/398/398 399/399/399 400/400/400 
f 401/401/401 402/402/402 403/403/403 
f 403/403/403 404/404/404 401/401/401 
f 405/405/405 406/406/406 407/407/407 
f 407/407/407 408/408/408 405/405/405 
f 429/429/429 430/430/430 431/431/431 
f 433/433/433 434/434/434 435/435/435 
f 428/428/428 433/433/433 435/435/435 
f 398/398/398 436/436/436 399/399/399 
f 422/422/422 440/440/440 441/441/441 
f 441/441/441 420/420/420 422/422/422 
f 442/442/442 420/420/420 441/441/441 
f 440/440/440 422/422/422 443/443/443 
f 443/443/443 422/422/422 419/419/419 
f 419/419/419 444/444/444 443/443/443 
f 444/444/444 419/419/419 417/417/417 
f 417/417/417 416/416/416 444/444/444 
f 445/445/445 446/446/446 406/406/406 
f 406/406/406 405/405/405 445/445/445 
f 447/447/447 448/448/448 449/449/449 
f 414/414/414 413/413/413 451/451/451 
f 451/451/451 452/452/452 414/414/414 
f 411/411/411 410/410/410 455/455/455 
f 455/455/455 456/456/456 411/411/411 
f 451/451/451 457/457/457 458/458/458 
f 451/451/451 458/458/458 450/450/450 
f 462/462/462 463/463/463 456/456/456 
f 456/456/456 455/455/455 462/462/462 
f 464/464/464 465/465/465 463/463/463 
f 463/463/463 462/462/462 464/464/464 
f 466/466/466 402/402/402 458/458/458 
f 458/458/458 467/467/467 466/466/466 
f 468/468/468 469/469/469 460/460/460 
f 460/460/460 459/459/459 468/468/468 
f 470/470/470 471/471/471 472/472/472 
f 473/473/473 474/474/474 465/465/465 
f 465/465/465 464/464/464 473/473/473 
f 454/454/454 453/453/453 475/475/475 
f 475/475/475 476/476/476 454/454/454 
f 472/472/472 471/471/471 476/476/476 
f 476/476/476 475/475/475 472/472/472 
f 477/477/477 478/478/478 469/469/469 
f 469/469/469 468/468/468 477/477/477 
f 473/473/473 479/479/479 480/480/480 
f 480/480/480 474/474/474 473/473/473 
f 482/482/482 483/483/483 478/478/478 
f 478/478/478 477/477/477 482/482/482 
f 484/484/484 485/485/485 471/471/471 
f 471/471/471 470/470/470 484/484/484 
f 430/430/430 480/480/480 479/479/479 
f 479/479/479 431/431/431 430/430/430 
f 486/486/486 487/487/487 483/483/483 
f 483/483/483 482/482/482 486/486/486 
f 488/488/488 405/405/405 408/408/408 
f 408/408/408 415/415/415 488/488/488 
f 486/486/486 489/489/489 490/490/490 
f 490/490/490 487/487/487 486/486/486 
f 491/491/491 485/485/485 484/484/484 
f 405/405/405 488/488/488 492/492/492 
f 492/492/492 445/445/445 405/405/405 
f 434/434/434 490/490/490 489/489/489 
f 489/489/489 435/435/435 434/434/434 
f 445/445/445 492/492/492 494/494/494 
f 494/494/494 495/495/495 445/445/445 
f 493/493/493 485/485/485 491/491/491 
f 491/491/491 496/496/496 493/493/493 
f 467/467/467 458/458/458 457/457/457 
f 446/446/446 445/445/445 495/495/495 
f 495/495/495 498/498/498 446/446/446 
f 494/494/494 499/499/499 500/500/500 
f 500/500/500 495/495/495 494/494/494 
f 495/495/495 500/500/500 504/504/504 
f 504/504/504 498/498/498 495/495/495 
f 437/437/437 434/434/434 433/433/433 
f 502/502/502 438/438/438 507/507/507 
f 500/500/500 503/503/503 509/509/509 
f 509/509/509 504/504/504 500/500/500 
f 403/403/403 402/402/402 466/466/466 
f 505/505/505 506/506/506 511/511/511 
f 511/511/511 512/512/512 505/505/505 
f 438/438/438 439/439/439 514/514/514 
f 514/514/514 507/507/507 438/438/438 
f 436/436/436 509/509/509 503/503/503 
f 503/503/503 399/399/399 436/436/436 
f 512/512/512 516/516/516 513/513/513 
f 513/513/513 505/505/505 512/512/512 
f 439/439/439 515/515/515 517/517/517 
f 517/517/517 514/514/514 439/439/439 
f 421/421/421 420/420/420 442/442/442 
f 442/442/442 519/519/519 421/421/421 
f 513/513/513 516/516/516 521/521/521 
f 521/521/521 426/426/426 513/513/513 
f 522/522/522 517/517/517 515/515/515 
f 515/515/515 518/518/518 522/522/522 
f 519/519/519 425/425/425 424/424/424 
f 526/526/526 527/527/527 426/426/426 
f 426/426/426 521/521/521 526/526/526 
f 529/529/529 522/522/522 518/518/518 
f 518/518/518 523/523/523 529/529/529 
f 423/423/423 436/436/436 398/398/398 
f 536/536/536 537/537/537 527/527/527 
f 527/527/527 526/526/526 536/536/536 
f 538/538/538 529/529/529 523/523/523 
f 523/523/523 528/528/528 538/538/538 
f 427/427/427 527/527/527 537/537/537 
f 537/537/537 539/539/539 427/427/427 
f 540/540/540 537/537/537 536/536/536 
f 536/536/536 541/541/541 540/540/540 
f 539/539/539 537/537/537 540/540/540 
f 540/540/540 543/543/543 539/539/539 
f 544/544/544 540/540/540 541/541/541 
f 541/541/541 545/545/545 544/544/544 
f 531/531/531 530/530/530 547/547/547 
f 547/547/547 548/548/548 531/531/531 
f 545/545/545 549/549/549 550/550/550 
f 550/550/550 544/544/544 545/545/545 
f 551/551/551 543/543/543 540/540/540 
f 552/552/552 547/547/547 530/530/530 
f 530/530/530 532/532/532 552/552/552 
f 548/548/548 547/547/547 553/553/553 
f 553/553/553 554/554/554 548/548/548 
f 555/555/555 556/556/556 533/533/533 
f 533/533/533 546/546/546 555/555/555 
f 557/557/557 550/550/550 549/549/549 
f 549/549/549 558/558/558 557/557/557 
f 559/559/559 553/553/553 547/547/547 
f 547/547/547 552/552/552 559/559/559 
f 554/554/554 553/553/553 560/560/560 
f 560/560/560 561/561/561 554/554/554 
f 560/560/560 557/557/557 558/558/558 
f 558/558/558 561/561/561 560/560/560 
f 527/527/527 427/427/427 426/426/426 
f 534/534/534 533/533/533 556/556/556 
f 562/562/562 546/546/546 542/542/542 
f 555/555/555 546/546/546 562/562/562 
f 578/578/578 579/579/579 575/575/575 
f 576/576/576 575/575/575 580/580/580 
f 580/580/580 581/581/581 576/576/576 
f 575/575/575 579/579/579 582/582/582 
f 582/582/582 580/580/580 575/575/575 
f 570/570/570 584/584/584 574/574/574 
f 585/585/585 586/586/586 587/587/587 
f 587/587/587 584/584/584 585/585/585 
f 583/583/583 588/588/588 589/589/589 
f 590/590/590 585/585/585 584/584/584 
f 584/584/584 570/570/570 590/590/590 
f 591/591/591 592/592/592 593/593/593 
f 593/593/593 594/594/594 591/591/591 
f 595/595/595 596/596/596 592/592/592 
f 592/592/592 591/591/591 595/595/595 
f 599/599/599 600/600/600 598/598/598 
f 601/601/601 602/602/602 572/572/572 
f 572/572/572 571/571/571 601/601/601 
f 603/603/603 602/602/602 601/601/601 
f 601/601/601 604/604/604 603/603/603 
f 588/588/588 621/621/621 620/620/620 
f 570/570/570 569/569/569 622/622/622 
f 622/622/622 590/590/590 570/570/570 
f 582/582/582 623/623/623 624/624/624 
f 624/624/624 580/580/580 582/582/582 
f 625/625/625 626/626/626 627/627/627 
f 627/627/627 628/628/628 625/625/625 
f 629/629/629 631/631/631 624/624/624 
f 623/623/623 629/629/629 624/624/624 
f 628/628/628 627/627/627 633/633/633 
f 633/633/633 634/634/634 628/628/628 
f 636/636/636 591/591/591 594/594/594 
f 637/637/637 638/638/638 639/639/639 
f 639/639/639 640/640/640 637/637/637 
f 614/614/614 611/611/611 641/641/641 
f 642/642/642 573/573/573 565/565/565 
f 565/565/565 566/566/566 642/642/642 
f 643/643/643 640/640/640 639/639/639 
f 639/639/639 644/644/644 643/643/643 
f 637/637/637 640/640/640 646/646/646 
f 643/643/643 645/645/645 646/646/646 
f 646/646/646 640/640/640 643/643/643 
f 604/604/604 650/650/650 651/651/651 
f 652/652/652 602/602/602 603/603/603 
f 650/650/650 655/655/655 654/654/654 
f 658/658/658 605/605/605 656/656/656 
f 656/656/656 657/657/657 658/658/658 
f 611/611/611 607/607/607 659/659/659 
f 664/664/664 665/665/665 662/662/662 
f 666/666/666 665/665/665 664/664/664 
f 664/664/664 667/667/667 666/666/666 
f 668/668/668 666/666/666 667/667/667 
f 667/667/667 669/669/669 668/668/668 
f 587/587/587 615/615/615 574/574/574 
f 574/574/574 584/584/584 587/587/587 
f 671/671/671 668/668/668 669/669/669 
f 669/669/669 672/672/672 671/671/671 
f 670/670/670 665/665/665 666/666/666 
f 666/666/666 668/668/668 670/670/670 
f 610/610/610 609/609/609 619/619/619 
f 673/673/673 671/671/671 672/672/672 
f 672/672/672 674/674/674 673/673/673 
f 635/635/635 676/676/676 677/677/677 
f 634/634/634 633/633/633 635/635/635 
f 635/635/635 677/677/677 634/634/634 
f 678/678/678 630/630/630 629/629/629 
f 629/629/629 679/679/679 678/678/678 
f 569/569/569 678/678/678 679/679/679 
f 679/679/679 622/622/622 569/569/569 
f 676/676/676 620/620/620 621/621/621 
f 621/621/621 677/677/677 676/676/676 
f 682/682/682 683/683/683 684/684/684 
f 684/684/684 685/685/685 682/682/682 
f 687/687/687 688/688/688 689/689/689 
f 689/689/689 690/690/690 687/687/687 
f 680/680/680 691/691/691 692/692/692 
f 692/692/692 693/693/693 680/680/680 
f 691/691/691 694/694/694 695/695/695 
f 695/695/695 692/692/692 691/691/691 
f 695/695/695 696/696/696 697/697/697 
f 697/697/697 692/692/692 695/695/695 
f 682/682/682 698/698/698 699/699/699 
f 699/699/699 700/700/700 682/682/682 
f 700/700/700 701/701/701 683/683/683 
f 683/683/683 682/682/682 700/700/700 
f 698/698/698 682/682/682 685/685/685 
f 713/713/713 714/714/714 715/715/715 
f 715/715/715 716/716/716 713/713/713 
f 714/714/714 713/713/713 717/717/717 
f 719/719/719 720/720/720 721/721/721 
f 721/721/721 722/722/722 719/719/719 
f 723/723/723 722/722/722 721/721/721 
f 721/721/721 724/724/724 723/723/723 
f 720/720/720 725/725/725 726/726/726 
f 726/726/726 721/721/721 720/720/720 
f 727/727/727 728/728/728 729/729/729 
f 729/729/729 730/730/730 727/727/727 
f 729/729/729 731/731/731 732/732/732 
f 732/732/732 733/733/733 729/729/729 
f 734/734/734 726/726/726 725/725/725 
f 725/725/725 735/735/735 734/734/734 
f 726/726/726 686/686/686 724/724/724 
f 724/724/724 721/721/721 726/726/726 
f 731/731/731 729/729/729 728/728/728 
f 728/728/728 736/736/736 731/731/731 
f 731/731/731 734/734/734 735/735/735 
f 735/735/735 732/732/732 731/731/731 
f 686/686/686 726/726/726 734/734/734 
f 745/745/745 746/746/746 747/747/747 
f 746/746/746 696/696/696 730/730/730 
f 730/730/730 747/747/747 746/746/746 
f 729/729/729 733/733/733 747/747/747 
f 747/747/747 730/730/730 729/729/729 
f 697/697/697 748/748/748 749/749/749 
f 692/692/692 697/697/697 693/693/693 
f 750/750/750 696/696/696 695/695/695 
f 754/754/754 755/755/755 756/756/756 
f 756/756/756 757/757/757 754/754/754 
f 758/758/758 755/755/755 754/754/754 
f 758/758/758 759/759/759 755/755/755 
f 760/760/760 755/755/755 759/759/759 
f 759/759/759 761/761/761 760/760/760 
f 763/763/763 767/767/767 707/707/707 
f 707/707/707 706/706/706 763/763/763 
f 768/768/768 703/703/703 707/707/707 
f 707/707/707 767/767/767 768/768/768 
f 766/766/766 765/765/765 769/769/769 
f 766/766/766 769/769/769 767/767/767 
f 763/763/763 766/766/766 767/767/767 
f 771/771/771 768/768/768 767/767/767 
f 767/767/767 769/769/769 771/771/771 
f 772/772/772 770/770/770 715/715/715 
f 715/715/715 714/714/714 772/772/772 
f 774/774/774 772/772/772 714/714/714 
f 714/714/714 718/718/718 774/774/774 
f 776/776/776 777/777/777 690/690/690 
f 690/690/690 689/689/689 776/776/776 
f 778/778/778 775/775/775 770/770/770 
f 770/770/770 772/772/772 778/778/778 
f 779/779/779 778/778/778 772/772/772 
f 746/746/746 745/745/745 780/780/780 
f 781/781/781 681/681/681 680/680/680 
f 680/680/680 782/782/782 781/781/781 
f 778/778/778 781/781/781 783/783/783 
f 783/783/783 775/775/775 778/778/778 
f 696/696/696 727/727/727 730/730/730 
f 696/696/696 750/750/750 727/727/727 
f 781/781/781 778/778/778 779/779/779 
f 779/779/779 681/681/681 781/781/781 
f 782/782/782 680/680/680 693/693/693 
f 693/693/693 785/785/785 782/782/782 
f 782/782/782 786/786/786 783/783/783 
f 783/783/783 781/781/781 782/782/782 
f 785/785/785 693/693/693 697/697/697 
f 697/697/697 749/749/749 785/785/785 
f 785/785/785 789/789/789 786/786/786 
f 786/786/786 782/782/782 785/785/785 
f 791/791/791 792/792/792 687/687/687 
f 687/687/687 690/690/690 791/791/791 
f 749/749/749 795/795/795 789/789/789 
f 789/789/789 785/785/785 749/749/749 
f 777/777/777 790/790/790 791/791/791 
f 791/791/791 690/690/690 777/777/777 
f 796/796/796 792/792/792 791/791/791 
f 791/791/791 798/798/798 796/796/796 
f 788/788/788 798/798/798 791/791/791 
f 791/791/791 790/790/790 788/788/788 
f 798/798/798 802/802/802 794/794/794 
f 794/794/794 796/796/796 798/798/798 
f 797/797/797 802/802/802 798/798/798 
f 798/798/798 788/788/788 797/797/797 
f 794/794/794 802/802/802 694/694/694 
f 694/694/694 691/691/691 794/794/794 
f 753/753/753 757/757/757 756/756/756 
f 699/699/699 805/805/805 803/803/803 
f 803/803/803 800/800/800 699/699/699 
f 802/802/802 797/797/797 806/806/806 
f 806/806/806 694/694/694 802/802/802 
f 750/750/750 695/695/695 694/694/694 
f 694/694/694 806/806/806 750/750/750 
f 807/807/807 751/751/751 756/756/756 
f 756/756/756 808/808/808 807/807/807 
f 809/809/809 810/810/810 805/805/805 
f 805/805/805 699/699/699 809/809/809 
f 728/728/728 727/727/727 750/750/750 
f 750/750/750 806/806/806 728/728/728 
f 811/811/811 808/808/808 756/756/756 
f 756/756/756 755/755/755 811/811/811 
f 812/812/812 813/813/813 810/810/810 
f 810/810/810 809/809/809 812/812/812 
f 757/757/757 805/805/805 810/810/810 
f 810/810/810 754/754/754 757/757/757 
f 811/811/811 755/755/755 760/760/760 
f 760/760/760 815/815/815 811/811/811 
f 816/816/816 817/817/817 813/813/813 
f 813/813/813 812/812/812 816/816/816 
f 754/754/754 810/810/810 813/813/813 
f 813/813/813 758/758/758 754/754/754 
f 818/818/818 819/819/819 815/815/815 
f 758/758/758 813/813/813 817/817/817 
f 817/817/817 759/759/759 758/758/758 
f 817/817/817 820/820/820 761/761/761 
f 761/761/761 759/759/759 817/817/817 
f 697/697/697 696/696/696 821/821/821 
f 821/821/821 748/748/748 697/697/697 
f 822/822/822 816/816/816 812/812/812 
f 812/812/812 821/821/821 822/822/822 
f 817/817/817 816/816/816 823/823/823 
f 823/823/823 820/820/820 817/817/817 
f 733/733/733 741/741/741 745/745/745 
f 745/745/745 747/747/747 733/733/733 
f 822/822/822 821/821/821 696/696/696 
f 696/696/696 746/746/746 822/822/822 
f 700/700/700 699/699/699 800/800/800 
f 800/800/800 799/799/799 700/700/700 
f 825/825/825 823/823/823 816/816/816 
f 816/816/816 822/822/822 825/825/825 
f 826/826/826 827/827/827 828/828/828 
f 828/828/828 829/829/829 826/826/826 
f 830/830/830 825/825/825 822/822/822 
f 822/822/822 746/746/746 830/830/830 
f 831/831/831 832/832/832 833/833/833 
f 753/753/753 803/803/803 805/805/805 
f 805/805/805 757/757/757 753/753/753 
f 834/834/834 835/835/835 836/836/836 
f 836/836/836 837/837/837 834/834/834 
f 780/780/780 834/834/834 830/830/830 
f 830/830/830 746/746/746 780/780/780 
f 809/809/809 699/699/699 698/698/698 
f 698/698/698 748/748/748 809/809/809 
f 837/837/837 838/838/838 830/830/830 
f 830/830/830 834/834/834 837/837/837 
f 828/828/828 840/840/840 841/841/841 
f 841/841/841 829/829/829 828/828/828 
f 743/743/743 826/826/826 829/829/829 
f 829/829/829 744/744/744 743/743/743 
f 842/842/842 835/835/835 834/834/834 
f 834/834/834 780/780/780 842/842/842 
f 841/841/841 840/840/840 843/843/843 
f 843/843/843 844/844/844 841/841/841 
f 841/841/841 738/738/738 744/744/744 
f 744/744/744 829/829/829 841/841/841 
f 821/821/821 812/812/812 809/809/809 
f 809/809/809 748/748/748 821/821/821 
f 737/737/737 842/842/842 780/780/780 
f 780/780/780 741/741/741 737/737/737 
f 844/844/844 843/843/843 835/835/835 
f 835/835/835 842/842/842 844/844/844 
f 844/844/844 739/739/739 738/738/738 
f 738/738/738 841/841/841 844/844/844 
f 749/749/749 748/748/748 712/712/712 
f 712/712/712 795/795/795 749/749/749 
f 739/739/739 844/844/844 842/842/842 
f 842/842/842 737/737/737 739/739/739 
f 840/840/840 846/846/846 847/847/847 
f 846/846/846 840/840/840 828/828/828 
f 828/828/828 827/827/827 846/846/846 
f 701/701/701 700/700/700 799/799/799 
f 849/849/849 848/848/848 850/850/850 
f 769/769/769 850/850/850 848/848/848 
f 848/848/848 771/771/771 769/769/769 
f 850/850/850 769/769/769 765/765/765 
f 765/765/765 851/851/851 850/850/850 
f 850/850/850 683/683/683 701/701/701 
f 701/701/701 849/849/849 850/850/850 
f 851/851/851 684/684/684 683/683/683 
f 683/683/683 850/850/850 851/851/851 

g StickHolder1

v -67.8149 1.1728e-05 -24.0063 
v -67.9149 1.1728e-05 -24.0063 
v -67.8149 1.18017e-05 -24.1063 
v -67.9149 1.18017e-05 -24.1063 
v -67.9149 1.30001 -24.0063 
v -67.9149 1.1728e-05 -24.0063 
v -67.8149 1.30001 -24.0063 
v -67.8149 1.1728e-05 -24.0063 
v -67.9149 1.1728e-05 -24.0063 
v -67.9149 1.30001 -24.0063 
v -67.9149 1.18017e-05 -24.1063 
v -67.9149 1.30001 -24.1063 
v -67.9149 1.30001 -24.0063 
v -67.8149 1.30001 -24.0063 
v -67.9149 1.30001 -24.1063 
v -67.8149 1.30001 -24.1063 
v -67.8149 1.30001 -24.1063 
v -67.8149 1.18017e-05 -24.1063 
v -67.9149 1.30001 -24.1063 
v -67.9149 1.18017e-05 -24.1063 
v -67.8149 1.30001 -24.0063 
v -67.8149 1.1728e-05 -24.0063 
v -67.8149 1.30001 -24.1063 
v -67.8149 1.18017e-05 -24.1063 

vn 0 -1 0 
vn 0 -1 0 
vn 0 -1 0 
vn 0 -1 0 
vn 0 0 1 
vn 0 0 1 
vn 0 0 1 
vn 0 0 1 
vn -1 0 0 
vn -1 0 0 
vn -1 0 0 
vn -1 0 0 
vn 0 1 0 
vn 0 1 0 
vn 0 1 0 
vn 0 1 0 
vn 0 0 -1 
vn 0 0 -1 
vn 0 0 -1 
vn 0 0 -1 
vn 1 0 0 
vn 1 0 0 
vn 1 0 0 
vn 1 0 0 

vt 3.7625 -1.75 
vt 3.75 -1.75 
vt 3.7625 -1.7625 
vt 3.75 -1.7625 
vt 3.9125 -1.75 
vt 3.75 -1.75 
vt 3.9125 -1.7625 
vt 3.75 -1.7625 
vt 3.9125 -1.75 
vt 3.75 -1.75 
vt 3.9125 -1.7625 
vt 3.75 -1.7625 
vt 3.7625 -1.75 
vt 3.75 -1.75 
vt 3.7625 -1.7625 
vt 3.75 -1.7625 
vt 3.9125 -1.75 
vt 3.75 -1.75 
vt 3.9125 -1.7625 
vt 3.75 -1.7625 
vt 3.9125 -1.75 
vt 3.75 -1.75 
vt 3.9125 -1.7625 
vt 3.75 -1.7625 

usemtl StickHolder1Mtl

f 852/852/852 853/853/853 854/854/854 
f 854/854/854 853/853/853 855/855/855 
f 856/856/856 857/857/857 858/858/858 
f 858/858/858 857/857/857 859/859/859 
f 860/860/860 861/861/861 862/862/862 
f 862/862/862 861/861/861 863/863/863 
f 864/864/864 865/865/865 866/866/866 
f 866/866/866 865/865/865 867/867/867 
f 868/868/868 869/869/869 870/870/870 
f 870/870/870 869/869/869 871/871/871 
f 872/872/872 873/873/873 874/874/874 
f 874/874/874 873/873/873 875/875/875 

