# This file is brought to you by Roblox Corporation
# Generated by Roblox Studio

mtllib Slap_9.mtl

g Hand1

v -357.617 1.53393 -1.97803 
v -357.614 1.48614 -2.20273 
v -356.901 1.87033 -2.27802 
v -357.022 1.94425 -2.09995 
v -356.845 2.01411 -1.98898 
v -356.696 2.01887 -2.12093 
v -356.671 2.15693 -1.47335 
v -358.447 0.508455 -1.4497 
v -358.314 0.831817 -1.70544 
v -358.448 0.788389 -1.59296 
v -358.354 0.795688 -1.50707 
v -358.178 0.855614 -1.65468 
v -358.794 1.21778 -1.58385 
v -358.878 1.21675 -1.63935 
v -357.651 1.41851 -1.95828 
v -356.589 2.40795 -1.45161 
v -357.22 2.91044 -1.50365 
v -357.152 2.92239 -1.44364 
v -357.123 2.95312 -1.52525 
v -357.158 2.93848 -1.58173 
v -357.196 2.89833 -1.62412 
v -357.241 2.82435 -1.42865 
v -357.175 2.85323 -1.38132 
v -356.786 2.08759 -1.86095 
v -356.649 2.13311 -1.9773 
v -356.786 2.08759 -1.86095 
v -356.845 2.01411 -1.98898 
v -356.905 1.92039 -1.83401 
v -358.721 1.78197 -1.83537 
v -358.756 1.77963 -1.92555 
v -358.641 1.75577 -1.76315 
v -358.721 1.78197 -1.83537 
v -358.579 0.669378 -1.5782 
v -358.551 0.715649 -1.49609 
v -358.551 0.715649 -1.49609 
v -358.471 0.741868 -1.43534 
v -358.279 0.701659 -1.4366 
v -357.575 1.01738 -1.8791 
v -357.784 0.819648 -1.68577 
v -358.076 0.749796 -1.54719 
v -357.986 0.920962 -1.92173 
v -358.193 0.863543 -1.79464 
v -357.871 0.939125 -1.82404 
v -357.439 0.577651 -1.93987 
v -357.562 0.516931 -1.8818 
v -357.502 0.543548 -1.7911 
v -357.877 0.285981 -1.56011 
v -357.72 0.404045 -1.68666 
v -357.834 0.356012 -1.74019 
v -357.962 0.262396 -1.63065 
v -357.72 0.424433 -1.80746 
v -357.291 0.648975 -2.01643 
v -357.343 0.660968 -1.81009 
v -357.291 0.648975 -2.01643 
v -358.02 0.175722 -1.54459 
v -357.96 0.207541 -1.50212 
v -357.486 1.43022 -2.32457 
v -357.566 1.37783 -2.32371 
v -357.628 1.43454 -2.1915 
v -357.614 1.48614 -2.20273 
v -357.343 1.52574 -2.40811 
v -357.547 1.00897 -2.11004 
v -357.476 0.94854 -2.23141 
v -355.528 1.60292 -2.31982 
v -355.622 1.81985 -1.87124 
v -355.829 1.89446 -2.05074 
v -355.825 1.95013 -1.8955 
v -355.807 1.85122 -1.62565 
v -355.879 1.96801 -1.69639 
v -357.801 0.963149 -2.00769 
v -357.196 2.89833 -1.62412 
v -357.04 2.86197 -1.40101 
v -358.48 1.79055 -1.81022 
v -358.577 1.84311 -1.90165 
v -357.158 2.93848 -1.58173 
v -357.069 2.88839 -1.62435 
v -356.893 2.74675 -1.38546 
v -357.032 2.91063 -1.5227 
v -358.24 1.83455 -1.91453 
v -358.393 1.87384 -1.9832 
v -358.577 1.84311 -1.90165 
v -358.647 1.81097 -2.00486 
v -358.828 0.983225 -1.63266 
v -356.947 2.77844 -1.65436 
v -356.892 2.80684 -1.52488 
v -358.393 1.87384 -1.9832 
v -358.474 1.82662 -2.09105 
v -356.842 2.6584 -1.68999 
v -357.279 0.608832 -1.71394 
v -357.891 1.85571 -1.9929 
v -357.628 1.43454 -2.1915 
v -358.234 1.88721 -2.03548 
v -358.275 1.83692 -2.16305 
v -357.994 1.90151 -2.09544 
v -358.234 1.88721 -2.03548 
v -358.917 1.19142 -1.71652 
v -358.878 1.21675 -1.63935 
v -356.773 2.6911 -1.54655 
v -357.562 1.85262 -2.00281 
v -357.994 1.90151 -2.09544 
v -358.039 1.84708 -2.22897 
v -358.754 1.28924 -1.726 
v -358.817 1.23001 -1.81169 
v -357.305 1.86916 -1.99062 
v -357.54 1.89788 -2.15764 
v -357.809 1.90187 -2.13186 
v -357.809 1.90187 -2.13186 
v -357.811 1.84448 -2.27739 
v -358.65 1.26173 -1.92778 
v -358.581 1.33051 -1.83608 
v -358.647 1.26702 -1.65107 
v -356.37 2.17251 -1.99198 
v -356.454 2.38423 -1.78533 
v -356.239 2.24232 -1.79563 
v -358.011 1.37442 -1.93827 
v -357.913 1.41157 -2.11218 
v -358.13 1.39506 -2.04023 
v -357.083 1.89004 -1.9395 
v -358.41 1.32135 -1.79401 
v -358.415 1.35749 -1.92391 
v -358.581 1.33051 -1.83608 
v -357.278 1.90986 -2.15205 
v -357.54 1.89788 -2.15764 
v -357.544 1.83494 -2.31155 
v -358.445 1.29137 -2.04182 
v -358.415 1.35749 -1.92391 
v -358.446 1.14895 -2.09117 
v -356.415 2.36839 -1.60489 
v -356.227 2.17395 -1.58764 
v -357.022 1.94425 -2.09995 
v -357.278 1.90986 -2.15205 
v -357.259 1.83956 -2.31569 
v -358.754 1.28924 -1.726 
v -358.13 1.39506 -2.04023 
v -358.162 1.32444 -2.16182 
v -358.448 0.788389 -1.59296 
v -358.488 0.705578 -1.67616 
v -355.999 2.07793 -1.76134 
v -356.041 2.057 -1.96989 
v -356.405 2.0005 -2.17617 
v -355.97 1.97484 -1.58539 
v -357.294 1.68957 -2.41554 
v -357.913 1.41157 -2.11218 
v -357.883 1.3464 -2.24797 
v -358.356 0.736696 -1.78569 
v -358.314 0.831817 -1.70544 
v -356.089 1.95262 -2.15069 
v -357.618 1.09686 -1.91609 
v -358.193 0.863543 -1.79464 
v -358.203 0.773728 -1.89568 
v -355.548 1.75983 -2.16701 
v -355.853 1.78073 -2.24471 
v -355.275 1.75314 -1.92672 
v -355.259 1.7364 -2.12907 
v -355.224 1.5875 -1.8205 
v -357.986 0.920962 -1.92173 
v -358.001 0.828058 -2.01941 
v -357.547 1.00897 -2.11004 
v -357.801 0.963149 -2.00769 
v -357.763 0.885749 -2.12625 
v -357.272 0.982736 -2.33329 
v -357.962 0.262396 -1.63065 
v -357.862 0.262407 -1.81999 
v -356.55 2.48562 -1.60043 
v -356.608 2.47014 -1.76081 
v -356.67 2.58954 -1.5745 
v -356.738 2.55721 -1.72604 
v -356.589 2.40795 -1.45161 
v -357.123 2.95312 -1.52525 
v -357.575 1.01738 -1.8791 
v -357.508 0.891948 -1.75386 
v -355.622 1.81985 -1.87124 
v -355.825 1.95013 -1.8955 
v -355.807 1.85122 -1.62565 
v -355.879 1.96801 -1.69639 
v -355.552 1.58479 -1.63149 
v -357.04 2.86197 -1.40101 
v -356.893 2.74675 -1.38546 
v -358.46 1.66399 -1.77407 
v -358.579 1.52835 -1.92634 
v -358.55 1.56118 -1.81019 
v -356.947 2.77844 -1.65436 
v -356.892 2.80684 -1.52488 
v -356.842 2.6584 -1.68999 
v -357.279 0.608832 -1.71394 
v -356.773 2.6911 -1.54655 
v -356.454 2.38423 -1.78533 
v -356.239 2.24232 -1.79563 
v -356.415 2.36839 -1.60489 
v -356.227 2.17395 -1.58764 
v -355.97 1.97484 -1.58539 
v -356.049 1.76625 -1.42835 
v -357.618 1.09686 -1.91609 
v -355.259 1.7364 -2.12907 
v -355.216 1.59729 -2.17384 
v -355.194 1.33936 -2.20256 
v -355.189 1.0362 -2.19755 
v -355.211 0.844931 -2.147 
v -356.77 2.62712 -1.40003 
v -356.55 2.48562 -1.60043 
v -356.69 2.53812 -1.41988 
v -356.67 2.58954 -1.5745 
v -355.191 0.979624 -1.84382 
v -355.21 0.813798 -1.94555 
v -355.275 1.75314 -1.92672 
v -355.224 1.5875 -1.8205 
v -355.209 1.28893 -1.77005 
v -357.218 0.697276 -2.1375 
v -357.333 0.704572 -2.14334 
v -357.114 0.733488 -2.23219 
v -356.901 1.87033 -2.27802 
v -357.022 1.94425 -2.09995 
v -356.696 2.01887 -2.12093 
v -358.447 0.508455 -1.4497 
v -358.481 0.490075 -1.53522 
v -356.589 2.40795 -1.45161 
v -357.123 2.95312 -1.52525 
v -356.786 2.08759 -1.86095 
v -356.649 2.13311 -1.9773 
v -356.786 2.08759 -1.86095 
v -356.819 2.15317 -1.74766 
v -356.728 2.21351 -1.86672 
v -358.779 1.68613 -1.93448 
v -358.721 1.78197 -1.83537 
v -358.756 1.77963 -1.92555 
v -358.748 1.5946 -1.93887 
v -358.716 1.56716 -1.85499 
v -358.557 0.565602 -1.55843 
v -358.579 0.669378 -1.5782 
v -358.551 0.715649 -1.49609 
v -357.384 0.509222 -2.04253 
v -357.439 0.577651 -1.93987 
v -357.291 0.648975 -2.01643 
v -357.207 0.591794 -2.1198 
v -357.291 0.648975 -2.01643 
v -356.44 0.711524 -2.23982 
v -356.15 0.707515 -2.14867 
v -356.391 0.630032 -2.16474 
v -356.753 1.40083 -2.49857 
v -356.44 1.3181 -2.47099 
v -356.761 1.29664 -2.50503 
v -356.662 1.02247 -2.43369 
v -356.315 0.978965 -2.37182 
v -356.599 0.933409 -2.3956 
v -356.664 1.67093 -2.43005 
v -356.388 1.63191 -2.41609 
v -356.722 1.56009 -2.46768 
v -356.74 1.18906 -2.48404 
v -357.055 1.13288 -2.45413 
v -357.314 1.09737 -2.36843 
v -357.321 1.24951 -2.42688 
v -357.074 1.2698 -2.48601 
v -357.486 1.43022 -2.32457 
v -357.349 1.40091 -2.40934 
v -357.566 1.37783 -2.32371 
v -357.628 1.43454 -2.1915 
v -357.487 1.48655 -2.32732 
v -357.614 1.48614 -2.20273 
v -357.562 1.53935 -2.33783 
v -357.343 1.52574 -2.40811 
v -357.431 1.05324 -2.26716 
v -357.527 1.08703 -2.28215 
v -357.177 0.655312 -2.13439 
v -357.042 0.636281 -2.19493 
v -357.547 1.00897 -2.11004 
v -357.411 1.00609 -2.24929 
v -357.476 0.94854 -2.23141 
v -355.882 1.34295 -2.42382 
v -355.898 1.60553 -2.37534 
v -355.528 1.60292 -2.31982 
v -355.5 1.35145 -2.38046 
v -356.832 2.28026 -1.78876 
v -357.254 2.85731 -1.57301 
v -357.22 2.73563 -1.62931 
v -357.148 2.50659 -1.54689 
v -357.196 2.89833 -1.62412 
v -357.141 2.82158 -1.67144 
v -357.134 2.58029 -1.66829 
v -357.148 2.50659 -1.54689 
v -357.158 2.93848 -1.58173 
v -357.069 2.88839 -1.62435 
v -357.043 2.69028 -1.71108 
v -358.647 1.81097 -2.00486 
v -356.72 2.37897 -1.83297 
v -356.574 2.30385 -1.89551 
v -356.947 2.77844 -1.65436 
v -356.949 2.56108 -1.74569 
v -357.036 2.44624 -1.70038 
v -358.638 1.58158 -2.02021 
v -358.671 1.6978 -2.04614 
v -358.474 1.82662 -2.09105 
v -358.874 0.98992 -1.7116 
v -358.828 0.983225 -1.63266 
v -358.924 1.08359 -1.71392 
v -356.842 2.6584 -1.68999 
v -358.467 1.57754 -2.10704 
v -358.499 1.70264 -2.14176 
v -358.275 1.83692 -2.16305 
v -358.917 1.19142 -1.71652 
v -358.269 1.57526 -2.18127 
v -358.291 1.7059 -2.22226 
v -357.994 1.90151 -2.09544 
v -358.039 1.84708 -2.22897 
v -358.817 1.23001 -1.81169 
v -358.823 1.09741 -1.8417 
v -358.766 0.981947 -1.80546 
v -357.811 1.84448 -2.27739 
v -358.04 1.57214 -2.24692 
v -358.055 1.70999 -2.29237 
v -358.65 1.26173 -1.92778 
v -358.656 1.12229 -1.97037 
v -358.607 0.997677 -1.92307 
v -356.37 2.17251 -1.99198 
v -356.454 2.38423 -1.78533 
v -357.544 1.83494 -2.31155 
v -357.824 1.56404 -2.29306 
v -357.824 1.70609 -2.34339 
v -358.445 1.29137 -2.04182 
v -358.446 1.14895 -2.09117 
v -358.413 1.01845 -2.03298 
v -357.259 1.83956 -2.31569 
v -357.561 1.69381 -2.3846 
v -358.162 1.32444 -2.16182 
v -358.159 1.17674 -2.20896 
v -358.131 1.04133 -2.14152 
v -358.488 0.705578 -1.67616 
v -356.405 2.0005 -2.17617 
v -358.455 0.57419 -1.67834 
v -357.294 1.68957 -2.41554 
v -357.883 1.3464 -2.24797 
v -357.848 1.06657 -2.2168 
v -357.867 1.2014 -2.29125 
v -358.356 0.736696 -1.78569 
v -356.089 1.95262 -2.15069 
v -356.049 1.76625 -1.42835 
v -358.32 0.597346 -1.78986 
v -356.991 1.69331 -2.4227 
v -357.558 1.22809 -2.35627 
v -358.203 0.773728 -1.89568 
v -355.548 1.75983 -2.16701 
v -355.853 1.78073 -2.24471 
v -356.191 1.79956 -2.30764 
v -356.509 1.80016 -2.33941 
v -355.259 1.7364 -2.12907 
v -358.162 0.633297 -1.90543 
v -357.045 1.54192 -2.46298 
v -358.001 0.828058 -2.01941 
v -355.216 1.59729 -2.17384 
v -355.194 1.33936 -2.20256 
v -357.958 0.683789 -2.032 
v -357.879 0.583754 -1.93871 
v -357.07 1.40501 -2.48068 
v -357.763 0.885749 -2.12625 
v -355.189 1.0362 -2.19755 
v -355.463 1.04414 -2.32878 
v -357.713 0.74385 -2.14236 
v -357.64 0.640092 -2.04635 
v -355.439 0.816998 -2.16672 
v -355.211 0.844931 -2.147 
v -355.808 1.03138 -2.34622 
v -357.426 0.806679 -2.23478 
v -357.272 0.982736 -2.33329 
v -355.734 0.788861 -2.15201 
v -356.997 1.00135 -2.41559 
v -357.184 0.849004 -2.31356 
v -356.92 0.886773 -2.37538 
v -357.91 0.0313789 -1.51053 
v -356.839 0.783921 -2.31205 
v -356.532 0.852215 -2.34181 
v -356.763 0.671926 -2.24762 
v -356.702 0.568753 -2.16583 
v -356.925 0.435428 -2.02436 
v -356.937 0.422827 -1.8647 
v -356.961 0.517065 -2.14204 
v -357.109 0.370102 -2.00302 
v -357.262 0.29582 -1.9649 
v -357.15 0.460719 -2.10206 
v -357.996 0.180293 -1.70137 
v -357.962 0.262396 -1.63065 
v -357.95 0.0664761 -1.70894 
v -357.725 0.0636369 -1.76926 
v -357.412 0.221274 -1.91478 
v -357.318 0.386735 -2.05066 
v -357.862 0.262407 -1.81999 
v -357.812 0.136537 -1.83585 
v -357.578 0.140024 -1.85146 
v -357.481 0.308261 -1.99322 
v -357.546 0.432492 -1.97643 
v -357.562 0.516931 -1.8818 
v -357.711 0.346391 -1.90604 
v -357.72 0.424433 -1.80746 
v -357.652 0.222909 -1.92608 
v -356.954 2.36634 -1.72925 
v -356.55 2.48562 -1.60043 
v -356.608 2.47014 -1.76081 
v -356.738 2.55721 -1.72604 
v -356.85 2.46168 -1.782 
v -357.218 0.697276 -2.1375 
v -357.333 0.704572 -2.14334 
v -357.114 0.733488 -2.23219 
v -357.617 1.53393 -1.97803 
v -357.905 1.53434 -2.01687 
v -357.836 1.50059 -2.16492 
v -357.614 1.48614 -2.20273 
v -358.368 0.489926 -1.61158 
v -358.296 0.496085 -1.51246 
v -358.447 0.508455 -1.4497 
v -358.481 0.490075 -1.53522 
v -356.786 2.08759 -1.86095 
v -358.748 1.5946 -1.93887 
v -358.716 1.56716 -1.85499 
v -358.721 1.78197 -1.83537 
v -358.716 1.56716 -1.85499 
v -358.652 1.56995 -1.78026 
v -358.557 0.565602 -1.55843 
v -358.447 0.508455 -1.4497 
v -358.385 0.56147 -1.3926 
v -358.579 0.669378 -1.5782 
v -358.244 0.575706 -1.44617 
v -357.722 0.658003 -1.73507 
v -357.419 0.738134 -1.79669 
v -358.041 0.593732 -1.57215 
v -357.291 0.648975 -2.01643 
v -357.343 0.660968 -1.81009 
v -357.291 0.648975 -2.01643 
v -356.15 0.707515 -2.14867 
v -356.391 0.630032 -2.16474 
v -357.314 1.09737 -2.36843 
v -357.487 1.48655 -2.32732 
v -357.614 1.48614 -2.20273 
v -357.562 1.53935 -2.33783 
v -357.343 1.52574 -2.40811 
v -357.431 1.05324 -2.26716 
v -357.571 1.0433 -2.13199 
v -357.527 1.08703 -2.28215 
v -357.348 0.681691 -2.0043 
v -357.547 1.00897 -2.11004 
v -355.467 0.910298 -1.69766 
v -355.709 0.813601 -1.65494 
v -358.021 0.534673 -1.68674 
v -357.809 0.576731 -1.81201 
v -357.621 0.620506 -1.89992 
v -358.143 0.511663 -1.60318 
v -358.296 0.496085 -1.51246 
v -358.23 0.509438 -1.70606 
v -358.143 0.511663 -1.60318 
v -357.148 2.50659 -1.54689 
v -357.072 2.50987 -1.39539 
v -357.153 2.58611 -1.36427 
v -358.46 1.66399 -1.77407 
v -358.579 1.52835 -1.92634 
v -358.55 1.56118 -1.81019 
v -358.828 0.983225 -1.63266 
v -358.75 1.00865 -1.57568 
v -358.638 1.58158 -2.02021 
v -358.579 1.52835 -1.92634 
v -358.382 1.51614 -2.01859 
v -358.191 1.54028 -1.9728 
v -358.874 0.98992 -1.7116 
v -358.828 0.983225 -1.63266 
v -357.581 1.70602 -1.92085 
v -358.467 1.57754 -2.10704 
v -358.382 1.51614 -2.01859 
v -358.269 1.57526 -2.18127 
v -358.224 1.51261 -2.07538 
v -358.001 1.5068 -2.1308 
v -358.224 1.51261 -2.07538 
v -358.766 0.981947 -1.80546 
v -358.683 0.951995 -1.71632 
v -358.361 0.972501 -1.91303 
v -358.359 1.01402 -1.78422 
v -358.515 0.957993 -1.82979 
v -358.04 1.57214 -2.24692 
v -358.001 1.5068 -2.1308 
v -358.683 0.951995 -1.71632 
v -358.594 1.0069 -1.64022 
v -358.607 0.997677 -1.92307 
v -358.515 0.957993 -1.82979 
v -357.824 1.56404 -2.29306 
v -357.836 1.50059 -2.16492 
v -358.446 1.14895 -2.09117 
v -358.413 1.01845 -2.03298 
v -358.361 0.972501 -1.91303 
v -358.08 0.996496 -2.01409 
v -357.965 1.05218 -1.91387 
v -358.131 1.04133 -2.14152 
v -358.08 0.996496 -2.01409 
v -358.455 0.57419 -1.67834 
v -357.848 1.06657 -2.2168 
v -357.859 1.01833 -2.07183 
v -357.859 1.01833 -2.07183 
v -358.32 0.597346 -1.78986 
v -357.618 1.09686 -1.91609 
v -358.162 0.633297 -1.90543 
v -358.081 0.540136 -1.81316 
v -357.571 1.0433 -2.13199 
v -358.001 0.828058 -2.01941 
v -358.021 0.534673 -1.68674 
v -357.958 0.683789 -2.032 
v -357.879 0.583754 -1.93871 
v -357.547 1.00897 -2.11004 
v -355.191 0.979624 -1.84382 
v -357.64 0.640092 -2.04635 
v -357.809 0.576731 -1.81201 
v -355.439 0.816998 -2.16672 
v -355.211 0.844931 -2.147 
v -355.434 0.766904 -1.91592 
v -357.426 0.806679 -2.23478 
v -357.621 0.620506 -1.89992 
v -357.272 0.982736 -2.33329 
v -355.21 0.813798 -1.94555 
v -355.434 0.766904 -1.91592 
v -355.734 0.788861 -2.15201 
v -355.691 0.717645 -1.89225 
v -355.999 0.734598 -1.62391 
v -355.691 0.717645 -1.89225 
v -355.996 0.64707 -1.86773 
v -356.374 0.665826 -1.63094 
v -357.348 0.681691 -2.0043 
v -356.92 0.886773 -2.37538 
v -355.996 0.64707 -1.86773 
v -356.332 0.559185 -1.84483 
v -356.739 0.604965 -1.67665 
v -357.91 0.0313789 -1.51053 
v -357.87 0.0852879 -1.4747 
v -356.332 0.559185 -1.84483 
v -356.358 0.57784 -2.05423 
v -357.017 0.532169 -1.71912 
v -356.675 0.489456 -1.85381 
v -357.945 3.45707e-06 -1.57067 
v -357.91 0.0313789 -1.51053 
v -358.014 0.0499111 -1.58729 
v -357.348 0.298004 -1.71405 
v -357.256 0.271438 -1.83149 
v -357.11 0.349908 -1.85924 
v -356.675 0.489456 -1.85381 
v -356.668 0.498991 -2.03503 
v -356.937 0.422827 -1.8647 
v -356.702 0.568753 -2.16583 
v -356.925 0.435428 -2.02436 
v -356.937 0.422827 -1.8647 
v -357.759 0.117986 -1.52189 
v -356.961 0.517065 -2.14204 
v -357.109 0.370102 -2.00302 
v -357.11 0.349908 -1.85924 
v -357.576 0.181702 -1.63073 
v -357.862 0.00605035 -1.65715 
v -357.795 0.0329733 -1.57695 
v -357.256 0.271438 -1.83149 
v -357.262 0.29582 -1.9649 
v -357.15 0.460719 -2.10206 
v -357.95 0.0664761 -1.70894 
v -357.725 0.0636369 -1.76926 
v -357.65 0.0815172 -1.67414 
v -357.536 0.135583 -1.73449 
v -357.372 0.213751 -1.79425 
v -357.412 0.221274 -1.91478 
v -357.372 0.213751 -1.79425 
v -357.812 0.136537 -1.83585 
v -357.578 0.140024 -1.85146 
v -357.536 0.135583 -1.73449 
v -357.65 0.0815172 -1.67414 
v -357.218 0.697276 -2.1375 
v -357.114 0.733488 -2.23219 
v -357.617 1.53393 -1.97803 
v -357.614 1.48614 -2.20273 
v -356.901 1.87033 -2.27802 
v -356.671 2.15693 -1.47335 
v -356.861 2.23816 -1.51588 
v -356.806 2.12975 -1.59664 
v -358.447 0.508455 -1.4497 
v -358.481 0.490075 -1.53522 
v -357.651 1.41851 -1.95828 
v -356.681 1.95271 -1.54575 
v -357.22 2.91044 -1.50365 
v -357.152 2.92239 -1.44364 
v -357.123 2.95312 -1.52525 
v -357.196 2.89833 -1.62412 
v -357.254 2.85731 -1.57301 
v -357.241 2.82435 -1.42865 
v -357.175 2.85323 -1.38132 
v -357.279 2.79459 -1.5041 
v -356.786 2.08759 -1.86095 
v -356.807 2.02637 -1.70513 
v -356.786 2.08759 -1.86095 
v -356.845 2.01411 -1.98898 
v -356.905 1.92039 -1.83401 
v -356.819 2.15317 -1.74766 
v -356.728 2.21351 -1.86672 
v -356.819 2.15317 -1.74766 
v -358.779 1.68613 -1.93448 
v -358.761 1.66985 -1.82227 
v -358.721 1.78197 -1.83537 
v -358.756 1.77963 -1.92555 
v -358.748 1.5946 -1.93887 
v -358.716 1.56716 -1.85499 
v -358.761 1.66985 -1.82227 
v -358.651 1.65708 -1.74837 
v -358.716 1.56716 -1.85499 
v -358.652 1.56995 -1.78026 
v -358.541 0.600178 -1.44698 
v -358.557 0.565602 -1.55843 
v -358.579 0.669378 -1.5782 
v -358.551 0.715649 -1.49609 
v -357.575 1.01738 -1.8791 
v -357.508 0.891948 -1.75386 
v -357.419 0.738134 -1.79669 
v -357.962 0.262396 -1.63065 
v -357.291 0.648975 -2.01643 
v -357.207 0.591794 -2.1198 
v -357.343 0.660968 -1.81009 
v -357.291 0.648975 -2.01643 
v -357.96 0.207541 -1.50212 
v -357.28 0.717236 -1.72965 
v -356.883 1.66117 -1.67184 
v -357.486 1.43022 -2.32457 
v -357.614 1.48614 -2.20273 
v -357.562 1.53935 -2.33783 
v -357.177 0.655312 -2.13439 
v -356.832 2.28026 -1.78876 
v -356.898 2.2326 -1.66557 
v -356.898 2.2326 -1.66557 
v -357.243 2.67015 -1.51833 
v -357.198 2.69675 -1.38843 
v -357.279 2.79459 -1.5041 
v -357.254 2.85731 -1.57301 
v -357.22 2.73563 -1.62931 
v -357.243 2.67015 -1.51833 
v -357.148 2.50659 -1.54689 
v -357.072 2.50987 -1.39539 
v -357.153 2.58611 -1.36427 
v -357.196 2.89833 -1.62412 
v -357.134 2.58029 -1.66829 
v -357.148 2.50659 -1.54689 
v -357.036 2.44624 -1.70038 
v -358.671 1.6978 -2.04614 
v -358.874 0.98992 -1.7116 
v -358.828 0.983225 -1.63266 
v -358.895 1.0915 -1.60786 
v -358.924 1.08359 -1.71392 
v -357.279 0.608832 -1.71394 
v -357.628 1.43454 -2.1915 
v -358.917 1.19142 -1.71652 
v -358.878 1.21675 -1.63935 
v -358.817 1.23001 -1.81169 
v -358.823 1.09741 -1.8417 
v -356.454 2.38423 -1.78533 
v -358.446 1.14895 -2.09117 
v -357.022 1.94425 -2.09995 
v -358.448 0.788389 -1.59296 
v -358.488 0.705578 -1.67616 
v -358.455 0.57419 -1.67834 
v -357.294 1.68957 -2.41554 
v -358.356 0.736696 -1.78569 
v -358.314 0.831817 -1.70544 
v -357.618 1.09686 -1.91609 
v -357.571 1.0433 -2.13199 
v -357.547 1.00897 -2.11004 
v -357.348 0.681691 -2.0043 
v -356.92 0.886773 -2.37538 
v -357.91 0.0313789 -1.51053 
v -357.945 3.45707e-06 -1.57067 
v -357.91 0.0313789 -1.51053 
v -357.988 0.0900012 -1.50656 
v -358.014 0.0499111 -1.58729 
v -358.05 0.130665 -1.60402 
v -358.02 0.175722 -1.54459 
v -357.996 0.180293 -1.70137 
v -357.962 0.262396 -1.63065 
v -357.95 0.0664761 -1.70894 
v -357.862 0.262407 -1.81999 
v -357.834 0.356012 -1.74019 
v -357.711 0.346391 -1.90604 
v -357.72 0.424433 -1.80746 
v -357.652 0.222909 -1.92608 
v -356.954 2.36634 -1.72925 
v -357.023 2.36021 -1.61114 
v -356.959 2.38014 -1.44542 
v -357.023 2.36021 -1.61114 
v -357.617 1.53393 -1.97803 
v -357.905 1.53434 -2.01687 
v -356.671 2.15693 -1.47335 
v -356.724 2.30847 -1.42107 
v -356.861 2.23816 -1.51588 
v -356.806 2.12975 -1.59664 
v -358.354 0.795688 -1.50707 
v -358.794 1.21778 -1.58385 
v -358.878 1.21675 -1.63935 
v -358.895 1.0915 -1.60786 
v -358.781 1.11045 -1.55232 
v -357.651 1.41851 -1.95828 
v -357.43 1.44815 -1.8447 
v -357.399 1.56137 -1.85863 
v -357.65 1.25268 -1.86646 
v -357.451 1.25928 -1.80969 
v -357.288 1.14939 -1.74499 
v -357.224 1.51647 -1.77892 
v -356.681 1.95271 -1.54575 
v -356.372 1.96358 -1.45262 
v -356.493 2.25221 -1.46346 
v -356.589 2.40795 -1.45161 
v -357.22 2.91044 -1.50365 
v -357.152 2.92239 -1.44364 
v -357.123 2.95312 -1.52525 
v -357.196 2.89833 -1.62412 
v -357.241 2.82435 -1.42865 
v -357.175 2.85323 -1.38132 
v -357.279 2.79459 -1.5041 
v -356.786 2.08759 -1.86095 
v -356.807 2.02637 -1.70513 
v -356.786 2.08759 -1.86095 
v -356.905 1.92039 -1.83401 
v -358.761 1.66985 -1.82227 
v -358.651 1.65708 -1.74837 
v -358.641 1.75577 -1.76315 
v -358.721 1.78197 -1.83537 
v -358.716 1.56716 -1.85499 
v -358.652 1.56995 -1.78026 
v -358.447 0.508455 -1.4497 
v -358.385 0.56147 -1.3926 
v -358.437 0.653152 -1.38947 
v -358.541 0.600178 -1.44698 
v -358.551 0.715649 -1.49609 
v -358.471 0.741868 -1.43534 
v -358.244 0.575706 -1.44617 
v -358.279 0.701659 -1.4366 
v -357.417 1.07679 -1.79281 
v -357.575 1.01738 -1.8791 
v -357.508 0.891948 -1.75386 
v -357.344 0.949077 -1.73098 
v -357.784 0.819648 -1.68577 
v -357.722 0.658003 -1.73507 
v -357.419 0.738134 -1.79669 
v -358.076 0.749796 -1.54719 
v -358.041 0.593732 -1.57215 
v -357.871 0.939125 -1.82404 
v -357.502 0.543548 -1.7911 
v -357.877 0.285981 -1.56011 
v -357.72 0.404045 -1.68666 
v -357.962 0.262396 -1.63065 
v -357.343 0.660968 -1.81009 
v -357.291 0.648975 -2.01643 
v -358.02 0.175722 -1.54459 
v -357.96 0.207541 -1.50212 
v -357.28 0.717236 -1.72965 
v -357.198 0.798634 -1.69429 
v -357.306 0.798839 -1.72753 
v -356.883 1.66117 -1.67184 
v -357.126 1.71522 -1.81304 
v -357.445 1.1497 -1.81372 
v -355.622 1.81985 -1.87124 
v -355.825 1.95013 -1.8955 
v -355.807 1.85122 -1.62565 
v -355.817 1.38907 -1.43768 
v -355.59 1.22954 -1.53831 
v -355.552 1.58479 -1.63149 
v -355.806 1.64482 -1.48625 
v -355.796 1.21181 -1.45383 
v -355.763 1.03328 -1.50611 
v -355.467 0.910298 -1.69766 
v -355.709 0.813601 -1.65494 
v -357.809 0.576731 -1.81201 
v -357.198 2.69675 -1.38843 
v -357.148 2.50659 -1.54689 
v -357.072 2.50987 -1.39539 
v -357.153 2.58611 -1.36427 
v -357.092 2.76304 -1.33959 
v -357.04 2.86197 -1.40101 
v -356.957 2.62514 -1.3313 
v -358.48 1.79055 -1.81022 
v -356.893 2.74675 -1.38546 
v -358.46 1.66399 -1.77407 
v -358.579 1.52835 -1.92634 
v -358.55 1.56118 -1.81019 
v -358.24 1.83455 -1.91453 
v -358.828 0.983225 -1.63266 
v -358.75 1.00865 -1.57568 
v -358.194 1.6776 -1.86054 
v -358.191 1.54028 -1.9728 
v -357.279 0.608832 -1.71394 
v -357.884 1.69054 -1.9165 
v -357.581 1.70602 -1.92085 
v -357.891 1.85571 -1.9929 
v -357.994 1.90151 -2.09544 
v -357.342 1.72702 -1.88159 
v -357.562 1.85262 -2.00281 
v -358.361 0.972501 -1.91303 
v -358.359 1.01402 -1.78422 
v -357.305 1.86916 -1.99062 
v -358.594 1.0069 -1.64022 
v -358.589 1.14155 -1.60159 
v -358.647 1.26702 -1.65107 
v -356.454 2.38423 -1.78533 
v -358.011 1.37442 -1.93827 
v -357.083 1.89004 -1.9395 
v -358.41 1.32135 -1.79401 
v -357.965 1.05218 -1.91387 
v -358.334 1.17611 -1.72086 
v -356.415 2.36839 -1.60489 
v -356.227 2.17395 -1.58764 
v -357.022 1.94425 -2.09995 
v -357.974 1.21821 -1.83611 
v -355.97 1.97484 -1.58539 
v -357.294 1.68957 -2.41554 
v -356.049 1.76625 -1.42835 
v -357.618 1.09686 -1.91609 
v -355.275 1.75314 -1.92672 
v -355.224 1.5875 -1.8205 
v -356.461 1.5876 -1.47157 
v -356.091 1.48474 -1.4002 
v -355.209 1.28893 -1.77005 
v -356.476 1.23678 -1.49408 
v -356.08 1.2169 -1.42795 
v -357.547 1.00897 -2.11004 
v -355.191 0.979624 -1.84382 
v -356.441 0.915372 -1.51986 
v -356.044 0.954762 -1.4815 
v -355.434 0.766904 -1.91592 
v -355.21 0.813798 -1.94555 
v -355.999 0.734598 -1.62391 
v -356.888 1.23344 -1.6305 
v -356.838 0.874265 -1.61036 
v -356.374 0.665826 -1.63094 
v -356.332 0.559185 -1.84483 
v -356.739 0.604965 -1.67665 
v -357.988 0.0900012 -1.50656 
v -357.91 0.0313789 -1.51053 
v -357.87 0.0852879 -1.4747 
v -357.919 0.146753 -1.47129 
v -357.017 0.532169 -1.71912 
v -357.945 3.45707e-06 -1.57067 
v -357.91 0.0313789 -1.51053 
v -357.988 0.0900012 -1.50656 
v -357.177 0.426199 -1.73199 
v -357.348 0.298004 -1.71405 
v -357.256 0.271438 -1.83149 
v -357.11 0.349908 -1.85924 
v -356.937 0.422827 -1.8647 
v -358.05 0.130665 -1.60402 
v -357.759 0.117986 -1.52189 
v -357.8 0.221035 -1.50934 
v -357.433 0.450983 -1.68101 
v -357.576 0.181702 -1.63073 
v -357.628 0.322237 -1.60159 
v -357.962 0.262396 -1.63065 
v -357.795 0.0329733 -1.57695 
v -357.65 0.0815172 -1.67414 
v -356.77 2.62712 -1.40003 
v -356.69 2.53812 -1.41988 
v -356.811 2.48922 -1.36569 
v -356.959 2.38014 -1.44542 

vn -0.0314961 -0.976378 0.204724 
vn -0.0314961 -0.976378 0.204724 
vn -0.0472441 0.771654 -0.637795 
vn -0.0866142 0.897638 -0.433071 
vn -0.354331 0.850394 -0.377953 
vn -0.19685 0.795276 -0.574803 
vn -0.267717 -0.314961 0.913386 
vn 0.0393701 -0.992126 0.133858 
vn -0.212598 0.968504 0.11811 
vn -0.283465 0.944882 0.181102 
vn -0.204724 0.968504 0.133858 
vn -0.220472 0.968504 0.102362 
vn -0.496063 0.23622 0.834646 
vn -0.535433 0.267717 0.80315 
vn -0.417323 0.314961 0.850394 
vn 0.535433 0.283465 0.795276 
vn -0.653543 0.740157 0.165354 
vn -0.503937 0.771654 0.385827 
vn -0.377953 0.92126 0.102362 
vn -0.511811 0.858268 -0.0944882 
vn -0.637795 0.740157 -0.204724 
vn -0.748031 0.535433 0.393701 
vn -0.622047 0.629921 0.472441 
vn -0.488189 0.834646 -0.251969 
vn -0.346457 0.669291 -0.661417 
vn -0.488189 0.834646 -0.251969 
vn -0.354331 0.850394 -0.377953 
vn -0.80315 0.582677 0.0866142 
vn -0.92126 0.267717 0.267717 
vn -0.92126 0.181102 0.354331 
vn -0.559055 0.23622 0.795276 
vn -0.92126 0.267717 0.267717 
vn -0.968504 -0.0551181 0.259843 
vn -0.952756 0.0393701 0.307087 
vn -0.952756 0.0393701 0.307087 
vn -0.629921 0.15748 0.76378 
vn 0.299213 0.385827 0.874016 
vn -0.551181 0.425197 0.716535 
vn 0.283465 -0.181102 0.944882 
vn 0.472441 -0.015748 0.88189 
vn -0.212598 0.976378 0.0708661 
vn -0.212598 0.976378 0.0787402 
vn -0.220472 0.968504 0.0787402 
vn -0.433071 0.897638 0.023622 
vn -0.464567 0.88189 0.0472441 
vn -0.511811 0.858268 -0.023622 
vn -0.472441 0.84252 0.275591 
vn -0.448819 0.874016 0.181102 
vn -0.448819 0.866142 0.204724 
vn -0.496063 0.818898 0.291339 
vn -0.472441 0.874016 0.133858 
vn -0.543307 0.488189 -0.677165 
vn -0.543307 0.826772 -0.125984 
vn -0.543307 0.488189 -0.677165 
vn -0.614173 0.724409 0.322835 
vn -0.574803 0.748031 0.330709 
vn -0.535433 0.291339 -0.787402 
vn -0.362205 0.511811 -0.779528 
vn -0.472441 0.708661 -0.527559 
vn -0.0314961 -0.976378 0.204724 
vn -0.275591 -0.0393701 -0.96063 
vn -0.614173 0.503937 -0.606299 
vn -0.480315 0.251969 -0.84252 
vn 0.244094 0.448819 -0.858268 
vn 0.440945 0.88189 0.188976 
vn 0.401575 0.834646 -0.377953 
vn 0.574803 0.818898 -0.0866142 
vn 0.590551 0.598425 0.543307 
vn 0.661417 0.700787 0.275591 
vn -0.19685 0.976378 0.0551181 
vn -0.637795 0.740157 -0.204724 
vn 0.149606 0.503937 0.850394 
vn -0.0314961 0.850394 0.519685 
vn -0.165354 0.968504 0.181102 
vn -0.511811 0.858268 -0.0944882 
vn 0.314961 0.708661 -0.629921 
vn 0.23622 0.338583 0.913386 
vn 0.346457 0.850394 0.401575 
vn 0.0314961 0.897638 0.448819 
vn 0.0393701 0.889764 0.448819 
vn -0.165354 0.968504 0.181102 
vn -0.346457 0.937008 0.00787402 
vn -0.417323 -0.370079 0.834646 
vn 0.173228 0.409449 -0.897638 
vn 0.559055 0.755906 0.330709 
vn 0.0393701 0.889764 0.448819 
vn -0.228346 0.952756 -0.204724 
vn 0.15748 0.377953 -0.913386 
vn -0.724409 0.0866142 0.677165 
vn 0.15748 0.401575 0.905512 
vn -0.472441 0.708661 -0.527559 
vn -0.181102 0.937008 -0.307087 
vn -0.173228 0.937008 -0.307087 
vn 0.0314961 0.92126 0.385827 
vn -0.181102 0.937008 -0.307087 
vn -0.929134 0.15748 0.338583 
vn -0.535433 0.267717 0.80315 
vn 0.598425 0.677165 -0.425197 
vn -0.0629921 0.519685 0.850394 
vn 0.0314961 0.92126 0.385827 
vn -0.102362 0.929134 -0.346457 
vn -0.472441 0.84252 -0.244094 
vn -0.527559 0.84252 -0.125984 
vn -0.133858 0.850394 0.503937 
vn -0.015748 0.96063 0.267717 
vn 0.023622 0.952756 0.314961 
vn 0.023622 0.952756 0.314961 
vn -0.0393701 0.929134 -0.370079 
vn -0.401575 0.858268 -0.322835 
vn -0.409449 0.850394 -0.330709 
vn 0.307087 0.464567 0.826772 
vn 0.149606 0.740157 -0.661417 
vn 0.433071 0.80315 -0.409449 
vn 0.543307 0.826772 -0.173228 
vn -0.023622 0.976378 0.220472 
vn -0.0787402 0.984252 0.141732 
vn -0.023622 0.968504 0.23622 
vn -0.338583 0.811024 0.472441 
vn -0.015748 0.96063 0.267717 
vn -0.015748 0.96063 0.267717 
vn -0.409449 0.850394 -0.330709 
vn -0.110236 0.968504 0.23622 
vn -0.015748 0.96063 0.267717 
vn -0.0551181 0.748031 -0.661417 
vn -0.338583 0.858268 -0.393701 
vn -0.015748 0.96063 0.267717 
vn -0.401575 -0.456693 -0.795276 
vn 0.645669 0.692913 0.322835 
vn 0.543307 0.598425 0.590551 
vn -0.0866142 0.897638 -0.433071 
vn -0.110236 0.968504 0.23622 
vn -0.023622 0.771654 -0.629921 
vn -0.472441 0.84252 -0.244094 
vn -0.023622 0.968504 0.23622 
vn -0.244094 0.866142 -0.440945 
vn -0.283465 0.944882 0.181102 
vn -0.669291 0.692913 -0.275591 
vn 0.574803 0.818898 0.0866142 
vn 0.433071 0.811024 -0.385827 
vn 0.023622 0.692913 -0.724409 
vn 0.480315 0.606299 0.629921 
vn -0.0866142 0.307087 -0.944882 
vn -0.0787402 0.984252 0.141732 
vn -0.204724 0.866142 -0.456693 
vn -0.559055 0.669291 -0.480315 
vn -0.212598 0.968504 0.11811 
vn 0.259843 0.724409 -0.637795 
vn -0.133858 -0.354331 0.929134 
vn -0.212598 0.976378 0.0787402 
vn -0.527559 0.661417 -0.535433 
vn 0.212598 0.866142 -0.448819 
vn 0.212598 0.692913 -0.685039 
vn 0.125984 0.984252 -0.110236 
vn 0.0866142 0.992126 -0.0708661 
vn 0.456693 0.393701 0.795276 
vn -0.212598 0.976378 0.0708661 
vn -0.472441 0.677165 -0.566929 
vn -0.614173 0.503937 -0.606299 
vn -0.19685 0.976378 0.0551181 
vn -0.417323 0.385827 -0.818898 
vn -0.338583 -0.299213 -0.889764 
vn -0.496063 0.818898 0.291339 
vn -0.685039 0.590551 -0.433071 
vn 0.653543 0.755906 0.0944882 
vn 0.322835 0.748031 -0.582677 
vn 0.724409 0.629921 0.283465 
vn 0.559055 0.724409 -0.409449 
vn 0.535433 0.283465 0.795276 
vn -0.377953 0.92126 0.102362 
vn -0.551181 0.425197 0.716535 
vn -0.409449 0.377953 0.826772 
vn 0.440945 0.88189 0.188976 
vn 0.574803 0.818898 -0.0866142 
vn 0.590551 0.598425 0.543307 
vn 0.661417 0.700787 0.275591 
vn 0.503937 0.401575 0.771654 
vn 0.149606 0.503937 0.850394 
vn 0.23622 0.338583 0.913386 
vn 0.212598 -0.19685 0.952756 
vn -0.0866142 -0.968504 0.23622 
vn 0 -0.96063 0.275591 
vn 0.173228 0.409449 -0.897638 
vn 0.559055 0.755906 0.330709 
vn 0.15748 0.377953 -0.913386 
vn -0.724409 0.0866142 0.677165 
vn 0.598425 0.677165 -0.425197 
vn 0.433071 0.80315 -0.409449 
vn 0.543307 0.826772 -0.173228 
vn 0.645669 0.692913 0.322835 
vn 0.543307 0.598425 0.590551 
vn 0.480315 0.606299 0.629921 
vn 0.19685 0.275591 0.937008 
vn -0.133858 -0.354331 0.929134 
vn 0.0866142 0.992126 -0.0708661 
vn 0.433071 0.283465 -0.850394 
vn 0.488189 0.0393701 -0.874016 
vn 0.354331 -0.228346 -0.905512 
vn 0.11811 -0.267717 -0.96063 
vn 0.708661 0.645669 0.283465 
vn 0.653543 0.755906 0.0944882 
vn 0.740157 0.606299 0.299213 
vn 0.724409 0.629921 0.283465 
vn 0.496063 -0.173228 0.850394 
vn 0.220472 -0.527559 0.818898 
vn 0.125984 0.984252 -0.110236 
vn 0.456693 0.393701 0.795276 
vn 0.511811 0 0.858268 
vn -0.0393701 -0.944882 -0.330709 
vn -0.0472441 -0.889764 -0.464567 
vn -0.220472 -0.606299 -0.76378 
vn -0.0472441 0.771654 -0.637795 
vn -0.0866142 0.897638 -0.433071 
vn -0.19685 0.795276 -0.574803 
vn 0.0393701 -0.992126 0.133858 
vn 0.110236 -0.976378 0.165354 
vn 0.535433 0.283465 0.795276 
vn -0.377953 0.92126 0.102362 
vn -0.488189 0.834646 -0.251969 
vn -0.346457 0.669291 -0.661417 
vn -0.488189 0.834646 -0.251969 
vn -0.818898 0.354331 -0.440945 
vn -0.598425 0.251969 -0.755906 
vn -0.92126 0.283465 0.251969 
vn -0.92126 0.267717 0.267717 
vn -0.92126 0.181102 0.354331 
vn -0.905512 -0.393701 0.149606 
vn -0.874016 -0.448819 0.188976 
vn -0.866142 -0.425197 0.259843 
vn -0.968504 -0.0551181 0.259843 
vn -0.952756 0.0393701 0.307087 
vn -0.559055 0.496063 -0.661417 
vn -0.433071 0.897638 0.023622 
vn -0.543307 0.488189 -0.677165 
vn -0.488189 0 -0.874016 
vn -0.543307 0.488189 -0.677165 
vn 0.165354 -0.566929 -0.811024 
vn 0.228346 -0.787402 -0.574803 
vn 0.220472 -0.740157 -0.629921 
vn 0.0314961 0.11811 -0.992126 
vn 0.110236 -0.0393701 -0.992126 
vn 0.023622 -0.0629921 -1 
vn 0.0551181 -0.307087 -0.952756 
vn 0.133858 -0.393701 -0.905512 
vn 0.0787402 -0.425197 -0.905512 
vn 0.0393701 0.440945 -0.897638 
vn 0.0944882 0.322835 -0.944882 
vn 0.0472441 0.23622 -0.968504 
vn 0.0393701 -0.228346 -0.968504 
vn -0.149606 -0.299213 -0.944882 
vn -0.307087 -0.425197 -0.850394 
vn -0.259843 -0.141732 -0.952756 
vn -0.141732 -0.0944882 -0.984252 
vn -0.535433 0.291339 -0.787402 
vn -0.338583 0.0787402 -0.937008 
vn -0.362205 0.511811 -0.779528 
vn -0.472441 0.708661 -0.527559 
vn -0.354331 -0.637795 -0.685039 
vn -0.0314961 -0.976378 0.204724 
vn -0.307087 -0.582677 -0.755906 
vn -0.275591 -0.0393701 -0.96063 
vn -0.393701 -0.692913 -0.606299 
vn -0.204724 -0.755906 -0.622047 
vn -0.535433 -0.299213 -0.787402 
vn -0.212598 -0.440945 -0.874016 
vn -0.614173 0.503937 -0.606299 
vn -0.614173 0.503937 -0.606299 
vn -0.480315 0.251969 -0.84252 
vn 0.102362 -0.015748 -0.992126 
vn 0.133858 0.370079 -0.92126 
vn 0.244094 0.448819 -0.858268 
vn 0.291339 0.0472441 -0.952756 
vn -0.622047 -0.165354 -0.771654 
vn -0.811024 0.590551 -0.0472441 
vn -0.92126 -0.165354 -0.354331 
vn -0.582677 -0.748031 0.307087 
vn -0.637795 0.740157 -0.204724 
vn -0.629921 0.11811 -0.771654 
vn -0.834646 -0.401575 -0.370079 
vn -0.582677 -0.748031 0.307087 
vn -0.511811 0.858268 -0.0944882 
vn 0.314961 0.708661 -0.629921 
vn -0.425197 -0.023622 -0.905512 
vn -0.346457 0.937008 0.00787402 
vn -0.188976 0.362205 -0.913386 
vn -0.0629921 0.566929 -0.818898 
vn 0.173228 0.409449 -0.897638 
vn -0.385827 -0.0551181 -0.92126 
vn -0.393701 -0.0629921 -0.92126 
vn -0.346457 -0.905512 -0.244094 
vn -0.590551 0.0393701 -0.811024 
vn -0.228346 0.952756 -0.204724 
vn -0.787402 -0.503937 0.338583 
vn -0.417323 -0.370079 0.834646 
vn -0.937008 -0.19685 0.275591 
vn 0.15748 0.377953 -0.913386 
vn -0.228346 -0.889764 -0.385827 
vn -0.440945 0.401575 -0.80315 
vn -0.173228 0.937008 -0.307087 
vn -0.929134 0.15748 0.338583 
vn -0.181102 -0.88189 -0.440945 
vn -0.330709 0.417323 -0.84252 
vn 0.0314961 0.92126 0.385827 
vn -0.102362 0.929134 -0.346457 
vn -0.527559 0.84252 -0.125984 
vn -0.661417 -0.165354 -0.732283 
vn -0.590551 -0.496063 -0.637795 
vn -0.0393701 0.929134 -0.370079 
vn -0.133858 -0.88189 -0.456693 
vn -0.220472 0.433071 -0.874016 
vn -0.401575 0.858268 -0.322835 
vn -0.488189 -0.472441 -0.732283 
vn -0.488189 -0.472441 -0.732283 
vn 0.149606 0.740157 -0.661417 
vn 0.433071 0.80315 -0.409449 
vn -0.0551181 0.748031 -0.661417 
vn -0.125984 -0.88189 -0.448819 
vn -0.181102 0.0708661 -0.984252 
vn -0.338583 0.858268 -0.393701 
vn -0.401575 -0.456693 -0.795276 
vn -0.401575 -0.456693 -0.795276 
vn -0.023622 0.771654 -0.629921 
vn -0.165354 0.125984 -0.976378 
vn -0.244094 0.866142 -0.440945 
vn -0.291339 -0.472441 -0.826772 
vn -0.291339 -0.464567 -0.834646 
vn -0.669291 0.692913 -0.275591 
vn 0.023622 0.692913 -0.724409 
vn -0.551181 -0.503937 -0.669291 
vn -0.0866142 0.307087 -0.944882 
vn -0.204724 0.866142 -0.456693 
vn -0.19685 -0.488189 -0.850394 
vn -0.228346 -0.141732 -0.96063 
vn -0.559055 0.669291 -0.480315 
vn 0.259843 0.724409 -0.637795 
vn 0.19685 0.275591 0.937008 
vn -0.291339 -0.779528 -0.551181 
vn 0 0.456693 -0.889764 
vn -0.259843 -0.165354 -0.952756 
vn -0.527559 0.661417 -0.535433 
vn 0.212598 0.866142 -0.448819 
vn 0.212598 0.692913 -0.685039 
vn 0.125984 0.559055 -0.818898 
vn 0.0393701 0.582677 -0.811024 
vn 0.0866142 0.992126 -0.0708661 
vn -0.244094 -0.787402 -0.566929 
vn -0.0866142 0.188976 -0.976378 
vn -0.472441 0.677165 -0.566929 
vn 0.433071 0.283465 -0.850394 
vn 0.488189 0.0393701 -0.874016 
vn -0.204724 -0.748031 -0.629921 
vn -0.165354 -0.740157 -0.645669 
vn -0.141732 0.0866142 -0.984252 
vn -0.417323 0.385827 -0.818898 
vn 0.354331 -0.228346 -0.905512 
vn 0.244094 -0.338583 -0.913386 
vn -0.251969 -0.409449 -0.874016 
vn -0.102362 -0.716535 -0.692913 
vn 0.267717 -0.425197 -0.866142 
vn 0.11811 -0.267717 -0.96063 
vn 0.0866142 -0.417323 -0.905512 
vn -0.220472 -0.456693 -0.866142 
vn -0.338583 -0.299213 -0.889764 
vn 0.0393701 -0.598425 -0.80315 
vn -0.125984 -0.346457 -0.929134 
vn -0.188976 -0.496063 -0.850394 
vn -0.0708661 -0.472441 -0.874016 
vn -0.370079 -0.543307 0.755906 
vn -0.0472441 -0.527559 -0.850394 
vn 0.110236 -0.503937 -0.858268 
vn 0.015748 -0.543307 -0.834646 
vn 0.125984 -0.732283 -0.669291 
vn 0.220472 -0.913386 -0.338583 
vn 0.212598 -0.732283 0.645669 
vn 0.023622 -0.653543 -0.755906 
vn 0.377953 -0.92126 -0.102362 
vn 0.409449 -0.897638 -0.165354 
vn -0.0708661 -0.519685 -0.850394 
vn -0.787402 0.574803 -0.23622 
vn -0.496063 0.818898 0.291339 
vn -0.519685 -0.590551 -0.614173 
vn 0.322835 -0.944882 -0.0314961 
vn 0.385827 -0.905512 -0.181102 
vn 0.110236 -0.669291 -0.732283 
vn -0.685039 0.590551 -0.433071 
vn -0.173228 -0.771654 -0.614173 
vn 0.370079 -0.913386 -0.165354 
vn 0.0472441 -0.653543 -0.755906 
vn -0.543307 0.559055 -0.622047 
vn -0.464567 0.88189 0.0472441 
vn -0.598425 0.606299 -0.527559 
vn -0.472441 0.874016 0.133858 
vn 0 -0.669291 -0.740157 
vn -0.700787 -0.566929 -0.440945 
vn 0.653543 0.755906 0.0944882 
vn 0.322835 0.748031 -0.582677 
vn 0.559055 0.724409 -0.409449 
vn 0.0944882 0.417323 -0.905512 
vn -0.0393701 -0.944882 -0.330709 
vn -0.0472441 -0.889764 -0.464567 
vn -0.220472 -0.606299 -0.76378 
vn -0.0314961 -0.976378 0.204724 
vn -0.0314961 -0.976378 0.212598 
vn -0.0314961 -0.976378 0.204724 
vn -0.0314961 -0.976378 0.204724 
vn 0.0629921 -1 0.0472441 
vn -0.0393701 -0.992126 0.0944882 
vn 0.0393701 -0.992126 0.133858 
vn 0.110236 -0.976378 0.165354 
vn -0.488189 0.834646 -0.251969 
vn -0.905512 -0.393701 0.149606 
vn -0.874016 -0.448819 0.188976 
vn -0.92126 0.267717 0.267717 
vn -0.874016 -0.448819 0.188976 
vn -0.732283 -0.228346 0.637795 
vn -0.866142 -0.425197 0.259843 
vn 0.0393701 -0.992126 0.133858 
vn -0.488189 -0.307087 0.818898 
vn -0.968504 -0.0551181 0.259843 
vn 0.433071 0.0314961 0.905512 
vn 0.354331 -0.133858 0.92126 
vn 0.228346 -0.133858 0.96063 
vn 0.488189 -0.0393701 0.874016 
vn -0.543307 0.488189 -0.677165 
vn -0.543307 0.826772 -0.125984 
vn -0.543307 0.488189 -0.677165 
vn 0.228346 -0.787402 -0.574803 
vn 0.220472 -0.740157 -0.629921 
vn -0.307087 -0.425197 -0.850394 
vn -0.354331 -0.637795 -0.685039 
vn -0.0314961 -0.976378 0.204724 
vn -0.307087 -0.582677 -0.755906 
vn -0.275591 -0.0393701 -0.96063 
vn -0.393701 -0.692913 -0.606299 
vn -0.0472441 -0.952756 -0.299213 
vn -0.204724 -0.755906 -0.622047 
vn 0.110236 -0.984252 -0.149606 
vn -0.614173 0.503937 -0.606299 
vn 0.456693 -0.283465 0.84252 
vn 0.330709 -0.472441 0.818898 
vn 0.440945 -0.76378 0.472441 
vn 0.393701 -0.811024 0.433071 
vn 0.385827 -0.818898 0.425197 
vn 0.425197 -0.732283 0.535433 
vn -0.0393701 -0.992126 0.0944882 
vn 0.0944882 -0.992126 -0.0393701 
vn 0.425197 -0.732283 0.535433 
vn -0.582677 -0.748031 0.307087 
vn -0.582677 -0.748031 0.307087 
vn -0.582677 -0.748031 0.307087 
vn 0.212598 -0.19685 0.952756 
vn -0.0866142 -0.968504 0.23622 
vn 0 -0.96063 0.275591 
vn -0.417323 -0.370079 0.834646 
vn -0.488189 -0.330709 0.811024 
vn -0.346457 -0.905512 -0.244094 
vn -0.0866142 -0.968504 0.23622 
vn 0.0629921 -0.96063 0.259843 
vn 0.110236 -0.850394 0.511811 
vn -0.787402 -0.503937 0.338583 
vn -0.417323 -0.370079 0.834646 
vn -0.141732 0.173228 0.976378 
vn -0.228346 -0.889764 -0.385827 
vn 0.0629921 -0.96063 0.259843 
vn -0.181102 -0.88189 -0.440945 
vn -0.181102 -0.88189 -0.440945 
vn 0.015748 -0.976378 0.228346 
vn -0.181102 -0.88189 -0.440945 
vn -0.590551 -0.496063 -0.637795 
vn -0.259843 -0.96063 -0.0866142 
vn 0.244094 -0.92126 0.291339 
vn 0.220472 -0.929134 0.307087 
vn 0.244094 -0.913386 0.322835 
vn -0.133858 -0.88189 -0.456693 
vn 0.015748 -0.976378 0.228346 
vn -0.259843 -0.96063 -0.0866142 
vn 0.220472 -0.897638 0.377953 
vn -0.488189 -0.472441 -0.732283 
vn 0.244094 -0.913386 0.322835 
vn -0.125984 -0.88189 -0.448819 
vn -0.0314961 -0.976378 0.204724 
vn -0.401575 -0.456693 -0.795276 
vn -0.401575 -0.456693 -0.795276 
vn 0.244094 -0.92126 0.291339 
vn 0.188976 -0.937008 0.299213 
vn 0.188976 -0.937008 0.299213 
vn -0.291339 -0.464567 -0.834646 
vn 0.188976 -0.937008 0.299213 
vn -0.551181 -0.503937 -0.669291 
vn -0.19685 -0.488189 -0.850394 
vn 0 -0.944882 -0.322835 
vn 0 -0.944882 -0.322835 
vn -0.291339 -0.779528 -0.551181 
vn -0.133858 -0.354331 0.929134 
vn -0.244094 -0.787402 -0.566929 
vn -0.251969 -0.779528 -0.566929 
vn -0.0472441 -0.952756 -0.299213 
vn -0.472441 0.677165 -0.566929 
vn 0.440945 -0.76378 0.472441 
vn -0.204724 -0.748031 -0.629921 
vn -0.165354 -0.740157 -0.645669 
vn -0.614173 0.503937 -0.606299 
vn 0.496063 -0.173228 0.850394 
vn -0.102362 -0.716535 -0.692913 
vn 0.393701 -0.811024 0.433071 
vn 0.267717 -0.425197 -0.866142 
vn 0.11811 -0.267717 -0.96063 
vn 0.377953 -0.653543 0.653543 
vn -0.220472 -0.456693 -0.866142 
vn 0.385827 -0.818898 0.425197 
vn -0.338583 -0.299213 -0.889764 
vn 0.220472 -0.527559 0.818898 
vn 0.377953 -0.653543 0.653543 
vn 0.0393701 -0.598425 -0.80315 
vn 0.307087 -0.826772 0.464567 
vn 0.228346 -0.496063 0.834646 
vn 0.307087 -0.826772 0.464567 
vn 0.259843 -0.897638 0.346457 
vn 0.00787402 -0.464567 0.889764 
vn 0.110236 -0.984252 -0.149606 
vn -0.0708661 -0.472441 -0.874016 
vn 0.259843 -0.897638 0.346457 
vn 0.188976 -0.889764 0.417323 
vn -0.102362 -0.307087 0.944882 
vn -0.370079 -0.543307 0.755906 
vn -0.259843 -0.330709 0.905512 
vn 0.188976 -0.889764 0.417323 
vn 0.314961 -0.905512 -0.275591 
vn -0.0787402 -0.173228 0.984252 
vn 0.102362 -0.84252 0.527559 
vn -0.519685 -0.645669 0.559055 
vn -0.370079 -0.543307 0.755906 
vn -0.732283 -0.488189 0.480315 
vn 0.535433 -0.637795 0.559055 
vn 0.503937 -0.637795 0.582677 
vn 0.401575 -0.661417 0.637795 
vn 0.102362 -0.84252 0.527559 
vn 0.220472 -0.937008 -0.267717 
vn 0.212598 -0.732283 0.645669 
vn 0.125984 -0.732283 -0.669291 
vn 0.220472 -0.913386 -0.338583 
vn 0.212598 -0.732283 0.645669 
vn 0.433071 0.0629921 0.897638 
vn 0.023622 -0.653543 -0.755906 
vn 0.377953 -0.92126 -0.102362 
vn 0.401575 -0.661417 0.637795 
vn 0.425197 -0.015748 0.905512 
vn 0.204724 -0.952756 0.228346 
vn 0.259843 -0.96063 0.0787402 
vn 0.503937 -0.637795 0.582677 
vn 0.409449 -0.897638 -0.165354 
vn -0.0708661 -0.519685 -0.850394 
vn -0.519685 -0.590551 -0.614173 
vn 0.322835 -0.944882 -0.0314961 
vn 0.338583 -0.937008 -0.102362 
vn 0.527559 -0.677165 0.511811 
vn 0.511811 -0.661417 0.543307 
vn 0.385827 -0.905512 -0.181102 
vn 0.511811 -0.661417 0.543307 
vn -0.173228 -0.771654 -0.614173 
vn 0.370079 -0.913386 -0.165354 
vn 0.527559 -0.677165 0.511811 
vn 0.338583 -0.937008 -0.102362 
vn -0.0393701 -0.944882 -0.330709 
vn -0.220472 -0.606299 -0.76378 
vn -0.0314961 -0.976378 0.204724 
vn -0.0314961 -0.976378 0.204724 
vn -0.0472441 0.771654 -0.637795 
vn -0.267717 -0.314961 0.913386 
vn -0.401575 -0.559055 0.732283 
vn -0.622047 -0.480315 0.622047 
vn 0.0393701 -0.992126 0.133858 
vn 0.110236 -0.976378 0.165354 
vn -0.417323 0.314961 0.850394 
vn -0.551181 -0.125984 0.826772 
vn -0.653543 0.740157 0.165354 
vn -0.503937 0.771654 0.385827 
vn -0.377953 0.92126 0.102362 
vn -0.637795 0.740157 -0.204724 
vn -0.811024 0.590551 -0.0472441 
vn -0.748031 0.535433 0.393701 
vn -0.622047 0.629921 0.472441 
vn -0.874016 0.440945 0.19685 
vn -0.488189 0.834646 -0.251969 
vn -0.795276 -0.440945 0.425197 
vn -0.488189 0.834646 -0.251969 
vn -0.354331 0.850394 -0.377953 
vn -0.80315 0.582677 0.0866142 
vn -0.818898 0.354331 -0.440945 
vn -0.598425 0.251969 -0.755906 
vn -0.818898 0.354331 -0.440945 
vn -0.92126 0.283465 0.251969 
vn -0.913386 0.346457 0.188976 
vn -0.92126 0.267717 0.267717 
vn -0.92126 0.181102 0.354331 
vn -0.905512 -0.393701 0.149606 
vn -0.874016 -0.448819 0.188976 
vn -0.913386 0.346457 0.188976 
vn -0.535433 0.181102 0.826772 
vn -0.874016 -0.448819 0.188976 
vn -0.732283 -0.228346 0.637795 
vn -0.685039 -0.645669 0.338583 
vn -0.866142 -0.425197 0.259843 
vn -0.968504 -0.0551181 0.259843 
vn -0.952756 0.0393701 0.307087 
vn -0.551181 0.425197 0.716535 
vn -0.409449 0.377953 0.826772 
vn 0.228346 -0.133858 0.96063 
vn -0.496063 0.818898 0.291339 
vn -0.543307 0.488189 -0.677165 
vn -0.488189 0 -0.874016 
vn -0.543307 0.826772 -0.125984 
vn -0.543307 0.488189 -0.677165 
vn -0.574803 0.748031 0.330709 
vn -0.519685 -0.0708661 0.850394 
vn -0.472441 0.188976 0.858268 
vn -0.535433 0.291339 -0.787402 
vn -0.0314961 -0.976378 0.204724 
vn -0.307087 -0.582677 -0.755906 
vn -0.535433 -0.299213 -0.787402 
vn -0.622047 -0.165354 -0.771654 
vn -0.811024 -0.259843 -0.527559 
vn -0.811024 -0.259843 -0.527559 
vn -0.88189 -0.291339 0.362205 
vn -0.732283 -0.181102 0.661417 
vn -0.874016 0.440945 0.19685 
vn -0.811024 0.590551 -0.0472441 
vn -0.92126 -0.165354 -0.354331 
vn -0.88189 -0.291339 0.362205 
vn -0.582677 -0.748031 0.307087 
vn -0.582677 -0.748031 0.307087 
vn -0.582677 -0.748031 0.307087 
vn -0.637795 0.740157 -0.204724 
vn -0.834646 -0.401575 -0.370079 
vn -0.582677 -0.748031 0.307087 
vn -0.393701 -0.0629921 -0.92126 
vn -0.590551 0.0393701 -0.811024 
vn -0.787402 -0.503937 0.338583 
vn -0.417323 -0.370079 0.834646 
vn -0.488189 0.228346 0.84252 
vn -0.937008 -0.19685 0.275591 
vn -0.724409 0.0866142 0.677165 
vn -0.472441 0.708661 -0.527559 
vn -0.929134 0.15748 0.338583 
vn -0.535433 0.267717 0.80315 
vn -0.527559 0.84252 -0.125984 
vn -0.661417 -0.165354 -0.732283 
vn 0.433071 0.80315 -0.409449 
vn -0.401575 -0.456693 -0.795276 
vn -0.0866142 0.897638 -0.433071 
vn -0.283465 0.944882 0.181102 
vn -0.669291 0.692913 -0.275591 
vn -0.551181 -0.503937 -0.669291 
vn -0.0866142 0.307087 -0.944882 
vn -0.559055 0.669291 -0.480315 
vn -0.212598 0.968504 0.11811 
vn -0.133858 -0.354331 0.929134 
vn -0.0472441 -0.952756 -0.299213 
vn -0.614173 0.503937 -0.606299 
vn 0.110236 -0.984252 -0.149606 
vn -0.0708661 -0.472441 -0.874016 
vn -0.370079 -0.543307 0.755906 
vn -0.519685 -0.645669 0.559055 
vn -0.370079 -0.543307 0.755906 
vn -0.614173 -0.291339 0.732283 
vn -0.732283 -0.488189 0.480315 
vn -0.866142 -0.181102 0.464567 
vn -0.614173 0.724409 0.322835 
vn -0.787402 0.574803 -0.23622 
vn -0.496063 0.818898 0.291339 
vn -0.519685 -0.590551 -0.614173 
vn -0.685039 0.590551 -0.433071 
vn -0.448819 0.866142 0.204724 
vn -0.598425 0.606299 -0.527559 
vn -0.472441 0.874016 0.133858 
vn 0 -0.669291 -0.740157 
vn -0.700787 -0.566929 -0.440945 
vn -0.740157 -0.535433 -0.401575 
vn -0.133858 -0.456693 0.88189 
vn -0.740157 -0.535433 -0.401575 
vn -0.0314961 -0.976378 0.204724 
vn -0.0314961 -0.976378 0.212598 
vn -0.267717 -0.314961 0.913386 
vn -0.0314961 -0.307087 0.952756 
vn -0.401575 -0.559055 0.732283 
vn -0.622047 -0.480315 0.622047 
vn -0.204724 0.968504 0.133858 
vn -0.496063 0.23622 0.834646 
vn -0.535433 0.267717 0.80315 
vn -0.488189 0.228346 0.84252 
vn -0.456693 0.19685 0.866142 
vn -0.417323 0.314961 0.850394 
vn -0.425197 0.220472 0.88189 
vn -0.370079 0.173228 0.913386 
vn -0.133858 0.141732 0.984252 
vn -0.338583 0.11811 0.937008 
vn -0.314961 0.0944882 0.944882 
vn -0.330709 0.204724 0.92126 
vn -0.551181 -0.125984 0.826772 
vn 0.0314961 0.125984 0.992126 
vn 0.338583 0.188976 0.92126 
vn 0.535433 0.283465 0.795276 
vn -0.653543 0.740157 0.165354 
vn -0.503937 0.771654 0.385827 
vn -0.377953 0.92126 0.102362 
vn -0.637795 0.740157 -0.204724 
vn -0.748031 0.535433 0.393701 
vn -0.622047 0.629921 0.472441 
vn -0.874016 0.440945 0.19685 
vn -0.488189 0.834646 -0.251969 
vn -0.795276 -0.440945 0.425197 
vn -0.488189 0.834646 -0.251969 
vn -0.80315 0.582677 0.0866142 
vn -0.913386 0.346457 0.188976 
vn -0.535433 0.181102 0.826772 
vn -0.559055 0.23622 0.795276 
vn -0.92126 0.267717 0.267717 
vn -0.874016 -0.448819 0.188976 
vn -0.732283 -0.228346 0.637795 
vn 0.0393701 -0.992126 0.133858 
vn -0.488189 -0.307087 0.818898 
vn -0.385827 -0.330709 0.858268 
vn -0.685039 -0.645669 0.338583 
vn -0.952756 0.0393701 0.307087 
vn -0.629921 0.15748 0.76378 
vn 0.433071 0.0314961 0.905512 
vn 0.299213 0.385827 0.874016 
vn -0.433071 0.19685 0.88189 
vn -0.551181 0.425197 0.716535 
vn -0.409449 0.377953 0.826772 
vn -0.212598 0.125984 0.968504 
vn 0.283465 -0.181102 0.944882 
vn 0.354331 -0.133858 0.92126 
vn 0.228346 -0.133858 0.96063 
vn 0.472441 -0.015748 0.88189 
vn 0.488189 -0.0393701 0.874016 
vn -0.220472 0.968504 0.0787402 
vn -0.511811 0.858268 -0.023622 
vn -0.472441 0.84252 0.275591 
vn -0.448819 0.874016 0.181102 
vn -0.496063 0.818898 0.291339 
vn -0.543307 0.826772 -0.125984 
vn -0.543307 0.488189 -0.677165 
vn -0.614173 0.724409 0.322835 
vn -0.574803 0.748031 0.330709 
vn -0.519685 -0.0708661 0.850394 
vn -0.220472 -0.0393701 0.976378 
vn -0.307087 -0.141732 0.937008 
vn -0.472441 0.188976 0.858268 
vn -0.338583 0.464567 0.818898 
vn -0.409449 -0.0314961 0.913386 
vn 0.440945 0.88189 0.188976 
vn 0.574803 0.818898 -0.0866142 
vn 0.590551 0.598425 0.543307 
vn 0.299213 0.0551181 0.952756 
vn 0.472441 -0.0551181 0.88189 
vn 0.503937 0.401575 0.771654 
vn 0.425197 0.299213 0.858268 
vn 0.244094 -0.133858 0.96063 
vn 0.291339 -0.346457 0.889764 
vn 0.456693 -0.283465 0.84252 
vn 0.330709 -0.472441 0.818898 
vn 0.393701 -0.811024 0.433071 
vn -0.732283 -0.181102 0.661417 
vn -0.582677 -0.748031 0.307087 
vn -0.582677 -0.748031 0.307087 
vn -0.582677 -0.748031 0.307087 
vn -0.0787402 0.212598 0.976378 
vn 0.149606 0.503937 0.850394 
vn 0.0866142 -0.0393701 0.992126 
vn -0.0314961 0.850394 0.519685 
vn 0.23622 0.338583 0.913386 
vn 0.212598 -0.19685 0.952756 
vn -0.0866142 -0.968504 0.23622 
vn 0 -0.96063 0.275591 
vn 0.0314961 0.897638 0.448819 
vn -0.417323 -0.370079 0.834646 
vn -0.488189 -0.330709 0.811024 
vn 0.299213 0.362205 0.88189 
vn 0.110236 -0.850394 0.511811 
vn -0.724409 0.0866142 0.677165 
vn -0.0629921 -0.456693 0.889764 
vn -0.141732 0.173228 0.976378 
vn 0.15748 0.401575 0.905512 
vn 0.0314961 0.92126 0.385827 
vn -0.204724 0.448819 0.874016 
vn -0.0629921 0.519685 0.850394 
vn 0.244094 -0.92126 0.291339 
vn 0.220472 -0.929134 0.307087 
vn -0.133858 0.850394 0.503937 
vn 0.220472 -0.897638 0.377953 
vn 0.377953 0.110236 0.92126 
vn 0.307087 0.464567 0.826772 
vn 0.433071 0.80315 -0.409449 
vn -0.023622 0.976378 0.220472 
vn -0.338583 0.811024 0.472441 
vn -0.015748 0.96063 0.267717 
vn 0.188976 -0.937008 0.299213 
vn 0.291339 0.551181 0.779528 
vn 0.645669 0.692913 0.322835 
vn 0.543307 0.598425 0.590551 
vn -0.0866142 0.897638 -0.433071 
vn 0.188976 0.566929 0.80315 
vn 0.480315 0.606299 0.629921 
vn -0.0866142 0.307087 -0.944882 
vn 0.19685 0.275591 0.937008 
vn -0.133858 -0.354331 0.929134 
vn 0.125984 0.984252 -0.110236 
vn 0.456693 0.393701 0.795276 
vn -0.267717 0 0.96063 
vn -0.00787402 0.015748 1 
vn 0.511811 0 0.858268 
vn -0.23622 -0.0629921 0.968504 
vn -0.0314961 -0.133858 0.992126 
vn -0.614173 0.503937 -0.606299 
vn 0.496063 -0.173228 0.850394 
vn -0.125984 -0.259843 0.96063 
vn 0.0708661 -0.370079 0.929134 
vn 0.377953 -0.653543 0.653543 
vn 0.220472 -0.527559 0.818898 
vn 0.228346 -0.496063 0.834646 
vn -0.322835 0.0472441 0.944882 
vn -0.212598 -0.125984 0.968504 
vn 0.00787402 -0.464567 0.889764 
vn 0.188976 -0.889764 0.417323 
vn -0.102362 -0.307087 0.944882 
vn -0.614173 -0.291339 0.732283 
vn -0.370079 -0.543307 0.755906 
vn -0.259843 -0.330709 0.905512 
vn -0.259843 -0.259843 0.929134 
vn -0.0787402 -0.173228 0.984252 
vn -0.519685 -0.645669 0.559055 
vn -0.370079 -0.543307 0.755906 
vn -0.614173 -0.291339 0.732283 
vn 0.488189 -0.637795 0.598425 
vn 0.535433 -0.637795 0.559055 
vn 0.503937 -0.637795 0.582677 
vn 0.401575 -0.661417 0.637795 
vn 0.212598 -0.732283 0.645669 
vn -0.866142 -0.181102 0.464567 
vn 0.433071 0.0629921 0.897638 
vn 0.220472 0.354331 0.905512 
vn 0.188976 -0.0472441 0.984252 
vn 0.425197 -0.015748 0.905512 
vn 0.417323 -0.015748 0.905512 
vn -0.496063 0.818898 0.291339 
vn 0.259843 -0.96063 0.0787402 
vn 0.338583 -0.937008 -0.102362 
vn 0.708661 0.645669 0.283465 
vn 0.740157 0.606299 0.299213 
vn 0.125984 -0.15748 0.976378 
vn -0.133858 -0.456693 0.88189 

vt 1.99252 -23.07 
vt 1.96443 -23.0697 
vt 1.95502 -22.9806 
vt 1.97728 -22.9957 
vt 1.99115 -22.9736 
vt 1.97465 -22.955 
vt 2.0556 -22.9517 
vt 2.05856 -23.1738 
vt 2.02659 -23.1572 
vt 2.04065 -23.1739 
vt 2.05139 -23.1622 
vt 2.03293 -23.1402 
vt 2.04179 -23.2172 
vt 2.03485 -23.2277 
vt 1.99499 -23.0742 
vt 2.05832 -22.9415 
vt 2.05181 -23.0204 
vt 2.05932 -23.012 
vt 2.04911 -23.0083 
vt 2.04205 -23.0127 
vt 2.03676 -23.0174 
vt 2.06119 -23.023 
vt 2.06711 -23.0148 
vt 2.00715 -22.9662 
vt 1.99261 -22.949 
vt 2.00715 -22.9662 
vt 1.99115 -22.9736 
vt 2.01052 -22.981 
vt 2.01035 -23.2081 
vt 1.99908 -23.2125 
vt 2.01938 -23.1981 
vt 2.01035 -23.2081 
vt 2.0425 -23.1903 
vt 2.05276 -23.1868 
vt 2.05276 -23.1868 
vt 2.06035 -23.1768 
vt 2.0602 -23.1528 
vt 2.00488 -23.0648 
vt 2.02905 -23.0909 
vt 2.04637 -23.1274 
vt 1.99955 -23.1161 
vt 2.01544 -23.142 
vt 2.01177 -23.1017 
vt 1.99729 -23.0478 
vt 2.00455 -23.0632 
vt 2.01588 -23.0557 
vt 2.04476 -23.1026 
vt 2.02894 -23.0829 
vt 2.02225 -23.0971 
vt 2.03594 -23.1132 
vt 2.01384 -23.0829 
vt 1.98772 -23.0293 
vt 2.01351 -23.0358 
vt 1.98772 -23.0293 
vt 2.0467 -23.1204 
vt 2.05201 -23.113 
vt 1.9492 -23.0537 
vt 1.94931 -23.0637 
vt 1.96583 -23.0714 
vt 1.96443 -23.0697 
vt 1.93876 -23.0358 
vt 1.97602 -23.0613 
vt 1.96084 -23.0524 
vt 1.94979 -22.8089 
vt 2.00587 -22.8206 
vt 1.98343 -22.8466 
vt 2.00283 -22.846 
vt 2.03656 -22.8438 
vt 2.02772 -22.8528 
vt 1.98881 -23.093 
vt 2.03676 -23.0174 
vt 2.06464 -22.998 
vt 2.01349 -23.1779 
vt 2.00206 -23.1901 
vt 2.04205 -23.0127 
vt 2.03673 -23.0015 
vt 2.06659 -22.9795 
vt 2.04943 -22.9969 
vt 2.00045 -23.148 
vt 1.99187 -23.1671 
vt 2.00206 -23.1901 
vt 1.98916 -23.1988 
vt 2.03569 -23.2215 
vt 2.03298 -22.9863 
vt 2.04916 -22.9794 
vt 1.99187 -23.1671 
vt 1.97839 -23.1772 
vt 2.02852 -22.9731 
vt 2.02553 -23.0278 
vt 1.99066 -23.1043 
vt 1.96583 -23.0714 
vt 1.98534 -23.1472 
vt 1.96939 -23.1523 
vt 1.97784 -23.1172 
vt 1.98534 -23.1472 
vt 2.02521 -23.2326 
vt 2.03485 -23.2277 
vt 2.04645 -22.9645 
vt 1.98942 -23.0631 
vt 1.97784 -23.1172 
vt 1.96115 -23.1228 
vt 2.02402 -23.2122 
vt 2.01331 -23.2201 
vt 1.99094 -23.0311 
vt 1.97007 -23.0604 
vt 1.97329 -23.094 
vt 1.97329 -23.094 
vt 1.9551 -23.0944 
vt 1.9988 -23.1992 
vt 2.01026 -23.1906 
vt 2.03339 -23.1988 
vt 1.99077 -22.9142 
vt 2.0166 -22.9247 
vt 2.01532 -22.8978 
vt 1.99749 -23.1193 
vt 1.97575 -23.107 
vt 1.98474 -23.1342 
vt 1.99733 -23.0033 
vt 2.01552 -23.1692 
vt 1.99928 -23.1697 
vt 2.01026 -23.1906 
vt 1.97076 -23.0276 
vt 1.97007 -23.0604 
vt 1.95083 -23.0609 
vt 1.98454 -23.1735 
vt 1.99928 -23.1697 
vt 1.97837 -23.1737 
vt 2.03916 -22.9198 
vt 2.04132 -22.8963 
vt 1.97728 -22.9957 
vt 1.97076 -23.0276 
vt 1.95031 -23.0252 
vt 2.02402 -23.2122 
vt 1.98474 -23.1342 
vt 1.96954 -23.1382 
vt 2.04065 -23.1739 
vt 2.03025 -23.1789 
vt 2.0196 -22.8678 
vt 1.99353 -22.873 
vt 1.96775 -22.9185 
vt 2.0416 -22.8642 
vt 1.93783 -23.0297 
vt 1.97575 -23.107 
vt 1.95877 -23.1033 
vt 2.01656 -23.1624 
vt 2.02659 -23.1572 
vt 1.97093 -22.879 
vt 2.00026 -23.0701 
vt 2.01544 -23.142 
vt 2.00281 -23.1433 
vt 1.96889 -22.8114 
vt 1.95918 -22.8496 
vt 1.99893 -22.7773 
vt 1.97364 -22.7753 
vt 2.01221 -22.7709 
vt 1.99955 -23.1161 
vt 1.98734 -23.118 
vt 1.97602 -23.0613 
vt 1.98881 -23.093 
vt 1.97399 -23.0883 
vt 1.94811 -23.0269 
vt 2.03594 -23.1132 
vt 2.01227 -23.1007 
vt 2.03972 -22.9367 
vt 2.01967 -22.9439 
vt 2.04296 -22.9517 
vt 2.02402 -22.9601 
vt 1.88358 -23.0583 
vt 1.81543 -23.0491 
vt 2.0574 -23.0049 
vt 2.07308 -23.0205 
vt 1.95709 -23.0059 
vt 1.9408 -23.0028 
vt 1.95317 -23.0366 
vt 1.93857 -23.0277 
vt 1.98647 -23.0358 
vt 1.82682 -23.0646 
vt 1.84123 -23.0666 
vt 1.97657 -23.018 
vt 1.99353 -22.999 
vt 1.98942 -23.0135 
vt 1.83726 -23.033 
vt 1.83371 -23.0492 
vt 1.85227 -23.0285 
vt 2.10847 -23.0255 
vt 1.84818 -23.0465 
vt 1.88654 -23.0166 
vt 1.90428 -23.0153 
vt 1.88852 -23.0392 
vt 1.91283 -23.0413 
vt 1.93772 -23.0416 
vt 1.96379 -23.0612 
vt 2.04746 -23.0003 
vt 1.96752 -22.9736 
vt 1.98491 -22.968 
vt 2.01715 -22.9645 
vt 2.05505 -22.9651 
vt 2.07895 -22.9714 
vt 1.85618 -23.0648 
vt 1.87387 -23.0397 
vt 1.86731 -23.0623 
vt 1.86088 -23.043 
vt 2.06212 -23.0093 
vt 2.08285 -22.9966 
vt 1.96543 -22.9989 
vt 1.98613 -23.0122 
vt 2.02345 -23.0185 
vt 1.90259 -23.0202 
vt 1.9035 -23.0346 
vt 1.90712 -23.0071 
vt 2.04922 -22.9806 
vt 2.05846 -22.9957 
vt 2.06779 -22.955 
vt 1.87899 -23.1738 
vt 1.87669 -23.178 
vt 2.11642 -22.9415 
vt 2.18457 -23.0083 
vt 2.07638 -22.9662 
vt 2.08207 -22.949 
vt 2.07638 -22.9662 
vt 2.08458 -22.9703 
vt 2.09212 -22.9589 
vt 2.0262 -23.2152 
vt 2.03818 -23.2081 
vt 2.03788 -23.2125 
vt 2.01476 -23.2114 
vt 2.01133 -23.2074 
vt 1.88613 -23.1875 
vt 1.8991 -23.1903 
vt 1.90489 -23.1868 
vt 1.87908 -23.0409 
vt 1.88764 -23.0478 
vt 1.89655 -23.0293 
vt 1.8894 -23.0188 
vt 1.89655 -23.0293 
vt 1.90437 -22.9229 
vt 1.90387 -22.8866 
vt 1.89418 -22.9167 
vt 1.99053 -22.962 
vt 1.98019 -22.9229 
vt 1.97751 -22.9631 
vt 1.94324 -22.9507 
vt 1.9378 -22.9073 
vt 1.93211 -22.9428 
vt 2.0243 -22.9509 
vt 2.01942 -22.9164 
vt 2.01044 -22.9582 
vt 1.96406 -22.9604 
vt 1.95704 -22.9998 
vt 1.9526 -23.0322 
vt 1.97162 -23.033 
vt 1.97416 -23.0022 
vt 1.99421 -23.0537 
vt 1.99054 -23.0365 
vt 1.98766 -23.0637 
vt 1.99475 -23.0714 
vt 2.00125 -23.0537 
vt 2.0012 -23.0697 
vt 2.00785 -23.0632 
vt 2.00615 -23.0358 
vt 1.94709 -23.0468 
vt 1.95131 -23.0588 
vt 1.89734 -23.015 
vt 1.89497 -22.9982 
vt 1.94155 -23.0613 
vt 1.94119 -23.0443 
vt 1.934 -23.0524 
vt 1.9833 -22.8531 
vt 2.01612 -22.8551 
vt 2.01579 -22.8089 
vt 1.98436 -22.8055 
vt 2.10046 -22.9719 
vt 2.17259 -23.0247 
vt 2.15738 -23.0204 
vt 2.12875 -23.0114 
vt 2.17772 -23.0174 
vt 2.16813 -23.0105 
vt 2.13797 -23.0097 
vt 2.12875 -23.0114 
vt 2.18274 -23.0127 
vt 2.17648 -23.0015 
vt 2.15172 -22.9983 
vt 2.0418 -23.1988 
vt 2.1128 -22.9579 
vt 2.10341 -22.9397 
vt 2.16274 -22.9863 
vt 2.13556 -22.9865 
vt 2.12121 -22.9975 
vt 2.01313 -23.1977 
vt 2.02765 -23.2018 
vt 2.04376 -23.1772 
vt 1.93917 -23.2272 
vt 1.93833 -23.2215 
vt 1.95088 -23.2334 
vt 2.14773 -22.9731 
vt 2.01262 -23.1762 
vt 2.02826 -23.1803 
vt 2.04505 -23.1523 
vt 1.96436 -23.2326 
vt 2.01234 -23.1515 
vt 2.02867 -23.1543 
vt 2.05312 -23.1172 
vt 2.04632 -23.1228 
vt 1.96918 -23.2201 
vt 1.95261 -23.2208 
vt 1.93817 -23.2137 
vt 2.04599 -23.0944 
vt 2.01195 -23.1229 
vt 2.02918 -23.1247 
vt 1.97315 -23.1992 
vt 1.95572 -23.2 
vt 1.94014 -23.1937 
vt 2.08699 -22.9142 
vt 2.11346 -22.9247 
vt 2.0448 -23.0609 
vt 2.01094 -23.0959 
vt 2.02869 -23.0959 
vt 1.97685 -23.1735 
vt 1.95905 -23.1737 
vt 1.94274 -23.1695 
vt 2.04538 -23.0252 
vt 2.02716 -23.063 
vt 1.98099 -23.1382 
vt 1.96252 -23.1377 
vt 1.9456 -23.1343 
vt 1.90363 -23.1789 
vt 2.06549 -22.9185 
vt 1.8872 -23.1748 
vt 2.02663 -23.0297 
vt 1.98373 -23.1033 
vt 1.94875 -23.0989 
vt 1.96561 -23.1013 
vt 1.90752 -23.1624 
vt 2.05951 -22.879 
vt 2.03621 -22.8741 
vt 1.8901 -23.158 
vt 2.02709 -22.9918 
vt 1.96894 -23.0627 
vt 1.91215 -23.1433 
vt 2.03541 -22.8114 
vt 2.03802 -22.8496 
vt 2.04038 -22.8918 
vt 2.04045 -22.9315 
vt 2.03248 -22.7753 
vt 1.89459 -23.1382 
vt 2.00817 -22.9986 
vt 1.91894 -23.118 
vt 2.01509 -22.7699 
vt 1.98285 -22.7672 
vt 1.9009 -23.1126 
vt 1.8884 -23.1028 
vt 1.99106 -23.0017 
vt 1.92615 -23.0883 
vt 1.94495 -22.7666 
vt 1.94595 -22.8008 
vt 1.90841 -23.082 
vt 1.89544 -23.073 
vt 1.91755 -22.7978 
vt 1.92105 -22.7693 
vt 1.94435 -22.8439 
vt 1.91626 -23.0462 
vt 1.93827 -23.0269 
vt 1.91404 -22.8347 
vt 1.9406 -22.9925 
vt 1.92156 -23.0159 
vt 1.92628 -22.9829 
vt 1.81935 -23.1067 
vt 1.91342 -22.9728 
vt 1.92196 -22.9344 
vt 1.89942 -22.9633 
vt 1.88652 -22.9557 
vt 1.86986 -22.9836 
vt 1.86828 -22.985 
vt 1.88006 -22.9881 
vt 1.86169 -23.0065 
vt 1.85241 -23.0257 
vt 1.87302 -23.0117 
vt 1.83797 -23.1174 
vt 1.84823 -23.1132 
vt 1.82374 -23.1116 
vt 1.82338 -23.0835 
vt 1.84309 -23.0444 
vt 1.86377 -23.0327 
vt 1.84823 -23.1007 
vt 1.8325 -23.0944 
vt 1.83293 -23.0652 
vt 1.85396 -23.0531 
vt 1.86949 -23.0611 
vt 1.88005 -23.0632 
vt 1.85873 -23.0818 
vt 1.86848 -23.0829 
vt 1.84329 -23.0745 
vt 2.11122 -22.9871 
vt 2.12613 -22.9367 
vt 2.1242 -22.9439 
vt 2.13508 -22.9601 
vt 2.12314 -22.9741 
vt 2.02742 -23.0202 
vt 2.02815 -23.0346 
vt 2.03925 -23.0071 
vt 2.00748 -23.07 
vt 2.01234 -23.106 
vt 2.03084 -23.0974 
vt 2.03557 -23.0697 
vt 1.96168 -23.1639 
vt 1.94929 -23.1549 
vt 1.94144 -23.1738 
vt 1.95213 -23.178 
vt 1.99285 -22.9662 
vt 2.00259 -23.2114 
vt 1.9921 -23.2074 
vt 1.98965 -23.2081 
vt 1.9921 -23.2074 
vt 1.98276 -23.1994 
vt 1.95503 -23.1875 
vt 1.94144 -23.1738 
vt 1.9343 -23.166 
vt 1.9575 -23.1903 
vt 1.941 -23.1485 
vt 1.97711 -23.0832 
vt 1.98482 -23.0453 
vt 1.95675 -23.123 
vt 2.01228 -23.0293 
vt 1.98649 -23.0358 
vt 2.01228 -23.0293 
vt 2.02881 -22.8866 
vt 2.03082 -22.9167 
vt 2.05628 -23.0322 
vt 2.05114 -23.0537 
vt 2.03557 -23.0697 
vt 2.05246 -23.0632 
vt 2.06124 -23.0358 
vt 2.04362 -23.0468 
vt 2.02673 -23.0643 
vt 2.0455 -23.0588 
vt 2.01077 -23.0364 
vt 2.02398 -23.0613 
vt 1.97244 -22.8013 
vt 1.9671 -22.8315 
vt 1.97107 -23.1205 
vt 1.98673 -23.0941 
vt 1.99772 -23.0705 
vt 1.96063 -23.1358 
vt 1.94929 -23.1549 
vt 1.97349 -23.1467 
vt 1.96063 -23.1358 
vt 1.95359 -23.0114 
vt 1.93465 -23.0019 
vt 1.93076 -23.0121 
vt 1.98199 -23.1754 
vt 2.00102 -23.1903 
vt 1.9865 -23.1866 
vt 1.96431 -23.2215 
vt 1.95719 -23.2117 
vt 2.01276 -23.1977 
vt 2.00102 -23.1903 
vt 2.01255 -23.1656 
vt 2.00683 -23.1418 
vt 1.97418 -23.2272 
vt 1.96431 -23.2215 
vt 2.00034 -23.0656 
vt 2.02361 -23.1762 
vt 2.01255 -23.1656 
vt 2.03289 -23.1515 
vt 2.01965 -23.1459 
vt 2.02658 -23.118 
vt 2.01965 -23.1459 
vt 1.98591 -23.2137 
vt 1.97477 -23.2033 
vt 1.99936 -23.1631 
vt 1.98326 -23.1628 
vt 1.98895 -23.1823 
vt 2.04109 -23.1229 
vt 2.02658 -23.118 
vt 1.97477 -23.2033 
vt 1.96526 -23.1922 
vt 2.00061 -23.1937 
vt 1.98895 -23.1823 
vt 2.04686 -23.0959 
vt 2.03084 -23.0974 
vt 2.02163 -23.1737 
vt 2.01435 -23.1695 
vt 1.99936 -23.1631 
vt 2.01199 -23.1279 
vt 1.99946 -23.1136 
vt 2.02792 -23.1343 
vt 2.01199 -23.1279 
vt 1.97002 -23.1748 
vt 2.03733 -23.0989 
vt 2.01921 -23.1003 
vt 2.01921 -23.1003 
vt 1.98396 -23.158 
vt 1.99974 -23.0701 
vt 1.99841 -23.1382 
vt 1.98687 -23.128 
vt 2.02673 -23.0643 
vt 2.01266 -23.118 
vt 1.97107 -23.1205 
vt 2.01423 -23.1126 
vt 2.00257 -23.1028 
vt 2.02398 -23.0613 
vt 1.99071 -22.7669 
vt 2.01602 -23.073 
vt 1.98673 -23.0941 
vt 2.03107 -22.7978 
vt 2.0286 -22.7693 
vt 1.99972 -22.7971 
vt 2.03958 -23.0462 
vt 1.99772 -23.0705 
vt 2.05189 -23.0269 
vt 2.00342 -22.7691 
vt 1.99972 -22.7971 
vt 2.02923 -22.8347 
vt 1.99676 -22.8293 
vt 1.96322 -22.8677 
vt 1.99676 -22.8293 
vt 1.9937 -22.8674 
vt 1.9641 -22.9146 
vt 2.01077 -23.0364 
vt 2.05715 -22.9829 
vt 1.9937 -22.8674 
vt 1.99083 -22.9095 
vt 1.96981 -22.9603 
vt 1.94905 -23.1067 
vt 1.94457 -23.1017 
vt 1.99083 -22.9095 
vt 2.01701 -22.9127 
vt 1.97512 -22.995 
vt 1.99196 -22.9523 
vt 1.95656 -23.111 
vt 1.94905 -23.1067 
vt 1.95864 -23.1197 
vt 1.97449 -23.0365 
vt 1.98917 -23.0249 
vt 1.99263 -23.0067 
vt 1.99196 -22.9523 
vt 2.01461 -22.9514 
vt 1.99332 -22.985 
vt 2.03096 -22.9557 
vt 2.01327 -22.9836 
vt 1.99332 -22.985 
vt 1.95047 -23.0878 
vt 2.02798 -22.9881 
vt 2.01061 -23.0065 
vt 1.99263 -23.0067 
vt 1.96407 -23.0649 
vt 1.96737 -23.1007 
vt 1.95735 -23.0923 
vt 1.98917 -23.0249 
vt 2.00584 -23.0257 
vt 2.02299 -23.0117 
vt 1.97385 -23.1116 
vt 1.98139 -23.0835 
vt 1.9695 -23.0742 
vt 1.97704 -23.0599 
vt 1.98451 -23.0394 
vt 1.99958 -23.0444 
vt 1.98451 -23.0394 
vt 1.98971 -23.0944 
vt 1.99166 -23.0652 
vt 1.97704 -23.0599 
vt 1.9695 -23.0742 
vt 1.90259 -22.9726 
vt 1.90712 -22.9607 
vt 2.00717 -22.9925 
vt 2.0012 -22.9644 
vt 2.04922 -22.955 
vt 2.08505 -23.0556 
vt 2.0952 -23.0503 
vt 2.08165 -23.0402 
vt 1.87899 -23.0586 
vt 1.87669 -23.0479 
vt 1.99274 -22.995 
vt 2.05952 -23.0466 
vt 2.17923 -23.0518 
vt 2.18073 -23.0593 
vt 2.18457 -23.0491 
vt 2.17772 -23.0368 
vt 2.17259 -23.0431 
vt 2.16847 -23.0612 
vt 2.17208 -23.0671 
vt 2.16475 -23.0518 
vt 2.07638 -23.0072 
vt 2.06873 -23.0266 
vt 2.07638 -23.0072 
vt 2.06719 -22.9911 
vt 2.05548 -23.0105 
vt 2.08458 -23.0213 
vt 2.09212 -23.0064 
vt 2.08458 -23.0213 
vt 2.0262 -22.998 
vt 2.02416 -23.012 
vt 2.03818 -23.0103 
vt 2.03788 -22.9991 
vt 2.01476 -22.9974 
vt 2.01133 -23.0079 
vt 2.02416 -23.012 
vt 2.02257 -23.0212 
vt 2.01133 -23.0079 
vt 2.01167 -23.0172 
vt 1.89045 -23.0589 
vt 1.88613 -23.045 
vt 1.8991 -23.0425 
vt 1.90489 -23.0528 
vt 1.9426 -23.0049 
vt 1.92692 -23.0205 
vt 1.9077 -23.0152 
vt 1.84823 -23.0359 
vt 1.89655 -22.9877 
vt 1.8894 -22.9748 
vt 1.89805 -23.0135 
vt 1.89655 -22.9877 
vt 1.84137 -23.052 
vt 1.90508 -23.0236 
vt 2.02308 -23.0308 
vt 1.99421 -22.9492 
vt 2.0012 -22.9644 
vt 2.00785 -22.9475 
vt 1.89734 -22.973 
vt 2.10046 -23.0162 
vt 2.09451 -23.0316 
vt 2.09451 -23.0316 
vt 2.1492 -23.05 
vt 2.15252 -23.0662 
vt 2.16475 -23.0518 
vt 2.17259 -23.0431 
vt 2.15738 -23.0361 
vt 2.1492 -23.05 
vt 2.12875 -23.0464 
vt 2.12916 -23.0653 
vt 2.13869 -23.0692 
vt 2.17772 -23.0368 
vt 2.13797 -23.0312 
vt 2.12875 -23.0464 
vt 2.12121 -23.0272 
vt 2.02765 -22.984 
vt 1.93917 -23.0258 
vt 1.93833 -23.0357 
vt 1.95187 -23.0388 
vt 1.95088 -23.0255 
vt 1.89153 -23.0255 
vt 1.99475 -22.9658 
vt 1.96436 -23.0252 
vt 1.96752 -23.0349 
vt 1.96918 -23.0133 
vt 1.95261 -23.0096 
vt 2.11346 -23.0166 
vt 1.95905 -22.9784 
vt 2.05846 -22.9773 
vt 1.91398 -23.0406 
vt 1.90363 -23.0303 
vt 1.8872 -23.03 
vt 2.02663 -22.9378 
vt 1.90752 -23.0166 
vt 1.91941 -23.0266 
vt 1.95254 -23.0003 
vt 1.94584 -22.9733 
vt 1.94155 -22.976 
vt 1.90064 -22.9892 
vt 1.92628 -22.9428 
vt 1.81935 -23.051 
vt 1.81543 -23.0434 
vt 1.81935 -23.051 
vt 1.82668 -23.0515 
vt 1.82167 -23.0414 
vt 1.83176 -23.0393 
vt 1.8374 -23.0467 
vt 1.83797 -23.0271 
vt 1.84823 -23.0359 
vt 1.82374 -23.0262 
vt 1.84823 -23.0123 
vt 1.85993 -23.0222 
vt 1.85873 -23.0015 
vt 1.86848 -23.0138 
vt 1.84329 -22.999 
vt 2.11122 -23.0236 
vt 2.11046 -23.0384 
vt 2.11295 -23.0591 
vt 2.11046 -23.0384 
vt 1.99283 -23.07 
vt 1.99278 -23.106 
vt 1.91495 -22.9517 
vt 1.89601 -22.9584 
vt 1.9048 -22.9755 
vt 1.91835 -22.9687 
vt 2.08511 -23.1622 
vt 2.03235 -23.2172 
vt 2.03248 -23.2277 
vt 2.04813 -23.2297 
vt 2.04576 -23.2155 
vt 2.00726 -23.0742 
vt 2.00355 -23.0466 
vt 1.9894 -23.0428 
vt 2.02798 -23.0741 
vt 2.02716 -23.0493 
vt 2.0409 -23.0289 
vt 1.99501 -23.0209 
vt 1.94048 -22.9531 
vt 1.93912 -22.9145 
vt 1.90304 -22.9295 
vt 1.88358 -22.9415 
vt 1.82076 -23.0204 
vt 1.81927 -23.012 
vt 1.81543 -23.0083 
vt 1.82228 -23.0174 
vt 1.83153 -23.023 
vt 1.82792 -23.0148 
vt 1.83525 -23.0278 
vt 1.92362 -22.9662 
vt 1.93127 -22.9687 
vt 1.92362 -22.9662 
vt 1.94452 -22.981 
vt 1.97584 -23.2131 
vt 1.97743 -23.1994 
vt 1.9651 -23.1981 
vt 1.96182 -23.2081 
vt 1.98867 -23.2074 
vt 1.98833 -23.1994 
vt 2.12101 -23.1738 
vt 2.11439 -23.166 
vt 2.10293 -23.1726 
vt 2.10955 -23.1855 
vt 2.09511 -23.1868 
vt 2.09184 -23.1768 
vt 2.11261 -23.1485 
vt 2.09686 -23.1528 
vt 2.04997 -23.045 
vt 2.0574 -23.0648 
vt 2.07308 -23.0564 
vt 2.06594 -23.0359 
vt 2.08211 -23.0909 
vt 2.10232 -23.0832 
vt 2.0923 -23.0453 
vt 2.09085 -23.1274 
vt 2.11035 -23.123 
vt 2.06718 -23.1017 
vt 2.11663 -23.0557 
vt 2.14882 -23.1026 
vt 2.13406 -23.0829 
vt 2.15177 -23.1132 
vt 2.10195 -23.0358 
vt 2.10345 -23.0293 
vt 2.1626 -23.1204 
vt 2.15863 -23.113 
vt 2.09492 -23.028 
vt 2.08474 -23.0177 
vt 2.08472 -23.0312 
vt 1.97692 -22.9783 
vt 1.97017 -23.0087 
vt 2.04086 -23.0485 
vt 1.95709 -22.8206 
vt 1.9408 -22.846 
vt 1.95317 -22.8438 
vt 2.01094 -22.845 
vt 2.03088 -22.8167 
vt 1.98647 -22.812 
vt 1.97897 -22.8437 
vt 2.03309 -22.8424 
vt 2.05541 -22.8382 
vt 2.07078 -22.8013 
vt 2.08287 -22.8315 
vt 2.11248 -23.0941 
vt 1.84748 -23.0177 
vt 1.87125 -23.0114 
vt 1.87084 -23.0019 
vt 1.86131 -23.0121 
vt 1.83919 -23.0044 
vt 1.82682 -22.998 
vt 1.85643 -22.9876 
vt 1.96075 -23.1779 
vt 1.84123 -22.9795 
vt 1.97657 -23.1754 
vt 1.99353 -23.1903 
vt 1.98942 -23.1866 
vt 1.95525 -23.148 
vt 2.06167 -23.2215 
vt 2.05849 -23.2117 
vt 1.97487 -23.1422 
vt 1.99203 -23.1418 
vt 2.10847 -23.0278 
vt 1.97325 -23.1034 
vt 1.97132 -23.0656 
vt 1.95261 -23.1043 
vt 1.94688 -23.1172 
vt 1.96869 -23.0356 
vt 1.95299 -23.0631 
vt 2.06301 -23.1631 
vt 2.05782 -23.1628 
vt 1.95093 -23.0311 
vt 2.05871 -23.1922 
vt 2.04188 -23.1916 
vt 2.02619 -23.1988 
vt 1.88654 -22.9247 
vt 2.01277 -23.1193 
vt 1.94831 -23.0033 
vt 2.0194 -23.1692 
vt 2.05305 -23.1136 
vt 2.03756 -23.1597 
vt 1.88852 -22.9198 
vt 1.91283 -22.8963 
vt 1.94154 -22.9957 
vt 2.03229 -23.1147 
vt 1.93772 -22.8642 
vt 1.97337 -23.0297 
vt 1.96379 -22.8741 
vt 2.04746 -23.0701 
vt 1.96543 -22.7773 
vt 1.98613 -22.7709 
vt 1.98612 -22.9255 
vt 1.99898 -22.8793 
vt 2.02345 -22.7691 
vt 2.02997 -22.9274 
vt 2.03246 -22.878 
vt 2.05845 -23.0613 
vt 2.06212 -22.7669 
vt 2.07015 -22.923 
vt 2.06522 -22.8734 
vt 2.08871 -22.7971 
vt 2.08285 -22.7691 
vt 2.09275 -22.8677 
vt 2.03039 -22.9789 
vt 2.07529 -22.9726 
vt 2.10134 -22.9146 
vt 2.11467 -22.9095 
vt 2.10895 -22.9603 
vt 2.17332 -23.1164 
vt 2.18065 -23.1067 
vt 2.17391 -23.1017 
vt 2.16623 -23.1078 
vt 2.11805 -22.995 
vt 2.18457 -23.111 
vt 2.18065 -23.1067 
vt 2.17332 -23.1164 
vt 2.1313 -23.015 
vt 2.14732 -23.0365 
vt 2.15064 -23.0249 
vt 2.14083 -23.0067 
vt 2.13172 -22.985 
vt 2.16824 -23.1241 
vt 2.16982 -23.0878 
vt 2.15694 -23.093 
vt 2.1282 -23.0471 
vt 2.16186 -23.0649 
vt 2.14429 -23.0714 
vt 2.15177 -23.1132 
vt 2.18045 -23.0923 
vt 2.17438 -23.0742 
vt 1.85618 -22.9642 
vt 1.86731 -22.9541 
vt 1.87342 -22.9693 
vt 1.88705 -22.9878 

usemtl Hand1Mtl

f 3/3/3 4/4/4 5/5/5 
f 5/5/5 6/6/6 3/3/3 
f 9/9/9 10/10/10 11/11/11 
f 11/11/11 12/12/12 9/9/9 
f 17/17/17 18/18/18 19/19/19 
f 19/19/19 20/20/20 17/17/17 
f 17/17/17 20/20/20 21/21/21 
f 5/5/5 24/24/24 25/25/25 
f 25/25/25 6/6/6 5/5/5 
f 41/41/41 42/42/42 12/12/12 
f 12/12/12 43/43/43 41/41/41 
f 40/40/40 12/12/12 11/11/11 
f 39/39/39 43/43/43 12/12/12 
f 12/12/12 40/40/40 39/39/39 
f 44/44/44 45/45/45 46/46/46 
f 47/47/47 48/48/48 49/49/49 
f 49/49/49 50/50/50 47/47/47 
f 51/51/51 49/49/49 48/48/48 
f 44/44/44 46/46/46 53/53/53 
f 53/53/53 54/54/54 44/44/44 
f 50/50/50 55/55/55 56/56/56 
f 56/56/56 47/47/47 50/50/50 
f 59/59/59 57/57/57 58/58/58 
f 65/65/65 66/66/66 67/67/67 
f 68/68/68 65/65/65 67/67/67 
f 43/43/43 70/70/70 41/41/41 
f 31/31/31 73/73/73 74/74/74 
f 74/74/74 32/32/32 31/31/31 
f 12/12/12 42/42/42 9/9/9 
f 78/78/78 19/19/19 18/18/18 
f 18/18/18 72/72/72 78/78/78 
f 73/73/73 79/79/79 80/80/80 
f 80/80/80 74/74/74 73/73/73 
f 29/29/29 81/81/81 82/82/82 
f 82/82/82 30/30/30 29/29/29 
f 76/76/76 75/75/75 19/19/19 
f 19/19/19 78/78/78 76/76/76 
f 10/10/10 35/35/35 36/36/36 
f 36/36/36 11/11/11 10/10/10 
f 85/85/85 78/78/78 72/72/72 
f 72/72/72 77/77/77 85/85/85 
f 81/81/81 86/86/86 87/87/87 
f 87/87/87 82/82/82 81/81/81 
f 84/84/84 76/76/76 78/78/78 
f 78/78/78 85/85/85 84/84/84 
f 86/86/86 92/92/92 93/93/93 
f 93/93/93 87/87/87 86/86/86 
f 79/79/79 90/90/90 94/94/94 
f 94/94/94 95/95/95 79/79/79 
f 84/84/84 85/85/85 98/98/98 
f 92/92/92 100/100/100 101/101/101 
f 101/101/101 93/93/93 92/92/92 
f 97/97/97 102/102/102 103/103/103 
f 103/103/103 96/96/96 97/97/97 
f 99/99/99 105/105/105 106/106/106 
f 106/106/106 90/90/90 99/99/99 
f 107/107/107 108/108/108 101/101/101 
f 101/101/101 100/100/100 107/107/107 
f 109/109/109 103/103/103 102/102/102 
f 102/102/102 110/110/110 109/109/109 
f 113/113/113 114/114/114 112/112/112 
f 115/115/115 116/116/116 117/117/117 
f 119/119/119 120/120/120 121/121/121 
f 104/104/104 122/122/122 105/105/105 
f 105/105/105 99/99/99 104/104/104 
f 123/123/123 124/124/124 108/108/108 
f 108/108/108 107/107/107 123/123/123 
f 125/125/125 109/109/109 110/110/110 
f 110/110/110 126/126/126 125/125/125 
f 117/117/117 120/120/120 119/119/119 
f 119/119/119 115/115/115 117/117/117 
f 114/114/114 113/113/113 128/128/128 
f 118/118/118 130/130/130 122/122/122 
f 122/122/122 104/104/104 118/118/118 
f 131/131/131 132/132/132 124/124/124 
f 124/124/124 123/123/123 131/131/131 
f 111/111/111 119/119/119 121/121/121 
f 121/121/121 133/133/133 111/111/111 
f 134/134/134 135/135/135 125/125/125 
f 125/125/125 126/126/126 134/134/134 
f 137/137/137 33/33/33 34/34/34 
f 114/114/114 138/138/138 139/139/139 
f 139/139/139 112/112/112 114/114/114 
f 13/13/13 111/111/111 133/133/133 
f 133/133/133 14/14/14 13/13/13 
f 140/140/140 6/6/6 25/25/25 
f 129/129/129 141/141/141 138/138/138 
f 138/138/138 114/114/114 129/129/129 
f 132/132/132 131/131/131 4/4/4 
f 4/4/4 3/3/3 132/132/132 
f 116/116/116 115/115/115 15/15/15 
f 15/15/15 91/91/91 116/116/116 
f 143/143/143 144/144/144 135/135/135 
f 135/135/135 134/134/134 143/143/143 
f 145/145/145 137/137/137 136/136/136 
f 112/112/112 139/139/139 147/147/147 
f 144/144/144 143/143/143 59/59/59 
f 59/59/59 58/58/58 144/144/144 
f 149/149/149 150/150/150 145/145/145 
f 145/145/145 146/146/146 149/149/149 
f 151/151/151 152/152/152 66/66/66 
f 66/66/66 65/65/65 151/151/151 
f 66/66/66 147/147/147 139/139/139 
f 139/139/139 67/67/67 66/66/66 
f 151/151/151 65/65/65 153/153/153 
f 153/153/153 154/154/154 151/151/151 
f 150/150/150 149/149/149 156/156/156 
f 156/156/156 157/157/157 150/150/150 
f 147/147/147 66/66/66 152/152/152 
f 79/79/79 95/95/95 80/80/80 
f 157/157/157 156/156/156 159/159/159 
f 159/159/159 160/160/160 157/157/157 
f 70/70/70 43/43/43 38/38/38 
f 38/38/38 158/158/158 70/70/70 
f 160/160/160 159/159/159 62/62/62 
f 62/62/62 63/63/63 160/160/160 
f 90/90/90 106/106/106 94/94/94 
f 46/46/46 45/45/45 51/51/51 
f 51/51/51 48/48/48 46/46/46 
f 118/118/118 28/28/28 27/27/27 
f 27/27/27 130/130/130 118/118/118 
f 128/128/128 164/164/164 16/16/16 
f 113/113/113 165/165/165 164/164/164 
f 164/164/164 128/128/128 113/113/113 
f 88/88/88 98/98/98 166/166/166 
f 166/166/166 167/167/167 88/88/88 
f 166/166/166 164/164/164 165/165/165 
f 165/165/165 167/167/167 166/166/166 
f 138/138/138 69/69/69 67/67/67 
f 67/67/67 139/139/139 138/138/138 
f 141/141/141 69/69/69 138/138/138 
f 173/173/173 175/175/175 174/174/174 
f 181/181/181 180/180/180 179/179/179 
f 186/186/186 184/184/184 182/182/182 
f 189/189/189 190/190/190 188/188/188 
f 176/176/176 172/172/172 174/174/174 
f 178/178/178 199/199/199 186/186/186 
f 186/186/186 183/183/183 178/178/178 
f 199/199/199 201/201/201 202/202/202 
f 202/202/202 186/186/186 199/199/199 
f 200/200/200 202/202/202 201/201/201 
f 201/201/201 168/168/168 200/200/200 
f 174/174/174 175/175/175 191/191/191 
f 203/203/203 204/204/204 198/198/198 
f 198/198/198 197/197/197 203/203/203 
f 195/195/195 194/194/194 205/205/205 
f 205/205/205 206/206/206 195/195/195 
f 207/207/207 203/203/203 197/197/197 
f 197/197/197 196/196/196 207/207/207 
f 196/196/196 195/195/195 206/206/206 
f 206/206/206 207/207/207 196/196/196 
f 222/222/222 219/219/219 218/218/218 
f 231/231/231 232/232/232 233/233/233 
f 233/233/233 234/234/234 231/231/231 
f 236/236/236 237/237/237 238/238/238 
f 239/239/239 240/240/240 241/241/241 
f 242/242/242 243/243/243 244/244/244 
f 245/245/245 246/246/246 247/247/247 
f 241/241/241 240/240/240 248/248/248 
f 249/249/249 250/250/250 251/251/251 
f 251/251/251 252/252/252 249/249/249 
f 253/253/253 254/254/254 255/255/255 
f 260/260/260 257/257/257 259/259/259 
f 263/263/263 264/264/264 234/234/234 
f 265/265/265 266/266/266 267/267/267 
f 268/268/268 269/269/269 270/270/270 
f 270/270/270 271/271/271 268/268/268 
f 272/272/272 222/222/222 221/221/221 
f 273/273/273 276/276/276 277/277/277 
f 277/277/277 274/274/274 273/273/273 
f 276/276/276 280/280/280 281/281/281 
f 281/281/281 277/277/277 276/276/276 
f 282/282/282 278/278/278 274/274/274 
f 274/274/274 277/277/277 282/282/282 
f 222/222/222 272/272/272 284/284/284 
f 284/284/284 285/285/285 222/222/222 
f 277/277/277 281/281/281 286/286/286 
f 286/286/286 282/282/282 277/277/277 
f 287/287/287 288/288/288 278/278/278 
f 278/278/278 282/282/282 287/287/287 
f 225/225/225 283/283/283 290/290/290 
f 282/282/282 286/286/286 295/295/295 
f 295/295/295 287/287/287 282/282/282 
f 290/290/290 289/289/289 226/226/226 
f 226/226/226 223/223/223 290/290/290 
f 283/283/283 291/291/291 297/297/297 
f 297/297/297 290/290/290 283/283/283 
f 297/297/297 296/296/296 289/289/289 
f 289/289/289 290/290/290 297/297/297 
f 301/301/301 297/297/297 291/291/291 
f 291/291/291 298/298/298 301/301/301 
f 305/305/305 306/306/306 292/292/292 
f 301/301/301 300/300/300 296/296/296 
f 296/296/296 297/297/297 301/301/301 
f 298/298/298 303/303/303 309/309/309 
f 309/309/309 301/301/301 298/298/298 
f 311/311/311 312/312/312 306/306/306 
f 306/306/306 305/305/305 311/311/311 
f 313/313/313 285/285/285 314/314/314 
f 307/307/307 317/317/317 309/309/309 
f 309/309/309 303/303/303 307/307/307 
f 309/309/309 308/308/308 300/300/300 
f 300/300/300 301/301/301 309/309/309 
f 304/304/304 310/310/310 311/311/311 
f 311/311/311 305/305/305 304/304/304 
f 311/311/311 319/319/319 320/320/320 
f 320/320/320 312/312/312 311/311/311 
f 315/315/315 322/322/322 317/317/317 
f 317/317/317 307/307/307 315/315/315 
f 317/317/317 316/316/316 308/308/308 
f 308/308/308 309/309/309 317/317/317 
f 310/310/310 318/318/318 319/319/319 
f 319/319/319 311/311/311 310/310/310 
f 319/319/319 324/324/324 325/325/325 
f 325/325/325 320/320/320 319/319/319 
f 219/219/219 313/313/313 327/327/327 
f 315/315/315 321/321/321 329/329/329 
f 329/329/329 322/322/322 315/315/315 
f 322/322/322 259/259/259 316/316/316 
f 316/316/316 317/317/317 322/322/322 
f 324/324/324 319/319/319 318/318/318 
f 318/318/318 323/323/323 324/324/324 
f 331/331/331 325/325/325 324/324/324 
f 324/324/324 332/332/332 331/331/331 
f 229/229/229 326/326/326 328/328/328 
f 334/334/334 327/327/327 313/313/313 
f 321/321/321 211/211/211 337/337/337 
f 337/337/337 329/329/329 321/321/321 
f 260/260/260 259/259/259 322/322/322 
f 322/322/322 329/329/329 260/260/260 
f 258/258/258 257/257/257 253/253/253 
f 253/253/253 256/256/256 258/258/258 
f 330/330/330 332/332/332 324/324/324 
f 324/324/324 323/323/323 330/330/330 
f 262/262/262 331/331/331 332/332/332 
f 332/332/332 338/338/338 262/262/262 
f 333/333/333 336/336/336 328/328/328 
f 328/328/328 326/326/326 333/333/333 
f 342/342/342 343/343/343 327/327/327 
f 327/327/327 334/334/334 342/342/342 
f 211/211/211 343/343/343 245/245/245 
f 245/245/245 337/337/337 211/211/211 
f 346/346/346 260/260/260 329/329/329 
f 329/329/329 337/337/337 346/346/346 
f 257/257/257 260/260/260 254/254/254 
f 254/254/254 253/253/253 257/257/257 
f 332/332/332 330/330/330 255/255/255 
f 255/255/255 338/338/338 332/332/332 
f 339/339/339 345/345/345 336/336/336 
f 336/336/336 333/333/333 339/339/339 
f 341/341/341 342/342/342 334/334/334 
f 246/246/246 343/343/343 342/342/342 
f 271/271/271 270/270/270 348/348/348 
f 348/348/348 349/349/349 271/271/271 
f 247/247/247 346/346/346 337/337/337 
f 337/337/337 245/245/245 247/247/247 
f 260/260/260 346/346/346 352/352/352 
f 352/352/352 254/254/254 260/260/260 
f 338/338/338 255/255/255 254/254/254 
f 254/254/254 251/251/251 338/338/338 
f 345/345/345 339/339/339 347/347/347 
f 347/347/347 350/350/350 345/345/345 
f 269/269/269 246/246/246 342/342/342 
f 342/342/342 341/341/341 269/269/269 
f 247/247/247 246/246/246 240/240/240 
f 240/240/240 239/239/239 247/247/247 
f 349/349/349 354/354/354 355/355/355 
f 355/355/355 271/271/271 349/349/349 
f 351/351/351 350/350/350 356/356/356 
f 356/356/356 357/357/357 351/351/351 
f 346/346/346 247/247/247 239/239/239 
f 239/239/239 352/352/352 346/346/346 
f 251/251/251 254/254/254 352/352/352 
f 352/352/352 252/252/252 251/251/251 
f 261/261/261 266/266/266 265/265/265 
f 350/350/350 347/347/347 353/353/353 
f 353/353/353 356/356/356 350/350/350 
f 268/268/268 240/240/240 246/246/246 
f 246/246/246 269/269/269 268/268/268 
f 358/358/358 355/355/355 354/354/354 
f 354/354/354 359/359/359 358/358/358 
f 360/360/360 268/268/268 271/271/271 
f 271/271/271 355/355/355 360/360/360 
f 357/357/357 356/356/356 361/361/361 
f 361/361/361 209/209/209 357/357/357 
f 241/241/241 252/252/252 352/352/352 
f 352/352/352 239/239/239 241/241/241 
f 266/266/266 261/261/261 250/250/250 
f 250/250/250 362/362/362 266/266/266 
f 356/356/356 353/353/353 267/267/267 
f 267/267/267 361/361/361 356/356/356 
f 243/243/243 240/240/240 268/268/268 
f 268/268/268 360/360/360 243/243/243 
f 363/363/363 360/360/360 355/355/355 
f 355/355/355 358/358/358 363/363/363 
f 242/242/242 248/248/248 240/240/240 
f 240/240/240 243/243/243 242/242/242 
f 248/248/248 249/249/249 252/252/252 
f 252/252/252 241/241/241 248/248/248 
f 362/362/362 250/250/250 249/249/249 
f 249/249/249 364/364/364 362/362/362 
f 361/361/361 267/267/267 362/362/362 
f 362/362/362 365/365/365 361/361/361 
f 237/237/237 243/243/243 360/360/360 
f 360/360/360 363/363/363 237/237/237 
f 364/364/364 249/249/249 248/248/248 
f 248/248/248 242/242/242 364/364/364 
f 365/365/365 362/362/362 364/364/364 
f 364/364/364 366/366/366 365/365/365 
f 213/213/213 327/327/327 343/343/343 
f 343/343/343 211/211/211 213/213/213 
f 366/366/366 364/364/364 242/242/242 
f 242/242/242 244/244/244 366/366/366 
f 208/208/208 263/263/263 233/233/233 
f 368/368/368 366/366/366 244/244/244 
f 244/244/244 369/369/369 368/368/368 
f 236/236/236 369/369/369 243/243/243 
f 243/243/243 237/237/237 236/236/236 
f 263/263/263 208/208/208 210/210/210 
f 210/210/210 264/264/264 263/263/263 
f 370/370/370 368/368/368 369/369/369 
f 369/369/369 236/236/236 370/370/370 
f 371/371/371 370/370/370 236/236/236 
f 236/236/236 238/238/238 371/371/371 
f 264/264/264 210/210/210 368/368/368 
f 368/368/368 370/370/370 264/264/264 
f 374/374/374 264/264/264 370/370/370 
f 370/370/370 371/371/371 374/374/374 
f 372/372/372 375/375/375 377/377/377 
f 264/264/264 374/374/374 377/377/377 
f 377/377/377 234/234/234 264/264/264 
f 375/375/375 376/376/376 383/383/383 
f 383/383/383 377/377/377 375/375/375 
f 250/250/250 262/262/262 338/338/338 
f 338/338/338 251/251/251 250/250/250 
f 362/362/362 267/267/267 266/266/266 
f 377/377/377 383/383/383 231/231/231 
f 231/231/231 234/234/234 377/377/377 
f 376/376/376 382/382/382 387/387/387 
f 387/387/387 383/383/383 376/376/376 
f 232/232/232 231/231/231 388/388/388 
f 388/388/388 389/389/389 232/232/232 
f 385/385/385 380/380/380 378/378/378 
f 378/378/378 384/384/384 385/385/385 
f 386/386/386 381/381/381 385/385/385 
f 385/385/385 392/392/392 386/386/386 
f 382/382/382 386/386/386 392/392/392 
f 392/392/392 387/387/387 382/382/382 
f 383/383/383 387/387/387 388/388/388 
f 388/388/388 231/231/231 383/383/383 
f 388/388/388 390/390/390 391/391/391 
f 391/391/391 389/389/389 388/388/388 
f 392/392/392 385/385/385 384/384/384 
f 384/384/384 390/390/390 392/392/392 
f 387/387/387 392/392/392 390/390/390 
f 390/390/390 388/388/388 387/387/387 
f 366/366/366 368/368/368 210/210/210 
f 210/210/210 365/365/365 366/366/366 
f 243/243/243 369/369/369 244/244/244 
f 285/285/285 313/313/313 219/219/219 
f 219/219/219 222/222/222 285/285/285 
f 365/365/365 210/210/210 209/209/209 
f 209/209/209 361/361/361 365/365/365 
f 245/245/245 343/343/343 246/246/246 
f 270/270/270 269/269/269 341/341/341 
f 341/341/341 340/340/340 270/270/270 
f 270/270/270 340/340/340 344/344/344 
f 344/344/344 348/348/348 270/270/270 
f 285/285/285 284/284/284 395/395/395 
f 395/395/395 314/314/314 285/285/285 
f 287/287/287 295/295/295 396/396/396 
f 396/396/396 397/397/397 287/287/287 
f 288/288/288 287/287/287 397/397/397 
f 397/397/397 393/393/393 288/288/288 
f 272/272/272 393/393/393 397/397/397 
f 397/397/397 284/284/284 272/272/272 
f 284/284/284 397/397/397 396/396/396 
f 396/396/396 395/395/395 284/284/284 
f 398/398/398 399/399/399 400/400/400 
f 401/401/401 402/402/402 403/403/403 
f 403/403/403 404/404/404 401/401/401 
f 405/405/405 406/406/406 407/407/407 
f 407/407/407 408/408/408 405/405/405 
f 429/429/429 430/430/430 431/431/431 
f 433/433/433 434/434/434 435/435/435 
f 428/428/428 433/433/433 435/435/435 
f 398/398/398 436/436/436 399/399/399 
f 422/422/422 440/440/440 441/441/441 
f 441/441/441 420/420/420 422/422/422 
f 442/442/442 420/420/420 441/441/441 
f 440/440/440 422/422/422 443/443/443 
f 443/443/443 422/422/422 419/419/419 
f 419/419/419 444/444/444 443/443/443 
f 444/444/444 419/419/419 417/417/417 
f 417/417/417 416/416/416 444/444/444 
f 445/445/445 446/446/446 406/406/406 
f 406/406/406 405/405/405 445/445/445 
f 447/447/447 448/448/448 449/449/449 
f 414/414/414 413/413/413 451/451/451 
f 451/451/451 452/452/452 414/414/414 
f 411/411/411 410/410/410 455/455/455 
f 455/455/455 456/456/456 411/411/411 
f 451/451/451 457/457/457 458/458/458 
f 451/451/451 458/458/458 450/450/450 
f 462/462/462 463/463/463 456/456/456 
f 456/456/456 455/455/455 462/462/462 
f 464/464/464 465/465/465 463/463/463 
f 463/463/463 462/462/462 464/464/464 
f 466/466/466 402/402/402 458/458/458 
f 458/458/458 467/467/467 466/466/466 
f 468/468/468 469/469/469 460/460/460 
f 460/460/460 459/459/459 468/468/468 
f 470/470/470 471/471/471 472/472/472 
f 473/473/473 474/474/474 465/465/465 
f 465/465/465 464/464/464 473/473/473 
f 454/454/454 453/453/453 475/475/475 
f 475/475/475 476/476/476 454/454/454 
f 472/472/472 471/471/471 476/476/476 
f 476/476/476 475/475/475 472/472/472 
f 477/477/477 478/478/478 469/469/469 
f 469/469/469 468/468/468 477/477/477 
f 473/473/473 479/479/479 480/480/480 
f 480/480/480 474/474/474 473/473/473 
f 482/482/482 483/483/483 478/478/478 
f 478/478/478 477/477/477 482/482/482 
f 484/484/484 485/485/485 471/471/471 
f 471/471/471 470/470/470 484/484/484 
f 430/430/430 480/480/480 479/479/479 
f 479/479/479 431/431/431 430/430/430 
f 486/486/486 487/487/487 483/483/483 
f 483/483/483 482/482/482 486/486/486 
f 488/488/488 405/405/405 408/408/408 
f 408/408/408 415/415/415 488/488/488 
f 486/486/486 489/489/489 490/490/490 
f 490/490/490 487/487/487 486/486/486 
f 491/491/491 485/485/485 484/484/484 
f 405/405/405 488/488/488 492/492/492 
f 492/492/492 445/445/445 405/405/405 
f 434/434/434 490/490/490 489/489/489 
f 489/489/489 435/435/435 434/434/434 
f 445/445/445 492/492/492 494/494/494 
f 494/494/494 495/495/495 445/445/445 
f 493/493/493 485/485/485 491/491/491 
f 491/491/491 496/496/496 493/493/493 
f 467/467/467 458/458/458 457/457/457 
f 446/446/446 445/445/445 495/495/495 
f 495/495/495 498/498/498 446/446/446 
f 494/494/494 499/499/499 500/500/500 
f 500/500/500 495/495/495 494/494/494 
f 495/495/495 500/500/500 504/504/504 
f 504/504/504 498/498/498 495/495/495 
f 437/437/437 434/434/434 433/433/433 
f 502/502/502 438/438/438 507/507/507 
f 500/500/500 503/503/503 509/509/509 
f 509/509/509 504/504/504 500/500/500 
f 403/403/403 402/402/402 466/466/466 
f 505/505/505 506/506/506 511/511/511 
f 511/511/511 512/512/512 505/505/505 
f 438/438/438 439/439/439 514/514/514 
f 514/514/514 507/507/507 438/438/438 
f 436/436/436 509/509/509 503/503/503 
f 503/503/503 399/399/399 436/436/436 
f 512/512/512 516/516/516 513/513/513 
f 513/513/513 505/505/505 512/512/512 
f 439/439/439 515/515/515 517/517/517 
f 517/517/517 514/514/514 439/439/439 
f 421/421/421 420/420/420 442/442/442 
f 442/442/442 519/519/519 421/421/421 
f 513/513/513 516/516/516 521/521/521 
f 521/521/521 426/426/426 513/513/513 
f 522/522/522 517/517/517 515/515/515 
f 515/515/515 518/518/518 522/522/522 
f 519/519/519 425/425/425 424/424/424 
f 526/526/526 527/527/527 426/426/426 
f 426/426/426 521/521/521 526/526/526 
f 529/529/529 522/522/522 518/518/518 
f 518/518/518 523/523/523 529/529/529 
f 423/423/423 436/436/436 398/398/398 
f 536/536/536 537/537/537 527/527/527 
f 527/527/527 526/526/526 536/536/536 
f 538/538/538 529/529/529 523/523/523 
f 523/523/523 528/528/528 538/538/538 
f 427/427/427 527/527/527 537/537/537 
f 537/537/537 539/539/539 427/427/427 
f 540/540/540 537/537/537 536/536/536 
f 536/536/536 541/541/541 540/540/540 
f 539/539/539 537/537/537 540/540/540 
f 540/540/540 543/543/543 539/539/539 
f 544/544/544 540/540/540 541/541/541 
f 541/541/541 545/545/545 544/544/544 
f 531/531/531 530/530/530 547/547/547 
f 547/547/547 548/548/548 531/531/531 
f 545/545/545 549/549/549 550/550/550 
f 550/550/550 544/544/544 545/545/545 
f 551/551/551 543/543/543 540/540/540 
f 552/552/552 547/547/547 530/530/530 
f 530/530/530 532/532/532 552/552/552 
f 548/548/548 547/547/547 553/553/553 
f 553/553/553 554/554/554 548/548/548 
f 555/555/555 556/556/556 533/533/533 
f 533/533/533 546/546/546 555/555/555 
f 557/557/557 550/550/550 549/549/549 
f 549/549/549 558/558/558 557/557/557 
f 559/559/559 553/553/553 547/547/547 
f 547/547/547 552/552/552 559/559/559 
f 554/554/554 553/553/553 560/560/560 
f 560/560/560 561/561/561 554/554/554 
f 560/560/560 557/557/557 558/558/558 
f 558/558/558 561/561/561 560/560/560 
f 527/527/527 427/427/427 426/426/426 
f 534/534/534 533/533/533 556/556/556 
f 562/562/562 546/546/546 542/542/542 
f 555/555/555 546/546/546 562/562/562 
f 578/578/578 579/579/579 575/575/575 
f 576/576/576 575/575/575 580/580/580 
f 580/580/580 581/581/581 576/576/576 
f 575/575/575 579/579/579 582/582/582 
f 582/582/582 580/580/580 575/575/575 
f 570/570/570 584/584/584 574/574/574 
f 585/585/585 586/586/586 587/587/587 
f 587/587/587 584/584/584 585/585/585 
f 583/583/583 588/588/588 589/589/589 
f 590/590/590 585/585/585 584/584/584 
f 584/584/584 570/570/570 590/590/590 
f 591/591/591 592/592/592 593/593/593 
f 593/593/593 594/594/594 591/591/591 
f 595/595/595 596/596/596 592/592/592 
f 592/592/592 591/591/591 595/595/595 
f 599/599/599 600/600/600 598/598/598 
f 601/601/601 602/602/602 572/572/572 
f 572/572/572 571/571/571 601/601/601 
f 603/603/603 602/602/602 601/601/601 
f 601/601/601 604/604/604 603/603/603 
f 588/588/588 621/621/621 620/620/620 
f 570/570/570 569/569/569 622/622/622 
f 622/622/622 590/590/590 570/570/570 
f 582/582/582 623/623/623 624/624/624 
f 624/624/624 580/580/580 582/582/582 
f 625/625/625 626/626/626 627/627/627 
f 627/627/627 628/628/628 625/625/625 
f 629/629/629 631/631/631 624/624/624 
f 623/623/623 629/629/629 624/624/624 
f 628/628/628 627/627/627 633/633/633 
f 633/633/633 634/634/634 628/628/628 
f 636/636/636 591/591/591 594/594/594 
f 637/637/637 638/638/638 639/639/639 
f 639/639/639 640/640/640 637/637/637 
f 614/614/614 611/611/611 641/641/641 
f 642/642/642 573/573/573 565/565/565 
f 565/565/565 566/566/566 642/642/642 
f 643/643/643 640/640/640 639/639/639 
f 639/639/639 644/644/644 643/643/643 
f 637/637/637 640/640/640 646/646/646 
f 643/643/643 645/645/645 646/646/646 
f 646/646/646 640/640/640 643/643/643 
f 604/604/604 650/650/650 651/651/651 
f 652/652/652 602/602/602 603/603/603 
f 650/650/650 655/655/655 654/654/654 
f 658/658/658 605/605/605 656/656/656 
f 656/656/656 657/657/657 658/658/658 
f 611/611/611 607/607/607 659/659/659 
f 664/664/664 665/665/665 662/662/662 
f 666/666/666 665/665/665 664/664/664 
f 664/664/664 667/667/667 666/666/666 
f 668/668/668 666/666/666 667/667/667 
f 667/667/667 669/669/669 668/668/668 
f 587/587/587 615/615/615 574/574/574 
f 574/574/574 584/584/584 587/587/587 
f 671/671/671 668/668/668 669/669/669 
f 669/669/669 672/672/672 671/671/671 
f 670/670/670 665/665/665 666/666/666 
f 666/666/666 668/668/668 670/670/670 
f 610/610/610 609/609/609 619/619/619 
f 673/673/673 671/671/671 672/672/672 
f 672/672/672 674/674/674 673/673/673 
f 635/635/635 676/676/676 677/677/677 
f 634/634/634 633/633/633 635/635/635 
f 635/635/635 677/677/677 634/634/634 
f 678/678/678 630/630/630 629/629/629 
f 629/629/629 679/679/679 678/678/678 
f 569/569/569 678/678/678 679/679/679 
f 679/679/679 622/622/622 569/569/569 
f 676/676/676 620/620/620 621/621/621 
f 621/621/621 677/677/677 676/676/676 
f 682/682/682 683/683/683 684/684/684 
f 684/684/684 685/685/685 682/682/682 
f 687/687/687 688/688/688 689/689/689 
f 689/689/689 690/690/690 687/687/687 
f 680/680/680 691/691/691 692/692/692 
f 692/692/692 693/693/693 680/680/680 
f 691/691/691 694/694/694 695/695/695 
f 695/695/695 692/692/692 691/691/691 
f 695/695/695 696/696/696 697/697/697 
f 697/697/697 692/692/692 695/695/695 
f 682/682/682 698/698/698 699/699/699 
f 699/699/699 700/700/700 682/682/682 
f 700/700/700 701/701/701 683/683/683 
f 683/683/683 682/682/682 700/700/700 
f 698/698/698 682/682/682 685/685/685 
f 713/713/713 714/714/714 715/715/715 
f 715/715/715 716/716/716 713/713/713 
f 714/714/714 713/713/713 717/717/717 
f 719/719/719 720/720/720 721/721/721 
f 721/721/721 722/722/722 719/719/719 
f 723/723/723 722/722/722 721/721/721 
f 721/721/721 724/724/724 723/723/723 
f 720/720/720 725/725/725 726/726/726 
f 726/726/726 721/721/721 720/720/720 
f 727/727/727 728/728/728 729/729/729 
f 729/729/729 730/730/730 727/727/727 
f 729/729/729 731/731/731 732/732/732 
f 732/732/732 733/733/733 729/729/729 
f 734/734/734 726/726/726 725/725/725 
f 725/725/725 735/735/735 734/734/734 
f 726/726/726 686/686/686 724/724/724 
f 724/724/724 721/721/721 726/726/726 
f 731/731/731 729/729/729 728/728/728 
f 728/728/728 736/736/736 731/731/731 
f 731/731/731 734/734/734 735/735/735 
f 735/735/735 732/732/732 731/731/731 
f 686/686/686 726/726/726 734/734/734 
f 745/745/745 746/746/746 747/747/747 
f 746/746/746 696/696/696 730/730/730 
f 730/730/730 747/747/747 746/746/746 
f 729/729/729 733/733/733 747/747/747 
f 747/747/747 730/730/730 729/729/729 
f 697/697/697 748/748/748 749/749/749 
f 692/692/692 697/697/697 693/693/693 
f 750/750/750 696/696/696 695/695/695 
f 754/754/754 755/755/755 756/756/756 
f 756/756/756 757/757/757 754/754/754 
f 758/758/758 755/755/755 754/754/754 
f 758/758/758 759/759/759 755/755/755 
f 760/760/760 755/755/755 759/759/759 
f 759/759/759 761/761/761 760/760/760 
f 763/763/763 767/767/767 707/707/707 
f 707/707/707 706/706/706 763/763/763 
f 768/768/768 703/703/703 707/707/707 
f 707/707/707 767/767/767 768/768/768 
f 766/766/766 765/765/765 769/769/769 
f 766/766/766 769/769/769 767/767/767 
f 763/763/763 766/766/766 767/767/767 
f 771/771/771 768/768/768 767/767/767 
f 767/767/767 769/769/769 771/771/771 
f 772/772/772 770/770/770 715/715/715 
f 715/715/715 714/714/714 772/772/772 
f 774/774/774 772/772/772 714/714/714 
f 714/714/714 718/718/718 774/774/774 
f 776/776/776 777/777/777 690/690/690 
f 690/690/690 689/689/689 776/776/776 
f 778/778/778 775/775/775 770/770/770 
f 770/770/770 772/772/772 778/778/778 
f 779/779/779 778/778/778 772/772/772 
f 746/746/746 745/745/745 780/780/780 
f 781/781/781 681/681/681 680/680/680 
f 680/680/680 782/782/782 781/781/781 
f 778/778/778 781/781/781 783/783/783 
f 783/783/783 775/775/775 778/778/778 
f 696/696/696 727/727/727 730/730/730 
f 696/696/696 750/750/750 727/727/727 
f 781/781/781 778/778/778 779/779/779 
f 779/779/779 681/681/681 781/781/781 
f 782/782/782 680/680/680 693/693/693 
f 693/693/693 785/785/785 782/782/782 
f 782/782/782 786/786/786 783/783/783 
f 783/783/783 781/781/781 782/782/782 
f 785/785/785 693/693/693 697/697/697 
f 697/697/697 749/749/749 785/785/785 
f 785/785/785 789/789/789 786/786/786 
f 786/786/786 782/782/782 785/785/785 
f 791/791/791 792/792/792 687/687/687 
f 687/687/687 690/690/690 791/791/791 
f 749/749/749 795/795/795 789/789/789 
f 789/789/789 785/785/785 749/749/749 
f 777/777/777 790/790/790 791/791/791 
f 791/791/791 690/690/690 777/777/777 
f 796/796/796 792/792/792 791/791/791 
f 791/791/791 798/798/798 796/796/796 
f 788/788/788 798/798/798 791/791/791 
f 791/791/791 790/790/790 788/788/788 
f 798/798/798 802/802/802 794/794/794 
f 794/794/794 796/796/796 798/798/798 
f 797/797/797 802/802/802 798/798/798 
f 798/798/798 788/788/788 797/797/797 
f 794/794/794 802/802/802 694/694/694 
f 694/694/694 691/691/691 794/794/794 
f 753/753/753 757/757/757 756/756/756 
f 699/699/699 805/805/805 803/803/803 
f 803/803/803 800/800/800 699/699/699 
f 802/802/802 797/797/797 806/806/806 
f 806/806/806 694/694/694 802/802/802 
f 750/750/750 695/695/695 694/694/694 
f 694/694/694 806/806/806 750/750/750 
f 807/807/807 751/751/751 756/756/756 
f 756/756/756 808/808/808 807/807/807 
f 809/809/809 810/810/810 805/805/805 
f 805/805/805 699/699/699 809/809/809 
f 728/728/728 727/727/727 750/750/750 
f 750/750/750 806/806/806 728/728/728 
f 811/811/811 808/808/808 756/756/756 
f 756/756/756 755/755/755 811/811/811 
f 812/812/812 813/813/813 810/810/810 
f 810/810/810 809/809/809 812/812/812 
f 757/757/757 805/805/805 810/810/810 
f 810/810/810 754/754/754 757/757/757 
f 811/811/811 755/755/755 760/760/760 
f 760/760/760 815/815/815 811/811/811 
f 816/816/816 817/817/817 813/813/813 
f 813/813/813 812/812/812 816/816/816 
f 754/754/754 810/810/810 813/813/813 
f 813/813/813 758/758/758 754/754/754 
f 818/818/818 819/819/819 815/815/815 
f 758/758/758 813/813/813 817/817/817 
f 817/817/817 759/759/759 758/758/758 
f 817/817/817 820/820/820 761/761/761 
f 761/761/761 759/759/759 817/817/817 
f 697/697/697 696/696/696 821/821/821 
f 821/821/821 748/748/748 697/697/697 
f 822/822/822 816/816/816 812/812/812 
f 812/812/812 821/821/821 822/822/822 
f 817/817/817 816/816/816 823/823/823 
f 823/823/823 820/820/820 817/817/817 
f 733/733/733 741/741/741 745/745/745 
f 745/745/745 747/747/747 733/733/733 
f 822/822/822 821/821/821 696/696/696 
f 696/696/696 746/746/746 822/822/822 
f 700/700/700 699/699/699 800/800/800 
f 800/800/800 799/799/799 700/700/700 
f 825/825/825 823/823/823 816/816/816 
f 816/816/816 822/822/822 825/825/825 
f 826/826/826 827/827/827 828/828/828 
f 828/828/828 829/829/829 826/826/826 
f 830/830/830 825/825/825 822/822/822 
f 822/822/822 746/746/746 830/830/830 
f 831/831/831 832/832/832 833/833/833 
f 753/753/753 803/803/803 805/805/805 
f 805/805/805 757/757/757 753/753/753 
f 834/834/834 835/835/835 836/836/836 
f 836/836/836 837/837/837 834/834/834 
f 780/780/780 834/834/834 830/830/830 
f 830/830/830 746/746/746 780/780/780 
f 809/809/809 699/699/699 698/698/698 
f 698/698/698 748/748/748 809/809/809 
f 837/837/837 838/838/838 830/830/830 
f 830/830/830 834/834/834 837/837/837 
f 828/828/828 840/840/840 841/841/841 
f 841/841/841 829/829/829 828/828/828 
f 743/743/743 826/826/826 829/829/829 
f 829/829/829 744/744/744 743/743/743 
f 842/842/842 835/835/835 834/834/834 
f 834/834/834 780/780/780 842/842/842 
f 841/841/841 840/840/840 843/843/843 
f 843/843/843 844/844/844 841/841/841 
f 841/841/841 738/738/738 744/744/744 
f 744/744/744 829/829/829 841/841/841 
f 821/821/821 812/812/812 809/809/809 
f 809/809/809 748/748/748 821/821/821 
f 737/737/737 842/842/842 780/780/780 
f 780/780/780 741/741/741 737/737/737 
f 844/844/844 843/843/843 835/835/835 
f 835/835/835 842/842/842 844/844/844 
f 844/844/844 739/739/739 738/738/738 
f 738/738/738 841/841/841 844/844/844 
f 749/749/749 748/748/748 712/712/712 
f 712/712/712 795/795/795 749/749/749 
f 739/739/739 844/844/844 842/842/842 
f 842/842/842 737/737/737 739/739/739 
f 840/840/840 846/846/846 847/847/847 
f 846/846/846 840/840/840 828/828/828 
f 828/828/828 827/827/827 846/846/846 
f 701/701/701 700/700/700 799/799/799 
f 849/849/849 848/848/848 850/850/850 
f 769/769/769 850/850/850 848/848/848 
f 848/848/848 771/771/771 769/769/769 
f 850/850/850 769/769/769 765/765/765 
f 765/765/765 851/851/851 850/850/850 
f 850/850/850 683/683/683 701/701/701 
f 701/701/701 849/849/849 850/850/850 
f 851/851/851 684/684/684 683/683/683 
f 683/683/683 850/850/850 851/851/851 

g Hand2

v -357.617 1.51441 -1.97393 
v -357.905 1.51482 -2.01262 
v -356.676 2.15063 -1.45508 
v -356.724 2.30232 -1.40201 
v -356.869 2.22697 -1.50124 
v -356.819 2.12015 -1.5842 
v -358.358 0.815058 -1.50439 
v -358.804 1.22251 -1.56716 
v -358.889 1.22211 -1.62329 
v -358.904 1.09607 -1.59101 
v -358.79 1.11438 -1.53499 
v -357.659 1.42481 -1.94127 
v -357.438 1.45256 -1.82706 
v -357.406 1.56484 -1.84036 
v -357.652 1.25552 -1.84678 
v -357.458 1.26164 -1.79095 
v -357.294 1.15128 -1.7261 
v -357.23 1.52056 -1.76049 
v -356.692 1.95019 -1.52921 
v -356.372 1.9661 -1.43278 
v -356.486 2.25599 -1.44504 
v -356.578 2.41362 -1.43571 
v -357.233 2.92524 -1.50034 
v -357.163 2.93783 -1.43592 
v -357.13 2.97154 -1.5232 
v -357.208 2.91313 -1.62822 
v -357.256 2.83506 -1.42077 
v -357.188 2.86582 -1.37187 
v -357.296 2.80341 -1.50017 
v -356.796 2.10428 -1.86599 
v -356.823 2.01755 -1.69663 
v -356.796 2.10428 -1.86599 
v -356.921 1.93205 -1.83228 
v -358.78 1.67678 -1.81849 
v -358.662 1.6607 -1.73183 
v -358.652 1.7605 -1.74724 
v -358.74 1.78733 -1.83002 
v -358.734 1.55819 -1.85121 
v -358.666 1.56539 -1.76751 
v -358.446 0.488612 -1.44702 
v -358.394 0.555328 -1.37623 
v -358.445 0.646538 -1.37231 
v -358.554 0.587264 -1.44021 
v -358.57 0.716437 -1.48995 
v -358.483 0.745018 -1.42006 
v -358.236 0.576336 -1.42806 
v -358.273 0.709375 -1.41912 
v -357.425 1.08073 -1.77518 
v -357.586 1.02588 -1.86477 
v -357.516 0.899507 -1.73733 
v -357.348 0.951596 -1.71161 
v -357.778 0.816026 -1.66687 
v -357.715 0.655325 -1.71664 
v -357.415 0.735457 -1.77747 
v -358.066 0.749481 -1.52956 
v -358.031 0.592945 -1.55467 
v -357.875 0.958495 -1.82247 
v -357.512 0.560714 -1.79157 
v -357.887 0.302831 -1.5546 
v -357.729 0.421525 -1.68304 
v -357.972 0.278774 -1.62483 
v -357.354 0.677504 -1.81261 
v -357.302 0.658738 -2.02997 
v -358.032 0.19021 -1.53813 
v -357.972 0.222501 -1.49551 
v -357.291 0.715819 -1.71264 
v -357.203 0.797847 -1.67476 
v -357.312 0.796005 -1.70879 
v -356.893 1.66495 -1.65467 
v -357.133 1.72451 -1.79667 
v -357.453 1.14907 -1.79546 
v -355.613 1.83748 -1.86746 
v -355.813 1.96651 -1.89723 
v -355.795 1.86318 -1.61479 
v -355.811 1.39017 -1.41863 
v -355.581 1.22844 -1.52067 
v -355.542 1.59282 -1.61606 
v -355.798 1.65081 -1.46909 
v -355.791 1.20914 -1.43462 
v -355.757 1.02635 -1.48832 
v -355.458 0.904628 -1.68081 
v -355.702 0.804152 -1.63856 
v -357.801 0.56051 -1.80335 
v -357.213 2.69313 -1.37521 
v -357.159 2.49163 -1.54074 
v -357.084 2.49491 -1.38925 
v -357.165 2.57114 -1.35813 
v -357.094 2.76729 -1.32007 
v -357.037 2.87205 -1.38401 
v -356.956 2.62436 -1.31146 
v -358.481 1.80756 -1.79983 
v -356.888 2.75352 -1.36719 
v -358.455 1.66005 -1.75502 
v -358.581 1.50898 -1.92162 
v -358.55 1.54196 -1.80468 
v -358.24 1.8525 -1.90556 
v -358.837 0.975823 -1.61597 
v -358.76 1.00204 -1.55946 
v -358.188 1.68484 -1.8429 
v -358.189 1.52328 -1.96257 
v -357.293 0.610565 -1.7004 
v -357.885 1.68141 -1.8987 
v -357.584 1.70949 -1.90132 
v -357.888 1.86374 -1.97479 
v -357.994 1.91993 -2.08773 
v -357.346 1.736 -1.86411 
v -357.563 1.86302 -1.9858 
v -358.356 0.954076 -1.9072 
v -358.354 0.995436 -1.77808 
v -357.308 1.88616 -1.98055 
v -358.59 0.98895 -1.63266 
v -358.582 1.14375 -1.58317 
v -358.641 1.27632 -1.63453 
v -356.445 2.40029 -1.79352 
v -358.012 1.39394 -1.93386 
v -357.09 1.90626 -1.93005 
v -358.411 1.34056 -1.78865 
v -357.961 1.03344 -1.90789 
v -358.328 1.18714 -1.70527 
v -356.402 2.38225 -1.59844 
v -356.217 2.18592 -1.57583 
v -357.024 1.9622 -2.10861 
v -357.97 1.22955 -1.82004 
v -355.961 1.98696 -1.5728 
v -357.296 1.69571 -2.43444 
v -356.045 1.77176 -1.40961 
v -357.62 1.08978 -1.89751 
v -355.273 1.77282 -1.92893 
v -355.214 1.59537 -1.8046 
v -356.466 1.5876 -1.45236 
v -356.092 1.48505 -1.3802 
v -355.199 1.28893 -1.75288 
v -356.481 1.23552 -1.47471 
v -356.081 1.21423 -1.40811 
v -357.56 1.01904 -2.12216 
v -355.182 0.97616 -1.82681 
v -356.443 0.910176 -1.50065 
v -356.042 0.94736 -1.46292 
v -355.426 0.753834 -1.90285 
v -355.205 0.803247 -1.92917 
v -355.994 0.724677 -1.60721 
v -356.894 1.23439 -1.6116 
v -356.842 0.871746 -1.59099 
v -356.374 0.656535 -1.61315 
v -356.329 0.54139 -1.83648 
v -356.741 0.598823 -1.65775 
v -358.001 0.0841745 -1.49192 
v -357.917 0.0205127 -1.49541 
v -357.875 0.0786738 -1.45659 
v -357.924 0.141557 -1.4527 
v -357.018 0.528705 -1.69944 
v -357.955 -0.0129099 -1.55949 
v -357.917 0.0205127 -1.49541 
v -358.001 0.0841745 -1.49192 
v -357.167 0.413443 -1.72002 
v -357.338 0.285248 -1.70287 
v -357.246 0.258683 -1.81984 
v -357.102 0.33668 -1.84648 
v -356.933 0.408181 -1.85178 
v -358.067 0.127043 -1.59473 
v -357.75 0.119246 -1.50394 
v -357.796 0.228122 -1.49123 
v -357.429 0.450038 -1.66132 
v -357.567 0.181387 -1.61262 
v -357.62 0.321922 -1.58348 
v -357.972 0.278774 -1.62483 
v -357.79 0.0137607 -1.57538 
v -357.644 0.0627771 -1.67619 
v -356.756 2.64003 -1.39436 
v -356.675 2.55024 -1.41389 
v -356.809 2.48607 -1.34616 
v -356.962 2.371 -1.42779 

vn -0.0314961 -0.976378 0.204724 
vn -0.0314961 -0.976378 0.212598 
vn -0.267717 -0.314961 0.913386 
vn -0.0314961 -0.307087 0.952756 
vn -0.401575 -0.559055 0.732283 
vn -0.622047 -0.480315 0.622047 
vn -0.204724 0.968504 0.133858 
vn -0.496063 0.23622 0.834646 
vn -0.535433 0.267717 0.80315 
vn -0.488189 0.228346 0.84252 
vn -0.456693 0.19685 0.866142 
vn -0.417323 0.314961 0.850394 
vn -0.425197 0.220472 0.88189 
vn -0.370079 0.173228 0.913386 
vn -0.133858 0.141732 0.984252 
vn -0.338583 0.11811 0.937008 
vn -0.314961 0.0944882 0.944882 
vn -0.330709 0.204724 0.92126 
vn -0.551181 -0.125984 0.826772 
vn 0.0314961 0.125984 0.992126 
vn 0.338583 0.188976 0.92126 
vn 0.535433 0.283465 0.795276 
vn -0.653543 0.740157 0.165354 
vn -0.503937 0.771654 0.385827 
vn -0.377953 0.92126 0.102362 
vn -0.637795 0.740157 -0.204724 
vn -0.748031 0.535433 0.393701 
vn -0.622047 0.629921 0.472441 
vn -0.874016 0.440945 0.19685 
vn -0.488189 0.834646 -0.251969 
vn -0.795276 -0.440945 0.425197 
vn -0.488189 0.834646 -0.251969 
vn -0.80315 0.582677 0.0866142 
vn -0.913386 0.346457 0.188976 
vn -0.535433 0.181102 0.826772 
vn -0.559055 0.23622 0.795276 
vn -0.92126 0.267717 0.267717 
vn -0.874016 -0.448819 0.188976 
vn -0.732283 -0.228346 0.637795 
vn 0.0393701 -0.992126 0.133858 
vn -0.488189 -0.307087 0.818898 
vn -0.385827 -0.330709 0.858268 
vn -0.685039 -0.645669 0.338583 
vn -0.952756 0.0393701 0.307087 
vn -0.629921 0.15748 0.76378 
vn 0.433071 0.0314961 0.905512 
vn 0.299213 0.385827 0.874016 
vn -0.433071 0.19685 0.88189 
vn -0.551181 0.425197 0.716535 
vn -0.409449 0.377953 0.826772 
vn -0.212598 0.125984 0.968504 
vn 0.283465 -0.181102 0.944882 
vn 0.354331 -0.133858 0.92126 
vn 0.228346 -0.133858 0.96063 
vn 0.472441 -0.015748 0.88189 
vn 0.488189 -0.0393701 0.874016 
vn -0.220472 0.968504 0.0787402 
vn -0.511811 0.858268 -0.023622 
vn -0.472441 0.84252 0.275591 
vn -0.448819 0.874016 0.181102 
vn -0.496063 0.818898 0.291339 
vn -0.543307 0.826772 -0.125984 
vn -0.543307 0.488189 -0.677165 
vn -0.614173 0.724409 0.322835 
vn -0.574803 0.748031 0.330709 
vn -0.519685 -0.0708661 0.850394 
vn -0.220472 -0.0393701 0.976378 
vn -0.307087 -0.141732 0.937008 
vn -0.472441 0.188976 0.858268 
vn -0.338583 0.464567 0.818898 
vn -0.409449 -0.0314961 0.913386 
vn 0.440945 0.88189 0.188976 
vn 0.574803 0.818898 -0.0866142 
vn 0.590551 0.598425 0.543307 
vn 0.299213 0.0551181 0.952756 
vn 0.472441 -0.0551181 0.88189 
vn 0.503937 0.401575 0.771654 
vn 0.425197 0.299213 0.858268 
vn 0.244094 -0.133858 0.96063 
vn 0.291339 -0.346457 0.889764 
vn 0.456693 -0.283465 0.84252 
vn 0.330709 -0.472441 0.818898 
vn 0.393701 -0.811024 0.433071 
vn -0.732283 -0.181102 0.661417 
vn -0.582677 -0.748031 0.307087 
vn -0.582677 -0.748031 0.307087 
vn -0.582677 -0.748031 0.307087 
vn -0.0787402 0.212598 0.976378 
vn 0.149606 0.503937 0.850394 
vn 0.0866142 -0.0393701 0.992126 
vn -0.0314961 0.850394 0.519685 
vn 0.23622 0.338583 0.913386 
vn 0.212598 -0.19685 0.952756 
vn -0.0866142 -0.968504 0.23622 
vn 0 -0.96063 0.275591 
vn 0.0314961 0.897638 0.448819 
vn -0.417323 -0.370079 0.834646 
vn -0.488189 -0.330709 0.811024 
vn 0.299213 0.362205 0.88189 
vn 0.110236 -0.850394 0.511811 
vn -0.724409 0.0866142 0.677165 
vn -0.0629921 -0.456693 0.889764 
vn -0.141732 0.173228 0.976378 
vn 0.15748 0.401575 0.905512 
vn 0.0314961 0.92126 0.385827 
vn -0.204724 0.448819 0.874016 
vn -0.0629921 0.519685 0.850394 
vn 0.244094 -0.92126 0.291339 
vn 0.220472 -0.929134 0.307087 
vn -0.133858 0.850394 0.503937 
vn 0.220472 -0.897638 0.377953 
vn 0.377953 0.110236 0.92126 
vn 0.307087 0.464567 0.826772 
vn 0.433071 0.80315 -0.409449 
vn -0.023622 0.976378 0.220472 
vn -0.338583 0.811024 0.472441 
vn -0.015748 0.96063 0.267717 
vn 0.188976 -0.937008 0.299213 
vn 0.291339 0.551181 0.779528 
vn 0.645669 0.692913 0.322835 
vn 0.543307 0.598425 0.590551 
vn -0.0866142 0.897638 -0.433071 
vn 0.188976 0.566929 0.80315 
vn 0.480315 0.606299 0.629921 
vn -0.0866142 0.307087 -0.944882 
vn 0.19685 0.275591 0.937008 
vn -0.133858 -0.354331 0.929134 
vn 0.125984 0.984252 -0.110236 
vn 0.456693 0.393701 0.795276 
vn -0.267717 0 0.96063 
vn -0.00787402 0.015748 1 
vn 0.511811 0 0.858268 
vn -0.23622 -0.0629921 0.968504 
vn -0.0314961 -0.133858 0.992126 
vn -0.614173 0.503937 -0.606299 
vn 0.496063 -0.173228 0.850394 
vn -0.125984 -0.259843 0.96063 
vn 0.0708661 -0.370079 0.929134 
vn 0.377953 -0.653543 0.653543 
vn 0.220472 -0.527559 0.818898 
vn 0.228346 -0.496063 0.834646 
vn -0.322835 0.0472441 0.944882 
vn -0.212598 -0.125984 0.968504 
vn 0.00787402 -0.464567 0.889764 
vn 0.188976 -0.889764 0.417323 
vn -0.102362 -0.307087 0.944882 
vn -0.614173 -0.291339 0.732283 
vn -0.370079 -0.543307 0.755906 
vn -0.259843 -0.330709 0.905512 
vn -0.259843 -0.259843 0.929134 
vn -0.0787402 -0.173228 0.984252 
vn -0.519685 -0.645669 0.559055 
vn -0.370079 -0.543307 0.755906 
vn -0.614173 -0.291339 0.732283 
vn 0.488189 -0.637795 0.598425 
vn 0.535433 -0.637795 0.559055 
vn 0.503937 -0.637795 0.582677 
vn 0.401575 -0.661417 0.637795 
vn 0.212598 -0.732283 0.645669 
vn -0.866142 -0.181102 0.464567 
vn 0.433071 0.0629921 0.897638 
vn 0.220472 0.354331 0.905512 
vn 0.188976 -0.0472441 0.984252 
vn 0.425197 -0.015748 0.905512 
vn 0.417323 -0.015748 0.905512 
vn -0.496063 0.818898 0.291339 
vn 0.259843 -0.96063 0.0787402 
vn 0.338583 -0.937008 -0.102362 
vn 0.708661 0.645669 0.283465 
vn 0.740157 0.606299 0.299213 
vn 0.125984 -0.15748 0.976378 
vn -0.133858 -0.456693 0.88189 

vt -0.114746 -0.11976 
vt -0.115569 -0.695733 
vt -1.36073 1.77227 
vt -1.66381 1.66565 
vt -1.52319 1.39204 
vt -1.30639 1.50113 
vt 1.36174 -1.59523 
vt 0.517557 -2.47559 
vt 0.519612 -2.64309 
vt 0.770118 -2.676 
vt 0.732229 -2.44816 
vt 0.1161 -0.18783 
vt 0.056828 0.254183 
vt -0.16963 0.315993 
vt 0.447751 -0.186067 
vt 0.434566 0.210919 
vt 0.654338 0.538159 
vt -0.0798151 0.666262 
vt -0.952304 1.75095 
vt -0.974041 2.3686 
vt -1.55129 2.12764 
vt -1.86278 1.93531 
vt -2.86776 0.673368 
vt -2.89167 0.808384 
vt -2.95311 0.867587 
vt -2.84354 0.722268 
vt -2.69558 0.632145 
vt -2.75333 0.763146 
vt -2.63606 0.555618 
vt -1.22206 1.54138 
vt -1.09962 1.50009 
vt -1.22206 1.54138 
vt -0.887668 1.30401 
vt -0.386583 -2.40949 
vt -0.361044 -2.18965 
vt -0.55843 -2.16898 
vt -0.610821 -2.32943 
vt -0.181208 -2.31876 
vt -0.186788 -2.1902 
vt 1.93621 -1.7806 
vt 1.83018 -1.65584 
vt 1.64682 -1.76096 
vt 1.75276 -1.9678 
vt 1.52182 -1.98896 
vt 1.46938 -1.82818 
vt 1.80171 -1.37531 
vt 1.5498 -1.44538 
vt 0.799537 0.280159 
vt 0.918361 -0.0371449 
vt 1.16922 0.0973893 
vt 1.05497 0.426079 
vt 1.31382 -0.454156 
vt 1.63711 -0.330674 
vt 1.47685 0.275047 
vt 1.45353 -1.03835 
vt 1.76566 -0.968079 
vt 1.07487 -0.627976 
vt 1.86602 0.108994 
vt 2.38116 -0.641631 
vt 2.14503 -0.325724 
vt 2.42833 -0.811374 
vt 1.63118 0.426494 
vt 1.65517 0.531867 
vt 2.60168 -0.926603 
vt 2.53804 -0.807231 
vt 1.51865 0.552722 
vt 1.35585 0.716585 
vt 1.35544 0.501333 
vt -0.369212 1.34694 
vt -0.47732 0.86078 
vt 0.653715 0.224295 
vt -0.686574 3.87021 
vt -0.947147 3.46431 
vt -0.749312 3.49976 
vt 0.174973 3.47946 
vt 0.494038 3.93261 
vt -0.216454 4.00877 
vt -0.336525 3.50129 
vt 0.529489 3.52097 
vt 0.88655 3.58814 
vt 1.13252 4.17853 
vt 1.32592 3.69599 
vt 1.79966 -0.505268 
vt -2.44038 0.716673 
vt -2.06007 0.817875 
vt -2.06662 0.968891 
vt -2.21909 0.806538 
vt -2.57297 0.928972 
vt -2.77081 1.03268 
vt -2.29717 1.19888 
vt -0.627989 -1.8469 
vt -2.54037 1.32787 
vt -0.374851 -1.80583 
vt -0.103588 -2.04492 
vt -0.169235 -1.9863 
vt -0.715977 -1.36738 
vt 0.986671 -2.54324 
vt 0.935813 -2.38758 
vt -0.402078 -1.27493 
vt -0.12745 -1.26816 
vt 1.73545 0.555832 
vt -0.427962 -0.654924 
vt -0.458927 -0.0495647 
vt -0.758299 -0.669106 
vt -0.849895 -0.875211 
vt -0.500925 0.42976 
vt -0.752129 -0.00990868 
vt 1.00812 -1.60913 
vt 0.925083 -1.6042 
vt -0.785192 0.502693 
vt 0.939316 -2.07452 
vt 0.670026 -2.06494 
vt 0.419071 -2.18006 
vt -1.81534 2.20551 
vt 0.204286 -0.908895 
vt -0.826966 0.947762 
vt 0.310416 -1.70759 
vt 0.848763 -0.817163 
vt 0.600896 -1.55515 
vt -1.78366 2.28288 
vt -1.39479 2.65843 
vt -0.935381 1.06891 
vt 0.516703 -0.835052 
vt -0.996552 3.17306 
vt -0.426018 0.524909 
vt -0.579377 3.01488 
vt 0.759395 -0.121951 
vt -0.553159 4.56248 
vt -0.221878 4.66632 
vt -0.222078 2.19226 
vt -0.0163602 2.93046 
vt 0.37526 4.69503 
vt 0.479556 2.16119 
vt 0.519311 2.95236 
vt 0.935187 0.0187607 
vt 0.993869 4.73034 
vt 1.12237 2.23185 
vt 1.04359 3.02557 
vt 1.41931 4.24622 
vt 1.32552 4.69363 
vt 1.48392 3.1163 
vt 0.486232 1.33743 
vt 1.20459 1.43767 
vt 1.62147 2.3659 
vt 1.83475 2.44863 
vt 1.74319 1.63579 
vt 2.77312 -0.863071 
vt 2.89036 -0.706703 
vt 2.78254 -0.627069 
vt 2.65961 -0.724723 
vt 1.88878 1.08025 
vt 2.95311 -0.776766 
vt 2.89036 -0.706703 
vt 2.77312 -0.863071 
vt 2.10072 0.760065 
vt 2.35711 0.416667 
vt 2.41024 0.601171 
vt 2.2533 0.892537 
vt 2.10747 1.23972 
vt 2.69179 -0.986124 
vt 2.71715 -0.404888 
vt 2.51105 -0.487445 
vt 2.05115 0.247042 
vt 2.58972 -0.0377544 
vt 2.30865 -0.142993 
vt 2.42833 -0.811374 
vt 2.88717 -0.476261 
vt 2.79009 -0.187377 
vt -2.30112 1.57296 
vt -2.12311 1.73402 
vt -2.02533 1.49109 
vt -1.80715 1.19532 

usemtl Hand2Mtl

f 854/854/854 855/855/855 856/856/856 
f 856/856/856 857/857/857 854/854/854 
f 859/859/859 860/860/860 861/861/861 
f 861/861/861 862/862/862 859/859/859 
f 852/852/852 863/863/863 864/864/864 
f 864/864/864 865/865/865 852/852/852 
f 863/863/863 866/866/866 867/867/867 
f 867/867/867 864/864/864 863/863/863 
f 867/867/867 868/868/868 869/869/869 
f 869/869/869 864/864/864 867/867/867 
f 854/854/854 870/870/870 871/871/871 
f 871/871/871 872/872/872 854/854/854 
f 872/872/872 873/873/873 855/855/855 
f 855/855/855 854/854/854 872/872/872 
f 870/870/870 854/854/854 857/857/857 
f 885/885/885 886/886/886 887/887/887 
f 887/887/887 888/888/888 885/885/885 
f 886/886/886 885/885/885 889/889/889 
f 891/891/891 892/892/892 893/893/893 
f 893/893/893 894/894/894 891/891/891 
f 895/895/895 894/894/894 893/893/893 
f 893/893/893 896/896/896 895/895/895 
f 892/892/892 897/897/897 898/898/898 
f 898/898/898 893/893/893 892/892/892 
f 899/899/899 900/900/900 901/901/901 
f 901/901/901 902/902/902 899/899/899 
f 901/901/901 903/903/903 904/904/904 
f 904/904/904 905/905/905 901/901/901 
f 906/906/906 898/898/898 897/897/897 
f 897/897/897 907/907/907 906/906/906 
f 898/898/898 858/858/858 896/896/896 
f 896/896/896 893/893/893 898/898/898 
f 903/903/903 901/901/901 900/900/900 
f 900/900/900 908/908/908 903/903/903 
f 903/903/903 906/906/906 907/907/907 
f 907/907/907 904/904/904 903/903/903 
f 858/858/858 898/898/898 906/906/906 
f 917/917/917 918/918/918 919/919/919 
f 918/918/918 868/868/868 902/902/902 
f 902/902/902 919/919/919 918/918/918 
f 901/901/901 905/905/905 919/919/919 
f 919/919/919 902/902/902 901/901/901 
f 869/869/869 920/920/920 921/921/921 
f 864/864/864 869/869/869 865/865/865 
f 922/922/922 868/868/868 867/867/867 
f 926/926/926 927/927/927 928/928/928 
f 928/928/928 929/929/929 926/926/926 
f 930/930/930 927/927/927 926/926/926 
f 930/930/930 931/931/931 927/927/927 
f 932/932/932 927/927/927 931/931/931 
f 931/931/931 933/933/933 932/932/932 
f 935/935/935 939/939/939 879/879/879 
f 879/879/879 878/878/878 935/935/935 
f 940/940/940 875/875/875 879/879/879 
f 879/879/879 939/939/939 940/940/940 
f 938/938/938 937/937/937 941/941/941 
f 938/938/938 941/941/941 939/939/939 
f 935/935/935 938/938/938 939/939/939 
f 943/943/943 940/940/940 939/939/939 
f 939/939/939 941/941/941 943/943/943 
f 944/944/944 942/942/942 887/887/887 
f 887/887/887 886/886/886 944/944/944 
f 946/946/946 944/944/944 886/886/886 
f 886/886/886 890/890/890 946/946/946 
f 948/948/948 949/949/949 862/862/862 
f 862/862/862 861/861/861 948/948/948 
f 950/950/950 947/947/947 942/942/942 
f 942/942/942 944/944/944 950/950/950 
f 951/951/951 950/950/950 944/944/944 
f 918/918/918 917/917/917 952/952/952 
f 953/953/953 853/853/853 852/852/852 
f 852/852/852 954/954/954 953/953/953 
f 950/950/950 953/953/953 955/955/955 
f 955/955/955 947/947/947 950/950/950 
f 868/868/868 899/899/899 902/902/902 
f 868/868/868 922/922/922 899/899/899 
f 953/953/953 950/950/950 951/951/951 
f 951/951/951 853/853/853 953/953/953 
f 954/954/954 852/852/852 865/865/865 
f 865/865/865 957/957/957 954/954/954 
f 954/954/954 958/958/958 955/955/955 
f 955/955/955 953/953/953 954/954/954 
f 957/957/957 865/865/865 869/869/869 
f 869/869/869 921/921/921 957/957/957 
f 957/957/957 961/961/961 958/958/958 
f 958/958/958 954/954/954 957/957/957 
f 963/963/963 964/964/964 859/859/859 
f 859/859/859 862/862/862 963/963/963 
f 921/921/921 967/967/967 961/961/961 
f 961/961/961 957/957/957 921/921/921 
f 949/949/949 962/962/962 963/963/963 
f 963/963/963 862/862/862 949/949/949 
f 968/968/968 964/964/964 963/963/963 
f 963/963/963 970/970/970 968/968/968 
f 960/960/960 970/970/970 963/963/963 
f 963/963/963 962/962/962 960/960/960 
f 970/970/970 974/974/974 966/966/966 
f 966/966/966 968/968/968 970/970/970 
f 969/969/969 974/974/974 970/970/970 
f 970/970/970 960/960/960 969/969/969 
f 966/966/966 974/974/974 866/866/866 
f 866/866/866 863/863/863 966/966/966 
f 925/925/925 929/929/929 928/928/928 
f 871/871/871 977/977/977 975/975/975 
f 975/975/975 972/972/972 871/871/871 
f 974/974/974 969/969/969 978/978/978 
f 978/978/978 866/866/866 974/974/974 
f 922/922/922 867/867/867 866/866/866 
f 866/866/866 978/978/978 922/922/922 
f 979/979/979 923/923/923 928/928/928 
f 928/928/928 980/980/980 979/979/979 
f 981/981/981 982/982/982 977/977/977 
f 977/977/977 871/871/871 981/981/981 
f 900/900/900 899/899/899 922/922/922 
f 922/922/922 978/978/978 900/900/900 
f 983/983/983 980/980/980 928/928/928 
f 928/928/928 927/927/927 983/983/983 
f 984/984/984 985/985/985 982/982/982 
f 982/982/982 981/981/981 984/984/984 
f 929/929/929 977/977/977 982/982/982 
f 982/982/982 926/926/926 929/929/929 
f 983/983/983 927/927/927 932/932/932 
f 932/932/932 987/987/987 983/983/983 
f 988/988/988 989/989/989 985/985/985 
f 985/985/985 984/984/984 988/988/988 
f 926/926/926 982/982/982 985/985/985 
f 985/985/985 930/930/930 926/926/926 
f 990/990/990 991/991/991 987/987/987 
f 930/930/930 985/985/985 989/989/989 
f 989/989/989 931/931/931 930/930/930 
f 989/989/989 992/992/992 933/933/933 
f 933/933/933 931/931/931 989/989/989 
f 869/869/869 868/868/868 993/993/993 
f 993/993/993 920/920/920 869/869/869 
f 994/994/994 988/988/988 984/984/984 
f 984/984/984 993/993/993 994/994/994 
f 989/989/989 988/988/988 995/995/995 
f 995/995/995 992/992/992 989/989/989 
f 905/905/905 913/913/913 917/917/917 
f 917/917/917 919/919/919 905/905/905 
f 994/994/994 993/993/993 868/868/868 
f 868/868/868 918/918/918 994/994/994 
f 872/872/872 871/871/871 972/972/972 
f 972/972/972 971/971/971 872/872/872 
f 997/997/997 995/995/995 988/988/988 
f 988/988/988 994/994/994 997/997/997 
f 998/998/998 999/999/999 1000/1000/1000 
f 1000/1000/1000 1001/1001/1001 998/998/998 
f 1002/1002/1002 997/997/997 994/994/994 
f 994/994/994 918/918/918 1002/1002/1002 
f 1003/1003/1003 1004/1004/1004 1005/1005/1005 
f 925/925/925 975/975/975 977/977/977 
f 977/977/977 929/929/929 925/925/925 
f 1006/1006/1006 1007/1007/1007 1008/1008/1008 
f 1008/1008/1008 1009/1009/1009 1006/1006/1006 
f 952/952/952 1006/1006/1006 1002/1002/1002 
f 1002/1002/1002 918/918/918 952/952/952 
f 981/981/981 871/871/871 870/870/870 
f 870/870/870 920/920/920 981/981/981 
f 1009/1009/1009 1010/1010/1010 1002/1002/1002 
f 1002/1002/1002 1006/1006/1006 1009/1009/1009 
f 1000/1000/1000 1012/1012/1012 1013/1013/1013 
f 1013/1013/1013 1001/1001/1001 1000/1000/1000 
f 915/915/915 998/998/998 1001/1001/1001 
f 1001/1001/1001 916/916/916 915/915/915 
f 1014/1014/1014 1007/1007/1007 1006/1006/1006 
f 1006/1006/1006 952/952/952 1014/1014/1014 
f 1013/1013/1013 1012/1012/1012 1015/1015/1015 
f 1015/1015/1015 1016/1016/1016 1013/1013/1013 
f 1013/1013/1013 910/910/910 916/916/916 
f 916/916/916 1001/1001/1001 1013/1013/1013 
f 993/993/993 984/984/984 981/981/981 
f 981/981/981 920/920/920 993/993/993 
f 909/909/909 1014/1014/1014 952/952/952 
f 952/952/952 913/913/913 909/909/909 
f 1016/1016/1016 1015/1015/1015 1007/1007/1007 
f 1007/1007/1007 1014/1014/1014 1016/1016/1016 
f 1016/1016/1016 911/911/911 910/910/910 
f 910/910/910 1013/1013/1013 1016/1016/1016 
f 921/921/921 920/920/920 884/884/884 
f 884/884/884 967/967/967 921/921/921 
f 911/911/911 1016/1016/1016 1014/1014/1014 
f 1014/1014/1014 909/909/909 911/911/911 
f 1012/1012/1012 1018/1018/1018 1019/1019/1019 
f 1018/1018/1018 1012/1012/1012 1000/1000/1000 
f 1000/1000/1000 999/999/999 1018/1018/1018 
f 873/873/873 872/872/872 971/971/971 
f 1021/1021/1021 1020/1020/1020 1022/1022/1022 
f 941/941/941 1022/1022/1022 1020/1020/1020 
f 1020/1020/1020 943/943/943 941/941/941 
f 1022/1022/1022 941/941/941 937/937/937 
f 937/937/937 1023/1023/1023 1022/1022/1022 
f 1022/1022/1022 855/855/855 873/873/873 
f 873/873/873 1021/1021/1021 1022/1022/1022 
f 1023/1023/1023 856/856/856 855/855/855 
f 855/855/855 1022/1022/1022 1023/1023/1023 

g Hand3

v -357.617 1.51441 -1.97393 
v -357.615 1.46661 -2.19864 
v -356.902 1.88577 -2.29078 
v -357.024 1.9622 -2.10861 
v -356.852 2.03112 -1.99654 
v -356.7 2.03478 -2.13243 
v -356.676 2.15063 -1.45508 
v -358.446 0.488612 -1.44702 
v -358.318 0.851187 -1.70308 
v -358.454 0.807286 -1.58934 
v -358.358 0.815058 -1.50439 
v -358.182 0.874984 -1.65264 
v -358.804 1.22251 -1.56716 
v -358.889 1.22211 -1.62329 
v -357.659 1.42481 -1.94127 
v -356.578 2.41362 -1.43571 
v -357.233 2.92524 -1.50034 
v -357.163 2.93783 -1.43592 
v -357.13 2.97154 -1.5232 
v -357.168 2.95564 -1.58361 
v -357.208 2.91313 -1.62822 
v -357.256 2.83506 -1.42077 
v -357.188 2.86582 -1.37187 
v -356.796 2.10428 -1.86599 
v -356.656 2.1465 -1.99052 
v -356.796 2.10428 -1.86599 
v -356.852 2.03112 -1.99654 
v -356.921 1.93205 -1.83228 
v -358.74 1.78733 -1.83002 
v -358.775 1.78325 -1.91846 
v -358.652 1.7605 -1.74724 
v -358.74 1.78733 -1.83002 
v -358.599 0.668276 -1.57301 
v -358.57 0.716437 -1.48995 
v -358.57 0.716437 -1.48995 
v -358.483 0.745018 -1.42006 
v -358.273 0.709375 -1.41912 
v -357.586 1.02588 -1.86477 
v -357.778 0.816026 -1.66687 
v -358.066 0.749481 -1.52956 
v -357.99 0.940489 -1.92031 
v -358.197 0.88307 -1.79307 
v -357.875 0.958495 -1.82247 
v -357.448 0.595604 -1.9394 
v -357.572 0.534569 -1.88085 
v -357.512 0.560714 -1.79157 
v -357.887 0.302831 -1.5546 
v -357.729 0.421525 -1.68304 
v -357.843 0.373334 -1.73609 
v -357.972 0.278774 -1.62483 
v -357.729 0.441913 -1.80479 
v -357.302 0.658738 -2.02997 
v -357.354 0.677504 -1.81261 
v -357.302 0.658738 -2.02997 
v -358.032 0.19021 -1.53813 
v -357.972 0.222501 -1.49551 
v -357.497 1.43605 -2.34032 
v -357.573 1.38806 -2.3393 
v -357.637 1.44871 -2.20205 
v -357.615 1.46661 -2.19864 
v -357.349 1.52495 -2.42732 
v -357.56 1.01904 -2.12216 
v -357.486 0.95358 -2.24826 
v -355.523 1.6119 -2.33698 
v -355.613 1.83748 -1.86746 
v -355.821 1.91115 -2.0583 
v -355.813 1.96651 -1.89723 
v -355.795 1.86318 -1.61479 
v -355.866 1.98203 -1.69088 
v -357.805 0.982677 -2.00659 
v -357.208 2.91313 -1.62822 
v -357.037 2.87205 -1.38401 
v -358.481 1.80756 -1.79983 
v -358.581 1.86248 -1.89803 
v -357.168 2.95564 -1.58361 
v -357.062 2.90256 -1.63695 
v -356.888 2.75352 -1.36719 
v -357.025 2.92763 -1.51467 
v -358.24 1.8525 -1.90556 
v -358.392 1.89163 -1.97422 
v -358.581 1.86248 -1.89803 
v -358.654 1.82971 -2.00471 
v -358.837 0.975823 -1.61597 
v -356.944 2.78663 -1.67231 
v -356.881 2.82196 -1.51827 
v -358.392 1.89163 -1.97422 
v -358.479 1.84567 -2.09515 
v -356.839 2.66596 -1.70826 
v -357.293 0.610565 -1.7004 
v -357.888 1.86374 -1.97479 
v -357.637 1.44871 -2.20205 
v -358.238 1.90595 -2.04162 
v -358.278 1.85566 -2.16919 
v -357.994 1.91993 -2.08773 
v -358.238 1.90595 -2.04162 
v -358.936 1.19457 -1.70975 
v -358.889 1.22211 -1.62329 
v -356.761 2.70464 -1.55506 
v -357.563 1.86302 -1.9858 
v -357.994 1.91993 -2.08773 
v -358.041 1.86567 -2.2359 
v -358.764 1.30609 -1.73088 
v -358.828 1.24686 -1.81421 
v -357.308 1.88616 -1.98055 
v -357.54 1.91709 -2.15229 
v -357.808 1.92092 -2.12556 
v -357.808 1.92092 -2.12556 
v -357.812 1.86306 -2.28479 
v -358.658 1.27889 -1.93423 
v -358.59 1.34752 -1.84269 
v -358.641 1.27632 -1.63453 
v -356.367 2.18731 -2.00521 
v -356.445 2.40029 -1.79352 
v -356.228 2.25886 -1.79909 
v -358.012 1.39394 -1.93386 
v -357.915 1.43126 -2.10935 
v -358.131 1.41443 -2.03551 
v -357.09 1.90626 -1.93005 
v -358.411 1.34056 -1.78865 
v -358.415 1.37671 -1.91856 
v -358.59 1.34752 -1.84269 
v -357.28 1.92923 -2.14732 
v -357.54 1.91709 -2.15229 
v -357.545 1.8499 -2.32478 
v -358.452 1.30854 -2.0497 
v -358.415 1.37671 -1.91856 
v -358.454 1.13982 -2.10707 
v -356.402 2.38225 -1.59844 
v -356.217 2.18592 -1.57583 
v -357.024 1.9622 -2.10861 
v -357.28 1.92923 -2.14732 
v -357.259 1.855 -2.32829 
v -358.764 1.30609 -1.73088 
v -358.131 1.41443 -2.03551 
v -358.167 1.34176 -2.17064 
v -358.454 0.807286 -1.58934 
v -358.502 0.719436 -1.68167 
v -355.988 2.09431 -1.7596 
v -356.032 2.07323 -1.97761 
v -356.404 2.01435 -2.19066 
v -355.961 1.98696 -1.5728 
v -357.296 1.69571 -2.43444 
v -357.915 1.43126 -2.10935 
v -357.887 1.36372 -2.2571 
v -358.367 0.750082 -1.79529 
v -358.318 0.851187 -1.70308 
v -356.084 1.96711 -2.16344 
v -357.62 1.08978 -1.89751 
v -358.197 0.88307 -1.79307 
v -358.214 0.786956 -1.90639 
v -355.544 1.77715 -2.17599 
v -355.849 1.79459 -2.25841 
v -355.273 1.77282 -1.92893 
v -355.257 1.75624 -2.13048 
v -355.214 1.59537 -1.8046 
v -357.99 0.940489 -1.92031 
v -358.01 0.841601 -2.03075 
v -357.56 1.01904 -2.12216 
v -357.805 0.982677 -2.00659 
v -357.772 0.893465 -2.14263 
v -357.278 0.976752 -2.35108 
v -357.972 0.278774 -1.62483 
v -357.876 0.274218 -1.82866 
v -356.537 2.50073 -1.59854 
v -356.601 2.4851 -1.77246 
v -356.655 2.60214 -1.56883 
v -356.727 2.5717 -1.73423 

vn -0.0314961 -0.976378 0.204724 
vn -0.0314961 -0.976378 0.204724 
vn -0.0472441 0.771654 -0.637795 
vn -0.0866142 0.897638 -0.433071 
vn -0.354331 0.850394 -0.377953 
vn -0.19685 0.795276 -0.574803 
vn -0.267717 -0.314961 0.913386 
vn 0.0393701 -0.992126 0.133858 
vn -0.212598 0.968504 0.11811 
vn -0.283465 0.944882 0.181102 
vn -0.204724 0.968504 0.133858 
vn -0.220472 0.968504 0.102362 
vn -0.496063 0.23622 0.834646 
vn -0.535433 0.267717 0.80315 
vn -0.417323 0.314961 0.850394 
vn 0.535433 0.283465 0.795276 
vn -0.653543 0.740157 0.165354 
vn -0.503937 0.771654 0.385827 
vn -0.377953 0.92126 0.102362 
vn -0.511811 0.858268 -0.0944882 
vn -0.637795 0.740157 -0.204724 
vn -0.748031 0.535433 0.393701 
vn -0.622047 0.629921 0.472441 
vn -0.488189 0.834646 -0.251969 
vn -0.346457 0.669291 -0.661417 
vn -0.488189 0.834646 -0.251969 
vn -0.354331 0.850394 -0.377953 
vn -0.80315 0.582677 0.0866142 
vn -0.92126 0.267717 0.267717 
vn -0.92126 0.181102 0.354331 
vn -0.559055 0.23622 0.795276 
vn -0.92126 0.267717 0.267717 
vn -0.968504 -0.0551181 0.259843 
vn -0.952756 0.0393701 0.307087 
vn -0.952756 0.0393701 0.307087 
vn -0.629921 0.15748 0.76378 
vn 0.299213 0.385827 0.874016 
vn -0.551181 0.425197 0.716535 
vn 0.283465 -0.181102 0.944882 
vn 0.472441 -0.015748 0.88189 
vn -0.212598 0.976378 0.0708661 
vn -0.212598 0.976378 0.0787402 
vn -0.220472 0.968504 0.0787402 
vn -0.433071 0.897638 0.023622 
vn -0.464567 0.88189 0.0472441 
vn -0.511811 0.858268 -0.023622 
vn -0.472441 0.84252 0.275591 
vn -0.448819 0.874016 0.181102 
vn -0.448819 0.866142 0.204724 
vn -0.496063 0.818898 0.291339 
vn -0.472441 0.874016 0.133858 
vn -0.543307 0.488189 -0.677165 
vn -0.543307 0.826772 -0.125984 
vn -0.543307 0.488189 -0.677165 
vn -0.614173 0.724409 0.322835 
vn -0.574803 0.748031 0.330709 
vn -0.535433 0.291339 -0.787402 
vn -0.362205 0.511811 -0.779528 
vn -0.472441 0.708661 -0.527559 
vn -0.0314961 -0.976378 0.204724 
vn -0.275591 -0.0393701 -0.96063 
vn -0.614173 0.503937 -0.606299 
vn -0.480315 0.251969 -0.84252 
vn 0.244094 0.448819 -0.858268 
vn 0.440945 0.88189 0.188976 
vn 0.401575 0.834646 -0.377953 
vn 0.574803 0.818898 -0.0866142 
vn 0.590551 0.598425 0.543307 
vn 0.661417 0.700787 0.275591 
vn -0.19685 0.976378 0.0551181 
vn -0.637795 0.740157 -0.204724 
vn 0.149606 0.503937 0.850394 
vn -0.0314961 0.850394 0.519685 
vn -0.165354 0.968504 0.181102 
vn -0.511811 0.858268 -0.0944882 
vn 0.314961 0.708661 -0.629921 
vn 0.23622 0.338583 0.913386 
vn 0.346457 0.850394 0.401575 
vn 0.0314961 0.897638 0.448819 
vn 0.0393701 0.889764 0.448819 
vn -0.165354 0.968504 0.181102 
vn -0.346457 0.937008 0.00787402 
vn -0.417323 -0.370079 0.834646 
vn 0.173228 0.409449 -0.897638 
vn 0.559055 0.755906 0.330709 
vn 0.0393701 0.889764 0.448819 
vn -0.228346 0.952756 -0.204724 
vn 0.15748 0.377953 -0.913386 
vn -0.724409 0.0866142 0.677165 
vn 0.15748 0.401575 0.905512 
vn -0.472441 0.708661 -0.527559 
vn -0.181102 0.937008 -0.307087 
vn -0.173228 0.937008 -0.307087 
vn 0.0314961 0.92126 0.385827 
vn -0.181102 0.937008 -0.307087 
vn -0.929134 0.15748 0.338583 
vn -0.535433 0.267717 0.80315 
vn 0.598425 0.677165 -0.425197 
vn -0.0629921 0.519685 0.850394 
vn 0.0314961 0.92126 0.385827 
vn -0.102362 0.929134 -0.346457 
vn -0.472441 0.84252 -0.244094 
vn -0.527559 0.84252 -0.125984 
vn -0.133858 0.850394 0.503937 
vn -0.015748 0.96063 0.267717 
vn 0.023622 0.952756 0.314961 
vn 0.023622 0.952756 0.314961 
vn -0.0393701 0.929134 -0.370079 
vn -0.401575 0.858268 -0.322835 
vn -0.409449 0.850394 -0.330709 
vn 0.307087 0.464567 0.826772 
vn 0.149606 0.740157 -0.661417 
vn 0.433071 0.80315 -0.409449 
vn 0.543307 0.826772 -0.173228 
vn -0.023622 0.976378 0.220472 
vn -0.0787402 0.984252 0.141732 
vn -0.023622 0.968504 0.23622 
vn -0.338583 0.811024 0.472441 
vn -0.015748 0.96063 0.267717 
vn -0.015748 0.96063 0.267717 
vn -0.409449 0.850394 -0.330709 
vn -0.110236 0.968504 0.23622 
vn -0.015748 0.96063 0.267717 
vn -0.0551181 0.748031 -0.661417 
vn -0.338583 0.858268 -0.393701 
vn -0.015748 0.96063 0.267717 
vn -0.401575 -0.456693 -0.795276 
vn 0.645669 0.692913 0.322835 
vn 0.543307 0.598425 0.590551 
vn -0.0866142 0.897638 -0.433071 
vn -0.110236 0.968504 0.23622 
vn -0.023622 0.771654 -0.629921 
vn -0.472441 0.84252 -0.244094 
vn -0.023622 0.968504 0.23622 
vn -0.244094 0.866142 -0.440945 
vn -0.283465 0.944882 0.181102 
vn -0.669291 0.692913 -0.275591 
vn 0.574803 0.818898 0.0866142 
vn 0.433071 0.811024 -0.385827 
vn 0.023622 0.692913 -0.724409 
vn 0.480315 0.606299 0.629921 
vn -0.0866142 0.307087 -0.944882 
vn -0.0787402 0.984252 0.141732 
vn -0.204724 0.866142 -0.456693 
vn -0.559055 0.669291 -0.480315 
vn -0.212598 0.968504 0.11811 
vn 0.259843 0.724409 -0.637795 
vn -0.133858 -0.354331 0.929134 
vn -0.212598 0.976378 0.0787402 
vn -0.527559 0.661417 -0.535433 
vn 0.212598 0.866142 -0.448819 
vn 0.212598 0.692913 -0.685039 
vn 0.125984 0.984252 -0.110236 
vn 0.0866142 0.992126 -0.0708661 
vn 0.456693 0.393701 0.795276 
vn -0.212598 0.976378 0.0708661 
vn -0.472441 0.677165 -0.566929 
vn -0.614173 0.503937 -0.606299 
vn -0.19685 0.976378 0.0551181 
vn -0.417323 0.385827 -0.818898 
vn -0.338583 -0.299213 -0.889764 
vn -0.496063 0.818898 0.291339 
vn -0.685039 0.590551 -0.433071 
vn 0.653543 0.755906 0.0944882 
vn 0.322835 0.748031 -0.582677 
vn 0.724409 0.629921 0.283465 
vn 0.559055 0.724409 -0.409449 

vt -0.119725 -0.11976 
vt -0.569138 -0.114464 
vt -0.719709 1.31077 
vt -0.363563 1.06891 
vt -0.14163 1.42282 
vt -0.405529 1.7204 
vt 0.889639 1.77227 
vt 0.93693 -1.7806 
vt 0.425441 -1.51454 
vt 0.650402 -1.78247 
vt 0.822186 -1.59523 
vt 0.52696 -1.24273 
vt 0.668627 -2.47559 
vt 0.55762 -2.64309 
vt -0.0802286 -0.18783 
vt 0.933101 1.93531 
vt 0.829028 0.673368 
vt 0.949054 0.808384 
vt 0.785832 0.867587 
vt 0.672879 0.797246 
vt 0.588087 0.722268 
vt 0.979036 0.632145 
vt 1.07369 0.763146 
vt 0.114426 1.54138 
vt -0.118261 1.81606 
vt 0.114426 1.54138 
vt -0.14163 1.42282 
vt 0.168307 1.30401 
vt 0.165583 -2.32943 
vt -0.0147703 -2.39961 
vt 0.310039 -2.16898 
vt 0.165583 -2.32943 
vt 0.679924 -2.04538 
vt 0.844153 -1.98896 
vt 0.844153 -1.98896 
vt 0.965659 -1.82818 
vt 0.963134 -1.44538 
vt 0.078131 -0.0371449 
vt 0.464792 -0.454156 
vt 0.741942 -1.03835 
vt -0.00713396 -0.85794 
vt 0.247044 -1.27174 
vt 0.188241 -0.627976 
vt -0.0434095 0.23502 
vt 0.072733 -0.0115888 
vt 0.254131 0.108994 
vt 0.716111 -0.641631 
vt 0.463013 -0.325724 
vt 0.355959 -0.55405 
vt 0.575022 -0.811374 
vt 0.221401 -0.326111 
vt -0.196533 0.531867 
vt 0.216141 0.426494 
vt -0.196533 0.531867 
vt 0.747151 -0.926603 
vt 0.832086 -0.807231 
vt -0.812805 0.141048 
vt -0.811096 -0.0188199 
vt -0.546674 -0.142376 
vt -0.569138 -0.114464 
vt -0.979886 0.426473 
vt -0.383742 0.0187607 
vt -0.626485 0.160905 
vt -0.803303 4.05755 
vt 0.093845 3.87021 
vt -0.265143 3.45499 
vt 0.0453311 3.46431 
vt 0.585023 3.49976 
vt 0.443542 3.35549 
vt -0.179052 -0.487816 
vt 0.588087 0.722268 
vt 1.0343 1.03268 
vt 0.215884 -1.8469 
vt 0.0330257 -2.04159 
vt 0.672879 0.797246 
vt 0.587627 0.975776 
vt 1.06541 1.32787 
vt 0.79093 1.04887 
vt 0.00726111 -1.36738 
vt -0.130062 -1.67307 
vt 0.0330257 -2.04159 
vt -0.173397 -2.18064 
vt 0.571011 -2.54324 
vt 0.527608 1.21893 
vt 0.786561 1.32937 
vt -0.130062 -1.67307 
vt -0.345772 -1.83453 
vt 0.456354 1.43004 
vt 0.408445 0.555832 
vt -0.149477 -0.669106 
vt -0.546674 -0.142376 
vt -0.234625 -1.35509 
vt -0.489769 -1.43632 
vt -0.35456 -0.875211 
vt -0.234625 -1.35509 
vt 0.403285 -2.72113 
vt 0.55762 -2.64309 
vt 0.743227 1.56749 
vt -0.169294 -0.00990868 
vt -0.35456 -0.875211 
vt -0.62161 -0.965213 
vt 0.384337 -2.3955 
vt 0.212953 -2.52116 
vt -0.14492 0.502693 
vt -0.478954 0.0339066 
vt -0.427384 -0.503975 
vt -0.427384 -0.503975 
vt -0.718455 -0.509658 
vt -0.0192247 -2.18686 
vt 0.164177 -2.04936 
vt 0.534192 -2.18006 
vt -0.147627 2.37277 
vt 0.265664 2.20551 
vt 0.245075 2.63553 
vt -0.0402026 -0.908895 
vt -0.388039 -0.712551 
vt -0.244137 -1.14753 
vt -0.0426634 0.947762 
vt 0.248317 -1.70759 
vt -0.0114914 -1.71595 
vt 0.164177 -2.04936 
vt -0.467761 0.557692 
vt -0.478954 0.0339066 
vt -0.786772 0.0260578 
vt -0.247313 -1.77636 
vt -0.0114914 -1.71595 
vt -0.346002 -1.77926 
vt 0.626543 2.28288 
vt 0.661047 2.65843 
vt -0.363563 1.06891 
vt -0.467761 0.557692 
vt -0.795056 0.596189 
vt 0.384337 -2.3955 
vt -0.244137 -1.14753 
vt -0.48731 -1.21125 
vt 0.650402 -1.78247 
vt 0.484013 -1.86289 
vt 0.313657 3.11487 
vt -0.103458 3.03206 
vt -0.516009 2.30382 
vt 0.665541 3.17306 
vt -0.994756 0.524909 
vt -0.388039 -0.712551 
vt -0.659613 -0.652898 
vt 0.264956 -1.59918 
vt 0.425441 -1.51454 
vt -0.465046 2.93523 
vt 0.00414786 -0.121951 
vt 0.247044 -1.27174 
vt 0.0449662 -1.29323 
vt -0.497695 4.01751 
vt -0.653082 3.40669 
vt -0.0171169 4.56248 
vt -0.421802 4.59545 
vt 0.195323 4.66632 
vt -0.00713396 -0.85794 
vt -0.202491 -0.887688 
vt -0.383742 0.0187607 
vt -0.179052 -0.487816 
vt -0.416178 -0.413001 
vt -0.830242 0.570141 
vt 0.575022 -0.811374 
vt 0.196342 -0.611092 
vt 0.635469 2.01345 
vt 0.314716 1.89773 
vt 0.687337 1.77353 
vt 0.38425 1.63782 

usemtl Hand2Mtl

f 1026/1026/1026 1027/1027/1027 1028/1028/1028 
f 1028/1028/1028 1029/1029/1029 1026/1026/1026 
f 1032/1032/1032 1033/1033/1033 1034/1034/1034 
f 1034/1034/1034 1035/1035/1035 1032/1032/1032 
f 1040/1040/1040 1041/1041/1041 1042/1042/1042 
f 1042/1042/1042 1043/1043/1043 1040/1040/1040 
f 1040/1040/1040 1043/1043/1043 1044/1044/1044 
f 1028/1028/1028 1047/1047/1047 1048/1048/1048 
f 1048/1048/1048 1029/1029/1029 1028/1028/1028 
f 1064/1064/1064 1065/1065/1065 1035/1035/1035 
f 1035/1035/1035 1066/1066/1066 1064/1064/1064 
f 1063/1063/1063 1035/1035/1035 1034/1034/1034 
f 1062/1062/1062 1066/1066/1066 1035/1035/1035 
f 1035/1035/1035 1063/1063/1063 1062/1062/1062 
f 1067/1067/1067 1068/1068/1068 1069/1069/1069 
f 1070/1070/1070 1071/1071/1071 1072/1072/1072 
f 1072/1072/1072 1073/1073/1073 1070/1070/1070 
f 1074/1074/1074 1072/1072/1072 1071/1071/1071 
f 1067/1067/1067 1069/1069/1069 1076/1076/1076 
f 1076/1076/1076 1077/1077/1077 1067/1067/1067 
f 1073/1073/1073 1078/1078/1078 1079/1079/1079 
f 1079/1079/1079 1070/1070/1070 1073/1073/1073 
f 1082/1082/1082 1080/1080/1080 1081/1081/1081 
f 1088/1088/1088 1089/1089/1089 1090/1090/1090 
f 1091/1091/1091 1088/1088/1088 1090/1090/1090 
f 1066/1066/1066 1093/1093/1093 1064/1064/1064 
f 1054/1054/1054 1096/1096/1096 1097/1097/1097 
f 1097/1097/1097 1055/1055/1055 1054/1054/1054 
f 1035/1035/1035 1065/1065/1065 1032/1032/1032 
f 1101/1101/1101 1042/1042/1042 1041/1041/1041 
f 1041/1041/1041 1095/1095/1095 1101/1101/1101 
f 1096/1096/1096 1102/1102/1102 1103/1103/1103 
f 1103/1103/1103 1097/1097/1097 1096/1096/1096 
f 1052/1052/1052 1104/1104/1104 1105/1105/1105 
f 1105/1105/1105 1053/1053/1053 1052/1052/1052 
f 1099/1099/1099 1098/1098/1098 1042/1042/1042 
f 1042/1042/1042 1101/1101/1101 1099/1099/1099 
f 1033/1033/1033 1058/1058/1058 1059/1059/1059 
f 1059/1059/1059 1034/1034/1034 1033/1033/1033 
f 1108/1108/1108 1101/1101/1101 1095/1095/1095 
f 1095/1095/1095 1100/1100/1100 1108/1108/1108 
f 1104/1104/1104 1109/1109/1109 1110/1110/1110 
f 1110/1110/1110 1105/1105/1105 1104/1104/1104 
f 1107/1107/1107 1099/1099/1099 1101/1101/1101 
f 1101/1101/1101 1108/1108/1108 1107/1107/1107 
f 1109/1109/1109 1115/1115/1115 1116/1116/1116 
f 1116/1116/1116 1110/1110/1110 1109/1109/1109 
f 1102/1102/1102 1113/1113/1113 1117/1117/1117 
f 1117/1117/1117 1118/1118/1118 1102/1102/1102 
f 1107/1107/1107 1108/1108/1108 1121/1121/1121 
f 1115/1115/1115 1123/1123/1123 1124/1124/1124 
f 1124/1124/1124 1116/1116/1116 1115/1115/1115 
f 1120/1120/1120 1125/1125/1125 1126/1126/1126 
f 1126/1126/1126 1119/1119/1119 1120/1120/1120 
f 1122/1122/1122 1128/1128/1128 1129/1129/1129 
f 1129/1129/1129 1113/1113/1113 1122/1122/1122 
f 1130/1130/1130 1131/1131/1131 1124/1124/1124 
f 1124/1124/1124 1123/1123/1123 1130/1130/1130 
f 1132/1132/1132 1126/1126/1126 1125/1125/1125 
f 1125/1125/1125 1133/1133/1133 1132/1132/1132 
f 1136/1136/1136 1137/1137/1137 1135/1135/1135 
f 1138/1138/1138 1139/1139/1139 1140/1140/1140 
f 1142/1142/1142 1143/1143/1143 1144/1144/1144 
f 1127/1127/1127 1145/1145/1145 1128/1128/1128 
f 1128/1128/1128 1122/1122/1122 1127/1127/1127 
f 1146/1146/1146 1147/1147/1147 1131/1131/1131 
f 1131/1131/1131 1130/1130/1130 1146/1146/1146 
f 1148/1148/1148 1132/1132/1132 1133/1133/1133 
f 1133/1133/1133 1149/1149/1149 1148/1148/1148 
f 1140/1140/1140 1143/1143/1143 1142/1142/1142 
f 1142/1142/1142 1138/1138/1138 1140/1140/1140 
f 1137/1137/1137 1136/1136/1136 1151/1151/1151 
f 1141/1141/1141 1153/1153/1153 1145/1145/1145 
f 1145/1145/1145 1127/1127/1127 1141/1141/1141 
f 1154/1154/1154 1155/1155/1155 1147/1147/1147 
f 1147/1147/1147 1146/1146/1146 1154/1154/1154 
f 1134/1134/1134 1142/1142/1142 1144/1144/1144 
f 1144/1144/1144 1156/1156/1156 1134/1134/1134 
f 1157/1157/1157 1158/1158/1158 1148/1148/1148 
f 1148/1148/1148 1149/1149/1149 1157/1157/1157 
f 1160/1160/1160 1056/1056/1056 1057/1057/1057 
f 1137/1137/1137 1161/1161/1161 1162/1162/1162 
f 1162/1162/1162 1135/1135/1135 1137/1137/1137 
f 1036/1036/1036 1134/1134/1134 1156/1156/1156 
f 1156/1156/1156 1037/1037/1037 1036/1036/1036 
f 1163/1163/1163 1029/1029/1029 1048/1048/1048 
f 1152/1152/1152 1164/1164/1164 1161/1161/1161 
f 1161/1161/1161 1137/1137/1137 1152/1152/1152 
f 1155/1155/1155 1154/1154/1154 1027/1027/1027 
f 1027/1027/1027 1026/1026/1026 1155/1155/1155 
f 1139/1139/1139 1138/1138/1138 1038/1038/1038 
f 1038/1038/1038 1114/1114/1114 1139/1139/1139 
f 1166/1166/1166 1167/1167/1167 1158/1158/1158 
f 1158/1158/1158 1157/1157/1157 1166/1166/1166 
f 1168/1168/1168 1160/1160/1160 1159/1159/1159 
f 1135/1135/1135 1162/1162/1162 1170/1170/1170 
f 1167/1167/1167 1166/1166/1166 1082/1082/1082 
f 1082/1082/1082 1081/1081/1081 1167/1167/1167 
f 1172/1172/1172 1173/1173/1173 1168/1168/1168 
f 1168/1168/1168 1169/1169/1169 1172/1172/1172 
f 1174/1174/1174 1175/1175/1175 1089/1089/1089 
f 1089/1089/1089 1088/1088/1088 1174/1174/1174 
f 1089/1089/1089 1170/1170/1170 1162/1162/1162 
f 1162/1162/1162 1090/1090/1090 1089/1089/1089 
f 1174/1174/1174 1088/1088/1088 1176/1176/1176 
f 1176/1176/1176 1177/1177/1177 1174/1174/1174 
f 1173/1173/1173 1172/1172/1172 1179/1179/1179 
f 1179/1179/1179 1180/1180/1180 1173/1173/1173 
f 1170/1170/1170 1089/1089/1089 1175/1175/1175 
f 1102/1102/1102 1118/1118/1118 1103/1103/1103 
f 1180/1180/1180 1179/1179/1179 1182/1182/1182 
f 1182/1182/1182 1183/1183/1183 1180/1180/1180 
f 1093/1093/1093 1066/1066/1066 1061/1061/1061 
f 1061/1061/1061 1181/1181/1181 1093/1093/1093 
f 1183/1183/1183 1182/1182/1182 1085/1085/1085 
f 1085/1085/1085 1086/1086/1086 1183/1183/1183 
f 1113/1113/1113 1129/1129/1129 1117/1117/1117 
f 1069/1069/1069 1068/1068/1068 1074/1074/1074 
f 1074/1074/1074 1071/1071/1071 1069/1069/1069 
f 1141/1141/1141 1051/1051/1051 1050/1050/1050 
f 1050/1050/1050 1153/1153/1153 1141/1141/1141 
f 1151/1151/1151 1187/1187/1187 1039/1039/1039 
f 1136/1136/1136 1188/1188/1188 1187/1187/1187 
f 1187/1187/1187 1151/1151/1151 1136/1136/1136 
f 1111/1111/1111 1121/1121/1121 1189/1189/1189 
f 1189/1189/1189 1190/1190/1190 1111/1111/1111 
f 1189/1189/1189 1187/1187/1187 1188/1188/1188 
f 1188/1188/1188 1190/1190/1190 1189/1189/1189 
f 1161/1161/1161 1092/1092/1092 1090/1090/1090 
f 1090/1090/1090 1162/1162/1162 1161/1161/1161 
f 1164/1164/1164 1092/1092/1092 1161/1161/1161 

g Hand4

v -356.578 2.41362 -1.43571 
v -357.13 2.97154 -1.5232 
v -357.586 1.02588 -1.86477 
v -357.516 0.899507 -1.73733 
v -355.613 1.83748 -1.86746 
v -355.813 1.96651 -1.89723 
v -355.795 1.86318 -1.61479 
v -355.866 1.98203 -1.69088 
v -355.542 1.59282 -1.61606 
v -357.037 2.87205 -1.38401 
v -356.888 2.75352 -1.36719 
v -358.455 1.66005 -1.75502 
v -358.581 1.50898 -1.92162 
v -358.55 1.54196 -1.80468 
v -356.944 2.78663 -1.67231 
v -356.881 2.82196 -1.51827 
v -356.839 2.66596 -1.70826 
v -357.293 0.610565 -1.7004 
v -356.761 2.70464 -1.55506 
v -356.445 2.40029 -1.79352 
v -356.228 2.25886 -1.79909 
v -356.402 2.38225 -1.59844 
v -356.217 2.18592 -1.57583 
v -355.961 1.98696 -1.5728 
v -356.045 1.77176 -1.40961 
v -357.62 1.08978 -1.89751 
v -355.257 1.75624 -2.13048 
v -355.207 1.60296 -2.19084 
v -355.185 1.34015 -2.22004 
v -355.182 1.03163 -2.21566 
v -355.208 0.839577 -2.16621 
v -356.756 2.64003 -1.39436 
v -356.537 2.50073 -1.59854 
v -356.675 2.55024 -1.41389 
v -356.655 2.60214 -1.56883 
v -355.182 0.97616 -1.82681 
v -355.205 0.803247 -1.92917 
v -355.273 1.77282 -1.92893 
v -355.214 1.59537 -1.8046 
v -355.199 1.28893 -1.75288 

vn 0.535433 0.283465 0.795276 
vn -0.377953 0.92126 0.102362 
vn -0.551181 0.425197 0.716535 
vn -0.409449 0.377953 0.826772 
vn 0.440945 0.88189 0.188976 
vn 0.574803 0.818898 -0.0866142 
vn 0.590551 0.598425 0.543307 
vn 0.661417 0.700787 0.275591 
vn 0.503937 0.401575 0.771654 
vn 0.149606 0.503937 0.850394 
vn 0.23622 0.338583 0.913386 
vn 0.212598 -0.19685 0.952756 
vn -0.0866142 -0.968504 0.23622 
vn 0 -0.96063 0.275591 
vn 0.173228 0.409449 -0.897638 
vn 0.559055 0.755906 0.330709 
vn 0.15748 0.377953 -0.913386 
vn -0.724409 0.0866142 0.677165 
vn 0.598425 0.677165 -0.425197 
vn 0.433071 0.80315 -0.409449 
vn 0.543307 0.826772 -0.173228 
vn 0.645669 0.692913 0.322835 
vn 0.543307 0.598425 0.590551 
vn 0.480315 0.606299 0.629921 
vn 0.19685 0.275591 0.937008 
vn -0.133858 -0.354331 0.929134 
vn 0.0866142 0.992126 -0.0708661 
vn 0.433071 0.283465 -0.850394 
vn 0.488189 0.0393701 -0.874016 
vn 0.354331 -0.228346 -0.905512 
vn 0.11811 -0.267717 -0.96063 
vn 0.708661 0.645669 0.283465 
vn 0.653543 0.755906 0.0944882 
vn 0.740157 0.606299 0.299213 
vn 0.724409 0.629921 0.283465 
vn 0.496063 -0.173228 0.850394 
vn 0.220472 -0.527559 0.818898 
vn 0.125984 0.984252 -0.110236 
vn 0.456693 0.393701 0.795276 
vn 0.511811 0 0.858268 

vt -1.86278 0.0668992 
vt -2.95311 0.214168 
vt 0.918361 0.921869 
vt 1.16922 0.671397 
vt -0.686574 0.906155 
vt -0.947147 0.954669 
vt -0.749312 0.414977 
vt -0.982901 0.556458 
vt -0.216454 0.426658 
vt -2.77081 -0.0343032 
vt -2.54037 -0.0654099 
vt -0.374851 0.711815 
vt -0.103588 1.01636 
vt -0.169235 0.784053 
vt -2.60376 0.472392 
vt -2.66056 0.213439 
vt -2.36368 0.543646 
vt 1.73545 0.591555 
vt -2.42908 0.256773 
vt -1.81534 0.734336 
vt -1.53153 0.754925 
vt -1.78366 0.373457 
vt -1.39479 0.338953 
vt -0.996552 0.334459 
vt -0.579377 0.020372 
vt 0.759395 0.995852 
vt -0.519677 1.4218 
vt -0.241472 1.51134 
vt 0.274399 1.56878 
vt 0.880723 1.55878 
vt 1.26326 1.45767 
vt -2.30112 -0.0362778 
vt -2.01811 0.364531 
vt -2.12311 0.00342345 
vt -2.22597 0.312663 
vt 0.993869 0.851303 
vt 1.32552 1.05477 
vt -0.553159 1.01712 
vt -0.221878 0.804677 
vt 0.37526 0.70377 

usemtl Hand2Mtl

f 1196/1196/1196 1198/1198/1198 1197/1197/1197 
f 1204/1204/1204 1203/1203/1203 1202/1202/1202 
f 1209/1209/1209 1207/1207/1207 1205/1205/1205 
f 1212/1212/1212 1213/1213/1213 1211/1211/1211 
f 1199/1199/1199 1195/1195/1195 1197/1197/1197 
f 1201/1201/1201 1222/1222/1222 1209/1209/1209 
f 1209/1209/1209 1206/1206/1206 1201/1201/1201 
f 1222/1222/1222 1224/1224/1224 1225/1225/1225 
f 1225/1225/1225 1209/1209/1209 1222/1222/1222 
f 1223/1223/1223 1225/1225/1225 1224/1224/1224 
f 1224/1224/1224 1191/1191/1191 1223/1223/1223 
f 1197/1197/1197 1198/1198/1198 1214/1214/1214 
f 1226/1226/1226 1227/1227/1227 1221/1221/1221 
f 1221/1221/1221 1220/1220/1220 1226/1226/1226 
f 1218/1218/1218 1217/1217/1217 1228/1228/1228 
f 1228/1228/1228 1229/1229/1229 1218/1218/1218 
f 1230/1230/1230 1226/1226/1226 1220/1220/1220 
f 1220/1220/1220 1219/1219/1219 1230/1230/1230 
f 1219/1219/1219 1218/1218/1218 1229/1229/1229 
f 1229/1229/1229 1230/1230/1230 1219/1219/1219 

g Hand5

v -357.219 0.678379 -2.14411 
v -357.118 0.721362 -2.24746 
v -357.617 1.51441 -1.97393 
v -357.615 1.46661 -2.19864 
v -356.902 1.88577 -2.29078 
v -356.676 2.15063 -1.45508 
v -356.869 2.22697 -1.50124 
v -356.819 2.12015 -1.5842 
v -358.446 0.488612 -1.44702 
v -358.479 0.470548 -1.53191 
v -357.659 1.42481 -1.94127 
v -356.692 1.95019 -1.52921 
v -357.233 2.92524 -1.50034 
v -357.163 2.93783 -1.43592 
v -357.13 2.97154 -1.5232 
v -357.208 2.91313 -1.62822 
v -357.271 2.86912 -1.57396 
v -357.256 2.83506 -1.42077 
v -357.188 2.86582 -1.37187 
v -357.296 2.80341 -1.50017 
v -356.796 2.10428 -1.86599 
v -356.823 2.01755 -1.69663 
v -356.796 2.10428 -1.86599 
v -356.852 2.03112 -1.99654 
v -356.921 1.93205 -1.83228 
v -356.835 2.16026 -1.75647 
v -356.74 2.21855 -1.88184 
v -356.835 2.16026 -1.75647 
v -358.797 1.69179 -1.92944 
v -358.78 1.67678 -1.81849 
v -358.74 1.78733 -1.83002 
v -358.775 1.78325 -1.91846 
v -358.766 1.58673 -1.93588 
v -358.734 1.55819 -1.85121 
v -358.78 1.67678 -1.81849 
v -358.662 1.6607 -1.73183 
v -358.734 1.55819 -1.85121 
v -358.666 1.56539 -1.76751 
v -358.554 0.587264 -1.44021 
v -358.574 0.557098 -1.55323 
v -358.599 0.668276 -1.57301 
v -358.57 0.716437 -1.48995 
v -357.586 1.02588 -1.86477 
v -357.516 0.899507 -1.73733 
v -357.415 0.735457 -1.77747 
v -357.972 0.278774 -1.62483 
v -357.302 0.658738 -2.02997 
v -357.217 0.591794 -2.13728 
v -357.354 0.677504 -1.81261 
v -357.302 0.658738 -2.02997 
v -357.972 0.222501 -1.49551 
v -357.291 0.715819 -1.71264 
v -356.893 1.66495 -1.65467 
v -357.497 1.43605 -2.34032 
v -357.615 1.46661 -2.19864 
v -357.568 1.5277 -2.35295 
v -357.188 0.649328 -2.15014 
v -356.845 2.27695 -1.80419 
v -356.914 2.2274 -1.67612 
v -356.914 2.2274 -1.67612 
v -357.261 2.66433 -1.51108 
v -357.213 2.69313 -1.37521 
v -357.296 2.80341 -1.50017 
v -357.271 2.86912 -1.57396 
v -357.239 2.73232 -1.6364 
v -357.261 2.66433 -1.51108 
v -357.159 2.49163 -1.54074 
v -357.084 2.49491 -1.38925 
v -357.165 2.57114 -1.35813 
v -357.208 2.91313 -1.62822 
v -357.151 2.57225 -1.67569 
v -357.159 2.49163 -1.54074 
v -357.044 2.44498 -1.71881 
v -358.683 1.69858 -2.06236 
v -358.89 0.979841 -1.70482 
v -358.837 0.975823 -1.61597 
v -358.904 1.09607 -1.59101 
v -358.943 1.07965 -1.70841 
v -357.293 0.610565 -1.7004 
v -357.637 1.44871 -2.20205 
v -358.936 1.19457 -1.70975 
v -358.889 1.22211 -1.62329 
v -358.828 1.24686 -1.81421 
v -358.837 1.09411 -1.85634 
v -356.445 2.40029 -1.79352 
v -358.454 1.13982 -2.10707 
v -357.024 1.9622 -2.10861 
v -358.454 0.807286 -1.58934 
v -358.502 0.719436 -1.68167 
v -358.466 0.564111 -1.69172 
v -357.296 1.69571 -2.43444 
v -358.367 0.750082 -1.79529 
v -358.318 0.851187 -1.70308 
v -357.62 1.08978 -1.89751 
v -357.572 1.02424 -2.13797 
v -357.56 1.01904 -2.12216 
v -357.346 0.662006 -2.00729 
v -356.922 0.877324 -2.39286 
v -357.917 0.0205127 -1.49541 
v -357.955 -0.0129099 -1.55949 
v -357.917 0.0205127 -1.49541 
v -358.001 0.0841745 -1.49192 
v -358.029 0.0401474 -1.57768 
v -358.067 0.127043 -1.59473 
v -358.032 0.19021 -1.53813 
v -358.012 0.191789 -1.7061 
v -357.972 0.278774 -1.62483 
v -357.96 0.0546651 -1.72122 
v -357.876 0.274218 -1.82866 
v -357.843 0.373334 -1.73609 
v -357.723 0.358517 -1.91659 
v -357.729 0.441913 -1.80479 
v -357.652 0.209524 -1.94088 
v -356.968 2.35501 -1.73807 
v -357.038 2.3495 -1.61917 
v -356.962 2.371 -1.42779 
v -357.038 2.3495 -1.61917 

vn -0.0393701 -0.944882 -0.330709 
vn -0.220472 -0.606299 -0.76378 
vn -0.0314961 -0.976378 0.204724 
vn -0.0314961 -0.976378 0.204724 
vn -0.0472441 0.771654 -0.637795 
vn -0.267717 -0.314961 0.913386 
vn -0.401575 -0.559055 0.732283 
vn -0.622047 -0.480315 0.622047 
vn 0.0393701 -0.992126 0.133858 
vn 0.110236 -0.976378 0.165354 
vn -0.417323 0.314961 0.850394 
vn -0.551181 -0.125984 0.826772 
vn -0.653543 0.740157 0.165354 
vn -0.503937 0.771654 0.385827 
vn -0.377953 0.92126 0.102362 
vn -0.637795 0.740157 -0.204724 
vn -0.811024 0.590551 -0.0472441 
vn -0.748031 0.535433 0.393701 
vn -0.622047 0.629921 0.472441 
vn -0.874016 0.440945 0.19685 
vn -0.488189 0.834646 -0.251969 
vn -0.795276 -0.440945 0.425197 
vn -0.488189 0.834646 -0.251969 
vn -0.354331 0.850394 -0.377953 
vn -0.80315 0.582677 0.0866142 
vn -0.818898 0.354331 -0.440945 
vn -0.598425 0.251969 -0.755906 
vn -0.818898 0.354331 -0.440945 
vn -0.92126 0.283465 0.251969 
vn -0.913386 0.346457 0.188976 
vn -0.92126 0.267717 0.267717 
vn -0.92126 0.181102 0.354331 
vn -0.905512 -0.393701 0.149606 
vn -0.874016 -0.448819 0.188976 
vn -0.913386 0.346457 0.188976 
vn -0.535433 0.181102 0.826772 
vn -0.874016 -0.448819 0.188976 
vn -0.732283 -0.228346 0.637795 
vn -0.685039 -0.645669 0.338583 
vn -0.866142 -0.425197 0.259843 
vn -0.968504 -0.0551181 0.259843 
vn -0.952756 0.0393701 0.307087 
vn -0.551181 0.425197 0.716535 
vn -0.409449 0.377953 0.826772 
vn 0.228346 -0.133858 0.96063 
vn -0.496063 0.818898 0.291339 
vn -0.543307 0.488189 -0.677165 
vn -0.488189 0 -0.874016 
vn -0.543307 0.826772 -0.125984 
vn -0.543307 0.488189 -0.677165 
vn -0.574803 0.748031 0.330709 
vn -0.519685 -0.0708661 0.850394 
vn -0.472441 0.188976 0.858268 
vn -0.535433 0.291339 -0.787402 
vn -0.0314961 -0.976378 0.204724 
vn -0.307087 -0.582677 -0.755906 
vn -0.535433 -0.299213 -0.787402 
vn -0.622047 -0.165354 -0.771654 
vn -0.811024 -0.259843 -0.527559 
vn -0.811024 -0.259843 -0.527559 
vn -0.88189 -0.291339 0.362205 
vn -0.732283 -0.181102 0.661417 
vn -0.874016 0.440945 0.19685 
vn -0.811024 0.590551 -0.0472441 
vn -0.92126 -0.165354 -0.354331 
vn -0.88189 -0.291339 0.362205 
vn -0.582677 -0.748031 0.307087 
vn -0.582677 -0.748031 0.307087 
vn -0.582677 -0.748031 0.307087 
vn -0.637795 0.740157 -0.204724 
vn -0.834646 -0.401575 -0.370079 
vn -0.582677 -0.748031 0.307087 
vn -0.393701 -0.0629921 -0.92126 
vn -0.590551 0.0393701 -0.811024 
vn -0.787402 -0.503937 0.338583 
vn -0.417323 -0.370079 0.834646 
vn -0.488189 0.228346 0.84252 
vn -0.937008 -0.19685 0.275591 
vn -0.724409 0.0866142 0.677165 
vn -0.472441 0.708661 -0.527559 
vn -0.929134 0.15748 0.338583 
vn -0.535433 0.267717 0.80315 
vn -0.527559 0.84252 -0.125984 
vn -0.661417 -0.165354 -0.732283 
vn 0.433071 0.80315 -0.409449 
vn -0.401575 -0.456693 -0.795276 
vn -0.0866142 0.897638 -0.433071 
vn -0.283465 0.944882 0.181102 
vn -0.669291 0.692913 -0.275591 
vn -0.551181 -0.503937 -0.669291 
vn -0.0866142 0.307087 -0.944882 
vn -0.559055 0.669291 -0.480315 
vn -0.212598 0.968504 0.11811 
vn -0.133858 -0.354331 0.929134 
vn -0.0472441 -0.952756 -0.299213 
vn -0.614173 0.503937 -0.606299 
vn 0.110236 -0.984252 -0.149606 
vn -0.0708661 -0.472441 -0.874016 
vn -0.370079 -0.543307 0.755906 
vn -0.519685 -0.645669 0.559055 
vn -0.370079 -0.543307 0.755906 
vn -0.614173 -0.291339 0.732283 
vn -0.732283 -0.488189 0.480315 
vn -0.866142 -0.181102 0.464567 
vn -0.614173 0.724409 0.322835 
vn -0.787402 0.574803 -0.23622 
vn -0.496063 0.818898 0.291339 
vn -0.519685 -0.590551 -0.614173 
vn -0.685039 0.590551 -0.433071 
vn -0.448819 0.866142 0.204724 
vn -0.598425 0.606299 -0.527559 
vn -0.472441 0.874016 0.133858 
vn 0 -0.669291 -0.740157 
vn -0.700787 -0.566929 -0.440945 
vn -0.740157 -0.535433 -0.401575 
vn -0.133858 -0.456693 0.88189 
vn -0.740157 -0.535433 -0.401575 

vt -1.55857 1.43867 
vt -1.48614 1.62804 
vt 0.114746 1.11972 
vt 0.019162 1.56914 
vt 0.787547 1.71971 
vt 1.36073 0.110361 
vt 1.52319 0.195433 
vt 1.30639 0.356951 
vt -1.93621 0.0630698 
vt -1.97297 0.234114 
vt -0.1161 1.08023 
vt 0.952304 0.255164 
vt 2.86776 0.170972 
vt 2.89167 0.0509465 
vt 2.95311 0.214168 
vt 2.84354 0.411913 
vt 2.76149 0.309692 
vt 2.69558 0.0209644 
vt 2.75333 -0.0736867 
vt 2.63606 0.171877 
vt 1.22206 0.885574 
vt 1.09962 0.573934 
vt 1.22206 0.885574 
vt 1.07511 1.14163 
vt 0.887668 0.831693 
vt 1.35323 0.658982 
vt 1.47391 0.89712 
vt 1.35323 0.658982 
vt 0.419131 1.03263 
vt 0.386583 0.808218 
vt 0.610821 0.834417 
vt 0.606141 1.01477 
vt 0.236087 1.04141 
vt 0.181208 0.873649 
vt 0.386583 0.808218 
vt 0.361044 0.660401 
vt 0.181208 0.873649 
vt 0.186788 0.724199 
vt -1.75276 0.0576264 
vt -1.82192 0.280524 
vt -1.61436 0.320076 
vt -1.52182 0.155847 
vt -0.918361 0.921869 
vt -1.16922 0.671397 
vt -1.47685 0.757042 
vt -2.42833 0.424978 
vt -1.65517 1.19653 
vt -1.76953 1.40327 
vt -1.63118 0.783859 
vt -1.65517 1.19653 
vt -2.53804 0.167914 
vt -1.51865 0.622974 
vt 0.369212 0.507345 
vt -0.0926745 1.81281 
vt 0.019162 1.56914 
vt 0.125586 1.83933 
vt -1.64249 1.43245 
vt 1.6074 0.741188 
vt 1.51208 0.494813 
vt 1.51208 0.494813 
vt 2.38719 0.200327 
vt 2.44038 -0.0594599 
vt 2.63606 0.171877 
vt 2.76149 0.309692 
vt 2.51814 0.422292 
vt 2.38719 0.200327 
vt 2.06007 0.257444 
vt 2.06662 -0.0455506 
vt 2.21909 -0.107781 
vt 2.84354 0.411913 
vt 2.20745 0.500249 
vt 2.06007 0.257444 
vt 1.93936 0.564432 
vt 0.442471 1.25594 
vt -0.97328 0.586862 
vt -0.986671 0.428989 
vt -0.770118 0.379396 
vt -0.785945 0.591514 
vt -1.73545 0.591555 
vt -0.0840417 1.54667 
vt -0.570278 0.596715 
vt -0.519612 0.44238 
vt -0.493101 0.787047 
vt -0.758292 0.847066 
vt 1.81534 0.734336 
vt -0.655218 1.346 
vt 0.935381 1.36356 
vt -1.37634 0.349598 
vt -1.54196 0.515987 
vt -1.80474 0.520343 
vt 0.426018 1.99476 
vt -1.47973 0.735044 
vt -1.28949 0.574559 
vt -0.759395 0.995852 
vt -0.866527 1.42764 
vt -0.935187 1.38374 
vt -1.58974 1.17226 
vt -1.17957 1.91444 
vt -2.89036 0.184736 
vt -2.95311 0.305012 
vt -2.89036 0.184736 
vt -2.77312 0.176796 
vt -2.8533 0.338243 
vt -2.69179 0.37171 
vt -2.60168 0.252849 
vt -2.59253 0.566417 
vt -2.42833 0.424978 
vt -2.82017 0.58155 
vt -2.42831 0.803658 
vt -2.2411 0.644041 
vt -2.26034 0.975742 
vt -2.10425 0.778599 
vt -2.5073 1.01583 
vt 1.77957 0.622164 
vt 1.7673 0.385944 
vt 1.80715 0.0545183 
vt 1.7673 0.385944 

usemtl Hand2Mtl

f 1246/1246/1246 1247/1247/1247 1243/1243/1243 
f 1244/1244/1244 1243/1243/1243 1248/1248/1248 
f 1248/1248/1248 1249/1249/1249 1244/1244/1244 
f 1243/1243/1243 1247/1247/1247 1250/1250/1250 
f 1250/1250/1250 1248/1248/1248 1243/1243/1243 
f 1238/1238/1238 1252/1252/1252 1242/1242/1242 
f 1253/1253/1253 1254/1254/1254 1255/1255/1255 
f 1255/1255/1255 1252/1252/1252 1253/1253/1253 
f 1251/1251/1251 1256/1256/1256 1257/1257/1257 
f 1258/1258/1258 1253/1253/1253 1252/1252/1252 
f 1252/1252/1252 1238/1238/1238 1258/1258/1258 
f 1259/1259/1259 1260/1260/1260 1261/1261/1261 
f 1261/1261/1261 1262/1262/1262 1259/1259/1259 
f 1263/1263/1263 1264/1264/1264 1260/1260/1260 
f 1260/1260/1260 1259/1259/1259 1263/1263/1263 
f 1267/1267/1267 1268/1268/1268 1266/1266/1266 
f 1269/1269/1269 1270/1270/1270 1240/1240/1240 
f 1240/1240/1240 1239/1239/1239 1269/1269/1269 
f 1271/1271/1271 1270/1270/1270 1269/1269/1269 
f 1269/1269/1269 1272/1272/1272 1271/1271/1271 
f 1256/1256/1256 1289/1289/1289 1288/1288/1288 
f 1238/1238/1238 1237/1237/1237 1290/1290/1290 
f 1290/1290/1290 1258/1258/1258 1238/1238/1238 
f 1250/1250/1250 1291/1291/1291 1292/1292/1292 
f 1292/1292/1292 1248/1248/1248 1250/1250/1250 
f 1293/1293/1293 1294/1294/1294 1295/1295/1295 
f 1295/1295/1295 1296/1296/1296 1293/1293/1293 
f 1297/1297/1297 1299/1299/1299 1292/1292/1292 
f 1291/1291/1291 1297/1297/1297 1292/1292/1292 
f 1296/1296/1296 1295/1295/1295 1301/1301/1301 
f 1301/1301/1301 1302/1302/1302 1296/1296/1296 
f 1304/1304/1304 1259/1259/1259 1262/1262/1262 
f 1305/1305/1305 1306/1306/1306 1307/1307/1307 
f 1307/1307/1307 1308/1308/1308 1305/1305/1305 
f 1282/1282/1282 1279/1279/1279 1309/1309/1309 
f 1310/1310/1310 1241/1241/1241 1233/1233/1233 
f 1233/1233/1233 1234/1234/1234 1310/1310/1310 
f 1311/1311/1311 1308/1308/1308 1307/1307/1307 
f 1307/1307/1307 1312/1312/1312 1311/1311/1311 
f 1305/1305/1305 1308/1308/1308 1314/1314/1314 
f 1311/1311/1311 1313/1313/1313 1314/1314/1314 
f 1314/1314/1314 1308/1308/1308 1311/1311/1311 
f 1272/1272/1272 1318/1318/1318 1319/1319/1319 
f 1320/1320/1320 1270/1270/1270 1271/1271/1271 
f 1318/1318/1318 1323/1323/1323 1322/1322/1322 
f 1326/1326/1326 1273/1273/1273 1324/1324/1324 
f 1324/1324/1324 1325/1325/1325 1326/1326/1326 
f 1279/1279/1279 1275/1275/1275 1327/1327/1327 
f 1332/1332/1332 1333/1333/1333 1330/1330/1330 
f 1334/1334/1334 1333/1333/1333 1332/1332/1332 
f 1332/1332/1332 1335/1335/1335 1334/1334/1334 
f 1336/1336/1336 1334/1334/1334 1335/1335/1335 
f 1335/1335/1335 1337/1337/1337 1336/1336/1336 
f 1255/1255/1255 1283/1283/1283 1242/1242/1242 
f 1242/1242/1242 1252/1252/1252 1255/1255/1255 
f 1339/1339/1339 1336/1336/1336 1337/1337/1337 
f 1337/1337/1337 1340/1340/1340 1339/1339/1339 
f 1338/1338/1338 1333/1333/1333 1334/1334/1334 
f 1334/1334/1334 1336/1336/1336 1338/1338/1338 
f 1278/1278/1278 1277/1277/1277 1287/1287/1287 
f 1341/1341/1341 1339/1339/1339 1340/1340/1340 
f 1340/1340/1340 1342/1342/1342 1341/1341/1341 
f 1303/1303/1303 1344/1344/1344 1345/1345/1345 
f 1302/1302/1302 1301/1301/1301 1303/1303/1303 
f 1303/1303/1303 1345/1345/1345 1302/1302/1302 
f 1346/1346/1346 1298/1298/1298 1297/1297/1297 
f 1297/1297/1297 1347/1347/1347 1346/1346/1346 
f 1237/1237/1237 1346/1346/1346 1347/1347/1347 
f 1347/1347/1347 1290/1290/1290 1237/1237/1237 
f 1344/1344/1344 1288/1288/1288 1289/1289/1289 
f 1289/1289/1289 1345/1345/1345 1344/1344/1344 

g Hand6

v -357.219 0.678379 -2.14411 
v -357.334 0.686776 -2.15263 
v -357.118 0.721362 -2.24746 
v -356.902 1.88577 -2.29078 
v -357.024 1.9622 -2.10861 
v -356.7 2.03478 -2.13243 
v -358.446 0.488612 -1.44702 
v -358.479 0.470548 -1.53191 
v -356.578 2.41362 -1.43571 
v -357.13 2.97154 -1.5232 
v -356.796 2.10428 -1.86599 
v -356.656 2.1465 -1.99052 
v -356.796 2.10428 -1.86599 
v -356.835 2.16026 -1.75647 
v -356.74 2.21855 -1.88184 
v -358.797 1.69179 -1.92944 
v -358.74 1.78733 -1.83002 
v -358.775 1.78325 -1.91846 
v -358.766 1.58673 -1.93588 
v -358.734 1.55819 -1.85121 
v -358.574 0.557098 -1.55323 
v -358.599 0.668276 -1.57301 
v -358.57 0.716437 -1.48995 
v -357.395 0.519143 -2.05576 
v -357.448 0.595604 -1.9394 
v -357.302 0.658738 -2.02997 
v -357.217 0.591794 -2.13728 
v -357.302 0.658738 -2.02997 
v -356.437 0.700185 -2.25604 
v -356.145 0.691767 -2.16017 
v -356.386 0.615229 -2.17734 
v -356.752 1.40319 -2.51842 
v -356.438 1.31731 -2.49083 
v -356.761 1.29538 -2.52503 
v -356.661 1.01633 -2.45275 
v -356.312 0.971091 -2.38993 
v -356.598 0.924905 -2.41371 
v -356.663 1.67975 -2.44801 
v -356.386 1.63837 -2.43499 
v -356.721 1.56481 -2.48705 
v -356.739 1.1845 -2.50341 
v -357.058 1.12689 -2.47303 
v -357.32 1.08887 -2.38544 
v -357.326 1.24668 -2.44594 
v -357.077 1.26791 -2.5057 
v -357.497 1.43605 -2.34032 
v -357.355 1.40248 -2.42808 
v -357.573 1.38806 -2.3393 
v -357.637 1.44871 -2.20205 
v -357.494 1.4738 -2.34102 
v -357.615 1.46661 -2.19864 
v -357.568 1.5277 -2.35295 
v -357.349 1.52495 -2.42732 
v -357.439 1.03938 -2.27928 
v -357.531 1.07191 -2.29459 
v -357.188 0.649328 -2.15014 
v -357.047 0.627462 -2.21241 
v -357.56 1.01904 -2.12216 
v -357.423 1.01616 -2.26142 
v -357.486 0.95358 -2.24826 
v -355.88 1.34264 -2.44366 
v -355.895 1.61293 -2.39377 
v -355.523 1.6119 -2.33698 
v -355.495 1.35239 -2.39952 
v -356.845 2.27695 -1.80419 
v -357.271 2.86912 -1.57396 
v -357.239 2.73232 -1.6364 
v -357.159 2.49163 -1.54074 
v -357.208 2.91313 -1.62822 
v -357.153 2.82394 -1.68688 
v -357.151 2.57225 -1.67569 
v -357.159 2.49163 -1.54074 
v -357.168 2.95564 -1.58361 
v -357.062 2.90256 -1.63695 
v -357.052 2.68981 -1.72919 
v -358.654 1.82971 -2.00471 
v -356.724 2.38622 -1.85123 
v -356.576 2.31519 -1.91188 
v -356.944 2.78663 -1.67231 
v -356.956 2.55997 -1.76412 
v -357.044 2.44498 -1.71881 
v -358.645 1.56347 -2.02509 
v -358.683 1.69858 -2.06236 
v -358.479 1.84567 -2.09515 
v -358.89 0.979841 -1.70482 
v -358.837 0.975823 -1.61597 
v -358.943 1.07965 -1.70841 
v -356.839 2.66596 -1.70826 
v -358.471 1.55974 -2.11475 
v -358.508 1.71067 -2.15782 
v -358.278 1.85566 -2.16919 
v -358.936 1.19457 -1.70975 
v -358.272 1.55763 -2.19009 
v -358.298 1.71424 -2.23911 
v -357.994 1.91993 -2.08773 
v -358.041 1.86567 -2.2359 
v -358.828 1.24686 -1.81421 
v -358.837 1.09411 -1.85634 
v -358.778 0.972025 -1.81822 
v -357.812 1.86306 -2.28479 
v -358.042 1.55451 -2.25605 
v -358.059 1.71865 -2.30985 
v -358.658 1.27889 -1.93423 
v -358.666 1.11284 -1.98502 
v -358.616 0.988228 -1.93772 
v -356.367 2.18731 -2.00521 
v -356.445 2.40029 -1.79352 
v -357.545 1.8499 -2.32478 
v -357.826 1.5464 -2.30203 
v -357.828 1.70751 -2.36307 
v -358.452 1.30854 -2.0497 
v -358.454 1.13982 -2.10707 
v -358.421 1.00932 -2.04889 
v -357.259 1.855 -2.32829 
v -357.564 1.69633 -2.40413 
v -358.167 1.34176 -2.17064 
v -358.164 1.16729 -2.22549 
v -358.137 1.03204 -2.15821 
v -358.502 0.719436 -1.68167 
v -356.404 2.01435 -2.19066 
v -358.466 0.564111 -1.69172 
v -357.296 1.69571 -2.43444 
v -357.887 1.36372 -2.2571 
v -357.852 1.0568 -2.23381 
v -357.872 1.19857 -2.31046 
v -358.367 0.750082 -1.79529 
v -356.084 1.96711 -2.16344 
v -356.045 1.77176 -1.40961 
v -358.326 0.581755 -1.80088 
v -356.991 1.70245 -2.44049 
v -357.563 1.22478 -2.37533 
v -358.214 0.786956 -1.90639 
v -355.544 1.77715 -2.17599 
v -355.849 1.79459 -2.25841 
v -356.188 1.81074 -2.32402 
v -356.508 1.81182 -2.35564 
v -355.257 1.75624 -2.13048 
v -358.167 0.617549 -1.91677 
v -357.047 1.5457 -2.48251 
v -358.01 0.841601 -2.03075 
v -355.207 1.60296 -2.19084 
v -355.185 1.34015 -2.22004 
v -357.962 0.668829 -2.0446 
v -357.883 0.568951 -1.95162 
v -357.073 1.40674 -2.50036 
v -357.772 0.893465 -2.14263 
v -355.182 1.03163 -2.21566 
v -355.458 1.03737 -2.34704 
v -357.718 0.735661 -2.15984 
v -357.643 0.625762 -2.06021 
v -355.434 0.808494 -2.18405 
v -355.208 0.839577 -2.16621 
v -355.806 1.02304 -2.36433 
v -357.431 0.797545 -2.2521 
v -357.278 0.976752 -2.35108 
v -355.733 0.776892 -2.16808 
v -356.999 0.994417 -2.43418 
v -357.188 0.839083 -2.33056 
v -356.922 0.877324 -2.39286 
v -357.917 0.0205127 -1.49541 
v -356.84 0.77337 -2.32906 
v -356.53 0.842137 -2.35897 
v -356.763 0.661059 -2.26432 
v -356.7 0.554107 -2.17921 
v -356.921 0.41716 -2.03113 
v -356.933 0.408181 -1.85178 
v -356.961 0.503994 -2.15716 
v -357.101 0.351677 -2.00507 
v -357.254 0.277868 -1.96821 
v -357.152 0.450325 -2.11906 
v -358.012 0.191789 -1.7061 
v -357.972 0.278774 -1.62483 
v -357.96 0.0546651 -1.72122 
v -357.719 0.0447393 -1.76989 
v -357.404 0.203163 -1.9184 
v -357.316 0.373349 -2.06531 
v -357.876 0.274218 -1.82866 
v -357.815 0.121104 -1.84814 
v -357.571 0.121757 -1.85477 
v -357.48 0.29519 -2.00834 
v -357.557 0.443673 -1.98887 
v -357.572 0.534569 -1.88085 
v -357.723 0.358517 -1.91659 
v -357.729 0.441913 -1.80479 
v -357.652 0.209524 -1.94088 
v -356.968 2.35501 -1.73807 
v -356.537 2.50073 -1.59854 
v -356.601 2.4851 -1.77246 
v -356.727 2.5717 -1.73423 
v -356.848 2.47002 -1.80011 

vn -0.0393701 -0.944882 -0.330709 
vn -0.0472441 -0.889764 -0.464567 
vn -0.220472 -0.606299 -0.76378 
vn -0.0472441 0.771654 -0.637795 
vn -0.0866142 0.897638 -0.433071 
vn -0.19685 0.795276 -0.574803 
vn 0.0393701 -0.992126 0.133858 
vn 0.110236 -0.976378 0.165354 
vn 0.535433 0.283465 0.795276 
vn -0.377953 0.92126 0.102362 
vn -0.488189 0.834646 -0.251969 
vn -0.346457 0.669291 -0.661417 
vn -0.488189 0.834646 -0.251969 
vn -0.818898 0.354331 -0.440945 
vn -0.598425 0.251969 -0.755906 
vn -0.92126 0.283465 0.251969 
vn -0.92126 0.267717 0.267717 
vn -0.92126 0.181102 0.354331 
vn -0.905512 -0.393701 0.149606 
vn -0.874016 -0.448819 0.188976 
vn -0.866142 -0.425197 0.259843 
vn -0.968504 -0.0551181 0.259843 
vn -0.952756 0.0393701 0.307087 
vn -0.559055 0.496063 -0.661417 
vn -0.433071 0.897638 0.023622 
vn -0.543307 0.488189 -0.677165 
vn -0.488189 0 -0.874016 
vn -0.543307 0.488189 -0.677165 
vn 0.165354 -0.566929 -0.811024 
vn 0.228346 -0.787402 -0.574803 
vn 0.220472 -0.740157 -0.629921 
vn 0.0314961 0.11811 -0.992126 
vn 0.110236 -0.0393701 -0.992126 
vn 0.023622 -0.0629921 -1 
vn 0.0551181 -0.307087 -0.952756 
vn 0.133858 -0.393701 -0.905512 
vn 0.0787402 -0.425197 -0.905512 
vn 0.0393701 0.440945 -0.897638 
vn 0.0944882 0.322835 -0.944882 
vn 0.0472441 0.23622 -0.968504 
vn 0.0393701 -0.228346 -0.968504 
vn -0.149606 -0.299213 -0.944882 
vn -0.307087 -0.425197 -0.850394 
vn -0.259843 -0.141732 -0.952756 
vn -0.141732 -0.0944882 -0.984252 
vn -0.535433 0.291339 -0.787402 
vn -0.338583 0.0787402 -0.937008 
vn -0.362205 0.511811 -0.779528 
vn -0.472441 0.708661 -0.527559 
vn -0.354331 -0.637795 -0.685039 
vn -0.0314961 -0.976378 0.204724 
vn -0.307087 -0.582677 -0.755906 
vn -0.275591 -0.0393701 -0.96063 
vn -0.393701 -0.692913 -0.606299 
vn -0.204724 -0.755906 -0.622047 
vn -0.535433 -0.299213 -0.787402 
vn -0.212598 -0.440945 -0.874016 
vn -0.614173 0.503937 -0.606299 
vn -0.614173 0.503937 -0.606299 
vn -0.480315 0.251969 -0.84252 
vn 0.102362 -0.015748 -0.992126 
vn 0.133858 0.370079 -0.92126 
vn 0.244094 0.448819 -0.858268 
vn 0.291339 0.0472441 -0.952756 
vn -0.622047 -0.165354 -0.771654 
vn -0.811024 0.590551 -0.0472441 
vn -0.92126 -0.165354 -0.354331 
vn -0.582677 -0.748031 0.307087 
vn -0.637795 0.740157 -0.204724 
vn -0.629921 0.11811 -0.771654 
vn -0.834646 -0.401575 -0.370079 
vn -0.582677 -0.748031 0.307087 
vn -0.511811 0.858268 -0.0944882 
vn 0.314961 0.708661 -0.629921 
vn -0.425197 -0.023622 -0.905512 
vn -0.346457 0.937008 0.00787402 
vn -0.188976 0.362205 -0.913386 
vn -0.0629921 0.566929 -0.818898 
vn 0.173228 0.409449 -0.897638 
vn -0.385827 -0.0551181 -0.92126 
vn -0.393701 -0.0629921 -0.92126 
vn -0.346457 -0.905512 -0.244094 
vn -0.590551 0.0393701 -0.811024 
vn -0.228346 0.952756 -0.204724 
vn -0.787402 -0.503937 0.338583 
vn -0.417323 -0.370079 0.834646 
vn -0.937008 -0.19685 0.275591 
vn 0.15748 0.377953 -0.913386 
vn -0.228346 -0.889764 -0.385827 
vn -0.440945 0.401575 -0.80315 
vn -0.173228 0.937008 -0.307087 
vn -0.929134 0.15748 0.338583 
vn -0.181102 -0.88189 -0.440945 
vn -0.330709 0.417323 -0.84252 
vn 0.0314961 0.92126 0.385827 
vn -0.102362 0.929134 -0.346457 
vn -0.527559 0.84252 -0.125984 
vn -0.661417 -0.165354 -0.732283 
vn -0.590551 -0.496063 -0.637795 
vn -0.0393701 0.929134 -0.370079 
vn -0.133858 -0.88189 -0.456693 
vn -0.220472 0.433071 -0.874016 
vn -0.401575 0.858268 -0.322835 
vn -0.488189 -0.472441 -0.732283 
vn -0.488189 -0.472441 -0.732283 
vn 0.149606 0.740157 -0.661417 
vn 0.433071 0.80315 -0.409449 
vn -0.0551181 0.748031 -0.661417 
vn -0.125984 -0.88189 -0.448819 
vn -0.181102 0.0708661 -0.984252 
vn -0.338583 0.858268 -0.393701 
vn -0.401575 -0.456693 -0.795276 
vn -0.401575 -0.456693 -0.795276 
vn -0.023622 0.771654 -0.629921 
vn -0.165354 0.125984 -0.976378 
vn -0.244094 0.866142 -0.440945 
vn -0.291339 -0.472441 -0.826772 
vn -0.291339 -0.464567 -0.834646 
vn -0.669291 0.692913 -0.275591 
vn 0.023622 0.692913 -0.724409 
vn -0.551181 -0.503937 -0.669291 
vn -0.0866142 0.307087 -0.944882 
vn -0.204724 0.866142 -0.456693 
vn -0.19685 -0.488189 -0.850394 
vn -0.228346 -0.141732 -0.96063 
vn -0.559055 0.669291 -0.480315 
vn 0.259843 0.724409 -0.637795 
vn 0.19685 0.275591 0.937008 
vn -0.291339 -0.779528 -0.551181 
vn 0 0.456693 -0.889764 
vn -0.259843 -0.165354 -0.952756 
vn -0.527559 0.661417 -0.535433 
vn 0.212598 0.866142 -0.448819 
vn 0.212598 0.692913 -0.685039 
vn 0.125984 0.559055 -0.818898 
vn 0.0393701 0.582677 -0.811024 
vn 0.0866142 0.992126 -0.0708661 
vn -0.244094 -0.787402 -0.566929 
vn -0.0866142 0.188976 -0.976378 
vn -0.472441 0.677165 -0.566929 
vn 0.433071 0.283465 -0.850394 
vn 0.488189 0.0393701 -0.874016 
vn -0.204724 -0.748031 -0.629921 
vn -0.165354 -0.740157 -0.645669 
vn -0.141732 0.0866142 -0.984252 
vn -0.417323 0.385827 -0.818898 
vn 0.354331 -0.228346 -0.905512 
vn 0.244094 -0.338583 -0.913386 
vn -0.251969 -0.409449 -0.874016 
vn -0.102362 -0.716535 -0.692913 
vn 0.267717 -0.425197 -0.866142 
vn 0.11811 -0.267717 -0.96063 
vn 0.0866142 -0.417323 -0.905512 
vn -0.220472 -0.456693 -0.866142 
vn -0.338583 -0.299213 -0.889764 
vn 0.0393701 -0.598425 -0.80315 
vn -0.125984 -0.346457 -0.929134 
vn -0.188976 -0.496063 -0.850394 
vn -0.0708661 -0.472441 -0.874016 
vn -0.370079 -0.543307 0.755906 
vn -0.0472441 -0.527559 -0.850394 
vn 0.110236 -0.503937 -0.858268 
vn 0.015748 -0.543307 -0.834646 
vn 0.125984 -0.732283 -0.669291 
vn 0.220472 -0.913386 -0.338583 
vn 0.212598 -0.732283 0.645669 
vn 0.023622 -0.653543 -0.755906 
vn 0.377953 -0.92126 -0.102362 
vn 0.409449 -0.897638 -0.165354 
vn -0.0708661 -0.519685 -0.850394 
vn -0.787402 0.574803 -0.23622 
vn -0.496063 0.818898 0.291339 
vn -0.519685 -0.590551 -0.614173 
vn 0.322835 -0.944882 -0.0314961 
vn 0.385827 -0.905512 -0.181102 
vn 0.110236 -0.669291 -0.732283 
vn -0.685039 0.590551 -0.433071 
vn -0.173228 -0.771654 -0.614173 
vn 0.370079 -0.913386 -0.165354 
vn 0.0472441 -0.653543 -0.755906 
vn -0.543307 0.559055 -0.622047 
vn -0.464567 0.88189 0.0472441 
vn -0.598425 0.606299 -0.527559 
vn -0.472441 0.874016 0.133858 
vn 0 -0.669291 -0.740157 
vn -0.700787 -0.566929 -0.440945 
vn 0.653543 0.755906 0.0944882 
vn 0.322835 0.748031 -0.582677 
vn 0.559055 0.724409 -0.409449 
vn 0.0944882 0.417323 -0.905512 

vt -1.55857 0.676978 
vt -1.54398 0.446621 
vt -1.48614 0.885748 
vt 0.787547 1.31077 
vt 0.935381 1.06891 
vt 1.08462 1.7204 
vt -1.93621 -1.7806 
vt -1.97297 -1.84872 
vt 1.86278 1.93531 
vt 2.95311 0.867587 
vt 1.22206 1.54138 
vt 1.31311 1.81606 
vt 1.22206 1.54138 
vt 1.35323 1.47598 
vt 1.47391 1.65682 
vt 0.419131 -2.44373 
vt 0.610821 -2.32943 
vt 0.606141 -2.39961 
vt 0.236087 -2.38286 
vt 0.181208 -2.31876 
vt -1.82192 -2.00057 
vt -1.61436 -2.04538 
vt -1.52182 -1.98896 
vt -1.93468 0.345034 
vt -1.79782 0.23502 
vt -1.65517 0.531867 
vt -1.76953 0.699517 
vt -1.65517 0.531867 
vt -1.53007 2.23352 
vt -1.53809 2.81389 
vt -1.69305 2.33236 
vt -0.151468 1.60776 
vt -0.316915 2.23299 
vt -0.359843 1.59093 
vt -0.908182 1.78846 
vt -0.995188 2.48379 
vt -1.0863 1.91482 
vt 0.38874 1.78602 
vt 0.310709 2.3377 
vt 0.167053 1.66868 
vt -0.57499 1.63393 
vt -0.687367 1.0029 
vt -0.758374 0.485221 
vt -0.454096 0.471788 
vt -0.413516 0.964365 
vt -0.0926745 0.141048 
vt -0.151308 0.416207 
vt -0.197468 -0.0188199 
vt -0.0840417 -0.142376 
vt 0.0199862 0.140233 
vt 0.019162 -0.114464 
vt 0.125586 -0.0110699 
vt 0.0983571 0.426473 
vt -0.846639 0.250937 
vt -0.779067 0.0598499 
vt -1.64249 0.759257 
vt -1.68056 1.02875 
vt -0.935187 0.0187607 
vt -0.940948 0.291257 
vt -1.05604 0.160905 
vt -0.267216 3.35001 
vt 0.257939 3.31802 
vt 0.25272 4.05755 
vt -0.250219 4.11265 
vt 1.6074 1.44896 
vt 2.76149 0.604595 
vt 2.51814 0.673065 
vt 2.06007 0.817875 
vt 2.84354 0.722268 
vt 2.69005 0.832294 
vt 2.20745 0.845194 
vt 2.06007 0.817875 
vt 2.92384 0.797246 
vt 2.82365 0.975776 
vt 2.42745 1.02671 
vt 0.668824 -2.18064 
vt 1.80483 1.67376 
vt 1.65458 1.9645 
vt 2.60376 1.21893 
vt 2.16903 1.21583 
vt 1.93936 1.04078 
vt 0.210037 -2.16356 
vt 0.442471 -2.22834 
vt 0.700111 -1.83453 
vt -0.97328 -2.63508 
vt -0.986671 -2.54324 
vt -0.785945 -2.73502 
vt 2.36368 1.43004 
vt 0.201955 -1.81996 
vt 0.452156 -1.88472 
vt 0.720727 -1.43632 
vt -0.570278 -2.72113 
vt 0.197407 -1.42415 
vt 0.458676 -1.46871 
vt 0.849895 -0.875211 
vt 0.741048 -0.965213 
vt -0.493101 -2.52116 
vt -0.758292 -2.53341 
vt -0.989227 -2.41875 
vt 0.735831 -0.509658 
vt 0.191166 -0.966242 
vt 0.466857 -0.995719 
vt -0.429662 -2.18686 
vt -0.708537 -2.19963 
vt -0.957766 -2.09981 
vt 1.3919 2.37277 
vt 1.81534 2.20551 
vt 0.716764 0.0260578 
vt 0.174962 -0.533929 
vt 0.459061 -0.535074 
vt -0.370371 -1.77636 
vt -0.655218 -1.77926 
vt -0.916215 -1.71213 
vt 0.726009 0.596189 
vt 0.4345 -0.00781667 
vt -0.304237 -1.21125 
vt -0.599639 -1.20382 
vt -0.870462 -1.14887 
vt -1.54196 -1.86289 
vt 1.04787 2.30382 
vt -1.80474 -1.79719 
vt 0.426018 0.524909 
vt -0.260321 -0.652898 
vt -0.819984 -0.582521 
vt -0.550319 -0.621288 
vt -1.47973 -1.59918 
vt 0.952125 2.93523 
vt 0.579377 3.01488 
vt -1.75843 -1.52755 
vt 0.43351 1.13082 
vt -0.496938 -0.00272691 
vt -1.40566 -1.29323 
vt 0.566544 4.01751 
vt 0.608341 3.40669 
vt 0.646004 2.73166 
vt 0.647209 2.0962 
vt 0.519677 4.59545 
vt -1.68653 -1.21044 
vt 0.130721 1.02302 
vt -1.297 -0.887688 
vt 0.241472 4.68135 
vt -0.274399 4.7244 
vt -1.58554 -0.801738 
vt -1.78561 -0.64537 
vt -0.143099 0.97353 
vt -1.18162 -0.413001 
vt -0.880723 4.73502 
vt -0.864829 4.18763 
vt -1.46542 -0.312176 
vt -1.67293 -0.167602 
vt -1.31912 4.23562 
vt -1.26326 4.69177 
vt -0.890351 3.49712 
vt -1.33976 0.261137 
vt -0.987647 0.570141 
vt -1.3754 3.64493 
vt -0.950426 1.11998 
vt -1.25511 0.745919 
vt -1.17957 1.27296 
vt -2.89036 -0.706703 
vt -1.38528 1.43478 
vt -1.24869 2.04964 
vt -1.60927 1.58753 
vt -1.81561 1.7086 
vt -2.08226 1.26247 
vt -2.10747 1.23972 
vt -1.91899 1.19076 
vt -2.21291 0.895378 
vt -2.36148 0.589597 
vt -2.03168 0.812444 
vt -2.59253 -0.879139 
vt -2.42833 -0.811374 
vt -2.82017 -0.786114 
vt -2.82585 -0.336686 
vt -2.51057 0.289819 
vt -2.17965 0.476989 
vt -2.42831 -0.611092 
vt -2.68005 -0.510103 
vt -2.67307 -0.0427537 
vt -2.3366 0.150429 
vt -2.08814 0.0218738 
vt -1.91926 -0.0115888 
vt -2.26034 -0.308404 
vt -2.10425 -0.326111 
vt -2.5073 -0.191668 
vt 1.77957 1.20589 
vt 2.01811 2.01345 
vt 1.98717 1.89773 
vt 2.16131 1.63782 
vt 1.97023 1.41382 

usemtl Hand2Mtl

f 1362/1362/1362 1359/1359/1359 1358/1358/1358 
f 1371/1371/1371 1372/1372/1372 1373/1373/1373 
f 1373/1373/1373 1374/1374/1374 1371/1371/1371 
f 1376/1376/1376 1377/1377/1377 1378/1378/1378 
f 1379/1379/1379 1380/1380/1380 1381/1381/1381 
f 1382/1382/1382 1383/1383/1383 1384/1384/1384 
f 1385/1385/1385 1386/1386/1386 1387/1387/1387 
f 1381/1381/1381 1380/1380/1380 1388/1388/1388 
f 1389/1389/1389 1390/1390/1390 1391/1391/1391 
f 1391/1391/1391 1392/1392/1392 1389/1389/1389 
f 1393/1393/1393 1394/1394/1394 1395/1395/1395 
f 1400/1400/1400 1397/1397/1397 1399/1399/1399 
f 1403/1403/1403 1404/1404/1404 1374/1374/1374 
f 1405/1405/1405 1406/1406/1406 1407/1407/1407 
f 1408/1408/1408 1409/1409/1409 1410/1410/1410 
f 1410/1410/1410 1411/1411/1411 1408/1408/1408 
f 1412/1412/1412 1362/1362/1362 1361/1361/1361 
f 1413/1413/1413 1416/1416/1416 1417/1417/1417 
f 1417/1417/1417 1414/1414/1414 1413/1413/1413 
f 1416/1416/1416 1420/1420/1420 1421/1421/1421 
f 1421/1421/1421 1417/1417/1417 1416/1416/1416 
f 1422/1422/1422 1418/1418/1418 1414/1414/1414 
f 1414/1414/1414 1417/1417/1417 1422/1422/1422 
f 1362/1362/1362 1412/1412/1412 1424/1424/1424 
f 1424/1424/1424 1425/1425/1425 1362/1362/1362 
f 1417/1417/1417 1421/1421/1421 1426/1426/1426 
f 1426/1426/1426 1422/1422/1422 1417/1417/1417 
f 1427/1427/1427 1428/1428/1428 1418/1418/1418 
f 1418/1418/1418 1422/1422/1422 1427/1427/1427 
f 1365/1365/1365 1423/1423/1423 1430/1430/1430 
f 1422/1422/1422 1426/1426/1426 1435/1435/1435 
f 1435/1435/1435 1427/1427/1427 1422/1422/1422 
f 1430/1430/1430 1429/1429/1429 1366/1366/1366 
f 1366/1366/1366 1363/1363/1363 1430/1430/1430 
f 1423/1423/1423 1431/1431/1431 1437/1437/1437 
f 1437/1437/1437 1430/1430/1430 1423/1423/1423 
f 1437/1437/1437 1436/1436/1436 1429/1429/1429 
f 1429/1429/1429 1430/1430/1430 1437/1437/1437 
f 1441/1441/1441 1437/1437/1437 1431/1431/1431 
f 1431/1431/1431 1438/1438/1438 1441/1441/1441 
f 1445/1445/1445 1446/1446/1446 1432/1432/1432 
f 1441/1441/1441 1440/1440/1440 1436/1436/1436 
f 1436/1436/1436 1437/1437/1437 1441/1441/1441 
f 1438/1438/1438 1443/1443/1443 1449/1449/1449 
f 1449/1449/1449 1441/1441/1441 1438/1438/1438 
f 1451/1451/1451 1452/1452/1452 1446/1446/1446 
f 1446/1446/1446 1445/1445/1445 1451/1451/1451 
f 1453/1453/1453 1425/1425/1425 1454/1454/1454 
f 1447/1447/1447 1457/1457/1457 1449/1449/1449 
f 1449/1449/1449 1443/1443/1443 1447/1447/1447 
f 1449/1449/1449 1448/1448/1448 1440/1440/1440 
f 1440/1440/1440 1441/1441/1441 1449/1449/1449 
f 1444/1444/1444 1450/1450/1450 1451/1451/1451 
f 1451/1451/1451 1445/1445/1445 1444/1444/1444 
f 1451/1451/1451 1459/1459/1459 1460/1460/1460 
f 1460/1460/1460 1452/1452/1452 1451/1451/1451 
f 1455/1455/1455 1462/1462/1462 1457/1457/1457 
f 1457/1457/1457 1447/1447/1447 1455/1455/1455 
f 1457/1457/1457 1456/1456/1456 1448/1448/1448 
f 1448/1448/1448 1449/1449/1449 1457/1457/1457 
f 1450/1450/1450 1458/1458/1458 1459/1459/1459 
f 1459/1459/1459 1451/1451/1451 1450/1450/1450 
f 1459/1459/1459 1464/1464/1464 1465/1465/1465 
f 1465/1465/1465 1460/1460/1460 1459/1459/1459 
f 1359/1359/1359 1453/1453/1453 1467/1467/1467 
f 1455/1455/1455 1461/1461/1461 1469/1469/1469 
f 1469/1469/1469 1462/1462/1462 1455/1455/1455 
f 1462/1462/1462 1399/1399/1399 1456/1456/1456 
f 1456/1456/1456 1457/1457/1457 1462/1462/1462 
f 1464/1464/1464 1459/1459/1459 1458/1458/1458 
f 1458/1458/1458 1463/1463/1463 1464/1464/1464 
f 1471/1471/1471 1465/1465/1465 1464/1464/1464 
f 1464/1464/1464 1472/1472/1472 1471/1471/1471 
f 1369/1369/1369 1466/1466/1466 1468/1468/1468 
f 1474/1474/1474 1467/1467/1467 1453/1453/1453 
f 1461/1461/1461 1351/1351/1351 1477/1477/1477 
f 1477/1477/1477 1469/1469/1469 1461/1461/1461 
f 1400/1400/1400 1399/1399/1399 1462/1462/1462 
f 1462/1462/1462 1469/1469/1469 1400/1400/1400 
f 1398/1398/1398 1397/1397/1397 1393/1393/1393 
f 1393/1393/1393 1396/1396/1396 1398/1398/1398 
f 1470/1470/1470 1472/1472/1472 1464/1464/1464 
f 1464/1464/1464 1463/1463/1463 1470/1470/1470 
f 1402/1402/1402 1471/1471/1471 1472/1472/1472 
f 1472/1472/1472 1478/1478/1478 1402/1402/1402 
f 1473/1473/1473 1476/1476/1476 1468/1468/1468 
f 1468/1468/1468 1466/1466/1466 1473/1473/1473 
f 1482/1482/1482 1483/1483/1483 1467/1467/1467 
f 1467/1467/1467 1474/1474/1474 1482/1482/1482 
f 1351/1351/1351 1483/1483/1483 1385/1385/1385 
f 1385/1385/1385 1477/1477/1477 1351/1351/1351 
f 1486/1486/1486 1400/1400/1400 1469/1469/1469 
f 1469/1469/1469 1477/1477/1477 1486/1486/1486 
f 1397/1397/1397 1400/1400/1400 1394/1394/1394 
f 1394/1394/1394 1393/1393/1393 1397/1397/1397 
f 1472/1472/1472 1470/1470/1470 1395/1395/1395 
f 1395/1395/1395 1478/1478/1478 1472/1472/1472 
f 1479/1479/1479 1485/1485/1485 1476/1476/1476 
f 1476/1476/1476 1473/1473/1473 1479/1479/1479 
f 1481/1481/1481 1482/1482/1482 1474/1474/1474 
f 1386/1386/1386 1483/1483/1483 1482/1482/1482 
f 1411/1411/1411 1410/1410/1410 1488/1488/1488 
f 1488/1488/1488 1489/1489/1489 1411/1411/1411 
f 1387/1387/1387 1486/1486/1486 1477/1477/1477 
f 1477/1477/1477 1385/1385/1385 1387/1387/1387 
f 1400/1400/1400 1486/1486/1486 1492/1492/1492 
f 1492/1492/1492 1394/1394/1394 1400/1400/1400 
f 1478/1478/1478 1395/1395/1395 1394/1394/1394 
f 1394/1394/1394 1391/1391/1391 1478/1478/1478 
f 1485/1485/1485 1479/1479/1479 1487/1487/1487 
f 1487/1487/1487 1490/1490/1490 1485/1485/1485 
f 1409/1409/1409 1386/1386/1386 1482/1482/1482 
f 1482/1482/1482 1481/1481/1481 1409/1409/1409 
f 1387/1387/1387 1386/1386/1386 1380/1380/1380 
f 1380/1380/1380 1379/1379/1379 1387/1387/1387 
f 1489/1489/1489 1494/1494/1494 1495/1495/1495 
f 1495/1495/1495 1411/1411/1411 1489/1489/1489 
f 1491/1491/1491 1490/1490/1490 1496/1496/1496 
f 1496/1496/1496 1497/1497/1497 1491/1491/1491 
f 1486/1486/1486 1387/1387/1387 1379/1379/1379 
f 1379/1379/1379 1492/1492/1492 1486/1486/1486 
f 1391/1391/1391 1394/1394/1394 1492/1492/1492 
f 1492/1492/1492 1392/1392/1392 1391/1391/1391 
f 1401/1401/1401 1406/1406/1406 1405/1405/1405 
f 1490/1490/1490 1487/1487/1487 1493/1493/1493 
f 1493/1493/1493 1496/1496/1496 1490/1490/1490 
f 1408/1408/1408 1380/1380/1380 1386/1386/1386 
f 1386/1386/1386 1409/1409/1409 1408/1408/1408 
f 1498/1498/1498 1495/1495/1495 1494/1494/1494 
f 1494/1494/1494 1499/1499/1499 1498/1498/1498 
f 1500/1500/1500 1408/1408/1408 1411/1411/1411 
f 1411/1411/1411 1495/1495/1495 1500/1500/1500 
f 1497/1497/1497 1496/1496/1496 1501/1501/1501 
f 1501/1501/1501 1349/1349/1349 1497/1497/1497 
f 1381/1381/1381 1392/1392/1392 1492/1492/1492 
f 1492/1492/1492 1379/1379/1379 1381/1381/1381 
f 1406/1406/1406 1401/1401/1401 1390/1390/1390 
f 1390/1390/1390 1502/1502/1502 1406/1406/1406 
f 1496/1496/1496 1493/1493/1493 1407/1407/1407 
f 1407/1407/1407 1501/1501/1501 1496/1496/1496 
f 1383/1383/1383 1380/1380/1380 1408/1408/1408 
f 1408/1408/1408 1500/1500/1500 1383/1383/1383 
f 1503/1503/1503 1500/1500/1500 1495/1495/1495 
f 1495/1495/1495 1498/1498/1498 1503/1503/1503 
f 1382/1382/1382 1388/1388/1388 1380/1380/1380 
f 1380/1380/1380 1383/1383/1383 1382/1382/1382 
f 1388/1388/1388 1389/1389/1389 1392/1392/1392 
f 1392/1392/1392 1381/1381/1381 1388/1388/1388 
f 1502/1502/1502 1390/1390/1390 1389/1389/1389 
f 1389/1389/1389 1504/1504/1504 1502/1502/1502 
f 1501/1501/1501 1407/1407/1407 1502/1502/1502 
f 1502/1502/1502 1505/1505/1505 1501/1501/1501 
f 1377/1377/1377 1383/1383/1383 1500/1500/1500 
f 1500/1500/1500 1503/1503/1503 1377/1377/1377 
f 1504/1504/1504 1389/1389/1389 1388/1388/1388 
f 1388/1388/1388 1382/1382/1382 1504/1504/1504 
f 1505/1505/1505 1502/1502/1502 1504/1504/1504 
f 1504/1504/1504 1506/1506/1506 1505/1505/1505 
f 1353/1353/1353 1467/1467/1467 1483/1483/1483 
f 1483/1483/1483 1351/1351/1351 1353/1353/1353 
f 1506/1506/1506 1504/1504/1504 1382/1382/1382 
f 1382/1382/1382 1384/1384/1384 1506/1506/1506 
f 1348/1348/1348 1403/1403/1403 1373/1373/1373 
f 1508/1508/1508 1506/1506/1506 1384/1384/1384 
f 1384/1384/1384 1509/1509/1509 1508/1508/1508 
f 1376/1376/1376 1509/1509/1509 1383/1383/1383 
f 1383/1383/1383 1377/1377/1377 1376/1376/1376 
f 1403/1403/1403 1348/1348/1348 1350/1350/1350 
f 1350/1350/1350 1404/1404/1404 1403/1403/1403 
f 1510/1510/1510 1508/1508/1508 1509/1509/1509 
f 1509/1509/1509 1376/1376/1376 1510/1510/1510 
f 1511/1511/1511 1510/1510/1510 1376/1376/1376 
f 1376/1376/1376 1378/1378/1378 1511/1511/1511 
f 1404/1404/1404 1350/1350/1350 1508/1508/1508 
f 1508/1508/1508 1510/1510/1510 1404/1404/1404 
f 1514/1514/1514 1404/1404/1404 1510/1510/1510 
f 1510/1510/1510 1511/1511/1511 1514/1514/1514 
f 1512/1512/1512 1515/1515/1515 1517/1517/1517 
f 1404/1404/1404 1514/1514/1514 1517/1517/1517 
f 1517/1517/1517 1374/1374/1374 1404/1404/1404 
f 1515/1515/1515 1516/1516/1516 1523/1523/1523 
f 1523/1523/1523 1517/1517/1517 1515/1515/1515 
f 1390/1390/1390 1402/1402/1402 1478/1478/1478 
f 1478/1478/1478 1391/1391/1391 1390/1390/1390 
f 1502/1502/1502 1407/1407/1407 1406/1406/1406 
f 1517/1517/1517 1523/1523/1523 1371/1371/1371 
f 1371/1371/1371 1374/1374/1374 1517/1517/1517 
f 1516/1516/1516 1522/1522/1522 1527/1527/1527 
f 1527/1527/1527 1523/1523/1523 1516/1516/1516 
f 1372/1372/1372 1371/1371/1371 1528/1528/1528 
f 1528/1528/1528 1529/1529/1529 1372/1372/1372 
f 1525/1525/1525 1520/1520/1520 1518/1518/1518 
f 1518/1518/1518 1524/1524/1524 1525/1525/1525 
f 1526/1526/1526 1521/1521/1521 1525/1525/1525 
f 1525/1525/1525 1532/1532/1532 1526/1526/1526 
f 1522/1522/1522 1526/1526/1526 1532/1532/1532 
f 1532/1532/1532 1527/1527/1527 1522/1522/1522 
f 1523/1523/1523 1527/1527/1527 1528/1528/1528 
f 1528/1528/1528 1371/1371/1371 1523/1523/1523 
f 1528/1528/1528 1530/1530/1530 1531/1531/1531 
f 1531/1531/1531 1529/1529/1529 1528/1528/1528 
f 1532/1532/1532 1525/1525/1525 1524/1524/1524 
f 1524/1524/1524 1530/1530/1530 1532/1532/1532 
f 1527/1527/1527 1532/1532/1532 1530/1530/1530 
f 1530/1530/1530 1528/1528/1528 1527/1527/1527 
f 1506/1506/1506 1508/1508/1508 1350/1350/1350 
f 1350/1350/1350 1505/1505/1505 1506/1506/1506 
f 1383/1383/1383 1509/1509/1509 1384/1384/1384 
f 1425/1425/1425 1453/1453/1453 1359/1359/1359 
f 1359/1359/1359 1362/1362/1362 1425/1425/1425 
f 1505/1505/1505 1350/1350/1350 1349/1349/1349 
f 1349/1349/1349 1501/1501/1501 1505/1505/1505 
f 1385/1385/1385 1483/1483/1483 1386/1386/1386 
f 1410/1410/1410 1409/1409/1409 1481/1481/1481 
f 1481/1481/1481 1480/1480/1480 1410/1410/1410 
f 1410/1410/1410 1480/1480/1480 1484/1484/1484 
f 1484/1484/1484 1488/1488/1488 1410/1410/1410 
f 1425/1425/1425 1424/1424/1424 1535/1535/1535 
f 1535/1535/1535 1454/1454/1454 1425/1425/1425 
f 1427/1427/1427 1435/1435/1435 1536/1536/1536 
f 1536/1536/1536 1537/1537/1537 1427/1427/1427 
f 1428/1428/1428 1427/1427/1427 1537/1537/1537 
f 1537/1537/1537 1533/1533/1533 1428/1428/1428 
f 1412/1412/1412 1533/1533/1533 1537/1537/1537 
f 1537/1537/1537 1424/1424/1424 1412/1412/1412 
f 1424/1424/1424 1537/1537/1537 1536/1536/1536 
f 1536/1536/1536 1535/1535/1535 1424/1424/1424 

g Handle1

v -355.239 1.30003 -2.055 
v -353.939 1.30003 -2.055 
v -355.239 1.20003 -2.055 
v -353.939 1.20003 -2.055 
v -353.939 1.30003 -1.955 
v -353.939 1.30003 -2.055 
v -355.239 1.30003 -1.955 
v -355.239 1.30003 -2.055 
v -353.939 1.30003 -2.055 
v -353.939 1.30003 -1.955 
v -353.939 1.20003 -2.055 
v -353.939 1.20003 -1.955 
v -353.939 1.30003 -1.955 
v -355.239 1.30003 -1.955 
v -353.939 1.20003 -1.955 
v -355.239 1.20003 -1.955 
v -355.239 1.20003 -1.955 
v -355.239 1.20003 -2.055 
v -353.939 1.20003 -1.955 
v -353.939 1.20003 -2.055 
v -355.239 1.30003 -1.955 
v -355.239 1.30003 -2.055 
v -355.239 1.20003 -1.955 
v -355.239 1.20003 -2.055 

vn 0 0 -1 
vn 0 0 -1 
vn 0 0 -1 
vn 0 0 -1 
vn 0 1 0 
vn 0 1 0 
vn 0 1 0 
vn 0 1 0 
vn 1 0 0 
vn 1 0 0 
vn 1 0 0 
vn 1 0 0 
vn 0 0 1 
vn 0 0 1 
vn 0 0 1 
vn 0 0 1 
vn 0 -1 0 
vn 0 -1 0 
vn 0 -1 0 
vn 0 -1 0 
vn -1 0 0 
vn -1 0 0 
vn -1 0 0 
vn -1 0 0 

vt 5.9125 1 
vt 5.75 1 
vt 5.9125 0.9875 
vt 5.75 0.9875 
vt 5.7625 1 
vt 5.75 1 
vt 5.7625 0.8375 
vt 5.75 0.8375 
vt 5.7625 1 
vt 5.75 1 
vt 5.7625 0.9875 
vt 5.75 0.9875 
vt 5.9125 1 
vt 5.75 1 
vt 5.9125 0.9875 
vt 5.75 0.9875 
vt 5.7625 1 
vt 5.75 1 
vt 5.7625 0.8375 
vt 5.75 0.8375 
vt 5.7625 1 
vt 5.75 1 
vt 5.7625 0.9875 
vt 5.75 0.9875 

usemtl Handle1Mtl

f 1538/1538/1538 1539/1539/1539 1540/1540/1540 
f 1540/1540/1540 1539/1539/1539 1541/1541/1541 
f 1542/1542/1542 1543/1543/1543 1544/1544/1544 
f 1544/1544/1544 1543/1543/1543 1545/1545/1545 
f 1546/1546/1546 1547/1547/1547 1548/1548/1548 
f 1548/1548/1548 1547/1547/1547 1549/1549/1549 
f 1550/1550/1550 1551/1551/1551 1552/1552/1552 
f 1552/1552/1552 1551/1551/1551 1553/1553/1553 
f 1554/1554/1554 1555/1555/1555 1556/1556/1556 
f 1556/1556/1556 1555/1555/1555 1557/1557/1557 
f 1558/1558/1558 1559/1559/1559 1560/1560/1560 
f 1560/1560/1560 1559/1559/1559 1561/1561/1561 

