# This file is brought to you by Roblox Corporation
# Generated by Roblox Studio

mtllib Hammr_Cata.mtl

g Handle1

v -20.5074 -1.72767 -4.74698 
v -20.4867 -1.67069 -4.7903 
v -20.4809 -1.74568 -4.75395 
v -20.4516 -1.69453 -4.79953 
v -20.5203 -1.64937 -4.77308 
v -20.4544 -1.7649 -4.75461 
v -20.4165 -1.71998 -4.8004 
v -20.3826 -1.74605 -4.79289 
v -20.4288 -1.7846 -4.74893 
v -20.4052 -1.804 -4.73714 
v -20.3513 -1.77175 -4.77727 
v -20.3238 -1.79608 -4.75416 
v -20.3844 -1.82238 -4.71968 
v -20.3673 -1.83903 -4.69723 
v -20.3011 -1.81811 -4.72444 
v -20.2842 -1.837 -4.68925 
v -20.3545 -1.8533 -4.67064 
v -20.2736 -1.85202 -4.64995 
v -20.3465 -1.86464 -4.64095 
v -20.2697 -1.86258 -4.60803 
v -20.3436 -1.87262 -4.60929 
v -20.2728 -1.8683 -4.56513 
v -20.3459 -1.87694 -4.57688 
v -20.2827 -1.86893 -4.52288 
v -20.3533 -1.87742 -4.54497 
v -20.2989 -1.86448 -4.48291 
v -20.3656 -1.87405 -4.51477 
v -20.321 -1.85509 -4.44675 
v -20.4515 -1.82673 -4.43251 
v -20.3823 -1.86696 -4.48746 
v -20.348 -1.84114 -4.4158 
v -20.4027 -1.85642 -4.46408 
v -20.379 -1.82315 -4.39124 
v -20.4261 -1.84284 -4.44552 
v -20.4126 -1.80183 -4.37401 
v -20.478 -1.80872 -4.42554 
v -20.4477 -1.77799 -4.36479 
v -20.4828 -1.75254 -4.36392 
v -20.5045 -1.7895 -4.42489 
v -20.5167 -1.72647 -4.37143 
v -20.5301 -1.7698 -4.43056 
v -20.5479 -1.70078 -4.38704 
v -20.5537 -1.75039 -4.44236 
v -20.5745 -1.73201 -4.45981 
v -20.5755 -1.67645 -4.41016 
v -20.5916 -1.71537 -4.48227 
v -20.5981 -1.65441 -4.43988 
v -20.6045 -1.7011 -4.50885 
v -20.6151 -1.63552 -4.47507 
v -20.6125 -1.68976 -4.53854 
v -20.6257 -1.62051 -4.51437 
v -20.6154 -1.68177 -4.5702 
v -20.6295 -1.60994 -4.55628 
v -20.613 -1.67746 -4.60261 
v -20.6265 -1.60423 -4.59919 
v -20.6056 -1.67698 -4.63453 
v -20.6166 -1.60359 -4.64144 
v -20.5933 -1.68034 -4.66472 
v -20.6003 -1.60805 -4.68141 
v -20.5766 -1.68744 -4.69203 
v -20.5782 -1.61744 -4.71757 
v -20.5562 -1.69798 -4.71542 
v -20.5512 -1.63139 -4.74852 
v -20.5328 -1.71156 -4.73397 
v -16.7887 0.558636 -4.17476 
v -16.8571 0.499279 -4.36046 
v -16.8216 0.539894 -4.31194 
v -16.8382 0.521732 -4.33883 
v -16.8078 0.553066 -4.28085 
v -16.7911 0.562618 -4.21091 
v -16.7976 0.560738 -4.24673 
v -16.8986 0.445076 -4.3849 
v -16.8775 0.473396 -4.37602 
v -16.94 0.385536 -4.38155 
v -16.9197 0.415409 -4.38677 
v -16.9747 0.329723 -4.3509 
v -16.9585 0.356606 -4.36944 
v -16.9977 0.286137 -4.29763 
v -16.988 0.305931 -4.32666 
v -16.7963 0.533909 -4.10697 
v -16.7904 0.548943 -4.13966 
v -16.8192 0.490322 -4.05371 
v -16.806 0.514118 -4.07795 
v -16.8354 0.463444 -4.03517 
v -16.9165 0.346653 -4.02859 
v -16.854 0.434513 -4.02306 
v -16.8742 0.404636 -4.01784 
v -16.8953 0.374973 -4.0197 
v -16.9558 0.298313 -4.06578 
v -16.9369 0.320766 -4.04414 
v -16.9724 0.280151 -4.09266 
v -16.9861 0.266983 -4.12376 
v -17.0029 0.257427 -4.1937 
v -16.9964 0.259308 -4.15788 
v -17.0035 0.271103 -4.26495 
v -17.0053 0.26141 -4.22985 
v -17.0053 0.26141 -4.22985 
v -17.1001 0.145214 -4.32171 
v -17.0035 0.271103 -4.26495 
v -17.1034 0.126736 -4.25482 
v -17.0889 0.17387 -4.38402 
v -17.0989 0.119144 -4.1859 
v -16.9977 0.286137 -4.29763 
v -17.0029 0.257427 -4.1937 
v -16.988 0.305931 -4.32666 
v -16.9964 0.259308 -4.15788 
v -17.0704 0.211601 -4.43935 
v -17.0865 0.12273 -4.11761 
v -17.0452 0.256954 -4.48557 
v -17.0669 0.137356 -4.05258 
v -16.9747 0.329723 -4.3509 
v -16.9861 0.266983 -4.12376 
v -16.9585 0.356606 -4.36944 
v -17.0407 0.16246 -3.99331 
v -17.0143 0.308193 -4.5209 
v -16.9724 0.280151 -4.09266 
v -16.9789 0.363346 -4.54399 
v -17.0091 0.197079 -3.94206 
v -16.94 0.385536 -4.38155 
v -16.9558 0.298313 -4.06578 
v -16.9197 0.415409 -4.38677 
v -16.9369 0.320766 -4.04414 
v -16.9403 0.420292 -4.55394 
v -16.9731 0.239883 -3.90082 
v -16.9001 0.476841 -4.55039 
v -16.9342 0.289223 -3.87116 
v -16.8986 0.445076 -4.3849 
v -16.9165 0.346653 -4.02859 
v -16.8775 0.473396 -4.37602 
v -16.8953 0.374973 -4.0197 
v -16.8598 0.530823 -4.53345 
v -16.8938 0.343204 -3.85422 
v -16.8209 0.580166 -4.50379 
v -16.8536 0.399757 -3.85067 
v -16.8571 0.499279 -4.36046 
v -16.8742 0.404636 -4.01784 
v -16.8382 0.521732 -4.33883 
v -16.854 0.434513 -4.02306 
v -16.7849 0.622967 -4.46255 
v -16.8151 0.456703 -3.86062 
v -16.7532 0.657585 -4.4113 
v -16.8354 0.463444 -4.03517 
v -16.8216 0.539894 -4.31194 
v -16.7797 0.511852 -3.88371 
v -16.8078 0.553066 -4.28085 
v -16.8192 0.490322 -4.05371 
v -16.7271 0.682693 -4.35203 
v -16.7488 0.563091 -3.91904 
v -16.7976 0.560738 -4.24673 
v -16.806 0.514118 -4.07795 
v -16.7074 0.697319 -4.28699 
v -16.7236 0.608448 -3.96526 
v -16.6951 0.700905 -4.21871 
v -16.705 0.646179 -4.02058 
v -16.7911 0.562618 -4.21091 
v -16.7963 0.533909 -4.10697 
v -16.6905 0.693314 -4.14979 
v -16.7904 0.548943 -4.13966 
v -16.7887 0.558636 -4.17476 
v -16.6939 0.674835 -4.0829 
v -17.1789 0.0245171 -4.08205 
v -17.0669 0.137356 -4.05258 
v -17.1517 0.0448189 -3.99179 
v -17.0407 0.16246 -3.99331 
v -17.0865 0.12273 -4.11761 
v -17.1154 0.0796623 -3.90952 
v -17.196 0.0195389 -4.17682 
v -17.0091 0.197079 -3.94206 
v -17.0989 0.119144 -4.1859 
v -17.0714 0.127712 -3.83839 
v -17.2024 0.0300751 -4.27247 
v -16.9731 0.239883 -3.90082 
v -17.1034 0.126736 -4.25482 
v -17.0215 0.187119 -3.78115 
v -17.1977 0.0557251 -4.36532 
v -16.9675 0.2556 -3.73998 
v -17.1001 0.145214 -4.32171 
v -16.9342 0.289223 -3.87116 
v -17.0889 0.17387 -4.38402 
v -16.8938 0.343204 -3.85422 
v -17.1822 0.0954971 -4.45181 
v -16.9115 0.330524 -3.71648 
v -17.0704 0.211601 -4.43935 
v -16.8556 0.409012 -3.71154 
v -17.1565 0.147861 -4.5286 
v -16.8536 0.399757 -3.85067 
v -17.1215 0.210815 -4.59274 
v -16.8151 0.456703 -3.86062 
v -17.0452 0.256954 -4.48557 
v -16.8021 0.488049 -3.72536 
v -17.0143 0.308193 -4.5209 
v -16.7797 0.511852 -3.88371 
v -17.0787 0.281929 -4.64178 
v -16.753 0.564598 -3.75741 
v -17.0295 0.358475 -4.67382 
v -16.7488 0.563091 -3.91904 
v -16.9789 0.363346 -4.54399 
v -16.7101 0.635712 -3.80644 
v -16.9403 0.420292 -4.55394 
v -16.7236 0.608448 -3.96526 
v -16.976 0.437511 -4.68764 
v -16.6752 0.698662 -3.87059 
v -16.9001 0.476841 -4.55039 
v -16.6494 0.75103 -3.94738 
v -16.9202 0.516003 -4.6827 
v -16.705 0.646179 -4.02058 
v -16.8598 0.530823 -4.53345 
v -16.6939 0.674835 -4.0829 
v -16.8642 0.590927 -4.6592 
v -16.6339 0.790802 -4.03386 
v -16.8209 0.580166 -4.50379 
v -16.6293 0.816448 -4.12671 
v -16.8102 0.659409 -4.61804 
v -16.6905 0.693314 -4.14979 
v -16.7849 0.622967 -4.46255 
v -16.6951 0.700905 -4.21871 
v -16.7603 0.718815 -4.56079 
v -16.6356 0.826988 -4.22236 
v -16.7532 0.657585 -4.4113 
v -16.7074 0.697319 -4.28699 
v -16.7163 0.766865 -4.48967 
v -16.6528 0.82201 -4.31714 
v -16.7271 0.682693 -4.35203 
v -16.68 0.801708 -4.4074 
v -16.6641 0.722179 -3.67237 
v -16.753 0.564598 -3.75741 
v -16.7101 0.635712 -3.80644 
v -16.7213 0.627396 -3.60702 
v -16.6175 0.80608 -3.75786 
v -16.7868 0.525375 -3.56431 
v -16.6752 0.698662 -3.87059 
v -16.8021 0.488049 -3.72536 
v -16.5832 0.875877 -3.86021 
v -16.8581 0.420033 -3.54589 
v -16.6494 0.75103 -3.94738 
v -16.8556 0.409012 -3.71154 
v -16.6339 0.790802 -4.03386 
v -16.9115 0.330524 -3.71648 
v -16.5626 0.928883 -3.97547 
v -16.9325 0.315426 -3.55247 
v -16.5564 0.963066 -4.09922 
v -17.0071 0.215565 -3.58379 
v -16.6293 0.816448 -4.12671 
v -16.9675 0.2556 -3.73998 
v -16.5648 0.977112 -4.22671 
v -17.0215 0.187119 -3.78115 
v -16.6356 0.826988 -4.22236 
v -17.0791 0.12429 -3.63865 
v -16.5877 0.970478 -4.35303 
v -17.1456 0.0451126 -3.71495 
v -16.6528 0.82201 -4.31714 
v -17.0714 0.127712 -3.83839 
v -16.624 0.94342 -4.47332 
v -17.2042 -0.0189247 -3.80975 
v -16.68 0.801708 -4.4074 
v -17.1154 0.0796623 -3.90952 
v -16.6724 0.89698 -4.58298 
v -17.2526 -0.0653687 -3.9194 
v -16.7163 0.766865 -4.48967 
v -17.1517 0.0448189 -3.99179 
v -16.7603 0.718815 -4.56079 
v -17.2889 -0.0924225 -4.0397 
v -16.7309 0.832939 -4.67777 
v -17.1789 0.0245171 -4.08205 
v -16.7975 0.753761 -4.75407 
v -17.3117 -0.0990562 -4.16602 
v -16.8102 0.659409 -4.61804 
v -17.196 0.0195389 -4.17682 
v -16.8642 0.590927 -4.6592 
v -17.2024 0.0300751 -4.27247 
v -16.8695 0.662487 -4.80894 
v -17.3202 -0.0850143 -4.2935 
v -16.9202 0.516003 -4.6827 
v -17.314 -0.0508308 -4.41725 
v -16.9441 0.56263 -4.84026 
v -17.1977 0.0557251 -4.36532 
v -17.0185 0.458019 -4.84684 
v -17.1822 0.0954971 -4.45181 
v -16.976 0.437511 -4.68764 
v -17.2934 0.00217819 -4.53251 
v -17.0898 0.352676 -4.82842 
v -17.2591 0.0719719 -4.63486 
v -17.0295 0.358475 -4.67382 
v -17.1565 0.147861 -4.5286 
v -17.0787 0.281929 -4.64178 
v -17.2125 0.155872 -4.72035 
v -17.1553 0.250656 -4.78571 
v -17.1215 0.210815 -4.59274 
v -16.6641 0.722179 -3.67237 
v -16.6951 0.679192 -3.48298 
v -16.7213 0.627396 -3.60702 
v -16.7741 0.55616 -3.43147 
v -16.6262 0.793495 -3.5618 
v -16.7868 0.525375 -3.56431 
v -16.57 0.894672 -3.6649 
v -16.8601 0.429123 -3.40927 
v -16.6175 0.80608 -3.75786 
v -16.8581 0.420033 -3.54589 
v -16.5286 0.978844 -3.78832 
v -16.9498 0.302971 -3.4172 
v -16.5832 0.875877 -3.86021 
v -16.9325 0.315426 -3.55247 
v -16.5626 0.928883 -3.97547 
v -17.0398 0.182545 -3.45497 
v -16.5037 1.04277 -3.92732 
v -17.0071 0.215565 -3.58379 
v -16.4962 1.08399 -4.07656 
v -17.1266 0.0724754 -3.52114 
v -16.5564 0.963066 -4.09922 
v -17.0791 0.12429 -3.63865 
v -16.5648 0.977112 -4.22671 
v -17.2068 -0.0230103 -3.61315 
v -16.5065 1.10093 -4.2303 
v -17.1456 0.0451126 -3.71495 
v -16.534 1.09293 -4.38263 
v -17.2042 -0.0189247 -3.80975 
v -16.5877 0.970478 -4.35303 
v -17.2775 -0.100239 -3.72746 
v -16.624 0.94342 -4.47332 
v -17.2526 -0.0653687 -3.9194 
v -16.5778 1.0603 -4.5277 
v -17.3358 -0.156242 -3.8597 
v -16.6361 1.00429 -4.65994 
v -17.3796 -0.188873 -4.00477 
v -16.6724 0.89698 -4.58298 
v -17.2889 -0.0924225 -4.0397 
v -16.7068 0.927063 -4.77426 
v -17.4072 -0.196873 -4.15711 
v -16.7309 0.832939 -4.67777 
v -17.3117 -0.0990562 -4.16602 
v -16.787 0.831581 -4.86626 
v -17.3202 -0.0850143 -4.2935 
v -16.7975 0.753761 -4.75407 
v -17.4174 -0.179935 -4.31084 
v -16.8738 0.721512 -4.93243 
v -17.4099 -0.138714 -4.46008 
v -16.8695 0.662487 -4.80894 
v -17.314 -0.0508308 -4.41725 
v -16.9638 0.601086 -4.9702 
v -17.2934 0.00217819 -4.53251 
v -16.9441 0.56263 -4.84026 
v -17.385 -0.0747871 -4.59908 
v -17.0535 0.47493 -4.97813 
v -17.2591 0.0719719 -4.63486 
v -17.0185 0.458019 -4.84684 
v -17.3437 0.00938034 -4.7225 
v -17.1395 0.347897 -4.95592 
v -17.2125 0.155872 -4.72035 
v -17.0898 0.352676 -4.82842 
v -17.2874 0.110561 -4.8256 
v -17.2185 0.224865 -4.90442 
v -17.1553 0.250656 -4.78571 
v -16.57 0.894672 -3.6649 
v -16.6087 1.20061 -3.6834 
v -16.6584 1.0996 -3.53529 
v -16.5286 0.978844 -3.78832 
v -16.5789 1.27732 -3.8502 
v -16.5037 1.04277 -3.92732 
v -16.5699 1.32678 -4.02928 
v -16.4962 1.08399 -4.07656 
v -16.5065 1.10093 -4.2303 
v -16.5822 1.34711 -4.21377 
v -16.534 1.09293 -4.38263 
v -16.6152 1.33751 -4.39657 
v -16.5778 1.0603 -4.5277 
v -16.6677 1.29835 -4.57065 
v -16.6361 1.00429 -4.65994 
v -16.7377 1.23114 -4.72934 
v -16.8225 1.13847 -4.86652 
v -16.7068 0.927063 -4.77426 
v -16.9189 1.02389 -4.97693 
v -16.787 0.831581 -4.86626 
v -17.023 0.891808 -5.05633 
v -16.8738 0.721512 -4.93243 
v -17.131 0.747295 -5.10166 
v -16.9638 0.601086 -4.9702 
v -17.0535 0.47493 -4.97813 
v -17.2387 0.595909 -5.11118 
v -17.1395 0.347897 -4.95592 
v -17.3419 0.44347 -5.08452 
v -17.2185 0.224865 -4.90442 
v -17.4366 0.29583 -5.02272 
v -17.2874 0.110561 -4.8256 
v -17.5193 0.158669 -4.92814 
v -17.5868 0.0372505 -4.80442 
v -17.3437 0.00938034 -4.7225 
v -17.6364 -0.0637512 -4.65631 
v -17.385 -0.0747871 -4.59908 
v -17.6663 -0.140461 -4.48951 
v -17.4099 -0.138714 -4.46008 
v -17.6753 -0.18993 -4.31043 
v -17.4072 -0.196873 -4.15711 
v -17.663 -0.210251 -4.12594 
v -17.3796 -0.188873 -4.00477 
v -17.4174 -0.179935 -4.31084 
v -17.4099 -0.138714 -4.46008 
v -17.6663 -0.140461 -4.48951 
v -17.63 -0.200653 -3.94314 
v -17.3358 -0.156242 -3.8597 
v -17.5774 -0.161495 -3.76906 
v -17.2775 -0.100239 -3.72746 
v -17.5074 -0.0942917 -3.61037 
v -17.4226 -0.00161743 -3.47319 
v -17.2068 -0.0230103 -3.61315 
v -17.3263 0.112965 -3.36278 
v -17.1266 0.0724754 -3.52114 
v -17.2221 0.245049 -3.28338 
v -17.0398 0.182545 -3.45497 
v -17.1142 0.389557 -3.23805 
v -16.9498 0.302971 -3.4172 
v -16.8601 0.429123 -3.40927 
v -17.0065 0.540943 -3.22853 
v -16.7741 0.55616 -3.43147 
v -16.9033 0.693382 -3.25519 
v -16.6951 0.679192 -3.48298 
v -16.8085 0.841022 -3.31699 
v -16.6262 0.793495 -3.5618 
v -16.7258 0.978188 -3.41157 
v -16.6584 1.0996 -3.53529 
v -16.57 0.894672 -3.6649 
v -19.6977 1.98448 -3.67421 
v -19.7719 1.84517 -3.7091 
v -19.7447 1.86547 -3.61884 
v -19.837 1.6967 -3.6732 
v -19.8008 1.72375 -3.55291 
v -19.8599 1.69006 -3.79952 
v -19.7084 1.90031 -3.53656 
v -19.7524 1.7702 -3.44325 
v -19.6715 2.00959 -3.61493 
v -19.6645 1.94836 -3.46544 
v -19.6938 1.83424 -3.34846 
v -19.6398 2.04421 -3.56368 
v -19.6169 2.11411 -3.74538 
v -19.6145 2.00777 -3.40819 
v -19.6272 1.91341 -3.27216 
v -19.5552 2.00468 -3.21729 
v -19.6038 2.08701 -3.52244 
v -19.5605 2.07625 -3.36703 
v -19.5045 2.15117 -3.34353 
v -19.4806 2.10455 -3.18597 
v -19.4062 2.20916 -3.1794 
v -19.6032 2.12728 -3.71428 
v -19.5677 2.1679 -3.66577 
v -19.5865 2.14544 -3.6874 
v -19.6284 2.13326 -3.91926 
v -19.5473 2.19378 -3.65021 
v -19.5649 2.13635 -3.49278 
v -19.5246 2.19033 -3.47585 
v -19.5261 2.2221 -3.64132 
v -19.4487 2.22966 -3.33859 
v -19.4844 2.24688 -3.47229 
v -19.505 2.25177 -3.63946 
v -19.4848 2.28164 -3.64468 
v -19.4662 2.31057 -3.65679 
v -19.4458 2.30383 -3.48224 
v -19.3952 2.3087 -3.35241 
v -19.3349 2.3145 -3.19781 
v -19.4104 2.35898 -3.50533 
v -19.3461 2.38525 -3.38445 
v -19.2694 2.41652 -3.24052 
v -19.2123 2.5113 -3.30588 
v -19.3032 2.45636 -3.43349 
v -19.1656 2.5952 -3.39137 
v -19.2682 2.51931 -3.49764 
v -19.1314 2.665 -3.49372 
v -19.3795 2.41022 -3.54066 
v -19.45 2.33745 -3.67533 
v -19.427 2.38104 -3.7286 
v -19.4368 2.36124 -3.69957 
v -19.3543 2.45557 -3.58688 
v -19.2425 2.57168 -3.57442 
v -19.3358 2.49331 -3.64221 
v -19.227 2.61145 -3.66091 
v -19.1107 2.71801 -3.60898 
v -19.1045 2.75219 -3.73273 
v -19.3246 2.52196 -3.70452 
v -19.2223 2.6371 -3.75376 
v -19.113 2.76623 -3.86021 
v -19.4212 2.39607 -3.76129 
v -19.3213 2.54044 -3.77141 
v -19.2287 2.64764 -3.84941 
v -19.4194 2.40577 -3.79638 
v -19.1358 2.7596 -3.98653 
v -19.3259 2.54803 -3.84033 
v -19.2458 2.64266 -3.94418 
v -19.1721 2.73254 -4.10683 
v -19.3382 2.54445 -3.90862 
v -19.2731 2.62236 -4.03444 
v -19.2205 2.6861 -4.21648 
v -19.4218 2.40975 -3.83253 
v -19.4283 2.40786 -3.86836 
v -19.3578 2.52982 -3.97365 
v -19.4386 2.40019 -3.90247 
v -19.4523 2.38702 -3.93357 
v -19.384 2.50471 -4.03293 
v -19.3094 2.58751 -4.11672 
v -19.4689 2.36886 -3.96045 
v -19.4878 2.34641 -3.98209 
v -19.3533 2.53946 -4.18784 
v -19.2791 2.62206 -4.31128 
v -19.4157 2.47009 -4.08417 
v -19.4033 2.48006 -4.24508 
v -19.3457 2.54288 -4.38758 
v -19.4516 2.42729 -4.12542 
v -19.4573 2.41158 -4.28625 
v -19.4176 2.45161 -4.44244 
v -19.5133 2.33665 -4.30975 
v -19.4923 2.35175 -4.47376 
v -19.5667 2.24714 -4.48034 
v -19.4906 2.37795 -4.15507 
v -19.5691 2.25816 -4.31469 
v -19.638 2.1418 -4.46192 
v -19.5309 2.32397 -4.17201 
v -19.5082 2.32052 -3.99765 
v -19.5294 2.2922 -4.00653 
v -19.5707 2.23266 -4.00317 
v -19.5505 2.26254 -4.00839 
v -19.5711 2.26742 -4.17556 
v -19.6226 2.17913 -4.30087 
v -19.6097 2.21047 -4.16561 
v -19.6717 2.10258 -4.26882 
v -19.7035 2.03978 -4.41921 
v -19.7606 1.945 -4.35386 
v -19.6451 2.15532 -4.14252 
v -19.7146 2.03146 -4.21979 
v -19.7496 1.96851 -4.15564 
v -19.8072 1.8611 -4.26837 
v -19.5893 2.20373 -3.99106 
v -19.676 2.10408 -4.10719 
v -19.7753 1.91615 -4.07885 
v -19.8415 1.7913 -4.16602 
v -19.7012 2.05873 -4.06097 
v -19.8621 1.73829 -4.05076 
v -19.6055 2.17685 -3.97252 
v -19.6187 2.15306 -3.94828 
v -19.7197 2.021 -4.00565 
v -19.7908 1.87637 -3.99237 
v -19.7954 1.85073 -3.89952 
v -19.8684 1.70411 -3.92701 
v -19.7891 1.84019 -3.80387 
v -19.7296 1.96627 -3.80752 
v -19.7173 1.96986 -3.73924 
v -19.6272 2.10644 -3.7795 
v -19.7342 1.97386 -3.87644 
v -19.6336 2.10455 -3.81532 
v -19.6361 2.10854 -3.85147 
v -19.7308 1.99234 -3.94334 
v -19.6343 2.11823 -3.88657 
v -19.802 1.48785 -3.47706 
v -19.757 1.36882 -3.45558 
v -19.7378 1.54946 -3.33159 
v -19.687 1.43603 -3.29689 
v -19.6022 1.52871 -3.15971 
v -19.7886 1.66288 -3.3663 
v -19.847 1.60688 -3.49853 
v -19.6601 1.63441 -3.20584 
v -19.5059 1.64328 -3.0493 
v -19.718 1.74011 -3.25198 
v -19.5718 1.73944 -3.10463 
v -19.4017 1.77537 -2.9699 
v -19.6377 1.83559 -3.15997 
v -19.4763 1.86052 -3.03185 
v -19.2937 1.91988 -2.92457 
v -19.5509 1.94566 -3.09381 
v -19.3773 1.99298 -2.9903 
v -19.4609 2.06609 -3.05603 
v -19.3712 2.19225 -3.0481 
v -19.2786 2.13176 -2.98157 
v -19.186 2.07126 -2.91505 
v -19.2852 2.31928 -3.07031 
v -19.184 2.27149 -3.00601 
v -19.0828 2.22371 -2.94171 
v -19.2062 2.44231 -3.12181 
v -19.0971 2.40683 -3.06266 
v -18.9881 2.37135 -3.00351 
v -19.1373 2.55661 -3.20063 
v -19.0213 2.53256 -3.14936 
v -18.9054 2.50851 -3.09809 
v -18.8379 2.62992 -3.22181 
v -18.9595 2.64386 -3.26277 
v -19.0811 2.65779 -3.30373 
v -18.7883 2.73093 -3.36992 
v -18.914 2.73645 -3.39853 
v -19.0397 2.74196 -3.42715 
v -18.7584 2.80764 -3.53672 
v -18.8866 2.80676 -3.55143 
v -19.0148 2.80589 -3.56615 
v -18.7495 2.85711 -3.7158 
v -18.8784 2.85211 -3.71559 
v -19.0074 2.84711 -3.71539 
v -19.0176 2.86405 -3.86912 
v -18.8896 2.87074 -3.88471 
v -18.7617 2.87743 -3.90029 
v -19.0451 2.85604 -4.02146 
v -18.9199 2.86194 -4.05227 
v -19.0889 2.82342 -4.16653 
v -18.7948 2.86783 -4.08309 
v -18.9681 2.82605 -4.21185 
v -18.8473 2.82867 -4.25717 
v -19.2062 2.44231 -3.12181 
v -19.2123 2.5113 -3.30588 
v -19.2694 2.41652 -3.24052 
v -19.3349 2.3145 -3.19781 
v -19.1373 2.55661 -3.20063 
v -19.2852 2.31928 -3.07031 
v -19.0811 2.65779 -3.30373 
v -19.4062 2.20916 -3.1794 
v -19.1656 2.5952 -3.39137 
v -19.3712 2.19225 -3.0481 
v -19.0397 2.74196 -3.42715 
v -19.4609 2.06609 -3.05603 
v -19.1314 2.665 -3.49372 
v -19.4806 2.10455 -3.18597 
v -19.1107 2.71801 -3.60898 
v -19.5509 1.94566 -3.09381 
v -19.0148 2.80589 -3.56615 
v -19.5552 2.00468 -3.21729 
v -19.0074 2.84711 -3.71539 
v -19.6377 1.83559 -3.15997 
v -19.1045 2.75219 -3.73273 
v -19.6272 1.91341 -3.27216 
v -19.113 2.76623 -3.86021 
v -19.718 1.74011 -3.25198 
v -19.0176 2.86405 -3.86912 
v -19.6938 1.83424 -3.34846 
v -19.0451 2.85604 -4.02146 
v -19.7524 1.7702 -3.44325 
v -19.1358 2.7596 -3.98653 
v -19.7886 1.66288 -3.3663 
v -19.1721 2.73254 -4.10683 
v -19.8008 1.72375 -3.55291 
v -19.0889 2.82342 -4.16653 
v -19.847 1.60688 -3.49853 
v -19.1472 2.76741 -4.29877 
v -19.8907 1.57425 -3.64361 
v -19.2205 2.6861 -4.21648 
v -19.837 1.6967 -3.6732 
v -19.2179 2.69018 -4.41309 
v -19.9183 1.56625 -3.79594 
v -19.2791 2.62206 -4.31128 
v -19.8599 1.69006 -3.79952 
v -19.2982 2.5947 -4.50509 
v -19.8684 1.70411 -3.92701 
v -19.3457 2.54288 -4.38758 
v -19.9285 1.58318 -3.94967 
v -19.385 2.48463 -4.57126 
v -19.921 1.6244 -4.09891 
v -19.4176 2.45161 -4.44244 
v -19.8621 1.73829 -4.05076 
v -19.4749 2.3642 -4.60903 
v -19.8415 1.7913 -4.16602 
v -19.4923 2.35175 -4.47376 
v -19.8961 1.68833 -4.23791 
v -19.5647 2.23805 -4.61696 
v -19.8072 1.8611 -4.26837 
v -19.5667 2.24714 -4.48034 
v -19.8548 1.7725 -4.36133 
v -19.6507 2.11102 -4.59476 
v -19.7606 1.945 -4.35386 
v -19.638 2.1418 -4.46192 
v -19.7986 1.87368 -4.46443 
v -19.7296 1.98798 -4.54325 
v -19.7035 2.03978 -4.41921 
v -17.6178 2.04765 -4.08966 
v -17.5908 2.05883 -4.01993 
v -17.5865 2.02196 -4.07405 
v -17.5702 2.0406 -4.00262 
v -17.559 1.99763 -4.05094 
v -17.5393 1.98601 -3.82934 
v -17.5532 2.02409 -3.98035 
v -17.5363 1.97559 -4.02122 
v -17.5405 2.00994 -3.95399 
v -17.5194 1.95671 -3.98603 
v -17.5325 1.99869 -3.92454 
v -17.5088 1.94169 -3.94672 
v -17.532 1.98649 -3.86099 
v -17.5179 1.92477 -3.81966 
v -17.508 1.92541 -3.86191 
v -17.5297 1.99077 -3.89314 
v -17.5049 1.93113 -3.90481 
v -16.9435 1.47165 -3.8443 
v -16.8602 1.21164 -3.74063 
v -16.8353 1.27557 -3.87963 
v -16.9713 1.40011 -3.68874 
v -16.8278 1.31679 -4.02887 
v -16.9351 1.51779 -4.01132 
v -16.838 1.33372 -4.18261 
v -16.9465 1.53674 -4.18337 
v -16.8655 1.32573 -4.33494 
v -16.9773 1.52779 -4.35385 
v -16.9093 1.29309 -4.48001 
v -17.0263 1.49127 -4.51621 
v -16.9677 1.23709 -4.61225 
v -17.0916 1.42859 -4.66419 
v -17.1707 1.34217 -4.79214 
v -17.0383 1.15986 -4.72657 
v -17.2605 1.23531 -4.89511 
v -17.1186 1.06438 -4.81857 
v -17.3577 1.11213 -4.96915 
v -17.2054 0.954308 -4.88474 
v -17.4584 0.977352 -5.01142 
v -17.2954 0.833881 -4.92251 
v -17.3851 0.707729 -4.93044 
v -17.5588 0.83617 -5.0203 
v -17.4711 0.580696 -4.90824 
v -17.655 0.694 -4.99544 
v -17.5501 0.457664 -4.85673 
v -17.7434 0.556313 -4.9378 
v -17.619 0.343361 -4.77791 
v -17.8205 0.428394 -4.8496 
v -17.8835 0.315159 -4.73422 
v -17.6752 0.24218 -4.67481 
v -17.9297 0.220963 -4.59609 
v -17.7166 0.158009 -4.55139 
v -17.7608 2.17444 -3.9752 
v -17.8134 2.17627 -4.01435 
v -17.7773 2.18147 -3.94811 
v -17.8355 2.18566 -3.97819 
v -17.7895 2.18481 -3.91817 
v -17.8518 2.19012 -3.93822 
v -17.7757 2.14674 -3.76716 
v -17.7884 2.16088 -3.79352 
v -17.7992 2.18005 -3.85436 
v -17.7964 2.17213 -3.82297 
v -17.7969 2.18433 -3.88651 
v -17.8617 2.18948 -3.89596 
v -17.8647 2.18377 -3.85306 
v -17.7587 2.13023 -3.74489 
v -17.7147 2.09275 -3.71588 
v -17.7381 2.112 -3.72757 
v -17.663 2.05415 -3.7109 
v -17.6893 2.07322 -3.71025 
v -17.6367 2.03629 -3.71781 
v -17.5883 2.00684 -3.74911 
v -17.6115 2.02031 -3.73071 
v -17.5515 1.98935 -3.79939 
v -17.5681 1.99638 -3.77231 
v -17.7406 2.16398 -3.99839 
v -17.7864 2.16232 -4.0453 
v -17.7555 2.14434 -4.06986 
v -17.6396 2.09761 -4.03726 
v -17.7174 2.15051 -4.01679 
v -17.6922 2.13454 -4.0297 
v -17.7219 2.12301 -4.08708 
v -17.6659 2.11667 -4.03661 
v -17.6868 2.09917 -4.09631 
v -17.6517 2.07373 -4.09718 
v -17.6142 2.07808 -4.03163 
v -19.8917 1.46179 -3.97331 
v -19.8548 1.34039 -3.99695 
v -19.8804 1.44316 -3.8042 
v -19.8426 1.32007 -3.81246 
v -19.8501 1.45196 -3.63663 
v -19.8095 1.32967 -3.62966 
v -19.802 1.48785 -3.47706 
v -19.757 1.36882 -3.45558 
v -19.847 1.60688 -3.49853 
v -19.8907 1.57425 -3.64361 
v -19.9183 1.56625 -3.79594 
v -19.9285 1.58318 -3.94967 
v -19.921 1.6244 -4.09891 
v -19.8834 1.50713 -4.13747 
v -19.8961 1.68833 -4.23791 
v -19.8458 1.38986 -4.17603 
v -19.856 1.57745 -4.29037 
v -19.8548 1.7725 -4.36133 
v -19.816 1.46657 -4.34283 
v -19.8106 1.67004 -4.42613 
v -19.7986 1.87368 -4.46443 
v -19.7664 1.56757 -4.49094 
v -19.7487 1.78133 -4.53955 
v -19.6989 1.68899 -4.61466 
v -19.6162 1.82615 -4.70924 
v -19.6729 1.90707 -4.62625 
v -19.7296 1.98798 -4.54325 
v -19.5214 1.97379 -4.77104 
v -19.586 2.0424 -4.6829 
v -19.6507 2.11102 -4.59476 
v -19.4182 2.12623 -4.7977 
v -19.4914 2.18214 -4.70733 
v -19.5647 2.23805 -4.61696 
v -19.3106 2.27761 -4.78818 
v -19.3928 2.32091 -4.6986 
v -19.4749 2.3642 -4.60903 
v -19.385 2.48463 -4.57126 
v -19.2938 2.45338 -4.65705 
v -19.2026 2.42213 -4.74285 
v -19.2982 2.5947 -4.50509 
v -19.1983 2.57446 -4.58427 
v -19.0984 2.55421 -4.66345 
v -19.2179 2.69018 -4.41309 
v -19.11 2.67949 -4.48306 
v -19.0021 2.66879 -4.55304 
v -19.1472 2.76741 -4.29877 
v -19.0323 2.76444 -4.35731 
v -18.9173 2.76147 -4.41586 
v -18.8473 2.82867 -4.25717 
v -18.9681 2.82605 -4.21185 
v -19.0889 2.82342 -4.16653 
v -17.5832 1.95257 -3.71258 
v -17.6115 2.02031 -3.73071 
v -17.6142 1.97055 -3.68801 
v -17.6478 1.99187 -3.67079 
v -17.5883 2.00684 -3.74911 
v -17.6367 2.03629 -3.71781 
v -17.5681 1.99638 -3.77231 
v -17.6829 2.01572 -3.66157 
v -17.5562 1.93862 -3.74353 
v -17.663 2.05415 -3.7109 
v -17.5341 1.92923 -3.77969 
v -17.6893 2.07322 -3.71025 
v -17.5515 1.98935 -3.79939 
v -17.5179 1.92477 -3.81966 
v -17.5393 1.98601 -3.82934 
v -17.718 2.04116 -3.6607 
v -17.7519 2.06724 -3.66821 
v -17.7147 2.09275 -3.71588 
v -17.7381 2.112 -3.72757 
v -17.7831 2.09293 -3.68382 
v -17.8106 2.11726 -3.70693 
v -17.7587 2.13023 -3.74489 
v -17.8333 2.13929 -3.73666 
v -17.7757 2.14674 -3.76716 
v -17.7884 2.16088 -3.79352 
v -17.8503 2.15818 -3.77184 
v -17.7964 2.17213 -3.82297 
v -17.8609 2.1732 -3.81115 
v -17.8647 2.18377 -3.85306 
v -17.7992 2.18005 -3.85436 
v -19.3915 1.34364 -3.40826 
v -19.2468 1.34363 -3.2746 
v -19.3166 1.42547 -3.28713 
v -19.3259 1.25721 -3.40253 
v -19.4571 1.43008 -3.41398 
v -19.1569 1.45049 -3.17163 
v -19.3864 1.50731 -3.29967 
v -19.2315 1.52665 -3.18964 
v -19.0598 1.57367 -3.09758 
v -19.3061 1.60279 -3.20765 
v -19.1396 1.64327 -3.11954 
v -18.9591 1.70845 -3.0553 
v -19.2193 1.71286 -3.14149 
v -19.0442 1.77087 -3.07951 
v -19.1293 1.83329 -3.10372 
v -19.0396 1.95945 -3.09579 
v -18.9491 1.90454 -3.0711 
v -18.8587 1.84963 -3.04643 
v -18.9536 2.08648 -3.11799 
v -18.858 2.03914 -3.09464 
v -18.7624 1.9918 -3.07128 
v -18.8746 2.20951 -3.1695 
v -18.7743 2.1695 -3.14921 
v -18.6741 2.12949 -3.12892 
v -18.8057 2.32381 -3.24832 
v -18.7013 2.29061 -3.23272 
v -18.5969 2.25741 -3.21713 
v -18.534 2.37064 -3.33251 
v -18.6418 2.39782 -3.34196 
v -18.7495 2.425 -3.35142 
v -18.4877 2.46484 -3.47064 
v -18.5979 2.487 -3.47274 
v -18.7082 2.50916 -3.47484 
v -18.4599 2.53638 -3.6262 
v -18.5716 2.55473 -3.62002 
v -18.6833 2.57309 -3.61384 
v -18.6758 2.61431 -3.76307 
v -18.5637 2.59841 -3.77814 
v -18.4515 2.58251 -3.79321 
v -18.686 2.63125 -3.91681 
v -18.5745 2.61636 -3.94104 
v -18.463 2.60146 -3.96527 
v -18.7135 2.62325 -4.06915 
v -18.6036 2.60788 -4.10245 
v -18.7573 2.59062 -4.21422 
v -18.4938 2.59251 -4.13574 
v -18.65 2.57331 -4.25616 
v -18.5428 2.556 -4.2981 
v -17.9545 0.0843353 -4.10147 
v -17.7489 0.0528641 -4.26315 
v -17.7387 0.0359268 -4.10942 
v -17.7112 0.0439262 -3.95709 
v -17.966 0.103291 -4.27352 
v -17.9237 0.0932884 -3.93098 
v -17.7415 0.0940857 -4.41239 
v -17.6674 0.0765572 -3.81201 
v -17.9576 0.149422 -4.44053 
v -17.7166 0.158009 -4.55139 
v -17.9297 0.220963 -4.59609 
v -17.8747 0.129803 -3.76863 
v -17.6091 0.132561 -3.67978 
v -17.8094 0.192482 -3.62064 
v -17.7303 0.278912 -3.4927 
v -17.5384 0.209789 -3.56546 
v -17.6405 0.385769 -3.38973 
v -17.4581 0.305275 -3.47345 
v -17.5434 0.508949 -3.31568 
v -17.3713 0.415344 -3.40729 
v -17.4427 0.643723 -3.27341 
v -17.2813 0.53577 -3.36951 
v -17.1916 0.661922 -3.36158 
v -17.3423 0.784904 -3.26453 
v -17.1056 0.788956 -3.38379 
v -17.246 0.927074 -3.28939 
v -17.0266 0.911991 -3.43529 
v -17.1576 1.06476 -3.34703 
v -16.9577 1.02629 -3.51411 
v -17.0805 1.19268 -3.43524 
v -17.0176 1.30592 -3.55062 
v -16.9015 1.12747 -3.61721 
v -16.9713 1.40011 -3.68874 
v -16.8602 1.21164 -3.74063 
v -17.3141 1.64891 -3.79721 
v -17.2206 1.40894 -3.72026 
v -17.1974 1.46856 -3.84989 
v -17.34 1.58237 -3.65253 
v -17.3063 1.69181 -3.95255 
v -17.1904 1.507 -3.98907 
v -17.1999 1.52279 -4.13245 
v -17.317 1.70945 -4.11257 
v -17.2256 1.51534 -4.27452 
v -17.3456 1.70112 -4.27113 
v -17.2664 1.4849 -4.40981 
v -17.3912 1.66715 -4.42213 
v -17.3208 1.43267 -4.53314 
v -17.4519 1.60886 -4.55977 
v -17.5255 1.52848 -4.67876 
v -17.3867 1.36065 -4.63975 
v -17.609 1.42909 -4.77453 
v -17.4616 1.2716 -4.72556 
v -17.6994 1.31452 -4.8434 
v -17.5426 1.16895 -4.78727 
v -17.793 1.18917 -4.88272 
v -17.6265 1.05664 -4.8225 
v -17.7102 0.938984 -4.82989 
v -17.8864 1.05787 -4.89097 
v -17.7904 0.820511 -4.80918 
v -17.9759 0.925636 -4.86785 
v -17.864 0.705769 -4.76114 
v -18.0581 0.797577 -4.81425 
v -17.9283 0.599171 -4.68764 
v -18.1299 0.678604 -4.73221 
v -18.1884 0.573288 -4.6249 
v -17.9807 0.50481 -4.59149 
v -18.2314 0.485676 -4.49643 
v -18.0193 0.426311 -4.47639 
v -19.5397 1.2592 -4.02639 
v -19.4709 1.14906 -3.88336 
v -19.5288 1.24125 -3.86349 
v -19.4824 1.16801 -4.05541 
v -19.5317 1.30288 -4.18451 
v -19.474 1.21415 -4.22243 
v -19.5894 1.39161 -4.1466 
v -19.5969 1.35038 -3.99736 
v -19.5646 1.45553 -4.2856 
v -19.5867 1.33345 -3.84363 
v -19.5592 1.34145 -3.69129 
v -19.5054 1.37061 -4.33179 
v -19.5232 1.5397 -4.40902 
v -19.4462 1.28569 -4.37799 
v -19.4615 1.45979 -4.46256 
v -19.467 1.64088 -4.51212 
v -19.3999 1.37988 -4.51611 
v -19.402 1.567 -4.57181 
v -19.337 1.49311 -4.63149 
v -19.2598 1.62104 -4.7197 
v -19.329 1.68811 -4.65532 
v -19.3981 1.75518 -4.59094 
v -19.1715 1.75872 -4.77734 
v -19.2453 1.81847 -4.70989 
v -19.3191 1.87822 -4.64244 
v -19.0752 1.90089 -4.80219 
v -19.1542 1.95307 -4.73342 
v -19.2331 2.00525 -4.66465 
v -18.9748 2.04208 -4.79332 
v -19.0591 2.08674 -4.72502 
v -19.1434 2.1314 -4.65672 
v -19.0534 2.25183 -4.61894 
v -18.9637 2.21434 -4.685 
v -18.8741 2.17685 -4.75104 
v -18.9666 2.3619 -4.55278 
v -18.8718 2.33097 -4.61489 
v -18.777 2.30003 -4.677 
v -18.8863 2.45739 -4.46078 
v -18.7867 2.43214 -4.5174 
v -18.6871 2.40689 -4.57403 
v -18.8157 2.53461 -4.34646 
v -18.7118 2.51397 -4.39627 
v -18.608 2.49332 -4.44609 
v -18.5428 2.556 -4.2981 
v -18.65 2.57331 -4.25616 
v -18.7573 2.59062 -4.21422 
v -19.0959 1.09114 -3.61026 
v -19.0335 1.00002 -3.6041 
v -19.0384 1.14641 -3.47978 
v -18.9728 1.05832 -3.46646 
v -18.8993 1.1387 -3.34747 
v -19.1039 1.2345 -3.49309 
v -19.1583 1.18227 -3.61642 
v -18.9686 1.22261 -3.36697 
v -18.8157 1.23809 -3.2517 
v -19.038 1.30653 -3.38648 
v -18.8894 1.31683 -3.27618 
v -18.7254 1.35265 -3.18283 
v -18.9631 1.39558 -3.30067 
v -18.8038 1.42544 -3.2109 
v -18.6317 1.478 -3.14351 
v -18.8822 1.49823 -3.23896 
v -18.715 1.54427 -3.17362 
v -18.7982 1.61054 -3.20373 
v -18.7146 1.72819 -3.19634 
v -18.6264 1.66875 -3.1658 
v -18.5383 1.60931 -3.13526 
v -18.6344 1.84666 -3.21705 
v -18.5416 1.7941 -3.18771 
v -18.4488 1.74154 -3.15838 
v -18.5607 1.9614 -3.26509 
v -18.4637 1.9155 -3.23853 
v -18.3666 1.8696 -3.21198 
v -18.4964 2.068 -3.33859 
v -18.3956 2.02829 -3.31631 
v -18.2949 1.98857 -3.29402 
v -18.2364 2.09389 -3.40133 
v -18.3402 2.12813 -3.41804 
v -18.444 2.16236 -3.43474 
v -18.1933 2.1815 -3.5298 
v -18.2994 2.21118 -3.53982 
v -18.4055 2.24086 -3.54984 
v -18.1674 2.24804 -3.67448 
v -18.2748 2.27426 -3.67698 
v -18.3822 2.30048 -3.67948 
v -18.1596 2.29094 -3.82982 
v -18.2674 2.31493 -3.82424 
v -18.3753 2.33892 -3.81866 
v -18.3848 2.35472 -3.96203 
v -18.2775 2.33165 -3.97594 
v -18.1703 2.30857 -3.98984 
v -18.4105 2.34726 -4.1041 
v -18.3047 2.32375 -4.12625 
v -18.4513 2.31683 -4.2394 
v -18.1989 2.30024 -4.1484 
v -18.3479 2.29155 -4.2694 
v -18.2445 2.26628 -4.2994 
v -19.4997 1.24973 -3.70209 
v -19.4401 1.15801 -3.71288 
v -19.5154 1.37408 -3.54622 
v -19.4533 1.2843 -3.54837 
v -19.4571 1.43008 -3.41398 
v -19.3911 1.19453 -3.55052 
v -19.3915 1.34364 -3.40826 
v -19.3259 1.25721 -3.40253 
v -18.0499 0.451942 -4.05889 
v -17.8371 0.885216 -4.69422 
v -17.5567 1.26991 -4.62291 
v -17.7687 0.986252 -4.71189 
v -17.6973 1.08659 -4.70558 
v -17.6257 1.18237 -4.67554 
v -17.9547 0.696457 -4.59057 
v -17.8999 0.787365 -4.65326 
v -18.0521 0.498199 -4.29986 
v -18.0323 0.549038 -4.41041 
v -17.9994 0.615982 -4.50857 
v -18.058 0.465412 -4.18117 
v -17.4367 1.40727 -4.45881 
v -17.4929 1.34585 -4.54973 
v -17.3335 1.48413 -4.1171 
v -17.3903 1.45182 -4.35364 
v -17.3554 1.47777 -4.23826 
v -17.3314 1.43787 -3.87613 
v -17.3254 1.47066 -3.99483 
v -17.3512 1.38703 -3.76558 
v -17.9932 0.484257 -3.82236 
v -18.028 0.458305 -3.93774 
v -17.9468 0.528801 -3.71718 
v -17.6148 0.949821 -3.46411 
v -17.4836 1.14871 -3.52274 
v -17.384 1.32009 -3.66742 
v -17.4288 1.23962 -3.58542 
v -17.5464 1.05085 -3.48178 
v -17.8267 0.666164 -3.55308 
v -17.8906 0.590221 -3.62626 
v -17.7577 0.753704 -3.50046 
v -17.6861 0.849483 -3.47042 
v -18.2651 0.376232 -4.19641 
v -18.0399 0.312454 -4.0642 
v -18.2545 0.358604 -4.03639 
v -18.0143 0.319916 -3.92213 
v -18.0495 0.328251 -4.20757 
v -18.2258 0.366932 -3.87783 
v -18.0425 0.366695 -4.34675 
v -17.9734 0.350346 -3.78683 
v -18.2573 0.41914 -4.35175 
v -18.0193 0.426311 -4.47639 
v -18.2314 0.485676 -4.49643 
v -18.1802 0.400894 -3.72683 
v -17.919 0.402576 -3.66351 
v -18.1195 0.45919 -3.58919 
v -18.046 0.539574 -3.4702 
v -17.8531 0.474602 -3.55689 
v -17.9624 0.638958 -3.37443 
v -17.7782 0.563652 -3.47108 
v -17.8721 0.753529 -3.30556 
v -17.6973 0.666302 -3.40938 
v -17.7784 0.878876 -3.26624 
v -17.6134 0.778614 -3.37415 
v -17.5297 0.896267 -3.36675 
v -17.685 1.01019 -3.25799 
v -17.4495 1.01474 -3.38747 
v -17.5955 1.14241 -3.2811 
v -17.3758 1.12948 -3.4355 
v -17.5133 1.27047 -3.33471 
v -17.3116 1.23608 -3.509 
v -17.4416 1.38945 -3.41675 
v -17.383 1.49476 -3.52407 
v -17.2591 1.33044 -3.60516 
v -17.34 1.58237 -3.65253 
v -17.2206 1.40894 -3.72026 
v -18.4638 1.5531 -3.21522 
v -18.3147 1.60707 -3.31445 
v -18.3818 1.6743 -3.23641 
v -18.3893 1.49688 -3.29518 
v -18.5383 1.60931 -3.13526 
v -18.2462 1.71379 -3.35912 
v -18.4488 1.74154 -3.15838 
v -18.3064 1.79169 -3.28555 
v -18.1864 1.81293 -3.42749 
v -18.3666 1.8696 -3.21198 
v -18.2407 1.90075 -3.36075 
v -18.2949 1.98857 -3.29402 
v -18.2364 2.09389 -3.40133 
v -18.187 1.99729 -3.45913 
v -18.1377 1.9007 -3.51692 
v -19.1764 1.06777 -4.05542 
v -19.1184 0.975361 -4.07368 
v -19.1663 1.05106 -3.90372 
v -19.1078 0.957729 -3.91366 
v -19.1391 1.05895 -3.75341 
v -19.0791 0.966057 -3.7551 
v -19.0959 1.09114 -3.61026 
v -19.0335 1.00002 -3.6041 
v -19.1583 1.18227 -3.61642 
v -19.1991 1.15184 -3.75171 
v -19.2248 1.14438 -3.89378 
v -19.2343 1.16018 -4.03716 
v -19.2273 1.19862 -4.17634 
v -19.169 1.10844 -4.20268 
v -19.2041 1.25824 -4.30597 
v -19.1106 1.01826 -4.22902 
v -19.1444 1.17152 -4.33983 
v -19.1656 1.33673 -4.42107 
v -19.0847 1.0848 -4.3737 
v -19.1036 1.25457 -4.46162 
v -19.1131 1.4311 -4.51723 
v -19.0417 1.17241 -4.50216 
v -19.0482 1.35441 -4.56335 
v -18.9832 1.27773 -4.60948 
v -18.9114 1.3967 -4.69151 
v -18.9802 1.4672 -4.64112 
v -19.0489 1.5377 -4.59073 
v -18.8292 1.52477 -4.74513 
v -18.9022 1.5886 -4.69194 
v -18.9752 1.65244 -4.63876 
v -18.7397 1.65699 -4.76824 
v -18.8174 1.71395 -4.71386 
v -18.895 1.77091 -4.65948 
v -18.6463 1.7883 -4.75999 
v -18.7288 1.83843 -4.70603 
v -18.8113 1.88856 -4.65208 
v -18.7274 2.00087 -4.61685 
v -18.64 1.95726 -4.66876 
v -18.5527 1.91365 -4.72067 
v -18.6465 2.10352 -4.55515 
v -18.5544 2.06587 -4.60348 
v -18.4623 2.02821 -4.6518 
v -18.5716 2.19257 -4.46934 
v -18.4752 2.16009 -4.51269 
v -18.3788 2.1276 -4.55603 
v -18.5057 2.2646 -4.36272 
v -18.4055 2.23629 -4.39988 
v -18.3052 2.20798 -4.43704 
v -18.2445 2.26628 -4.2994 
v -18.3479 2.29155 -4.2694 
v -18.4513 2.31683 -4.2394 
v -18.6004 0.647984 -3.96768 
v -18.6014 0.683365 -3.91334 
v -18.6284 0.665752 -3.95333 
v -18.5678 0.662045 -3.93057 
v -18.5746 0.632999 -3.98815 
v -18.5369 0.644058 -3.95513 
v -18.5521 0.621368 -4.01394 
v -18.5098 0.630108 -3.98608 
v -18.4878 0.62072 -4.02224 
v -18.5337 0.613548 -4.04407 
v -18.4715 0.616261 -4.06221 
v -18.5201 0.609833 -4.07738 
v -18.4616 0.616901 -4.10446 
v -18.5119 0.610363 -4.11259 
v -18.5093 0.615124 -4.14834 
v -18.4585 0.622612 -4.14737 
v -18.5125 0.623932 -4.18327 
v -18.4624 0.633183 -4.18928 
v -18.6371 1.66761 -3.31707 
v -19.0722 1.16973 -3.91186 
v -18.9691 1.24659 -3.57015 
v -19.0155 1.20205 -3.67532 
v -19.0503 1.17609 -3.7907 
v -18.8491 1.38395 -3.40605 
v -18.9129 1.30801 -3.47922 
v -18.78 1.4715 -3.35342 
v -18.7084 1.56728 -3.32338 
v -18.5059 1.8665 -3.3757 
v -18.5687 1.76865 -3.33474 
v -18.4064 2.03788 -3.52038 
v -18.4511 1.95741 -3.43838 
v -18.3735 2.10482 -3.61855 
v -19.0744 1.21599 -4.15282 
v -19.0803 1.1832 -4.03413 
v -18.579 1.9877 -4.47587 
v -18.8594 1.60301 -4.54718 
v -18.977 1.41425 -4.44354 
v -19.0546 1.26683 -4.26338 
v -19.0217 1.33377 -4.36154 
v -18.9222 1.50515 -4.50622 
v -18.791 1.70404 -4.56485 
v -18.7196 1.80437 -4.55854 
v -18.6481 1.90015 -4.5285 
v -18.459 2.12506 -4.31177 
v -18.5152 2.06364 -4.4027 
v -18.3559 2.20192 -3.97006 
v -18.4126 2.16961 -4.2066 
v -18.3778 2.19556 -4.09122 
v -18.3537 2.15566 -3.7291 
v -18.3477 2.18845 -3.84779 
v -18.6755 0.814503 -4.32963 
v -18.6609 0.755165 -4.30792 
v -18.6901 0.775032 -4.30023 
v -18.6404 0.790661 -4.33886 
v -18.7091 0.835827 -4.31241 
v -18.6316 0.733959 -4.30865 
v -18.7181 0.792801 -4.28588 
v -18.6053 0.765217 -4.33973 
v -18.7439 0.807789 -4.26541 
v -18.6034 0.712234 -4.30239 
v -18.74 0.853809 -4.28785 
v -18.5714 0.739143 -4.33222 
v -18.7671 0.867764 -4.2569 
v -18.5773 0.690823 -4.28937 
v -18.7664 0.819416 -4.23962 
v -18.5401 0.713448 -4.3166 
v -18.7891 0.877148 -4.22074 
v -18.5544 0.670544 -4.27012 
v -18.7848 0.82724 -4.20949 
v -18.5126 0.689117 -4.29349 
v -18.7984 0.830956 -4.17618 
v -18.5355 0.652184 -4.24535 
v -18.8054 0.881607 -4.18077 
v -18.4899 0.667084 -4.26377 
v -18.8066 0.830421 -4.14097 
v -18.5214 0.636444 -4.21602 
v -18.8153 0.88097 -4.13852 
v -18.473 0.648197 -4.22858 
v -18.8092 0.825661 -4.10522 
v -18.8184 0.875256 -4.09561 
v -18.4624 0.633183 -4.18928 
v -18.5125 0.623932 -4.18327 
v -18.5093 0.615124 -4.14834 
v -18.4585 0.622612 -4.14737 
v -18.8145 0.864689 -4.05371 
v -18.806 0.816853 -4.07029 
v -18.3778 2.19556 -4.09122 
v -18.1112 1.95798 -4.24995 
v -18.4126 2.16961 -4.2066 
v -17.6917 1.66344 -4.31029 
v -17.4367 1.40727 -4.45881 
v -17.7381 1.6189 -4.41546 
v -17.3903 1.45182 -4.35364 
v -18.0763 1.98393 -4.13457 
v -18.3559 2.20192 -3.97006 
v -17.6569 1.6894 -4.19491 
v -17.3554 1.47777 -4.23826 
v -18.0544 1.99029 -4.01342 
v -18.3477 2.18845 -3.84779 
v -17.635 1.69576 -4.07375 
v -17.3335 1.48413 -4.1171 
v -18.0463 1.97682 -3.89114 
v -18.3537 2.15566 -3.7291 
v -17.6268 1.68229 -3.95148 
v -17.3254 1.47066 -3.99483 
v -18.0523 1.94403 -3.77245 
v -18.3735 2.10482 -3.61855 
v -17.6328 1.6495 -3.83278 
v -17.3314 1.43787 -3.87613 
v -18.0721 1.89319 -3.6619 
v -18.4064 2.03788 -3.52038 
v -17.6526 1.59866 -3.72223 
v -17.3512 1.38703 -3.76558 
v -18.1049 1.82625 -3.56373 
v -18.4511 1.95741 -3.43838 
v -17.6855 1.53172 -3.62407 
v -17.384 1.32009 -3.66742 
v -18.1497 1.74578 -3.48174 
v -18.5059 1.8665 -3.3757 
v -17.7302 1.45124 -3.54207 
v -17.4288 1.23962 -3.58542 
v -18.2045 1.65487 -3.41905 
v -18.5687 1.76865 -3.33474 
v -17.785 1.36034 -3.47938 
v -17.4836 1.14871 -3.52274 
v -18.2673 1.55701 -3.37809 
v -18.6371 1.66761 -3.31707 
v -17.8478 1.26249 -3.43842 
v -17.5464 1.05085 -3.48178 
v -18.3357 1.45598 -3.36042 
v -17.9162 1.16145 -3.42076 
v -17.6148 0.949821 -3.46411 
v -17.6861 0.849483 -3.47042 
v -18.407 1.35565 -3.36673 
v -18.7084 1.56728 -3.32338 
v -17.9875 1.06112 -3.42706 
v -17.7577 0.753704 -3.50046 
v -18.4786 1.25987 -3.39678 
v -18.78 1.4715 -3.35342 
v -18.8491 1.38395 -3.40605 
v -18.0591 0.965336 -3.45711 
v -18.5476 1.17233 -3.4494 
v -18.9129 1.30801 -3.47922 
v -18.1282 0.877792 -3.50973 
v -17.8267 0.666164 -3.55308 
v -18.6115 1.09638 -3.52258 
v -18.9691 1.24659 -3.57015 
v -18.192 0.801849 -3.58291 
v -17.8906 0.590221 -3.62626 
v -18.6677 1.03496 -3.6135 
v -19.0155 1.20205 -3.67532 
v -18.2482 0.740429 -3.67383 
v -17.9468 0.528801 -3.71718 
v -18.7141 0.990417 -3.71867 
v -19.0503 1.17609 -3.7907 
v -18.2946 0.695885 -3.77901 
v -17.9932 0.484257 -3.82236 
v -18.7489 0.964466 -3.83405 
v -19.0722 1.16973 -3.91186 
v -18.3294 0.669933 -3.89438 
v -18.028 0.458305 -3.93774 
v -18.7708 0.958103 -3.95521 
v -19.0803 1.1832 -4.03413 
v -18.7789 0.971573 -4.07748 
v -18.3513 0.66357 -4.01554 
v -18.0499 0.451942 -4.05889 
v -18.3594 0.67704 -4.13782 
v -18.058 0.465412 -4.18117 
v -18.7002 1.31971 -4.59207 
v -18.7305 1.4756 -4.69093 
v -18.6317 1.42643 -4.63674 
v -18.7397 1.65699 -4.76824 
v -18.8292 1.52477 -4.74513 
v -18.6484 1.5968 -4.71213 
v -18.5571 1.53662 -4.65601 
v -18.6463 1.7883 -4.75999 
v -18.5628 1.71717 -4.70456 
v -18.4793 1.64604 -4.64913 
v -18.4013 1.7505 -4.61636 
v -18.477 1.83207 -4.66852 
v -18.5527 1.91365 -4.72067 
v -18.326 1.84597 -4.55897 
v -18.3941 1.93709 -4.60539 
v -18.4623 2.02821 -4.6518 
v -18.2564 1.92879 -4.47916 
v -18.3176 2.0282 -4.5176 
v -18.3788 2.1276 -4.55603 
v -18.1951 1.99578 -4.38 
v -18.2501 2.10188 -4.40852 
v -18.3052 2.20798 -4.43704 
v -18.2445 2.26628 -4.2994 
v -18.1945 2.15532 -4.28235 
v -18.1445 2.04436 -4.2653 
v -18.1989 2.30024 -4.1484 
v -18.1527 2.18645 -4.14393 
v -18.1065 2.07266 -4.13947 
v -18.1703 2.30857 -3.98984 
v -18.1264 2.19408 -3.99859 
v -18.0826 2.0796 -4.00734 
v -18.1596 2.29094 -3.82982 
v -18.1167 2.17793 -3.8519 
v -18.0737 2.06491 -3.87398 
v -18.0802 2.02916 -3.74454 
v -18.1238 2.1386 -3.70951 
v -18.1674 2.24804 -3.67448 
v -18.1018 1.97371 -3.62397 
v -18.1476 2.0776 -3.57689 
v -18.1377 1.9007 -3.51692 
v -18.1933 2.1815 -3.5298 
v -18.187 1.99729 -3.45913 
v -18.2364 2.09389 -3.40133 
v -18.7947 1.1217 -3.40975 
v -18.6901 1.10471 -3.47202 
v -18.7181 1.21281 -3.32196 
v -18.8157 1.23809 -3.2517 
v -18.6205 1.18753 -3.39222 
v -18.7254 1.35265 -3.18283 
v -18.6353 1.31783 -3.25883 
v -18.5452 1.283 -3.33483 
v -18.6317 1.478 -3.14351 
v -18.5494 1.43273 -3.22279 
v -18.4671 1.38746 -3.30206 
v -18.3893 1.49688 -3.29518 
v -18.4638 1.5531 -3.21522 
v -18.5383 1.60931 -3.13526 
v -18.8145 0.864689 -4.05371 
v -18.8184 0.875256 -4.09561 
v -18.8092 0.825661 -4.10522 
v -18.7971 0.80434 -4.03754 
v -18.806 0.816853 -4.07029 
v -18.8039 0.84967 -4.0144 
v -18.7869 0.830784 -3.97921 
v -18.783 0.788601 -4.00821 
v -18.7643 0.80875 -3.94949 
v -18.7641 0.770241 -3.98345 
v -18.7412 0.749966 -3.96419 
v -18.7368 0.78442 -3.92638 
v -18.7151 0.728554 -3.95117 
v -18.7055 0.758724 -3.91076 
v -18.6869 0.706825 -3.94491 
v -18.6716 0.732655 -3.90325 
v -18.6365 0.707207 -3.90412 
v -18.6576 0.685619 -3.94564 
v -18.8787 1.65949 -3.12952 
v -18.7146 1.72819 -3.19634 
v -18.7866 1.78891 -3.12138 
v -18.7982 1.61054 -3.20373 
v -18.9591 1.70845 -3.0553 
v -18.6344 1.84666 -3.21705 
v -18.8587 1.84963 -3.04643 
v -18.6984 1.91923 -3.14417 
v -18.5607 1.9614 -3.26509 
v -18.7624 1.9918 -3.07128 
v -18.6174 2.04544 -3.197 
v -18.4964 2.068 -3.33859 
v -18.6741 2.12949 -3.12892 
v -18.5467 2.1627 -3.27786 
v -18.5969 2.25741 -3.21713 
v -18.534 2.37064 -3.33251 
v -18.489 2.2665 -3.38363 
v -18.4877 2.46484 -3.47064 
v -18.444 2.16236 -3.43474 
v -18.4466 2.35285 -3.51024 
v -18.4055 2.24086 -3.54984 
v -19.0744 1.21599 -4.15282 
v -18.7789 0.971573 -4.07748 
v -19.0803 1.1832 -4.03413 
v -18.773 1.00436 -4.19617 
v -19.0546 1.26683 -4.26338 
v -18.3594 0.67704 -4.13782 
v -18.7532 1.0552 -4.30673 
v -18.3535 0.709827 -4.25651 
v -18.058 0.465412 -4.18117 
v -19.0217 1.33377 -4.36154 
v -18.0521 0.498199 -4.29986 
v -18.3337 0.76067 -4.36706 
v -18.0323 0.549038 -4.41041 
v -18.7203 1.12214 -4.40489 
v -18.977 1.41425 -4.44354 
v -18.3008 0.82761 -4.46522 
v -17.9994 0.615982 -4.50857 
v -18.6756 1.20262 -4.48689 
v -18.9222 1.50515 -4.50622 
v -18.2561 0.908085 -4.54722 
v -17.9547 0.696457 -4.59057 
v -18.6208 1.29353 -4.54957 
v -18.8594 1.60301 -4.54718 
v -18.2013 0.998993 -4.60991 
v -17.8999 0.787365 -4.65326 
v -18.558 1.39138 -4.59054 
v -18.791 1.70404 -4.56485 
v -18.1385 1.09684 -4.65087 
v -17.8371 0.885216 -4.69422 
v -18.4896 1.49241 -4.6082 
v -18.7196 1.80437 -4.55854 
v -18.0701 1.19788 -4.66854 
v -17.7687 0.986252 -4.71189 
v -17.9987 1.29821 -4.66223 
v -17.6973 1.08659 -4.70558 
v -18.4182 1.59275 -4.60189 
v -18.6481 1.90015 -4.5285 
v -17.9272 1.39399 -4.63218 
v -17.6257 1.18237 -4.67554 
v -18.3466 1.68853 -4.57185 
v -18.579 1.9877 -4.47587 
v -18.2776 1.77607 -4.51923 
v -18.5152 2.06364 -4.4027 
v -17.8581 1.48154 -4.57956 
v -17.5567 1.26991 -4.62291 
v -18.2138 1.85201 -4.44605 
v -18.459 2.12506 -4.31177 
v -17.7943 1.55748 -4.50638 
v -17.4929 1.34585 -4.54973 
v -18.1576 1.91343 -4.35513 
v -17.8721 0.753529 -3.30556 
v -18.0987 0.821201 -3.46726 
v -17.9624 0.638958 -3.37443 
v -18.0235 0.916676 -3.40987 
v -17.7784 0.878876 -3.26624 
v -17.9454 1.02113 -3.3771 
v -17.8676 1.13056 -3.37022 
v -17.685 1.01019 -3.25799 
v -17.793 1.24075 -3.38949 
v -17.5955 1.14241 -3.2811 
v -17.7245 1.34746 -3.43416 
v -17.5133 1.27047 -3.33471 
v -17.6647 1.44661 -3.50253 
v -17.4416 1.38945 -3.41675 
v -17.383 1.49476 -3.52407 
v -17.6159 1.53437 -3.59196 
v -17.34 1.58237 -3.65253 
v -17.5801 1.60738 -3.69901 
v -17.3141 1.64891 -3.79721 
v -17.5585 1.66283 -3.81958 
v -17.3063 1.69181 -3.95255 
v -17.552 1.69858 -3.94903 
v -17.3063 1.69181 -3.95255 
v -17.5609 1.71327 -4.08238 
v -17.552 1.69858 -3.94903 
v -17.317 1.70945 -4.11257 
v -17.5847 1.70633 -4.21451 
v -17.3456 1.70112 -4.27113 
v -17.6227 1.67803 -4.34034 
v -17.3912 1.66715 -4.42213 
v -17.6733 1.62945 -4.45505 
v -17.4519 1.60886 -4.55977 
v -17.5255 1.52848 -4.67876 
v -17.7346 1.56247 -4.5542 
v -17.609 1.42909 -4.77453 
v -17.8042 1.47964 -4.63401 
v -17.6994 1.31452 -4.8434 
v -17.8795 1.38417 -4.6914 
v -17.793 1.18917 -4.88272 
v -17.9576 1.27971 -4.72416 
v -18.0354 1.17029 -4.73105 
v -17.8864 1.05787 -4.89097 
v -18.11 1.0601 -4.71178 
v -17.9759 0.925636 -4.86785 
v -18.1785 0.953384 -4.66711 
v -18.0581 0.797577 -4.81425 
v -18.2383 0.85424 -4.59874 
v -18.1299 0.678604 -4.73221 
v -17.8518 2.19012 -3.93822 
v -18.8054 0.881607 -4.18077 
v -18.8153 0.88097 -4.13852 
v -17.8617 2.18948 -3.89596 
v -17.8355 2.18566 -3.97819 
v -18.7891 0.877148 -4.22074 
v -17.8134 2.17627 -4.01435 
v -18.7671 0.867764 -4.2569 
v -18.74 0.853809 -4.28785 
v -17.7864 2.16232 -4.0453 
v -18.7091 0.835827 -4.31241 
v -17.7555 2.14434 -4.06986 
v -18.6755 0.814503 -4.32963 
v -17.7219 2.12301 -4.08708 
v -18.6404 0.790661 -4.33886 
v -17.6868 2.09917 -4.09631 
v -18.6053 0.765217 -4.33973 
v -17.6517 2.07373 -4.09718 
v -18.5714 0.739143 -4.33222 
v -17.6178 2.04765 -4.08966 
v -18.5401 0.713448 -4.3166 
v -17.5865 2.02196 -4.07405 
v -18.5126 0.689117 -4.29349 
v -17.559 1.99763 -4.05094 
v -17.5363 1.97559 -4.02122 
v -18.4899 0.667084 -4.26377 
v -17.5194 1.95671 -3.98603 
v -18.473 0.648197 -4.22858 
v -17.5088 1.94169 -3.94672 
v -18.4624 0.633183 -4.18928 
v -17.5049 1.93113 -3.90481 
v -18.4585 0.622612 -4.14737 
v -17.508 1.92541 -3.86191 
v -18.4616 0.616901 -4.10446 
v -19.9583 -0.700333 -4.474 
v -20.6166 -1.60359 -4.64144 
v -20.6265 -1.60423 -4.59919 
v -19.9682 -0.700974 -4.43175 
v -19.942 -0.704792 -4.51398 
v -20.6003 -1.60805 -4.68141 
v -19.92 -0.71418 -4.55013 
v -20.5782 -1.61744 -4.71757 
v -20.5512 -1.63139 -4.74852 
v -19.8929 -0.728134 -4.58109 
v -20.5203 -1.64937 -4.77308 
v -19.862 -0.746117 -4.60565 
v -20.4867 -1.67069 -4.7903 
v -19.8284 -0.767437 -4.62287 
v -20.4516 -1.69453 -4.79953 
v -19.7933 -0.791279 -4.6321 
v -20.4165 -1.71998 -4.8004 
v -19.7582 -0.816727 -4.63297 
v -20.3826 -1.74605 -4.79289 
v -19.7243 -0.842796 -4.62545 
v -20.3513 -1.77175 -4.77727 
v -19.693 -0.868492 -4.60984 
v -20.3238 -1.79608 -4.75416 
v -19.6655 -0.892826 -4.58673 
v -19.6428 -0.914856 -4.55701 
v -20.3011 -1.81811 -4.72444 
v -19.6259 -0.933746 -4.52182 
v -20.2842 -1.837 -4.68925 
v -19.6153 -0.948761 -4.48251 
v -20.2736 -1.85202 -4.64995 
v -19.6114 -0.959328 -4.4406 
v -20.2697 -1.86258 -4.60803 
v -19.6145 -0.965042 -4.3977 
v -20.2728 -1.8683 -4.56513 
v -18.9752 1.65244 -4.63876 
v -18.9851 1.8359 -4.73084 
v -18.895 1.77091 -4.65948 
v -18.9748 2.04208 -4.79332 
v -19.0752 1.90089 -4.80219 
v -18.8931 1.96532 -4.7227 
v -18.8113 1.88856 -4.65208 
v -18.7274 2.00087 -4.61685 
v -18.8008 2.08886 -4.68395 
v -18.8741 2.17685 -4.75104 
v -18.6465 2.10352 -4.55515 
v -18.7117 2.20178 -4.61607 
v -18.777 2.30003 -4.677 
v -18.5716 2.19257 -4.46934 
v -18.6294 2.29973 -4.52168 
v -18.6871 2.40689 -4.57403 
v -18.608 2.49332 -4.44609 
v -18.5569 2.37896 -4.40441 
v -18.5057 2.2646 -4.36272 
v -18.5428 2.556 -4.2981 
v -18.497 2.43641 -4.26875 
v -18.4513 2.31683 -4.2394 
v -18.4938 2.59251 -4.13574 
v -18.4521 2.46989 -4.11992 
v -18.4105 2.34726 -4.1041 
v -18.463 2.60146 -3.96527 
v -18.4239 2.47809 -3.96365 
v -18.3848 2.35472 -3.96203 
v -18.4515 2.58251 -3.79321 
v -18.4134 2.46072 -3.80593 
v -18.3753 2.33892 -3.81866 
v -18.4599 2.53638 -3.6262 
v -18.4211 2.41843 -3.65284 
v -18.3822 2.30048 -3.67948 
v -18.4055 2.24086 -3.54984 
v -18.4466 2.35285 -3.51024 
v -18.4877 2.46484 -3.47064 
v -19.2747 1.1884 -3.58347 
v -19.1039 1.2345 -3.49309 
v -19.2149 1.24585 -3.44781 
v -19.3911 1.19453 -3.55052 
v -19.3259 1.25721 -3.40253 
v -19.2468 1.34363 -3.2746 
v -19.1424 1.32508 -3.33053 
v -19.038 1.30653 -3.38648 
v -19.1569 1.45049 -3.17163 
v -19.06 1.42303 -3.23615 
v -18.9631 1.39558 -3.30067 
v -19.0598 1.57367 -3.09758 
v -18.971 1.53595 -3.16827 
v -18.9591 1.70845 -3.0553 
v -18.8822 1.49823 -3.23896 
v -18.8787 1.65949 -3.12952 
v -18.7982 1.61054 -3.20373 
v -18.5119 0.610363 -4.11259 
v -19.6279 -0.919792 -4.43286 
v -18.5093 0.615124 -4.14834 
v -19.6305 -0.924553 -4.39711 
v -19.6311 -0.910988 -4.46779 
v -18.5125 0.623932 -4.18327 
v -19.64 -0.898472 -4.50054 
v -18.5214 0.636444 -4.21602 
v -19.6541 -0.882732 -4.52987 
v -18.5355 0.652184 -4.24535 
v -19.673 -0.864372 -4.55464 
v -18.5544 0.670544 -4.27012 
v -18.5773 0.690823 -4.28937 
v -19.6959 -0.844097 -4.5739 
v -18.6034 0.712234 -4.30239 
v -19.722 -0.822685 -4.58691 
v -18.6316 0.733959 -4.30865 
v -19.7502 -0.800957 -4.59317 
v -18.6609 0.755165 -4.30792 
v -19.7795 -0.779755 -4.59244 
v -18.6901 0.775032 -4.30023 
v -19.8087 -0.759884 -4.58476 
v -18.7181 0.792801 -4.28588 
v -19.8368 -0.742115 -4.5704 
v -18.7439 0.807789 -4.26541 
v -19.8625 -0.727131 -4.54994 
v -18.7664 0.819416 -4.23962 
v -19.8851 -0.715504 -4.52414 
v -19.9034 -0.70768 -4.49401 
v -18.7848 0.82724 -4.20949 
v -19.917 -0.703964 -4.4607 
v -18.7984 0.830956 -4.17618 
v -19.9252 -0.704498 -4.42549 
v -18.8066 0.830421 -4.14097 
v -18.8153 0.88097 -4.13852 
v -17.8647 2.18377 -3.85306 
v -17.8617 2.18948 -3.89596 
v -18.8184 0.875256 -4.09561 
v -17.8609 2.1732 -3.81115 
v -18.8145 0.864689 -4.05371 
v -18.8039 0.84967 -4.0144 
v -17.8503 2.15818 -3.77184 
v -18.7869 0.830784 -3.97921 
v -17.8333 2.13929 -3.73666 
v -18.7643 0.80875 -3.94949 
v -17.8106 2.11726 -3.70693 
v -18.7368 0.78442 -3.92638 
v -17.7831 2.09293 -3.68382 
v -18.7055 0.758724 -3.91076 
v -17.7519 2.06724 -3.66821 
v -18.6716 0.732655 -3.90325 
v -17.718 2.04116 -3.6607 
v -18.6365 0.707207 -3.90412 
v -17.6829 2.01572 -3.66157 
v -18.6014 0.683365 -3.91334 
v -17.6478 1.99187 -3.67079 
v -18.5678 0.662045 -3.93057 
v -17.6142 1.97055 -3.68801 
v -18.5369 0.644058 -3.95513 
v -17.5832 1.95257 -3.71258 
v -18.5098 0.630108 -3.98608 
v -17.5562 1.93862 -3.74353 
v -18.4878 0.62072 -4.02224 
v -17.5341 1.92923 -3.77969 
v -18.4715 0.616261 -4.06221 
v -17.5179 1.92477 -3.81966 
v -18.4616 0.616901 -4.10446 
v -17.508 1.92541 -3.86191 
v -20.6265 -1.60423 -4.59919 
v -19.9713 -0.706688 -4.38885 
v -19.9682 -0.700974 -4.43175 
v -20.6295 -1.60994 -4.55628 
v -19.9674 -0.717255 -4.34694 
v -20.6257 -1.62051 -4.51437 
v -20.6151 -1.63552 -4.47507 
v -19.9568 -0.732269 -4.30764 
v -20.5981 -1.65441 -4.43988 
v -19.9398 -0.751156 -4.27245 
v -20.5755 -1.67645 -4.41016 
v -19.9172 -0.77319 -4.24273 
v -20.5479 -1.70078 -4.38704 
v -19.8897 -0.79752 -4.21961 
v -20.5167 -1.72647 -4.37143 
v -19.8584 -0.823215 -4.204 
v -20.4828 -1.75254 -4.36392 
v -19.8245 -0.849289 -4.19649 
v -20.4477 -1.77799 -4.36479 
v -19.7894 -0.874733 -4.19736 
v -20.4126 -1.80183 -4.37401 
v -19.7543 -0.898575 -4.20658 
v -20.379 -1.82315 -4.39124 
v -19.7207 -0.919899 -4.22381 
v -20.348 -1.84114 -4.4158 
v -19.6898 -0.937881 -4.24837 
v -20.321 -1.85509 -4.44675 
v -19.6627 -0.951836 -4.27932 
v -20.2989 -1.86448 -4.48291 
v -19.6407 -0.96122 -4.31548 
v -20.2827 -1.86893 -4.52288 
v -19.6244 -0.965679 -4.35545 
v -20.2728 -1.8683 -4.56513 
v -19.6145 -0.965042 -4.3977 
v -19.9278 -0.709259 -4.38974 
v -18.806 0.816853 -4.07029 
v -18.8092 0.825661 -4.10522 
v -18.8066 0.830421 -4.14097 
v -19.9252 -0.704498 -4.42549 
v -19.9246 -0.718063 -4.35481 
v -19.9158 -0.730576 -4.32206 
v -18.7971 0.80434 -4.03754 
v -19.9016 -0.746315 -4.29273 
v -18.783 0.788601 -4.00821 
v -19.8827 -0.764679 -4.26797 
v -18.7641 0.770241 -3.98345 
v -19.8598 -0.784954 -4.2487 
v -18.7412 0.749966 -3.96419 
v -19.8337 -0.806366 -4.2357 
v -18.7151 0.728554 -3.95117 
v -19.8055 -0.828091 -4.22943 
v -18.6869 0.706825 -3.94491 
v -19.7762 -0.849297 -4.23016 
v -18.6576 0.685619 -3.94564 
v -19.747 -0.869167 -4.23784 
v -18.6284 0.665752 -3.95333 
v -19.719 -0.886936 -4.2522 
v -18.6004 0.647984 -3.96768 
v -19.6932 -0.90192 -4.27267 
v -18.5746 0.632999 -3.98815 
v -19.6707 -0.913548 -4.29846 
v -18.5521 0.621368 -4.01394 
v -19.6523 -0.921371 -4.32859 
v -18.5337 0.613548 -4.04407 
v -19.6387 -0.925087 -4.3619 
v -18.5201 0.609833 -4.07738 
v -19.6305 -0.924553 -4.39711 
v -18.5119 0.610363 -4.11259 
v -17.5434 0.508949 -3.31568 
v -17.7782 0.563652 -3.47108 
v -17.6405 0.385769 -3.38973 
v -17.6973 0.666302 -3.40938 
v -17.4427 0.643723 -3.27341 
v -17.6134 0.778614 -3.37415 
v -17.5297 0.896267 -3.36675 
v -17.3423 0.784904 -3.26453 
v -17.4495 1.01474 -3.38747 
v -17.246 0.927074 -3.28939 
v -17.3758 1.12948 -3.4355 
v -17.1576 1.06476 -3.34703 
v -17.3116 1.23608 -3.509 
v -17.0805 1.19268 -3.43524 
v -17.0176 1.30592 -3.55062 
v -17.2591 1.33044 -3.60516 
v -16.9713 1.40011 -3.68874 
v -17.2206 1.40894 -3.72026 
v -16.9435 1.47165 -3.8443 
v -17.1974 1.46856 -3.84989 
v -17.1904 1.507 -3.98907 
v -16.9351 1.51779 -4.01132 
v -19.2115 1.87659 -3.01415 
v -19.0396 1.95945 -3.09579 
v -19.1128 2.01535 -3.00542 
v -19.1293 1.83329 -3.10372 
v -19.2937 1.91988 -2.92457 
v -18.9536 2.08648 -3.11799 
v -19.186 2.07126 -2.91505 
v -19.0182 2.15509 -3.02985 
v -18.8746 2.20951 -3.1695 
v -19.0828 2.22371 -2.94171 
v -18.9314 2.29043 -3.0865 
v -18.8057 2.32381 -3.24832 
v -18.9881 2.37135 -3.00351 
v -18.8555 2.41616 -3.1732 
v -18.9054 2.50851 -3.09809 
v -18.8379 2.62992 -3.22181 
v -18.7937 2.52746 -3.28661 
v -18.7883 2.73093 -3.36992 
v -18.7495 2.425 -3.35142 
v -18.7482 2.62004 -3.42238 
v -18.7082 2.50916 -3.47484 
v -18.9956 0.971977 -4.07545 
v -18.8639 0.953899 -3.94385 
v -18.9858 0.955814 -3.92876 
v -18.8727 0.96859 -4.0772 
v -18.8662 1.00435 -4.20665 
v -18.84 0.960842 -3.81172 
v -19.1184 0.975361 -4.07368 
v -18.9884 1.01131 -4.21784 
v -18.8446 1.0598 -4.32722 
v -19.1078 0.957729 -3.91366 
v -19.1106 1.01826 -4.22902 
v -18.9595 0.963448 -3.78341 
v -18.802 0.989143 -3.68589 
v -19.0791 0.966057 -3.7551 
v -18.9178 0.994583 -3.64499 
v -18.7514 1.03772 -3.57119 
v -19.0335 1.00002 -3.6041 
v -18.9647 1.0723 -4.35046 
v -19.0847 1.0848 -4.3737 
v -18.8088 1.1328 -4.43427 
v -18.8621 1.04802 -3.51882 
v -18.9728 1.05832 -3.46646 
v -18.8993 1.1387 -3.34747 
v -18.9252 1.15261 -4.46822 
v -18.76 1.22057 -4.5237 
v -19.0417 1.17241 -4.50216 
v -18.8716 1.24915 -4.56659 
v -18.9832 1.27773 -4.60948 
v -18.9114 1.3967 -4.69151 
v -18.8058 1.35821 -4.64179 
v -18.2651 0.376232 -4.19641 
v -18.3421 0.587574 -4.0189 
v -18.351 0.602264 -4.15225 
v -18.3445 0.63802 -4.28169 
v -18.2545 0.358604 -4.03639 
v -18.2573 0.41914 -4.35175 
v -18.3182 0.594513 -3.88676 
v -18.3229 0.693466 -4.40226 
v -18.2258 0.366932 -3.87783 
v -18.2314 0.485676 -4.49643 
v -18.2803 0.622814 -3.76093 
v -18.287 0.766476 -4.50931 
v -18.1802 0.400894 -3.72683 
v -18.1884 0.573288 -4.6249 
v -18.2383 0.85424 -4.59874 
v -18.1299 0.678604 -4.73221 
v -18.2297 0.671394 -3.64623 
v -18.1195 0.45919 -3.58919 
v -18.046 0.539574 -3.4702 
v -18.1684 0.73838 -3.54707 
v -16.9351 1.51779 -4.01132 
v -17.1999 1.52279 -4.13245 
v -17.1904 1.507 -3.98907 
v -16.9465 1.53674 -4.18337 
v -17.2256 1.51534 -4.27452 
v -16.9773 1.52779 -4.35385 
v -17.2664 1.4849 -4.40981 
v -17.0263 1.49127 -4.51621 
v -17.3208 1.43267 -4.53314 
v -17.0916 1.42859 -4.66419 
v -17.3867 1.36065 -4.63975 
v -17.1707 1.34217 -4.79214 
v -17.2605 1.23531 -4.89511 
v -17.4616 1.2716 -4.72556 
v -17.3577 1.11213 -4.96915 
v -17.5426 1.16895 -4.78727 
v -17.4584 0.977352 -5.01142 
v -17.6265 1.05664 -4.8225 
v -17.7102 0.938984 -4.82989 
v -17.5588 0.83617 -5.0203 
v -17.7904 0.820511 -4.80918 
v -17.655 0.694 -4.99544 
v -17.864 0.705769 -4.76114 
v -17.7434 0.556313 -4.9378 
v -17.8205 0.428394 -4.8496 
v -17.9283 0.599171 -4.68764 
v -19.3584 1.16409 -4.04629 
v -19.2343 1.16018 -4.03716 
v -19.3479 1.14672 -3.88857 
v -19.2248 1.14438 -3.89378 
v -19.1991 1.15184 -3.75171 
v -19.2273 1.19862 -4.17634 
v -19.3196 1.15493 -3.73229 
v -19.4709 1.14906 -3.88336 
v -19.1583 1.18227 -3.61642 
v -19.4824 1.16801 -4.05541 
v -19.4401 1.15801 -3.71288 
v -19.3507 1.20638 -4.19938 
v -19.474 1.21415 -4.22243 
v -19.2041 1.25824 -4.30597 
v -19.3251 1.27196 -4.34198 
v -19.1656 1.33673 -4.42107 
v -19.4462 1.28569 -4.37799 
v -19.2827 1.35831 -4.46859 
v -19.1131 1.4311 -4.51723 
v -19.3999 1.37988 -4.51611 
v -19.2251 1.4621 -4.57436 
v -19.0489 1.5377 -4.59073 
v -19.337 1.49311 -4.63149 
v -19.1544 1.57936 -4.65521 
v -19.2598 1.62104 -4.7197 
v -19.1715 1.75872 -4.77734 
v -19.0733 1.70558 -4.70805 
v -18.326 1.84597 -4.55897 
v -18.5571 1.53662 -4.65601 
v -18.4793 1.64604 -4.64913 
v -18.4013 1.7505 -4.61636 
v -18.6317 1.42643 -4.63674 
v -18.2564 1.92879 -4.47916 
v -18.0826 2.0796 -4.00734 
v -18.1951 1.99578 -4.38 
v -18.1065 2.07266 -4.13947 
v -18.1445 2.04436 -4.2653 
v -18.0802 2.02916 -3.74454 
v -18.0737 2.06491 -3.87398 
v -18.1018 1.97371 -3.62397 
v -18.1377 1.9007 -3.51692 
v -18.2462 1.71379 -3.35912 
v -18.1864 1.81293 -3.42749 
v -18.5452 1.283 -3.33483 
v -18.3893 1.49688 -3.29518 
v -18.3147 1.60707 -3.31445 
v -18.4671 1.38746 -3.30206 
v -18.84 0.960842 -3.81172 
v -18.6205 1.18753 -3.39222 
v -18.6901 1.10471 -3.47202 
v -18.7514 1.03772 -3.57119 
v -18.802 0.989143 -3.68589 
v -18.8727 0.96859 -4.0772 
v -18.8639 0.953899 -3.94385 
v -18.8662 1.00435 -4.20665 
v -18.8088 1.1328 -4.43427 
v -18.8446 1.0598 -4.32722 
v -18.7002 1.31971 -4.59207 
v -18.76 1.22057 -4.5237 
v -17.5384 0.209789 -3.56546 
v -17.3263 0.112965 -3.36278 
v -17.4581 0.305275 -3.47345 
v -17.2221 0.245049 -3.28338 
v -17.3713 0.415344 -3.40729 
v -17.1142 0.389557 -3.23805 
v -17.2813 0.53577 -3.36951 
v -17.1916 0.661922 -3.36158 
v -17.0065 0.540943 -3.22853 
v -17.1056 0.788956 -3.38379 
v -16.9033 0.693382 -3.25519 
v -17.0266 0.911991 -3.43529 
v -16.8085 0.841022 -3.31699 
v -16.9577 1.02629 -3.51411 
v -16.7258 0.978188 -3.41157 
v -16.6584 1.0996 -3.53529 
v -16.9015 1.12747 -3.61721 
v -16.6087 1.20061 -3.6834 
v -16.8602 1.21164 -3.74063 
v -16.5789 1.27732 -3.8502 
v -16.8353 1.27557 -3.87963 
v -18.0495 0.328251 -4.20757 
v -17.9545 0.0843353 -4.10147 
v -18.0399 0.312454 -4.0642 
v -18.0143 0.319916 -3.92213 
v -17.966 0.103291 -4.27352 
v -17.9237 0.0932884 -3.93098 
v -18.0425 0.366695 -4.34675 
v -17.9734 0.350346 -3.78683 
v -17.9576 0.149422 -4.44053 
v -17.8747 0.129803 -3.76863 
v -18.0193 0.426311 -4.47639 
v -17.919 0.402576 -3.66351 
v -17.9297 0.220963 -4.59609 
v -17.8094 0.192482 -3.62064 
v -17.9807 0.50481 -4.59149 
v -17.7303 0.278912 -3.4927 
v -17.8835 0.315159 -4.73422 
v -17.9283 0.599171 -4.68764 
v -17.8205 0.428394 -4.8496 
v -17.8531 0.474602 -3.55689 
v -19.7259 1.34539 -3.99716 
v -19.5867 1.33345 -3.84363 
v -19.7146 1.32676 -3.82804 
v -19.5969 1.35038 -3.99736 
v -19.5894 1.39161 -4.1466 
v -19.5592 1.34145 -3.69129 
v -19.8548 1.34039 -3.99695 
v -19.7176 1.39073 -4.16132 
v -19.5646 1.45553 -4.2856 
v -19.8426 1.32007 -3.81246 
v -19.8458 1.38986 -4.17603 
v -19.6843 1.33556 -3.66048 
v -19.5154 1.37408 -3.54622 
v -19.8095 1.32967 -3.62966 
v -19.6362 1.37145 -3.5009 
v -19.4571 1.43008 -3.41398 
v -19.757 1.36882 -3.45558 
v -19.572 1.43306 -3.35544 
v -19.687 1.43603 -3.29689 
v -19.6022 1.52871 -3.15971 
v -19.4943 1.51801 -3.22968 
v -19.3864 1.50731 -3.29967 
v -19.5059 1.64328 -3.0493 
v -19.406 1.62304 -3.12848 
v -19.3061 1.60279 -3.20765 
v -19.4017 1.77537 -2.9699 
v -19.3105 1.74412 -3.0557 
v -19.2937 1.91988 -2.92457 
v -19.2193 1.71286 -3.14149 
v -19.2115 1.87659 -3.01415 
v -19.1293 1.83329 -3.10372 
v -16.8353 1.27557 -3.87963 
v -16.5699 1.32678 -4.02928 
v -16.8278 1.31679 -4.02887 
v -16.5789 1.27732 -3.8502 
v -16.838 1.33372 -4.18261 
v -16.5822 1.34711 -4.21377 
v -16.8655 1.32573 -4.33494 
v -16.6152 1.33751 -4.39657 
v -16.9093 1.29309 -4.48001 
v -16.6677 1.29835 -4.57065 
v -16.9677 1.23709 -4.61225 
v -16.7377 1.23114 -4.72934 
v -16.8225 1.13847 -4.86652 
v -17.0383 1.15986 -4.72657 
v -16.9189 1.02389 -4.97693 
v -17.1186 1.06438 -4.81857 
v -17.023 0.891808 -5.05633 
v -17.2054 0.954308 -4.88474 
v -17.131 0.747295 -5.10166 
v -17.2954 0.833881 -4.92251 
v -17.3851 0.707729 -4.93044 
v -17.2387 0.595909 -5.11118 
v -17.4711 0.580696 -4.90824 
v -17.3419 0.44347 -5.08452 
v -17.5501 0.457664 -4.85673 
v -17.4366 0.29583 -5.02272 
v -17.619 0.343361 -4.77791 
v -17.5193 0.158669 -4.92814 
v -17.5609 1.71327 -4.08238 
v -18.3182 0.594513 -3.88676 
v -18.0235 0.916676 -3.40987 
v -18.351 0.602264 -4.15225 
v -18.3421 0.587574 -4.0189 
v -18.3445 0.63802 -4.28169 
v -18.2297 0.671394 -3.64623 
v -18.2803 0.622814 -3.76093 
v -18.1684 0.73838 -3.54707 
v -18.0987 0.821201 -3.46726 
v -18.287 0.766476 -4.50931 
v -18.3229 0.693466 -4.40226 
v -18.1785 0.953384 -4.66711 
v -18.2383 0.85424 -4.59874 
v -18.11 1.0601 -4.71178 
v -17.8676 1.13056 -3.37022 
v -17.9454 1.02113 -3.3771 
v -17.7245 1.34746 -3.43416 
v -17.793 1.24075 -3.38949 
v -17.6159 1.53437 -3.59196 
v -17.6647 1.44661 -3.50253 
v -17.5801 1.60738 -3.69901 
v -17.5585 1.66283 -3.81958 
v -17.552 1.69858 -3.94903 
v -17.7346 1.56247 -4.5542 
v -17.6733 1.62945 -4.45505 
v -17.5847 1.70633 -4.21451 
v -17.6227 1.67803 -4.34034 
v -17.8042 1.47964 -4.63401 
v -18.0354 1.17029 -4.73105 
v -17.9576 1.27971 -4.72416 
v -17.8795 1.38417 -4.6914 
v -18.7482 2.62004 -3.42238 
v -18.7082 2.50916 -3.47484 
v -18.7209 2.69036 -3.57528 
v -18.6833 2.57309 -3.61384 
v -18.7584 2.80764 -3.53672 
v -18.7883 2.73093 -3.36992 
v -18.7495 2.85711 -3.7158 
v -18.7126 2.73571 -3.73944 
v -18.6758 2.61431 -3.76307 
v -18.686 2.63125 -3.91681 
v -18.7239 2.75434 -3.90855 
v -18.7617 2.87743 -3.90029 
v -18.7135 2.62325 -4.06915 
v -18.7541 2.74554 -4.07612 
v -18.7948 2.86783 -4.08309 
v -18.7573 2.59062 -4.21422 
v -18.8023 2.70964 -4.2357 
v -18.8473 2.82867 -4.25717 
v -18.8157 2.53461 -4.34646 
v -18.8665 2.64804 -4.38116 
v -18.9173 2.76147 -4.41586 
v -19.0021 2.66879 -4.55304 
v -18.9442 2.56309 -4.50691 
v -18.8863 2.45739 -4.46078 
v -19.0984 2.55421 -4.66345 
v -19.0325 2.45806 -4.60812 
v -18.9666 2.3619 -4.55278 
v -19.2026 2.42213 -4.74285 
v -19.128 2.33698 -4.6809 
v -19.0534 2.25183 -4.61894 
v -19.3106 2.27761 -4.78818 
v -19.227 2.20451 -4.72245 
v -19.1434 2.1314 -4.65672 
v -19.2331 2.00525 -4.66465 
v -19.3257 2.06574 -4.73118 
v -19.4182 2.12623 -4.7977 
v -19.3191 1.87822 -4.64244 
v -19.4203 1.926 -4.70674 
v -19.5214 1.97379 -4.77104 
v -19.3981 1.75518 -4.59094 
v -19.5071 1.79067 -4.65009 
v -19.6162 1.82615 -4.70924 
v -19.467 1.64088 -4.51212 
v -19.583 1.66494 -4.56339 
v -19.6989 1.68899 -4.61466 
v -19.7664 1.56757 -4.49094 
v -19.6448 1.55364 -4.44998 
v -19.5232 1.5397 -4.40902 
v -19.816 1.46657 -4.34283 
v -19.6903 1.46105 -4.31421 
v -17.6753 -0.18993 -4.31043 
v -17.7387 0.0359268 -4.10942 
v -17.7489 0.0528641 -4.26315 
v -17.7415 0.0940857 -4.41239 
v -17.663 -0.210251 -4.12594 
v -17.6663 -0.140461 -4.48951 
v -17.7112 0.0439262 -3.95709 
v -17.7166 0.158009 -4.55139 
v -17.63 -0.200653 -3.94314 
v -17.6364 -0.0637512 -4.65631 
v -17.6674 0.0765572 -3.81201 
v -17.6752 0.24218 -4.67481 
v -17.5774 -0.161495 -3.76906 
v -17.5868 0.0372505 -4.80442 
v -17.619 0.343361 -4.77791 
v -17.5193 0.158669 -4.92814 
v -17.6091 0.132561 -3.67978 
v -17.5074 -0.0942917 -3.61037 
v -17.4226 -0.00161743 -3.47319 
v -19.9682 -0.700974 -4.43175 
v -19.9278 -0.709259 -4.38974 
v -19.9252 -0.704498 -4.42549 
v -19.9713 -0.706688 -4.38885 
v -19.9583 -0.700333 -4.474 
v -19.9674 -0.717255 -4.34694 
v -19.917 -0.703964 -4.4607 
v -19.9246 -0.718063 -4.35481 
v -19.942 -0.704792 -4.51398 
v -19.9568 -0.732269 -4.30764 
v -19.9034 -0.70768 -4.49401 
v -19.9158 -0.730576 -4.32206 
v -19.8851 -0.715504 -4.52414 
v -19.9398 -0.751156 -4.27245 
v -19.92 -0.71418 -4.55013 
v -19.9016 -0.746315 -4.29273 
v -19.8625 -0.727131 -4.54994 
v -19.9172 -0.77319 -4.24273 
v -19.8929 -0.728134 -4.58109 
v -19.8827 -0.764679 -4.26797 
v -19.8368 -0.742115 -4.5704 
v -19.8598 -0.784954 -4.2487 
v -19.862 -0.746117 -4.60565 
v -19.8897 -0.79752 -4.21961 
v -19.8087 -0.759884 -4.58476 
v -19.8337 -0.806366 -4.2357 
v -19.8284 -0.767437 -4.62287 
v -19.8584 -0.823215 -4.204 
v -19.7795 -0.779755 -4.59244 
v -19.8055 -0.828091 -4.22943 
v -19.7933 -0.791279 -4.6321 
v -19.8245 -0.849289 -4.19649 
v -19.7502 -0.800957 -4.59317 
v -19.7762 -0.849297 -4.23016 
v -19.7582 -0.816727 -4.63297 
v -19.7894 -0.874733 -4.19736 
v -19.722 -0.822685 -4.58691 
v -19.747 -0.869167 -4.23784 
v -19.7243 -0.842796 -4.62545 
v -19.7543 -0.898575 -4.20658 
v -19.6959 -0.844097 -4.5739 
v -19.719 -0.886936 -4.2522 
v -19.693 -0.868492 -4.60984 
v -19.7207 -0.919899 -4.22381 
v -19.673 -0.864372 -4.55464 
v -19.6932 -0.90192 -4.27267 
v -19.6655 -0.892826 -4.58673 
v -19.6898 -0.937881 -4.24837 
v -19.6541 -0.882732 -4.52987 
v -19.6707 -0.913548 -4.29846 
v -19.6428 -0.914856 -4.55701 
v -19.6627 -0.951836 -4.27932 
v -19.64 -0.898472 -4.50054 
v -19.6523 -0.921371 -4.32859 
v -19.6259 -0.933746 -4.52182 
v -19.6407 -0.96122 -4.31548 
v -19.6153 -0.948761 -4.48251 
v -19.6387 -0.925087 -4.3619 
v -19.6311 -0.910988 -4.46779 
v -19.6244 -0.965679 -4.35545 
v -19.6279 -0.919792 -4.43286 
v -19.6305 -0.924553 -4.39711 
v -19.6114 -0.959328 -4.4406 
v -19.6145 -0.965042 -4.3977 

vn -0.598425 -0.622047 -0.503937 
vn -0.535433 -0.377953 -0.755906 
vn -0.543307 -0.661417 -0.519685 
vn -0.433071 -0.448819 -0.779528 
vn -0.645669 -0.314961 -0.700787 
vn -0.480315 -0.708661 -0.519685 
vn -0.322835 -0.527559 -0.787402 
vn -0.212598 -0.614173 -0.76378 
vn -0.417323 -0.755906 -0.503937 
vn -0.362205 -0.795276 -0.480315 
vn -0.11811 -0.692913 -0.716535 
vn -0.0314961 -0.76378 -0.645669 
vn -0.314961 -0.84252 -0.440945 
vn -0.275591 -0.88189 -0.385827 
vn 0.0393701 -0.834646 -0.551181 
vn 0.0866142 -0.889764 -0.440945 
vn -0.244094 -0.913386 -0.322835 
vn 0.125984 -0.937008 -0.314961 
vn -0.228346 -0.937008 -0.259843 
vn 0.133858 -0.976378 -0.188976 
vn -0.220472 -0.96063 -0.181102 
vn 0.125984 -0.992126 -0.0551181 
vn -0.228346 -0.968504 -0.110236 
vn 0.0944882 -0.992126 0.0787402 
vn -0.244094 -0.968504 -0.0314961 
vn 0.0472441 -0.976378 0.19685 
vn -0.267717 -0.96063 0.0393701 
vn -0.023622 -0.952756 0.314961 
vn -0.472441 -0.850394 0.228346 
vn -0.307087 -0.944882 0.102362 
vn -0.110236 -0.905512 0.409449 
vn -0.354331 -0.92126 0.15748 
vn -0.204724 -0.850394 0.488189 
vn -0.409449 -0.889764 0.19685 
vn -0.307087 -0.787402 0.535433 
vn -0.535433 -0.811024 0.244094 
vn -0.417323 -0.708661 0.566929 
vn -0.527559 -0.629921 0.566929 
vn -0.590551 -0.76378 0.244094 
vn -0.629921 -0.551181 0.543307 
vn -0.653543 -0.716535 0.23622 
vn -0.732283 -0.472441 0.496063 
vn -0.708661 -0.677165 0.204724 
vn -0.755906 -0.629921 0.165354 
vn -0.811024 -0.393701 0.425197 
vn -0.795276 -0.590551 0.110236 
vn -0.88189 -0.322835 0.330709 
vn -0.826772 -0.559055 0.0551181 
vn -0.937008 -0.267717 0.228346 
vn -0.84252 -0.535433 -0.015748 
vn -0.968504 -0.220472 0.102362 
vn -0.850394 -0.511811 -0.0944882 
vn -0.984252 -0.188976 -0.023622 
vn -0.850394 -0.503937 -0.165354 
vn -0.968504 -0.173228 -0.15748 
vn -0.826772 -0.503937 -0.244094 
vn -0.944882 -0.165354 -0.291339 
vn -0.80315 -0.511811 -0.307087 
vn -0.889764 -0.181102 -0.417323 
vn -0.76378 -0.527559 -0.377953 
vn -0.818898 -0.212598 -0.527559 
vn -0.716535 -0.551181 -0.425197 
vn -0.740157 -0.251969 -0.622047 
vn -0.661417 -0.582677 -0.472441 
vn 0.811024 -0.566929 -0.11811 
vn 0.811024 -0.566929 -0.11811 
vn 0.811024 -0.566929 -0.11811 
vn 0.811024 -0.566929 -0.11811 
vn 0.811024 -0.566929 -0.11811 
vn 0.811024 -0.566929 -0.11811 
vn 0.811024 -0.566929 -0.11811 
vn 0.811024 -0.566929 -0.11811 
vn 0.811024 -0.566929 -0.11811 
vn 0.811024 -0.566929 -0.11811 
vn 0.811024 -0.566929 -0.11811 
vn 0.811024 -0.566929 -0.11811 
vn 0.811024 -0.566929 -0.11811 
vn 0.811024 -0.566929 -0.11811 
vn 0.811024 -0.566929 -0.11811 
vn 0.811024 -0.566929 -0.11811 
vn 0.811024 -0.566929 -0.11811 
vn 0.811024 -0.566929 -0.11811 
vn 0.811024 -0.566929 -0.11811 
vn 0.811024 -0.566929 -0.11811 
vn 0.811024 -0.566929 -0.11811 
vn 0.811024 -0.566929 -0.11811 
vn 0.811024 -0.566929 -0.11811 
vn 0.811024 -0.566929 -0.11811 
vn 0.811024 -0.566929 -0.11811 
vn 0.811024 -0.566929 -0.11811 
vn 0.811024 -0.566929 -0.11811 
vn 0.811024 -0.566929 -0.11811 
vn 0.811024 -0.566929 -0.11811 
vn 0.811024 -0.566929 -0.11811 
vn 0.811024 -0.566929 -0.11811 
vn 0.811024 -0.566929 -0.11811 
vn 0.811024 -0.566929 -0.11811 
vn 0.755906 -0.637795 -0.149606 
vn 0.811024 -0.566929 -0.11811 
vn 0.755906 -0.637795 -0.133858 
vn 0.76378 -0.629921 -0.165354 
vn 0.755906 -0.637795 -0.110236 
vn 0.811024 -0.566929 -0.11811 
vn 0.811024 -0.566929 -0.11811 
vn 0.811024 -0.566929 -0.11811 
vn 0.811024 -0.566929 -0.11811 
vn 0.76378 -0.614173 -0.173228 
vn 0.76378 -0.637795 -0.0944882 
vn 0.771654 -0.606299 -0.188976 
vn 0.76378 -0.637795 -0.0787402 
vn 0.811024 -0.566929 -0.11811 
vn 0.811024 -0.566929 -0.11811 
vn 0.811024 -0.566929 -0.11811 
vn 0.771654 -0.629921 -0.0629921 
vn 0.779528 -0.590551 -0.19685 
vn 0.811024 -0.566929 -0.11811 
vn 0.787402 -0.582677 -0.204724 
vn 0.779528 -0.622047 -0.0472441 
vn 0.811024 -0.566929 -0.11811 
vn 0.811024 -0.566929 -0.11811 
vn 0.811024 -0.566929 -0.11811 
vn 0.811024 -0.566929 -0.11811 
vn 0.795276 -0.566929 -0.204724 
vn 0.787402 -0.614173 -0.0393701 
vn 0.811024 -0.551181 -0.204724 
vn 0.80315 -0.598425 -0.0314961 
vn 0.811024 -0.566929 -0.11811 
vn 0.811024 -0.566929 -0.11811 
vn 0.811024 -0.566929 -0.11811 
vn 0.811024 -0.566929 -0.11811 
vn 0.818898 -0.535433 -0.19685 
vn 0.811024 -0.582677 -0.0314961 
vn 0.826772 -0.527559 -0.188976 
vn 0.818898 -0.566929 -0.0314961 
vn 0.811024 -0.566929 -0.11811 
vn 0.811024 -0.566929 -0.11811 
vn 0.811024 -0.566929 -0.11811 
vn 0.811024 -0.566929 -0.11811 
vn 0.834646 -0.511811 -0.181102 
vn 0.826772 -0.559055 -0.0314961 
vn 0.84252 -0.503937 -0.165354 
vn 0.811024 -0.566929 -0.11811 
vn 0.811024 -0.566929 -0.11811 
vn 0.84252 -0.543307 -0.0393701 
vn 0.811024 -0.566929 -0.11811 
vn 0.811024 -0.566929 -0.11811 
vn 0.850394 -0.503937 -0.149606 
vn 0.850394 -0.527559 -0.0472441 
vn 0.811024 -0.566929 -0.11811 
vn 0.811024 -0.566929 -0.11811 
vn 0.858268 -0.496063 -0.141732 
vn 0.850394 -0.519685 -0.0551181 
vn 0.858268 -0.496063 -0.11811 
vn 0.858268 -0.511811 -0.0708661 
vn 0.811024 -0.566929 -0.11811 
vn 0.811024 -0.566929 -0.11811 
vn 0.858268 -0.496063 -0.102362 
vn 0.811024 -0.566929 -0.11811 
vn 0.811024 -0.566929 -0.11811 
vn 0.858268 -0.503937 -0.0866142 
vn 0.708661 -0.700787 -0.0787402 
vn 0.76378 -0.637795 -0.0787402 
vn 0.724409 -0.692913 -0.0472441 
vn 0.771654 -0.629921 -0.0629921 
vn 0.76378 -0.637795 -0.0944882 
vn 0.732283 -0.677165 -0.015748 
vn 0.708661 -0.700787 -0.110236 
vn 0.779528 -0.622047 -0.0472441 
vn 0.755906 -0.637795 -0.110236 
vn 0.748031 -0.661417 0.00787402 
vn 0.700787 -0.692913 -0.141732 
vn 0.787402 -0.614173 -0.0393701 
vn 0.755906 -0.637795 -0.133858 
vn 0.76378 -0.645669 0.023622 
vn 0.708661 -0.685039 -0.173228 
vn 0.787402 -0.622047 0.0393701 
vn 0.755906 -0.637795 -0.149606 
vn 0.80315 -0.598425 -0.0314961 
vn 0.76378 -0.629921 -0.165354 
vn 0.811024 -0.582677 -0.0314961 
vn 0.708661 -0.677165 -0.19685 
vn 0.80315 -0.590551 0.0472441 
vn 0.76378 -0.614173 -0.173228 
vn 0.818898 -0.566929 0.0472441 
vn 0.716535 -0.653543 -0.228346 
vn 0.818898 -0.566929 -0.0314961 
vn 0.732283 -0.637795 -0.251969 
vn 0.826772 -0.559055 -0.0314961 
vn 0.771654 -0.606299 -0.188976 
vn 0.84252 -0.543307 0.0472441 
vn 0.779528 -0.590551 -0.19685 
vn 0.84252 -0.543307 -0.0393701 
vn 0.748031 -0.614173 -0.267717 
vn 0.858268 -0.511811 0.0314961 
vn 0.76378 -0.582677 -0.275591 
vn 0.850394 -0.527559 -0.0472441 
vn 0.787402 -0.582677 -0.204724 
vn 0.874016 -0.488189 0.015748 
vn 0.795276 -0.566929 -0.204724 
vn 0.850394 -0.519685 -0.0551181 
vn 0.779528 -0.559055 -0.283465 
vn 0.88189 -0.472441 -0.00787402 
vn 0.811024 -0.551181 -0.204724 
vn 0.889764 -0.448819 -0.0314961 
vn 0.80315 -0.535433 -0.275591 
vn 0.858268 -0.511811 -0.0708661 
vn 0.818898 -0.535433 -0.19685 
vn 0.858268 -0.503937 -0.0866142 
vn 0.818898 -0.503937 -0.267717 
vn 0.897638 -0.440945 -0.0629921 
vn 0.826772 -0.527559 -0.188976 
vn 0.897638 -0.433071 -0.0944882 
vn 0.834646 -0.480315 -0.259843 
vn 0.858268 -0.496063 -0.102362 
vn 0.834646 -0.511811 -0.181102 
vn 0.858268 -0.496063 -0.11811 
vn 0.850394 -0.464567 -0.23622 
vn 0.897638 -0.425197 -0.125984 
vn 0.84252 -0.503937 -0.165354 
vn 0.858268 -0.496063 -0.141732 
vn 0.866142 -0.448819 -0.212598 
vn 0.889764 -0.425197 -0.15748 
vn 0.850394 -0.503937 -0.149606 
vn 0.88189 -0.433071 -0.188976 
vn 0.874016 -0.488189 0.015748 
vn 0.858268 -0.511811 0.0314961 
vn 0.874016 -0.488189 0.015748 
vn 0.858268 -0.511811 0.0314961 
vn 0.88189 -0.472441 -0.00787402 
vn 0.84252 -0.543307 0.0472441 
vn 0.88189 -0.472441 -0.00787402 
vn 0.84252 -0.543307 0.0472441 
vn 0.889764 -0.448819 -0.0314961 
vn 0.818898 -0.566929 0.0472441 
vn 0.889764 -0.448819 -0.0314961 
vn 0.818898 -0.566929 0.0472441 
vn 0.897638 -0.440945 -0.0629921 
vn 0.80315 -0.590551 0.0472441 
vn 0.897638 -0.440945 -0.0629921 
vn 0.80315 -0.590551 0.0472441 
vn 0.897638 -0.433071 -0.0944882 
vn 0.787402 -0.622047 0.0393701 
vn 0.897638 -0.433071 -0.0944882 
vn 0.787402 -0.622047 0.0393701 
vn 0.897638 -0.425197 -0.125984 
vn 0.76378 -0.645669 0.023622 
vn 0.897638 -0.425197 -0.125984 
vn 0.76378 -0.645669 0.023622 
vn 0.889764 -0.425197 -0.15748 
vn 0.748031 -0.661417 0.00787402 
vn 0.889764 -0.425197 -0.15748 
vn 0.748031 -0.661417 0.00787402 
vn 0.88189 -0.433071 -0.188976 
vn 0.732283 -0.677165 -0.015748 
vn 0.88189 -0.433071 -0.188976 
vn 0.732283 -0.677165 -0.015748 
vn 0.866142 -0.448819 -0.212598 
vn 0.724409 -0.692913 -0.0472441 
vn 0.866142 -0.448819 -0.212598 
vn 0.724409 -0.692913 -0.0472441 
vn 0.850394 -0.464567 -0.23622 
vn 0.708661 -0.700787 -0.0787402 
vn 0.850394 -0.464567 -0.23622 
vn 0.708661 -0.700787 -0.0787402 
vn 0.834646 -0.480315 -0.259843 
vn 0.708661 -0.700787 -0.110236 
vn 0.834646 -0.480315 -0.259843 
vn 0.708661 -0.700787 -0.110236 
vn 0.818898 -0.503937 -0.267717 
vn 0.700787 -0.692913 -0.141732 
vn 0.818898 -0.503937 -0.267717 
vn 0.700787 -0.692913 -0.141732 
vn 0.80315 -0.535433 -0.275591 
vn 0.708661 -0.685039 -0.173228 
vn 0.80315 -0.535433 -0.275591 
vn 0.708661 -0.685039 -0.173228 
vn 0.779528 -0.559055 -0.283465 
vn 0.708661 -0.677165 -0.19685 
vn 0.779528 -0.559055 -0.283465 
vn 0.708661 -0.677165 -0.19685 
vn 0.76378 -0.582677 -0.275591 
vn 0.716535 -0.653543 -0.228346 
vn 0.76378 -0.582677 -0.275591 
vn 0.716535 -0.653543 -0.228346 
vn 0.748031 -0.614173 -0.267717 
vn 0.732283 -0.637795 -0.251969 
vn 0.748031 -0.614173 -0.267717 
vn 0.732283 -0.637795 -0.251969 
vn 0.874016 -0.488189 0.015748 
vn 0.858268 -0.511811 0.0314961 
vn 0.858268 -0.511811 0.0314961 
vn 0.84252 -0.543307 0.0472441 
vn 0.874016 -0.488189 0.015748 
vn 0.84252 -0.543307 0.0472441 
vn 0.88189 -0.472441 -0.00787402 
vn 0.818898 -0.566929 0.0472441 
vn 0.88189 -0.472441 -0.00787402 
vn 0.818898 -0.566929 0.0472441 
vn 0.889764 -0.448819 -0.0314961 
vn 0.80315 -0.590551 0.0472441 
vn 0.889764 -0.448819 -0.0314961 
vn 0.80315 -0.590551 0.0472441 
vn 0.897638 -0.440945 -0.0629921 
vn 0.787402 -0.622047 0.0393701 
vn 0.897638 -0.440945 -0.0629921 
vn 0.787402 -0.622047 0.0393701 
vn 0.897638 -0.433071 -0.0944882 
vn 0.76378 -0.645669 0.023622 
vn 0.897638 -0.433071 -0.0944882 
vn 0.76378 -0.645669 0.023622 
vn 0.897638 -0.425197 -0.125984 
vn 0.748031 -0.661417 0.00787402 
vn 0.897638 -0.425197 -0.125984 
vn 0.748031 -0.661417 0.00787402 
vn 0.889764 -0.425197 -0.15748 
vn 0.732283 -0.677165 -0.015748 
vn 0.889764 -0.425197 -0.15748 
vn 0.732283 -0.677165 -0.015748 
vn 0.88189 -0.433071 -0.188976 
vn 0.724409 -0.692913 -0.0472441 
vn 0.88189 -0.433071 -0.188976 
vn 0.724409 -0.692913 -0.0472441 
vn 0.866142 -0.448819 -0.212598 
vn 0.708661 -0.700787 -0.0787402 
vn 0.866142 -0.448819 -0.212598 
vn 0.708661 -0.700787 -0.0787402 
vn 0.850394 -0.464567 -0.23622 
vn 0.708661 -0.700787 -0.110236 
vn 0.850394 -0.464567 -0.23622 
vn 0.708661 -0.700787 -0.110236 
vn 0.834646 -0.480315 -0.259843 
vn 0.700787 -0.692913 -0.141732 
vn 0.834646 -0.480315 -0.259843 
vn 0.700787 -0.692913 -0.141732 
vn 0.818898 -0.503937 -0.267717 
vn 0.708661 -0.685039 -0.173228 
vn 0.818898 -0.503937 -0.267717 
vn 0.708661 -0.685039 -0.173228 
vn 0.80315 -0.535433 -0.275591 
vn 0.708661 -0.677165 -0.19685 
vn 0.80315 -0.535433 -0.275591 
vn 0.708661 -0.677165 -0.19685 
vn 0.779528 -0.559055 -0.283465 
vn 0.716535 -0.653543 -0.228346 
vn 0.779528 -0.559055 -0.283465 
vn 0.716535 -0.653543 -0.228346 
vn 0.76378 -0.582677 -0.275591 
vn 0.732283 -0.637795 -0.251969 
vn 0.76378 -0.582677 -0.275591 
vn 0.732283 -0.637795 -0.251969 
vn 0.748031 -0.614173 -0.267717 
vn 0.748031 -0.614173 -0.267717 
vn 0.88189 0.0944882 0.456693 
vn 0.929134 0.173228 0.330709 
vn 0.88189 0.0944882 0.456693 
vn 0.929134 0.173228 0.330709 
vn 0.952756 0.244094 0.19685 
vn 0.952756 0.244094 0.19685 
vn 0.96063 0.283465 0.0472441 
vn 0.96063 0.283465 0.0472441 
vn 0.944882 0.299213 -0.110236 
vn 0.944882 0.299213 -0.110236 
vn 0.92126 0.291339 -0.259843 
vn 0.92126 0.291339 -0.259843 
vn 0.874016 0.259843 -0.401575 
vn 0.874016 0.259843 -0.401575 
vn 0.818898 0.204724 -0.535433 
vn 0.818898 0.204724 -0.535433 
vn 0.748031 0.125984 -0.653543 
vn 0.748031 0.125984 -0.653543 
vn 0.669291 0.0314961 -0.748031 
vn 0.669291 0.0314961 -0.748031 
vn 0.582677 -0.0787402 -0.811024 
vn 0.582677 -0.0787402 -0.811024 
vn 0.488189 -0.19685 -0.850394 
vn 0.488189 -0.19685 -0.850394 
vn 0.401575 -0.322835 -0.858268 
vn 0.401575 -0.322835 -0.858268 
vn 0.314961 -0.456693 -0.834646 
vn 0.314961 -0.456693 -0.834646 
vn 0.23622 -0.574803 -0.779528 
vn 0.23622 -0.574803 -0.779528 
vn 0.165354 -0.692913 -0.700787 
vn 0.165354 -0.692913 -0.700787 
vn 0.110236 -0.795276 -0.598425 
vn 0.110236 -0.795276 -0.598425 
vn 0.0708661 -0.874016 -0.480315 
vn 0.0708661 -0.874016 -0.480315 
vn 0.0472441 -0.937008 -0.338583 
vn 0.0472441 -0.937008 -0.338583 
vn 0.0393701 -0.984252 -0.188976 
vn 0.0472441 -1 -0.0314961 
vn 0.0472441 -1 -0.0314961 
vn 0.0787402 -0.992126 0.11811 
vn 0.0393701 -0.984252 -0.188976 
vn 0.0472441 -0.937008 -0.338583 
vn 0.0472441 -0.937008 -0.338583 
vn 0.0787402 -0.992126 0.11811 
vn 0.11811 -0.96063 0.259843 
vn 0.11811 -0.96063 0.259843 
vn 0.173228 -0.905512 0.393701 
vn 0.173228 -0.905512 0.393701 
vn 0.251969 -0.826772 0.511811 
vn 0.251969 -0.826772 0.511811 
vn 0.330709 -0.732283 0.598425 
vn 0.330709 -0.732283 0.598425 
vn 0.417323 -0.622047 0.669291 
vn 0.417323 -0.622047 0.669291 
vn 0.503937 -0.496063 0.700787 
vn 0.503937 -0.496063 0.700787 
vn 0.598425 -0.370079 0.708661 
vn 0.598425 -0.370079 0.708661 
vn 0.677165 -0.244094 0.692913 
vn 0.677165 -0.244094 0.692913 
vn 0.755906 -0.125984 0.637795 
vn 0.755906 -0.125984 0.637795 
vn 0.826772 -0.00787402 0.559055 
vn 0.826772 -0.00787402 0.559055 
vn 0.88189 0.0944882 0.456693 
vn 0.88189 0.0944882 0.456693 
vn -0.850394 0.503937 0.15748 
vn -0.889764 0.425197 0.15748 
vn -0.88189 0.433071 0.188976 
vn -0.889764 0.425197 0.15748 
vn -0.88189 0.433071 0.188976 
vn -0.897638 0.425197 0.125984 
vn -0.866142 0.448819 0.212598 
vn -0.866142 0.448819 0.212598 
vn -0.84252 0.503937 0.165354 
vn -0.850394 0.464567 0.23622 
vn -0.850394 0.464567 0.23622 
vn -0.834646 0.511811 0.181102 
vn -0.811024 0.566929 0.11811 
vn -0.834646 0.480315 0.259843 
vn -0.834646 0.480315 0.259843 
vn -0.818898 0.503937 0.267717 
vn -0.826772 0.527559 0.188976 
vn -0.818898 0.503937 0.267717 
vn -0.80315 0.527559 0.275591 
vn -0.80315 0.527559 0.275591 
vn -0.779528 0.559055 0.283465 
vn -0.811024 0.566929 0.11811 
vn -0.811024 0.566929 0.11811 
vn -0.811024 0.566929 0.11811 
vn -0.811024 0.566929 0.11811 
vn -0.811024 0.566929 0.11811 
vn -0.818898 0.535433 0.19685 
vn -0.811024 0.551181 0.204724 
vn -0.811024 0.566929 0.11811 
vn -0.779528 0.559055 0.283465 
vn -0.795276 0.566929 0.204724 
vn -0.811024 0.566929 0.11811 
vn -0.811024 0.566929 0.11811 
vn -0.811024 0.566929 0.11811 
vn -0.787402 0.582677 0.204724 
vn -0.76378 0.582677 0.275591 
vn -0.76378 0.582677 0.275591 
vn -0.779528 0.590551 0.19685 
vn -0.748031 0.614173 0.267717 
vn -0.748031 0.614173 0.267717 
vn -0.732283 0.637795 0.244094 
vn -0.732283 0.637795 0.244094 
vn -0.716535 0.653543 0.228346 
vn -0.716535 0.653543 0.228346 
vn -0.708661 0.677165 0.19685 
vn -0.771654 0.606299 0.188976 
vn -0.811024 0.566929 0.11811 
vn -0.811024 0.566929 0.11811 
vn -0.811024 0.566929 0.11811 
vn -0.76378 0.614173 0.173228 
vn -0.708661 0.677165 0.19685 
vn -0.76378 0.629921 0.165354 
vn -0.708661 0.685039 0.173228 
vn -0.708661 0.685039 0.173228 
vn -0.700787 0.692913 0.141732 
vn -0.755906 0.637795 0.149606 
vn -0.700787 0.692913 0.141732 
vn -0.708661 0.700787 0.110236 
vn -0.811024 0.566929 0.11811 
vn -0.755906 0.637795 0.125984 
vn -0.708661 0.700787 0.110236 
vn -0.811024 0.566929 0.11811 
vn -0.708661 0.700787 0.0787402 
vn -0.755906 0.637795 0.110236 
vn -0.708661 0.700787 0.0787402 
vn -0.724409 0.692913 0.0472441 
vn -0.76378 0.637795 0.0944882 
vn -0.724409 0.692913 0.0472441 
vn -0.732283 0.677165 0.015748 
vn -0.811024 0.566929 0.11811 
vn -0.811024 0.566929 0.11811 
vn -0.76378 0.637795 0.0787402 
vn -0.811024 0.566929 0.11811 
vn -0.811024 0.566929 0.11811 
vn -0.771654 0.629921 0.0629921 
vn -0.732283 0.677165 0.015748 
vn -0.811024 0.566929 0.11811 
vn -0.811024 0.566929 0.11811 
vn -0.748031 0.661417 -0.00787402 
vn -0.748031 0.661417 -0.00787402 
vn -0.779528 0.622047 0.0551181 
vn -0.76378 0.645669 -0.023622 
vn -0.76378 0.645669 -0.023622 
vn -0.787402 0.614173 0.0393701 
vn -0.787402 0.622047 -0.0393701 
vn -0.787402 0.622047 -0.0393701 
vn -0.80315 0.590551 -0.0472441 
vn -0.80315 0.590551 -0.0472441 
vn -0.818898 0.566929 -0.0472441 
vn -0.80315 0.598425 0.0314961 
vn -0.818898 0.566929 -0.0472441 
vn -0.84252 0.543307 -0.0472441 
vn -0.811024 0.582677 0.0314961 
vn -0.811024 0.566929 0.11811 
vn -0.811024 0.566929 0.11811 
vn -0.811024 0.566929 0.11811 
vn -0.811024 0.566929 0.11811 
vn -0.818898 0.574803 0.0314961 
vn -0.84252 0.543307 -0.0472441 
vn -0.826772 0.559055 0.0314961 
vn -0.858268 0.511811 -0.0314961 
vn -0.858268 0.511811 -0.0314961 
vn -0.874016 0.488189 -0.015748 
vn -0.84252 0.543307 0.0393701 
vn -0.874016 0.488189 -0.015748 
vn -0.88189 0.472441 0 
vn -0.88189 0.472441 0 
vn -0.811024 0.566929 0.11811 
vn -0.850394 0.527559 0.0472441 
vn -0.889764 0.448819 0.0314961 
vn -0.889764 0.448819 0.0314961 
vn -0.850394 0.519685 0.0551181 
vn -0.897638 0.440945 0.0629921 
vn -0.811024 0.566929 0.11811 
vn -0.811024 0.566929 0.11811 
vn -0.858268 0.511811 0.0708661 
vn -0.897638 0.440945 0.0629921 
vn -0.897638 0.433071 0.0944882 
vn -0.897638 0.433071 0.0944882 
vn -0.897638 0.425197 0.125984 
vn -0.858268 0.496063 0.11811 
vn -0.858268 0.496063 0.133858 
vn -0.811024 0.566929 0.11811 
vn -0.858268 0.496063 0.102362 
vn -0.811024 0.566929 0.11811 
vn -0.811024 0.566929 0.11811 
vn -0.858268 0.503937 0.0866142 
vn -0.811024 0.566929 0.11811 
vn -0.874016 -0.259843 0.401575 
vn -0.874016 -0.259843 0.401575 
vn -0.818898 -0.204724 0.535433 
vn -0.818898 -0.204724 0.535433 
vn -0.748031 -0.125984 0.653543 
vn -0.818898 -0.204724 0.535433 
vn -0.874016 -0.259843 0.401575 
vn -0.748031 -0.125984 0.653543 
vn -0.669291 -0.0314961 0.740157 
vn -0.748031 -0.125984 0.653543 
vn -0.669291 -0.0314961 0.740157 
vn -0.582677 0.0787402 0.811024 
vn -0.669291 -0.0314961 0.740157 
vn -0.582677 0.0787402 0.811024 
vn -0.488189 0.19685 0.850394 
vn -0.582677 0.0787402 0.811024 
vn -0.488189 0.19685 0.850394 
vn -0.488189 0.19685 0.850394 
vn -0.401575 0.322835 0.858268 
vn -0.401575 0.322835 0.858268 
vn -0.401575 0.322835 0.858268 
vn -0.314961 0.456693 0.834646 
vn -0.314961 0.456693 0.834646 
vn -0.314961 0.456693 0.834646 
vn -0.23622 0.574803 0.779528 
vn -0.23622 0.574803 0.779528 
vn -0.23622 0.574803 0.779528 
vn -0.165354 0.692913 0.700787 
vn -0.165354 0.692913 0.700787 
vn -0.165354 0.692913 0.700787 
vn -0.110236 0.795276 0.598425 
vn -0.110236 0.795276 0.598425 
vn -0.110236 0.795276 0.598425 
vn -0.0708661 0.874016 0.480315 
vn -0.0708661 0.874016 0.480315 
vn -0.0708661 0.874016 0.480315 
vn -0.0472441 0.937008 0.338583 
vn -0.0472441 0.937008 0.338583 
vn -0.0472441 0.937008 0.338583 
vn -0.0393701 0.984252 0.188976 
vn -0.0393701 0.984252 0.188976 
vn -0.0393701 0.984252 0.188976 
vn -0.0472441 1 0.0314961 
vn -0.0472441 1 0.0314961 
vn -0.0472441 1 0.0314961 
vn -0.0787402 0.992126 -0.11811 
vn -0.0787402 0.992126 -0.11811 
vn -0.11811 0.96063 -0.259843 
vn -0.0787402 0.992126 -0.11811 
vn -0.11811 0.96063 -0.259843 
vn -0.11811 0.96063 -0.259843 
vn -0.748031 0.614173 0.267717 
vn -0.732283 0.637795 0.244094 
vn -0.748031 0.614173 0.267717 
vn -0.76378 0.582677 0.275591 
vn -0.732283 0.637795 0.244094 
vn -0.76378 0.582677 0.275591 
vn -0.716535 0.653543 0.228346 
vn -0.779528 0.559055 0.283465 
vn -0.716535 0.653543 0.228346 
vn -0.779528 0.559055 0.283465 
vn -0.708661 0.677165 0.19685 
vn -0.80315 0.527559 0.275591 
vn -0.708661 0.677165 0.19685 
vn -0.80315 0.527559 0.275591 
vn -0.708661 0.685039 0.173228 
vn -0.818898 0.503937 0.267717 
vn -0.708661 0.685039 0.173228 
vn -0.818898 0.503937 0.267717 
vn -0.700787 0.692913 0.141732 
vn -0.834646 0.480315 0.259843 
vn -0.700787 0.692913 0.141732 
vn -0.834646 0.480315 0.259843 
vn -0.708661 0.700787 0.110236 
vn -0.850394 0.464567 0.23622 
vn -0.708661 0.700787 0.110236 
vn -0.850394 0.464567 0.23622 
vn -0.708661 0.700787 0.0787402 
vn -0.866142 0.448819 0.212598 
vn -0.708661 0.700787 0.0787402 
vn -0.866142 0.448819 0.212598 
vn -0.724409 0.692913 0.0472441 
vn -0.88189 0.433071 0.188976 
vn -0.724409 0.692913 0.0472441 
vn -0.88189 0.433071 0.188976 
vn -0.732283 0.677165 0.015748 
vn -0.889764 0.425197 0.15748 
vn -0.732283 0.677165 0.015748 
vn -0.889764 0.425197 0.15748 
vn -0.748031 0.661417 -0.00787402 
vn -0.897638 0.425197 0.125984 
vn -0.748031 0.661417 -0.00787402 
vn -0.897638 0.425197 0.125984 
vn -0.76378 0.645669 -0.023622 
vn -0.897638 0.433071 0.0944882 
vn -0.76378 0.645669 -0.023622 
vn -0.897638 0.433071 0.0944882 
vn -0.787402 0.622047 -0.0393701 
vn -0.897638 0.440945 0.0629921 
vn -0.787402 0.622047 -0.0393701 
vn -0.897638 0.440945 0.0629921 
vn -0.80315 0.590551 -0.0472441 
vn -0.889764 0.448819 0.0314961 
vn -0.80315 0.590551 -0.0472441 
vn -0.889764 0.448819 0.0314961 
vn -0.818898 0.566929 -0.0472441 
vn -0.88189 0.472441 0 
vn -0.818898 0.566929 -0.0472441 
vn -0.88189 0.472441 0 
vn -0.84252 0.543307 -0.0472441 
vn -0.874016 0.488189 -0.015748 
vn -0.84252 0.543307 -0.0472441 
vn -0.874016 0.488189 -0.015748 
vn -0.858268 0.511811 -0.0314961 
vn -0.858268 0.511811 -0.0314961 
vn 0.653543 0.653543 -0.377953 
vn 0.685039 0.716535 -0.11811 
vn 0.732283 0.590551 -0.346457 
vn 0.724409 0.685039 -0.0866142 
vn 0.795276 0.535433 -0.291339 
vn 0.779528 0.590551 0.220472 
vn 0.755906 0.653543 -0.0472441 
vn 0.850394 0.480315 -0.220472 
vn 0.779528 0.629921 0 
vn 0.889764 0.433071 -0.133858 
vn 0.787402 0.614173 0.0551181 
vn 0.913386 0.393701 -0.0393701 
vn 0.787402 0.590551 0.165354 
vn 0.897638 0.354331 0.267717 
vn 0.92126 0.354331 0.165354 
vn 0.795276 0.598425 0.110236 
vn 0.929134 0.370079 0.0629921 
vn 0.866142 0.433071 0.251969 
vn 0.826772 0.370079 0.425197 
vn 0.866142 0.433071 0.259843 
vn 0.826772 0.377953 0.417323 
vn 0.88189 0.464567 0.0866142 
vn 0.88189 0.464567 0.0787402 
vn 0.88189 0.472441 -0.0866142 
vn 0.874016 0.472441 -0.102362 
vn 0.858268 0.448819 -0.259843 
vn 0.850394 0.448819 -0.267717 
vn 0.811024 0.401575 -0.425197 
vn 0.811024 0.401575 -0.433071 
vn 0.755906 0.330709 -0.566929 
vn 0.748031 0.330709 -0.574803 
vn 0.677165 0.23622 -0.700787 
vn 0.677165 0.244094 -0.692913 
vn 0.590551 0.133858 -0.795276 
vn 0.590551 0.133858 -0.795276 
vn 0.496063 0.015748 -0.866142 
vn 0.496063 0.015748 -0.866142 
vn 0.393701 -0.11811 -0.913386 
vn 0.393701 -0.11811 -0.913386 
vn 0.291339 -0.251969 -0.92126 
vn 0.291339 -0.251969 -0.92126 
vn 0.188976 -0.393701 -0.897638 
vn 0.188976 -0.385827 -0.905512 
vn 0.0866142 -0.527559 -0.850394 
vn 0.0944882 -0.519685 -0.850394 
vn 0 -0.645669 -0.76378 
vn 0 -0.645669 -0.76378 
vn -0.0787402 -0.748031 -0.653543 
vn -0.0787402 -0.755906 -0.645669 
vn -0.141732 -0.84252 -0.519685 
vn -0.141732 -0.850394 -0.511811 
vn 0.385827 0.92126 -0.0393701 
vn 0.181102 0.96063 -0.204724 
vn 0.354331 0.937008 0.00787402 
vn 0.125984 0.984252 -0.110236 
vn 0.338583 0.937008 0.0629921 
vn 0.0866142 0.992126 -0.015748 
vn 0.362205 0.874016 0.330709 
vn 0.338583 0.897638 0.283465 
vn 0.314961 0.929134 0.173228 
vn 0.322835 0.92126 0.228346 
vn 0.322835 0.937008 0.11811 
vn 0.0629921 0.992126 0.0866142 
vn 0.0551181 0.984252 0.188976 
vn 0.393701 0.84252 0.370079 
vn 0.464567 0.779528 0.417323 
vn 0.425197 0.811024 0.401575 
vn 0.559055 0.708661 0.433071 
vn 0.511811 0.740157 0.433071 
vn 0.606299 0.677165 0.417323 
vn 0.692913 0.622047 0.362205 
vn 0.653543 0.645669 0.393701 
vn 0.755906 0.590551 0.275591 
vn 0.724409 0.606299 0.322835 
vn 0.425197 0.905512 -0.0787402 
vn 0.251969 0.929134 -0.275591 
vn 0.322835 0.88189 -0.338583 
vn 0.598425 0.787402 -0.149606 
vn 0.464567 0.88189 -0.110236 
vn 0.511811 0.850394 -0.133858 
vn 0.401575 0.834646 -0.377953 
vn 0.551181 0.818898 -0.149606 
vn 0.488189 0.779528 -0.401575 
vn 0.574803 0.716535 -0.401575 
vn 0.645669 0.748031 -0.133858 
vn -0.96063 -0.283465 -0.0472441 
vn -0.96063 -0.283465 -0.0472441 
vn -0.944882 -0.299213 0.110236 
vn -0.944882 -0.299213 0.110236 
vn -0.92126 -0.291339 0.259843 
vn -0.92126 -0.291339 0.259843 
vn -0.874016 -0.259843 0.401575 
vn -0.874016 -0.259843 0.401575 
vn -0.874016 -0.259843 0.401575 
vn -0.92126 -0.291339 0.259843 
vn -0.944882 -0.299213 0.110236 
vn -0.96063 -0.283465 -0.0472441 
vn -0.952756 -0.244094 -0.19685 
vn -0.952756 -0.244094 -0.19685 
vn -0.929134 -0.181102 -0.330709 
vn -0.952756 -0.244094 -0.19685 
vn -0.929134 -0.181102 -0.330709 
vn -0.88189 -0.0944882 -0.456693 
vn -0.929134 -0.181102 -0.330709 
vn -0.88189 -0.0944882 -0.456693 
vn -0.826772 0.00787402 -0.559055 
vn -0.88189 -0.0944882 -0.456693 
vn -0.826772 0.00787402 -0.559055 
vn -0.826772 0.00787402 -0.559055 
vn -0.755906 0.125984 -0.637795 
vn -0.755906 0.125984 -0.637795 
vn -0.755906 0.125984 -0.637795 
vn -0.677165 0.244094 -0.692913 
vn -0.677165 0.244094 -0.692913 
vn -0.677165 0.244094 -0.692913 
vn -0.598425 0.370079 -0.708661 
vn -0.598425 0.370079 -0.708661 
vn -0.598425 0.370079 -0.708661 
vn -0.503937 0.496063 -0.700787 
vn -0.503937 0.496063 -0.700787 
vn -0.503937 0.496063 -0.700787 
vn -0.417323 0.622047 -0.669291 
vn -0.417323 0.622047 -0.669291 
vn -0.417323 0.622047 -0.669291 
vn -0.330709 0.732283 -0.598425 
vn -0.330709 0.732283 -0.598425 
vn -0.330709 0.732283 -0.598425 
vn -0.244094 0.826772 -0.511811 
vn -0.244094 0.826772 -0.511811 
vn -0.244094 0.826772 -0.511811 
vn -0.181102 0.905512 -0.393701 
vn -0.181102 0.905512 -0.393701 
vn -0.181102 0.905512 -0.393701 
vn -0.11811 0.96063 -0.259843 
vn -0.11811 0.96063 -0.259843 
vn -0.11811 0.96063 -0.259843 
vn 0.740157 0.425197 0.527559 
vn 0.653543 0.645669 0.393701 
vn 0.661417 0.464567 0.582677 
vn 0.582677 0.519685 0.629921 
vn 0.692913 0.622047 0.362205 
vn 0.606299 0.677165 0.417323 
vn 0.724409 0.606299 0.322835 
vn 0.496063 0.574803 0.645669 
vn 0.80315 0.393701 0.448819 
vn 0.559055 0.708661 0.433071 
vn 0.858268 0.370079 0.362205 
vn 0.511811 0.740157 0.433071 
vn 0.755906 0.590551 0.275591 
vn 0.897638 0.354331 0.267717 
vn 0.779528 0.590551 0.220472 
vn 0.409449 0.637795 0.653543 
vn 0.330709 0.700787 0.629921 
vn 0.464567 0.779528 0.417323 
vn 0.425197 0.811024 0.401575 
vn 0.259843 0.76378 0.598425 
vn 0.188976 0.818898 0.543307 
vn 0.393701 0.84252 0.370079 
vn 0.133858 0.874016 0.464567 
vn 0.362205 0.874016 0.330709 
vn 0.338583 0.897638 0.283465 
vn 0.0944882 0.92126 0.385827 
vn 0.322835 0.92126 0.228346 
vn 0.0708661 0.952756 0.291339 
vn 0.0551181 0.984252 0.188976 
vn 0.314961 0.929134 0.173228 
vn -0.661417 -0.456693 0.598425 
vn -0.574803 -0.377953 0.732283 
vn -0.566929 -0.377953 0.732283 
vn -0.661417 -0.464567 0.590551 
vn -0.661417 -0.456693 0.598425 
vn -0.472441 -0.267717 0.84252 
vn -0.566929 -0.370079 0.732283 
vn -0.472441 -0.259843 0.84252 
vn -0.370079 -0.133858 0.92126 
vn -0.472441 -0.259843 0.84252 
vn -0.370079 -0.133858 0.92126 
vn -0.259843 0.015748 0.968504 
vn -0.370079 -0.133858 0.92126 
vn -0.267717 0.015748 0.96063 
vn -0.267717 0.015748 0.96063 
vn -0.165354 0.165354 0.968504 
vn -0.165354 0.165354 0.968504 
vn -0.165354 0.173228 0.968504 
vn -0.0708661 0.322835 0.944882 
vn -0.0708661 0.322835 0.944882 
vn -0.0708661 0.330709 0.944882 
vn 0.00787402 0.472441 0.88189 
vn 0.015748 0.472441 0.88189 
vn 0.015748 0.480315 0.874016 
vn 0.0787402 0.614173 0.787402 
vn 0.0787402 0.614173 0.787402 
vn 0.0787402 0.622047 0.779528 
vn 0.133858 0.740157 0.653543 
vn 0.125984 0.740157 0.661417 
vn 0.125984 0.732283 0.661417 
vn 0.15748 0.84252 0.511811 
vn 0.15748 0.84252 0.511811 
vn 0.15748 0.84252 0.519685 
vn 0.173228 0.92126 0.346457 
vn 0.173228 0.92126 0.354331 
vn 0.173228 0.913386 0.362205 
vn 0.165354 0.968504 0.188976 
vn 0.165354 0.968504 0.181102 
vn 0.165354 0.968504 0.181102 
vn 0.133858 0.992126 0.015748 
vn 0.133858 0.992126 0.015748 
vn 0.133858 0.992126 0.00787402 
vn 0.0944882 0.984252 -0.149606 
vn 0.0866142 0.984252 -0.15748 
vn 0.0314961 0.952756 -0.314961 
vn 0.0866142 0.984252 -0.15748 
vn 0.0314961 0.944882 -0.314961 
vn 0.0314961 0.944882 -0.314961 
vn -0.220472 -0.976378 -0.00787402 
vn -0.212598 -0.96063 -0.173228 
vn -0.220472 -0.976378 0 
vn -0.19685 -0.96063 0.181102 
vn -0.212598 -0.96063 -0.188976 
vn -0.204724 -0.96063 0.173228 
vn -0.188976 -0.92126 -0.346457 
vn -0.165354 -0.92126 0.362205 
vn -0.188976 -0.913386 -0.362205 
vn -0.141732 -0.850394 -0.511811 
vn -0.141732 -0.84252 -0.519685 
vn -0.165354 -0.92126 0.346457 
vn -0.102362 -0.850394 0.519685 
vn -0.102362 -0.850394 0.511811 
vn -0.023622 -0.755906 0.653543 
vn -0.023622 -0.755906 0.653543 
vn 0.0629921 -0.645669 0.76378 
vn 0.0708661 -0.645669 0.76378 
vn 0.173228 -0.511811 0.84252 
vn 0.173228 -0.511811 0.84252 
vn 0.283465 -0.370079 0.889764 
vn 0.283465 -0.370079 0.88189 
vn 0.393701 -0.228346 0.889764 
vn 0.393701 -0.220472 0.889764 
vn 0.503937 -0.0787402 0.858268 
vn 0.503937 -0.0708661 0.858268 
vn 0.598425 0.0551181 0.795276 
vn 0.606299 0.0629921 0.795276 
vn 0.692913 0.181102 0.700787 
vn 0.700787 0.188976 0.692913 
vn 0.771654 0.291339 0.566929 
vn 0.771654 0.283465 0.574803 
vn 0.826772 0.377953 0.417323 
vn 0.826772 0.370079 0.425197 
vn 0.84252 0.464567 0.267717 
vn 0.811024 0.393701 0.425197 
vn 0.84252 0.464567 0.267717 
vn 0.811024 0.393701 0.425197 
vn 0.850394 0.519685 0.0944882 
vn 0.850394 0.519685 0.0944882 
vn 0.84252 0.535433 -0.0866142 
vn 0.84252 0.535433 -0.0866142 
vn 0.811024 0.527559 -0.267717 
vn 0.811024 0.527559 -0.267717 
vn 0.755906 0.488189 -0.433071 
vn 0.755906 0.488189 -0.433071 
vn 0.685039 0.425197 -0.590551 
vn 0.685039 0.425197 -0.590551 
vn 0.606299 0.330709 -0.724409 
vn 0.606299 0.330709 -0.724409 
vn 0.511811 0.220472 -0.826772 
vn 0.511811 0.220472 -0.826772 
vn 0.409449 0.0944882 -0.905512 
vn 0.409449 0.0944882 -0.905512 
vn 0.307087 -0.0472441 -0.952756 
vn 0.307087 -0.0472441 -0.952756 
vn 0.204724 -0.19685 -0.96063 
vn 0.204724 -0.19685 -0.96063 
vn 0.102362 -0.338583 -0.937008 
vn 0.102362 -0.338583 -0.937008 
vn 0.00787402 -0.488189 -0.874016 
vn 0.00787402 -0.488189 -0.874016 
vn -0.0708661 -0.622047 -0.779528 
vn -0.0708661 -0.622047 -0.779528 
vn -0.133858 -0.740157 -0.661417 
vn -0.133858 -0.740157 -0.661417 
vn -0.188976 -0.834646 -0.519685 
vn -0.188976 -0.834646 -0.519685 
vn -0.858268 -0.511811 -0.0866142 
vn -0.834646 -0.543307 0.0787402 
vn -0.834646 -0.543307 0.0866142 
vn -0.858268 -0.503937 -0.0944882 
vn -0.858268 -0.448819 -0.259843 
vn -0.858268 -0.440945 -0.267717 
vn -0.858268 -0.448819 -0.251969 
vn -0.858268 -0.511811 -0.0866142 
vn -0.834646 -0.362205 -0.409449 
vn -0.834646 -0.543307 0.0944882 
vn -0.795276 -0.543307 0.267717 
vn -0.834646 -0.362205 -0.409449 
vn -0.80315 -0.251969 -0.543307 
vn -0.834646 -0.354331 -0.417323 
vn -0.795276 -0.251969 -0.551181 
vn -0.748031 -0.125984 -0.653543 
vn -0.795276 -0.244094 -0.551181 
vn -0.740157 -0.125984 -0.653543 
vn -0.740157 -0.11811 -0.661417 
vn -0.669291 0.015748 -0.740157 
vn -0.677165 0.015748 -0.740157 
vn -0.677165 0.00787402 -0.740157 
vn -0.590551 0.165354 -0.787402 
vn -0.590551 0.15748 -0.787402 
vn -0.590551 0.15748 -0.787402 
vn -0.503937 0.307087 -0.811024 
vn -0.503937 0.307087 -0.811024 
vn -0.503937 0.299213 -0.811024 
vn -0.409449 0.448819 -0.795276 
vn -0.409449 0.448819 -0.795276 
vn -0.409449 0.440945 -0.795276 
vn -0.314961 0.574803 -0.755906 
vn -0.314961 0.582677 -0.755906 
vn -0.314961 0.582677 -0.755906 
vn -0.212598 0.700787 -0.677165 
vn -0.220472 0.700787 -0.677165 
vn -0.220472 0.700787 -0.677165 
vn -0.125984 0.80315 -0.582677 
vn -0.125984 0.80315 -0.582677 
vn -0.125984 0.80315 -0.582677 
vn -0.0393701 0.889764 -0.456693 
vn -0.0393701 0.889764 -0.456693 
vn -0.0472441 0.889764 -0.456693 
vn 0.0314961 0.944882 -0.314961 
vn 0.0314961 0.944882 -0.314961 
vn 0.0314961 0.952756 -0.314961 
vn -0.755906 -0.488189 0.433071 
vn -0.755906 -0.488189 0.433071 
vn -0.685039 -0.425197 0.590551 
vn -0.685039 -0.425197 0.590551 
vn -0.606299 -0.330709 0.724409 
vn -0.685039 -0.425197 0.590551 
vn -0.755906 -0.488189 0.433071 
vn -0.606299 -0.330709 0.724409 
vn -0.511811 -0.220472 0.826772 
vn -0.606299 -0.330709 0.724409 
vn -0.511811 -0.220472 0.826772 
vn -0.409449 -0.0944882 0.905512 
vn -0.511811 -0.220472 0.826772 
vn -0.409449 -0.0944882 0.905512 
vn -0.307087 0.0472441 0.952756 
vn -0.409449 -0.0944882 0.905512 
vn -0.307087 0.0472441 0.952756 
vn -0.307087 0.0472441 0.952756 
vn -0.204724 0.19685 0.96063 
vn -0.204724 0.19685 0.96063 
vn -0.204724 0.19685 0.96063 
vn -0.102362 0.338583 0.937008 
vn -0.102362 0.338583 0.937008 
vn -0.102362 0.338583 0.937008 
vn -0.00787402 0.488189 0.874016 
vn -0.00787402 0.488189 0.874016 
vn -0.00787402 0.488189 0.874016 
vn 0.0708661 0.622047 0.779528 
vn 0.0708661 0.622047 0.779528 
vn 0.0708661 0.622047 0.779528 
vn 0.133858 0.740157 0.661417 
vn 0.133858 0.740157 0.661417 
vn 0.133858 0.740157 0.661417 
vn 0.181102 0.834646 0.519685 
vn 0.181102 0.834646 0.519685 
vn 0.181102 0.834646 0.519685 
vn 0.212598 0.913386 0.354331 
vn 0.212598 0.913386 0.354331 
vn 0.212598 0.913386 0.354331 
vn 0.220472 0.96063 0.181102 
vn 0.220472 0.96063 0.181102 
vn 0.220472 0.96063 0.181102 
vn 0.212598 0.976378 0 
vn 0.212598 0.976378 0 
vn 0.212598 0.976378 0 
vn 0.181102 0.968504 -0.173228 
vn 0.181102 0.968504 -0.173228 
vn 0.125984 0.929134 -0.346457 
vn 0.181102 0.968504 -0.173228 
vn 0.125984 0.929134 -0.346457 
vn 0.125984 0.929134 -0.346457 
vn -0.795276 -0.543307 0.267717 
vn -0.795276 -0.551181 0.259843 
vn -0.732283 -0.519685 0.440945 
vn -0.732283 -0.519685 0.433071 
vn -0.661417 -0.456693 0.598425 
vn -0.732283 -0.519685 0.433071 
vn -0.661417 -0.456693 0.598425 
vn -0.661417 -0.464567 0.590551 
vn 0.811024 -0.566929 -0.11811 
vn 0.811024 -0.566929 -0.11811 
vn 0.811024 -0.566929 -0.11811 
vn 0.811024 -0.566929 -0.11811 
vn 0.811024 -0.566929 -0.11811 
vn 0.811024 -0.566929 -0.11811 
vn 0.811024 -0.566929 -0.11811 
vn 0.811024 -0.566929 -0.11811 
vn 0.811024 -0.566929 -0.11811 
vn 0.811024 -0.566929 -0.11811 
vn 0.811024 -0.566929 -0.11811 
vn 0.811024 -0.566929 -0.11811 
vn 0.811024 -0.566929 -0.11811 
vn 0.811024 -0.566929 -0.11811 
vn 0.811024 -0.566929 -0.11811 
vn 0.811024 -0.566929 -0.11811 
vn 0.811024 -0.566929 -0.11811 
vn 0.811024 -0.566929 -0.11811 
vn 0.811024 -0.566929 -0.11811 
vn 0.811024 -0.566929 -0.11811 
vn 0.811024 -0.566929 -0.11811 
vn 0.811024 -0.566929 -0.11811 
vn 0.811024 -0.566929 -0.11811 
vn 0.811024 -0.566929 -0.11811 
vn 0.811024 -0.566929 -0.11811 
vn 0.811024 -0.566929 -0.11811 
vn 0.811024 -0.566929 -0.11811 
vn 0.811024 -0.566929 -0.11811 
vn 0.811024 -0.566929 -0.11811 
vn 0.811024 -0.566929 -0.11811 
vn 0.811024 -0.566929 -0.11811 
vn 0.811024 -0.566929 -0.11811 
vn -0.220472 -0.96063 -0.181102 
vn -0.212598 -0.976378 0 
vn -0.212598 -0.976378 0 
vn -0.181102 -0.968504 0.173228 
vn -0.220472 -0.96063 -0.181102 
vn -0.181102 -0.968504 0.173228 
vn -0.212598 -0.913386 -0.354331 
vn -0.125984 -0.929134 0.346457 
vn -0.212598 -0.913386 -0.354331 
vn -0.188976 -0.834646 -0.519685 
vn -0.188976 -0.834646 -0.519685 
vn -0.125984 -0.929134 0.346457 
vn -0.0629921 -0.866142 0.496063 
vn -0.0629921 -0.866142 0.496063 
vn 0.023622 -0.771654 0.629921 
vn 0.023622 -0.771654 0.629921 
vn 0.11811 -0.661417 0.740157 
vn 0.11811 -0.661417 0.740157 
vn 0.220472 -0.535433 0.818898 
vn 0.220472 -0.535433 0.818898 
vn 0.322835 -0.393701 0.858268 
vn 0.322835 -0.393701 0.858268 
vn 0.425197 -0.244094 0.866142 
vn 0.425197 -0.244094 0.866142 
vn 0.527559 -0.102362 0.84252 
vn 0.527559 -0.102362 0.84252 
vn 0.622047 0.0472441 0.787402 
vn 0.622047 0.0472441 0.787402 
vn 0.700787 0.181102 0.692913 
vn 0.700787 0.181102 0.692913 
vn 0.76378 0.299213 0.574803 
vn 0.76378 0.299213 0.574803 
vn 0.811024 0.393701 0.425197 
vn 0.811024 0.393701 0.425197 
vn 0.559055 -0.338583 0.755906 
vn 0.645669 -0.212598 0.732283 
vn 0.645669 -0.212598 0.732283 
vn 0.559055 -0.338583 0.755906 
vn 0.559055 -0.338583 0.755906 
vn 0.724409 -0.0787402 0.677165 
vn 0.645669 -0.212598 0.732283 
vn 0.724409 -0.0787402 0.677165 
vn 0.80315 0.0393701 0.598425 
vn 0.724409 -0.0787402 0.677165 
vn 0.80315 0.0393701 0.598425 
vn 0.80315 0.0393701 0.598425 
vn 0.858268 0.149606 0.488189 
vn 0.858268 0.149606 0.488189 
vn 0.858268 0.149606 0.488189 
vn -0.850394 -0.519685 -0.0944882 
vn -0.850394 -0.519685 -0.0944882 
vn -0.84252 -0.535433 0.0866142 
vn -0.84252 -0.535433 0.0866142 
vn -0.811024 -0.527559 0.267717 
vn -0.811024 -0.527559 0.267717 
vn -0.755906 -0.488189 0.433071 
vn -0.755906 -0.488189 0.433071 
vn -0.755906 -0.488189 0.433071 
vn -0.811024 -0.527559 0.267717 
vn -0.84252 -0.535433 0.0866142 
vn -0.850394 -0.519685 -0.0944882 
vn -0.84252 -0.464567 -0.267717 
vn -0.84252 -0.464567 -0.267717 
vn -0.811024 -0.393701 -0.425197 
vn -0.84252 -0.464567 -0.267717 
vn -0.811024 -0.393701 -0.425197 
vn -0.76378 -0.299213 -0.574803 
vn -0.811024 -0.393701 -0.425197 
vn -0.76378 -0.299213 -0.574803 
vn -0.700787 -0.181102 -0.692913 
vn -0.76378 -0.299213 -0.574803 
vn -0.700787 -0.181102 -0.692913 
vn -0.700787 -0.181102 -0.692913 
vn -0.622047 -0.0472441 -0.779528 
vn -0.622047 -0.0472441 -0.779528 
vn -0.622047 -0.0472441 -0.779528 
vn -0.527559 0.102362 -0.84252 
vn -0.527559 0.102362 -0.84252 
vn -0.527559 0.102362 -0.84252 
vn -0.425197 0.244094 -0.866142 
vn -0.425197 0.244094 -0.866142 
vn -0.425197 0.244094 -0.866142 
vn -0.322835 0.393701 -0.858268 
vn -0.322835 0.393701 -0.858268 
vn -0.322835 0.393701 -0.858268 
vn -0.220472 0.535433 -0.818898 
vn -0.220472 0.535433 -0.818898 
vn -0.220472 0.535433 -0.818898 
vn -0.11811 0.661417 -0.740157 
vn -0.11811 0.661417 -0.740157 
vn -0.11811 0.661417 -0.740157 
vn -0.023622 0.771654 -0.629921 
vn -0.023622 0.771654 -0.629921 
vn -0.023622 0.771654 -0.629921 
vn 0.0629921 0.866142 -0.496063 
vn 0.0629921 0.866142 -0.496063 
vn 0.0629921 0.866142 -0.496063 
vn 0.125984 0.929134 -0.346457 
vn 0.125984 0.929134 -0.346457 
vn 0.125984 0.929134 -0.346457 
vn -0.19685 -0.850394 0.496063 
vn -0.299213 -0.779528 0.551181 
vn -0.299213 -0.779528 0.551181 
vn -0.19685 -0.850394 0.496063 
vn -0.102362 -0.905512 0.417323 
vn -0.102362 -0.905512 0.417323 
vn -0.015748 -0.944882 0.322835 
vn -0.015748 -0.944882 0.322835 
vn 0.0551181 -0.976378 0.204724 
vn 0.0551181 -0.976378 0.204724 
vn 0.102362 -0.992126 0.0787402 
vn 0.102362 -0.992126 0.0787402 
vn 0.133858 -0.992126 -0.0551181 
vn 0.133858 -0.992126 -0.0551181 
vn 0.149606 -0.968504 -0.188976 
vn 0.149606 -0.968504 -0.188976 
vn 0.133858 -0.937008 -0.322835 
vn 0.133858 -0.937008 -0.322835 
vn -0.811024 0.566929 0.11811 
vn -0.811024 0.566929 0.11811 
vn -0.811024 0.566929 0.11811 
vn -0.811024 0.566929 0.11811 
vn -0.811024 0.566929 0.11811 
vn -0.811024 0.566929 0.11811 
vn -0.811024 0.566929 0.11811 
vn -0.811024 0.566929 0.11811 
vn -0.811024 0.566929 0.11811 
vn -0.811024 0.566929 0.11811 
vn -0.811024 0.566929 0.11811 
vn -0.811024 0.566929 0.11811 
vn -0.811024 0.566929 0.11811 
vn -0.811024 0.566929 0.11811 
vn -0.811024 0.566929 0.11811 
vn -0.811024 0.566929 0.11811 
vn -0.811024 0.566929 0.11811 
vn -0.811024 0.566929 0.11811 
vn -0.811024 0.566929 0.11811 
vn -0.811024 0.566929 0.11811 
vn -0.811024 0.566929 0.11811 
vn -0.811024 0.566929 0.11811 
vn -0.811024 0.566929 0.11811 
vn -0.811024 0.566929 0.11811 
vn -0.811024 0.566929 0.11811 
vn -0.811024 0.566929 0.11811 
vn -0.811024 0.566929 0.11811 
vn -0.811024 0.566929 0.11811 
vn -0.811024 0.566929 0.11811 
vn -0.811024 0.566929 0.11811 
vn -0.811024 0.566929 0.11811 
vn -0.811024 0.566929 0.11811 
vn -0.535433 -0.370079 -0.76378 
vn -0.425197 -0.440945 -0.787402 
vn -0.535433 -0.370079 -0.76378 
vn -0.425197 -0.440945 -0.787402 
vn -0.637795 -0.299213 -0.708661 
vn -0.314961 -0.519685 -0.795276 
vn -0.637795 -0.299213 -0.708661 
vn -0.314961 -0.519685 -0.795276 
vn -0.740157 -0.244094 -0.629921 
vn -0.204724 -0.606299 -0.771654 
vn -0.740157 -0.244094 -0.629921 
vn -0.204724 -0.606299 -0.771654 
vn -0.818898 -0.19685 -0.535433 
vn -0.110236 -0.685039 -0.716535 
vn -0.818898 -0.19685 -0.535433 
vn -0.110236 -0.685039 -0.716535 
vn -0.889764 -0.173228 -0.417323 
vn -0.023622 -0.76378 -0.645669 
vn -0.889764 -0.173228 -0.417323 
vn -0.023622 -0.76378 -0.645669 
vn -0.944882 -0.15748 -0.291339 
vn 0.0472441 -0.834646 -0.551181 
vn -0.944882 -0.15748 -0.291339 
vn 0.0472441 -0.834646 -0.551181 
vn -0.976378 -0.15748 -0.15748 
vn 0.102362 -0.889764 -0.440945 
vn -0.976378 -0.15748 -0.15748 
vn 0.102362 -0.889764 -0.440945 
vn -0.984252 -0.181102 -0.023622 
vn -0.984252 -0.181102 -0.023622 
vn 0.133858 -0.937008 -0.322835 
vn 0.133858 -0.937008 -0.322835 
vn 0.149606 -0.968504 -0.188976 
vn 0.149606 -0.968504 -0.188976 
vn -0.968504 -0.212598 0.110236 
vn -0.968504 -0.212598 0.110236 
vn 0.535433 0.811024 -0.23622 
vn 0.480315 0.771654 -0.425197 
vn 0.480315 0.771654 -0.425197 
vn 0.480315 0.771654 -0.425197 
vn 0.401575 0.700787 -0.590551 
vn 0.401575 0.700787 -0.590551 
vn 0.480315 0.771654 -0.425197 
vn 0.535433 0.811024 -0.23622 
vn 0.566929 0.818898 -0.0472441 
vn 0.535433 0.811024 -0.23622 
vn 0.535433 0.811024 -0.23622 
vn 0.566929 0.818898 -0.0472441 
vn 0.582677 0.80315 0.149606 
vn 0.566929 0.818898 -0.0472441 
vn 0.566929 0.818898 -0.0472441 
vn 0.582677 0.80315 0.149606 
vn 0.574803 0.748031 0.338583 
vn 0.582677 0.80315 0.149606 
vn 0.582677 0.80315 0.149606 
vn 0.574803 0.748031 0.338583 
vn 0.543307 0.669291 0.511811 
vn 0.574803 0.748031 0.338583 
vn 0.574803 0.748031 0.338583 
vn 0.543307 0.669291 0.511811 
vn 0.488189 0.559055 0.669291 
vn 0.543307 0.669291 0.511811 
vn 0.543307 0.669291 0.511811 
vn 0.488189 0.559055 0.669291 
vn 0.417323 0.433071 0.795276 
vn 0.488189 0.559055 0.669291 
vn 0.488189 0.559055 0.669291 
vn 0.417323 0.433071 0.795276 
vn 0.330709 0.283465 0.897638 
vn 0.417323 0.433071 0.795276 
vn 0.417323 0.433071 0.795276 
vn 0.330709 0.283465 0.897638 
vn 0.228346 0.133858 0.96063 
vn 0.330709 0.283465 0.897638 
vn 0.330709 0.283465 0.897638 
vn 0.228346 0.133858 0.96063 
vn 0.125984 -0.0314961 0.992126 
vn 0.228346 0.133858 0.96063 
vn 0.228346 0.133858 0.96063 
vn 0.125984 -0.0314961 0.992126 
vn 0.125984 -0.0314961 0.992126 
vn 0.125984 -0.0314961 0.992126 
vn 0.00787402 -0.188976 0.984252 
vn 0.00787402 -0.188976 0.984252 
vn 0.00787402 -0.188976 0.984252 
vn 0.00787402 -0.188976 0.984252 
vn -0.102362 -0.338583 0.937008 
vn -0.102362 -0.338583 0.937008 
vn -0.102362 -0.338583 0.937008 
vn -0.212598 -0.480315 0.850394 
vn -0.102362 -0.338583 0.937008 
vn -0.212598 -0.480315 0.850394 
vn -0.314961 -0.598425 0.732283 
vn -0.212598 -0.480315 0.850394 
vn -0.212598 -0.480315 0.850394 
vn -0.314961 -0.598425 0.732283 
vn -0.409449 -0.700787 0.590551 
vn -0.314961 -0.598425 0.732283 
vn -0.314961 -0.598425 0.732283 
vn -0.409449 -0.700787 0.590551 
vn -0.480315 -0.771654 0.425197 
vn -0.409449 -0.700787 0.590551 
vn -0.409449 -0.700787 0.590551 
vn -0.480315 -0.771654 0.425197 
vn -0.535433 -0.811024 0.23622 
vn -0.480315 -0.771654 0.425197 
vn -0.480315 -0.771654 0.425197 
vn -0.535433 -0.811024 0.23622 
vn -0.566929 -0.818898 0.0472441 
vn -0.535433 -0.811024 0.23622 
vn -0.535433 -0.811024 0.23622 
vn -0.566929 -0.818898 0.0472441 
vn -0.582677 -0.795276 -0.149606 
vn -0.582677 -0.795276 -0.149606 
vn -0.566929 -0.818898 0.0472441 
vn -0.566929 -0.818898 0.0472441 
vn -0.582677 -0.795276 -0.149606 
vn -0.582677 -0.795276 -0.149606 
vn 0.181102 -0.559055 -0.811024 
vn 0.259843 -0.425197 -0.866142 
vn 0.259843 -0.425197 -0.866142 
vn 0.354331 -0.291339 -0.889764 
vn 0.259843 -0.425197 -0.866142 
vn 0.354331 -0.291339 -0.889764 
vn 0.354331 -0.291339 -0.889764 
vn 0.448819 -0.165354 -0.88189 
vn 0.448819 -0.165354 -0.88189 
vn 0.448819 -0.165354 -0.88189 
vn 0.543307 -0.0393701 -0.84252 
vn 0.543307 -0.0393701 -0.84252 
vn 0.543307 -0.0393701 -0.84252 
vn 0.629921 0.0787402 -0.771654 
vn 0.629921 0.0787402 -0.771654 
vn 0.629921 0.0787402 -0.771654 
vn 0.716535 0.181102 -0.677165 
vn 0.716535 0.181102 -0.677165 
vn 0.716535 0.181102 -0.677165 
vn 0.787402 0.259843 -0.551181 
vn 0.787402 0.259843 -0.551181 
vn 0.787402 0.259843 -0.551181 
vn 0.850394 0.322835 -0.417323 
vn 0.850394 0.322835 -0.417323 
vn 0.850394 0.322835 -0.417323 
vn 0.897638 0.354331 -0.259843 
vn 0.897638 0.354331 -0.259843 
vn 0.897638 0.354331 -0.259843 
vn 0.929134 0.362205 -0.102362 
vn 0.929134 0.362205 -0.102362 
vn 0.929134 0.362205 -0.102362 
vn 0.937008 0.346457 0.0551181 
vn 0.937008 0.346457 0.0551181 
vn 0.937008 0.346457 0.0551181 
vn 0.929134 0.299213 0.212598 
vn 0.929134 0.299213 0.212598 
vn 0.929134 0.299213 0.212598 
vn 0.905512 0.23622 0.362205 
vn 0.905512 0.23622 0.362205 
vn 0.858268 0.149606 0.488189 
vn 0.905512 0.23622 0.362205 
vn 0.858268 0.149606 0.488189 
vn 0.858268 0.149606 0.488189 
vn 0.188976 -0.818898 0.543307 
vn 0.188976 -0.818898 0.543307 
vn 0.275591 -0.716535 0.637795 
vn 0.275591 -0.716535 0.637795 
vn 0.275591 -0.716535 0.637795 
vn 0.370079 -0.598425 0.708661 
vn 0.370079 -0.598425 0.708661 
vn 0.370079 -0.598425 0.708661 
vn 0.464567 -0.472441 0.748031 
vn 0.464567 -0.472441 0.748031 
vn 0.464567 -0.472441 0.748031 
vn 0.559055 -0.338583 0.755906 
vn 0.559055 -0.338583 0.755906 
vn 0.559055 -0.338583 0.755906 
vn -0.968504 -0.212598 0.110236 
vn -0.984252 -0.181102 -0.023622 
vn -0.984252 -0.181102 -0.023622 
vn -0.937008 -0.259843 0.228346 
vn -0.968504 -0.212598 0.110236 
vn -0.937008 -0.259843 0.228346 
vn -0.88189 -0.314961 0.338583 
vn -0.88189 -0.314961 0.338583 
vn -0.811024 -0.385827 0.433071 
vn -0.811024 -0.385827 0.433071 
vn -0.724409 -0.464567 0.503937 
vn -0.724409 -0.464567 0.503937 
vn -0.629921 -0.543307 0.559055 
vn -0.629921 -0.543307 0.559055 
vn -0.519685 -0.622047 0.582677 
vn -0.519685 -0.622047 0.582677 
vn -0.409449 -0.708661 0.574803 
vn -0.409449 -0.708661 0.574803 
vn 0.433071 -0.456693 0.771654 
vn 0.535433 -0.330709 0.779528 
vn 0.535433 -0.330709 0.779528 
vn 0.433071 -0.464567 0.771654 
vn 0.433071 -0.456693 0.771654 
vn 0.629921 -0.19685 0.748031 
vn 0.535433 -0.322835 0.779528 
vn 0.629921 -0.19685 0.748031 
vn 0.716535 -0.0708661 0.692913 
vn 0.629921 -0.19685 0.748031 
vn 0.724409 -0.0708661 0.692913 
vn 0.795276 0.0393701 0.598425 
vn 0.724409 -0.0708661 0.685039 
vn 0.80315 0.0393701 0.598425 
vn 0.80315 0.0472441 0.598425 
vn 0.866142 0.141732 0.480315 
vn 0.866142 0.133858 0.480315 
vn 0.913386 0.212598 0.346457 
vn 0.866142 0.133858 0.488189 
vn 0.913386 0.212598 0.354331 
vn 0.913386 0.212598 0.354331 
vn -0.574803 -0.748031 -0.338583 
vn -0.582677 -0.795276 -0.149606 
vn -0.582677 -0.795276 -0.149606 
vn -0.574803 -0.748031 -0.338583 
vn -0.543307 -0.669291 -0.511811 
vn -0.582677 -0.795276 -0.149606 
vn -0.543307 -0.669291 -0.511811 
vn -0.574803 -0.748031 -0.338583 
vn -0.582677 -0.795276 -0.149606 
vn -0.488189 -0.559055 -0.669291 
vn -0.574803 -0.748031 -0.338583 
vn -0.543307 -0.669291 -0.511811 
vn -0.543307 -0.669291 -0.511811 
vn -0.488189 -0.559055 -0.669291 
vn -0.417323 -0.433071 -0.795276 
vn -0.488189 -0.559055 -0.669291 
vn -0.488189 -0.559055 -0.669291 
vn -0.417323 -0.433071 -0.795276 
vn -0.330709 -0.291339 -0.897638 
vn -0.417323 -0.433071 -0.795276 
vn -0.417323 -0.433071 -0.795276 
vn -0.330709 -0.291339 -0.897638 
vn -0.228346 -0.133858 -0.96063 
vn -0.330709 -0.291339 -0.897638 
vn -0.330709 -0.291339 -0.897638 
vn -0.228346 -0.133858 -0.96063 
vn -0.125984 0.0314961 -0.992126 
vn -0.228346 -0.133858 -0.96063 
vn -0.228346 -0.133858 -0.96063 
vn -0.125984 0.0314961 -0.992126 
vn -0.00787402 0.188976 -0.984252 
vn -0.125984 0.0314961 -0.992126 
vn -0.125984 0.0314961 -0.992126 
vn -0.00787402 0.188976 -0.984252 
vn -0.00787402 0.188976 -0.984252 
vn -0.00787402 0.188976 -0.984252 
vn 0.102362 0.338583 -0.937008 
vn 0.102362 0.338583 -0.937008 
vn 0.102362 0.338583 -0.937008 
vn 0.102362 0.338583 -0.937008 
vn 0.212598 0.480315 -0.850394 
vn 0.212598 0.480315 -0.850394 
vn 0.314961 0.598425 -0.732283 
vn 0.212598 0.480315 -0.850394 
vn 0.212598 0.480315 -0.850394 
vn 0.314961 0.598425 -0.732283 
vn 0.401575 0.700787 -0.590551 
vn 0.314961 0.598425 -0.732283 
vn 0.314961 0.598425 -0.732283 
vn 0.401575 0.700787 -0.590551 
vn -0.543307 0.0393701 0.84252 
vn -0.629921 -0.0787402 0.771654 
vn -0.629921 -0.0787402 0.771654 
vn -0.543307 0.0393701 0.84252 
vn -0.448819 0.165354 0.88189 
vn -0.448819 0.165354 0.88189 
vn -0.354331 0.291339 0.889764 
vn -0.354331 0.291339 0.889764 
vn -0.259843 0.425197 0.866142 
vn -0.259843 0.425197 0.866142 
vn -0.181102 0.559055 0.811024 
vn -0.181102 0.559055 0.811024 
vn -0.110236 0.677165 0.724409 
vn -0.110236 0.677165 0.724409 
vn -0.0472441 0.779528 0.622047 
vn -0.0472441 0.779528 0.622047 
vn -0.00787402 0.874016 0.488189 
vn -0.00787402 0.874016 0.488189 
vn 0.023622 0.937008 0.346457 
vn 0.023622 0.937008 0.346457 
vn 0.0314961 0.984252 0.188976 
vn 0.0314961 0.984252 0.188976 
vn 0.0314961 0.984252 0.188976 
vn 0.015748 1 0.023622 
vn 0.0314961 0.984252 0.188976 
vn 0.015748 1 0.023622 
vn -0.00787402 0.992126 -0.133858 
vn -0.00787402 0.992126 -0.133858 
vn -0.0551181 0.96063 -0.283465 
vn -0.0551181 0.96063 -0.283465 
vn -0.11811 0.897638 -0.425197 
vn -0.11811 0.897638 -0.425197 
vn -0.188976 0.818898 -0.543307 
vn -0.188976 0.818898 -0.543307 
vn -0.275591 0.716535 -0.637795 
vn -0.275591 0.716535 -0.637795 
vn -0.370079 0.598425 -0.708661 
vn -0.370079 0.598425 -0.708661 
vn -0.456693 0.472441 -0.748031 
vn -0.456693 0.472441 -0.748031 
vn -0.559055 0.338583 -0.755906 
vn -0.559055 0.338583 -0.755906 
vn -0.645669 0.212598 -0.732283 
vn -0.645669 0.212598 -0.732283 
vn -0.724409 0.0787402 -0.677165 
vn -0.724409 0.0787402 -0.677165 
vn -0.80315 -0.0393701 -0.598425 
vn -0.80315 -0.0393701 -0.598425 
vn -0.755906 0.598425 -0.267717 
vn -0.755906 0.598425 -0.267717 
vn -0.795276 0.598425 -0.0787402 
vn -0.795276 0.598425 -0.0787402 
vn -0.677165 0.582677 -0.448819 
vn -0.677165 0.582677 -0.448819 
vn -0.582677 0.535433 -0.614173 
vn -0.582677 0.535433 -0.614173 
vn -0.456693 0.472441 -0.748031 
vn -0.456693 0.472441 -0.748031 
vn -0.322835 0.393701 -0.866142 
vn -0.322835 0.393701 -0.866142 
vn -0.165354 0.299213 -0.937008 
vn -0.165354 0.299213 -0.937008 
vn -0.00787402 0.188976 -0.984252 
vn -0.00787402 0.188976 -0.984252 
vn 0.149606 0.0708661 -0.984252 
vn 0.149606 0.0708661 -0.984252 
vn 0.299213 -0.0472441 -0.952756 
vn 0.299213 -0.0472441 -0.952756 
vn 0.440945 -0.15748 -0.88189 
vn 0.440945 -0.15748 -0.88189 
vn 0.566929 -0.267717 -0.779528 
vn 0.566929 -0.267717 -0.779528 
vn 0.669291 -0.370079 -0.645669 
vn 0.669291 -0.370079 -0.645669 
vn 0.748031 -0.456693 -0.480315 
vn 0.748031 -0.456693 -0.480315 
vn 0.795276 -0.519685 -0.307087 
vn 0.795276 -0.519685 -0.307087 
vn 0.811024 -0.566929 -0.11811 
vn 0.811024 -0.566929 -0.11811 
vn 0.795276 -0.598425 0.0787402 
vn 0.795276 -0.598425 0.0787402 
vn -0.755906 0.598425 -0.267717 
vn -0.755906 0.598425 -0.267717 
vn -0.795276 0.598425 -0.0787402 
vn -0.795276 0.598425 -0.0787402 
vn -0.677165 0.582677 -0.448819 
vn -0.677165 0.582677 -0.448819 
vn -0.582677 0.535433 -0.614173 
vn -0.582677 0.535433 -0.614173 
vn -0.456693 0.472441 -0.748031 
vn -0.456693 0.472441 -0.748031 
vn -0.322835 0.393701 -0.866142 
vn -0.322835 0.393701 -0.866142 
vn -0.165354 0.299213 -0.937008 
vn -0.165354 0.299213 -0.937008 
vn -0.00787402 0.188976 -0.984252 
vn -0.00787402 0.188976 -0.984252 
vn 0.149606 0.0708661 -0.984252 
vn 0.149606 0.0708661 -0.984252 
vn 0.299213 -0.0472441 -0.952756 
vn 0.299213 -0.0472441 -0.952756 
vn 0.440945 -0.15748 -0.88189 
vn 0.440945 -0.15748 -0.88189 
vn 0.566929 -0.267717 -0.779528 
vn 0.566929 -0.267717 -0.779528 
vn 0.669291 -0.370079 -0.645669 
vn 0.669291 -0.370079 -0.645669 
vn 0.748031 -0.456693 -0.480315 
vn 0.748031 -0.456693 -0.480315 
vn 0.795276 -0.519685 -0.307087 
vn 0.795276 -0.519685 -0.307087 
vn 0.811024 -0.566929 -0.11811 
vn 0.811024 -0.566929 -0.11811 
vn 0.795276 -0.598425 0.0787402 
vn 0.795276 -0.598425 0.0787402 
vn 0.330709 -0.464567 -0.818898 
vn 0.425197 -0.338583 -0.84252 
vn 0.417323 -0.338583 -0.84252 
vn 0.511811 -0.220472 -0.826772 
vn 0.425197 -0.338583 -0.84252 
vn 0.511811 -0.220472 -0.826772 
vn 0.511811 -0.220472 -0.834646 
vn 0.598425 -0.102362 -0.795276 
vn 0.598425 -0.102362 -0.795276 
vn 0.598425 -0.102362 -0.795276 
vn 0.685039 0 -0.724409 
vn 0.685039 0 -0.732283 
vn 0.685039 0 -0.732283 
vn 0.76378 0.102362 -0.637795 
vn 0.76378 0.0944882 -0.637795 
vn 0.76378 0.0944882 -0.637795 
vn 0.826772 0.181102 -0.527559 
vn 0.826772 0.181102 -0.527559 
vn 0.826772 0.181102 -0.527559 
vn 0.88189 0.23622 -0.401575 
vn 0.88189 0.23622 -0.401575 
vn 0.88189 0.244094 -0.401575 
vn 0.92126 0.283465 -0.259843 
vn 0.92126 0.283465 -0.259843 
vn 0.92126 0.283465 -0.259843 
vn 0.944882 0.299213 -0.110236 
vn 0.944882 0.299213 -0.110236 
vn 0.944882 0.299213 -0.102362 
vn 0.952756 0.291339 0.0472441 
vn 0.952756 0.291339 0.0472441 
vn 0.952756 0.291339 0.0551181 
vn 0.944882 0.267717 0.19685 
vn 0.944882 0.267717 0.204724 
vn 0.944882 0.259843 0.204724 
vn 0.913386 0.212598 0.354331 
vn 0.913386 0.212598 0.354331 
vn 0.913386 0.212598 0.346457 
vn 0.0314961 -0.952756 0.291339 
vn 0.0866142 -0.889764 0.440945 
vn 0.0866142 -0.897638 0.440945 
vn 0.0314961 -0.952756 0.291339 
vn 0.0866142 -0.897638 0.433071 
vn 0.15748 -0.811024 0.559055 
vn 0.15748 -0.811024 0.566929 
vn 0.15748 -0.811024 0.566929 
vn 0.244094 -0.708661 0.661417 
vn 0.244094 -0.708661 0.661417 
vn 0.244094 -0.708661 0.661417 
vn 0.338583 -0.590551 0.732283 
vn 0.338583 -0.590551 0.732283 
vn 0.433071 -0.456693 0.771654 
vn 0.338583 -0.590551 0.732283 
vn 0.433071 -0.456693 0.771654 
vn 0.433071 -0.464567 0.771654 
vn 0.795276 -0.598425 0.0787402 
vn 0.811024 -0.566929 -0.11811 
vn 0.811024 -0.566929 -0.11811 
vn 0.795276 -0.598425 0.0787402 
vn 0.795276 -0.519685 -0.307087 
vn 0.795276 -0.519685 -0.307087 
vn 0.748031 -0.456693 -0.480315 
vn 0.748031 -0.456693 -0.480315 
vn 0.669291 -0.370079 -0.645669 
vn 0.669291 -0.370079 -0.645669 
vn 0.566929 -0.267717 -0.779528 
vn 0.566929 -0.267717 -0.779528 
vn 0.440945 -0.15748 -0.88189 
vn 0.440945 -0.15748 -0.88189 
vn 0.299213 -0.0472441 -0.952756 
vn 0.299213 -0.0472441 -0.952756 
vn 0.149606 0.0708661 -0.984252 
vn 0.149606 0.0708661 -0.984252 
vn -0.00787402 0.188976 -0.984252 
vn -0.00787402 0.188976 -0.984252 
vn -0.165354 0.299213 -0.937008 
vn -0.165354 0.299213 -0.937008 
vn -0.322835 0.393701 -0.866142 
vn -0.322835 0.393701 -0.866142 
vn -0.456693 0.472441 -0.748031 
vn -0.456693 0.472441 -0.748031 
vn -0.582677 0.535433 -0.614173 
vn -0.582677 0.535433 -0.614173 
vn -0.677165 0.582677 -0.448819 
vn -0.677165 0.582677 -0.448819 
vn -0.755906 0.598425 -0.267717 
vn -0.755906 0.598425 -0.267717 
vn -0.795276 0.598425 -0.0787402 
vn -0.795276 0.598425 -0.0787402 
vn -0.795276 0.598425 -0.0787402 
vn -0.811024 0.566929 0.11811 
vn -0.795276 0.598425 -0.0787402 
vn -0.811024 0.566929 0.11811 
vn -0.795276 0.519685 0.307087 
vn -0.795276 0.519685 0.307087 
vn -0.748031 0.456693 0.480315 
vn -0.748031 0.456693 0.480315 
vn -0.669291 0.370079 0.645669 
vn -0.669291 0.370079 0.645669 
vn -0.566929 0.267717 0.779528 
vn -0.566929 0.267717 0.779528 
vn -0.440945 0.15748 0.88189 
vn -0.440945 0.15748 0.88189 
vn -0.299213 0.0472441 0.952756 
vn -0.299213 0.0472441 0.952756 
vn -0.149606 -0.0708661 0.984252 
vn -0.149606 -0.0708661 0.984252 
vn 0.00787402 -0.188976 0.984252 
vn 0.00787402 -0.188976 0.984252 
vn 0.165354 -0.299213 0.937008 
vn 0.165354 -0.299213 0.937008 
vn 0.322835 -0.393701 0.866142 
vn 0.322835 -0.393701 0.866142 
vn 0.456693 -0.472441 0.748031 
vn 0.456693 -0.472441 0.748031 
vn 0.582677 -0.535433 0.614173 
vn 0.582677 -0.535433 0.614173 
vn 0.677165 -0.582677 0.448819 
vn 0.677165 -0.582677 0.448819 
vn 0.755906 -0.598425 0.267717 
vn 0.755906 -0.598425 0.267717 
vn 0.795276 -0.598425 0.0787402 
vn 0.795276 -0.598425 0.0787402 
vn -0.795276 0.598425 -0.0787402 
vn -0.811024 0.566929 0.11811 
vn -0.795276 0.598425 -0.0787402 
vn -0.811024 0.566929 0.11811 
vn -0.795276 0.519685 0.307087 
vn -0.795276 0.519685 0.307087 
vn -0.748031 0.456693 0.480315 
vn -0.748031 0.456693 0.480315 
vn -0.669291 0.370079 0.645669 
vn -0.669291 0.370079 0.645669 
vn -0.566929 0.267717 0.779528 
vn -0.566929 0.267717 0.779528 
vn -0.440945 0.15748 0.88189 
vn -0.440945 0.15748 0.88189 
vn -0.299213 0.0472441 0.952756 
vn -0.299213 0.0472441 0.952756 
vn -0.149606 -0.0708661 0.984252 
vn -0.149606 -0.0708661 0.984252 
vn 0.00787402 -0.188976 0.984252 
vn 0.00787402 -0.188976 0.984252 
vn 0.165354 -0.299213 0.937008 
vn 0.165354 -0.299213 0.937008 
vn 0.322835 -0.393701 0.866142 
vn 0.322835 -0.393701 0.866142 
vn 0.456693 -0.472441 0.748031 
vn 0.456693 -0.472441 0.748031 
vn 0.582677 -0.535433 0.614173 
vn 0.582677 -0.535433 0.614173 
vn 0.677165 -0.582677 0.448819 
vn 0.677165 -0.582677 0.448819 
vn 0.755906 -0.598425 0.267717 
vn 0.755906 -0.598425 0.267717 
vn 0.795276 -0.598425 0.0787402 
vn 0.795276 -0.598425 0.0787402 
vn -0.811024 0.566929 0.11811 
vn -0.795276 0.519685 0.307087 
vn -0.811024 0.566929 0.11811 
vn -0.795276 0.598425 -0.0787402 
vn -0.795276 0.598425 -0.0787402 
vn -0.795276 0.519685 0.307087 
vn -0.748031 0.456693 0.480315 
vn -0.748031 0.456693 0.480315 
vn -0.669291 0.370079 0.645669 
vn -0.669291 0.370079 0.645669 
vn -0.566929 0.267717 0.779528 
vn -0.566929 0.267717 0.779528 
vn -0.440945 0.15748 0.88189 
vn -0.440945 0.15748 0.88189 
vn -0.299213 0.0472441 0.952756 
vn -0.299213 0.0472441 0.952756 
vn -0.149606 -0.0708661 0.984252 
vn -0.149606 -0.0708661 0.984252 
vn 0.00787402 -0.188976 0.984252 
vn 0.00787402 -0.188976 0.984252 
vn 0.165354 -0.299213 0.937008 
vn 0.165354 -0.299213 0.937008 
vn 0.322835 -0.393701 0.866142 
vn 0.322835 -0.393701 0.866142 
vn 0.456693 -0.472441 0.748031 
vn 0.456693 -0.472441 0.748031 
vn 0.582677 -0.535433 0.614173 
vn 0.582677 -0.535433 0.614173 
vn 0.677165 -0.582677 0.448819 
vn 0.677165 -0.582677 0.448819 
vn 0.755906 -0.598425 0.267717 
vn 0.755906 -0.598425 0.267717 
vn 0.795276 -0.598425 0.0787402 
vn 0.795276 -0.598425 0.0787402 
vn -0.511811 0.00787402 0.858268 
vn -0.606299 -0.110236 0.787402 
vn -0.606299 -0.110236 0.787402 
vn -0.511811 0.00787402 0.858268 
vn -0.417323 0.141732 0.897638 
vn -0.417323 0.141732 0.897638 
vn -0.330709 0.275591 0.905512 
vn -0.322835 0.283465 0.905512 
vn -0.244094 0.417323 0.874016 
vn -0.244094 0.417323 0.874016 
vn -0.165354 0.551181 0.818898 
vn -0.165354 0.551181 0.818898 
vn -0.110236 0.677165 0.732283 
vn -0.102362 0.677165 0.724409 
vn -0.0551181 0.787402 0.614173 
vn -0.0629921 0.779528 0.622047 
vn -0.0314961 0.874016 0.480315 
vn -0.0314961 0.874016 0.488189 
vn -0.015748 0.944882 0.338583 
vn -0.015748 0.937008 0.346457 
vn -0.023622 0.984252 0.19685 
vn -0.023622 0.984252 0.181102 
vn 0.503937 -0.496063 0.700787 
vn 0.598425 -0.370079 0.708661 
vn 0.598425 -0.370079 0.708661 
vn 0.503937 -0.496063 0.700787 
vn 0.503937 -0.496063 0.700787 
vn 0.677165 -0.244094 0.692913 
vn 0.598425 -0.370079 0.708661 
vn 0.677165 -0.244094 0.692913 
vn 0.755906 -0.125984 0.637795 
vn 0.677165 -0.244094 0.692913 
vn 0.755906 -0.125984 0.637795 
vn 0.826772 -0.00787402 0.559055 
vn 0.755906 -0.125984 0.637795 
vn 0.826772 -0.00787402 0.559055 
vn 0.826772 -0.00787402 0.559055 
vn 0.88189 0.0944882 0.456693 
vn 0.88189 0.0944882 0.456693 
vn 0.929134 0.173228 0.330709 
vn 0.88189 0.0944882 0.456693 
vn 0.929134 0.173228 0.330709 
vn 0.929134 0.173228 0.330709 
vn -0.0314961 -0.984252 -0.188976 
vn -0.015748 -1 -0.023622 
vn -0.015748 -1 -0.023622 
vn -0.0314961 -0.984252 -0.188976 
vn -0.023622 -0.937008 -0.346457 
vn 0.00787402 -0.992126 0.133858 
vn -0.0314961 -0.984252 -0.188976 
vn -0.023622 -0.937008 -0.346457 
vn 0.00787402 -0.874016 -0.488189 
vn -0.015748 -1 -0.023622 
vn -0.023622 -0.937008 -0.346457 
vn 0.00787402 -0.992126 0.133858 
vn 0.0551181 -0.96063 0.283465 
vn 0.00787402 -0.992126 0.133858 
vn 0.0551181 -0.96063 0.283465 
vn 0.11811 -0.897638 0.425197 
vn 0.0551181 -0.96063 0.283465 
vn 0.00787402 -0.874016 -0.488189 
vn 0.00787402 -0.874016 -0.488189 
vn 0.0472441 -0.779528 -0.622047 
vn 0.11811 -0.897638 0.425197 
vn 0.11811 -0.897638 0.425197 
vn 0.188976 -0.818898 0.543307 
vn 0.0472441 -0.779528 -0.622047 
vn 0.110236 -0.677165 -0.724409 
vn 0.0472441 -0.779528 -0.622047 
vn 0.110236 -0.677165 -0.724409 
vn 0.110236 -0.677165 -0.724409 
vn 0.181102 -0.559055 -0.811024 
vn 0.181102 -0.559055 -0.811024 
vn -0.937008 -0.346457 -0.0551181 
vn -0.929134 -0.362205 0.102362 
vn -0.937008 -0.346457 -0.0551181 
vn -0.929134 -0.299213 -0.212598 
vn -0.929134 -0.362205 0.102362 
vn -0.929134 -0.299213 -0.212598 
vn -0.897638 -0.354331 0.259843 
vn -0.905512 -0.23622 -0.362205 
vn -0.897638 -0.354331 0.259843 
vn -0.905512 -0.23622 -0.362205 
vn -0.850394 -0.322835 0.417323 
vn -0.858268 -0.149606 -0.488189 
vn -0.850394 -0.322835 0.417323 
vn -0.858268 -0.149606 -0.488189 
vn -0.80315 -0.0393701 -0.598425 
vn -0.80315 -0.0393701 -0.598425 
vn -0.787402 -0.259843 0.551181 
vn -0.787402 -0.259843 0.551181 
vn -0.716535 -0.181102 0.677165 
vn -0.716535 -0.181102 0.677165 
vn -0.023622 0.984252 0.181102 
vn -0.0472441 1 0.0393701 
vn -0.023622 0.984252 0.19685 
vn -0.0472441 1 0.0314961 
vn -0.0866142 0.992126 -0.110236 
vn -0.0866142 0.992126 -0.11811 
vn -0.133858 0.96063 -0.251969 
vn -0.141732 0.952756 -0.259843 
vn -0.204724 0.905512 -0.377953 
vn -0.204724 0.897638 -0.385827 
vn -0.275591 0.826772 -0.488189 
vn -0.275591 0.826772 -0.488189 
vn -0.354331 0.732283 -0.582677 
vn -0.354331 0.732283 -0.574803 
vn -0.440945 0.629921 -0.645669 
vn -0.440945 0.629921 -0.645669 
vn -0.527559 0.511811 -0.677165 
vn -0.527559 0.511811 -0.685039 
vn -0.614173 0.385827 -0.692913 
vn -0.606299 0.385827 -0.692913 
vn -0.692913 0.251969 -0.677165 
vn -0.692913 0.259843 -0.677165 
vn -0.76378 0.125984 -0.629921 
vn -0.76378 0.133858 -0.629921 
vn -0.826772 0.00787402 -0.559055 
vn -0.826772 0.00787402 -0.559055 
vn -0.015748 -0.984252 -0.188976 
vn -0.015748 -0.984252 -0.181102 
vn -0.023622 -1 -0.023622 
vn -0.023622 -1 -0.023622 
vn 0 -0.992126 0.141732 
vn 0.00787402 -0.944882 -0.338583 
vn 0 -0.992126 0.133858 
vn -0.023622 -1 -0.0314961 
vn 0.0314961 -0.952756 0.299213 
vn -0.015748 -0.984252 -0.188976 
vn 0 -0.992126 0.133858 
vn 0.00787402 -0.937008 -0.338583 
vn 0.00787402 -0.937008 -0.346457 
vn 0.0393701 -0.874016 -0.480315 
vn 0.0472441 -0.874016 -0.480315 
vn 0.0944882 -0.795276 -0.598425 
vn 0.0472441 -0.874016 -0.488189 
vn 0.102362 -0.787402 -0.606299 
vn 0.165354 -0.692913 -0.700787 
vn 0.102362 -0.787402 -0.606299 
vn 0.165354 -0.692913 -0.700787 
vn 0.244094 -0.582677 -0.771654 
vn 0.173228 -0.685039 -0.708661 
vn 0.244094 -0.582677 -0.779528 
vn 0.244094 -0.574803 -0.779528 
vn 0.330709 -0.456693 -0.826772 
vn 0.330709 -0.464567 -0.826772 
vn 0.811024 -0.566929 -0.11811 
vn 0.811024 -0.566929 -0.11811 
vn 0.811024 -0.566929 -0.11811 
vn 0.811024 -0.566929 -0.11811 
vn 0.811024 -0.566929 -0.11811 
vn 0.811024 -0.566929 -0.11811 
vn 0.811024 -0.566929 -0.11811 
vn 0.811024 -0.566929 -0.11811 
vn 0.811024 -0.566929 -0.11811 
vn 0.811024 -0.566929 -0.11811 
vn 0.811024 -0.566929 -0.11811 
vn 0.811024 -0.566929 -0.11811 
vn 0.811024 -0.566929 -0.11811 
vn 0.811024 -0.566929 -0.11811 
vn 0.811024 -0.566929 -0.11811 
vn 0.811024 -0.566929 -0.11811 
vn 0.811024 -0.566929 -0.11811 
vn 0.811024 -0.566929 -0.11811 
vn 0.811024 -0.566929 -0.11811 
vn 0.811024 -0.566929 -0.11811 
vn 0.811024 -0.566929 -0.11811 
vn 0.811024 -0.566929 -0.11811 
vn 0.811024 -0.566929 -0.11811 
vn 0.811024 -0.566929 -0.11811 
vn 0.811024 -0.566929 -0.11811 
vn 0.811024 -0.566929 -0.11811 
vn 0.811024 -0.566929 -0.11811 
vn 0.811024 -0.566929 -0.11811 
vn 0.811024 -0.566929 -0.11811 
vn 0.811024 -0.566929 -0.11811 
vn 0.811024 -0.566929 -0.11811 
vn 0.811024 -0.566929 -0.11811 
vn -0.748031 -0.125984 0.653543 
vn -0.669291 -0.0314961 0.740157 
vn -0.669291 -0.0314961 0.740157 
vn -0.582677 0.0787402 0.811024 
vn -0.582677 0.0787402 0.811024 
vn -0.488189 0.19685 0.850394 
vn -0.488189 0.19685 0.850394 
vn -0.401575 0.322835 0.858268 
vn -0.401575 0.322835 0.858268 
vn -0.314961 0.456693 0.834646 
vn -0.314961 0.456693 0.834646 
vn -0.23622 0.574803 0.779528 
vn -0.23622 0.574803 0.779528 
vn -0.165354 0.692913 0.700787 
vn -0.165354 0.692913 0.700787 
vn -0.110236 0.795276 0.598425 
vn -0.110236 0.795276 0.598425 
vn -0.0708661 0.874016 0.480315 
vn -0.0708661 0.874016 0.480315 
vn -0.0472441 0.937008 0.338583 
vn -0.0472441 0.937008 0.338583 
vn -0.944882 -0.330709 -0.0472441 
vn -0.929134 -0.362205 0.102362 
vn -0.92126 -0.362205 0.110236 
vn -0.889764 -0.370079 0.267717 
vn -0.944882 -0.330709 -0.0629921 
vn -0.889764 -0.370079 0.259843 
vn -0.937008 -0.283465 -0.204724 
vn -0.84252 -0.338583 0.425197 
vn -0.937008 -0.275591 -0.212598 
vn -0.84252 -0.338583 0.417323 
vn -0.92126 -0.204724 -0.338583 
vn -0.771654 -0.291339 0.566929 
vn -0.913386 -0.19685 -0.346457 
vn -0.779528 -0.291339 0.559055 
vn -0.88189 -0.102362 -0.456693 
vn -0.692913 -0.212598 0.685039 
vn -0.88189 -0.102362 -0.464567 
vn -0.826772 0.00787402 -0.559055 
vn -0.826772 0.00787402 -0.559055 
vn -0.692913 -0.212598 0.685039 
vn 0.0393701 -0.984252 -0.188976 
vn 0.0472441 -1 -0.0314961 
vn 0.0472441 -1 -0.0314961 
vn 0.0393701 -0.984252 -0.188976 
vn 0.0472441 -0.937008 -0.338583 
vn 0.0787402 -0.992126 0.11811 
vn 0.0393701 -0.984252 -0.188976 
vn 0.0472441 -0.937008 -0.338583 
vn 0.0708661 -0.874016 -0.480315 
vn 0.0472441 -1 -0.0314961 
vn 0.0472441 -0.937008 -0.338583 
vn 0.0787402 -0.992126 0.11811 
vn 0.11811 -0.96063 0.259843 
vn 0.0787402 -0.992126 0.11811 
vn 0.11811 -0.96063 0.259843 
vn 0.173228 -0.905512 0.393701 
vn 0.11811 -0.96063 0.259843 
vn 0.173228 -0.905512 0.393701 
vn 0.173228 -0.905512 0.393701 
vn 0.251969 -0.826772 0.511811 
vn 0.251969 -0.826772 0.511811 
vn 0.251969 -0.826772 0.511811 
vn 0.330709 -0.732283 0.598425 
vn 0.330709 -0.732283 0.598425 
vn 0.330709 -0.732283 0.598425 
vn 0.417323 -0.622047 0.669291 
vn 0.417323 -0.622047 0.669291 
vn 0.503937 -0.496063 0.700787 
vn 0.417323 -0.622047 0.669291 
vn 0.503937 -0.496063 0.700787 
vn 0.503937 -0.496063 0.700787 
vn -0.0472441 0.937008 0.338583 
vn -0.0393701 0.984252 0.188976 
vn -0.0393701 0.984252 0.188976 
vn -0.0472441 0.937008 0.338583 
vn -0.0472441 1 0.0314961 
vn -0.0472441 1 0.0314961 
vn -0.0787402 0.992126 -0.11811 
vn -0.0787402 0.992126 -0.11811 
vn -0.11811 0.96063 -0.259843 
vn -0.11811 0.96063 -0.259843 
vn -0.181102 0.905512 -0.393701 
vn -0.181102 0.905512 -0.393701 
vn -0.244094 0.826772 -0.511811 
vn -0.244094 0.826772 -0.511811 
vn -0.330709 0.732283 -0.598425 
vn -0.330709 0.732283 -0.598425 
vn -0.417323 0.622047 -0.669291 
vn -0.417323 0.622047 -0.669291 
vn -0.503937 0.496063 -0.700787 
vn -0.503937 0.496063 -0.700787 
vn -0.598425 0.370079 -0.708661 
vn -0.598425 0.370079 -0.708661 
vn -0.677165 0.244094 -0.692913 
vn -0.677165 0.244094 -0.692913 
vn -0.755906 0.125984 -0.637795 
vn -0.755906 0.125984 -0.637795 
vn -0.826772 0.00787402 -0.559055 
vn -0.826772 0.00787402 -0.559055 
vn -0.811024 0.566929 0.11811 
vn -0.811024 0.566929 0.11811 
vn -0.811024 0.566929 0.11811 
vn -0.811024 0.566929 0.11811 
vn -0.811024 0.566929 0.11811 
vn -0.811024 0.566929 0.11811 
vn -0.811024 0.566929 0.11811 
vn -0.811024 0.566929 0.11811 
vn -0.811024 0.566929 0.11811 
vn -0.811024 0.566929 0.11811 
vn -0.811024 0.566929 0.11811 
vn -0.811024 0.566929 0.11811 
vn -0.811024 0.566929 0.11811 
vn -0.811024 0.566929 0.11811 
vn -0.811024 0.566929 0.11811 
vn -0.811024 0.566929 0.11811 
vn -0.811024 0.566929 0.11811 
vn -0.811024 0.566929 0.11811 
vn -0.811024 0.566929 0.11811 
vn -0.811024 0.566929 0.11811 
vn -0.811024 0.566929 0.11811 
vn -0.811024 0.566929 0.11811 
vn -0.811024 0.566929 0.11811 
vn -0.811024 0.566929 0.11811 
vn -0.811024 0.566929 0.11811 
vn -0.811024 0.566929 0.11811 
vn -0.811024 0.566929 0.11811 
vn -0.811024 0.566929 0.11811 
vn -0.811024 0.566929 0.11811 
vn -0.811024 0.566929 0.11811 
vn -0.811024 0.566929 0.11811 
vn -0.811024 0.566929 0.11811 
vn 0.929134 0.173228 0.330709 
vn 0.929134 0.173228 0.330709 
vn 0.952756 0.244094 0.19685 
vn 0.952756 0.244094 0.19685 
vn 0.952756 0.244094 0.19685 
vn 0.929134 0.173228 0.330709 
vn 0.96063 0.283465 0.0472441 
vn 0.96063 0.283465 0.0472441 
vn 0.96063 0.283465 0.0472441 
vn 0.944882 0.299213 -0.110236 
vn 0.944882 0.299213 -0.110236 
vn 0.944882 0.299213 -0.110236 
vn 0.92126 0.291339 -0.259843 
vn 0.92126 0.291339 -0.259843 
vn 0.92126 0.291339 -0.259843 
vn 0.874016 0.259843 -0.401575 
vn 0.874016 0.259843 -0.401575 
vn 0.874016 0.259843 -0.401575 
vn 0.818898 0.204724 -0.535433 
vn 0.818898 0.204724 -0.535433 
vn 0.818898 0.204724 -0.535433 
vn 0.748031 0.125984 -0.653543 
vn 0.748031 0.125984 -0.653543 
vn 0.748031 0.125984 -0.653543 
vn 0.669291 0.0314961 -0.748031 
vn 0.669291 0.0314961 -0.748031 
vn 0.669291 0.0314961 -0.748031 
vn 0.582677 -0.0787402 -0.811024 
vn 0.582677 -0.0787402 -0.811024 
vn 0.582677 -0.0787402 -0.811024 
vn 0.488189 -0.19685 -0.850394 
vn 0.488189 -0.19685 -0.850394 
vn 0.488189 -0.19685 -0.850394 
vn 0.401575 -0.322835 -0.858268 
vn 0.401575 -0.322835 -0.858268 
vn 0.401575 -0.322835 -0.858268 
vn 0.314961 -0.456693 -0.834646 
vn 0.314961 -0.456693 -0.834646 
vn 0.314961 -0.456693 -0.834646 
vn 0.23622 -0.574803 -0.779528 
vn 0.23622 -0.574803 -0.779528 
vn 0.23622 -0.574803 -0.779528 
vn 0.165354 -0.692913 -0.700787 
vn 0.165354 -0.692913 -0.700787 
vn 0.165354 -0.692913 -0.700787 
vn 0.110236 -0.795276 -0.598425 
vn 0.110236 -0.795276 -0.598425 
vn 0.110236 -0.795276 -0.598425 
vn 0.0708661 -0.874016 -0.480315 
vn 0.0708661 -0.874016 -0.480315 
vn -0.96063 -0.283465 -0.0472441 
vn -0.944882 -0.299213 0.110236 
vn -0.96063 -0.283465 -0.0472441 
vn -0.952756 -0.244094 -0.19685 
vn -0.944882 -0.299213 0.110236 
vn -0.952756 -0.244094 -0.19685 
vn -0.92126 -0.291339 0.259843 
vn -0.929134 -0.181102 -0.330709 
vn -0.92126 -0.291339 0.259843 
vn -0.929134 -0.181102 -0.330709 
vn -0.874016 -0.259843 0.401575 
vn -0.88189 -0.0944882 -0.456693 
vn -0.874016 -0.259843 0.401575 
vn -0.88189 -0.0944882 -0.456693 
vn -0.826772 0.00787402 -0.559055 
vn -0.826772 0.00787402 -0.559055 
vn -0.818898 -0.204724 0.535433 
vn -0.818898 -0.204724 0.535433 
vn -0.748031 -0.125984 0.653543 
vn 0.0708661 0.992126 0.0866142 
vn 0.0629921 0.984252 0.188976 
vn 0.0708661 0.992126 0.0866142 
vn 0.0629921 0.984252 0.188976 
vn 0.0944882 0.992126 -0.015748 
vn 0.0708661 0.952756 0.291339 
vn 0.0944882 0.992126 -0.015748 
vn 0.0708661 0.952756 0.291339 
vn 0.133858 0.984252 -0.110236 
vn 0.0944882 0.92126 0.385827 
vn 0.133858 0.984252 -0.110236 
vn 0.0944882 0.92126 0.385827 
vn 0.181102 0.96063 -0.19685 
vn 0.133858 0.874016 0.464567 
vn 0.181102 0.96063 -0.19685 
vn 0.133858 0.874016 0.464567 
vn 0.251969 0.929134 -0.275591 
vn 0.188976 0.818898 0.535433 
vn 0.251969 0.929134 -0.275591 
vn 0.188976 0.818898 0.535433 
vn 0.322835 0.88189 -0.330709 
vn 0.259843 0.76378 0.590551 
vn 0.322835 0.88189 -0.330709 
vn 0.259843 0.76378 0.590551 
vn 0.401575 0.834646 -0.377953 
vn 0.330709 0.700787 0.629921 
vn 0.401575 0.834646 -0.377953 
vn 0.330709 0.700787 0.629921 
vn 0.488189 0.779528 -0.393701 
vn 0.417323 0.637795 0.645669 
vn 0.488189 0.779528 -0.393701 
vn 0.417323 0.637795 0.645669 
vn 0.574803 0.716535 -0.401575 
vn 0.496063 0.574803 0.645669 
vn 0.574803 0.716535 -0.401575 
vn 0.496063 0.574803 0.645669 
vn 0.653543 0.653543 -0.377953 
vn 0.582677 0.519685 0.622047 
vn 0.653543 0.653543 -0.377953 
vn 0.582677 0.519685 0.622047 
vn 0.732283 0.590551 -0.346457 
vn 0.661417 0.472441 0.582677 
vn 0.732283 0.590551 -0.346457 
vn 0.661417 0.472441 0.582677 
vn 0.795276 0.535433 -0.283465 
vn 0.740157 0.425197 0.527559 
vn 0.795276 0.535433 -0.283465 
vn 0.740157 0.425197 0.527559 
vn 0.850394 0.480315 -0.212598 
vn 0.80315 0.393701 0.448819 
vn 0.850394 0.480315 -0.212598 
vn 0.80315 0.393701 0.448819 
vn 0.889764 0.433071 -0.133858 
vn 0.858268 0.370079 0.362205 
vn 0.889764 0.433071 -0.133858 
vn 0.858268 0.370079 0.362205 
vn 0.913386 0.401575 -0.0393701 
vn 0.897638 0.362205 0.267717 
vn 0.913386 0.401575 -0.0393701 
vn 0.897638 0.362205 0.267717 
vn 0.92126 0.377953 0.0629921 
vn 0.92126 0.362205 0.165354 
vn 0.92126 0.377953 0.0629921 
vn 0.92126 0.362205 0.165354 

vt 0.50776 0.927906 
vt 0.508537 0.927327 
vt 0.506526 0.927611 
vt 0.506885 0.926932 
vt 0.510062 0.928002 
vt 0.505248 0.927538 
vt 0.505173 0.926833 
vt 0.503474 0.927035 
vt 0.503979 0.927688 
vt 0.502771 0.928056 
vt 0.501858 0.927529 
vt 0.500391 0.928293 
vt 0.501673 0.928627 
vt 0.500728 0.929374 
vt 0.499134 0.929294 
vt 0.498133 0.930487 
vt 0.499974 0.930268 
vt 0.497428 0.931823 
vt 0.499437 0.93127 
vt 0.497039 0.933246 
vt 0.499138 0.932342 
vt 0.496979 0.934699 
vt 0.499083 0.933439 
vt 0.497244 0.936128 
vt 0.499274 0.93452 
vt 0.497818 0.937477 
vt 0.499699 0.935543 
vt 0.498676 0.938698 
vt 0.503267 0.938384 
vt 0.50034 0.936473 
vt 0.499782 0.939749 
vt 0.501171 0.937273 
vt 0.501093 0.940592 
vt 0.502159 0.937918 
vt 0.50256 0.941202 
vt 0.504456 0.938655 
vt 0.50413 0.941556 
vt 0.505748 0.941644 
vt 0.50568 0.938723 
vt 0.507356 0.941464 
vt 0.506898 0.938584 
vt 0.508897 0.94102 
vt 0.508063 0.938245 
vt 0.509135 0.937715 
vt 0.510317 0.940327 
vt 0.510073 0.937014 
vt 0.511562 0.939409 
vt 0.510841 0.936166 
vt 0.512587 0.938295 
vt 0.51141 0.9352 
vt 0.513351 0.937024 
vt 0.511756 0.934152 
vt 0.513821 0.935642 
vt 0.511863 0.933061 
vt 0.513975 0.934199 
vt 0.511724 0.931968 
vt 0.513801 0.932749 
vt 0.511342 0.930915 
vt 0.513302 0.93135 
vt 0.510728 0.929946 
vt 0.512491 0.930057 
vt 0.509904 0.929099 
vt 0.511398 0.928925 
vt 0.508902 0.928409 
vt 0.233168 0.472503 
vt 0.235406 0.466281 
vt 0.234785 0.468906 
vt 0.235123 0.467623 
vt 0.234405 0.470078 
vt 0.23358 0.471912 
vt 0.233997 0.471093 
vt 0.23576 0.463637 
vt 0.23562 0.464935 
vt 0.235793 0.461392 
vt 0.235817 0.46244 
vt 0.235503 0.459893 
vt 0.235686 0.460532 
vt 0.234941 0.45936 
vt 0.235251 0.459498 
vt 0.232427 0.472925 
vt 0.232779 0.472844 
vt 0.231885 0.472313 
vt 0.232125 0.472745 
vt 0.231715 0.471647 
vt 0.23181 0.467291 
vt 0.231621 0.470776 
vt 0.231606 0.469732 
vt 0.23167 0.468556 
vt 0.232294 0.464686 
vt 0.23202 0.465986 
vt 0.23262 0.46344 
vt 0.232987 0.462295 
vt 0.23379 0.460468 
vt 0.233382 0.461291 
vt 0.234584 0.459482 
vt 0.234196 0.459857 
vt 0.093931 0.0956606 
vt 0.0951264 0.0893148 
vt 0.0943196 0.095286 
vt 0.0943863 0.0900564 
vt 0.0958096 0.089048 
vt 0.0936175 0.0912381 
vt 0.094676 0.0951642 
vt 0.0935251 0.0962719 
vt 0.0949864 0.0953023 
vt 0.0931172 0.0970951 
vt 0.0964088 0.0892749 
vt 0.0928481 0.0928109 
vt 0.0968994 0.0899951 
vt 0.0921058 0.0947136 
vt 0.0952383 0.0956973 
vt 0.0927224 0.0980986 
vt 0.0954214 0.0963362 
vt 0.0914167 0.0968755 
vt 0.0972602 0.0911891 
vt 0.0923552 0.0992445 
vt 0.0974744 0.0928172 
vt 0.0908045 0.0992192 
vt 0.0955279 0.097196 
vt 0.0920289 0.10049 
vt 0.0955528 0.0982445 
vt 0.0917555 0.10179 
vt 0.0975311 0.0948195 
vt 0.0902905 0.101662 
vt 0.0974259 0.0971185 
vt 0.0898929 0.104117 
vt 0.0954949 0.0994411 
vt 0.0915449 0.103096 
vt 0.0953557 0.100739 
vt 0.0914051 0.10436 
vt 0.0971616 0.0996217 
vt 0.0896259 0.1065 
vt 0.0967481 0.102226 
vt 0.0894999 0.108724 
vt 0.0951408 0.102085 
vt 0.0913414 0.105536 
vt 0.0948586 0.103427 
vt 0.0913565 0.10658 
vt 0.0962022 0.104822 
vt 0.0895208 0.110709 
vt 0.0955468 0.1073 
vt 0.0914505 0.107451 
vt 0.0945205 0.10471 
vt 0.0896897 0.11238 
vt 0.0941401 0.105882 
vt 0.0916204 0.108117 
vt 0.0948097 0.109559 
vt 0.0900025 0.11367 
vt 0.0937328 0.106897 
vt 0.0918604 0.108549 
vt 0.0940221 0.111504 
vt 0.0904499 0.114526 
vt 0.093217 0.113059 
vt 0.0910172 0.114906 
vt 0.0933151 0.107716 
vt 0.092162 0.108729 
vt 0.0924273 0.114166 
vt 0.0925141 0.108648 
vt 0.0929035 0.108307 
vt 0.0916846 0.114787 
vt 0.500497 0.933046 
vt 0.500289 0.936895 
vt 0.498449 0.934141 
vt 0.498995 0.937956 
vt 0.501765 0.936106 
vt 0.496654 0.935615 
vt 0.50272 0.932372 
vt 0.497934 0.93925 
vt 0.503366 0.93562 
vt 0.49518 0.93741 
vt 0.505031 0.932145 
vt 0.497145 0.940726 
vt 0.505031 0.935456 
vt 0.494085 0.939458 
vt 0.507343 0.932372 
vt 0.493411 0.941681 
vt 0.506697 0.93562 
vt 0.496659 0.942327 
vt 0.508298 0.936106 
vt 0.496495 0.943992 
vt 0.509565 0.933046 
vt 0.493184 0.943992 
vt 0.509774 0.936895 
vt 0.493411 0.946304 
vt 0.511614 0.934141 
vt 0.496659 0.945658 
vt 0.513409 0.935615 
vt 0.497145 0.947259 
vt 0.511068 0.937956 
vt 0.494085 0.948527 
vt 0.512129 0.93925 
vt 0.497934 0.948735 
vt 0.514883 0.93741 
vt 0.49518 0.950575 
vt 0.515977 0.939458 
vt 0.498995 0.950029 
vt 0.512918 0.940726 
vt 0.496654 0.95237 
vt 0.513404 0.942327 
vt 0.500289 0.95109 
vt 0.516652 0.941681 
vt 0.498449 0.953844 
vt 0.513568 0.943992 
vt 0.500497 0.954938 
vt 0.516879 0.943992 
vt 0.501765 0.951879 
vt 0.513404 0.945658 
vt 0.503366 0.952365 
vt 0.516652 0.946304 
vt 0.50272 0.955613 
vt 0.512918 0.947259 
vt 0.505031 0.95584 
vt 0.515977 0.948527 
vt 0.505031 0.952529 
vt 0.512129 0.948735 
vt 0.506697 0.952365 
vt 0.514883 0.950575 
vt 0.507343 0.955613 
vt 0.511068 0.950029 
vt 0.508298 0.951879 
vt 0.513409 0.95237 
vt 0.509565 0.954939 
vt 0.509774 0.95109 
vt 0.511614 0.953844 
vt 0.0889302 0.123772 
vt 0.0890829 0.116489 
vt 0.0895107 0.118304 
vt 0.08837 0.121316 
vt 0.089743 0.125457 
vt 0.0880748 0.118199 
vt 0.0901265 0.119527 
vt 0.0888544 0.114161 
vt 0.0907857 0.126283 
vt 0.0880478 0.114547 
vt 0.0909116 0.120096 
vt 0.0888295 0.111412 
vt 0.0918395 0.119974 
vt 0.0890055 0.108346 
vt 0.0920251 0.126188 
vt 0.088284 0.110494 
vt 0.0934178 0.125146 
vt 0.0887711 0.106181 
vt 0.0928768 0.119148 
vt 0.0893737 0.105072 
vt 0.0949105 0.12317 
vt 0.0899198 0.101703 
vt 0.0939836 0.117636 
vt 0.0894899 0.101752 
vt 0.0964424 0.12032 
vt 0.0904159 0.0973514 
vt 0.0951154 0.115486 
vt 0.0906245 0.0983543 
vt 0.0979474 0.116697 
vt 0.091519 0.0931218 
vt 0.0962248 0.112778 
vt 0.091464 0.0951383 
vt 0.0993581 0.112449 
vt 0.0927644 0.0892015 
vt 0.0972637 0.109619 
vt 0.0924104 0.0921649 
vt 0.0981866 0.106143 
vt 0.0941126 0.0857234 
vt 0.10061 0.107757 
vt 0.093432 0.0895383 
vt 0.101645 0.102833 
vt 0.0955201 0.0828124 
vt 0.0989529 0.102499 
vt 0.0944944 0.0873548 
vt 0.0995293 0.0988445 
vt 0.0955607 0.0856986 
vt 0.102417 0.0978966 
vt 0.0969398 0.0805812 
vt 0.0998918 0.0953381 
vt 0.0983217 0.079127 
vt 0.102893 0.0931712 
vt 0.0965924 0.0846407 
vt 0.103056 0.0888631 
vt 0.0975505 0.0842335 
vt 0.100027 0.0921284 
vt 0.0996144 0.078526 
vt 0.102904 0.0851518 
vt 0.100766 0.0788288 
vt 0.0999326 0.0893466 
vt 0.098397 0.0845082 
vt 0.0996165 0.0871009 
vt 0.101727 0.0800533 
vt 0.102452 0.082181 
vt 0.0990962 0.085471 
vt 0.058784 0.958273 
vt 0.0571878 0.958073 
vt 0.0581124 0.957455 
vt 0.056586 0.956947 
vt 0.0579976 0.95906 
vt 0.0576134 0.956521 
vt 0.0589844 0.959869 
vt 0.0562154 0.955725 
vt 0.0596022 0.958945 
vt 0.0573061 0.955508 
vt 0.0601102 0.960471 
vt 0.0560903 0.954455 
vt 0.0605358 0.959444 
vt 0.0572024 0.954455 
vt 0.0615488 0.959751 
vt 0.0562155 0.953185 
vt 0.0613318 0.960842 
vt 0.0573061 0.953402 
vt 0.0626022 0.960967 
vt 0.056586 0.951963 
vt 0.0626022 0.959855 
vt 0.0576134 0.952389 
vt 0.0636557 0.959751 
vt 0.0571878 0.950837 
vt 0.0638726 0.960842 
vt 0.0581124 0.951455 
vt 0.0650942 0.960471 
vt 0.058784 0.950637 
vt 0.0646687 0.959444 
vt 0.0579976 0.94985 
vt 0.0656022 0.958945 
vt 0.0596023 0.949965 
vt 0.0662201 0.959869 
vt 0.0589844 0.949041 
vt 0.0672069 0.95906 
vt 0.0601102 0.948439 
vt 0.0664205 0.958273 
vt 0.0605358 0.949466 
vt 0.0680167 0.958073 
vt 0.0613318 0.948068 
vt 0.067092 0.957455 
vt 0.0615488 0.949159 
vt 0.0686185 0.956947 
vt 0.0626022 0.949055 
vt 0.067591 0.956521 
vt 0.0626022 0.947943 
vt 0.068989 0.955725 
vt 0.0638727 0.948068 
vt 0.0678983 0.955508 
vt 0.0636557 0.949159 
vt 0.0691141 0.954455 
vt 0.0646687 0.949466 
vt 0.0680021 0.954455 
vt 0.0650942 0.948439 
vt 0.068989 0.953185 
vt 0.0656022 0.949965 
vt 0.0678983 0.953402 
vt 0.0662201 0.949041 
vt 0.0686185 0.951963 
vt 0.0664205 0.950637 
vt 0.067591 0.952389 
vt 0.0672069 0.94985 
vt 0.0680167 0.950837 
vt 0.067092 0.951455 
vt 0.05939 0.958517 
vt 0.0601682 0.95935 
vt 0.0600022 0.959207 
vt 0.0595209 0.958628 
vt 0.0603657 0.959356 
vt 0.0596773 0.958623 
vt 0.0605878 0.959217 
vt 0.0598537 0.958498 
vt 0.0600436 0.958253 
vt 0.0608263 0.958933 
vt 0.060239 0.957896 
vt 0.061071 0.958511 
vt 0.0604313 0.957438 
vt 0.061311 0.957964 
vt 0.0606118 0.956899 
vt 0.0615347 0.957316 
vt 0.061731 0.956596 
vt 0.0607717 0.956302 
vt 0.0618903 0.955838 
vt 0.0609036 0.955675 
vt 0.0620047 0.955078 
vt 0.0610012 0.955046 
vt 0.0620693 0.954353 
vt 0.0610603 0.954446 
vt 0.0610789 0.9539 
vt 0.0620821 0.953697 
vt 0.061057 0.953432 
vt 0.0620439 0.953137 
vt 0.0609968 0.953061 
vt 0.0619581 0.952695 
vt 0.0609022 0.952797 
vt 0.0618303 0.952386 
vt 0.0616677 0.952215 
vt 0.0607781 0.952649 
vt 0.0614782 0.952185 
vt 0.0606307 0.952618 
vt 0.0612701 0.952288 
vt 0.0604663 0.952699 
vt 0.0610518 0.952516 
vt 0.060113 0.95317 
vt 0.0608311 0.952856 
vt 0.0599366 0.953537 
vt 0.0602916 0.952887 
vt 0.0604663 0.952699 
vt 0.0612701 0.952288 
vt 0.0606153 0.953292 
vt 0.0597682 0.953973 
vt 0.0604112 0.953808 
vt 0.059613 0.954462 
vt 0.0602248 0.954385 
vt 0.0600614 0.955006 
vt 0.0594757 0.954989 
vt 0.0599258 0.955651 
vt 0.0593604 0.955537 
vt 0.0598219 0.956301 
vt 0.0592708 0.956088 
vt 0.0597532 0.956936 
vt 0.0592098 0.956626 
vt 0.0591799 0.957133 
vt 0.0597225 0.957537 
vt 0.0591827 0.957592 
vt 0.0597316 0.958084 
vt 0.0592189 0.957986 
vt 0.0597816 0.958557 
vt 0.0592885 0.958299 
vt 0.0598722 0.958937 
vt 0.0600022 0.959207 
vt 0.05939 0.958517 
vt 0.713848 0.419179 
vt 0.712333 0.391214 
vt 0.727218 0.39917 
vt 0.723298 0.364742 
vt 0.743137 0.375346 
vt 0.701772 0.358212 
vt 0.740265 0.409877 
vt 0.760526 0.389616 
vt 0.723249 0.426893 
vt 0.750972 0.422924 
vt 0.774796 0.407005 
vt 0.730963 0.436294 
vt 0.697465 0.443699 
vt 0.758928 0.437809 
vt 0.7854 0.426844 
vt 0.79193 0.44837 
vt 0.736695 0.447018 
vt 0.763827 0.45396 
vt 0.765482 0.470757 
vt 0.794135 0.470757 
vt 0.79193 0.493143 
vt 0.702396 0.447746 
vt 0.70945 0.458303 
vt 0.706443 0.452677 
vt 0.666932 0.440692 
vt 0.711302 0.464408 
vt 0.740225 0.458655 
vt 0.741417 0.470757 
vt 0.711927 0.470757 
vt 0.763828 0.487553 
vt 0.740225 0.482859 
vt 0.711302 0.477105 
vt 0.70945 0.48321 
vt 0.706443 0.488836 
vt 0.736696 0.494496 
vt 0.758928 0.503705 
vt 0.7854 0.51467 
vt 0.730963 0.50522 
vt 0.750972 0.51859 
vt 0.774796 0.534508 
vt 0.760526 0.551897 
vt 0.740265 0.531636 
vt 0.743137 0.566168 
vt 0.727218 0.542344 
vt 0.723298 0.576772 
vt 0.723249 0.51462 
vt 0.702396 0.493768 
vt 0.691838 0.500822 
vt 0.697465 0.497815 
vt 0.713848 0.522335 
vt 0.712333 0.5503 
vt 0.703124 0.528067 
vt 0.696182 0.555199 
vt 0.701772 0.583302 
vt 0.679385 0.585507 
vt 0.691487 0.531597 
vt 0.679385 0.556854 
vt 0.656999 0.583302 
vt 0.685734 0.502674 
vt 0.679385 0.532789 
vt 0.662588 0.555199 
vt 0.679385 0.503299 
vt 0.635472 0.576772 
vt 0.667283 0.531597 
vt 0.646437 0.5503 
vt 0.615633 0.566168 
vt 0.655646 0.528067 
vt 0.631552 0.542344 
vt 0.598245 0.551897 
vt 0.673036 0.502674 
vt 0.666932 0.500822 
vt 0.644922 0.522335 
vt 0.661306 0.497815 
vt 0.656374 0.493768 
vt 0.635522 0.51462 
vt 0.618505 0.531636 
vt 0.652327 0.488836 
vt 0.64932 0.48321 
vt 0.607798 0.51859 
vt 0.583974 0.534508 
vt 0.627807 0.50522 
vt 0.599842 0.503705 
vt 0.57337 0.51467 
vt 0.622075 0.494496 
vt 0.594943 0.487554 
vt 0.56684 0.493143 
vt 0.593288 0.470757 
vt 0.564635 0.470757 
vt 0.56684 0.44837 
vt 0.618545 0.482859 
vt 0.594943 0.45396 
vt 0.57337 0.426844 
vt 0.617353 0.470757 
vt 0.647468 0.477105 
vt 0.646843 0.470757 
vt 0.64932 0.458304 
vt 0.647468 0.464408 
vt 0.618545 0.458655 
vt 0.599842 0.437809 
vt 0.622075 0.447018 
vt 0.607798 0.422924 
vt 0.583974 0.407005 
vt 0.598245 0.389616 
vt 0.627807 0.436294 
vt 0.618505 0.409877 
vt 0.631552 0.39917 
vt 0.615633 0.375346 
vt 0.652327 0.452677 
vt 0.635522 0.426893 
vt 0.646437 0.391214 
vt 0.635472 0.364742 
vt 0.644922 0.419179 
vt 0.656999 0.358212 
vt 0.656374 0.447746 
vt 0.661306 0.443699 
vt 0.655646 0.413446 
vt 0.662588 0.386314 
vt 0.679385 0.38466 
vt 0.679385 0.356007 
vt 0.696182 0.386314 
vt 0.691487 0.409916 
vt 0.703124 0.413446 
vt 0.691838 0.440692 
vt 0.679385 0.408725 
vt 0.685734 0.43884 
vt 0.679385 0.438215 
vt 0.667283 0.409916 
vt 0.673036 0.43884 
vt 0.153391 0.954157 
vt 0.152662 0.954163 
vt 0.152809 0.954083 
vt 0.152005 0.954084 
vt 0.151425 0.953783 
vt 0.15366 0.954081 
vt 0.154167 0.954151 
vt 0.152307 0.953799 
vt 0.15096 0.95323 
vt 0.153236 0.953817 
vt 0.151922 0.953283 
vt 0.150654 0.952406 
vt 0.152926 0.953338 
vt 0.151691 0.952517 
vt 0.150557 0.951307 
vt 0.152765 0.952632 
vt 0.151656 0.951502 
vt 0.152786 0.951702 
vt 0.153014 0.950569 
vt 0.15185 0.950259 
vt 0.15071 0.949954 
vt 0.153462 0.949284 
vt 0.152295 0.948842 
vt 0.151144 0.948406 
vt 0.154122 0.947921 
vt 0.152985 0.947338 
vt 0.151859 0.94676 
vt 0.154959 0.946579 
vt 0.153888 0.945858 
vt 0.152823 0.945142 
vt 0.153965 0.94369 
vt 0.154938 0.944523 
vt 0.155917 0.945361 
vt 0.155189 0.942526 
vt 0.156052 0.943439 
vt 0.156922 0.944361 
vt 0.156394 0.94173 
vt 0.15714 0.94268 
vt 0.157897 0.943643 
vt 0.15749 0.941332 
vt 0.158127 0.942276 
vt 0.158777 0.943239 
vt 0.159513 0.943145 
vt 0.158955 0.942217 
vt 0.158413 0.941315 
vt 0.160079 0.943328 
vt 0.159596 0.942463 
vt 0.160468 0.943743 
vt 0.159129 0.941628 
vt 0.16004 0.942955 
vt 0.15963 0.942201 
vt 0.154122 0.947921 
vt 0.155591 0.947254 
vt 0.154921 0.94831 
vt 0.15438 0.949387 
vt 0.154959 0.946579 
vt 0.153462 0.949284 
vt 0.155917 0.945361 
vt 0.153995 0.950416 
vt 0.156348 0.946291 
vt 0.153014 0.950569 
vt 0.156922 0.944361 
vt 0.152786 0.951702 
vt 0.157139 0.945489 
vt 0.153778 0.951337 
vt 0.157911 0.944895 
vt 0.152765 0.952632 
vt 0.157897 0.943643 
vt 0.153723 0.95211 
vt 0.158777 0.943239 
vt 0.152926 0.953338 
vt 0.158617 0.944537 
vt 0.153816 0.952712 
vt 0.159218 0.944416 
vt 0.153236 0.953817 
vt 0.159513 0.943145 
vt 0.154036 0.953136 
vt 0.160079 0.943328 
vt 0.154359 0.953385 
vt 0.159691 0.944517 
vt 0.15366 0.954081 
vt 0.160027 0.94481 
vt 0.154761 0.953471 
vt 0.160468 0.943743 
vt 0.154167 0.954151 
vt 0.160686 0.944337 
vt 0.154732 0.95405 
vt 0.160226 0.94526 
vt 0.15522 0.953409 
vt 0.160748 0.945062 
vt 0.155333 0.9538 
vt 0.160297 0.945829 
vt 0.155718 0.953215 
vt 0.160673 0.945873 
vt 0.156238 0.952905 
vt 0.160251 0.946484 
vt 0.155951 0.953422 
vt 0.160481 0.946733 
vt 0.156573 0.952935 
vt 0.160103 0.947194 
vt 0.156768 0.952497 
vt 0.160192 0.947615 
vt 0.157295 0.952002 
vt 0.159868 0.947933 
vt 0.157187 0.952355 
vt 0.159821 0.948496 
vt 0.15781 0.951435 
vt 0.159558 0.94868 
vt 0.157785 0.951696 
vt 0.159384 0.949357 
vt 0.158303 0.950808 
vt 0.159187 0.949418 
vt 0.158356 0.950969 
vt 0.158892 0.950185 
vt 0.158765 0.950131 
vt 0.228633 0.963585 
vt 0.227459 0.9675 
vt 0.225917 0.963798 
vt 0.22562 0.967734 
vt 0.223461 0.964127 
vt 0.221699 0.970124 
vt 0.224045 0.96804 
vt 0.221367 0.964556 
vt 0.222794 0.968404 
vt 0.219715 0.965065 
vt 0.221914 0.968812 
vt 0.218564 0.965633 
vt 0.221363 0.969689 
vt 0.21836 0.967446 
vt 0.217886 0.966848 
vt 0.221432 0.969246 
vt 0.217951 0.966235 
vt 0.352514 0.7981 
vt 0.352404 0.798042 
vt 0.352425 0.798042 
vt 0.352489 0.798099 
vt 0.352449 0.798027 
vt 0.352542 0.798084 
vt 0.352474 0.797998 
vt 0.352571 0.798053 
vt 0.352499 0.797956 
vt 0.352601 0.798005 
vt 0.352524 0.797901 
vt 0.352629 0.797944 
vt 0.352546 0.797836 
vt 0.352655 0.797872 
vt 0.352678 0.797792 
vt 0.352566 0.797764 
vt 0.352695 0.797707 
vt 0.352582 0.797689 
vt 0.352708 0.797622 
vt 0.352593 0.797613 
vt 0.352714 0.797541 
vt 0.352599 0.797541 
vt 0.3526 0.797475 
vt 0.352713 0.797467 
vt 0.352595 0.797418 
vt 0.352707 0.797404 
vt 0.352586 0.797373 
vt 0.352695 0.797353 
vt 0.352572 0.797341 
vt 0.352678 0.797318 
vt 0.352658 0.797298 
vt 0.352555 0.797323 
vt 0.352634 0.797293 
vt 0.352535 0.797319 
vt 0.2408 0.968273 
vt 0.243755 0.964882 
vt 0.241812 0.968668 
vt 0.245083 0.965433 
vt 0.242433 0.969095 
vt 0.245884 0.966026 
vt 0.239609 0.971122 
vt 0.240894 0.970783 
vt 0.242446 0.969977 
vt 0.241853 0.970397 
vt 0.242644 0.969537 
vt 0.246137 0.966637 
vt 0.245847 0.967243 
vt 0.23805 0.9714 
vt 0.23435 0.971745 
vt 0.236275 0.97161 
vt 0.23032 0.971773 
vt 0.232341 0.9718 
vt 0.228358 0.971666 
vt 0.224884 0.971225 
vt 0.226524 0.971481 
vt 0.222422 0.970535 
vt 0.223499 0.970906 
vt 0.239431 0.967927 
vt 0.241943 0.964398 
vt 0.239714 0.964001 
vt 0.231621 0.967287 
vt 0.237757 0.967645 
vt 0.235844 0.967438 
vt 0.237156 0.963711 
vt 0.23377 0.967317 
vt 0.234377 0.96354 
vt 0.231494 0.963498 
vt 0.229488 0.967349 
vt 0.155362 0.953385 
vt 0.154817 0.953351 
vt 0.154688 0.953784 
vt 0.154089 0.95377 
vt 0.154025 0.954049 
vt 0.153364 0.954049 
vt 0.153391 0.954157 
vt 0.152662 0.954163 
vt 0.154167 0.954151 
vt 0.154732 0.95405 
vt 0.155333 0.9538 
vt 0.155951 0.953422 
vt 0.156573 0.952935 
vt 0.156034 0.952871 
vt 0.157187 0.952355 
vt 0.155535 0.952812 
vt 0.156691 0.95226 
vt 0.157785 0.951696 
vt 0.156233 0.952172 
vt 0.157326 0.951565 
vt 0.158356 0.950969 
vt 0.156902 0.951444 
vt 0.157928 0.950798 
vt 0.157534 0.95064 
vt 0.158121 0.94977 
vt 0.158491 0.949969 
vt 0.158892 0.950185 
vt 0.158654 0.948844 
vt 0.159004 0.94909 
vt 0.159384 0.949357 
vt 0.159121 0.947873 
vt 0.159458 0.948172 
vt 0.159821 0.948496 
vt 0.159511 0.946869 
vt 0.159839 0.947229 
vt 0.160192 0.947615 
vt 0.160481 0.946733 
vt 0.160133 0.946277 
vt 0.159807 0.94585 
vt 0.160673 0.945873 
vt 0.160321 0.945339 
vt 0.15999 0.944838 
vt 0.160748 0.945062 
vt 0.160383 0.944446 
vt 0.160038 0.943864 
vt 0.160686 0.944337 
vt 0.160296 0.943635 
vt 0.159926 0.942968 
vt 0.15963 0.942201 
vt 0.16004 0.942955 
vt 0.160468 0.943743 
vt 0.222624 0.96895 
vt 0.226524 0.971481 
vt 0.224794 0.969298 
vt 0.227213 0.969549 
vt 0.224884 0.971225 
vt 0.228358 0.971666 
vt 0.223499 0.970906 
vt 0.229794 0.969694 
vt 0.220783 0.968516 
vt 0.23032 0.971773 
vt 0.219341 0.968009 
vt 0.232341 0.9718 
vt 0.222422 0.970535 
vt 0.21836 0.967446 
vt 0.221699 0.970124 
vt 0.232451 0.96973 
vt 0.235092 0.969656 
vt 0.23435 0.971745 
vt 0.236275 0.97161 
vt 0.237627 0.969474 
vt 0.23997 0.969189 
vt 0.23805 0.9714 
vt 0.242035 0.96881 
vt 0.239609 0.971122 
vt 0.240894 0.970783 
vt 0.243747 0.968349 
vt 0.241853 0.970397 
vt 0.245036 0.96782 
vt 0.245847 0.967243 
vt 0.242446 0.969977 
vt 0.346721 0.804085 
vt 0.34401 0.802803 
vt 0.345428 0.803246 
vt 0.345406 0.803687 
vt 0.348106 0.804505 
vt 0.342864 0.801385 
vt 0.346918 0.803712 
vt 0.344387 0.801894 
vt 0.342064 0.799418 
vt 0.345982 0.802427 
vt 0.343686 0.800016 
vt 0.341704 0.796923 
vt 0.34538 0.80064 
vt 0.343412 0.797633 
vt 0.34519 0.798372 
vt 0.345479 0.795692 
vt 0.343642 0.794817 
vt 0.341872 0.793973 
vt 0.346285 0.792722 
vt 0.344421 0.791696 
vt 0.342621 0.790706 
vt 0.347602 0.789636 
vt 0.345751 0.788457 
vt 0.34396 0.787317 
vt 0.34937 0.786645 
vt 0.347572 0.785325 
vt 0.345831 0.784048 
vt 0.348114 0.781146 
vt 0.349768 0.782534 
vt 0.351476 0.783967 
vt 0.35064 0.778827 
vt 0.352179 0.780286 
vt 0.353771 0.781793 
vt 0.353217 0.777238 
vt 0.354627 0.778722 
vt 0.356088 0.780259 
vt 0.358272 0.779426 
vt 0.356944 0.777905 
vt 0.355665 0.776439 
vt 0.3602 0.779285 
vt 0.358997 0.777817 
vt 0.357842 0.776408 
vt 0.361789 0.779773 
vt 0.360696 0.778386 
vt 0.362997 0.780788 
vt 0.35965 0.777058 
vt 0.361997 0.7795 
vt 0.361042 0.778271 
vt 0.352554 0.797367 
vt 0.35249 0.79735 
vt 0.352466 0.797384 
vt 0.352444 0.797428 
vt 0.352581 0.797329 
vt 0.352528 0.797415 
vt 0.352513 0.797328 
vt 0.352422 0.79748 
vt 0.352608 0.797304 
vt 0.352535 0.797319 
vt 0.352634 0.797293 
vt 0.352504 0.797473 
vt 0.352403 0.797539 
vt 0.352482 0.797538 
vt 0.352463 0.797608 
vt 0.352386 0.797602 
vt 0.352447 0.797681 
vt 0.352372 0.797668 
vt 0.352436 0.797755 
vt 0.352362 0.797734 
vt 0.352429 0.797827 
vt 0.352355 0.797799 
vt 0.352353 0.797861 
vt 0.352427 0.797895 
vt 0.352355 0.797916 
vt 0.35243 0.797957 
vt 0.352361 0.797964 
vt 0.352438 0.79801 
vt 0.352371 0.798002 
vt 0.352451 0.798053 
vt 0.352468 0.798083 
vt 0.352386 0.798028 
vt 0.352489 0.798099 
vt 0.352404 0.798042 
vt 0.272687 0.732953 
vt 0.272637 0.732928 
vt 0.272647 0.732928 
vt 0.272675 0.732953 
vt 0.2727 0.732946 
vt 0.272659 0.732922 
vt 0.27267 0.732909 
vt 0.272714 0.732933 
vt 0.272682 0.732891 
vt 0.272727 0.732912 
vt 0.272693 0.732867 
vt 0.27274 0.732886 
vt 0.272703 0.732839 
vt 0.272752 0.732855 
vt 0.272761 0.732821 
vt 0.272712 0.732808 
vt 0.272769 0.732784 
vt 0.272719 0.732776 
vt 0.272774 0.732748 
vt 0.272724 0.732743 
vt 0.272776 0.732713 
vt 0.272726 0.732711 
vt 0.272726 0.732683 
vt 0.272776 0.732681 
vt 0.272723 0.732658 
vt 0.272772 0.732653 
vt 0.272718 0.732638 
vt 0.272766 0.732631 
vt 0.272711 0.732624 
vt 0.272758 0.732615 
vt 0.272748 0.732606 
vt 0.272703 0.732616 
vt 0.272736 0.732604 
vt 0.272693 0.732614 
vt 0.353014 0.803144 
vt 0.350338 0.803571 
vt 0.351383 0.803928 
vt 0.35204 0.802777 
vt 0.354617 0.80207 
vt 0.353704 0.801685 
vt 0.355589 0.80248 
vt 0.354049 0.803534 
vt 0.357081 0.801182 
vt 0.352491 0.804307 
vt 0.350951 0.804757 
vt 0.356164 0.800744 
vt 0.358502 0.799675 
vt 0.355302 0.800332 
vt 0.357628 0.7992 
vt 0.359827 0.797988 
vt 0.356808 0.798754 
vt 0.358989 0.797469 
vt 0.358201 0.796982 
vt 0.359458 0.795044 
vt 0.360222 0.79558 
vt 0.361035 0.796152 
vt 0.360556 0.792968 
vt 0.361304 0.793562 
vt 0.3621 0.794195 
vt 0.361467 0.790785 
vt 0.362209 0.791446 
vt 0.362997 0.792149 
vt 0.36216 0.788532 
vt 0.362906 0.789269 
vt 0.363697 0.790051 
vt 0.364166 0.787946 
vt 0.363361 0.787076 
vt 0.362601 0.786254 
vt 0.364367 0.78589 
vt 0.363536 0.784922 
vt 0.36275 0.784007 
vt 0.364263 0.783952 
vt 0.363392 0.78288 
vt 0.362566 0.781863 
vt 0.363817 0.782218 
vt 0.36289 0.781038 
vt 0.362008 0.779915 
vt 0.361042 0.778271 
vt 0.361997 0.7795 
vt 0.362997 0.780788 
vt 0.268602 0.733823 
vt 0.268202 0.73375 
vt 0.268111 0.733662 
vt 0.26768 0.733581 
vt 0.267211 0.73326 
vt 0.268562 0.733746 
vt 0.269022 0.733899 
vt 0.267674 0.733354 
vt 0.26682 0.73278 
vt 0.268157 0.733452 
vt 0.267314 0.732894 
vt 0.266534 0.732143 
vt 0.26783 0.733012 
vt 0.267059 0.732283 
vt 0.266384 0.731361 
vt 0.267603 0.732429 
vt 0.266933 0.731535 
vt 0.267502 0.731714 
vt 0.267545 0.730893 
vt 0.266959 0.730674 
vt 0.266392 0.730462 
vt 0.267744 0.730003 
vt 0.267151 0.729741 
vt 0.266575 0.729487 
vt 0.268097 0.729096 
vt 0.267508 0.72879 
vt 0.266936 0.728493 
vt 0.268591 0.728228 
vt 0.268018 0.727882 
vt 0.267461 0.727545 
vt 0.268119 0.726709 
vt 0.26865 0.727078 
vt 0.269197 0.727458 
vt 0.268865 0.726043 
vt 0.269363 0.726433 
vt 0.269875 0.726836 
vt 0.269647 0.725583 
vt 0.270107 0.725984 
vt 0.27058 0.726398 
vt 0.270415 0.725349 
vt 0.270835 0.725748 
vt 0.271268 0.726161 
vt 0.271899 0.726124 
vt 0.271505 0.725724 
vt 0.271124 0.725337 
vt 0.272445 0.726273 
vt 0.272086 0.725893 
vt 0.272888 0.726581 
vt 0.27174 0.725527 
vt 0.272558 0.726227 
vt 0.272242 0.725887 
vt 0.349759 0.804379 
vt 0.348634 0.804021 
vt 0.349471 0.804839 
vt 0.348187 0.804447 
vt 0.348106 0.804505 
vt 0.346971 0.804077 
vt 0.346721 0.804085 
vt 0.345406 0.803687 
vt 0.404198 0.947652 
vt 0.395945 0.952064 
vt 0.395945 0.957709 
vt 0.395525 0.953447 
vt 0.395384 0.954886 
vt 0.395525 0.956325 
vt 0.397544 0.949671 
vt 0.396627 0.950788 
vt 0.401321 0.947652 
vt 0.399937 0.948072 
vt 0.398662 0.948753 
vt 0.40276 0.94751 
vt 0.397544 0.960102 
vt 0.396627 0.958984 
vt 0.401321 0.96212 
vt 0.398662 0.961019 
vt 0.399937 0.9617 
vt 0.404198 0.96212 
vt 0.40276 0.962262 
vt 0.405582 0.9617 
vt 0.406857 0.948753 
vt 0.405582 0.948072 
vt 0.407975 0.949671 
vt 0.409994 0.956325 
vt 0.408892 0.958984 
vt 0.406857 0.961019 
vt 0.407975 0.960102 
vt 0.409574 0.957709 
vt 0.409574 0.952064 
vt 0.408892 0.950788 
vt 0.409994 0.953447 
vt 0.410135 0.954886 
vt 0.272712 0.732619 
vt 0.27266 0.732641 
vt 0.272699 0.732635 
vt 0.27265 0.73266 
vt 0.272671 0.732627 
vt 0.272687 0.732656 
vt 0.272682 0.732617 
vt 0.27264 0.732683 
vt 0.272724 0.732608 
vt 0.272693 0.732614 
vt 0.272736 0.732604 
vt 0.272676 0.732681 
vt 0.272631 0.732708 
vt 0.272666 0.732709 
vt 0.272658 0.732739 
vt 0.272624 0.732736 
vt 0.272651 0.732771 
vt 0.272618 0.732765 
vt 0.272646 0.732803 
vt 0.272613 0.732794 
vt 0.272644 0.732834 
vt 0.272611 0.732822 
vt 0.27261 0.732849 
vt 0.272643 0.732864 
vt 0.272612 0.732873 
vt 0.272645 0.732891 
vt 0.272615 0.732894 
vt 0.27265 0.732914 
vt 0.272621 0.73291 
vt 0.272656 0.732933 
vt 0.272665 0.732946 
vt 0.272628 0.732922 
vt 0.272675 0.732953 
vt 0.272637 0.732928 
vt 0.26643 0.730198 
vt 0.266607 0.729199 
vt 0.266592 0.729337 
vt 0.266465 0.729955 
vt 0.266392 0.730462 
vt 0.266882 0.728439 
vt 0.266575 0.729487 
vt 0.266908 0.728465 
vt 0.26728 0.727719 
vt 0.266936 0.728493 
vt 0.267366 0.727636 
vt 0.267461 0.727545 
vt 0.268119 0.726709 
vt 0.267941 0.726906 
vt 0.267779 0.727085 
vt 0.270196 0.733536 
vt 0.269874 0.733461 
vt 0.269661 0.733747 
vt 0.269316 0.733676 
vt 0.269125 0.733847 
vt 0.268754 0.733777 
vt 0.268602 0.733823 
vt 0.268202 0.73375 
vt 0.269022 0.733899 
vt 0.269515 0.73392 
vt 0.270024 0.733821 
vt 0.270535 0.733614 
vt 0.271035 0.733312 
vt 0.270717 0.733226 
vt 0.271514 0.732926 
vt 0.270416 0.733144 
vt 0.271214 0.732829 
vt 0.271962 0.732467 
vt 0.27093 0.732738 
vt 0.271677 0.732358 
vt 0.272372 0.731945 
vt 0.271407 0.732255 
vt 0.272099 0.731821 
vt 0.27184 0.731704 
vt 0.27222 0.731097 
vt 0.27247 0.731231 
vt 0.272735 0.731372 
vt 0.272538 0.730444 
vt 0.272784 0.730597 
vt 0.273043 0.730758 
vt 0.272786 0.729757 
vt 0.27303 0.729931 
vt 0.273286 0.730114 
vt 0.272955 0.729049 
vt 0.273199 0.729247 
vt 0.273457 0.729455 
vt 0.273545 0.728794 
vt 0.273282 0.728559 
vt 0.273033 0.728336 
vt 0.27354 0.728153 
vt 0.273269 0.727889 
vt 0.273009 0.727637 
vt 0.273434 0.727552 
vt 0.273148 0.727257 
vt 0.272875 0.726976 
vt 0.273218 0.727018 
vt 0.272913 0.726693 
vt 0.272621 0.726382 
vt 0.272242 0.725887 
vt 0.272558 0.726227 
vt 0.272888 0.726581 
vt 0.218282 0.968787 
vt 0.242747 0.937075 
vt 0.218048 0.968729 
vt 0.242928 0.937098 
vt 0.218491 0.968867 
vt 0.243091 0.937131 
vt 0.218668 0.968967 
vt 0.243229 0.937171 
vt 0.243336 0.937218 
vt 0.218806 0.969084 
vt 0.24341 0.937271 
vt 0.218899 0.969213 
vt 0.243445 0.937327 
vt 0.218943 0.96935 
vt 0.218934 0.96949 
vt 0.243439 0.937384 
vt 0.218873 0.969627 
vt 0.243393 0.93744 
vt 0.42536 0.956325 
vt 0.419565 0.947652 
vt 0.423341 0.949671 
vt 0.422223 0.948753 
vt 0.420948 0.948072 
vt 0.42494 0.952064 
vt 0.424258 0.950788 
vt 0.42536 0.953447 
vt 0.425501 0.954886 
vt 0.424258 0.958984 
vt 0.42494 0.957709 
vt 0.422223 0.961019 
vt 0.423341 0.960102 
vt 0.420948 0.9617 
vt 0.416687 0.947652 
vt 0.418126 0.94751 
vt 0.411311 0.957709 
vt 0.411311 0.952064 
vt 0.41291 0.949671 
vt 0.415303 0.948072 
vt 0.414028 0.948753 
vt 0.411993 0.950788 
vt 0.410892 0.953447 
vt 0.41075 0.954886 
vt 0.410892 0.956325 
vt 0.41291 0.960102 
vt 0.411993 0.958984 
vt 0.416687 0.96212 
vt 0.414028 0.961019 
vt 0.415303 0.9617 
vt 0.419565 0.96212 
vt 0.418126 0.962262 
vt 0.242004 0.937618 
vt 0.217357 0.970099 
vt 0.217091 0.970061 
vt 0.242211 0.937634 
vt 0.241812 0.937591 
vt 0.217632 0.970109 
vt 0.216847 0.969996 
vt 0.242427 0.937638 
vt 0.216632 0.969906 
vt 0.217905 0.970089 
vt 0.241646 0.937555 
vt 0.24264 0.93763 
vt 0.24151 0.93751 
vt 0.218165 0.970041 
vt 0.216458 0.969797 
vt 0.242843 0.93761 
vt 0.24141 0.937458 
vt 0.2184 0.969967 
vt 0.216329 0.969672 
vt 0.243027 0.93758 
vt 0.21625 0.969538 
vt 0.218601 0.969871 
vt 0.24135 0.937403 
vt 0.243183 0.93754 
vt 0.216223 0.969398 
vt 0.218761 0.969756 
vt 0.241331 0.937346 
vt 0.243307 0.937493 
vt 0.216249 0.96926 
vt 0.241353 0.93729 
vt 0.243393 0.93744 
vt 0.218873 0.969627 
vt 0.218934 0.96949 
vt 0.243439 0.937384 
vt 0.241413 0.937236 
vt 0.216325 0.969127 
vt 0.408522 0.931837 
vt 0.407561 0.936959 
vt 0.407561 0.931837 
vt 0.407561 0.942081 
vt 0.406601 0.947203 
vt 0.406601 0.942081 
vt 0.407561 0.947203 
vt 0.408522 0.936959 
vt 0.409482 0.931837 
vt 0.408522 0.942081 
vt 0.408522 0.947203 
vt 0.409482 0.936959 
vt 0.410443 0.931837 
vt 0.409482 0.942081 
vt 0.409482 0.947203 
vt 0.410443 0.936959 
vt 0.411403 0.931837 
vt 0.410443 0.942081 
vt 0.410443 0.947203 
vt 0.411403 0.936959 
vt 0.412363 0.931837 
vt 0.411403 0.942081 
vt 0.411403 0.947203 
vt 0.412363 0.936959 
vt 0.413324 0.931837 
vt 0.412363 0.942081 
vt 0.412363 0.947203 
vt 0.413324 0.936959 
vt 0.414284 0.931837 
vt 0.413324 0.942081 
vt 0.413324 0.947203 
vt 0.414284 0.936959 
vt 0.415245 0.931837 
vt 0.414284 0.942081 
vt 0.414284 0.947203 
vt 0.415245 0.936959 
vt 0.416205 0.931837 
vt 0.415245 0.942081 
vt 0.415245 0.947203 
vt 0.416205 0.936959 
vt 0.417165 0.931837 
vt 0.416205 0.942081 
vt 0.416205 0.947203 
vt 0.417165 0.936959 
vt 0.417165 0.942081 
vt 0.417165 0.947203 
vt 0.418126 0.947203 
vt 0.418126 0.936959 
vt 0.418126 0.931837 
vt 0.418126 0.942081 
vt 0.419086 0.947203 
vt 0.419086 0.936959 
vt 0.419086 0.931837 
vt 0.420046 0.931837 
vt 0.419086 0.942081 
vt 0.420046 0.936959 
vt 0.421007 0.931837 
vt 0.420046 0.942081 
vt 0.420046 0.947203 
vt 0.421007 0.936959 
vt 0.421967 0.931837 
vt 0.421007 0.942081 
vt 0.421007 0.947203 
vt 0.421967 0.936959 
vt 0.422928 0.931837 
vt 0.421967 0.942081 
vt 0.421967 0.947203 
vt 0.422928 0.936959 
vt 0.423888 0.931837 
vt 0.422928 0.942081 
vt 0.422928 0.947203 
vt 0.423888 0.936959 
vt 0.424848 0.931837 
vt 0.423888 0.942081 
vt 0.423888 0.947203 
vt 0.424848 0.936959 
vt 0.425809 0.931837 
vt 0.425809 0.936959 
vt 0.424848 0.942081 
vt 0.424848 0.947203 
vt 0.425809 0.942081 
vt 0.425809 0.947203 
vt 0.271262 0.730605 
vt 0.272023 0.730252 
vt 0.271514 0.730062 
vt 0.272786 0.729757 
vt 0.272538 0.730444 
vt 0.27224 0.729623 
vt 0.271702 0.729491 
vt 0.272955 0.729049 
vt 0.27238 0.728977 
vt 0.271817 0.728907 
vt 0.271852 0.728323 
vt 0.272435 0.728329 
vt 0.273033 0.728336 
vt 0.271799 0.727758 
vt 0.272395 0.727698 
vt 0.273009 0.727637 
vt 0.271654 0.727232 
vt 0.272253 0.727106 
vt 0.272875 0.726976 
vt 0.271411 0.726768 
vt 0.272002 0.726579 
vt 0.272621 0.726382 
vt 0.272242 0.725887 
vt 0.271641 0.726145 
vt 0.271072 0.72639 
vt 0.27174 0.725527 
vt 0.271173 0.725835 
vt 0.270642 0.726125 
vt 0.271124 0.725337 
vt 0.270609 0.725679 
vt 0.270131 0.725996 
vt 0.270415 0.725349 
vt 0.26997 0.725699 
vt 0.26956 0.726023 
vt 0.268955 0.726216 
vt 0.269286 0.725913 
vt 0.269647 0.725583 
vt 0.268349 0.726575 
vt 0.268595 0.726321 
vt 0.267779 0.727085 
vt 0.268865 0.726043 
vt 0.267941 0.726906 
vt 0.268119 0.726709 
vt 0.267158 0.732737 
vt 0.267108 0.732238 
vt 0.266808 0.732289 
vt 0.26682 0.73278 
vt 0.266796 0.731825 
vt 0.266534 0.732143 
vt 0.266554 0.731706 
vt 0.266573 0.731297 
vt 0.266384 0.731361 
vt 0.266422 0.731001 
vt 0.266457 0.730665 
vt 0.266465 0.729955 
vt 0.26643 0.730198 
vt 0.266392 0.730462 
vt 0.241413 0.937236 
vt 0.241353 0.93729 
vt 0.216249 0.96926 
vt 0.216448 0.969006 
vt 0.216325 0.969127 
vt 0.241509 0.937187 
vt 0.241637 0.937144 
vt 0.216613 0.9689 
vt 0.241792 0.937108 
vt 0.216812 0.968812 
vt 0.217038 0.968746 
vt 0.241967 0.937082 
vt 0.217284 0.968704 
vt 0.242157 0.937065 
vt 0.21754 0.968687 
vt 0.242355 0.937058 
vt 0.242554 0.937061 
vt 0.217798 0.968695 
vt 0.341605 0.795737 
vt 0.341634 0.792325 
vt 0.341748 0.793112 
vt 0.341513 0.794644 
vt 0.341704 0.796923 
vt 0.342195 0.789814 
vt 0.341872 0.793973 
vt 0.342398 0.790238 
vt 0.343193 0.787253 
vt 0.342621 0.790706 
vt 0.343556 0.787283 
vt 0.344587 0.784804 
vt 0.34396 0.787317 
vt 0.345176 0.784446 
vt 0.345831 0.784048 
vt 0.348114 0.781146 
vt 0.347157 0.781928 
vt 0.35064 0.778827 
vt 0.346297 0.78263 
vt 0.349363 0.779904 
vt 0.348211 0.780874 
vt 0.396037 0.931837 
vt 0.395076 0.936959 
vt 0.395076 0.931837 
vt 0.396037 0.936959 
vt 0.396997 0.931837 
vt 0.395076 0.942081 
vt 0.396997 0.936959 
vt 0.396037 0.942081 
vt 0.395076 0.947203 
vt 0.397958 0.931837 
vt 0.396037 0.947203 
vt 0.396997 0.942081 
vt 0.396997 0.947203 
vt 0.397958 0.936959 
vt 0.398918 0.931837 
vt 0.397958 0.942081 
vt 0.397958 0.947203 
vt 0.398918 0.936959 
vt 0.399878 0.931837 
vt 0.398918 0.942081 
vt 0.398918 0.947203 
vt 0.399878 0.936959 
vt 0.400839 0.931837 
vt 0.399878 0.942081 
vt 0.399878 0.947203 
vt 0.400839 0.936959 
vt 0.401799 0.931837 
vt 0.400839 0.942081 
vt 0.400839 0.947203 
vt 0.401799 0.936959 
vt 0.40276 0.931837 
vt 0.401799 0.942081 
vt 0.401799 0.947203 
vt 0.40276 0.942081 
vt 0.40276 0.947203 
vt 0.40276 0.936959 
vt 0.40372 0.931837 
vt 0.40372 0.942081 
vt 0.40372 0.947203 
vt 0.40372 0.936959 
vt 0.40468 0.931837 
vt 0.40468 0.936959 
vt 0.405641 0.931837 
vt 0.40468 0.942081 
vt 0.40468 0.947203 
vt 0.405641 0.936959 
vt 0.406601 0.931837 
vt 0.405641 0.942081 
vt 0.405641 0.947203 
vt 0.406601 0.936959 
vt 0.272646 0.732803 
vt 0.272698 0.732779 
vt 0.272651 0.732771 
vt 0.272694 0.732806 
vt 0.272644 0.732834 
vt 0.272692 0.732832 
vt 0.272692 0.732857 
vt 0.272643 0.732864 
vt 0.272694 0.732879 
vt 0.272645 0.732891 
vt 0.272698 0.732898 
vt 0.27265 0.732914 
vt 0.272704 0.732914 
vt 0.272656 0.732933 
vt 0.272665 0.732946 
vt 0.272712 0.732924 
vt 0.272675 0.732953 
vt 0.272721 0.73293 
vt 0.272687 0.732953 
vt 0.272731 0.73293 
vt 0.2727 0.732946 
vt 0.272743 0.732924 
vt 0.2727 0.732946 
vt 0.272754 0.732912 
vt 0.272743 0.732924 
vt 0.272714 0.732933 
vt 0.272765 0.732896 
vt 0.272727 0.732912 
vt 0.272776 0.732874 
vt 0.27274 0.732886 
vt 0.272786 0.732849 
vt 0.272752 0.732855 
vt 0.272761 0.732821 
vt 0.272794 0.73282 
vt 0.272769 0.732784 
vt 0.2728 0.732791 
vt 0.272774 0.732748 
vt 0.272804 0.732761 
vt 0.272776 0.732713 
vt 0.272806 0.732732 
vt 0.272805 0.732706 
vt 0.272776 0.732681 
vt 0.272802 0.732683 
vt 0.272772 0.732653 
vt 0.272797 0.732664 
vt 0.272766 0.732631 
vt 0.27279 0.732651 
vt 0.272758 0.732615 
vt 0.245884 0.966026 
vt 0.24539 0.947386 
vt 0.245638 0.948121 
vt 0.246137 0.966637 
vt 0.245083 0.965433 
vt 0.244614 0.946674 
vt 0.243755 0.964882 
vt 0.24333 0.946014 
vt 0.241581 0.945433 
vt 0.241943 0.964398 
vt 0.239432 0.944958 
vt 0.239714 0.964001 
vt 0.236967 0.94461 
vt 0.237156 0.963711 
vt 0.234289 0.944406 
vt 0.234377 0.96354 
vt 0.231512 0.944355 
vt 0.231494 0.963498 
vt 0.228756 0.944459 
vt 0.228633 0.963585 
vt 0.226139 0.944715 
vt 0.225917 0.963798 
vt 0.223772 0.945108 
vt 0.223461 0.964127 
vt 0.221367 0.964556 
vt 0.221752 0.945623 
vt 0.219715 0.965065 
vt 0.220157 0.946234 
vt 0.218564 0.965633 
vt 0.219045 0.946915 
vt 0.217951 0.966235 
vt 0.21845 0.947638 
vt 0.217886 0.966848 
vt 0.218383 0.948373 
vt 0.514746 0.962353 
vt 0.513801 0.932749 
vt 0.513975 0.934199 
vt 0.514933 0.963783 
vt 0.514195 0.96097 
vt 0.513302 0.93135 
vt 0.513297 0.959692 
vt 0.512491 0.930057 
vt 0.511398 0.928925 
vt 0.512081 0.958571 
vt 0.510062 0.928002 
vt 0.510593 0.957655 
vt 0.508537 0.927327 
vt 0.508893 0.956987 
vt 0.506885 0.926932 
vt 0.507049 0.956594 
vt 0.505173 0.926833 
vt 0.505139 0.956496 
vt 0.503474 0.927035 
vt 0.503242 0.956697 
vt 0.501858 0.927529 
vt 0.501439 0.957187 
vt 0.500391 0.928293 
vt 0.499805 0.957945 
vt 0.498405 0.958936 
vt 0.499134 0.929294 
vt 0.497294 0.960117 
vt 0.498133 0.930487 
vt 0.496512 0.961437 
vt 0.497428 0.931823 
vt 0.496086 0.962843 
vt 0.497039 0.933246 
vt 0.496025 0.964277 
vt 0.496979 0.934699 
vt 0.357151 0.791945 
vt 0.359643 0.790455 
vt 0.357839 0.790129 
vt 0.36216 0.788532 
vt 0.361467 0.790785 
vt 0.360225 0.788398 
vt 0.358321 0.788267 
vt 0.358569 0.786403 
vt 0.360562 0.786329 
vt 0.362601 0.786254 
vt 0.358556 0.784592 
vt 0.360621 0.784304 
vt 0.36275 0.784007 
vt 0.358255 0.782896 
vt 0.360368 0.78239 
vt 0.362566 0.781863 
vt 0.362008 0.779915 
vt 0.359773 0.78067 
vt 0.357645 0.78139 
vt 0.361042 0.778271 
vt 0.358814 0.779242 
vt 0.356714 0.780157 
vt 0.35965 0.777058 
vt 0.357484 0.778212 
vt 0.355465 0.779287 
vt 0.357842 0.776408 
vt 0.355804 0.777687 
vt 0.353924 0.778867 
vt 0.355665 0.776439 
vt 0.353824 0.777761 
vt 0.352142 0.778969 
vt 0.353217 0.777238 
vt 0.351635 0.778497 
vt 0.350201 0.779638 
vt 0.348211 0.780874 
vt 0.349363 0.779904 
vt 0.35064 0.778827 
vt 0.346377 0.802419 
vt 0.344505 0.80038 
vt 0.344947 0.802001 
vt 0.346971 0.804077 
vt 0.345406 0.803687 
vt 0.34401 0.802803 
vt 0.343678 0.801137 
vt 0.343362 0.79955 
vt 0.342864 0.801385 
vt 0.342644 0.799801 
vt 0.342437 0.798308 
vt 0.342064 0.799418 
vt 0.341927 0.797991 
vt 0.341704 0.796923 
vt 0.341799 0.796661 
vt 0.341605 0.795737 
vt 0.341513 0.794644 
vt 0.448407 0.53542 
vt 0.452028 0.402578 
vt 0.448515 0.53362 
vt 0.451923 0.404695 
vt 0.452672 0.400507 
vt 0.449302 0.531854 
vt 0.45384 0.398565 
vt 0.450748 0.530194 
vt 0.45549 0.396831 
vt 0.452807 0.528708 
vt 0.457563 0.395378 
vt 0.455403 0.527461 
vt 0.458437 0.526507 
vt 0.459978 0.394269 
vt 0.461785 0.52589 
vt 0.462638 0.393552 
vt 0.465307 0.525637 
vt 0.465433 0.393259 
vt 0.468855 0.525761 
vt 0.468249 0.393402 
vt 0.472279 0.526255 
vt 0.470969 0.393976 
vt 0.475435 0.527097 
vt 0.473479 0.394955 
vt 0.478195 0.528249 
vt 0.47568 0.396296 
vt 0.480449 0.529659 
vt 0.477484 0.397941 
vt 0.478823 0.39982 
vt 0.482113 0.531267 
vt 0.479651 0.401856 
vt 0.48313 0.533004 
vt 0.479942 0.403966 
vt 0.483472 0.534801 
vt 0.245638 0.948121 
vt 0.245847 0.967243 
vt 0.246137 0.966637 
vt 0.245361 0.948849 
vt 0.245036 0.96782 
vt 0.244582 0.949543 
vt 0.243341 0.950178 
vt 0.243747 0.968349 
vt 0.24169 0.950733 
vt 0.242035 0.96881 
vt 0.239697 0.951189 
vt 0.23997 0.969189 
vt 0.237436 0.951533 
vt 0.237627 0.969474 
vt 0.234987 0.951752 
vt 0.235092 0.969656 
vt 0.232435 0.951842 
vt 0.232451 0.96973 
vt 0.229869 0.951798 
vt 0.229794 0.969694 
vt 0.227375 0.951623 
vt 0.227213 0.969549 
vt 0.22504 0.951321 
vt 0.224794 0.969298 
vt 0.222945 0.950902 
vt 0.222624 0.96895 
vt 0.221169 0.950379 
vt 0.220783 0.968516 
vt 0.21978 0.949769 
vt 0.219341 0.968009 
vt 0.218836 0.949093 
vt 0.21836 0.967446 
vt 0.218383 0.948373 
vt 0.217886 0.966848 
vt 0.513975 0.934199 
vt 0.514756 0.965205 
vt 0.514933 0.963783 
vt 0.513821 0.935642 
vt 0.514228 0.966566 
vt 0.513351 0.937024 
vt 0.512587 0.938295 
vt 0.513375 0.967815 
vt 0.511562 0.939409 
vt 0.512233 0.968909 
vt 0.510317 0.940327 
vt 0.510848 0.96981 
vt 0.508897 0.94102 
vt 0.509272 0.97049 
vt 0.507356 0.941464 
vt 0.507562 0.970925 
vt 0.505748 0.941644 
vt 0.505779 0.971102 
vt 0.50413 0.941556 
vt 0.503984 0.971015 
vt 0.50256 0.941202 
vt 0.502242 0.970668 
vt 0.501093 0.940592 
vt 0.500613 0.97007 
vt 0.499782 0.939749 
vt 0.499156 0.969243 
vt 0.498676 0.938698 
vt 0.497925 0.968211 
vt 0.497818 0.937477 
vt 0.496968 0.967011 
vt 0.497244 0.936128 
vt 0.496325 0.965683 
vt 0.496979 0.934699 
vt 0.496025 0.964277 
vt 0.479694 0.406069 
vt 0.482156 0.538293 
vt 0.483139 0.536586 
vt 0.483472 0.534801 
vt 0.479942 0.403966 
vt 0.478923 0.408084 
vt 0.477668 0.409938 
vt 0.480571 0.539859 
vt 0.475979 0.411565 
vt 0.478453 0.54123 
vt 0.473925 0.412907 
vt 0.475885 0.54236 
vt 0.471582 0.413919 
vt 0.472965 0.54321 
vt 0.469037 0.414568 
vt 0.469797 0.543755 
vt 0.466382 0.414832 
vt 0.466494 0.543977 
vt 0.463709 0.414703 
vt 0.463171 0.543868 
vt 0.461116 0.414185 
vt 0.459944 0.543433 
vt 0.458693 0.413295 
vt 0.456925 0.542686 
vt 0.45653 0.412061 
vt 0.454225 0.541648 
vt 0.454708 0.410527 
vt 0.451942 0.540356 
vt 0.453296 0.408745 
vt 0.450165 0.538851 
vt 0.452354 0.406777 
vt 0.448968 0.537186 
vt 0.451923 0.404695 
vt 0.448407 0.53542 
vt 0.352436 0.797755 
vt 0.352546 0.797699 
vt 0.352447 0.797681 
vt 0.352537 0.79776 
vt 0.352429 0.797827 
vt 0.352531 0.797821 
vt 0.35253 0.797877 
vt 0.352427 0.797895 
vt 0.352533 0.797929 
vt 0.35243 0.797957 
vt 0.352541 0.797973 
vt 0.352438 0.79801 
vt 0.352553 0.798008 
vt 0.352451 0.798053 
vt 0.352468 0.798083 
vt 0.352568 0.798032 
vt 0.352489 0.798099 
vt 0.352587 0.798045 
vt 0.352514 0.7981 
vt 0.352609 0.798045 
vt 0.352633 0.798032 
vt 0.352542 0.798084 
vt 0.150554 0.950613 
vt 0.150666 0.948923 
vt 0.150687 0.94941 
vt 0.150551 0.949984 
vt 0.150557 0.951307 
vt 0.150985 0.947747 
vt 0.15071 0.949954 
vt 0.151059 0.948057 
vt 0.151506 0.946525 
vt 0.151144 0.948406 
vt 0.151671 0.946635 
vt 0.152206 0.945341 
vt 0.151859 0.94676 
vt 0.152494 0.945248 
vt 0.152823 0.945142 
vt 0.153965 0.94369 
vt 0.153472 0.944005 
vt 0.155189 0.942526 
vt 0.15304 0.944281 
vt 0.154529 0.943001 
vt 0.153949 0.94342 
vt 0.26959 0.732994 
vt 0.268841 0.732691 
vt 0.269076 0.733179 
vt 0.269309 0.732534 
vt 0.269764 0.732287 
vt 0.268372 0.732748 
vt 0.269874 0.733461 
vt 0.270088 0.732713 
vt 0.270196 0.731961 
vt 0.269316 0.733676 
vt 0.270416 0.733144 
vt 0.26856 0.733256 
vt 0.267915 0.732696 
vt 0.268754 0.733777 
vt 0.268056 0.733215 
vt 0.267488 0.732528 
vt 0.268202 0.73375 
vt 0.270561 0.732348 
vt 0.27093 0.732738 
vt 0.270595 0.731565 
vt 0.267582 0.733044 
vt 0.26768 0.733581 
vt 0.267211 0.73326 
vt 0.270999 0.731909 
vt 0.270953 0.73111 
vt 0.271407 0.732255 
vt 0.271395 0.731406 
vt 0.27184 0.731704 
vt 0.27222 0.731097 
vt 0.271739 0.73085 
vt 0.272712 0.732619 
vt 0.272739 0.732665 
vt 0.27275 0.732652 
vt 0.272761 0.732644 
vt 0.272699 0.732635 
vt 0.272724 0.732608 
vt 0.272729 0.732683 
vt 0.272771 0.732641 
vt 0.272687 0.732656 
vt 0.272736 0.732604 
vt 0.272719 0.732703 
vt 0.272781 0.732643 
vt 0.272676 0.732681 
vt 0.272748 0.732606 
vt 0.27279 0.732651 
vt 0.272758 0.732615 
vt 0.272711 0.732727 
vt 0.272666 0.732709 
vt 0.272658 0.732739 
vt 0.272704 0.732752 
vt 0.352542 0.798084 
vt 0.352657 0.798005 
vt 0.352633 0.798032 
vt 0.352571 0.798053 
vt 0.352682 0.797966 
vt 0.352601 0.798005 
vt 0.352706 0.797916 
vt 0.352629 0.797944 
vt 0.352728 0.797857 
vt 0.352655 0.797872 
vt 0.352746 0.797791 
vt 0.352678 0.797792 
vt 0.352695 0.797707 
vt 0.352761 0.797722 
vt 0.352708 0.797622 
vt 0.35277 0.797653 
vt 0.352714 0.797541 
vt 0.352775 0.797586 
vt 0.352775 0.797526 
vt 0.352713 0.797467 
vt 0.352769 0.797473 
vt 0.352707 0.797404 
vt 0.352758 0.797431 
vt 0.352695 0.797353 
vt 0.352678 0.797318 
vt 0.352744 0.797401 
vt 0.351051 0.801384 
vt 0.350073 0.800007 
vt 0.349477 0.802069 
vt 0.348631 0.800591 
vt 0.347193 0.800871 
vt 0.351484 0.799154 
vt 0.347905 0.802428 
vt 0.350338 0.803571 
vt 0.345801 0.800812 
vt 0.35204 0.802777 
vt 0.348634 0.804021 
vt 0.35259 0.800414 
vt 0.353704 0.801685 
vt 0.352836 0.798063 
vt 0.354066 0.799195 
vt 0.354102 0.796768 
vt 0.355302 0.800332 
vt 0.355453 0.797759 
vt 0.355259 0.795296 
vt 0.356808 0.798754 
vt 0.356727 0.796138 
vt 0.356283 0.793679 
vt 0.358201 0.796982 
vt 0.357867 0.79436 
vt 0.359458 0.795044 
vt 0.360556 0.792968 
vt 0.358847 0.792455 
vt 0.271799 0.727758 
vt 0.271702 0.729491 
vt 0.271817 0.728907 
vt 0.271852 0.728323 
vt 0.271514 0.730062 
vt 0.271654 0.727232 
vt 0.270131 0.725996 
vt 0.271411 0.726768 
vt 0.270642 0.726125 
vt 0.271072 0.72639 
vt 0.268955 0.726216 
vt 0.26956 0.726023 
vt 0.268349 0.726575 
vt 0.267779 0.727085 
vt 0.266882 0.728439 
vt 0.26728 0.727719 
vt 0.266573 0.731297 
vt 0.266465 0.729955 
vt 0.266607 0.729199 
vt 0.266457 0.730665 
vt 0.268372 0.732748 
vt 0.266796 0.731825 
vt 0.267108 0.732238 
vt 0.267488 0.732528 
vt 0.267915 0.732696 
vt 0.269309 0.732534 
vt 0.268841 0.732691 
vt 0.269764 0.732287 
vt 0.270595 0.731565 
vt 0.270196 0.731961 
vt 0.271262 0.730605 
vt 0.270953 0.73111 
vt 0.060878 0.955249 
vt 0.0599258 0.955651 
vt 0.0607643 0.95579 
vt 0.0598219 0.956301 
vt 0.0606794 0.956335 
vt 0.0597532 0.956936 
vt 0.060626 0.956867 
vt 0.0606064 0.95737 
vt 0.0597225 0.957537 
vt 0.060622 0.957825 
vt 0.0597316 0.958084 
vt 0.0606731 0.958216 
vt 0.0597816 0.958557 
vt 0.0607591 0.958528 
vt 0.0598722 0.958937 
vt 0.0600022 0.959207 
vt 0.0608782 0.958745 
vt 0.0601682 0.95935 
vt 0.0610271 0.958858 
vt 0.0603657 0.959356 
vt 0.0612011 0.958856 
vt 0.35266 0.797407 
vt 0.352554 0.797367 
vt 0.352637 0.797437 
vt 0.352614 0.797477 
vt 0.352581 0.797329 
vt 0.352528 0.797415 
vt 0.352683 0.797387 
vt 0.352593 0.797525 
vt 0.352608 0.797304 
vt 0.352504 0.797473 
vt 0.352705 0.797379 
vt 0.352575 0.797579 
vt 0.352634 0.797293 
vt 0.352482 0.797538 
vt 0.352726 0.797383 
vt 0.352463 0.797608 
vt 0.352658 0.797298 
vt 0.352744 0.797401 
vt 0.352678 0.797318 
vt 0.352559 0.797638 
vt 0.154435 0.952685 
vt 0.153442 0.952334 
vt 0.153762 0.953045 
vt 0.154059 0.952028 
vt 0.154668 0.951611 
vt 0.152832 0.952513 
vt 0.154817 0.953351 
vt 0.1551 0.952209 
vt 0.155259 0.951097 
vt 0.154089 0.95377 
vt 0.155535 0.952812 
vt 0.153095 0.953271 
vt 0.152246 0.952545 
vt 0.153364 0.954049 
vt 0.15245 0.95334 
vt 0.151705 0.952413 
vt 0.152662 0.954163 
vt 0.151852 0.953229 
vt 0.152005 0.954084 
vt 0.151425 0.953783 
vt 0.151327 0.952917 
vt 0.151235 0.952099 
vt 0.15096 0.95323 
vt 0.150911 0.952381 
vt 0.150865 0.95159 
vt 0.150654 0.952406 
vt 0.15064 0.951612 
vt 0.150557 0.951307 
vt 0.150626 0.950882 
vt 0.150554 0.950613 
vt 0.150551 0.949984 
vt 0.0612011 0.958856 
vt 0.0605878 0.959217 
vt 0.0613942 0.958736 
vt 0.0603657 0.959356 
vt 0.0615989 0.958497 
vt 0.0608263 0.958933 
vt 0.0618067 0.958147 
vt 0.061071 0.958511 
vt 0.0620083 0.957698 
vt 0.061311 0.957964 
vt 0.0621945 0.957168 
vt 0.0615347 0.957316 
vt 0.061731 0.956596 
vt 0.0623563 0.956581 
vt 0.0618903 0.955838 
vt 0.0624861 0.955962 
vt 0.0620047 0.955078 
vt 0.0625778 0.955342 
vt 0.0620693 0.954353 
vt 0.0626275 0.954748 
vt 0.0626336 0.954208 
vt 0.0620821 0.953697 
vt 0.0625968 0.953744 
vt 0.0620439 0.953137 
vt 0.06252 0.953374 
vt 0.0619581 0.952695 
vt 0.0624077 0.95311 
vt 0.0618303 0.952386 
vt 0.268063 0.732553 
vt 0.268018 0.732145 
vt 0.267956 0.732364 
vt 0.268055 0.732091 
vt 0.268036 0.732114 
vt 0.268075 0.732076 
vt 0.267986 0.732223 
vt 0.268001 0.732182 
vt 0.267973 0.732269 
vt 0.267963 0.732316 
vt 0.268111 0.732075 
vt 0.268093 0.732071 
vt 0.268139 0.732112 
vt 0.268126 0.732089 
vt 0.268148 0.732145 
vt 0.267953 0.732454 
vt 0.267953 0.73241 
vt 0.267964 0.732528 
vt 0.267957 0.732494 
vt 0.267988 0.732574 
vt 0.267974 0.732555 
vt 0.268004 0.732584 
vt 0.268022 0.732584 
vt 0.268042 0.732574 
vt 0.268134 0.73239 
vt 0.268119 0.73244 
vt 0.268083 0.732523 
vt 0.268102 0.732485 
vt 0.268145 0.732337 
vt 0.268154 0.732186 
vt 0.268155 0.732232 
vt 0.268152 0.732284 
vt 0.154529 0.943001 
vt 0.153949 0.94342 
vt 0.155584 0.942304 
vt 0.154866 0.942812 
vt 0.156394 0.94173 
vt 0.155189 0.942526 
vt 0.15749 0.941332 
vt 0.156563 0.941939 
vt 0.155731 0.942483 
vt 0.156494 0.942427 
vt 0.157407 0.941898 
vt 0.158413 0.941315 
vt 0.157123 0.94262 
vt 0.158084 0.942144 
vt 0.159129 0.941628 
vt 0.157602 0.943022 
vt 0.15858 0.942626 
vt 0.15963 0.942201 
vt 0.157926 0.943588 
vt 0.158898 0.943287 
vt 0.159926 0.942968 
vt 0.160038 0.943864 
vt 0.159049 0.944074 
vt 0.158103 0.944275 
vt 0.15999 0.944838 
vt 0.159051 0.944942 
vt 0.158144 0.945042 
vt 0.159807 0.94585 
vt 0.158925 0.945853 
vt 0.158064 0.945856 
vt 0.159511 0.946869 
vt 0.158687 0.946779 
vt 0.157879 0.946689 
vt 0.157602 0.94752 
vt 0.158357 0.947695 
vt 0.159121 0.947873 
vt 0.157246 0.94833 
vt 0.157947 0.948586 
vt 0.158654 0.948844 
vt 0.156825 0.949105 
vt 0.157471 0.949437 
vt 0.158121 0.94977 
vt 0.156347 0.949832 
vt 0.156939 0.950235 
vt 0.157534 0.95064 
vt 0.156902 0.951444 
vt 0.156361 0.950971 
vt 0.155822 0.9505 
vt 0.156233 0.952172 
vt 0.155745 0.951633 
vt 0.0610518 0.952516 
vt 0.0615392 0.95346 
vt 0.0617305 0.953183 
vt 0.0619201 0.953002 
vt 0.0608311 0.952856 
vt 0.0612701 0.952288 
vt 0.0613526 0.953819 
vt 0.0621008 0.952925 
vt 0.0606153 0.953292 
vt 0.0614782 0.952185 
vt 0.0611766 0.954247 
vt 0.0622657 0.95296 
vt 0.0604112 0.953808 
vt 0.0616677 0.952215 
vt 0.0624077 0.95311 
vt 0.0618303 0.952386 
vt 0.0610169 0.954729 
vt 0.0602248 0.954385 
vt 0.0600614 0.955006 
vt 0.514933 0.963783 
vt 0.513232 0.965685 
vt 0.513372 0.964499 
vt 0.514756 0.965205 
vt 0.514746 0.962353 
vt 0.514228 0.966566 
vt 0.513208 0.96331 
vt 0.512798 0.966821 
vt 0.514195 0.96097 
vt 0.513375 0.967815 
vt 0.512742 0.962162 
vt 0.51209 0.967866 
vt 0.511987 0.961103 
vt 0.512233 0.968909 
vt 0.513297 0.959692 
vt 0.511139 0.968782 
vt 0.51097 0.960176 
vt 0.510848 0.96981 
vt 0.512081 0.958571 
vt 0.509981 0.969539 
vt 0.50973 0.95942 
vt 0.50866 0.970109 
vt 0.510593 0.957655 
vt 0.509272 0.97049 
vt 0.508314 0.958869 
vt 0.507226 0.970475 
vt 0.508893 0.956987 
vt 0.507562 0.970925 
vt 0.506782 0.958545 
vt 0.505729 0.970624 
vt 0.507049 0.956594 
vt 0.505779 0.971102 
vt 0.505194 0.958464 
vt 0.504223 0.970551 
vt 0.505139 0.956496 
vt 0.503984 0.971015 
vt 0.503619 0.958629 
vt 0.502761 0.970259 
vt 0.503242 0.956697 
vt 0.502242 0.970668 
vt 0.50212 0.959034 
vt 0.501395 0.969757 
vt 0.501439 0.957187 
vt 0.500613 0.97007 
vt 0.500758 0.959659 
vt 0.500176 0.969062 
vt 0.499805 0.957945 
vt 0.499156 0.969243 
vt 0.49959 0.960478 
vt 0.499149 0.968197 
vt 0.498405 0.958936 
vt 0.497925 0.968211 
vt 0.49866 0.961455 
vt 0.498353 0.967193 
vt 0.497294 0.960117 
vt 0.496968 0.967011 
vt 0.496512 0.961437 
vt 0.497822 0.966084 
vt 0.498002 0.96255 
vt 0.496325 0.965683 
vt 0.497638 0.963717 
vt 0.497579 0.96491 
vt 0.496086 0.962843 
vt 0.496025 0.964277 

usemtl Handle1Mtl

f 1/1/1 2/2/2 3/3/3 
f 2/2/2 4/4/4 3/3/3 
f 5/5/5 2/2/2 1/1/1 
f 3/3/3 4/4/4 6/6/6 
f 7/7/7 6/6/6 4/4/4 
f 8/8/8 6/6/6 7/7/7 
f 9/9/9 3/3/3 6/6/6 
f 6/6/6 8/8/8 9/9/9 
f 9/9/9 1/1/1 3/3/3 
f 8/8/8 10/10/10 9/9/9 
f 11/11/11 10/10/10 8/8/8 
f 12/12/12 10/10/10 11/11/11 
f 13/13/13 9/9/9 10/10/10 
f 10/10/10 12/12/12 13/13/13 
f 13/13/13 1/1/1 9/9/9 
f 12/12/12 14/14/14 13/13/13 
f 14/14/14 12/12/12 15/15/15 
f 16/16/16 14/14/14 15/15/15 
f 14/14/14 16/16/16 17/17/17 
f 17/17/17 13/13/13 14/14/14 
f 18/18/18 17/17/17 16/16/16 
f 13/13/13 17/17/17 19/19/19 
f 17/17/17 18/18/18 19/19/19 
f 1/1/1 13/13/13 19/19/19 
f 20/20/20 19/19/19 18/18/18 
f 19/19/19 20/20/20 21/21/21 
f 22/22/22 21/21/21 20/20/20 
f 21/21/21 22/22/22 23/23/23 
f 23/23/23 19/19/19 21/21/21 
f 24/24/24 23/23/23 22/22/22 
f 23/23/23 24/24/24 25/25/25 
f 25/25/25 19/19/19 23/23/23 
f 26/26/26 25/25/25 24/24/24 
f 25/25/25 26/26/26 27/27/27 
f 27/27/27 19/19/19 25/25/25 
f 28/28/28 27/27/27 26/26/26 
f 27/27/27 29/29/29 19/19/19 
f 29/29/29 1/1/1 19/19/19 
f 27/27/27 28/28/28 30/30/30 
f 30/30/30 29/29/29 27/27/27 
f 31/31/31 30/30/30 28/28/28 
f 30/30/30 31/31/31 32/32/32 
f 33/33/33 32/32/32 31/31/31 
f 34/34/34 30/30/30 32/32/32 
f 32/32/32 33/33/33 34/34/34 
f 29/29/29 30/30/30 34/34/34 
f 35/35/35 34/34/34 33/33/33 
f 34/34/34 35/35/35 29/29/29 
f 35/35/35 36/36/36 29/29/29 
f 36/36/36 35/35/35 37/37/37 
f 38/38/38 36/36/36 37/37/37 
f 36/36/36 38/38/38 39/39/39 
f 39/39/39 29/29/29 36/36/36 
f 40/40/40 39/39/39 38/38/38 
f 39/39/39 40/40/40 41/41/41 
f 42/42/42 41/41/41 40/40/40 
f 43/43/43 39/39/39 41/41/41 
f 41/41/41 42/42/42 43/43/43 
f 44/44/44 39/39/39 43/43/43 
f 43/43/43 42/42/42 44/44/44 
f 44/44/44 29/29/29 39/39/39 
f 42/42/42 45/45/45 44/44/44 
f 44/44/44 45/45/45 46/46/46 
f 45/45/45 47/47/47 46/46/46 
f 46/46/46 47/47/47 48/48/48 
f 47/47/47 49/49/49 48/48/48 
f 50/50/50 44/44/44 46/46/46 
f 50/50/50 46/46/46 48/48/48 
f 49/49/49 50/50/50 48/48/48 
f 50/50/50 29/29/29 44/44/44 
f 51/51/51 50/50/50 49/49/49 
f 51/51/51 52/52/52 50/50/50 
f 53/53/53 52/52/52 51/51/51 
f 29/29/29 50/50/50 54/54/54 
f 54/54/54 50/50/50 52/52/52 
f 53/53/53 54/54/54 52/52/52 
f 54/54/54 53/53/53 55/55/55 
f 1/1/1 29/29/29 54/54/54 
f 55/55/55 56/56/56 54/54/54 
f 56/56/56 1/1/1 54/54/54 
f 56/56/56 55/55/55 57/57/57 
f 57/57/57 58/58/58 56/56/56 
f 58/58/58 57/57/57 59/59/59 
f 60/60/60 56/56/56 58/58/58 
f 59/59/59 60/60/60 58/58/58 
f 60/60/60 1/1/1 56/56/56 
f 60/60/60 59/59/59 61/61/61 
f 61/61/61 62/62/62 60/60/60 
f 62/62/62 61/61/61 63/63/63 
f 1/1/1 60/60/60 64/64/64 
f 64/64/64 60/60/60 62/62/62 
f 64/64/64 62/62/62 63/63/63 
f 64/64/64 5/5/5 1/1/1 
f 63/63/63 5/5/5 64/64/64 
f 65/65/65 66/66/66 67/67/67 
f 67/67/67 66/66/66 68/68/68 
f 69/69/69 65/65/65 67/67/67 
f 70/70/70 69/69/69 71/71/71 
f 65/65/65 69/69/69 70/70/70 
f 66/66/66 72/72/72 73/73/73 
f 74/74/74 72/72/72 66/66/66 
f 65/65/65 74/74/74 66/66/66 
f 72/72/72 74/74/74 75/75/75 
f 74/74/74 76/76/76 77/77/77 
f 76/76/76 74/74/74 78/78/78 
f 74/74/74 65/65/65 78/78/78 
f 76/76/76 78/78/78 79/79/79 
f 80/80/80 65/65/65 81/81/81 
f 80/80/80 78/78/78 65/65/65 
f 82/82/82 80/80/80 83/83/83 
f 84/84/84 80/80/80 82/82/82 
f 84/84/84 78/78/78 80/80/80 
f 78/78/78 84/84/84 85/85/85 
f 85/85/85 84/84/84 86/86/86 
f 85/85/85 86/86/86 87/87/87 
f 85/85/85 87/87/87 88/88/88 
f 89/89/89 85/85/85 90/90/90 
f 89/89/89 78/78/78 85/85/85 
f 91/91/91 78/78/78 89/89/89 
f 92/92/92 78/78/78 91/91/91 
f 92/92/92 93/93/93 78/78/78 
f 93/93/93 92/92/92 94/94/94 
f 93/93/93 95/95/95 78/78/78 
f 95/95/95 93/93/93 96/96/96 
f 97/97/97 98/98/98 99/99/99 
f 98/98/98 97/97/97 100/100/100 
f 101/101/101 99/99/99 98/98/98 
f 97/97/97 102/102/102 100/100/100 
f 99/99/99 101/101/101 103/103/103 
f 104/104/104 102/102/102 97/97/97 
f 101/101/101 105/105/105 103/103/103 
f 106/106/106 102/102/102 104/104/104 
f 105/105/105 101/101/101 107/107/107 
f 102/102/102 106/106/106 108/108/108 
f 109/109/109 105/105/105 107/107/107 
f 108/108/108 106/106/106 110/110/110 
f 105/105/105 109/109/109 111/111/111 
f 112/112/112 110/110/110 106/106/106 
f 109/109/109 113/113/113 111/111/111 
f 110/110/110 112/112/112 114/114/114 
f 115/115/115 113/113/113 109/109/109 
f 116/116/116 114/114/114 112/112/112 
f 117/117/117 113/113/113 115/115/115 
f 114/114/114 116/116/116 118/118/118 
f 113/113/113 117/117/117 119/119/119 
f 116/116/116 120/120/120 118/118/118 
f 121/121/121 119/119/119 117/117/117 
f 122/122/122 118/118/118 120/120/120 
f 123/123/123 121/121/121 117/117/117 
f 118/118/118 122/122/122 124/124/124 
f 125/125/125 121/121/121 123/123/123 
f 122/122/122 126/126/126 124/124/124 
f 121/121/121 125/125/125 127/127/127 
f 126/126/126 122/122/122 128/128/128 
f 127/127/127 125/125/125 129/129/129 
f 130/130/130 126/126/126 128/128/128 
f 131/131/131 129/129/129 125/125/125 
f 126/126/126 130/130/130 132/132/132 
f 133/133/133 129/129/129 131/131/131 
f 130/130/130 134/134/134 132/132/132 
f 129/129/129 133/133/133 135/135/135 
f 134/134/134 130/130/130 136/136/136 
f 135/135/135 133/133/133 137/137/137 
f 138/138/138 134/134/134 136/136/136 
f 137/137/137 133/133/133 139/139/139 
f 134/134/134 138/138/138 140/140/140 
f 141/141/141 137/137/137 139/139/139 
f 142/142/142 140/140/140 138/138/138 
f 137/137/137 141/141/141 143/143/143 
f 140/140/140 142/142/142 144/144/144 
f 141/141/141 145/145/145 143/143/143 
f 146/146/146 144/144/144 142/142/142 
f 145/145/145 141/141/141 147/147/147 
f 144/144/144 146/146/146 148/148/148 
f 147/147/147 149/149/149 145/145/145 
f 150/150/150 148/148/148 146/146/146 
f 149/149/149 147/147/147 151/151/151 
f 148/148/148 150/150/150 152/152/152 
f 153/153/153 149/149/149 151/151/151 
f 152/152/152 150/150/150 154/154/154 
f 149/149/149 153/153/153 155/155/155 
f 156/156/156 154/154/154 150/150/150 
f 157/157/157 155/155/155 153/153/153 
f 158/158/158 154/154/154 156/156/156 
f 155/155/155 157/157/157 159/159/159 
f 157/157/157 158/158/158 159/159/159 
f 154/154/154 158/158/158 160/160/160 
f 160/160/160 158/158/158 157/157/157 
f 161/161/161 162/162/162 163/163/163 
f 164/164/164 163/163/163 162/162/162 
f 162/162/162 161/161/161 165/165/165 
f 163/163/163 164/164/164 166/166/166 
f 167/167/167 165/165/165 161/161/161 
f 168/168/168 166/166/166 164/164/164 
f 165/165/165 167/167/167 169/169/169 
f 166/166/166 168/168/168 170/170/170 
f 171/171/171 169/169/169 167/167/167 
f 172/172/172 170/170/170 168/168/168 
f 169/169/169 171/171/171 173/173/173 
f 170/170/170 172/172/172 174/174/174 
f 175/175/175 173/173/173 171/171/171 
f 174/174/174 172/172/172 176/176/176 
f 173/173/173 175/175/175 177/177/177 
f 176/176/176 172/172/172 178/178/178 
f 177/177/177 175/175/175 179/179/179 
f 180/180/180 176/176/176 178/178/178 
f 175/175/175 181/181/181 179/179/179 
f 176/176/176 180/180/180 182/182/182 
f 179/179/179 181/181/181 183/183/183 
f 184/184/184 182/182/182 180/180/180 
f 181/181/181 185/185/185 183/183/183 
f 186/186/186 184/184/184 180/180/180 
f 187/187/187 183/183/183 185/185/185 
f 188/188/188 184/184/184 186/186/186 
f 183/183/183 187/187/187 189/189/189 
f 184/184/184 188/188/188 190/190/190 
f 187/187/187 191/191/191 189/189/189 
f 192/192/192 190/190/190 188/188/188 
f 193/193/193 191/191/191 187/187/187 
f 190/190/190 192/192/192 194/194/194 
f 195/195/195 191/191/191 193/193/193 
f 196/196/196 194/194/194 192/192/192 
f 191/191/191 195/195/195 197/197/197 
f 194/194/194 196/196/196 198/198/198 
f 195/195/195 199/199/199 197/197/197 
f 200/200/200 198/198/198 196/196/196 
f 199/199/199 195/195/195 201/201/201 
f 198/198/198 200/200/200 202/202/202 
f 201/201/201 203/203/203 199/199/199 
f 200/200/200 204/204/204 202/202/202 
f 203/203/203 201/201/201 205/205/205 
f 204/204/204 200/200/200 206/206/206 
f 205/205/205 207/207/207 203/203/203 
f 208/208/208 204/204/204 206/206/206 
f 207/207/207 205/205/205 209/209/209 
f 204/204/204 208/208/208 210/210/210 
f 209/209/209 211/211/211 207/207/207 
f 208/208/208 212/212/212 210/210/210 
f 211/211/211 209/209/209 213/213/213 
f 212/212/212 208/208/208 214/214/214 
f 213/213/213 215/215/215 211/211/211 
f 216/216/216 212/212/212 214/214/214 
f 215/215/215 213/213/213 217/217/217 
f 212/212/212 216/216/216 218/218/218 
f 215/215/215 217/217/217 219/219/219 
f 220/220/220 218/218/218 216/216/216 
f 217/217/217 221/221/221 219/219/219 
f 218/218/218 220/220/220 222/222/222 
f 219/219/219 221/221/221 223/223/223 
f 222/222/222 220/220/220 224/224/224 
f 221/221/221 224/224/224 223/223/223 
f 223/223/223 224/224/224 220/220/220 
f 225/225/225 226/226/226 227/227/227 
f 226/226/226 225/225/225 228/228/228 
f 227/227/227 229/229/229 225/225/225 
f 230/230/230 226/226/226 228/228/228 
f 229/229/229 227/227/227 231/231/231 
f 226/226/226 230/230/230 232/232/232 
f 231/231/231 233/233/233 229/229/229 
f 234/234/234 232/232/232 230/230/230 
f 233/233/233 231/231/231 235/235/235 
f 232/232/232 234/234/234 236/236/236 
f 237/237/237 233/233/233 235/235/235 
f 236/236/236 234/234/234 238/238/238 
f 233/233/233 237/237/237 239/239/239 
f 234/234/234 240/240/240 238/238/238 
f 237/237/237 241/241/241 239/239/239 
f 242/242/242 238/238/238 240/240/240 
f 241/241/241 237/237/237 243/243/243 
f 238/238/238 242/242/242 244/244/244 
f 241/241/241 243/243/243 245/245/245 
f 242/242/242 246/246/246 244/244/244 
f 245/245/245 243/243/243 247/247/247 
f 248/248/248 246/246/246 242/242/242 
f 245/245/245 247/247/247 249/249/249 
f 250/250/250 246/246/246 248/248/248 
f 249/249/249 247/247/247 251/251/251 
f 246/246/246 250/250/250 252/252/252 
f 253/253/253 249/249/249 251/251/251 
f 254/254/254 252/252/252 250/250/250 
f 255/255/255 253/253/253 251/251/251 
f 252/252/252 254/254/254 256/256/256 
f 257/257/257 253/253/253 255/255/255 
f 258/258/258 256/256/256 254/254/254 
f 259/259/259 257/257/257 255/255/255 
f 256/256/256 258/258/258 260/260/260 
f 261/261/261 257/257/257 259/259/259 
f 262/262/262 260/260/260 258/258/258 
f 257/257/257 261/261/261 263/263/263 
f 260/260/260 262/262/262 264/264/264 
f 261/261/261 265/265/265 263/263/263 
f 266/266/266 264/264/264 262/262/262 
f 265/265/265 261/261/261 267/267/267 
f 264/264/264 266/266/266 268/268/268 
f 269/269/269 265/265/265 267/267/267 
f 266/266/266 270/270/270 268/268/268 
f 265/265/265 269/269/269 271/271/271 
f 270/270/270 266/266/266 272/272/272 
f 273/273/273 271/271/271 269/269/269 
f 274/274/274 270/270/270 272/272/272 
f 271/271/271 273/273/273 275/275/275 
f 270/270/270 274/274/274 276/276/276 
f 273/273/273 277/277/277 275/275/275 
f 276/276/276 274/274/274 278/278/278 
f 277/277/277 273/273/273 279/279/279 
f 274/274/274 280/280/280 278/278/278 
f 279/279/279 281/281/281 277/277/277 
f 282/282/282 278/278/278 280/280/280 
f 281/281/281 279/279/279 283/283/283 
f 278/278/278 282/282/282 284/284/284 
f 285/285/285 281/281/281 283/283/283 
f 286/286/286 284/284/284 282/282/282 
f 281/281/281 285/285/285 287/287/287 
f 287/287/287 285/285/285 286/286/286 
f 284/284/284 286/286/286 288/288/288 
f 286/286/286 285/285/285 288/288/288 
f 289/289/289 290/290/290 291/291/291 
f 292/292/292 291/291/291 290/290/290 
f 290/290/290 289/289/289 293/293/293 
f 291/291/291 292/292/292 294/294/294 
f 289/289/289 295/295/295 293/293/293 
f 296/296/296 294/294/294 292/292/292 
f 295/295/295 289/289/289 297/297/297 
f 294/294/294 296/296/296 298/298/298 
f 297/297/297 299/299/299 295/295/295 
f 300/300/300 298/298/298 296/296/296 
f 299/299/299 297/297/297 301/301/301 
f 298/298/298 300/300/300 302/302/302 
f 303/303/303 299/299/299 301/301/301 
f 304/304/304 302/302/302 300/300/300 
f 299/299/299 303/303/303 305/305/305 
f 302/302/302 304/304/304 306/306/306 
f 303/303/303 307/307/307 305/305/305 
f 308/308/308 306/306/306 304/304/304 
f 307/307/307 303/303/303 309/309/309 
f 306/306/306 308/308/308 310/310/310 
f 311/311/311 307/307/307 309/309/309 
f 312/312/312 310/310/310 308/308/308 
f 307/307/307 311/311/311 313/313/313 
f 310/310/310 312/312/312 314/314/314 
f 315/315/315 313/313/313 311/311/311 
f 312/312/312 316/316/316 314/314/314 
f 315/315/315 311/311/311 317/317/317 
f 316/316/316 312/312/312 318/318/318 
f 319/319/319 315/315/315 317/317/317 
f 318/318/318 320/320/320 316/316/316 
f 315/315/315 319/319/319 321/321/321 
f 320/320/320 318/318/318 322/322/322 
f 323/323/323 321/321/321 319/319/319 
f 324/324/324 320/320/320 322/322/322 
f 325/325/325 323/323/323 319/319/319 
f 320/320/320 324/324/324 326/326/326 
f 327/327/327 323/323/323 325/325/325 
f 328/328/328 326/326/326 324/324/324 
f 325/325/325 329/329/329 327/327/327 
f 326/326/326 328/328/328 330/330/330 
f 329/329/329 331/331/331 327/327/327 
f 328/328/328 332/332/332 330/330/330 
f 329/329/329 333/333/333 331/331/331 
f 332/332/332 328/328/328 334/334/334 
f 333/333/333 335/335/335 331/331/331 
f 336/336/336 332/332/332 334/334/334 
f 335/335/335 333/333/333 337/337/337 
f 332/332/332 336/336/336 338/338/338 
f 337/337/337 339/339/339 335/335/335 
f 338/338/338 336/336/336 340/340/340 
f 339/339/339 337/337/337 341/341/341 
f 336/336/336 342/342/342 340/340/340 
f 341/341/341 343/343/343 339/339/339 
f 340/340/340 342/342/342 344/344/344 
f 343/343/343 341/341/341 345/345/345 
f 342/342/342 346/346/346 344/344/344 
f 345/345/345 347/347/347 343/343/343 
f 346/346/346 348/348/348 344/344/344 
f 347/347/347 345/345/345 349/349/349 
f 346/346/346 350/350/350 348/348/348 
f 349/349/349 351/351/351 347/347/347 
f 350/350/350 352/352/352 348/348/348 
f 351/351/351 349/349/349 352/352/352 
f 351/351/351 352/352/352 350/350/350 
f 353/353/353 354/354/354 355/355/355 
f 354/354/354 353/353/353 356/356/356 
f 356/356/356 357/357/357 354/354/354 
f 357/357/357 356/356/356 358/358/358 
f 358/358/358 359/359/359 357/357/357 
f 359/359/359 358/358/358 360/360/360 
f 361/361/361 359/359/359 360/360/360 
f 359/359/359 361/361/361 362/362/362 
f 363/363/363 362/362/362 361/361/361 
f 362/362/362 363/363/363 364/364/364 
f 365/365/365 364/364/364 363/363/363 
f 364/364/364 365/365/365 366/366/366 
f 367/367/367 366/366/366 365/365/365 
f 368/368/368 366/366/366 367/367/367 
f 367/367/367 369/369/369 368/368/368 
f 369/369/369 367/367/367 370/370/370 
f 370/370/370 371/371/371 369/369/369 
f 371/371/371 370/370/370 372/372/372 
f 372/372/372 373/373/373 371/371/371 
f 373/373/373 372/372/372 374/374/374 
f 374/374/374 375/375/375 373/373/373 
f 375/375/375 374/374/374 376/376/376 
f 377/377/377 375/375/375 376/376/376 
f 375/375/375 377/377/377 378/378/378 
f 379/379/379 378/378/378 377/377/377 
f 378/378/378 379/379/379 380/380/380 
f 381/381/381 380/380/380 379/379/379 
f 380/380/380 381/381/381 382/382/382 
f 383/383/383 382/382/382 381/381/381 
f 384/384/384 382/382/382 383/383/383 
f 383/383/383 385/385/385 384/384/384 
f 385/385/385 383/383/383 386/386/386 
f 386/386/386 387/387/387 385/385/385 
f 387/387/387 386/386/386 388/388/388 
f 388/388/388 389/389/389 387/387/387 
f 389/389/389 388/388/388 390/390/390 
f 391/391/391 392/392/392 393/393/393 
f 394/394/394 393/393/393 392/392/392 
f 392/392/392 391/391/391 395/395/395 
f 391/391/391 396/396/396 395/395/395 
f 396/396/396 391/391/391 397/397/397 
f 393/393/393 394/394/394 398/398/398 
f 399/399/399 398/398/398 394/394/394 
f 398/398/398 399/399/399 400/400/400 
f 401/401/401 400/400/400 399/399/399 
f 402/402/402 400/400/400 401/401/401 
f 401/401/401 403/403/403 402/402/402 
f 403/403/403 401/401/401 404/404/404 
f 404/404/404 405/405/405 403/403/403 
f 405/405/405 404/404/404 406/406/406 
f 406/406/406 407/407/407 405/405/405 
f 407/407/407 406/406/406 408/408/408 
f 408/408/408 409/409/409 407/407/407 
f 409/409/409 408/408/408 410/410/410 
f 411/411/411 409/409/409 410/410/410 
f 409/409/409 411/411/411 412/412/412 
f 413/413/413 412/412/412 411/411/411 
f 412/412/412 413/413/413 414/414/414 
f 415/415/415 414/414/414 413/413/413 
f 414/414/414 415/415/415 416/416/416 
f 417/417/417 416/416/416 415/415/415 
f 418/418/418 416/416/416 417/417/417 
f 417/417/417 419/419/419 418/418/418 
f 419/419/419 417/417/417 420/420/420 
f 421/421/421 422/422/422 423/423/423 
f 424/424/424 423/423/423 422/422/422 
f 423/423/423 424/424/424 425/425/425 
f 422/422/422 426/426/426 424/424/424 
f 425/425/425 427/427/427 423/423/423 
f 427/427/427 425/425/425 428/428/428 
f 429/429/429 423/423/423 427/427/427 
f 423/423/423 429/429/429 421/421/421 
f 428/428/428 430/430/430 427/427/427 
f 430/430/430 428/428/428 431/431/431 
f 427/427/427 432/432/432 429/429/429 
f 432/432/432 427/427/427 430/430/430 
f 429/429/429 433/433/433 421/421/421 
f 431/431/431 434/434/434 430/430/430 
f 434/434/434 431/431/431 435/435/435 
f 436/436/436 434/434/434 435/435/435 
f 437/437/437 430/430/430 434/434/434 
f 430/430/430 437/437/437 432/432/432 
f 434/434/434 436/436/436 438/438/438 
f 438/438/438 437/437/437 434/434/434 
f 436/436/436 439/439/439 438/438/438 
f 439/439/439 436/436/436 440/440/440 
f 439/439/439 440/440/440 441/441/441 
f 442/442/442 429/429/429 432/432/432 
f 429/429/429 442/442/442 433/433/433 
f 443/443/443 432/432/432 437/437/437 
f 432/432/432 444/444/444 442/442/442 
f 432/432/432 443/443/443 444/444/444 
f 442/442/442 445/445/445 433/433/433 
f 445/445/445 442/442/442 444/444/444 
f 446/446/446 444/444/444 443/443/443 
f 446/446/446 445/445/445 444/444/444 
f 443/443/443 437/437/437 447/447/447 
f 437/437/437 438/438/438 447/447/447 
f 443/443/443 447/447/447 446/446/446 
f 438/438/438 448/448/448 447/447/447 
f 448/448/448 438/438/438 439/439/439 
f 449/449/449 447/447/447 448/448/448 
f 447/447/447 449/449/449 446/446/446 
f 448/448/448 439/439/439 450/450/450 
f 439/439/439 441/441/441 450/450/450 
f 449/449/449 448/448/448 451/451/451 
f 448/448/448 450/450/450 451/451/451 
f 452/452/452 446/446/446 449/449/449 
f 449/449/449 451/451/451 452/452/452 
f 446/446/446 452/452/452 453/453/453 
f 451/451/451 453/453/453 452/452/452 
f 454/454/454 446/446/446 453/453/453 
f 453/453/453 451/451/451 455/455/455 
f 450/450/450 455/455/455 451/451/451 
f 455/455/455 454/454/454 453/453/453 
f 441/441/441 456/456/456 450/450/450 
f 455/455/455 450/450/450 456/456/456 
f 456/456/456 441/441/441 457/457/457 
f 456/456/456 458/458/458 455/455/455 
f 454/454/454 455/455/455 458/458/458 
f 457/457/457 459/459/459 456/456/456 
f 458/458/458 456/456/456 459/459/459 
f 459/459/459 457/457/457 460/460/460 
f 460/460/460 461/461/461 459/459/459 
f 461/461/461 462/462/462 459/459/459 
f 459/459/459 462/462/462 458/458/458 
f 463/463/463 462/462/462 461/461/461 
f 446/446/446 454/454/454 445/445/445 
f 463/463/463 464/464/464 462/462/462 
f 465/465/465 464/464/464 463/463/463 
f 462/462/462 466/466/466 458/458/458 
f 464/464/464 466/466/466 462/462/462 
f 458/458/458 467/467/467 454/454/454 
f 467/467/467 458/458/458 466/466/466 
f 468/468/468 454/454/454 467/467/467 
f 468/468/468 445/445/445 454/454/454 
f 466/466/466 469/469/469 467/467/467 
f 468/468/468 467/467/467 469/469/469 
f 464/464/464 470/470/470 466/466/466 
f 469/469/469 466/466/466 470/470/470 
f 471/471/471 470/470/470 464/464/464 
f 464/464/464 465/465/465 471/471/471 
f 472/472/472 469/469/469 470/470/470 
f 472/472/472 468/468/468 469/469/469 
f 470/470/470 471/471/471 472/472/472 
f 465/465/465 473/473/473 471/471/471 
f 473/473/473 465/465/465 474/474/474 
f 475/475/475 473/473/473 474/474/474 
f 476/476/476 471/471/471 473/473/473 
f 471/471/471 476/476/476 472/472/472 
f 473/473/473 475/475/475 477/477/477 
f 477/477/477 476/476/476 473/473/473 
f 478/478/478 477/477/477 475/475/475 
f 479/479/479 472/472/472 476/476/476 
f 472/472/472 479/479/479 468/468/468 
f 476/476/476 477/477/477 480/480/480 
f 479/479/479 476/476/476 480/480/480 
f 477/477/477 478/478/478 481/481/481 
f 482/482/482 468/468/468 479/479/479 
f 480/480/480 482/482/482 479/479/479 
f 483/483/483 481/481/481 478/478/478 
f 477/477/477 484/484/484 480/480/480 
f 484/484/484 477/477/477 481/481/481 
f 481/481/481 483/483/483 485/485/485 
f 485/485/485 483/483/483 486/486/486 
f 481/481/481 487/487/487 484/484/484 
f 487/487/487 481/481/481 485/485/485 
f 485/485/485 486/486/486 488/488/488 
f 487/487/487 485/485/485 488/488/488 
f 488/488/488 486/486/486 489/489/489 
f 490/490/490 480/480/480 484/484/484 
f 480/480/480 490/490/490 482/482/482 
f 491/491/491 484/484/484 487/487/487 
f 484/484/484 491/491/491 490/490/490 
f 487/487/487 488/488/488 492/492/492 
f 491/491/491 487/487/487 492/492/492 
f 493/493/493 490/490/490 491/491/491 
f 491/491/491 492/492/492 493/493/493 
f 490/490/490 493/493/493 482/482/482 
f 492/492/492 494/494/494 493/493/493 
f 482/482/482 493/493/493 494/494/494 
f 488/488/488 495/495/495 492/492/492 
f 494/494/494 492/492/492 495/495/495 
f 495/495/495 488/488/488 496/496/496 
f 488/488/488 489/489/489 496/496/496 
f 495/495/495 497/497/497 494/494/494 
f 498/498/498 482/482/482 494/494/494 
f 498/498/498 494/494/494 497/497/497 
f 489/489/489 499/499/499 496/496/496 
f 499/499/499 489/489/489 500/500/500 
f 496/496/496 501/501/501 495/495/495 
f 501/501/501 496/496/496 499/499/499 
f 497/497/497 495/495/495 501/501/501 
f 500/500/500 502/502/502 499/499/499 
f 499/499/499 502/502/502 501/501/501 
f 502/502/502 500/500/500 503/503/503 
f 504/504/504 497/497/497 501/501/501 
f 502/502/502 504/504/504 501/501/501 
f 497/497/497 504/504/504 498/498/498 
f 503/503/503 505/505/505 502/502/502 
f 505/505/505 504/504/504 502/502/502 
f 505/505/505 503/503/503 506/506/506 
f 506/506/506 507/507/507 505/505/505 
f 507/507/507 506/506/506 508/508/508 
f 509/509/509 507/507/507 508/508/508 
f 507/507/507 510/510/510 505/505/505 
f 505/505/505 510/510/510 504/504/504 
f 507/507/507 509/509/509 511/511/511 
f 512/512/512 511/511/511 509/509/509 
f 510/510/510 507/507/507 513/513/513 
f 511/511/511 513/513/513 507/507/507 
f 514/514/514 504/504/504 510/510/510 
f 504/504/504 514/514/514 498/498/498 
f 513/513/513 514/514/514 510/510/510 
f 515/515/515 498/498/498 514/514/514 
f 513/513/513 515/515/515 514/514/514 
f 515/515/515 516/516/516 498/498/498 
f 516/516/516 482/482/482 498/498/498 
f 513/513/513 517/517/517 515/515/515 
f 516/516/516 515/515/515 517/517/517 
f 513/513/513 511/511/511 518/518/518 
f 517/517/517 513/513/513 518/518/518 
f 519/519/519 518/518/518 511/511/511 
f 511/511/511 512/512/512 519/519/519 
f 517/517/517 518/518/518 520/520/520 
f 518/518/518 519/519/519 520/520/520 
f 520/520/520 516/516/516 517/517/517 
f 512/512/512 521/521/521 519/519/519 
f 521/521/521 512/512/512 522/522/522 
f 523/523/523 521/521/521 522/522/522 
f 524/524/524 519/519/519 521/521/521 
f 519/519/519 524/524/524 520/520/520 
f 521/521/521 523/523/523 525/525/525 
f 525/525/525 524/524/524 521/521/521 
f 523/523/523 526/526/526 525/525/525 
f 526/526/526 523/523/523 527/527/527 
f 528/528/528 520/520/520 524/524/524 
f 520/520/520 528/528/528 516/516/516 
f 524/524/524 525/525/525 529/529/529 
f 528/528/528 524/524/524 529/529/529 
f 527/527/527 530/530/530 526/526/526 
f 530/530/530 527/527/527 531/531/531 
f 532/532/532 525/525/525 526/526/526 
f 525/525/525 532/532/532 529/529/529 
f 532/532/532 526/526/526 530/530/530 
f 530/530/530 531/531/531 533/533/533 
f 529/529/529 534/534/534 528/528/528 
f 534/534/534 516/516/516 528/528/528 
f 535/535/535 529/529/529 532/532/532 
f 529/529/529 535/535/535 534/534/534 
f 532/532/532 530/530/530 536/536/536 
f 535/535/535 532/532/532 536/536/536 
f 516/516/516 534/534/534 445/445/445 
f 445/445/445 534/534/534 535/535/535 
f 482/482/482 516/516/516 445/445/445 
f 482/482/482 445/445/445 468/468/468 
f 535/535/535 536/536/536 445/445/445 
f 536/536/536 530/530/530 537/537/537 
f 533/533/533 537/537/537 530/530/530 
f 533/533/533 538/538/538 537/537/537 
f 538/538/538 533/533/533 539/539/539 
f 539/539/539 426/426/426 538/538/538 
f 426/426/426 540/540/540 538/538/538 
f 426/426/426 422/422/422 540/540/540 
f 541/541/541 538/538/538 540/540/540 
f 542/542/542 540/540/540 422/422/422 
f 540/540/540 542/542/542 541/541/541 
f 422/422/422 421/421/421 542/542/542 
f 421/421/421 543/543/543 542/542/542 
f 543/543/543 541/541/541 542/542/542 
f 421/421/421 433/433/433 543/543/543 
f 538/538/538 541/541/541 544/544/544 
f 544/544/544 537/537/537 538/538/538 
f 433/433/433 545/545/545 543/543/543 
f 541/541/541 543/543/543 545/545/545 
f 545/545/545 433/433/433 445/445/445 
f 541/541/541 546/546/546 544/544/544 
f 546/546/546 541/541/541 545/545/545 
f 537/537/537 544/544/544 547/547/547 
f 546/546/546 547/547/547 544/544/544 
f 537/537/537 547/547/547 536/536/536 
f 545/545/545 548/548/548 546/546/546 
f 548/548/548 545/545/545 445/445/445 
f 547/547/547 546/546/546 548/548/548 
f 536/536/536 548/548/548 445/445/445 
f 548/548/548 536/536/536 547/547/547 
f 549/549/549 550/550/550 551/551/551 
f 551/551/551 550/550/550 552/552/552 
f 553/553/553 551/551/551 552/552/552 
f 554/554/554 549/549/549 551/551/551 
f 555/555/555 549/549/549 554/554/554 
f 551/551/551 553/553/553 556/556/556 
f 556/556/556 554/554/554 551/551/551 
f 557/557/557 556/556/556 553/553/553 
f 554/554/554 556/556/556 558/558/558 
f 556/556/556 557/557/557 559/559/559 
f 559/559/559 558/558/558 556/556/556 
f 560/560/560 559/559/559 557/557/557 
f 558/558/558 559/559/559 561/561/561 
f 559/559/559 560/560/560 562/562/562 
f 562/562/562 561/561/561 559/559/559 
f 563/563/563 562/562/562 560/560/560 
f 561/561/561 562/562/562 564/564/564 
f 565/565/565 564/564/564 562/562/562 
f 562/562/562 563/563/563 565/565/565 
f 564/564/564 565/565/565 566/566/566 
f 566/566/566 565/565/565 567/567/567 
f 565/565/565 563/563/563 568/568/568 
f 567/567/567 565/565/565 568/568/568 
f 568/568/568 563/563/563 569/569/569 
f 567/567/567 568/568/568 570/570/570 
f 568/568/568 569/569/569 571/571/571 
f 570/570/570 568/568/568 571/571/571 
f 571/571/571 569/569/569 572/572/572 
f 570/570/570 571/571/571 573/573/573 
f 571/571/571 572/572/572 574/574/574 
f 573/573/573 571/571/571 574/574/574 
f 574/574/574 572/572/572 575/575/575 
f 573/573/573 574/574/574 576/576/576 
f 574/574/574 575/575/575 577/577/577 
f 576/576/576 574/574/574 577/577/577 
f 577/577/577 575/575/575 578/578/578 
f 579/579/579 577/577/577 578/578/578 
f 580/580/580 576/576/576 577/577/577 
f 577/577/577 579/579/579 580/580/580 
f 576/576/576 580/580/580 581/581/581 
f 582/582/582 580/580/580 579/579/579 
f 583/583/583 581/581/581 580/580/580 
f 580/580/580 582/582/582 583/583/583 
f 581/581/581 583/583/583 584/584/584 
f 585/585/585 583/583/583 582/582/582 
f 586/586/586 584/584/584 583/583/583 
f 583/583/583 585/585/585 586/586/586 
f 584/584/584 586/586/586 587/587/587 
f 588/588/588 586/586/586 585/585/585 
f 589/589/589 587/587/587 586/586/586 
f 586/586/586 588/588/588 589/589/589 
f 587/587/587 589/589/589 590/590/590 
f 590/590/590 589/589/589 591/591/591 
f 589/589/589 588/588/588 592/592/592 
f 591/591/591 589/589/589 592/592/592 
f 592/592/592 588/588/588 593/593/593 
f 591/591/591 592/592/592 594/594/594 
f 592/592/592 593/593/593 595/595/595 
f 594/594/594 592/592/592 595/595/595 
f 594/594/594 595/595/595 596/596/596 
f 595/595/595 593/593/593 597/597/597 
f 596/596/596 595/595/595 598/598/598 
f 595/595/595 597/597/597 598/598/598 
f 598/598/598 597/597/597 599/599/599 
f 600/600/600 601/601/601 602/602/602 
f 600/600/600 602/602/602 603/603/603 
f 601/601/601 600/600/600 604/604/604 
f 605/605/605 600/600/600 603/603/603 
f 606/606/606 601/601/601 604/604/604 
f 605/605/605 603/603/603 607/607/607 
f 608/608/608 601/601/601 606/606/606 
f 609/609/609 605/605/605 607/607/607 
f 610/610/610 608/608/608 606/606/606 
f 607/607/607 611/611/611 609/609/609 
f 608/608/608 610/610/610 612/612/612 
f 611/611/611 607/607/607 613/613/613 
f 610/610/610 614/614/614 612/612/612 
f 613/613/613 615/615/615 611/611/611 
f 614/614/614 610/610/610 616/616/616 
f 615/615/615 613/613/613 617/617/617 
f 618/618/618 614/614/614 616/616/616 
f 617/617/617 619/619/619 615/615/615 
f 614/614/614 618/618/618 620/620/620 
f 619/619/619 617/617/617 621/621/621 
f 618/618/618 622/622/622 620/620/620 
f 621/621/621 623/623/623 619/619/619 
f 622/622/622 618/618/618 624/624/624 
f 623/623/623 621/621/621 625/625/625 
f 626/626/626 622/622/622 624/624/624 
f 627/627/627 623/623/623 625/625/625 
f 622/622/622 626/626/626 628/628/628 
f 623/623/623 627/627/627 629/629/629 
f 626/626/626 630/630/630 628/628/628 
f 631/631/631 629/629/629 627/627/627 
f 630/630/630 626/626/626 632/632/632 
f 629/629/629 631/631/631 633/633/633 
f 630/630/630 632/632/632 634/634/634 
f 631/631/631 635/635/635 633/633/633 
f 634/634/634 636/636/636 630/630/630 
f 635/635/635 631/631/631 637/637/637 
f 634/634/634 638/638/638 636/636/636 
f 637/637/637 639/639/639 635/635/635 
f 638/638/638 640/640/640 636/636/636 
f 639/639/639 637/637/637 641/641/641 
f 638/638/638 642/642/642 640/640/640 
f 639/639/639 641/641/641 643/643/643 
f 642/642/642 644/644/644 640/640/640 
f 645/645/645 639/639/639 643/643/643 
f 642/642/642 646/646/646 644/644/644 
f 643/643/643 647/647/647 645/645/645 
f 646/646/646 648/648/648 644/644/644 
f 647/647/647 643/643/643 649/649/649 
f 650/650/650 648/648/648 646/646/646 
f 647/647/647 649/649/649 651/651/651 
f 648/648/648 650/650/650 652/652/652 
f 653/653/653 647/647/647 651/651/651 
f 654/654/654 652/652/652 650/650/650 
f 655/655/655 653/653/653 651/651/651 
f 652/652/652 654/654/654 656/656/656 
f 655/655/655 657/657/657 653/653/653 
f 658/658/658 656/656/656 654/654/654 
f 659/659/659 657/657/657 655/655/655 
f 656/656/656 658/658/658 660/660/660 
f 657/657/657 659/659/659 661/661/661 
f 662/662/662 660/660/660 658/658/658 
f 663/663/663 661/661/661 659/659/659 
f 660/660/660 662/662/662 663/663/663 
f 661/661/661 663/663/663 662/662/662 
f 664/664/664 665/665/665 666/666/666 
f 667/667/667 666/666/666 665/665/665 
f 666/666/666 667/667/667 668/668/668 
f 665/665/665 669/669/669 667/667/667 
f 670/670/670 668/668/668 667/667/667 
f 668/668/668 670/670/670 671/671/671 
f 672/672/672 671/671/671 670/670/670 
f 667/667/667 672/672/672 670/670/670 
f 671/671/671 672/672/672 673/673/673 
f 672/672/672 667/667/667 674/674/674 
f 674/674/674 673/673/673 672/672/672 
f 667/667/667 669/669/669 674/674/674 
f 673/673/673 674/674/674 675/675/675 
f 674/674/674 669/669/669 676/676/676 
f 677/677/677 676/676/676 669/669/669 
f 676/676/676 677/677/677 678/678/678 
f 674/674/674 676/676/676 679/679/679 
f 679/679/679 675/675/675 674/674/674 
f 678/678/678 679/679/679 676/676/676 
f 675/675/675 679/679/679 680/680/680 
f 679/679/679 678/678/678 680/680/680 
f 681/681/681 682/682/682 683/683/683 
f 682/682/682 681/681/681 684/684/684 
f 685/685/685 681/681/681 683/683/683 
f 681/681/681 685/685/685 686/686/686 
f 687/687/687 686/686/686 685/685/685 
f 686/686/686 687/687/687 688/688/688 
f 689/689/689 688/688/688 687/687/687 
f 688/688/688 689/689/689 690/690/690 
f 691/691/691 690/690/690 689/689/689 
f 690/690/690 691/691/691 692/692/692 
f 693/693/693 692/692/692 691/691/691 
f 692/692/692 693/693/693 694/694/694 
f 693/693/693 695/695/695 694/694/694 
f 695/695/695 693/693/693 696/696/696 
f 696/696/696 697/697/697 695/695/695 
f 697/697/697 696/696/696 698/698/698 
f 698/698/698 699/699/699 697/697/697 
f 699/699/699 698/698/698 700/700/700 
f 700/700/700 701/701/701 699/699/699 
f 701/701/701 700/700/700 702/702/702 
f 703/703/703 701/701/701 702/702/702 
f 701/701/701 703/703/703 704/704/704 
f 705/705/705 704/704/704 703/703/703 
f 704/704/704 705/705/705 706/706/706 
f 707/707/707 706/706/706 705/705/705 
f 706/706/706 707/707/707 708/708/708 
f 709/709/709 708/708/708 707/707/707 
f 708/708/708 709/709/709 710/710/710 
f 709/709/709 711/711/711 710/710/710 
f 711/711/711 709/709/709 712/712/712 
f 712/712/712 713/713/713 711/711/711 
f 713/713/713 712/712/712 714/714/714 
f 715/715/715 716/716/716 717/717/717 
f 716/716/716 718/718/718 717/717/717 
f 717/717/717 718/718/718 719/719/719 
f 718/718/718 720/720/720 719/719/719 
f 721/721/721 715/715/715 717/717/717 
f 719/719/719 721/721/721 717/717/717 
f 721/721/721 719/719/719 722/722/722 
f 722/722/722 719/719/719 723/723/723 
f 722/722/722 723/723/723 724/724/724 
f 720/720/720 725/725/725 719/719/719 
f 723/723/723 719/719/719 725/725/725 
f 726/726/726 725/725/725 720/720/720 
f 725/725/725 727/727/727 723/723/723 
f 727/727/727 725/725/725 726/726/726 
f 728/728/728 729/729/729 721/721/721 
f 729/729/729 728/728/728 730/730/730 
f 729/729/729 715/715/715 721/721/721 
f 731/731/731 729/729/729 732/732/732 
f 729/729/729 731/731/731 733/733/733 
f 734/734/734 729/729/729 733/733/733 
f 734/734/734 733/733/733 735/735/735 
f 715/715/715 729/729/729 734/734/734 
f 736/736/736 734/734/734 737/737/737 
f 734/734/734 736/736/736 669/669/669 
f 715/715/715 734/734/734 665/665/665 
f 669/669/669 665/665/665 734/734/734 
f 738/738/738 716/716/716 715/715/715 
f 716/716/716 738/738/738 739/739/739 
f 738/738/738 740/740/740 739/739/739 
f 715/715/715 741/741/741 738/738/738 
f 715/715/715 665/665/665 741/741/741 
f 740/740/740 738/738/738 742/742/742 
f 738/738/738 743/743/743 742/742/742 
f 743/743/743 740/740/740 742/742/742 
f 738/738/738 741/741/741 743/743/743 
f 740/740/740 743/743/743 744/744/744 
f 745/745/745 744/744/744 743/743/743 
f 743/743/743 741/741/741 745/745/745 
f 744/744/744 745/745/745 746/746/746 
f 741/741/741 746/746/746 745/745/745 
f 746/746/746 741/741/741 747/747/747 
f 748/748/748 747/747/747 741/741/741 
f 741/741/741 665/665/665 748/748/748 
f 747/747/747 748/748/748 664/664/664 
f 665/665/665 664/664/664 748/748/748 
f 749/749/749 750/750/750 751/751/751 
f 751/751/751 750/750/750 752/752/752 
f 751/751/751 752/752/752 753/753/753 
f 753/753/753 752/752/752 754/754/754 
f 753/753/753 754/754/754 755/755/755 
f 755/755/755 754/754/754 756/756/756 
f 757/757/757 753/753/753 755/755/755 
f 758/758/758 753/753/753 757/757/757 
f 758/758/758 751/751/751 753/753/753 
f 759/759/759 751/751/751 758/758/758 
f 759/759/759 749/749/749 751/751/751 
f 760/760/760 749/749/749 759/759/759 
f 761/761/761 749/749/749 760/760/760 
f 749/749/749 761/761/761 762/762/762 
f 762/762/762 750/750/750 749/749/749 
f 763/763/763 762/762/762 761/761/761 
f 750/750/750 762/762/762 764/764/764 
f 762/762/762 763/763/763 765/765/765 
f 765/765/765 764/764/764 762/762/762 
f 766/766/766 765/765/765 763/763/763 
f 764/764/764 765/765/765 767/767/767 
f 765/765/765 766/766/766 768/768/768 
f 768/768/768 767/767/767 765/765/765 
f 769/769/769 768/768/768 766/766/766 
f 767/767/767 768/768/768 770/770/770 
f 771/771/771 770/770/770 768/768/768 
f 768/768/768 769/769/769 771/771/771 
f 770/770/770 771/771/771 772/772/772 
f 771/771/771 773/773/773 772/772/772 
f 769/769/769 774/774/774 771/771/771 
f 774/774/774 773/773/773 771/771/771 
f 775/775/775 774/774/774 769/769/769 
f 774/774/774 776/776/776 773/773/773 
f 775/775/775 777/777/777 774/774/774 
f 777/777/777 776/776/776 774/774/774 
f 778/778/778 777/777/777 775/775/775 
f 777/777/777 779/779/779 776/776/776 
f 778/778/778 780/780/780 777/777/777 
f 780/780/780 779/779/779 777/777/777 
f 781/781/781 780/780/780 778/778/778 
f 780/780/780 782/782/782 779/779/779 
f 781/781/781 783/783/783 780/780/780 
f 783/783/783 782/782/782 780/780/780 
f 784/784/784 783/783/783 781/781/781 
f 785/785/785 783/783/783 784/784/784 
f 786/786/786 782/782/782 783/783/783 
f 783/783/783 785/785/785 786/786/786 
f 782/782/782 786/786/786 787/787/787 
f 788/788/788 786/786/786 785/785/785 
f 789/789/789 787/787/787 786/786/786 
f 786/786/786 788/788/788 789/789/789 
f 787/787/787 789/789/789 790/790/790 
f 791/791/791 789/789/789 788/788/788 
f 792/792/792 790/790/790 789/789/789 
f 789/789/789 791/791/791 792/792/792 
f 790/790/790 792/792/792 793/793/793 
f 794/794/794 792/792/792 791/791/791 
f 795/795/795 793/793/793 792/792/792 
f 792/792/792 794/794/794 795/795/795 
f 793/793/793 795/795/795 796/796/796 
f 795/795/795 797/797/797 796/796/796 
f 798/798/798 797/797/797 795/795/795 
f 794/794/794 798/798/798 795/795/795 
f 799/799/799 798/798/798 794/794/794 
f 800/800/800 801/801/801 802/802/802 
f 802/802/802 801/801/801 803/803/803 
f 801/801/801 800/800/800 804/804/804 
f 803/803/803 801/801/801 805/805/805 
f 800/800/800 806/806/806 804/804/804 
f 803/803/803 805/805/805 807/807/807 
f 806/806/806 800/800/800 808/808/808 
f 809/809/809 807/807/807 805/805/805 
f 810/810/810 806/806/806 808/808/808 
f 811/811/811 807/807/807 809/809/809 
f 806/806/806 810/810/810 812/812/812 
f 813/813/813 812/812/812 810/810/810 
f 812/812/812 813/813/813 814/814/814 
f 807/807/807 811/811/811 815/815/815 
f 816/816/816 815/815/815 811/811/811 
f 817/817/817 816/816/816 811/811/811 
f 818/818/818 816/816/816 817/817/817 
f 816/816/816 818/818/818 819/819/819 
f 818/818/818 820/820/820 819/819/819 
f 820/820/820 818/818/818 821/821/821 
f 821/821/821 822/822/822 820/820/820 
f 822/822/822 821/821/821 823/823/823 
f 824/824/824 822/822/822 823/823/823 
f 822/822/822 824/824/824 825/825/825 
f 826/826/826 825/825/825 824/824/824 
f 825/825/825 826/826/826 827/827/827 
f 826/826/826 828/828/828 827/827/827 
f 828/828/828 826/826/826 829/829/829 
f 830/830/830 831/831/831 832/832/832 
f 831/831/831 830/830/830 833/833/833 
f 832/832/832 834/834/834 830/830/830 
f 835/835/835 832/832/832 831/831/831 
f 834/834/834 832/832/832 836/836/836 
f 832/832/832 835/835/835 837/837/837 
f 837/837/837 836/836/836 832/832/832 
f 838/838/838 837/837/837 835/835/835 
f 836/836/836 837/837/837 839/839/839 
f 837/837/837 838/838/838 840/840/840 
f 840/840/840 839/839/839 837/837/837 
f 841/841/841 840/840/840 838/838/838 
f 839/839/839 840/840/840 842/842/842 
f 843/843/843 842/842/842 840/840/840 
f 840/840/840 841/841/841 843/843/843 
f 842/842/842 843/843/843 844/844/844 
f 844/844/844 843/843/843 845/845/845 
f 843/843/843 841/841/841 846/846/846 
f 845/845/845 843/843/843 846/846/846 
f 846/846/846 841/841/841 847/847/847 
f 845/845/845 846/846/846 848/848/848 
f 846/846/846 847/847/847 849/849/849 
f 848/848/848 846/846/846 849/849/849 
f 849/849/849 847/847/847 850/850/850 
f 848/848/848 849/849/849 851/851/851 
f 849/849/849 850/850/850 852/852/852 
f 851/851/851 849/849/849 852/852/852 
f 852/852/852 850/850/850 853/853/853 
f 851/851/851 852/852/852 854/854/854 
f 852/852/852 853/853/853 855/855/855 
f 854/854/854 852/852/852 855/855/855 
f 855/855/855 853/853/853 856/856/856 
f 857/857/857 855/855/855 856/856/856 
f 858/858/858 854/854/854 855/855/855 
f 855/855/855 857/857/857 858/858/858 
f 854/854/854 858/858/858 859/859/859 
f 860/860/860 858/858/858 857/857/857 
f 861/861/861 859/859/859 858/858/858 
f 858/858/858 860/860/860 861/861/861 
f 859/859/859 861/861/861 862/862/862 
f 863/863/863 861/861/861 860/860/860 
f 864/864/864 862/862/862 861/861/861 
f 861/861/861 863/863/863 864/864/864 
f 862/862/862 864/864/864 865/865/865 
f 865/865/865 864/864/864 866/866/866 
f 864/864/864 863/863/863 867/867/867 
f 866/866/866 864/864/864 867/867/867 
f 867/867/867 863/863/863 868/868/868 
f 866/866/866 867/867/867 869/869/869 
f 867/867/867 868/868/868 870/870/870 
f 869/869/869 867/867/867 870/870/870 
f 870/870/870 868/868/868 871/871/871 
f 869/869/869 870/870/870 872/872/872 
f 870/870/870 871/871/871 873/873/873 
f 872/872/872 870/870/870 873/873/873 
f 872/872/872 873/873/873 874/874/874 
f 873/873/873 871/871/871 875/875/875 
f 874/874/874 873/873/873 876/876/876 
f 873/873/873 875/875/875 876/876/876 
f 876/876/876 875/875/875 877/877/877 
f 878/878/878 879/879/879 880/880/880 
f 881/881/881 878/878/878 880/880/880 
f 879/879/879 878/878/878 882/882/882 
f 878/878/878 881/881/881 883/883/883 
f 882/882/882 884/884/884 879/879/879 
f 885/885/885 883/883/883 881/881/881 
f 884/884/884 882/882/882 886/886/886 
f 886/886/886 887/887/887 884/884/884 
f 887/887/887 886/886/886 888/888/888 
f 883/883/883 885/885/885 889/889/889 
f 890/890/890 889/889/889 885/885/885 
f 889/889/889 890/890/890 891/891/891 
f 890/890/890 892/892/892 891/891/891 
f 892/892/892 890/890/890 893/893/893 
f 893/893/893 894/894/894 892/892/892 
f 894/894/894 893/893/893 895/895/895 
f 895/895/895 896/896/896 894/894/894 
f 896/896/896 895/895/895 897/897/897 
f 897/897/897 898/898/898 896/896/896 
f 898/898/898 897/897/897 899/899/899 
f 900/900/900 898/898/898 899/899/899 
f 898/898/898 900/900/900 901/901/901 
f 902/902/902 901/901/901 900/900/900 
f 901/901/901 902/902/902 903/903/903 
f 904/904/904 903/903/903 902/902/902 
f 903/903/903 904/904/904 905/905/905 
f 906/906/906 905/905/905 904/904/904 
f 905/905/905 906/906/906 907/907/907 
f 906/906/906 908/908/908 907/907/907 
f 908/908/908 906/906/906 909/909/909 
f 909/909/909 910/910/910 908/908/908 
f 910/910/910 909/909/909 911/911/911 
f 912/912/912 913/913/913 914/914/914 
f 913/913/913 912/912/912 915/915/915 
f 914/914/914 916/916/916 912/912/912 
f 916/916/916 914/914/914 917/917/917 
f 918/918/918 916/916/916 917/917/917 
f 916/916/916 918/918/918 919/919/919 
f 920/920/920 919/919/919 918/918/918 
f 919/919/919 920/920/920 921/921/921 
f 922/922/922 921/921/921 920/920/920 
f 921/921/921 922/922/922 923/923/923 
f 924/924/924 923/923/923 922/922/922 
f 923/923/923 924/924/924 925/925/925 
f 924/924/924 926/926/926 925/925/925 
f 926/926/926 924/924/924 927/927/927 
f 927/927/927 928/928/928 926/926/926 
f 928/928/928 927/927/927 929/929/929 
f 929/929/929 930/930/930 928/928/928 
f 930/930/930 929/929/929 931/931/931 
f 931/931/931 932/932/932 930/930/930 
f 932/932/932 931/931/931 933/933/933 
f 934/934/934 932/932/932 933/933/933 
f 932/932/932 934/934/934 935/935/935 
f 936/936/936 935/935/935 934/934/934 
f 935/935/935 936/936/936 937/937/937 
f 938/938/938 937/937/937 936/936/936 
f 937/937/937 938/938/938 939/939/939 
f 940/940/940 939/939/939 938/938/938 
f 939/939/939 940/940/940 941/941/941 
f 940/940/940 942/942/942 941/941/941 
f 942/942/942 940/940/940 943/943/943 
f 943/943/943 944/944/944 942/942/942 
f 944/944/944 943/943/943 945/945/945 
f 946/946/946 947/947/947 948/948/948 
f 947/947/947 946/946/946 949/949/949 
f 950/950/950 949/949/949 946/946/946 
f 949/949/949 950/950/950 951/951/951 
f 946/946/946 952/952/952 950/950/950 
f 952/952/952 946/946/946 953/953/953 
f 948/948/948 953/953/953 946/946/946 
f 954/954/954 950/950/950 952/952/952 
f 953/953/953 948/948/948 955/955/955 
f 955/955/955 948/948/948 956/956/956 
f 950/950/950 954/954/954 957/957/957 
f 957/957/957 951/951/951 950/950/950 
f 958/958/958 957/957/957 954/954/954 
f 951/951/951 957/957/957 959/959/959 
f 957/957/957 958/958/958 960/960/960 
f 960/960/960 959/959/959 957/957/957 
f 961/961/961 960/960/960 958/958/958 
f 959/959/959 960/960/960 962/962/962 
f 963/963/963 962/962/962 960/960/960 
f 960/960/960 961/961/961 963/963/963 
f 962/962/962 963/963/963 964/964/964 
f 963/963/963 965/965/965 964/964/964 
f 961/961/961 966/966/966 963/963/963 
f 966/966/966 965/965/965 963/963/963 
f 967/967/967 966/966/966 961/961/961 
f 966/966/966 968/968/968 965/965/965 
f 967/967/967 969/969/969 966/966/966 
f 969/969/969 968/968/968 966/966/966 
f 970/970/970 969/969/969 967/967/967 
f 969/969/969 971/971/971 968/968/968 
f 970/970/970 972/972/972 969/969/969 
f 972/972/972 971/971/971 969/969/969 
f 973/973/973 972/972/972 970/970/970 
f 972/972/972 974/974/974 971/971/971 
f 973/973/973 975/975/975 972/972/972 
f 975/975/975 974/974/974 972/972/972 
f 976/976/976 975/975/975 973/973/973 
f 977/977/977 975/975/975 976/976/976 
f 978/978/978 974/974/974 975/975/975 
f 975/975/975 977/977/977 978/978/978 
f 974/974/974 978/978/978 979/979/979 
f 980/980/980 978/978/978 977/977/977 
f 981/981/981 979/979/979 978/978/978 
f 978/978/978 980/980/980 981/981/981 
f 979/979/979 981/981/981 982/982/982 
f 983/983/983 981/981/981 980/980/980 
f 984/984/984 982/982/982 981/981/981 
f 981/981/981 983/983/983 984/984/984 
f 982/982/982 984/984/984 985/985/985 
f 986/986/986 984/984/984 983/983/983 
f 987/987/987 985/985/985 984/984/984 
f 984/984/984 986/986/986 987/987/987 
f 985/985/985 987/987/987 988/988/988 
f 987/987/987 989/989/989 988/988/988 
f 990/990/990 989/989/989 987/987/987 
f 986/986/986 990/990/990 987/987/987 
f 991/991/991 990/990/990 986/986/986 
f 992/992/992 993/993/993 994/994/994 
f 994/994/994 993/993/993 995/995/995 
f 996/996/996 994/994/994 995/995/995 
f 997/997/997 992/992/992 994/994/994 
f 998/998/998 992/992/992 997/997/997 
f 994/994/994 996/996/996 999/999/999 
f 999/999/999 997/997/997 994/994/994 
f 1000/1000/1000 999/999/999 996/996/996 
f 997/997/997 999/999/999 1001/1001/1001 
f 999/999/999 1000/1000/1000 1002/1002/1002 
f 1002/1002/1002 1001/1001/1001 999/999/999 
f 1003/1003/1003 1002/1002/1002 1000/1000/1000 
f 1001/1001/1001 1002/1002/1002 1004/1004/1004 
f 1002/1002/1002 1003/1003/1003 1005/1005/1005 
f 1005/1005/1005 1004/1004/1004 1002/1002/1002 
f 1006/1006/1006 1005/1005/1005 1003/1003/1003 
f 1004/1004/1004 1005/1005/1005 1007/1007/1007 
f 1008/1008/1008 1007/1007/1007 1005/1005/1005 
f 1005/1005/1005 1006/1006/1006 1008/1008/1008 
f 1007/1007/1007 1008/1008/1008 1009/1009/1009 
f 1009/1009/1009 1008/1008/1008 1010/1010/1010 
f 1008/1008/1008 1006/1006/1006 1011/1011/1011 
f 1010/1010/1010 1008/1008/1008 1011/1011/1011 
f 1011/1011/1011 1006/1006/1006 1012/1012/1012 
f 1010/1010/1010 1011/1011/1011 1013/1013/1013 
f 1011/1011/1011 1012/1012/1012 1014/1014/1014 
f 1013/1013/1013 1011/1011/1011 1014/1014/1014 
f 1014/1014/1014 1012/1012/1012 1015/1015/1015 
f 1013/1013/1013 1014/1014/1014 1016/1016/1016 
f 1014/1014/1014 1015/1015/1015 1017/1017/1017 
f 1016/1016/1016 1014/1014/1014 1017/1017/1017 
f 1017/1017/1017 1015/1015/1015 1018/1018/1018 
f 1016/1016/1016 1017/1017/1017 1019/1019/1019 
f 1017/1017/1017 1018/1018/1018 1020/1020/1020 
f 1019/1019/1019 1017/1017/1017 1020/1020/1020 
f 1020/1020/1020 1018/1018/1018 1021/1021/1021 
f 1022/1022/1022 1020/1020/1020 1021/1021/1021 
f 1023/1023/1023 1019/1019/1019 1020/1020/1020 
f 1020/1020/1020 1022/1022/1022 1023/1023/1023 
f 1019/1019/1019 1023/1023/1023 1024/1024/1024 
f 1025/1025/1025 1023/1023/1023 1022/1022/1022 
f 1026/1026/1026 1024/1024/1024 1023/1023/1023 
f 1023/1023/1023 1025/1025/1025 1026/1026/1026 
f 1024/1024/1024 1026/1026/1026 1027/1027/1027 
f 1028/1028/1028 1026/1026/1026 1025/1025/1025 
f 1029/1029/1029 1027/1027/1027 1026/1026/1026 
f 1026/1026/1026 1028/1028/1028 1029/1029/1029 
f 1027/1027/1027 1029/1029/1029 1030/1030/1030 
f 1031/1031/1031 1029/1029/1029 1028/1028/1028 
f 1032/1032/1032 1030/1030/1030 1029/1029/1029 
f 1029/1029/1029 1031/1031/1031 1032/1032/1032 
f 1030/1030/1030 1032/1032/1032 1033/1033/1033 
f 1033/1033/1033 1032/1032/1032 1034/1034/1034 
f 1032/1032/1032 1031/1031/1031 1035/1035/1035 
f 1034/1034/1034 1032/1032/1032 1035/1035/1035 
f 1035/1035/1035 1031/1031/1031 1036/1036/1036 
f 1034/1034/1034 1035/1035/1035 1037/1037/1037 
f 1035/1035/1035 1036/1036/1036 1038/1038/1038 
f 1037/1037/1037 1035/1035/1035 1038/1038/1038 
f 1037/1037/1037 1038/1038/1038 1039/1039/1039 
f 1038/1038/1038 1036/1036/1036 1040/1040/1040 
f 1039/1039/1039 1038/1038/1038 1041/1041/1041 
f 1038/1038/1038 1040/1040/1040 1041/1041/1041 
f 1041/1041/1041 1040/1040/1040 1042/1042/1042 
f 948/948/948 947/947/947 1043/1043/1043 
f 956/956/956 948/948/948 1043/1043/1043 
f 1043/1043/1043 947/947/947 1044/1044/1044 
f 956/956/956 1043/1043/1043 1045/1045/1045 
f 1043/1043/1043 1044/1044/1044 1046/1046/1046 
f 1045/1045/1045 1043/1043/1043 1046/1046/1046 
f 1045/1045/1045 1046/1046/1046 1047/1047/1047 
f 1046/1046/1046 1044/1044/1044 1048/1048/1048 
f 1047/1047/1047 1046/1046/1046 1049/1049/1049 
f 1046/1046/1046 1048/1048/1048 1049/1049/1049 
f 1049/1049/1049 1048/1048/1048 1050/1050/1050 
f 1051/1051/1051 1052/1052/1052 1053/1053/1053 
f 1053/1053/1053 1052/1052/1052 1054/1054/1054 
f 1053/1053/1053 1054/1054/1054 1055/1055/1055 
f 1053/1053/1053 1055/1055/1055 1056/1056/1056 
f 1052/1052/1052 1057/1057/1057 1058/1058/1058 
f 1052/1052/1052 1059/1059/1059 1057/1057/1057 
f 1052/1052/1052 1051/1051/1051 1059/1059/1059 
f 1057/1057/1057 1059/1059/1059 1060/1060/1060 
f 1057/1057/1057 1060/1060/1060 1061/1061/1061 
f 1059/1059/1059 1051/1051/1051 1062/1062/1062 
f 1063/1063/1063 1053/1053/1053 1064/1064/1064 
f 1053/1053/1053 1063/1063/1063 1065/1065/1065 
f 1065/1065/1065 1063/1063/1063 1066/1066/1066 
f 1065/1065/1065 1066/1066/1066 1067/1067/1067 
f 1068/1068/1068 1065/1065/1065 1069/1069/1069 
f 1070/1070/1070 1065/1065/1065 1068/1068/1068 
f 1070/1070/1070 1053/1053/1053 1065/1065/1065 
f 1070/1070/1070 1051/1051/1051 1053/1053/1053 
f 1051/1051/1051 1071/1071/1071 1072/1072/1072 
f 1071/1071/1071 1051/1051/1051 1073/1073/1073 
f 1051/1051/1051 1070/1070/1070 1074/1074/1074 
f 1051/1051/1051 1074/1074/1074 1073/1073/1073 
f 1074/1074/1074 1070/1070/1070 1075/1075/1075 
f 1076/1076/1076 1075/1075/1075 1070/1070/1070 
f 1075/1075/1075 1076/1076/1076 1077/1077/1077 
f 1074/1074/1074 1075/1075/1075 1078/1078/1078 
f 1073/1073/1073 1074/1074/1074 1079/1079/1079 
f 1073/1073/1073 1079/1079/1079 1080/1080/1080 
f 1079/1079/1079 1074/1074/1074 1081/1081/1081 
f 1081/1081/1081 1074/1074/1074 1082/1082/1082 
f 1083/1083/1083 1084/1084/1084 1085/1085/1085 
f 1086/1086/1086 1085/1085/1085 1084/1084/1084 
f 1084/1084/1084 1083/1083/1083 1087/1087/1087 
f 1085/1085/1085 1086/1086/1086 1088/1088/1088 
f 1083/1083/1083 1089/1089/1089 1087/1087/1087 
f 1090/1090/1090 1088/1088/1088 1086/1086/1086 
f 1089/1089/1089 1083/1083/1083 1091/1091/1091 
f 1091/1091/1091 1092/1092/1092 1089/1089/1089 
f 1092/1092/1092 1091/1091/1091 1093/1093/1093 
f 1088/1088/1088 1090/1090/1090 1094/1094/1094 
f 1095/1095/1095 1094/1094/1094 1090/1090/1090 
f 1094/1094/1094 1095/1095/1095 1096/1096/1096 
f 1095/1095/1095 1097/1097/1097 1096/1096/1096 
f 1097/1097/1097 1095/1095/1095 1098/1098/1098 
f 1098/1098/1098 1099/1099/1099 1097/1097/1097 
f 1099/1099/1099 1098/1098/1098 1100/1100/1100 
f 1100/1100/1100 1101/1101/1101 1099/1099/1099 
f 1101/1101/1101 1100/1100/1100 1102/1102/1102 
f 1102/1102/1102 1103/1103/1103 1101/1101/1101 
f 1103/1103/1103 1102/1102/1102 1104/1104/1104 
f 1105/1105/1105 1103/1103/1103 1104/1104/1104 
f 1103/1103/1103 1105/1105/1105 1106/1106/1106 
f 1107/1107/1107 1106/1106/1106 1105/1105/1105 
f 1106/1106/1106 1107/1107/1107 1108/1108/1108 
f 1109/1109/1109 1108/1108/1108 1107/1107/1107 
f 1108/1108/1108 1109/1109/1109 1110/1110/1110 
f 1111/1111/1111 1110/1110/1110 1109/1109/1109 
f 1110/1110/1110 1111/1111/1111 1112/1112/1112 
f 1111/1111/1111 1113/1113/1113 1112/1112/1112 
f 1113/1113/1113 1111/1111/1111 1114/1114/1114 
f 1114/1114/1114 1115/1115/1115 1113/1113/1113 
f 1115/1115/1115 1114/1114/1114 1116/1116/1116 
f 1117/1117/1117 1118/1118/1118 1119/1119/1119 
f 1118/1118/1118 1117/1117/1117 1120/1120/1120 
f 1119/1119/1119 1121/1121/1121 1117/1117/1117 
f 1122/1122/1122 1119/1119/1119 1118/1118/1118 
f 1121/1121/1121 1119/1119/1119 1123/1123/1123 
f 1119/1119/1119 1122/1122/1122 1124/1124/1124 
f 1124/1124/1124 1123/1123/1123 1119/1119/1119 
f 1125/1125/1125 1124/1124/1124 1122/1122/1122 
f 1123/1123/1123 1124/1124/1124 1126/1126/1126 
f 1127/1127/1127 1126/1126/1126 1124/1124/1124 
f 1124/1124/1124 1125/1125/1125 1127/1127/1127 
f 1126/1126/1126 1127/1127/1127 1128/1128/1128 
f 1128/1128/1128 1127/1127/1127 1129/1129/1129 
f 1129/1129/1129 1127/1127/1127 1130/1130/1130 
f 1127/1127/1127 1125/1125/1125 1130/1130/1130 
f 1130/1130/1130 1125/1125/1125 1131/1131/1131 
f 1132/1132/1132 1133/1133/1133 1134/1134/1134 
f 1134/1134/1134 1133/1133/1133 1135/1135/1135 
f 1134/1134/1134 1135/1135/1135 1136/1136/1136 
f 1136/1136/1136 1135/1135/1135 1137/1137/1137 
f 1136/1136/1136 1137/1137/1137 1138/1138/1138 
f 1138/1138/1138 1137/1137/1137 1139/1139/1139 
f 1140/1140/1140 1136/1136/1136 1138/1138/1138 
f 1141/1141/1141 1136/1136/1136 1140/1140/1140 
f 1141/1141/1141 1134/1134/1134 1136/1136/1136 
f 1142/1142/1142 1134/1134/1134 1141/1141/1141 
f 1142/1142/1142 1132/1132/1132 1134/1134/1134 
f 1143/1143/1143 1132/1132/1132 1142/1142/1142 
f 1144/1144/1144 1132/1132/1132 1143/1143/1143 
f 1132/1132/1132 1144/1144/1144 1145/1145/1145 
f 1145/1145/1145 1133/1133/1133 1132/1132/1132 
f 1146/1146/1146 1145/1145/1145 1144/1144/1144 
f 1133/1133/1133 1145/1145/1145 1147/1147/1147 
f 1145/1145/1145 1146/1146/1146 1148/1148/1148 
f 1148/1148/1148 1147/1147/1147 1145/1145/1145 
f 1149/1149/1149 1148/1148/1148 1146/1146/1146 
f 1147/1147/1147 1148/1148/1148 1150/1150/1150 
f 1148/1148/1148 1149/1149/1149 1151/1151/1151 
f 1151/1151/1151 1150/1150/1150 1148/1148/1148 
f 1152/1152/1152 1151/1151/1151 1149/1149/1149 
f 1150/1150/1150 1151/1151/1151 1153/1153/1153 
f 1154/1154/1154 1153/1153/1153 1151/1151/1151 
f 1151/1151/1151 1152/1152/1152 1154/1154/1154 
f 1153/1153/1153 1154/1154/1154 1155/1155/1155 
f 1154/1154/1154 1156/1156/1156 1155/1155/1155 
f 1152/1152/1152 1157/1157/1157 1154/1154/1154 
f 1157/1157/1157 1156/1156/1156 1154/1154/1154 
f 1158/1158/1158 1157/1157/1157 1152/1152/1152 
f 1157/1157/1157 1159/1159/1159 1156/1156/1156 
f 1158/1158/1158 1160/1160/1160 1157/1157/1157 
f 1160/1160/1160 1159/1159/1159 1157/1157/1157 
f 1161/1161/1161 1160/1160/1160 1158/1158/1158 
f 1160/1160/1160 1162/1162/1162 1159/1159/1159 
f 1161/1161/1161 1163/1163/1163 1160/1160/1160 
f 1163/1163/1163 1162/1162/1162 1160/1160/1160 
f 1164/1164/1164 1163/1163/1163 1161/1161/1161 
f 1163/1163/1163 1165/1165/1165 1162/1162/1162 
f 1164/1164/1164 1166/1166/1166 1163/1163/1163 
f 1166/1166/1166 1165/1165/1165 1163/1163/1163 
f 1167/1167/1167 1166/1166/1166 1164/1164/1164 
f 1168/1168/1168 1166/1166/1166 1167/1167/1167 
f 1169/1169/1169 1165/1165/1165 1166/1166/1166 
f 1166/1166/1166 1168/1168/1168 1169/1169/1169 
f 1165/1165/1165 1169/1169/1169 1170/1170/1170 
f 1171/1171/1171 1169/1169/1169 1168/1168/1168 
f 1172/1172/1172 1170/1170/1170 1169/1169/1169 
f 1169/1169/1169 1171/1171/1171 1172/1172/1172 
f 1170/1170/1170 1172/1172/1172 1173/1173/1173 
f 1174/1174/1174 1172/1172/1172 1171/1171/1171 
f 1175/1175/1175 1173/1173/1173 1172/1172/1172 
f 1172/1172/1172 1174/1174/1174 1175/1175/1175 
f 1173/1173/1173 1175/1175/1175 1176/1176/1176 
f 1177/1177/1177 1175/1175/1175 1174/1174/1174 
f 1178/1178/1178 1176/1176/1176 1175/1175/1175 
f 1175/1175/1175 1177/1177/1177 1178/1178/1178 
f 1176/1176/1176 1178/1178/1178 1179/1179/1179 
f 1178/1178/1178 1180/1180/1180 1179/1179/1179 
f 1181/1181/1181 1180/1180/1180 1178/1178/1178 
f 1177/1177/1177 1181/1181/1181 1178/1178/1178 
f 1182/1182/1182 1181/1181/1181 1177/1177/1177 
f 1183/1183/1183 1184/1184/1184 1185/1185/1185 
f 1184/1184/1184 1183/1183/1183 1186/1186/1186 
f 1187/1187/1187 1186/1186/1186 1183/1183/1183 
f 1186/1186/1186 1187/1187/1187 1188/1188/1188 
f 1189/1189/1189 1188/1188/1188 1187/1187/1187 
f 1188/1188/1188 1189/1189/1189 1190/1190/1190 
f 1189/1189/1189 1191/1191/1191 1190/1190/1190 
f 1191/1191/1191 1189/1189/1189 1192/1192/1192 
f 1192/1192/1192 1193/1193/1193 1191/1191/1191 
f 1193/1193/1193 1192/1192/1192 1194/1194/1194 
f 1194/1194/1194 1195/1195/1195 1193/1193/1193 
f 1195/1195/1195 1194/1194/1194 1196/1196/1196 
f 1197/1197/1197 1195/1195/1195 1196/1196/1196 
f 1195/1195/1195 1197/1197/1197 1198/1198/1198 
f 1199/1199/1199 1200/1200/1200 1197/1197/1197 
f 1201/1201/1201 1202/1202/1202 1203/1203/1203 
f 1202/1202/1202 1204/1204/1204 1203/1203/1203 
f 1204/1204/1204 1202/1202/1202 1205/1205/1205 
f 1206/1206/1206 1203/1203/1203 1207/1207/1207 
f 1203/1203/1203 1206/1206/1206 1201/1201/1201 
f 1201/1201/1201 1206/1206/1206 1208/1208/1208 
f 1201/1201/1201 1208/1208/1208 1209/1209/1209 
f 1210/1210/1210 1201/1201/1201 1211/1211/1211 
f 1212/1212/1212 1210/1210/1210 1213/1213/1213 
f 1210/1210/1210 1212/1212/1212 1214/1214/1214 
f 1201/1201/1201 1210/1210/1210 1214/1214/1214 
f 1214/1214/1214 1202/1202/1202 1201/1201/1201 
f 1202/1202/1202 1215/1215/1215 1216/1216/1216 
f 1217/1217/1217 1202/1202/1202 1214/1214/1214 
f 1202/1202/1202 1218/1218/1218 1215/1215/1215 
f 1218/1218/1218 1202/1202/1202 1217/1217/1217 
f 1219/1219/1219 1215/1215/1215 1218/1218/1218 
f 1219/1219/1219 1220/1220/1220 1215/1215/1215 
f 1220/1220/1220 1219/1219/1219 1221/1221/1221 
f 1219/1219/1219 1218/1218/1218 1222/1222/1222 
f 1218/1218/1218 1217/1217/1217 1223/1223/1223 
f 1223/1223/1223 1217/1217/1217 1224/1224/1224 
f 1224/1224/1224 1217/1217/1217 1225/1225/1225 
f 1217/1217/1217 1226/1226/1226 1227/1227/1227 
f 1217/1217/1217 1228/1228/1228 1226/1226/1226 
f 1228/1228/1228 1217/1217/1217 1214/1214/1214 
f 1226/1226/1226 1228/1228/1228 1229/1229/1229 
f 1229/1229/1229 1228/1228/1228 1230/1230/1230 
f 1231/1231/1231 1228/1228/1228 1214/1214/1214 
f 1228/1228/1228 1231/1231/1231 1232/1232/1232 
f 1233/1233/1233 1234/1234/1234 1235/1235/1235 
f 1234/1234/1234 1233/1233/1233 1236/1236/1236 
f 1235/1235/1235 1237/1237/1237 1233/1233/1233 
f 1236/1236/1236 1238/1238/1238 1234/1234/1234 
f 1237/1237/1237 1235/1235/1235 1239/1239/1239 
f 1238/1238/1238 1236/1236/1236 1240/1240/1240 
f 1241/1241/1241 1237/1237/1237 1239/1239/1239 
f 1240/1240/1240 1242/1242/1242 1238/1238/1238 
f 1237/1237/1237 1241/1241/1241 1243/1243/1243 
f 1240/1240/1240 1244/1244/1244 1242/1242/1242 
f 1241/1241/1241 1245/1245/1245 1243/1243/1243 
f 1244/1244/1244 1246/1246/1246 1242/1242/1242 
f 1247/1247/1247 1245/1245/1245 1241/1241/1241 
f 1244/1244/1244 1248/1248/1248 1246/1246/1246 
f 1247/1247/1247 1249/1249/1249 1245/1245/1245 
f 1248/1248/1248 1250/1250/1250 1246/1246/1246 
f 1247/1247/1247 1251/1251/1251 1249/1249/1249 
f 1248/1248/1248 1252/1252/1252 1250/1250/1250 
f 1253/1253/1253 1249/1249/1249 1251/1251/1251 
f 1254/1254/1254 1250/1250/1250 1252/1252/1252 
f 1249/1249/1249 1253/1253/1253 1255/1255/1255 
f 1256/1256/1256 1254/1254/1254 1252/1252/1252 
f 1257/1257/1257 1255/1255/1255 1253/1253/1253 
f 1258/1258/1258 1254/1254/1254 1256/1256/1256 
f 1255/1255/1255 1257/1257/1257 1259/1259/1259 
f 1260/1260/1260 1258/1258/1258 1256/1256/1256 
f 1261/1261/1261 1259/1259/1259 1257/1257/1257 
f 1259/1259/1259 1261/1261/1261 1262/1262/1262 
f 1263/1263/1263 1258/1258/1258 1260/1260/1260 
f 1258/1258/1258 1263/1263/1263 1264/1264/1264 
f 1265/1265/1265 1263/1263/1263 1266/1266/1266 
f 1267/1267/1267 1261/1261/1261 1268/1268/1268 
f 1269/1269/1269 1270/1270/1270 1271/1271/1271 
f 1272/1272/1272 1273/1273/1273 1274/1274/1274 
f 1274/1274/1274 1270/1270/1270 1272/1272/1272 
f 1273/1273/1273 1272/1272/1272 1275/1275/1275 
f 1270/1270/1270 1269/1269/1269 1276/1276/1276 
f 1276/1276/1276 1272/1272/1272 1270/1270/1270 
f 1277/1277/1277 1276/1276/1276 1269/1269/1269 
f 1278/1278/1278 1275/1275/1275 1272/1272/1272 
f 1272/1272/1272 1276/1276/1276 1278/1278/1278 
f 1275/1275/1275 1278/1278/1278 1279/1279/1279 
f 1276/1276/1276 1277/1277/1277 1280/1280/1280 
f 1280/1280/1280 1278/1278/1278 1276/1276/1276 
f 1281/1281/1281 1280/1280/1280 1277/1277/1277 
f 1282/1282/1282 1279/1279/1279 1278/1278/1278 
f 1278/1278/1278 1280/1280/1280 1282/1282/1282 
f 1279/1279/1279 1282/1282/1282 1283/1283/1283 
f 1280/1280/1280 1281/1281/1281 1284/1284/1284 
f 1284/1284/1284 1282/1282/1282 1280/1280/1280 
f 1285/1285/1285 1284/1284/1284 1281/1281/1281 
f 1286/1286/1286 1283/1283/1283 1282/1282/1282 
f 1282/1282/1282 1284/1284/1284 1286/1286/1286 
f 1283/1283/1283 1286/1286/1286 1287/1287/1287 
f 1284/1284/1284 1285/1285/1285 1288/1288/1288 
f 1288/1288/1288 1286/1286/1286 1284/1284/1284 
f 1289/1289/1289 1288/1288/1288 1285/1285/1285 
f 1290/1290/1290 1287/1287/1287 1286/1286/1286 
f 1286/1286/1286 1288/1288/1288 1290/1290/1290 
f 1287/1287/1287 1290/1290/1290 1291/1291/1291 
f 1288/1288/1288 1289/1289/1289 1292/1292/1292 
f 1292/1292/1292 1290/1290/1290 1288/1288/1288 
f 1293/1293/1293 1292/1292/1292 1289/1289/1289 
f 1294/1294/1294 1291/1291/1291 1290/1290/1290 
f 1290/1290/1290 1292/1292/1292 1294/1294/1294 
f 1291/1291/1291 1294/1294/1294 1295/1295/1295 
f 1292/1292/1292 1293/1293/1293 1296/1296/1296 
f 1296/1296/1296 1294/1294/1294 1292/1292/1292 
f 1297/1297/1297 1296/1296/1296 1293/1293/1293 
f 1298/1298/1298 1295/1295/1295 1294/1294/1294 
f 1294/1294/1294 1296/1296/1296 1298/1298/1298 
f 1295/1295/1295 1298/1298/1298 1299/1299/1299 
f 1296/1296/1296 1297/1297/1297 1300/1300/1300 
f 1300/1300/1300 1298/1298/1298 1296/1296/1296 
f 1301/1301/1301 1300/1300/1300 1297/1297/1297 
f 1302/1302/1302 1299/1299/1299 1298/1298/1298 
f 1298/1298/1298 1300/1300/1300 1302/1302/1302 
f 1299/1299/1299 1302/1302/1302 1303/1303/1303 
f 1300/1300/1300 1301/1301/1301 1304/1304/1304 
f 1304/1304/1304 1302/1302/1302 1300/1300/1300 
f 1305/1305/1305 1304/1304/1304 1301/1301/1301 
f 1306/1306/1306 1303/1303/1303 1302/1302/1302 
f 1302/1302/1302 1304/1304/1304 1306/1306/1306 
f 1303/1303/1303 1306/1306/1306 1307/1307/1307 
f 1304/1304/1304 1305/1305/1305 1308/1308/1308 
f 1308/1308/1308 1306/1306/1306 1304/1304/1304 
f 1309/1309/1309 1308/1308/1308 1305/1305/1305 
f 1310/1310/1310 1307/1307/1307 1306/1306/1306 
f 1306/1306/1306 1308/1308/1308 1310/1310/1310 
f 1307/1307/1307 1310/1310/1310 1311/1311/1311 
f 1308/1308/1308 1309/1309/1309 1312/1312/1312 
f 1312/1312/1312 1310/1310/1310 1308/1308/1308 
f 1313/1313/1313 1311/1311/1311 1310/1310/1310 
f 1310/1310/1310 1312/1312/1312 1313/1313/1313 
f 1311/1311/1311 1313/1313/1313 1314/1314/1314 
f 1313/1313/1313 1315/1315/1315 1314/1314/1314 
f 1309/1309/1309 1316/1316/1316 1312/1312/1312 
f 1316/1316/1316 1313/1313/1313 1312/1312/1312 
f 1316/1316/1316 1309/1309/1309 1317/1317/1317 
f 1315/1315/1315 1313/1313/1313 1318/1318/1318 
f 1313/1313/1313 1316/1316/1316 1318/1318/1318 
f 1318/1318/1318 1319/1319/1319 1315/1315/1315 
f 1317/1317/1317 1320/1320/1320 1316/1316/1316 
f 1320/1320/1320 1318/1318/1318 1316/1316/1316 
f 1320/1320/1320 1317/1317/1317 1321/1321/1321 
f 1322/1322/1322 1320/1320/1320 1321/1321/1321 
f 1318/1318/1318 1320/1320/1320 1323/1323/1323 
f 1319/1319/1319 1318/1318/1318 1323/1323/1323 
f 1320/1320/1320 1322/1322/1322 1324/1324/1324 
f 1324/1324/1324 1323/1323/1323 1320/1320/1320 
f 1325/1325/1325 1324/1324/1324 1322/1322/1322 
f 1326/1326/1326 1319/1319/1319 1323/1323/1323 
f 1323/1323/1323 1324/1324/1324 1326/1326/1326 
f 1319/1319/1319 1326/1326/1326 1327/1327/1327 
f 1324/1324/1324 1325/1325/1325 1328/1328/1328 
f 1328/1328/1328 1326/1326/1326 1324/1324/1324 
f 1329/1329/1329 1328/1328/1328 1325/1325/1325 
f 1330/1330/1330 1327/1327/1327 1326/1326/1326 
f 1326/1326/1326 1328/1328/1328 1330/1330/1330 
f 1327/1327/1327 1330/1330/1330 1331/1331/1331 
f 1328/1328/1328 1329/1329/1329 1332/1332/1332 
f 1332/1332/1332 1330/1330/1330 1328/1328/1328 
f 1333/1333/1333 1332/1332/1332 1329/1329/1329 
f 1334/1334/1334 1331/1331/1331 1330/1330/1330 
f 1330/1330/1330 1332/1332/1332 1334/1334/1334 
f 1331/1331/1331 1334/1334/1334 1335/1335/1335 
f 1332/1332/1332 1333/1333/1333 1336/1336/1336 
f 1336/1336/1336 1334/1334/1334 1332/1332/1332 
f 1337/1337/1337 1336/1336/1336 1333/1333/1333 
f 1338/1338/1338 1335/1335/1335 1334/1334/1334 
f 1334/1334/1334 1336/1336/1336 1338/1338/1338 
f 1335/1335/1335 1338/1338/1338 1339/1339/1339 
f 1336/1336/1336 1337/1337/1337 1340/1340/1340 
f 1340/1340/1340 1338/1338/1338 1336/1336/1336 
f 1341/1341/1341 1340/1340/1340 1337/1337/1337 
f 1342/1342/1342 1339/1339/1339 1338/1338/1338 
f 1338/1338/1338 1340/1340/1340 1342/1342/1342 
f 1339/1339/1339 1342/1342/1342 1343/1343/1343 
f 1340/1340/1340 1341/1341/1341 1344/1344/1344 
f 1344/1344/1344 1342/1342/1342 1340/1340/1340 
f 1345/1345/1345 1344/1344/1344 1341/1341/1341 
f 1344/1344/1344 1345/1345/1345 1346/1346/1346 
f 1342/1342/1342 1344/1344/1344 1347/1347/1347 
f 1347/1347/1347 1343/1343/1343 1342/1342/1342 
f 1346/1346/1346 1347/1347/1347 1344/1344/1344 
f 1343/1343/1343 1347/1347/1347 1348/1348/1348 
f 1347/1347/1347 1346/1346/1346 1349/1349/1349 
f 1349/1349/1349 1348/1348/1348 1347/1347/1347 
f 1348/1348/1348 1349/1349/1349 1350/1350/1350 
f 1351/1351/1351 1352/1352/1352 1353/1353/1353 
f 1354/1354/1354 1352/1352/1352 1355/1355/1355 
f 1356/1356/1356 1353/1353/1353 1352/1352/1352 
f 1352/1352/1352 1354/1354/1354 1356/1356/1356 
f 1353/1353/1353 1356/1356/1356 1357/1357/1357 
f 1358/1358/1358 1356/1356/1356 1354/1354/1354 
f 1359/1359/1359 1357/1357/1357 1356/1356/1356 
f 1356/1356/1356 1358/1358/1358 1359/1359/1359 
f 1357/1357/1357 1359/1359/1359 1360/1360/1360 
f 1359/1359/1359 1361/1361/1361 1360/1360/1360 
f 1358/1358/1358 1362/1362/1362 1359/1359/1359 
f 1362/1362/1362 1361/1361/1361 1359/1359/1359 
f 1363/1363/1363 1362/1362/1362 1358/1358/1358 
f 1362/1362/1362 1364/1364/1364 1361/1361/1361 
f 1363/1363/1363 1365/1365/1365 1362/1362/1362 
f 1365/1365/1365 1364/1364/1364 1362/1362/1362 
f 1366/1366/1366 1365/1365/1365 1363/1363/1363 
f 1365/1365/1365 1367/1367/1367 1364/1364/1364 
f 1366/1366/1366 1368/1368/1368 1365/1365/1365 
f 1368/1368/1368 1367/1367/1367 1365/1365/1365 
f 1369/1369/1369 1368/1368/1368 1366/1366/1366 
f 1368/1368/1368 1370/1370/1370 1367/1367/1367 
f 1369/1369/1369 1371/1371/1371 1368/1368/1368 
f 1371/1371/1371 1370/1370/1370 1368/1368/1368 
f 1372/1372/1372 1371/1371/1371 1369/1369/1369 
f 1373/1373/1373 1371/1371/1371 1372/1372/1372 
f 1374/1374/1374 1370/1370/1370 1371/1371/1371 
f 1371/1371/1371 1373/1373/1373 1374/1374/1374 
f 1370/1370/1370 1374/1374/1374 1375/1375/1375 
f 1376/1376/1376 1374/1374/1374 1373/1373/1373 
f 1377/1377/1377 1375/1375/1375 1374/1374/1374 
f 1374/1374/1374 1376/1376/1376 1377/1377/1377 
f 1375/1375/1375 1377/1377/1377 1378/1378/1378 
f 1379/1379/1379 1377/1377/1377 1376/1376/1376 
f 1380/1380/1380 1378/1378/1378 1377/1377/1377 
f 1377/1377/1377 1379/1379/1379 1380/1380/1380 
f 1378/1378/1378 1380/1380/1380 1381/1381/1381 
f 1382/1382/1382 1380/1380/1380 1379/1379/1379 
f 1383/1383/1383 1381/1381/1381 1380/1380/1380 
f 1380/1380/1380 1382/1382/1382 1383/1383/1383 
f 1381/1381/1381 1383/1383/1383 1384/1384/1384 
f 1383/1383/1383 1385/1385/1385 1384/1384/1384 
f 1382/1382/1382 1386/1386/1386 1383/1383/1383 
f 1386/1386/1386 1385/1385/1385 1383/1383/1383 
f 1387/1387/1387 1386/1386/1386 1382/1382/1382 
f 1386/1386/1386 1388/1388/1388 1385/1385/1385 
f 1387/1387/1387 1389/1389/1389 1386/1386/1386 
f 1389/1389/1389 1388/1388/1388 1386/1386/1386 
f 1389/1389/1389 1390/1390/1390 1388/1388/1388 
f 1391/1391/1391 1389/1389/1389 1387/1387/1387 
f 1392/1392/1392 1390/1390/1390 1389/1389/1389 
f 1391/1391/1391 1392/1392/1392 1389/1389/1389 
f 1393/1393/1393 1392/1392/1392 1391/1391/1391 
f 1394/1394/1394 1395/1395/1395 1396/1396/1396 
f 1397/1397/1397 1394/1394/1394 1396/1396/1396 
f 1396/1396/1396 1395/1395/1395 1398/1398/1398 
f 1397/1397/1397 1396/1396/1396 1399/1399/1399 
f 1396/1396/1396 1398/1398/1398 1400/1400/1400 
f 1399/1399/1399 1396/1396/1396 1400/1400/1400 
f 1400/1400/1400 1398/1398/1398 1401/1401/1401 
f 1399/1399/1399 1400/1400/1400 1402/1402/1402 
f 1400/1400/1400 1401/1401/1401 1403/1403/1403 
f 1402/1402/1402 1400/1400/1400 1403/1403/1403 
f 1403/1403/1403 1401/1401/1401 1404/1404/1404 
f 1405/1405/1405 1403/1403/1403 1404/1404/1404 
f 1403/1403/1403 1405/1405/1405 1406/1406/1406 
f 1406/1406/1406 1402/1402/1402 1403/1403/1403 
f 1402/1402/1402 1406/1406/1406 1407/1407/1407 
f 1408/1408/1408 1409/1409/1409 1410/1410/1410 
f 1411/1411/1411 1408/1408/1408 1412/1412/1412 
f 1408/1408/1408 1411/1411/1411 1413/1413/1413 
f 1411/1411/1411 1414/1414/1414 1413/1413/1413 
f 1414/1414/1414 1411/1411/1411 1415/1415/1415 
f 1415/1415/1415 1416/1416/1416 1414/1414/1414 
f 1416/1416/1416 1415/1415/1415 1417/1417/1417 
f 1418/1418/1418 1416/1416/1416 1417/1417/1417 
f 1416/1416/1416 1418/1418/1418 1419/1419/1419 
f 1420/1420/1420 1419/1419/1419 1418/1418/1418 
f 1419/1419/1419 1420/1420/1420 1421/1421/1421 
f 1422/1422/1422 1421/1421/1421 1420/1420/1420 
f 1421/1421/1421 1422/1422/1422 1423/1423/1423 
f 1423/1423/1423 1422/1422/1422 1424/1424/1424 
f 1422/1422/1422 1425/1425/1425 1424/1424/1424 
f 1185/1185/1185 1424/1424/1424 1425/1425/1425 
f 1424/1424/1424 1185/1185/1185 1184/1184/1184 
f 1426/1426/1426 1427/1427/1427 1428/1428/1428 
f 1427/1427/1427 1426/1426/1426 1429/1429/1429 
f 1428/1428/1428 1430/1430/1430 1426/1426/1426 
f 1431/1431/1431 1428/1428/1428 1427/1427/1427 
f 1430/1430/1430 1428/1428/1428 1432/1432/1432 
f 1428/1428/1428 1431/1431/1431 1433/1433/1433 
f 1433/1433/1433 1432/1432/1432 1428/1428/1428 
f 1434/1434/1434 1433/1433/1433 1431/1431/1431 
f 1432/1432/1432 1433/1433/1433 1435/1435/1435 
f 1433/1433/1433 1434/1434/1434 1436/1436/1436 
f 1436/1436/1436 1435/1435/1435 1433/1433/1433 
f 1437/1437/1437 1436/1436/1436 1434/1434/1434 
f 1435/1435/1435 1436/1436/1436 1438/1438/1438 
f 1439/1439/1439 1438/1438/1438 1436/1436/1436 
f 1436/1436/1436 1437/1437/1437 1439/1439/1439 
f 1438/1438/1438 1439/1439/1439 1440/1440/1440 
f 1440/1440/1440 1439/1439/1439 1441/1441/1441 
f 1439/1439/1439 1437/1437/1437 1442/1442/1442 
f 1441/1441/1441 1439/1439/1439 1442/1442/1442 
f 1441/1441/1441 1442/1442/1442 1443/1443/1443 
f 1442/1442/1442 1437/1437/1437 1444/1444/1444 
f 1443/1443/1443 1442/1442/1442 1445/1445/1445 
f 1442/1442/1442 1444/1444/1444 1445/1445/1445 
f 1445/1445/1445 1444/1444/1444 1446/1446/1446 
f 1447/1447/1447 1448/1448/1448 1449/1449/1449 
f 1448/1448/1448 1447/1447/1447 1450/1450/1450 
f 1451/1451/1451 1450/1450/1450 1447/1447/1447 
f 1450/1450/1450 1452/1452/1452 1448/1448/1448 
f 1450/1450/1450 1451/1451/1451 1453/1453/1453 
f 1452/1452/1452 1450/1450/1450 1454/1454/1454 
f 1453/1453/1453 1454/1454/1454 1450/1450/1450 
f 1454/1454/1454 1455/1455/1455 1452/1452/1452 
f 1456/1456/1456 1453/1453/1453 1451/1451/1451 
f 1455/1455/1455 1454/1454/1454 1457/1457/1457 
f 1458/1458/1458 1457/1457/1457 1454/1454/1454 
f 1454/1454/1454 1453/1453/1453 1458/1458/1458 
f 1457/1457/1457 1458/1458/1458 1459/1459/1459 
f 1453/1453/1453 1456/1456/1456 1460/1460/1460 
f 1460/1460/1460 1458/1458/1458 1453/1453/1453 
f 1461/1461/1461 1460/1460/1460 1456/1456/1456 
f 1462/1462/1462 1459/1459/1459 1458/1458/1458 
f 1458/1458/1458 1460/1460/1460 1462/1462/1462 
f 1459/1459/1459 1462/1462/1462 1463/1463/1463 
f 1460/1460/1460 1461/1461/1461 1464/1464/1464 
f 1464/1464/1464 1462/1462/1462 1460/1460/1460 
f 1465/1465/1465 1464/1464/1464 1461/1461/1461 
f 1466/1466/1466 1463/1463/1463 1462/1462/1462 
f 1462/1462/1462 1464/1464/1464 1466/1466/1466 
f 1463/1463/1463 1466/1466/1466 1467/1467/1467 
f 1464/1464/1464 1465/1465/1465 1468/1468/1468 
f 1468/1468/1468 1466/1466/1466 1464/1464/1464 
f 1469/1469/1469 1468/1468/1468 1465/1465/1465 
f 1470/1470/1470 1467/1467/1467 1466/1466/1466 
f 1466/1466/1466 1468/1468/1468 1470/1470/1470 
f 1467/1467/1467 1470/1470/1470 1471/1471/1471 
f 1468/1468/1468 1469/1469/1469 1472/1472/1472 
f 1472/1472/1472 1470/1470/1470 1468/1468/1468 
f 1473/1473/1473 1472/1472/1472 1469/1469/1469 
f 1474/1474/1474 1471/1471/1471 1470/1470/1470 
f 1470/1470/1470 1472/1472/1472 1474/1474/1474 
f 1471/1471/1471 1474/1474/1474 1475/1475/1475 
f 1472/1472/1472 1473/1473/1473 1476/1476/1476 
f 1476/1476/1476 1474/1474/1474 1472/1472/1472 
f 1477/1477/1477 1476/1476/1476 1473/1473/1473 
f 1478/1478/1478 1475/1475/1475 1474/1474/1474 
f 1474/1474/1474 1476/1476/1476 1478/1478/1478 
f 1475/1475/1475 1478/1478/1478 1479/1479/1479 
f 1480/1480/1480 1479/1479/1479 1478/1478/1478 
f 1476/1476/1476 1480/1480/1480 1478/1478/1478 
f 1479/1479/1479 1480/1480/1480 1481/1481/1481 
f 1476/1476/1476 1477/1477/1477 1482/1482/1482 
f 1480/1480/1480 1476/1476/1476 1482/1482/1482 
f 1483/1483/1483 1482/1482/1482 1477/1477/1477 
f 1484/1484/1484 1481/1481/1481 1480/1480/1480 
f 1482/1482/1482 1484/1484/1484 1480/1480/1480 
f 1481/1481/1481 1484/1484/1484 1485/1485/1485 
f 1482/1482/1482 1483/1483/1483 1486/1486/1486 
f 1484/1484/1484 1482/1482/1482 1486/1486/1486 
f 1487/1487/1487 1486/1486/1486 1483/1483/1483 
f 1486/1486/1486 1487/1487/1487 1488/1488/1488 
f 1488/1488/1488 1484/1484/1484 1486/1486/1486 
f 1489/1489/1489 1488/1488/1488 1487/1487/1487 
f 1490/1490/1490 1485/1485/1485 1484/1484/1484 
f 1484/1484/1484 1488/1488/1488 1490/1490/1490 
f 1485/1485/1485 1490/1490/1490 1491/1491/1491 
f 1488/1488/1488 1489/1489/1489 1492/1492/1492 
f 1492/1492/1492 1490/1490/1490 1488/1488/1488 
f 1493/1493/1493 1492/1492/1492 1489/1489/1489 
f 1494/1494/1494 1491/1491/1491 1490/1490/1490 
f 1490/1490/1490 1492/1492/1492 1494/1494/1494 
f 1491/1491/1491 1494/1494/1494 1495/1495/1495 
f 1492/1492/1492 1493/1493/1493 1496/1496/1496 
f 1496/1496/1496 1494/1494/1494 1492/1492/1492 
f 1271/1271/1271 1496/1496/1496 1493/1493/1493 
f 1274/1274/1274 1495/1495/1495 1494/1494/1494 
f 1494/1494/1494 1496/1496/1496 1274/1274/1274 
f 1495/1495/1495 1274/1274/1274 1273/1273/1273 
f 1496/1496/1496 1271/1271/1271 1270/1270/1270 
f 1270/1270/1270 1274/1274/1274 1496/1496/1496 
f 1497/1497/1497 1498/1498/1498 1499/1499/1499 
f 1498/1498/1498 1497/1497/1497 1500/1500/1500 
f 1501/1501/1501 1500/1500/1500 1497/1497/1497 
f 1500/1500/1500 1501/1501/1501 1502/1502/1502 
f 1501/1501/1501 1503/1503/1503 1502/1502/1502 
f 1503/1503/1503 1501/1501/1501 1504/1504/1504 
f 1504/1504/1504 1505/1505/1505 1503/1503/1503 
f 1505/1505/1505 1504/1504/1504 1506/1506/1506 
f 1506/1506/1506 1507/1507/1507 1505/1505/1505 
f 1507/1507/1507 1506/1506/1506 1508/1508/1508 
f 1508/1508/1508 1509/1509/1509 1507/1507/1507 
f 1509/1509/1509 1508/1508/1508 1510/1510/1510 
f 1511/1511/1511 1509/1509/1509 1510/1510/1510 
f 1509/1509/1509 1511/1511/1511 1512/1512/1512 
f 1513/1513/1513 1512/1512/1512 1511/1511/1511 
f 1512/1512/1512 1513/1513/1513 1514/1514/1514 
f 1515/1515/1515 1514/1514/1514 1513/1513/1513 
f 1514/1514/1514 1515/1515/1515 1516/1516/1516 
f 1517/1517/1517 1516/1516/1516 1515/1515/1515 
f 1516/1516/1516 1517/1517/1517 1518/1518/1518 
f 1519/1519/1519 1520/1520/1520 1521/1521/1521 
f 1520/1520/1520 1519/1519/1519 1522/1522/1522 
f 1522/1522/1522 1523/1523/1523 1520/1520/1520 
f 1523/1523/1523 1522/1522/1522 1524/1524/1524 
f 1524/1524/1524 1525/1525/1525 1523/1523/1523 
f 1525/1525/1525 1524/1524/1524 1526/1526/1526 
f 1526/1526/1526 1527/1527/1527 1525/1525/1525 
f 1527/1527/1527 1526/1526/1526 1528/1528/1528 
f 1529/1529/1529 1527/1527/1527 1528/1528/1528 
f 1527/1527/1527 1529/1529/1529 1530/1530/1530 
f 1531/1531/1531 1530/1530/1530 1529/1529/1529 
f 1530/1530/1530 1531/1531/1531 1532/1532/1532 
f 1533/1533/1533 1532/1532/1532 1531/1531/1531 
f 1532/1532/1532 1533/1533/1533 1534/1534/1534 
f 1535/1535/1535 1534/1534/1534 1533/1533/1533 
f 1534/1534/1534 1535/1535/1535 1536/1536/1536 
f 1535/1535/1535 1537/1537/1537 1536/1536/1536 
f 1537/1537/1537 1535/1535/1535 1538/1538/1538 
f 1538/1538/1538 1539/1539/1539 1537/1537/1537 
f 1539/1539/1539 1538/1538/1538 1540/1540/1540 
f 1540/1540/1540 1541/1541/1541 1539/1539/1539 
f 1541/1541/1541 1540/1540/1540 1542/1542/1542 
f 1542/1542/1542 1543/1543/1543 1541/1541/1541 
f 1543/1543/1543 1542/1542/1542 1544/1544/1544 
f 1545/1545/1545 1546/1546/1546 1547/1547/1547 
f 1547/1547/1547 1548/1548/1548 1545/1545/1545 
f 1546/1546/1546 1545/1545/1545 1549/1549/1549 
f 1549/1549/1549 1550/1550/1550 1546/1546/1546 
f 1550/1550/1550 1549/1549/1549 1551/1551/1551 
f 1551/1551/1551 1552/1552/1552 1550/1550/1550 
f 1551/1551/1551 1553/1553/1553 1552/1552/1552 
f 1553/1553/1553 1551/1551/1551 1554/1554/1554 
f 1554/1554/1554 1555/1555/1555 1553/1553/1553 
f 1555/1555/1555 1554/1554/1554 1556/1556/1556 
f 1556/1556/1556 1557/1557/1557 1555/1555/1555 
f 1557/1557/1557 1556/1556/1556 1558/1558/1558 
f 1558/1558/1558 1559/1559/1559 1557/1557/1557 
f 1559/1559/1559 1558/1558/1558 1560/1560/1560 
f 1560/1560/1560 1561/1561/1561 1559/1559/1559 
f 1561/1561/1561 1560/1560/1560 1562/1562/1562 
f 1562/1562/1562 1563/1563/1563 1561/1561/1561 
f 1563/1563/1563 1562/1562/1562 1564/1564/1564 
f 1564/1564/1564 1565/1565/1565 1563/1563/1563 
f 1565/1565/1565 1564/1564/1564 1566/1566/1566 
f 1566/1566/1566 1567/1567/1567 1565/1565/1565 
f 1567/1567/1567 1566/1566/1566 1568/1568/1568 
f 1569/1569/1569 1567/1567/1567 1568/1568/1568 
f 1567/1567/1567 1569/1569/1569 1570/1570/1570 
f 1571/1571/1571 1570/1570/1570 1569/1569/1569 
f 1570/1570/1570 1571/1571/1571 1572/1572/1572 
f 1573/1573/1573 1572/1572/1572 1571/1571/1571 
f 1572/1572/1572 1573/1573/1573 1574/1574/1574 
f 1575/1575/1575 1574/1574/1574 1573/1573/1573 
f 1574/1574/1574 1575/1575/1575 1576/1576/1576 
f 1577/1577/1577 1576/1576/1576 1575/1575/1575 
f 1576/1576/1576 1577/1577/1577 1578/1578/1578 
f 1579/1579/1579 1580/1580/1580 1581/1581/1581 
f 1581/1581/1581 1582/1582/1582 1579/1579/1579 
f 1580/1580/1580 1579/1579/1579 1583/1583/1583 
f 1583/1583/1583 1584/1584/1584 1580/1580/1580 
f 1584/1584/1584 1583/1583/1583 1585/1585/1585 
f 1585/1585/1585 1586/1586/1586 1584/1584/1584 
f 1585/1585/1585 1587/1587/1587 1586/1586/1586 
f 1587/1587/1587 1585/1585/1585 1588/1588/1588 
f 1588/1588/1588 1589/1589/1589 1587/1587/1587 
f 1589/1589/1589 1588/1588/1588 1590/1590/1590 
f 1590/1590/1590 1591/1591/1591 1589/1589/1589 
f 1591/1591/1591 1590/1590/1590 1592/1592/1592 
f 1592/1592/1592 1593/1593/1593 1591/1591/1591 
f 1593/1593/1593 1592/1592/1592 1594/1594/1594 
f 1594/1594/1594 1595/1595/1595 1593/1593/1593 
f 1595/1595/1595 1594/1594/1594 1596/1596/1596 
f 1596/1596/1596 1597/1597/1597 1595/1595/1595 
f 1597/1597/1597 1596/1596/1596 1598/1598/1598 
f 1598/1598/1598 1599/1599/1599 1597/1597/1597 
f 1599/1599/1599 1598/1598/1598 1600/1600/1600 
f 1600/1600/1600 1601/1601/1601 1599/1599/1599 
f 1601/1601/1601 1600/1600/1600 1602/1602/1602 
f 1603/1603/1603 1601/1601/1601 1602/1602/1602 
f 1601/1601/1601 1603/1603/1603 1604/1604/1604 
f 1605/1605/1605 1604/1604/1604 1603/1603/1603 
f 1604/1604/1604 1605/1605/1605 1606/1606/1606 
f 1607/1607/1607 1606/1606/1606 1605/1605/1605 
f 1606/1606/1606 1607/1607/1607 1608/1608/1608 
f 1609/1609/1609 1608/1608/1608 1607/1607/1607 
f 1608/1608/1608 1609/1609/1609 1610/1610/1610 
f 1611/1611/1611 1610/1610/1610 1609/1609/1609 
f 1610/1610/1610 1611/1611/1611 1612/1612/1612 
f 1613/1613/1613 1614/1614/1614 1615/1615/1615 
f 1616/1616/1616 1614/1614/1614 1617/1617/1617 
f 1618/1618/1618 1615/1615/1615 1614/1614/1614 
f 1614/1614/1614 1616/1616/1616 1618/1618/1618 
f 1615/1615/1615 1618/1618/1618 1619/1619/1619 
f 1618/1618/1618 1620/1620/1620 1619/1619/1619 
f 1616/1616/1616 1621/1621/1621 1618/1618/1618 
f 1621/1621/1621 1620/1620/1620 1618/1618/1618 
f 1622/1622/1622 1621/1621/1621 1616/1616/1616 
f 1621/1621/1621 1623/1623/1623 1620/1620/1620 
f 1622/1622/1622 1624/1624/1624 1621/1621/1621 
f 1624/1624/1624 1623/1623/1623 1621/1621/1621 
f 1625/1625/1625 1624/1624/1624 1622/1622/1622 
f 1624/1624/1624 1626/1626/1626 1623/1623/1623 
f 1625/1625/1625 1627/1627/1627 1624/1624/1624 
f 1627/1627/1627 1626/1626/1626 1624/1624/1624 
f 1628/1628/1628 1627/1627/1627 1625/1625/1625 
f 1629/1629/1629 1627/1627/1627 1628/1628/1628 
f 1630/1630/1630 1626/1626/1626 1627/1627/1627 
f 1627/1627/1627 1629/1629/1629 1630/1630/1630 
f 1626/1626/1626 1630/1630/1630 1631/1631/1631 
f 1632/1632/1632 1630/1630/1630 1629/1629/1629 
f 1633/1633/1633 1631/1631/1631 1630/1630/1630 
f 1630/1630/1630 1632/1632/1632 1633/1633/1633 
f 1631/1631/1631 1633/1633/1633 1634/1634/1634 
f 1635/1635/1635 1633/1633/1633 1632/1632/1632 
f 1636/1636/1636 1634/1634/1634 1633/1633/1633 
f 1633/1633/1633 1635/1635/1635 1636/1636/1636 
f 1634/1634/1634 1636/1636/1636 1637/1637/1637 
f 1638/1638/1638 1636/1636/1636 1635/1635/1635 
f 1639/1639/1639 1637/1637/1637 1636/1636/1636 
f 1636/1636/1636 1638/1638/1638 1639/1639/1639 
f 1637/1637/1637 1639/1639/1639 1640/1640/1640 
f 1641/1641/1641 1639/1639/1639 1638/1638/1638 
f 1642/1642/1642 1640/1640/1640 1639/1639/1639 
f 1639/1639/1639 1641/1641/1641 1642/1642/1642 
f 1640/1640/1640 1642/1642/1642 1643/1643/1643 
f 1644/1644/1644 1642/1642/1642 1641/1641/1641 
f 1645/1645/1645 1643/1643/1643 1642/1642/1642 
f 1642/1642/1642 1644/1644/1644 1645/1645/1645 
f 1643/1643/1643 1645/1645/1645 1646/1646/1646 
f 1645/1645/1645 1647/1647/1647 1646/1646/1646 
f 1648/1648/1648 1647/1647/1647 1645/1645/1645 
f 1644/1644/1644 1648/1648/1648 1645/1645/1645 
f 1649/1649/1649 1648/1648/1648 1644/1644/1644 
f 1650/1650/1650 1651/1651/1651 1652/1652/1652 
f 1652/1652/1652 1653/1653/1653 1650/1650/1650 
f 1653/1653/1653 1652/1652/1652 1654/1654/1654 
f 1654/1654/1654 1652/1652/1652 1655/1655/1655 
f 1652/1652/1652 1651/1651/1651 1656/1656/1656 
f 1655/1655/1655 1652/1652/1652 1656/1656/1656 
f 1656/1656/1656 1651/1651/1651 1657/1657/1657 
f 1655/1655/1655 1656/1656/1656 1658/1658/1658 
f 1656/1656/1656 1657/1657/1657 1659/1659/1659 
f 1658/1658/1658 1656/1656/1656 1659/1659/1659 
f 1659/1659/1659 1657/1657/1657 1660/1660/1660 
f 1658/1658/1658 1659/1659/1659 1661/1661/1661 
f 1659/1659/1659 1660/1660/1660 1662/1662/1662 
f 1661/1661/1661 1659/1659/1659 1662/1662/1662 
f 1661/1661/1661 1662/1662/1662 1663/1663/1663 
f 1662/1662/1662 1660/1660/1660 1664/1664/1664 
f 1663/1663/1663 1662/1662/1662 1665/1665/1665 
f 1662/1662/1662 1664/1664/1664 1665/1665/1665 
f 1665/1665/1665 1664/1664/1664 1666/1666/1666 
f 1667/1667/1667 1668/1668/1668 1669/1669/1669 
f 1668/1668/1668 1667/1667/1667 1670/1670/1670 
f 1671/1671/1671 1669/1669/1669 1668/1668/1668 
f 1669/1669/1669 1671/1671/1671 1672/1672/1672 
f 1673/1673/1673 1672/1672/1672 1671/1671/1671 
f 1672/1672/1672 1673/1673/1673 1674/1674/1674 
f 1675/1675/1675 1674/1674/1674 1673/1673/1673 
f 1674/1674/1674 1675/1675/1675 1676/1676/1676 
f 1677/1677/1677 1676/1676/1676 1675/1675/1675 
f 1676/1676/1676 1677/1677/1677 1678/1678/1678 
f 1677/1677/1677 1679/1679/1679 1678/1678/1678 
f 1679/1679/1679 1677/1677/1677 1680/1680/1680 
f 1680/1680/1680 1681/1681/1681 1679/1679/1679 
f 1681/1681/1681 1680/1680/1680 1682/1682/1682 
f 1682/1682/1682 1683/1683/1683 1681/1681/1681 
f 1683/1683/1683 1682/1682/1682 1684/1684/1684 
f 1684/1684/1684 1685/1685/1685 1683/1683/1683 
f 1685/1685/1685 1684/1684/1684 1686/1686/1686 
f 1686/1686/1686 1687/1687/1687 1685/1685/1685 
f 1687/1687/1687 1686/1686/1686 1688/1688/1688 
f 1688/1688/1688 1689/1689/1689 1687/1687/1687 
f 1689/1689/1689 1688/1688/1688 1690/1690/1690 
f 1690/1690/1690 1691/1691/1691 1689/1689/1689 
f 1691/1691/1691 1690/1690/1690 1692/1692/1692 
f 1692/1692/1692 1693/1693/1693 1691/1691/1691 
f 1693/1693/1693 1692/1692/1692 1694/1694/1694 
f 1693/1693/1693 1694/1694/1694 1695/1695/1695 
f 1695/1695/1695 1696/1696/1696 1693/1693/1693 
f 1696/1696/1696 1695/1695/1695 1697/1697/1697 
f 1697/1697/1697 1698/1698/1698 1696/1696/1696 
f 1698/1698/1698 1697/1697/1697 1699/1699/1699 
f 1699/1699/1699 1700/1700/1700 1698/1698/1698 
f 1701/1701/1701 1702/1702/1702 1703/1703/1703 
f 1702/1702/1702 1701/1701/1701 1704/1704/1704 
f 1704/1704/1704 1705/1705/1705 1702/1702/1702 
f 1705/1705/1705 1704/1704/1704 1706/1706/1706 
f 1705/1705/1705 1706/1706/1706 1707/1707/1707 
f 1707/1707/1707 1708/1708/1708 1705/1705/1705 
f 1708/1708/1708 1707/1707/1707 1709/1709/1709 
f 1709/1709/1709 1710/1710/1710 1708/1708/1708 
f 1710/1710/1710 1709/1709/1709 1711/1711/1711 
f 1711/1711/1711 1712/1712/1712 1710/1710/1710 
f 1712/1712/1712 1711/1711/1711 1713/1713/1713 
f 1712/1712/1712 1713/1713/1713 1714/1714/1714 
f 1714/1714/1714 1713/1713/1713 1715/1715/1715 
f 1714/1714/1714 1715/1715/1715 1716/1716/1716 
f 1716/1716/1716 1715/1715/1715 1717/1717/1717 
f 1716/1716/1716 1717/1717/1717 1718/1718/1718 
f 1718/1718/1718 1717/1717/1717 1719/1719/1719 
f 1718/1718/1718 1719/1719/1719 1720/1720/1720 
f 1720/1720/1720 1719/1719/1719 1721/1721/1721 
f 1720/1720/1720 1721/1721/1721 1722/1722/1722 
f 1722/1722/1722 1721/1721/1721 1723/1723/1723 
f 1722/1722/1722 1723/1723/1723 1724/1724/1724 
f 1724/1724/1724 1723/1723/1723 1725/1725/1725 
f 1724/1724/1724 1725/1725/1725 1726/1726/1726 
f 1726/1726/1726 1725/1725/1725 1727/1727/1727 
f 1726/1726/1726 1727/1727/1727 1728/1728/1728 
f 1729/1729/1729 1728/1728/1728 1727/1727/1727 
f 1728/1728/1728 1729/1729/1729 1730/1730/1730 
f 1731/1731/1731 1730/1730/1730 1729/1729/1729 
f 1730/1730/1730 1731/1731/1731 1732/1732/1732 
f 1733/1733/1733 1732/1732/1732 1731/1731/1731 
f 1732/1732/1732 1733/1733/1733 1734/1734/1734 
f 1735/1735/1735 1736/1736/1736 1737/1737/1737 
f 1736/1736/1736 1735/1735/1735 1738/1738/1738 
f 1738/1738/1738 1739/1739/1739 1736/1736/1736 
f 1739/1739/1739 1738/1738/1738 1740/1740/1740 
f 1739/1739/1739 1740/1740/1740 1741/1741/1741 
f 1741/1741/1741 1742/1742/1742 1739/1739/1739 
f 1742/1742/1742 1741/1741/1741 1743/1743/1743 
f 1743/1743/1743 1744/1744/1744 1742/1742/1742 
f 1744/1744/1744 1743/1743/1743 1745/1745/1745 
f 1745/1745/1745 1746/1746/1746 1744/1744/1744 
f 1746/1746/1746 1745/1745/1745 1747/1747/1747 
f 1746/1746/1746 1747/1747/1747 1748/1748/1748 
f 1748/1748/1748 1747/1747/1747 1749/1749/1749 
f 1748/1748/1748 1749/1749/1749 1750/1750/1750 
f 1750/1750/1750 1749/1749/1749 1751/1751/1751 
f 1750/1750/1750 1751/1751/1751 1752/1752/1752 
f 1752/1752/1752 1751/1751/1751 1753/1753/1753 
f 1752/1752/1752 1753/1753/1753 1754/1754/1754 
f 1754/1754/1754 1753/1753/1753 1755/1755/1755 
f 1754/1754/1754 1755/1755/1755 1756/1756/1756 
f 1756/1756/1756 1755/1755/1755 1757/1757/1757 
f 1756/1756/1756 1757/1757/1757 1758/1758/1758 
f 1758/1758/1758 1757/1757/1757 1759/1759/1759 
f 1758/1758/1758 1759/1759/1759 1760/1760/1760 
f 1760/1760/1760 1759/1759/1759 1761/1761/1761 
f 1760/1760/1760 1761/1761/1761 1762/1762/1762 
f 1763/1763/1763 1762/1762/1762 1761/1761/1761 
f 1762/1762/1762 1763/1763/1763 1764/1764/1764 
f 1765/1765/1765 1764/1764/1764 1763/1763/1763 
f 1764/1764/1764 1765/1765/1765 1766/1766/1766 
f 1767/1767/1767 1766/1766/1766 1765/1765/1765 
f 1766/1766/1766 1767/1767/1767 1768/1768/1768 
f 1769/1769/1769 1770/1770/1770 1771/1771/1771 
f 1769/1769/1769 1771/1771/1771 1772/1772/1772 
f 1772/1772/1772 1773/1773/1773 1769/1769/1769 
f 1770/1770/1770 1769/1769/1769 1774/1774/1774 
f 1770/1770/1770 1774/1774/1774 1775/1775/1775 
f 1775/1775/1775 1776/1776/1776 1770/1770/1770 
f 1776/1776/1776 1775/1775/1775 1777/1777/1777 
f 1777/1777/1777 1778/1778/1778 1776/1776/1776 
f 1778/1778/1778 1777/1777/1777 1779/1779/1779 
f 1779/1779/1779 1780/1780/1780 1778/1778/1778 
f 1780/1780/1780 1779/1779/1779 1781/1781/1781 
f 1780/1780/1780 1781/1781/1781 1782/1782/1782 
f 1782/1782/1782 1781/1781/1781 1783/1783/1783 
f 1782/1782/1782 1783/1783/1783 1784/1784/1784 
f 1784/1784/1784 1783/1783/1783 1785/1785/1785 
f 1784/1784/1784 1785/1785/1785 1786/1786/1786 
f 1786/1786/1786 1785/1785/1785 1787/1787/1787 
f 1786/1786/1786 1787/1787/1787 1788/1788/1788 
f 1788/1788/1788 1787/1787/1787 1789/1789/1789 
f 1788/1788/1788 1789/1789/1789 1790/1790/1790 
f 1790/1790/1790 1789/1789/1789 1791/1791/1791 
f 1790/1790/1790 1791/1791/1791 1792/1792/1792 
f 1792/1792/1792 1791/1791/1791 1793/1793/1793 
f 1792/1792/1792 1793/1793/1793 1794/1794/1794 
f 1794/1794/1794 1793/1793/1793 1795/1795/1795 
f 1794/1794/1794 1795/1795/1795 1796/1796/1796 
f 1797/1797/1797 1796/1796/1796 1795/1795/1795 
f 1796/1796/1796 1797/1797/1797 1798/1798/1798 
f 1799/1799/1799 1798/1798/1798 1797/1797/1797 
f 1798/1798/1798 1799/1799/1799 1800/1800/1800 
f 1801/1801/1801 1800/1800/1800 1799/1799/1799 
f 1800/1800/1800 1801/1801/1801 1802/1802/1802 
f 1803/1803/1803 1804/1804/1804 1805/1805/1805 
f 1804/1804/1804 1803/1803/1803 1806/1806/1806 
f 1807/1807/1807 1806/1806/1806 1803/1803/1803 
f 1806/1806/1806 1807/1807/1807 1808/1808/1808 
f 1807/1807/1807 1809/1809/1809 1808/1808/1808 
f 1809/1809/1809 1807/1807/1807 1810/1810/1810 
f 1810/1810/1810 1811/1811/1811 1809/1809/1809 
f 1811/1811/1811 1810/1810/1810 1812/1812/1812 
f 1812/1812/1812 1813/1813/1813 1811/1811/1811 
f 1813/1813/1813 1812/1812/1812 1814/1814/1814 
f 1814/1814/1814 1815/1815/1815 1813/1813/1813 
f 1815/1815/1815 1814/1814/1814 1816/1816/1816 
f 1817/1817/1817 1815/1815/1815 1816/1816/1816 
f 1815/1815/1815 1817/1817/1817 1818/1818/1818 
f 1819/1819/1819 1818/1818/1818 1817/1817/1817 
f 1818/1818/1818 1819/1819/1819 1820/1820/1820 
f 1821/1821/1821 1820/1820/1820 1819/1819/1819 
f 1820/1820/1820 1821/1821/1821 1822/1822/1822 
f 1821/1821/1821 1823/1823/1823 1822/1822/1822 
f 1823/1823/1823 1821/1821/1821 1824/1824/1824 
f 1825/1825/1825 1826/1826/1826 1827/1827/1827 
f 1826/1826/1826 1825/1825/1825 1828/1828/1828 
f 1827/1827/1827 1829/1829/1829 1825/1825/1825 
f 1830/1830/1830 1827/1827/1827 1826/1826/1826 
f 1829/1829/1829 1827/1827/1827 1831/1831/1831 
f 1827/1827/1827 1830/1830/1830 1832/1832/1832 
f 1832/1832/1832 1831/1831/1831 1827/1827/1827 
f 1833/1833/1833 1832/1832/1832 1830/1830/1830 
f 1831/1831/1831 1832/1832/1832 1834/1834/1834 
f 1832/1832/1832 1833/1833/1833 1835/1835/1835 
f 1835/1835/1835 1834/1834/1834 1832/1832/1832 
f 1836/1836/1836 1835/1835/1835 1833/1833/1833 
f 1834/1834/1834 1835/1835/1835 1837/1837/1837 
f 1838/1838/1838 1837/1837/1837 1835/1835/1835 
f 1835/1835/1835 1836/1836/1836 1838/1838/1838 
f 1837/1837/1837 1838/1838/1838 1839/1839/1839 
f 1839/1839/1839 1838/1838/1838 1840/1840/1840 
f 1838/1838/1838 1836/1836/1836 1841/1841/1841 
f 1840/1840/1840 1838/1838/1838 1841/1841/1841 
f 1840/1840/1840 1841/1841/1841 1842/1842/1842 
f 1841/1841/1841 1836/1836/1836 1843/1843/1843 
f 1842/1842/1842 1841/1841/1841 1844/1844/1844 
f 1841/1841/1841 1843/1843/1843 1844/1844/1844 
f 1844/1844/1844 1843/1843/1843 1845/1845/1845 
f 1846/1846/1846 1847/1847/1847 1848/1848/1848 
f 1847/1847/1847 1846/1846/1846 1849/1849/1849 
f 1846/1846/1846 1850/1850/1850 1849/1849/1849 
f 1851/1851/1851 1848/1848/1848 1847/1847/1847 
f 1848/1848/1848 1852/1852/1852 1846/1846/1846 
f 1853/1853/1853 1850/1850/1850 1846/1846/1846 
f 1852/1852/1852 1853/1853/1853 1846/1846/1846 
f 1853/1853/1853 1854/1854/1854 1850/1850/1850 
f 1852/1852/1852 1848/1848/1848 1855/1855/1855 
f 1856/1856/1856 1853/1853/1853 1852/1852/1852 
f 1848/1848/1848 1851/1851/1851 1857/1857/1857 
f 1857/1857/1857 1855/1855/1855 1848/1848/1848 
f 1858/1858/1858 1857/1857/1857 1851/1851/1851 
f 1855/1855/1855 1857/1857/1857 1859/1859/1859 
f 1857/1857/1857 1858/1858/1858 1860/1860/1860 
f 1860/1860/1860 1859/1859/1859 1857/1857/1857 
f 1861/1861/1861 1860/1860/1860 1858/1858/1858 
f 1859/1859/1859 1860/1860/1860 1862/1862/1862 
f 1856/1856/1856 1863/1863/1863 1853/1853/1853 
f 1863/1863/1863 1854/1854/1854 1853/1853/1853 
f 1864/1864/1864 1863/1863/1863 1856/1856/1856 
f 1863/1863/1863 1865/1865/1865 1854/1854/1854 
f 1866/1866/1866 1862/1862/1862 1860/1860/1860 
f 1860/1860/1860 1861/1861/1861 1866/1866/1866 
f 1862/1862/1862 1866/1866/1866 1867/1867/1867 
f 1867/1867/1867 1866/1866/1866 1868/1868/1868 
f 1869/1869/1869 1865/1865/1865 1863/1863/1863 
f 1864/1864/1864 1869/1869/1869 1863/1863/1863 
f 1869/1869/1869 1870/1870/1870 1865/1865/1865 
f 1871/1871/1871 1869/1869/1869 1864/1864/1864 
f 1868/1868/1868 1866/1866/1866 1394/1394/1394 
f 1866/1866/1866 1861/1861/1861 1394/1394/1394 
f 1868/1868/1868 1394/1394/1394 1397/1397/1397 
f 1394/1394/1394 1861/1861/1861 1395/1395/1395 
f 1871/1871/1871 1872/1872/1872 1869/1869/1869 
f 1872/1872/1872 1870/1870/1870 1869/1869/1869 
f 1873/1873/1873 1872/1872/1872 1871/1871/1871 
f 1874/1874/1874 1872/1872/1872 1873/1873/1873 
f 1875/1875/1875 1870/1870/1870 1872/1872/1872 
f 1872/1872/1872 1874/1874/1874 1875/1875/1875 
f 1870/1870/1870 1875/1875/1875 1351/1351/1351 
f 1355/1355/1355 1875/1875/1875 1874/1874/1874 
f 1352/1352/1352 1351/1351/1351 1875/1875/1875 
f 1875/1875/1875 1355/1355/1355 1352/1352/1352 
f 1876/1876/1876 1877/1877/1877 1878/1878/1878 
f 1879/1879/1879 1876/1876/1876 1878/1878/1878 
f 1877/1877/1877 1876/1876/1876 1880/1880/1880 
f 1876/1876/1876 1879/1879/1879 1881/1881/1881 
f 1880/1880/1880 1882/1882/1882 1877/1877/1877 
f 1883/1883/1883 1881/1881/1881 1879/1879/1879 
f 1882/1882/1882 1880/1880/1880 1884/1884/1884 
f 1881/1881/1881 1883/1883/1883 1885/1885/1885 
f 1884/1884/1884 1886/1886/1886 1882/1882/1882 
f 1887/1887/1887 1885/1885/1885 1883/1883/1883 
f 1886/1886/1886 1884/1884/1884 1888/1888/1888 
f 1885/1885/1885 1887/1887/1887 1889/1889/1889 
f 1890/1890/1890 1889/1889/1889 1887/1887/1887 
f 1889/1889/1889 1890/1890/1890 1891/1891/1891 
f 1888/1888/1888 1892/1892/1892 1886/1886/1886 
f 1892/1892/1892 1888/1888/1888 1893/1893/1893 
f 1894/1894/1894 1892/1892/1892 1893/1893/1893 
f 1892/1892/1892 1894/1894/1894 1895/1895/1895 
f 1499/1499/1499 1895/1895/1895 1894/1894/1894 
f 1895/1895/1895 1499/1499/1499 1498/1498/1498 
f 1896/1896/1896 1897/1897/1897 1898/1898/1898 
f 1897/1897/1897 1896/1896/1896 1899/1899/1899 
f 1899/1899/1899 1900/1900/1900 1897/1897/1897 
f 1900/1900/1900 1899/1899/1899 1901/1901/1901 
f 1901/1901/1901 1902/1902/1902 1900/1900/1900 
f 1902/1902/1902 1901/1901/1901 1903/1903/1903 
f 1903/1903/1903 1904/1904/1904 1902/1902/1902 
f 1904/1904/1904 1903/1903/1903 1905/1905/1905 
f 1905/1905/1905 1906/1906/1906 1904/1904/1904 
f 1906/1906/1906 1905/1905/1905 1907/1907/1907 
f 1908/1908/1908 1906/1906/1906 1907/1907/1907 
f 1906/1906/1906 1908/1908/1908 1909/1909/1909 
f 1910/1910/1910 1909/1909/1909 1908/1908/1908 
f 1909/1909/1909 1910/1910/1910 1911/1911/1911 
f 1912/1912/1912 1911/1911/1911 1910/1910/1910 
f 1911/1911/1911 1912/1912/1912 1913/1913/1913 
f 1912/1912/1912 1914/1914/1914 1913/1913/1913 
f 1914/1914/1914 1912/1912/1912 1915/1915/1915 
f 1915/1915/1915 1916/1916/1916 1914/1914/1914 
f 1916/1916/1916 1915/1915/1915 1917/1917/1917 
f 1917/1917/1917 1918/1918/1918 1916/1916/1916 
f 1918/1918/1918 1917/1917/1917 1919/1919/1919 
f 1920/1920/1920 1918/1918/1918 1919/1919/1919 
f 1918/1918/1918 1920/1920/1920 1921/1921/1921 
f 1922/1922/1922 1923/1923/1923 1924/1924/1924 
f 1924/1924/1924 1923/1923/1923 1925/1925/1925 
f 1926/1926/1926 1924/1924/1924 1925/1925/1925 
f 1922/1922/1922 1927/1927/1927 1923/1923/1923 
f 1924/1924/1924 1926/1926/1926 1928/1928/1928 
f 1929/1929/1929 1922/1922/1922 1924/1924/1924 
f 1928/1928/1928 1929/1929/1929 1924/1924/1924 
f 1930/1930/1930 1928/1928/1928 1926/1926/1926 
f 1931/1931/1931 1922/1922/1922 1929/1929/1929 
f 1929/1929/1929 1928/1928/1928 1932/1932/1932 
f 1931/1931/1931 1933/1933/1933 1922/1922/1922 
f 1933/1933/1933 1927/1927/1927 1922/1922/1922 
f 1934/1934/1934 1933/1933/1933 1931/1931/1931 
f 1933/1933/1933 1935/1935/1935 1927/1927/1927 
f 1650/1650/1650 1932/1932/1932 1928/1928/1928 
f 1928/1928/1928 1930/1930/1930 1650/1650/1650 
f 1932/1932/1932 1650/1650/1650 1653/1653/1653 
f 1651/1651/1651 1650/1650/1650 1930/1930/1930 
f 1936/1936/1936 1935/1935/1935 1933/1933/1933 
f 1934/1934/1934 1936/1936/1936 1933/1933/1933 
f 1936/1936/1936 1937/1937/1937 1935/1935/1935 
f 1938/1938/1938 1936/1936/1936 1934/1934/1934 
f 1939/1939/1939 1937/1937/1937 1936/1936/1936 
f 1938/1938/1938 1939/1939/1939 1936/1936/1936 
f 1939/1939/1939 1940/1940/1940 1937/1937/1937 
f 1941/1941/1941 1939/1939/1939 1938/1938/1938 
f 1942/1942/1942 1940/1940/1940 1939/1939/1939 
f 1941/1941/1941 1942/1942/1942 1939/1939/1939 
f 1942/1942/1942 1943/1943/1943 1940/1940/1940 
f 1944/1944/1944 1942/1942/1942 1941/1941/1941 
f 1944/1944/1944 1945/1945/1945 1942/1942/1942 
f 1942/1942/1942 1945/1945/1945 1943/1943/1943 
f 1944/1944/1944 1946/1946/1946 1945/1945/1945 
f 1947/1947/1947 1945/1945/1945 1946/1946/1946 
f 1948/1948/1948 1943/1943/1943 1945/1945/1945 
f 1945/1945/1945 1947/1947/1947 1948/1948/1948 
f 1943/1943/1943 1948/1948/1948 1613/1613/1613 
f 1617/1617/1617 1948/1948/1948 1947/1947/1947 
f 1614/1614/1614 1613/1613/1613 1948/1948/1948 
f 1948/1948/1948 1617/1617/1617 1614/1614/1614 
f 1949/1949/1949 1950/1950/1950 1951/1951/1951 
f 1949/1949/1949 1951/1951/1951 1952/1952/1952 
f 1950/1950/1950 1949/1949/1949 1953/1953/1953 
f 1954/1954/1954 1953/1953/1953 1949/1949/1949 
f 1955/1955/1955 1953/1953/1953 1954/1954/1954 
f 1955/1955/1955 1954/1954/1954 1956/1956/1956 
f 1957/1957/1957 1956/1956/1956 1958/1958/1958 
f 1955/1955/1955 1956/1956/1956 1957/1957/1957 
f 1959/1959/1959 1955/1955/1955 1960/1960/1960 
f 1961/1961/1961 1955/1955/1955 1959/1959/1959 
f 1955/1955/1955 1961/1961/1961 1962/1962/1962 
f 1963/1963/1963 1962/1962/1962 1964/1964/1964 
f 1965/1965/1965 1962/1962/1962 1963/1963/1963 
f 1962/1962/1962 1965/1965/1965 1955/1955/1955 
f 1966/1966/1966 1965/1965/1965 1963/1963/1963 
f 1966/1966/1966 1963/1963/1963 1967/1967/1967 
f 1965/1965/1965 1966/1966/1966 1968/1968/1968 
f 1969/1969/1969 1955/1955/1955 1965/1965/1965 
f 1969/1969/1969 1965/1965/1965 1970/1970/1970 
f 1969/1969/1969 1970/1970/1970 1971/1971/1971 
f 1972/1972/1972 1969/1969/1969 1971/1971/1971 
f 1969/1969/1969 1972/1972/1972 1973/1973/1973 
f 1974/1974/1974 1969/1969/1969 1975/1975/1975 
f 1976/1976/1976 1969/1969/1969 1974/1974/1974 
f 1955/1955/1955 1969/1969/1969 1976/1976/1976 
f 1977/1977/1977 1955/1955/1955 1976/1976/1976 
f 1977/1977/1977 1976/1976/1976 1978/1978/1978 
f 1955/1955/1955 1977/1977/1977 1953/1953/1953 
f 1953/1953/1953 1977/1977/1977 1979/1979/1979 
f 1979/1979/1979 1977/1977/1977 1980/1980/1980 
f 1981/1981/1981 1982/1982/1982 1983/1983/1983 
f 1984/1984/1984 1983/1983/1983 1982/1982/1982 
f 1983/1983/1983 1984/1984/1984 1985/1985/1985 
f 1986/1986/1986 1985/1985/1985 1984/1984/1984 
f 1985/1985/1985 1986/1986/1986 1987/1987/1987 
f 1986/1986/1986 1988/1988/1988 1987/1987/1987 
f 1988/1988/1988 1986/1986/1986 1989/1989/1989 
f 1989/1989/1989 1990/1990/1990 1988/1988/1988 
f 1990/1990/1990 1989/1989/1989 1991/1991/1991 
f 1991/1991/1991 1992/1992/1992 1990/1990/1990 
f 1992/1992/1992 1991/1991/1991 1993/1993/1993 
f 1993/1993/1993 1994/1994/1994 1992/1992/1992 
f 1994/1994/1994 1993/1993/1993 1995/1995/1995 
f 1996/1996/1996 1994/1994/1994 1995/1995/1995 
f 1994/1994/1994 1996/1996/1996 1997/1997/1997 
f 1998/1998/1998 1997/1997/1997 1996/1996/1996 
f 1997/1997/1997 1998/1998/1998 1999/1999/1999 
f 2000/2000/2000 1999/1999/1999 1998/1998/1998 
f 1999/1999/1999 2000/2000/2000 2001/2001/2001 
f 2002/2002/2002 2003/2003/2003 2004/2004/2004 
f 2003/2003/2003 2005/2005/2005 2004/2004/2004 
f 2003/2003/2003 2002/2002/2002 2006/2006/2006 
f 2005/2005/2005 2003/2003/2003 2007/2007/2007 
f 2008/2008/2008 2006/2006/2006 2002/2002/2002 
f 2007/2007/2007 2009/2009/2009 2005/2005/2005 
f 2006/2006/2006 2008/2008/2008 2010/2010/2010 
f 2009/2009/2009 2007/2007/2007 2011/2011/2011 
f 2012/2012/2012 2010/2010/2010 2008/2008/2008 
f 2011/2011/2011 2013/2013/2013 2009/2009/2009 
f 2010/2010/2010 2012/2012/2012 2014/2014/2014 
f 2013/2013/2013 2011/2011/2011 2015/2015/2015 
f 2016/2016/2016 2014/2014/2014 2012/2012/2012 
f 2017/2017/2017 2013/2013/2013 2015/2015/2015 
f 2014/2014/2014 2016/2016/2016 2018/2018/2018 
f 2016/2016/2016 2019/2019/2019 2018/2018/2018 
f 2018/2018/2018 2019/2019/2019 2020/2020/2020 
f 2013/2013/2013 2017/2017/2017 2021/2021/2021 
f 1805/1805/1805 2021/2021/2021 2017/2017/2017 
f 2021/2021/2021 1805/1805/1805 1804/1804/1804 
f 2022/2022/2022 2023/2023/2023 2024/2024/2024 
f 2023/2023/2023 2022/2022/2022 2025/2025/2025 
f 2022/2022/2022 2026/2026/2026 2025/2025/2025 
f 2027/2027/2027 2024/2024/2024 2023/2023/2023 
f 2024/2024/2024 2028/2028/2028 2022/2022/2022 
f 2029/2029/2029 2026/2026/2026 2022/2022/2022 
f 2028/2028/2028 2029/2029/2029 2022/2022/2022 
f 2029/2029/2029 2030/2030/2030 2026/2026/2026 
f 2028/2028/2028 2024/2024/2024 2031/2031/2031 
f 2029/2029/2029 2028/2028/2028 2032/2032/2032 
f 2024/2024/2024 2027/2027/2027 2033/2033/2033 
f 2033/2033/2033 2031/2031/2031 2024/2024/2024 
f 2034/2034/2034 2033/2033/2033 2027/2027/2027 
f 2031/2031/2031 2033/2033/2033 2035/2035/2035 
f 2033/2033/2033 2034/2034/2034 2036/2036/2036 
f 2036/2036/2036 2035/2035/2035 2033/2033/2033 
f 2037/2037/2037 2036/2036/2036 2034/2034/2034 
f 2035/2035/2035 2036/2036/2036 2038/2038/2038 
f 2039/2039/2039 2038/2038/2038 2036/2036/2036 
f 2036/2036/2036 2037/2037/2037 2039/2039/2039 
f 2038/2038/2038 2039/2039/2039 2040/2040/2040 
f 2040/2040/2040 2039/2039/2039 2041/2041/2041 
f 2039/2039/2039 2037/2037/2037 2042/2042/2042 
f 2041/2041/2041 2039/2039/2039 2042/2042/2042 
f 2042/2042/2042 2037/2037/2037 2043/2043/2043 
f 2041/2041/2041 2042/2042/2042 2044/2044/2044 
f 2042/2042/2042 2043/2043/2043 2045/2045/2045 
f 2044/2044/2044 2042/2042/2042 2045/2045/2045 
f 2045/2045/2045 2043/2043/2043 2046/2046/2046 
f 2044/2044/2044 2045/2045/2045 2047/2047/2047 
f 2045/2045/2045 2046/2046/2046 2048/2048/2048 
f 2047/2047/2047 2045/2045/2045 2048/2048/2048 
f 2047/2047/2047 2048/2048/2048 2049/2049/2049 
f 2048/2048/2048 2046/2046/2046 2050/2050/2050 
f 2049/2049/2049 2048/2048/2048 2051/2051/2051 
f 2048/2048/2048 2050/2050/2050 2051/2051/2051 
f 2051/2051/2051 2050/2050/2050 2052/2052/2052 
f 2053/2053/2053 2054/2054/2054 2055/2055/2055 
f 2054/2054/2054 2053/2053/2053 2056/2056/2056 
f 2054/2054/2054 2057/2057/2057 2055/2055/2055 
f 2057/2057/2057 2054/2054/2054 2058/2058/2058 
f 2058/2058/2058 2059/2059/2059 2057/2057/2057 
f 2059/2059/2059 2058/2058/2058 2060/2060/2060 
f 2060/2060/2060 2061/2061/2061 2059/2059/2059 
f 2061/2061/2061 2060/2060/2060 2062/2062/2062 
f 2062/2062/2062 2063/2063/2063 2061/2061/2061 
f 2063/2063/2063 2062/2062/2062 2064/2064/2064 
f 2065/2065/2065 2063/2063/2063 2064/2064/2064 
f 2063/2063/2063 2065/2065/2065 2066/2066/2066 
f 2067/2067/2067 2066/2066/2066 2065/2065/2065 
f 2066/2066/2066 2067/2067/2067 2068/2068/2068 
f 2069/2069/2069 2068/2068/2068 2067/2067/2067 
f 2068/2068/2068 2069/2069/2069 2070/2070/2070 
f 2071/2071/2071 2070/2070/2070 2069/2069/2069 
f 2070/2070/2070 2071/2071/2071 2072/2072/2072 
f 2071/2071/2071 2073/2073/2073 2072/2072/2072 
f 2073/2073/2073 2071/2071/2071 2074/2074/2074 
f 2074/2074/2074 2075/2075/2075 2073/2073/2073 
f 2075/2075/2075 2074/2074/2074 2076/2076/2076 
f 2076/2076/2076 2077/2077/2077 2075/2075/2075 
f 2077/2077/2077 2076/2076/2076 2078/2078/2078 
f 2078/2078/2078 2079/2079/2079 2077/2077/2077 
f 2079/2079/2079 2078/2078/2078 2080/2080/2080 
f 2081/2081/2081 2082/2082/2082 2083/2083/2083 
f 2082/2082/2082 2084/2084/2084 2085/2085/2085 
f 2084/2084/2084 2082/2082/2082 2086/2086/2086 
f 2082/2082/2082 2081/2081/2081 2086/2086/2086 
f 2087/2087/2087 2082/2082/2082 2088/2088/2088 
f 2089/2089/2089 2082/2082/2082 2087/2087/2087 
f 2082/2082/2082 2089/2089/2089 2090/2090/2090 
f 2083/2083/2083 2082/2082/2082 2090/2090/2090 
f 2086/2086/2086 2091/2091/2091 2092/2092/2092 
f 2081/2081/2081 2091/2091/2091 2086/2086/2086 
f 2091/2091/2091 2093/2093/2093 2094/2094/2094 
f 2091/2091/2091 2095/2095/2095 2093/2093/2093 
f 2091/2091/2091 2081/2081/2081 2095/2095/2095 
f 2096/2096/2096 2083/2083/2083 2097/2097/2097 
f 2083/2083/2083 2096/2096/2096 2098/2098/2098 
f 2098/2098/2098 2096/2096/2096 2099/2099/2099 
f 2100/2100/2100 2083/2083/2083 2098/2098/2098 
f 2081/2081/2081 2083/2083/2083 2100/2100/2100 
f 2100/2100/2100 2098/2098/2098 2101/2101/2101 
f 2102/2102/2102 2081/2081/2081 2100/2100/2100 
f 2081/2081/2081 2102/2102/2102 2103/2103/2103 
f 2081/2081/2081 2103/2103/2103 2104/2104/2104 
f 2095/2095/2095 2081/2081/2081 2105/2105/2105 
f 2081/2081/2081 2106/2106/2106 2105/2105/2105 
f 2107/2107/2107 2106/2106/2106 2081/2081/2081 
f 2106/2106/2106 2107/2107/2107 2108/2108/2108 
f 2095/2095/2095 2105/2105/2105 2109/2109/2109 
f 2109/2109/2109 2110/2110/2110 2095/2095/2095 
f 2110/2110/2110 2109/2109/2109 2111/2111/2111 
f 2111/2111/2111 2109/2109/2109 2112/2112/2112 
f 2113/2113/2113 2114/2114/2114 2115/2115/2115 
f 2115/2115/2115 2114/2114/2114 2116/2116/2116 
f 2117/2117/2117 2113/2113/2113 2115/2115/2115 
f 2118/2118/2118 2113/2113/2113 2117/2117/2117 
f 2117/2117/2117 2115/2115/2115 2119/2119/2119 
f 2115/2115/2115 2116/2116/2116 2120/2120/2120 
f 2119/2119/2119 2115/2115/2115 2120/2120/2120 
f 2120/2120/2120 2116/2116/2116 2121/2121/2121 
f 2122/2122/2122 2120/2120/2120 2121/2121/2121 
f 2123/2123/2123 2119/2119/2119 2120/2120/2120 
f 2120/2120/2120 2122/2122/2122 2123/2123/2123 
f 2119/2119/2119 2123/2123/2123 2124/2124/2124 
f 2125/2125/2125 2123/2123/2123 2122/2122/2122 
f 2126/2126/2126 2124/2124/2124 2123/2123/2123 
f 2123/2123/2123 2125/2125/2125 2126/2126/2126 
f 2124/2124/2124 2126/2126/2126 2127/2127/2127 
f 2128/2128/2128 2126/2126/2126 2125/2125/2125 
f 2129/2129/2129 2127/2127/2127 2126/2126/2126 
f 2126/2126/2126 2128/2128/2128 2129/2129/2129 
f 2127/2127/2127 2129/2129/2129 2130/2130/2130 
f 2131/2131/2131 2129/2129/2129 2128/2128/2128 
f 2132/2132/2132 2130/2130/2130 2129/2129/2129 
f 2129/2129/2129 2131/2131/2131 2132/2132/2132 
f 2130/2130/2130 2132/2132/2132 2133/2133/2133 
f 2133/2133/2133 2132/2132/2132 2134/2134/2134 
f 2132/2132/2132 2131/2131/2131 2135/2135/2135 
f 2134/2134/2134 2132/2132/2132 2135/2135/2135 
f 2135/2135/2135 2131/2131/2131 2136/2136/2136 
f 2134/2134/2134 2135/2135/2135 2137/2137/2137 
f 2135/2135/2135 2136/2136/2136 2138/2138/2138 
f 2137/2137/2137 2135/2135/2135 2138/2138/2138 
f 2138/2138/2138 2136/2136/2136 2139/2139/2139 
f 2137/2137/2137 2138/2138/2138 2140/2140/2140 
f 2138/2138/2138 2139/2139/2139 2141/2141/2141 
f 2140/2140/2140 2138/2138/2138 2141/2141/2141 
f 2141/2141/2141 2139/2139/2139 2142/2142/2142 
f 2140/2140/2140 2141/2141/2141 2143/2143/2143 
f 2141/2141/2141 2142/2142/2142 2144/2144/2144 
f 2143/2143/2143 2141/2141/2141 2144/2144/2144 
f 2144/2144/2144 2142/2142/2142 2145/2145/2145 
f 2146/2146/2146 2144/2144/2144 2145/2145/2145 
f 2147/2147/2147 2143/2143/2143 2144/2144/2144 
f 2144/2144/2144 2146/2146/2146 2147/2147/2147 
f 2143/2143/2143 2147/2147/2147 2148/2148/2148 
f 2149/2149/2149 2147/2147/2147 2146/2146/2146 
f 2150/2150/2150 2148/2148/2148 2147/2147/2147 
f 2147/2147/2147 2149/2149/2149 2150/2150/2150 
f 2148/2148/2148 2150/2150/2150 2151/2151/2151 
f 2152/2152/2152 2150/2150/2150 2149/2149/2149 
f 2153/2153/2153 2151/2151/2151 2150/2150/2150 
f 2150/2150/2150 2152/2152/2152 2153/2153/2153 
f 2151/2151/2151 2153/2153/2153 2154/2154/2154 
f 2155/2155/2155 2153/2153/2153 2152/2152/2152 
f 2156/2156/2156 2154/2154/2154 2153/2153/2153 
f 2153/2153/2153 2155/2155/2155 2156/2156/2156 
f 2154/2154/2154 2156/2156/2156 2157/2157/2157 
f 2157/2157/2157 2156/2156/2156 2158/2158/2158 
f 2156/2156/2156 2155/2155/2155 2159/2159/2159 
f 2158/2158/2158 2156/2156/2156 2159/2159/2159 
f 2159/2159/2159 2155/2155/2155 2160/2160/2160 
f 2158/2158/2158 2159/2159/2159 2161/2161/2161 
f 2159/2159/2159 2160/2160/2160 2162/2162/2162 
f 2161/2161/2161 2159/2159/2159 2162/2162/2162 
f 2162/2162/2162 2160/2160/2160 2030/2030/2030 
f 2161/2161/2161 2162/2162/2162 2032/2032/2032 
f 2162/2162/2162 2030/2030/2030 2029/2029/2029 
f 2032/2032/2032 2162/2162/2162 2029/2029/2029 
f 2163/2163/2163 2164/2164/2164 2165/2165/2165 
f 2166/2166/2166 2163/2163/2163 2165/2165/2165 
f 2164/2164/2164 2163/2163/2163 2167/2167/2167 
f 2163/2163/2163 2166/2166/2166 2168/2168/2168 
f 2167/2167/2167 2169/2169/2169 2164/2164/2164 
f 2170/2170/2170 2168/2168/2168 2166/2166/2166 
f 2169/2169/2169 2167/2167/2167 2171/2171/2171 
f 2168/2168/2168 2170/2170/2170 2172/2172/2172 
f 2171/2171/2171 2173/2173/2173 2169/2169/2169 
f 2174/2174/2174 2172/2172/2172 2170/2170/2170 
f 2173/2173/2173 2171/2171/2171 2175/2175/2175 
f 2172/2172/2172 2174/2174/2174 2176/2176/2176 
f 2177/2177/2177 2176/2176/2176 2174/2174/2174 
f 2176/2176/2176 2177/2177/2177 2178/2178/2178 
f 2175/2175/2175 2179/2179/2179 2173/2173/2173 
f 2179/2179/2179 2175/2175/2175 2180/2180/2180 
f 2181/2181/2181 2179/2179/2179 2180/2180/2180 
f 2179/2179/2179 2181/2181/2181 1981/1981/1981 
f 1982/1982/1982 1981/1981/1981 2181/2181/2181 
f 2182/2182/2182 2183/2183/2183 2184/2184/2184 
f 2183/2183/2183 2182/2182/2182 2185/2185/2185 
f 2184/2184/2184 2186/2186/2186 2182/2182/2182 
f 2185/2185/2185 2187/2187/2187 2183/2183/2183 
f 2186/2186/2186 2184/2184/2184 2188/2188/2188 
f 2187/2187/2187 2189/2189/2189 2183/2183/2183 
f 2188/2188/2188 2190/2190/2190 2186/2186/2186 
f 2191/2191/2191 2189/2189/2189 2187/2187/2187 
f 2190/2190/2190 2188/2188/2188 2192/2192/2192 
f 2193/2193/2193 2189/2189/2189 2191/2191/2191 
f 2194/2194/2194 2190/2190/2190 2192/2192/2192 
f 2195/2195/2195 2193/2193/2193 2191/2191/2191 
f 2190/2190/2190 2194/2194/2194 2196/2196/2196 
f 2193/2193/2193 2195/2195/2195 2197/2197/2197 
f 2198/2198/2198 2196/2196/2196 2194/2194/2194 
f 2199/2199/2199 2197/2197/2197 2195/2195/2195 
f 2196/2196/2196 2198/2198/2198 2200/2200/2200 
f 2197/2197/2197 2199/2199/2199 2201/2201/2201 
f 2202/2202/2202 2200/2200/2200 2198/2198/2198 
f 2199/2199/2199 2203/2203/2203 2201/2201/2201 
f 2200/2200/2200 2202/2202/2202 2204/2204/2204 
f 2203/2203/2203 2199/2199/2199 2205/2205/2205 
f 2206/2206/2206 2204/2204/2204 2202/2202/2202 
f 2205/2205/2205 2207/2207/2207 2203/2203/2203 
f 2204/2204/2204 2206/2206/2206 2208/2208/2208 
f 2207/2207/2207 2205/2205/2205 2209/2209/2209 
f 2210/2210/2210 2208/2208/2208 2206/2206/2206 
f 2209/2209/2209 2211/2211/2211 2207/2207/2207 
f 2208/2208/2208 2210/2210/2210 2212/2212/2212 
f 2211/2211/2211 2209/2209/2209 2213/2213/2213 
f 2214/2214/2214 2212/2212/2212 2210/2210/2210 
f 2213/2213/2213 2215/2215/2215 2211/2211/2211 
f 2212/2212/2212 2214/2214/2214 2216/2216/2216 
f 2215/2215/2215 2213/2213/2213 2217/2217/2217 
f 2216/2216/2216 2214/2214/2214 2218/2218/2218 
f 2217/2217/2217 2219/2219/2219 2215/2215/2215 
f 2220/2220/2220 2216/2216/2216 2218/2218/2218 
f 2219/2219/2219 2217/2217/2217 2221/2221/2221 
f 2220/2220/2220 2218/2218/2218 2222/2222/2222 
f 2221/2221/2221 2223/2223/2223 2219/2219/2219 
f 2224/2224/2224 2220/2220/2220 2222/2222/2222 
f 2223/2223/2223 2221/2221/2221 2225/2225/2225 
f 2224/2224/2224 2222/2222/2222 2226/2226/2226 
f 2225/2225/2225 2227/2227/2227 2223/2223/2223 
f 2228/2228/2228 2224/2224/2224 2226/2226/2226 
f 2227/2227/2227 2225/2225/2225 2229/2229/2229 
f 2228/2228/2228 2226/2226/2226 2230/2230/2230 
f 2229/2229/2229 2231/2231/2231 2227/2227/2227 
f 2230/2230/2230 2232/2232/2232 2228/2228/2228 
f 2231/2231/2231 2229/2229/2229 2233/2233/2233 
f 2234/2234/2234 2232/2232/2232 2230/2230/2230 
f 2233/2233/2233 2235/2235/2235 2231/2231/2231 
f 2234/2234/2234 2236/2236/2236 2232/2232/2232 
f 2235/2235/2235 2233/2233/2233 2237/2237/2237 
f 2234/2234/2234 2238/2238/2238 2236/2236/2236 
f 2237/2237/2237 2239/2239/2239 2235/2235/2235 
f 2238/2238/2238 2234/2234/2234 2240/2240/2240 
f 2239/2239/2239 2237/2237/2237 2241/2241/2241 
f 2242/2242/2242 2238/2238/2238 2240/2240/2240 
f 2241/2241/2241 2243/2243/2243 2239/2239/2239 
f 2238/2238/2238 2242/2242/2242 2244/2244/2244 
f 2243/2243/2243 2241/2241/2241 2245/2245/2245 
f 2242/2242/2242 2245/2245/2245 2244/2244/2244 
f 2245/2245/2245 2242/2242/2242 2243/2243/2243 

