# This file is brought to you by Roblox Corporation
# Generated by Roblox Studio

mtllib Spring.mtl

g Spring1

v 0.701268 1.84361 -15.2049 
v -0.0640996 1.90611 -15.2049 
v -0.326022 2.15075 -14.9257 
v -0.300134 2.06236 -14.8998 
v -0.605295 2.21861 -14.6637 
v -0.326022 1.97397 -14.9257 
v -0.605295 1.96861 -14.6637 
v -0.523635 2.00522 -14.6299 
v -0.681415 1.99986 -14.2811 
v -0.523635 2.182 -14.6299 
v -0.48981 2.09361 -14.6159 
v -0.593027 2.03647 -14.2811 
v -0.523634 2.06772 -13.9322 
v -0.605295 2.03111 -13.8984 
v -0.556415 2.12486 -14.2811 
v -0.388521 2.06236 -13.574 
v -0.593027 2.21325 -14.2811 
v -0.681415 2.24986 -14.2811 
v -0.48981 2.15611 -13.9462 
v -0.523634 2.2445 -13.9322 
v -0.605295 2.28111 -13.8984 
v -0.388521 2.31236 -13.574 
v -0.300133 2.18736 -13.6623 
v -0.326021 2.27575 -13.6365 
v -0.326021 2.09897 -13.6365 
v 1.35795 2.40611 -14.7116 
v 1.08819 2.52575 -15.0507 
v 1.32412 2.4945 -14.6976 
v 1.11408 2.43736 -15.0766 
v 1.08819 2.34897 -15.0507 
v 1.08819 2.90075 -13.5115 
v 1.08819 2.72397 -13.5115 
v 1.11408 2.81236 -13.4856 
v 1.35795 2.84361 -13.8505 
v 1.32413 2.75522 -13.8646 
v 1.24247 2.71861 -13.8984 
v 1.32413 2.932 -13.8646 
v 1.24247 2.96861 -13.8984 
v 1.44358 2.87486 -14.2811 
v 1.40697 2.78647 -14.2811 
v 1.31858 2.74986 -14.2811 
v 1.40697 2.96325 -14.2811 
v 1.31858 2.99986 -14.2811 
v 1.24246 3.03111 -14.6637 
v 1.32412 2.81772 -14.6976 
v 1.08819 2.84897 -15.0507 
v 1.35795 2.90611 -14.7116 
v 1.32412 2.9945 -14.6976 
v 1.08819 3.02575 -15.0507 
v 1.11408 2.93736 -15.0766 
v 0.701266 3.09361 -15.2049 
v 0.701266 2.84361 -15.2049 
v 0.701268 0.40611 -13.3572 
v 0.749104 0.28111 -13.2417 
v 1.08819 0.223971 -13.5115 
v 1.02569 0.18736 -13.574 
v 1.24246 0.21861 -13.8984 
v 1.08819 0.400748 -13.5115 
v 1.11408 0.31236 -13.4856 
v 1.35795 0.34361 -13.8505 
v 1.32412 0.255221 -13.8646 
v 1.31858 0.24986 -14.2811 
v 1.32412 0.431998 -13.8646 
v 1.44358 0.37486 -14.2811 
v 1.40697 0.286472 -14.2811 
v 1.40697 0.463248 -14.2811 
v 1.31858 0.49986 -14.2811 
v 1.32412 0.494498 -14.6976 
v 1.24246 0.53111 -14.6637 
v 1.32412 0.317722 -14.6976 
v 1.35795 0.40611 -14.7116 
v 1.08819 0.525748 -15.0507 
v 1.02569 0.56236 -14.9882 
v 1.08819 0.348972 -15.0507 
v 1.02569 0.31236 -14.9882 
v 1.11408 0.43736 -15.0766 
v 0.749103 0.46861 -15.3204 
v 1.08819 1.22397 -13.5115 
v 0.749104 1.28111 -13.2417 
v 1.11408 1.31236 -13.4856 
v 1.08819 1.40075 -13.5115 
v 1.35795 1.34361 -13.8505 
v 1.32412 1.25522 -13.8646 
v 1.24246 1.21861 -13.8984 
v 1.31858 1.24986 -14.2811 
v 1.32412 1.432 -13.8646 
v 1.24246 1.46861 -13.8984 
v 1.40697 1.28647 -14.2811 
v 1.44358 1.37486 -14.2811 
v 1.40697 1.46325 -14.2811 
v 1.31858 1.49986 -14.2811 
v 1.32412 1.31772 -14.6976 
v 1.24246 1.28111 -14.6637 
v 1.32412 1.4945 -14.6976 
v 1.35795 1.40611 -14.7116 
v 1.08819 1.34897 -15.0507 
v 1.02569 1.31236 -14.9882 
v 1.08819 1.52575 -15.0507 
v 1.02569 1.56236 -14.9882 
v 1.11408 1.43736 -15.0766 
v 0.749104 1.46861 -15.3204 
v 1.08819 1.72397 -13.5115 
v 1.02569 1.68736 -13.574 
v 1.24246 1.71861 -13.8984 
v 1.08819 1.90075 -13.5115 
v 1.02569 1.93736 -13.574 
v 1.11408 1.81236 -13.4856 
v 1.35795 1.84361 -13.8505 
v 1.32412 1.75522 -13.8646 
v 1.31858 1.74986 -14.2811 
v 1.32412 1.932 -13.8646 
v 1.44358 1.87486 -14.2811 
v 1.40697 1.78647 -14.2811 
v 1.24246 1.78111 -14.6637 
v 1.40697 1.96325 -14.2811 
v 1.31858 1.99986 -14.2811 
v 1.24246 2.03111 -14.6637 
v 1.32412 1.81772 -14.6976 
v 1.32412 1.9945 -14.6976 
v 1.35795 1.90611 -14.7116 
v 1.08819 1.84897 -15.0507 
v 0.701268 1.84361 -15.2049 
v 1.08819 2.02575 -15.0507 
v 1.11408 1.93736 -15.0766 
v 0.701269 2.15611 -13.3572 
v 1.08819 2.22397 -13.5115 
v 1.24246 2.21861 -13.8984 
v 1.08819 2.40075 -13.5115 
v 1.24246 2.46861 -13.8984 
v 1.11408 2.31236 -13.4856 
v 1.32413 2.25522 -13.8646 
v 1.31858 2.24986 -14.2811 
v 1.35795 2.34361 -13.8505 
v 1.32413 2.432 -13.8646 
v 1.31858 2.49986 -14.2811 
v 1.40697 2.28647 -14.2811 
v 1.24246 2.28111 -14.6637 
v 1.44358 2.37486 -14.2811 
v 1.40697 2.46325 -14.2811 
v 1.24246 2.53111 -14.6637 
v 1.32412 2.31772 -14.6976 
v 1.08819 0.900748 -13.5115 
v 1.08819 0.723971 -13.5115 
v 1.24246 0.71861 -13.8984 
v 1.11408 0.81236 -13.4856 
v 1.35795 0.84361 -13.8505 
v 1.32412 0.755221 -13.8646 
v 1.31858 0.74986 -14.2811 
v 1.32412 0.931998 -13.8646 
v 1.44358 0.87486 -14.2811 
v 1.40697 0.786471 -14.2811 
v 1.40697 0.963248 -14.2811 
v 1.31858 0.99986 -14.2811 
v 1.32412 0.994498 -14.6976 
v 1.24246 1.03111 -14.6637 
v 1.32412 0.817721 -14.6976 
v 1.35795 0.90611 -14.7116 
v 1.08819 1.02575 -15.0507 
v 1.02569 1.06236 -14.9882 
v 1.08819 0.848972 -15.0507 
v 1.11408 0.93736 -15.0766 
v 0.701268 0.84361 -15.2049 
v -0.064099 1.40611 -15.2049 
v -0.064099 1.65611 -15.2049 
v -0.326022 1.47397 -14.9257 
v -0.605295 1.46861 -14.6637 
v -0.300133 1.56236 -14.8998 
v -0.326022 1.65075 -14.9257 
v -0.605295 1.71861 -14.6637 
v -0.523635 1.50522 -14.6299 
v -0.681415 1.49986 -14.2811 
v -0.523635 1.682 -14.6299 
v -0.48981 1.59361 -14.6159 
v -0.593027 1.53647 -14.2811 
v -0.605294 1.53111 -13.8984 
v -0.593027 1.71325 -14.2811 
v -0.681415 1.74986 -14.2811 
v -0.556415 1.62486 -14.2811 
v -0.523634 1.56772 -13.9322 
v -0.489809 1.65611 -13.9462 
v -0.523634 1.7445 -13.9322 
v -0.326022 1.77575 -13.6365 
v -0.300133 1.68736 -13.6623 
v -0.0640971 1.84361 -13.3572 
v -0.326022 1.59897 -13.6365 
v -0.0640984 0.90611 -15.2049 
v -0.300134 1.06236 -14.8998 
v -0.326022 0.973972 -14.9257 
v -0.605295 0.96861 -14.6637 
v -0.326022 1.15075 -14.9257 
v -0.388522 1.18736 -14.9882 
v -0.605295 1.21861 -14.6637 
v -0.523635 1.00522 -14.6299 
v -0.681415 0.99986 -14.2811 
v -0.523635 1.182 -14.6299 
v -0.681415 1.24986 -14.2811 
v -0.48981 1.09361 -14.6159 
v -0.593027 1.03647 -14.2811 
v -0.605294 1.03111 -13.8984 
v -0.556415 1.12486 -14.2811 
v -0.523634 1.06772 -13.9322 
v -0.593027 1.21325 -14.2811 
v -0.48981 1.15611 -13.9462 
v -0.523634 1.2445 -13.9322 
v -0.605294 1.28111 -13.8984 
v -0.326021 1.09897 -13.6365 
v -0.300133 1.18736 -13.6623 
v -0.326021 1.27575 -13.6365 
v -0.523634 0.244498 -13.9322 
v -0.593027 0.213248 -14.2811 
v -0.681415 0.24986 -14.2811 
v -0.48981 0.15611 -13.9462 
v -0.556415 0.12486 -14.2811 
v -0.326022 0.275748 -13.6365 
v -0.523634 0.0677215 -13.9322 
v -0.300134 0.18736 -13.6623 
v -0.0640985 0.34361 -13.3572 
v -0.593027 0.0364716 -14.2811 
v -0.605295 0.0311099 -13.8984 
v -0.681415 -0.000140071 -14.2811 
v -0.326022 0.0989715 -13.6365 
v -0.0640985 0.0936098 -13.3572 
v -0.326022 0.650748 -14.9257 
v -0.388522 0.68736 -14.9882 
v -0.300134 0.56236 -14.8998 
v -0.326022 0.473972 -14.9257 
v -0.388522 0.43736 -14.9882 
v -0.523634 0.681998 -14.6299 
v -0.605295 0.71861 -14.6637 
v -0.523634 0.505222 -14.6299 
v -0.681415 0.49986 -14.2811 
v -0.681415 0.74986 -14.2811 
v -0.48981 0.59361 -14.6159 
v -0.593027 0.536471 -14.2811 
v -0.556415 0.62486 -14.2811 
v -0.593027 0.713248 -14.2811 
v -0.523634 0.567721 -13.9322 
v -0.388522 0.56236 -13.574 
v -0.48981 0.65611 -13.9462 
v -0.523634 0.744498 -13.9322 
v -0.388522 0.81236 -13.574 
v -0.300134 0.68736 -13.6623 
v -0.326022 0.598971 -13.6365 
v -0.326022 0.775748 -13.6365 
v -0.388523 2.43736 -14.9882 
v -0.388523 2.68736 -14.9882 
v -0.300134 2.56236 -14.8998 
v -0.326023 2.65075 -14.9257 
v -0.605295 2.71861 -14.6637 
v -0.523635 2.682 -14.6299 
v -0.681415 2.74986 -14.2811 
v -0.326023 2.47397 -14.9257 
v -0.523635 2.50522 -14.6299 
v -0.681415 2.49986 -14.2811 
v -0.48981 2.59361 -14.6159 
v -0.593027 2.53647 -14.2811 
v -0.605294 2.53111 -13.8984 
v -0.556415 2.62486 -14.2811 
v -0.523634 2.56772 -13.9322 
v -0.593027 2.71325 -14.2811 
v -0.48981 2.65611 -13.9462 
v -0.523634 2.7445 -13.9322 
v -0.326022 2.59897 -13.6365 
v -0.300134 2.68736 -13.6623 
v -0.326022 2.77575 -13.6365 
v -0.0640977 2.84361 -13.3572 
v -0.064099 2.90611 -15.2049 
v -0.064099 3.15611 -15.2049 
v -0.326023 2.97397 -14.9257 
v -0.300135 3.06236 -14.8998 
v -0.326023 3.15075 -14.9257 
v -0.605296 3.21861 -14.6637 
v -0.523635 3.00522 -14.6299 
v -0.681415 2.99986 -14.2811 
v -0.593027 3.03647 -14.2811 
v -0.489811 3.09361 -14.6159 
v -0.556415 3.12486 -14.2811 
v -0.523635 3.182 -14.6299 
v -0.593027 3.21325 -14.2811 
v 1.1608 1.9945 -14.6299 
v 1.31858 1.99986 -14.2811 
v 1.24246 2.03111 -14.6637 
v 1.02569 2.06236 -14.9882 
v 0.701268 1.84361 -15.2049 
v 0.937303 1.93736 -14.8998 
v 1.12698 1.90611 -14.6159 
v 0.963192 2.02575 -14.9257 
v 0.701268 2.09361 -15.2049 
v 0.667443 2.057 -15.1233 
v 0.653432 1.96861 -15.0895 
v -0.0640996 1.90611 -15.2049 
v 0.318585 2.08825 -15.1927 
v 0.318585 2.12486 -15.2811 
v 0.318585 1.99986 -15.1561 
v -0.0640996 2.15611 -15.2049 
v -0.0162641 2.03111 -15.0895 
v -0.0302748 2.1195 -15.1233 
v -0.326022 2.15075 -14.9257 
v -0.388522 2.18736 -14.9882 
v -0.300134 2.06236 -14.8998 
v -0.605295 2.21861 -14.6637 
v -0.523635 2.182 -14.6299 
v -0.48981 2.09361 -14.6159 
v -0.556415 2.12486 -14.2811 
v -0.593027 2.21325 -14.2811 
v -0.681415 2.24986 -14.2811 
v -0.523634 2.2445 -13.9322 
v -0.605295 2.28111 -13.8984 
v -0.388521 2.31236 -13.574 
v -0.300133 2.18736 -13.6623 
v -0.326021 2.27575 -13.6365 
v -0.0640983 2.34361 -13.3572 
v -0.0302736 2.307 -13.4388 
v 0.318586 2.37486 -13.2811 
v 0.318586 2.24986 -13.4061 
v 0.318586 2.33825 -13.3694 
v 0.653433 2.28111 -13.4727 
v 0.667444 2.3695 -13.4388 
v 0.701269 2.40611 -13.3572 
v 0.937304 2.31236 -13.6623 
v 0.963193 2.40075 -13.6365 
v 1.02569 2.43736 -13.574 
v 1.24246 2.46861 -13.8984 
v 1.12698 2.34361 -13.9462 
v 1.24246 2.28111 -14.6637 
v 1.1608 2.432 -13.9322 
v 1.2302 2.46325 -14.2811 
v 1.31858 2.49986 -14.2811 
v 1.24246 2.53111 -14.6637 
v 1.12698 2.40611 -14.6159 
v 1.1608 2.4945 -14.6299 
v 1.35795 2.40611 -14.7116 
v 1.08819 2.52575 -15.0507 
v 1.32412 2.4945 -14.6976 
v 1.02569 2.56236 -14.9882 
v 1.11408 2.43736 -15.0766 
v 0.749102 2.46861 -15.3204 
v 0.735092 2.557 -15.2866 
v 0.701267 2.59361 -15.2049 
v 0.318584 2.49986 -15.4061 
v 0.318584 2.58825 -15.3694 
v 0.318584 2.62486 -15.2811 
v -0.0640984 2.65611 -15.2049 
v -0.0979232 2.6195 -15.2866 
v -0.111934 2.53111 -15.3204 
v -0.388523 2.43736 -14.9882 
v -0.451023 2.65075 -15.0507 
v -0.388523 2.68736 -14.9882 
v -0.605295 2.71861 -14.6637 
v -0.72078 2.59361 -14.7116 
v -0.686955 2.682 -14.6976 
v -0.806415 2.62486 -14.2811 
v -0.605294 2.53111 -13.8984 
v -0.769804 2.71325 -14.2811 
v -0.681415 2.74986 -14.2811 
v -0.605294 2.78111 -13.8984 
v -0.686955 2.7445 -13.8646 
v -0.388522 2.81236 -13.574 
v -0.720779 2.65611 -13.8505 
v -0.451022 2.77575 -13.5115 
v -0.0640977 2.84361 -13.3572 
v -0.47691 2.68736 -13.4856 
v -0.111933 2.71861 -13.2417 
v -0.0979224 2.807 -13.2755 
v 0.318587 2.87486 -13.2811 
v 0.318587 2.62486 -13.2811 
v 0.318587 2.74986 -13.1561 
v 0.318587 2.83825 -13.1927 
v 0.735092 2.8695 -13.2755 
v 0.701268 2.90611 -13.3572 
v 1.08819 2.90075 -13.5115 
v 0.749103 2.78111 -13.2417 
v 1.11408 2.81236 -13.4856 
v 1.02569 2.93736 -13.574 
v 1.35795 2.84361 -13.8505 
v 1.32413 2.932 -13.8646 
v 1.24247 2.96861 -13.8984 
v 1.44358 2.87486 -14.2811 
v 1.31858 2.74986 -14.2811 
v 1.40697 2.96325 -14.2811 
v 1.31858 2.99986 -14.2811 
v 1.24246 3.03111 -14.6637 
v 1.35795 2.90611 -14.7116 
v 1.32412 2.9945 -14.6976 
v 1.08819 3.02575 -15.0507 
v 1.02569 3.06236 -14.9882 
v 1.11408 2.93736 -15.0766 
v 0.749102 2.96861 -15.3204 
v 0.735091 3.057 -15.2866 
v 0.701266 3.09361 -15.2049 
v 0.318585 3.12486 -15.2811 
v 0.701266 2.84361 -15.2049 
v 0.318586 3.08825 -15.3694 
v -0.064099 3.15611 -15.2049 
v 0.318586 2.99986 -15.4061 
v -0.0979239 3.1195 -15.2866 
v -0.388523 3.18736 -14.9882 
v -0.064099 2.90611 -15.2049 
v -0.451023 3.15075 -15.0507 
v -0.605296 3.21861 -14.6637 
v -0.111935 3.03111 -15.3204 
v -0.476912 3.06236 -15.0766 
v -0.686956 3.182 -14.6976 
v -0.720781 3.09361 -14.7116 
v -0.681415 3.24986 -14.2811 
v -0.769804 3.21325 -14.2811 
v -0.681415 -0.000140071 -14.2811 
v -0.681415 0.24986 -14.2811 
v -0.769804 0.213248 -14.2811 
v -0.686955 0.244498 -13.8646 
v -0.605295 0.28111 -13.8984 
v -0.388522 0.31236 -13.574 
v -0.72078 0.15611 -13.8505 
v -0.451022 0.275748 -13.5115 
v -0.0979233 0.306998 -13.2755 
v -0.0640985 0.34361 -13.3572 
v -0.47691 0.18736 -13.4856 
v 0.318585 0.37486 -13.2811 
v -0.111934 0.21861 -13.2417 
v 0.318585 0.24986 -13.1561 
v 0.318585 0.338248 -13.1927 
v 0.701268 0.40611 -13.3572 
v 0.735093 0.369498 -13.2755 
v 0.749104 0.28111 -13.2417 
v 1.02569 0.18736 -13.574 
v 1.08819 0.400748 -13.5115 
v 1.02569 0.43736 -13.574 
v 1.24246 0.46861 -13.8984 
v 1.35795 0.34361 -13.8505 
v 1.32412 0.431998 -13.8646 
v 1.44358 0.37486 -14.2811 
v 1.40697 0.463248 -14.2811 
v 1.31858 0.49986 -14.2811 
v 1.32412 0.494498 -14.6976 
v 1.24246 0.53111 -14.6637 
v 1.35795 0.40611 -14.7116 
v 1.08819 0.525748 -15.0507 
v 1.02569 0.56236 -14.9882 
v 0.701268 0.59361 -15.2049 
v 0.749103 0.46861 -15.3204 
v 0.735093 0.556998 -15.2866 
v 0.318585 0.49986 -15.4061 
v 0.318585 0.588248 -15.3694 
v 0.318585 0.62486 -15.2811 
v 0.318585 0.37486 -15.2811 
v -0.0979235 0.619498 -15.2866 
v -0.0640987 0.65611 -15.2049 
v -0.111934 0.53111 -15.3204 
v -0.451022 0.650748 -15.0507 
v -0.388522 0.68736 -14.9882 
v -0.605295 0.71861 -14.6637 
v -0.72078 0.59361 -14.7116 
v -0.686955 0.681998 -14.6976 
v -0.806415 0.62486 -14.2811 
v -0.769804 0.713248 -14.2811 
v -0.681415 0.74986 -14.2811 
v -0.605294 0.78111 -13.8984 
v -0.681415 0.49986 -14.2811 
v -0.686955 0.744498 -13.8646 
v -0.451022 0.775748 -13.5115 
v -0.388522 0.81236 -13.574 
v -0.720779 0.65611 -13.8505 
v -0.0640984 0.84361 -13.3572 
v -0.111934 0.71861 -13.2417 
v -0.0979231 0.806998 -13.2755 
v 0.318585 0.74986 -13.1561 
v 0.318585 0.838248 -13.1927 
v 0.749104 1.28111 -13.2417 
v 1.11408 1.31236 -13.4856 
v 1.08819 1.40075 -13.5115 
v 1.02569 1.43736 -13.574 
v 0.701269 1.40611 -13.3572 
v 1.35795 1.34361 -13.8505 
v 1.32412 1.432 -13.8646 
v 1.24246 1.46861 -13.8984 
v 1.44358 1.37486 -14.2811 
v 1.40697 1.46325 -14.2811 
v 1.31858 1.49986 -14.2811 
v 1.32412 1.4945 -14.6976 
v 1.24246 1.53111 -14.6637 
v 1.08819 1.52575 -15.0507 
v 1.02569 1.56236 -14.9882 
v 0.701268 1.59361 -15.2049 
v 0.749104 1.46861 -15.3204 
v 0.735093 1.557 -15.2866 
v 0.318583 1.49986 -15.4061 
v 0.318583 1.58825 -15.3694 
v 0.318584 1.62486 -15.2811 
v -0.0979238 1.6195 -15.2866 
v -0.064099 1.65611 -15.2049 
v -0.388522 1.68736 -14.9882 
v -0.451022 1.65075 -15.0507 
v -0.605295 1.71861 -14.6637 
v -0.111934 1.53111 -15.3204 
v -0.47691 1.56236 -15.0766 
v -0.72078 1.59361 -14.7116 
v -0.686955 1.682 -14.6976 
v -0.681415 1.74986 -14.2811 
v -0.605294 1.53111 -13.8984 
v -0.806415 1.62486 -14.2811 
v -0.769804 1.71325 -14.2811 
v -0.605294 1.78111 -13.8984 
v -0.686954 1.7445 -13.8645 
v -0.388522 1.81236 -13.574 
v -0.720779 1.65611 -13.8505 
v -0.451022 1.77575 -13.5115 
v -0.47691 1.68736 -13.4856 
v -0.111932 1.71861 -13.2417 
v -0.0979218 1.807 -13.2755 
v -0.0640971 1.84361 -13.3572 
v 0.318586 1.74986 -13.1561 
v 0.318586 1.83825 -13.1927 
v 0.318586 1.87486 -13.2811 
v 0.735093 1.8695 -13.2755 
v 0.701268 1.90611 -13.3572 
v 1.08819 1.90075 -13.5115 
v 1.02569 1.93736 -13.574 
v 1.24246 1.96861 -13.8984 
v 1.35795 1.84361 -13.8505 
v 1.32412 1.932 -13.8646 
v 1.44358 1.87486 -14.2811 
v 1.24246 1.78111 -14.6637 
v 1.40697 1.96325 -14.2811 
v 1.31858 1.99986 -14.2811 
v 1.24246 2.03111 -14.6637 
v 1.32412 1.9945 -14.6976 
v 1.02569 2.06236 -14.9882 
v 1.35795 1.90611 -14.7116 
v 0.701268 1.84361 -15.2049 
v 1.08819 2.02575 -15.0507 
v 0.701268 2.09361 -15.2049 
v 1.11408 1.93736 -15.0766 
v 0.749103 1.96861 -15.3204 
v 0.735092 2.057 -15.2866 
v 0.318585 2.12486 -15.2811 
v 0.318585 1.99986 -15.4061 
v 0.318585 2.08825 -15.3694 
v -0.0640996 2.15611 -15.2049 
v -0.0979245 2.1195 -15.2866 
v -0.388522 2.18736 -14.9882 
v -0.111935 2.03111 -15.3204 
v -0.451022 2.15075 -15.0507 
v -0.476911 2.06236 -15.0766 
v -0.72078 2.09361 -14.7116 
v -0.686955 2.182 -14.6976 
v -0.605295 2.21861 -14.6637 
v -0.806415 2.12486 -14.2811 
v -0.769804 2.21325 -14.2811 
v -0.681415 2.24986 -14.2811 
v -0.686955 2.2445 -13.8646 
v -0.605295 2.28111 -13.8984 
v -0.451021 2.27575 -13.5115 
v -0.388521 2.31236 -13.574 
v -0.0640983 2.34361 -13.3572 
v -0.111934 2.21861 -13.2417 
v -0.0979231 2.307 -13.2755 
v 0.318586 2.24986 -13.1561 
v 0.701269 2.15611 -13.3572 
v 0.318586 2.33825 -13.1927 
v 0.318586 2.37486 -13.2811 
v 0.701269 2.40611 -13.3572 
v 0.735094 2.3695 -13.2755 
v 1.02569 2.43736 -13.574 
v 0.749104 2.28111 -13.2417 
v 1.08819 2.40075 -13.5115 
v 1.24246 2.46861 -13.8984 
v 1.11408 2.31236 -13.4856 
v 1.35795 2.34361 -13.8505 
v 1.32413 2.432 -13.8646 
v 1.31858 2.49986 -14.2811 
v 1.24246 2.28111 -14.6637 
v 1.44358 2.37486 -14.2811 
v 1.40697 2.46325 -14.2811 
v 1.24246 2.53111 -14.6637 
v 0.318585 0.87486 -13.2811 
v 0.735094 0.869498 -13.2755 
v 0.701269 0.90611 -13.3572 
v 1.02569 0.93736 -13.574 
v 0.701269 0.65611 -13.3572 
v 1.08819 0.900748 -13.5115 
v 1.24246 0.96861 -13.8984 
v 0.749104 0.78111 -13.2417 
v 1.11408 0.81236 -13.4856 
v 1.35795 0.84361 -13.8505 
v 1.32412 0.931998 -13.8646 
v 1.44358 0.87486 -14.2811 
v 1.40697 0.963248 -14.2811 
v 1.31858 0.99986 -14.2811 
v 1.32412 0.994498 -14.6976 
v 1.24246 1.03111 -14.6637 
v 1.35795 0.90611 -14.7116 
v 1.08819 1.02575 -15.0507 
v 1.02569 1.06236 -14.9882 
v 1.11408 0.93736 -15.0766 
v 0.735093 1.057 -15.2866 
v 0.749103 0.96861 -15.3204 
v 0.701268 1.09361 -15.2049 
v 0.701268 0.84361 -15.2049 
v 0.318584 1.08825 -15.3694 
v 0.318584 1.12486 -15.2811 
v 0.318584 0.99986 -15.4061 
v -0.0979232 1.1195 -15.2866 
v -0.0640984 1.15611 -15.2049 
v -0.111934 1.03111 -15.3204 
v -0.451022 1.15075 -15.0507 
v -0.388522 1.18736 -14.9882 
v -0.47691 1.06236 -15.0766 
v -0.72078 1.09361 -14.7116 
v -0.686955 1.182 -14.6976 
v -0.605295 1.21861 -14.6637 
v -0.769804 1.21325 -14.2811 
v -0.681415 1.24986 -14.2811 
v -0.806415 1.12486 -14.2811 
v -0.605294 1.03111 -13.8984 
v -0.686955 1.2445 -13.8646 
v -0.605294 1.28111 -13.8984 
v -0.388521 1.31236 -13.574 
v -0.720779 1.15611 -13.8505 
v -0.451021 1.27575 -13.5115 
v -0.0640977 1.34361 -13.3572 
v -0.47691 1.18736 -13.4856 
v -0.111933 1.21861 -13.2417 
v -0.0979224 1.307 -13.2755 
v 0.318585 1.37486 -13.2811 
v 0.318585 1.12486 -13.2811 
v 0.318585 1.33825 -13.1927 
v 0.735093 1.3695 -13.2755 
v 1.1608 1.4945 -14.6299 
v 1.31858 1.49986 -14.2811 
v 1.24246 1.53111 -14.6637 
v 1.02569 1.56236 -14.9882 
v 0.937303 1.43736 -14.8998 
v 1.12698 1.40611 -14.6159 
v 0.963191 1.52575 -14.9257 
v 0.701268 1.59361 -15.2049 
v 0.667443 1.557 -15.1233 
v 0.318584 1.62486 -15.2811 
v 1.02569 1.31236 -14.9882 
v 0.318584 1.49986 -15.1561 
v 0.318584 1.58825 -15.1927 
v -0.0162635 1.53111 -15.0895 
v -0.0302742 1.6195 -15.1233 
v -0.064099 1.65611 -15.2049 
v -0.388522 1.68736 -14.9882 
v -0.300133 1.56236 -14.8998 
v -0.326022 1.65075 -14.9257 
v -0.605295 1.71861 -14.6637 
v -0.523635 1.682 -14.6299 
v -0.48981 1.59361 -14.6159 
v -0.605294 1.53111 -13.8984 
v -0.593027 1.71325 -14.2811 
v -0.681415 1.74986 -14.2811 
v -0.556415 1.62486 -14.2811 
v -0.605294 1.78111 -13.8984 
v -0.489809 1.65611 -13.9462 
v -0.523634 1.7445 -13.9322 
v -0.326022 1.77575 -13.6365 
v -0.388522 1.81236 -13.574 
v -0.300133 1.68736 -13.6623 
v -0.0640971 1.84361 -13.3572 
v -0.0302725 1.807 -13.4388 
v -0.0162619 1.71861 -13.4727 
v 0.318586 1.74986 -13.4061 
v 1.02569 1.68736 -13.574 
v 0.318586 1.83825 -13.3694 
v 0.318586 1.87486 -13.2811 
v 0.667444 1.8695 -13.4388 
v 0.701268 1.90611 -13.3572 
v 1.02569 1.93736 -13.574 
v 0.937304 1.81236 -13.6623 
v 0.963192 1.90075 -13.6365 
v 1.24246 1.96861 -13.8984 
v 1.1608 1.932 -13.9322 
v 1.19358 1.87486 -14.2811 
v 1.2302 1.96325 -14.2811 
v 1.1608 0.931998 -13.9322 
v 1.19358 0.87486 -14.2811 
v 1.31858 0.99986 -14.2811 
v 1.2302 0.963248 -14.2811 
v 1.1608 0.994498 -14.6299 
v 1.24246 1.03111 -14.6637 
v 1.12698 0.90611 -14.6159 
v 0.963192 1.02575 -14.9257 
v 1.02569 1.06236 -14.9882 
v 0.937303 0.93736 -14.8998 
v 0.667443 1.057 -15.1233 
v 0.701268 1.09361 -15.2049 
v 0.701268 0.84361 -15.2049 
v 0.318584 1.08825 -15.1927 
v 0.318584 1.12486 -15.2811 
v -0.016263 1.03111 -15.0895 
v -0.0302736 1.1195 -15.1233 
v -0.0640984 1.15611 -15.2049 
v -0.300134 1.06236 -14.8998 
v -0.605295 0.96861 -14.6637 
v -0.326022 1.15075 -14.9257 
v -0.388522 1.18736 -14.9882 
v -0.605295 1.21861 -14.6637 
v -0.523635 1.182 -14.6299 
v -0.681415 1.24986 -14.2811 
v -0.605294 1.03111 -13.8984 
v -0.556415 1.12486 -14.2811 
v -0.593027 1.21325 -14.2811 
v -0.48981 1.15611 -13.9462 
v -0.523634 1.2445 -13.9322 
v -0.605294 1.28111 -13.8984 
v -0.388521 1.31236 -13.574 
v -0.300133 1.18736 -13.6623 
v -0.326021 1.27575 -13.6365 
v -0.0640977 1.34361 -13.3572 
v 0.318585 1.12486 -13.2811 
v -0.0302731 1.307 -13.4388 
v -0.0162624 1.21861 -13.4727 
v 0.318585 1.24986 -13.4061 
v 0.318585 1.33825 -13.3694 
v 0.318585 1.37486 -13.2811 
v 0.653433 1.28111 -13.4727 
v 0.667444 1.3695 -13.4388 
v 0.701269 1.40611 -13.3572 
v 0.937304 1.31236 -13.6623 
v 0.963192 1.40075 -13.6365 
v 1.02569 1.43736 -13.574 
v 1.1608 1.432 -13.9322 
v 1.24246 1.46861 -13.8984 
v 1.2302 1.46325 -14.2811 
v -0.523634 0.244498 -13.9322 
v -0.593027 0.213248 -14.2811 
v -0.605295 0.28111 -13.8984 
v -0.681415 0.24986 -14.2811 
v -0.388522 0.31236 -13.574 
v -0.556415 0.12486 -14.2811 
v -0.326022 0.275748 -13.6365 
v -0.300134 0.18736 -13.6623 
v -0.0302738 0.306998 -13.4388 
v -0.0640985 0.34361 -13.3572 
v -0.681415 -0.000140071 -14.2811 
v 1.02569 0.18736 -13.574 
v 0.318585 0.338248 -13.3694 
v 0.318585 0.37486 -13.2811 
v 0.701268 0.40611 -13.3572 
v 0.667444 0.369498 -13.4388 
v 1.02569 0.43736 -13.574 
v 0.937303 0.31236 -13.6623 
v 0.963192 0.400748 -13.6365 
v 1.1608 0.431998 -13.9322 
v 1.24246 0.46861 -13.8984 
v 1.31858 0.24986 -14.2811 
v 1.31858 0.49986 -14.2811 
v 1.12698 0.34361 -13.9462 
v 1.2302 0.286471 -14.2811 
v 1.2302 0.463248 -14.2811 
v 1.24246 0.53111 -14.6637 
v 1.1608 0.494498 -14.6299 
v 1.02569 0.56236 -14.9882 
v 0.318585 0.37486 -15.2811 
v 0.963192 0.525748 -14.9257 
v 0.667443 0.556998 -15.1233 
v 0.701268 0.59361 -15.2049 
v 0.653433 0.46861 -15.0895 
v 0.318585 0.62486 -15.2811 
v 0.318585 0.49986 -15.1561 
v 0.318585 0.588248 -15.1927 
v -0.0302739 0.619498 -15.1233 
v -0.0640987 0.65611 -15.2049 
v -0.0162632 0.53111 -15.0895 
v -0.326022 0.650748 -14.9257 
v -0.388522 0.68736 -14.9882 
v -0.300134 0.56236 -14.8998 
v -0.523634 0.681998 -14.6299 
v -0.605295 0.71861 -14.6637 
v -0.681415 0.49986 -14.2811 
v -0.681415 0.74986 -14.2811 
v -0.593027 0.713248 -14.2811 
v -0.605294 0.78111 -13.8984 
v -0.523634 0.744498 -13.9322 
v -0.388522 0.81236 -13.574 
v -0.300134 0.68736 -13.6623 
v -0.326022 0.775748 -13.6365 
v -0.0302736 0.806998 -13.4388 
v -0.0640984 0.84361 -13.3572 
v -0.0162629 0.71861 -13.4727 
v 0.318585 0.87486 -13.2811 
v 0.701269 0.65611 -13.3572 
v 0.318585 0.74986 -13.4061 
v 0.318585 0.838248 -13.3694 
v 0.653433 0.78111 -13.4727 
v 0.667444 0.869498 -13.4388 
v 0.701269 0.90611 -13.3572 
v 1.02569 0.93736 -13.574 
v 0.937304 0.81236 -13.6623 
v 0.963192 0.900748 -13.6365 
v 1.24246 0.96861 -13.8984 
v 0.963192 2.52575 -14.9257 
v 1.02569 2.56236 -14.9882 
v 0.937303 2.43736 -14.8998 
v 0.701267 2.59361 -15.2049 
v 0.667442 2.557 -15.1233 
v 0.653432 2.46861 -15.0895 
v -0.388523 2.43736 -14.9882 
v 0.318584 2.58825 -15.1927 
v 0.318584 2.62486 -15.2811 
v -0.0302737 2.6195 -15.1233 
v -0.0640984 2.65611 -15.2049 
v -0.388523 2.68736 -14.9882 
v -0.300134 2.56236 -14.8998 
v -0.326023 2.65075 -14.9257 
v -0.605295 2.71861 -14.6637 
v -0.523635 2.682 -14.6299 
v -0.681415 2.74986 -14.2811 
v -0.605294 2.53111 -13.8984 
v -0.556415 2.62486 -14.2811 
v -0.593027 2.71325 -14.2811 
v -0.48981 2.65611 -13.9462 
v -0.523634 2.7445 -13.9322 
v -0.605294 2.78111 -13.8984 
v -0.388522 2.81236 -13.574 
v -0.300134 2.68736 -13.6623 
v -0.326022 2.77575 -13.6365 
v -0.0640977 2.84361 -13.3572 
v -0.030273 2.807 -13.4388 
v -0.0162624 2.71861 -13.4727 
v 0.318587 2.62486 -13.2811 
v 0.318587 2.83825 -13.3694 
v 0.318587 2.87486 -13.2811 
v 0.318587 2.74986 -13.4061 
v 0.701268 2.90611 -13.3572 
v 0.667443 2.8695 -13.4388 
v 1.02569 2.93736 -13.574 
v 0.937304 2.81236 -13.6623 
v 1.31858 2.74986 -14.2811 
v 0.963192 2.90075 -13.6365 
v 1.1608 2.932 -13.9322 
v 1.24247 2.96861 -13.8984 
v 1.12698 2.84361 -13.9462 
v 1.19358 2.87486 -14.2811 
v 1.2302 2.96325 -14.2811 
v 1.31858 2.99986 -14.2811 
v 1.1608 2.9945 -14.6299 
v 1.24246 3.03111 -14.6637 
v 1.02569 3.06236 -14.9882 
v 0.937303 2.93736 -14.8998 
v 0.963191 3.02575 -14.9257 
v 0.701266 3.09361 -15.2049 
v 0.667442 3.057 -15.1233 
v 0.653431 2.96861 -15.0895 
v -0.064099 2.90611 -15.2049 
v 0.318585 2.99986 -15.1561 
v 0.318585 3.08825 -15.1927 
v 0.318585 3.12486 -15.2811 
v -0.0302742 3.1195 -15.1233 
v -0.064099 3.15611 -15.2049 
v -0.388523 3.18736 -14.9882 
v -0.300135 3.06236 -14.8998 
v -0.326023 3.15075 -14.9257 
v -0.605296 3.21861 -14.6637 
v -0.523635 3.182 -14.6299 
v -0.593027 3.21325 -14.2811 
v -0.681415 3.24986 -14.2811 
v 0.963192 1.84897 -14.9257 
v 0.701268 1.84361 -15.2049 
v 0.937303 1.93736 -14.8998 
v 0.963192 2.02575 -14.9257 
v 0.701268 2.09361 -15.2049 
v 0.667443 1.88022 -15.1233 
v 0.318585 1.87486 -15.2811 
v 0.667443 2.057 -15.1233 
v 0.653432 1.96861 -15.0895 
v 0.318585 1.91147 -15.1927 
v -0.0640996 1.90611 -15.2049 
v 0.318585 2.08825 -15.1927 
v 0.318585 2.12486 -15.2811 
v 0.318585 1.99986 -15.1561 
v -0.0302748 1.94272 -15.1233 
v -0.0162641 2.03111 -15.0895 
v -0.0302748 2.1195 -15.1233 
v -0.326022 2.15075 -14.9257 
v -0.300134 2.06236 -14.8998 
v -0.605295 2.21861 -14.6637 
v -0.326022 1.97397 -14.9257 
v 1.24246 2.28111 -14.6637 
v -0.451022 2.59897 -13.5115 
v -0.451022 2.77575 -13.5115 
v -0.0640977 2.84361 -13.3572 
v -0.47691 2.68736 -13.4856 
v -0.0640977 2.59361 -13.3572 
v -0.111933 2.71861 -13.2417 
v -0.0979224 2.807 -13.2755 
v 0.318587 2.87486 -13.2811 
v -0.0979224 2.63022 -13.2755 
v 0.318587 2.62486 -13.2811 
v 0.318587 2.74986 -13.1561 
v 0.318587 2.83825 -13.1927 
v 0.735092 2.8695 -13.2755 
v 0.701268 2.90611 -13.3572 
v 0.318587 2.66147 -13.1927 
v 1.08819 2.90075 -13.5115 
v 0.735092 2.69272 -13.2755 
v 0.749103 2.78111 -13.2417 
v 1.08819 2.72397 -13.5115 
v 1.11408 2.81236 -13.4856 
v -0.681415 2.99986 -14.2811 
v -0.806415 3.12486 -14.2811 
v -0.681415 3.24986 -14.2811 
v -0.769804 3.03647 -14.2811 
v -0.769804 3.21325 -14.2811 
v -0.556415 3.12486 -14.2811 
v -0.593027 3.21325 -14.2811 
v -0.593027 3.03647 -14.2811 
v -0.451022 0.275748 -13.5115 
v -0.0979233 0.306998 -13.2755 
v -0.0640985 0.34361 -13.3572 
v -0.47691 0.18736 -13.4856 
v 0.318585 0.37486 -13.2811 
v -0.451022 0.0989715 -13.5115 
v -0.111934 0.21861 -13.2417 
v -0.0979233 0.130221 -13.2755 
v -0.0640985 0.0936098 -13.3572 
v 0.318585 0.24986 -13.1561 
v 0.318585 0.161471 -13.1927 
v 0.318585 0.338248 -13.1927 
v 0.701268 0.40611 -13.3572 
v 0.735093 0.192721 -13.2755 
v 0.735093 0.369498 -13.2755 
v 0.749104 0.28111 -13.2417 
v 1.08819 0.223971 -13.5115 
v 1.02569 0.18736 -13.574 
v 1.08819 0.400748 -13.5115 
v 1.11408 0.31236 -13.4856 
v -0.451022 0.775748 -13.5115 
v -0.388522 0.81236 -13.574 
v -0.720779 0.65611 -13.8505 
v -0.451022 0.598971 -13.5115 
v -0.388522 0.56236 -13.574 
v -0.47691 0.68736 -13.4856 
v -0.0640984 0.59361 -13.3572 
v -0.111934 0.71861 -13.2417 
v -0.0979231 0.806998 -13.2755 
v -0.0979231 0.630221 -13.2755 
v 0.318585 0.62486 -13.2811 
v 0.318585 0.74986 -13.1561 
v 0.318585 0.838248 -13.1927 
v 1.08819 1.22397 -13.5115 
v 0.735093 1.19272 -13.2755 
v 0.749104 1.28111 -13.2417 
v 1.11408 1.31236 -13.4856 
v 1.08819 1.40075 -13.5115 
v 0.701269 1.40611 -13.3572 
v -0.451022 1.59897 -13.5115 
v -0.451022 1.77575 -13.5115 
v -0.47691 1.68736 -13.4856 
v -0.0979218 1.63022 -13.2755 
v -0.0640971 1.59361 -13.3572 
v -0.111932 1.71861 -13.2417 
v -0.0979218 1.807 -13.2755 
v -0.0640971 1.84361 -13.3572 
v 0.318586 1.66147 -13.1927 
v 0.318586 1.62486 -13.2811 
v 0.318586 1.74986 -13.1561 
v 0.318586 1.83825 -13.1927 
v 0.318586 1.87486 -13.2811 
v 0.735093 1.69272 -13.2755 
v 0.701268 1.65611 -13.3572 
v 0.735093 1.8695 -13.2755 
v 0.701268 1.90611 -13.3572 
v 0.749104 1.78111 -13.2417 
v 1.08819 1.72397 -13.5115 
v 1.02569 1.68736 -13.574 
v 1.08819 1.90075 -13.5115 
v 1.02569 1.93736 -13.574 
v 1.11408 1.81236 -13.4856 
v 1.35795 1.84361 -13.8505 
v -0.451021 2.09897 -13.5115 
v -0.388521 2.06236 -13.574 
v -0.0640983 2.09361 -13.3572 
v -0.451021 2.27575 -13.5115 
v -0.388521 2.31236 -13.574 
v -0.476909 2.18736 -13.4856 
v -0.111934 2.21861 -13.2417 
v -0.0979231 2.13022 -13.2755 
v 0.318586 2.12486 -13.2811 
v -0.0979231 2.307 -13.2755 
v 0.318586 2.24986 -13.1561 
v 0.318586 2.16147 -13.1927 
v 0.701269 2.15611 -13.3572 
v 0.318586 2.33825 -13.1927 
v 0.318586 2.37486 -13.2811 
v 0.701269 2.40611 -13.3572 
v 0.735094 2.19272 -13.2755 
v 0.735094 2.3695 -13.2755 
v 0.749104 2.28111 -13.2417 
v 1.08819 2.22397 -13.5115 
v 1.08819 2.40075 -13.5115 
v 1.11408 2.31236 -13.4856 
v 0.318585 0.87486 -13.2811 
v 0.735094 0.869498 -13.2755 
v 0.701269 0.90611 -13.3572 
v 0.318585 0.661471 -13.1927 
v 0.701269 0.65611 -13.3572 
v 0.735094 0.692721 -13.2755 
v 1.08819 0.900748 -13.5115 
v 1.08819 0.723971 -13.5115 
v 0.749104 0.78111 -13.2417 
v 1.11408 0.81236 -13.4856 
v -0.451021 1.09897 -13.5115 
v -0.451021 1.27575 -13.5115 
v -0.47691 1.18736 -13.4856 
v -0.0640977 1.09361 -13.3572 
v -0.111933 1.21861 -13.2417 
v -0.0979224 1.307 -13.2755 
v 0.318585 1.37486 -13.2811 
v -0.0979224 1.13022 -13.2755 
v 0.318585 1.12486 -13.2811 
v 0.318585 1.24986 -13.1561 
v 0.318585 1.33825 -13.1927 
v 0.735093 1.3695 -13.2755 
v 0.318585 1.16147 -13.1927 
v 1.02569 1.56236 -14.9882 
v 0.937303 1.43736 -14.8998 
v 0.963191 1.52575 -14.9257 
v 0.701268 1.59361 -15.2049 
v 0.667443 1.557 -15.1233 
v 0.318584 1.62486 -15.2811 
v 0.963191 1.34897 -14.9257 
v 1.02569 1.31236 -14.9882 
v 0.667443 1.38022 -15.1233 
v 0.318584 1.37486 -15.2811 
v 0.653433 1.46861 -15.0895 
v 0.318584 1.41147 -15.1927 
v -0.064099 1.40611 -15.2049 
v 0.318584 1.49986 -15.1561 
v -0.0302742 1.44272 -15.1233 
v 0.318584 1.58825 -15.1927 
v -0.0162635 1.53111 -15.0895 
v -0.0302742 1.6195 -15.1233 
v -0.064099 1.65611 -15.2049 
v -0.326022 1.47397 -14.9257 
v -0.300133 1.56236 -14.8998 
v -0.326022 1.65075 -14.9257 
v 1.24246 1.78111 -14.6637 
v 1.24246 0.78111 -14.6637 
v 1.31858 0.74986 -14.2811 
v 1.19358 0.87486 -14.2811 
v 1.31858 0.99986 -14.2811 
v 0.963192 1.02575 -14.9257 
v 1.02569 1.06236 -14.9882 
v 0.937303 0.93736 -14.8998 
v 0.667443 1.057 -15.1233 
v 0.701268 1.09361 -15.2049 
v 0.963192 0.848972 -14.9257 
v 0.667443 0.880222 -15.1233 
v 0.701268 0.84361 -15.2049 
v 0.318584 0.87486 -15.2811 
v 0.653432 0.96861 -15.0895 
v 0.318584 0.911472 -15.1927 
v -0.0640984 0.90611 -15.2049 
v 0.318584 0.99986 -15.1561 
v 0.318584 1.08825 -15.1927 
v 0.318584 1.12486 -15.2811 
v -0.0302736 0.942722 -15.1233 
v -0.016263 1.03111 -15.0895 
v -0.0302736 1.1195 -15.1233 
v -0.300134 1.06236 -14.8998 
v -0.326022 0.973972 -14.9257 
v -0.605295 0.96861 -14.6637 
v -0.326022 1.15075 -14.9257 
v -0.388522 1.18736 -14.9882 
v -0.681415 0.24986 -14.2811 
v -0.556415 0.12486 -14.2811 
v -0.681415 -0.000140071 -14.2811 
v 1.02569 0.31236 -14.9882 
v 1.02569 0.56236 -14.9882 
v 0.937303 0.43736 -14.8998 
v 0.963192 0.348972 -14.9257 
v 0.667443 0.380222 -15.1233 
v 0.701268 0.34361 -15.2049 
v 0.963192 0.525748 -14.9257 
v 0.667443 0.556998 -15.1233 
v 0.701268 0.59361 -15.2049 
v 0.653433 0.46861 -15.0895 
v 0.318585 0.411472 -15.1927 
v -0.0640987 0.40611 -15.2049 
v 0.318585 0.49986 -15.1561 
v 0.318585 0.588248 -15.1927 
v -0.0302739 0.619498 -15.1233 
v -0.0162632 0.53111 -15.0895 
v -0.0302739 0.442722 -15.1233 
v -0.326022 0.650748 -14.9257 
v -0.388522 0.68736 -14.9882 
v -0.300134 0.56236 -14.8998 
v -0.326022 0.473972 -14.9257 
v -0.388522 0.43736 -14.9882 
v 0.963192 2.52575 -14.9257 
v 0.937303 2.43736 -14.8998 
v 0.701267 2.59361 -15.2049 
v 0.963192 2.34897 -14.9257 
v 0.701267 2.34361 -15.2049 
v 0.667442 2.38022 -15.1233 
v 0.318584 2.37486 -15.2811 
v 0.667442 2.557 -15.1233 
v 0.653432 2.46861 -15.0895 
v 0.318584 2.41147 -15.1927 
v -0.0302737 2.44272 -15.1233 
v -0.0640984 2.40611 -15.2049 
v 0.318584 2.49986 -15.1561 
v -0.388523 2.43736 -14.9882 
v 0.318584 2.58825 -15.1927 
v 0.318584 2.62486 -15.2811 
v -0.016263 2.53111 -15.0895 
v -0.0302737 2.6195 -15.1233 
v -0.388523 2.68736 -14.9882 
v -0.300134 2.56236 -14.8998 
v -0.326023 2.65075 -14.9257 
v -0.326023 2.47397 -14.9257 
v 0.937303 2.93736 -14.8998 
v 0.963191 3.02575 -14.9257 
v 0.701266 3.09361 -15.2049 
v 0.963191 2.84897 -14.9257 
v 0.701266 2.84361 -15.2049 
v 0.667442 2.88022 -15.1233 
v 0.667442 3.057 -15.1233 
v 0.653431 2.96861 -15.0895 
v 0.318585 2.91147 -15.1927 
v -0.064099 2.90611 -15.2049 
v 0.318585 2.99986 -15.1561 
v 0.318585 3.08825 -15.1927 
v 0.318585 3.12486 -15.2811 
v -0.0302742 2.94272 -15.1233 
v -0.0162635 3.03111 -15.0895 
v -0.0302742 3.1195 -15.1233 
v -0.064099 3.15611 -15.2049 
v -0.326023 2.97397 -14.9257 
v -0.300135 3.06236 -14.8998 
v -0.326023 3.15075 -14.9257 
v 1.1608 1.9945 -14.6299 
v 1.31858 1.99986 -14.2811 
v 1.1608 1.81772 -14.6299 
v 0.963192 1.84897 -14.9257 
v 0.701268 1.84361 -15.2049 
v 0.937303 1.93736 -14.8998 
v 1.12698 1.90611 -14.6159 
v 0.963192 2.02575 -14.9257 
v 0.701269 2.15611 -13.3572 
v 0.937304 2.31236 -13.6623 
v 0.963193 2.22397 -13.6365 
v 1.24246 2.21861 -13.8984 
v 0.963193 2.40075 -13.6365 
v 1.24246 2.46861 -13.8984 
v 1.1608 2.25522 -13.9322 
v 1.2302 2.28647 -14.2811 
v 1.31858 2.24986 -14.2811 
v 1.12698 2.34361 -13.9462 
v 1.24246 2.28111 -14.6637 
v 1.1608 2.432 -13.9322 
v 1.19358 2.37486 -14.2811 
v 1.2302 2.46325 -14.2811 
v 1.31858 2.49986 -14.2811 
v 1.1608 2.31772 -14.6299 
v 1.12698 2.40611 -14.6159 
v 1.1608 2.4945 -14.6299 
v -0.111934 2.53111 -15.3204 
v -0.451023 2.47397 -15.0507 
v -0.388523 2.43736 -14.9882 
v -0.605295 2.46861 -14.6637 
v -0.451023 2.65075 -15.0507 
v -0.388523 2.68736 -14.9882 
v -0.476911 2.56236 -15.0766 
v -0.72078 2.59361 -14.7116 
v -0.686955 2.50522 -14.6976 
v -0.681415 2.49986 -14.2811 
v -0.686955 2.682 -14.6976 
v -0.806415 2.62486 -14.2811 
v -0.769804 2.53647 -14.2811 
v -0.605294 2.53111 -13.8984 
v -0.769804 2.71325 -14.2811 
v -0.681415 2.74986 -14.2811 
v -0.605294 2.78111 -13.8984 
v -0.686955 2.56772 -13.8646 
v -0.686955 2.7445 -13.8646 
v -0.451022 2.59897 -13.5115 
v -0.720779 2.65611 -13.8505 
v -0.451022 2.77575 -13.5115 
v -0.47691 2.68736 -13.4856 
v -0.064099 2.90611 -15.2049 
v -0.451023 3.15075 -15.0507 
v -0.451023 2.97397 -15.0507 
v -0.605296 3.21861 -14.6637 
v -0.111935 3.03111 -15.3204 
v -0.476912 3.06236 -15.0766 
v -0.686956 3.182 -14.6976 
v -0.720781 3.09361 -14.7116 
v -0.686956 3.00522 -14.6976 
v -0.681415 2.99986 -14.2811 
v -0.806415 3.12486 -14.2811 
v -0.681415 3.24986 -14.2811 
v -0.769804 3.03647 -14.2811 
v -0.769804 3.21325 -14.2811 
v -0.593027 3.21325 -14.2811 
v -0.605295 0.0311099 -13.8984 
v -0.769804 0.0364716 -14.2811 
v -0.681415 -0.000140071 -14.2811 
v -0.806415 0.12486 -14.2811 
v -0.686955 0.0677215 -13.8646 
v -0.681415 0.24986 -14.2811 
v -0.769804 0.213248 -14.2811 
v -0.686955 0.244498 -13.8646 
v -0.72078 0.15611 -13.8505 
v -0.451022 0.275748 -13.5115 
v -0.47691 0.18736 -13.4856 
v -0.451022 0.0989715 -13.5115 
v -0.111934 0.53111 -15.3204 
v -0.451022 0.650748 -15.0507 
v -0.388522 0.68736 -14.9882 
v -0.451022 0.473972 -15.0507 
v -0.388522 0.43736 -14.9882 
v -0.605295 0.71861 -14.6637 
v -0.605295 0.46861 -14.6637 
v -0.47691 0.56236 -15.0766 
v -0.72078 0.59361 -14.7116 
v -0.686955 0.681998 -14.6976 
v -0.686955 0.505222 -14.6976 
v -0.806415 0.62486 -14.2811 
v -0.769804 0.713248 -14.2811 
v -0.681415 0.74986 -14.2811 
v -0.605294 0.78111 -13.8984 
v -0.769804 0.536471 -14.2811 
v -0.681415 0.49986 -14.2811 
v -0.686955 0.744498 -13.8646 
v -0.451022 0.775748 -13.5115 
v -0.388522 0.81236 -13.574 
v -0.720779 0.65611 -13.8505 
v -0.686955 0.567721 -13.8646 
v -0.451022 0.598971 -13.5115 
v -0.388522 0.56236 -13.574 
v -0.47691 0.68736 -13.4856 
v -0.111934 0.71861 -13.2417 
v -0.064099 1.40611 -15.2049 
v -0.064099 1.65611 -15.2049 
v -0.451022 1.47397 -15.0507 
v -0.451022 1.65075 -15.0507 
v -0.605295 1.46861 -14.6637 
v -0.605295 1.71861 -14.6637 
v -0.47691 1.56236 -15.0766 
v -0.686955 1.50522 -14.6976 
v -0.681415 1.49986 -14.2811 
v -0.72078 1.59361 -14.7116 
v -0.686955 1.682 -14.6976 
v -0.681415 1.74986 -14.2811 
v -0.769804 1.53647 -14.2811 
v -0.605294 1.53111 -13.8984 
v -0.806415 1.62486 -14.2811 
v -0.769804 1.71325 -14.2811 
v -0.605294 1.78111 -13.8984 
v -0.686954 1.56772 -13.8645 
v -0.686954 1.7445 -13.8645 
v -0.720779 1.65611 -13.8505 
v -0.451022 1.59897 -13.5115 
v -0.451022 1.77575 -13.5115 
v -0.47691 1.68736 -13.4856 
v 0.318585 2.12486 -15.2811 
v -0.451022 1.97397 -15.0507 
v -0.451022 2.15075 -15.0507 
v -0.476911 2.06236 -15.0766 
v -0.686955 2.00522 -14.6976 
v -0.605295 1.96861 -14.6637 
v -0.72078 2.09361 -14.7116 
v -0.686955 2.182 -14.6976 
v -0.605295 2.21861 -14.6637 
v -0.769804 2.03647 -14.2811 
v -0.681415 1.99986 -14.2811 
v -0.806415 2.12486 -14.2811 
v -0.769804 2.21325 -14.2811 
v -0.681415 2.24986 -14.2811 
v -0.686955 2.06772 -13.8646 
v -0.605295 2.03111 -13.8984 
v -0.686955 2.2445 -13.8646 
v -0.605295 2.28111 -13.8984 
v -0.72078 2.15611 -13.8505 
v -0.451021 2.09897 -13.5115 
v -0.388521 2.06236 -13.574 
v -0.451021 2.27575 -13.5115 
v -0.388521 2.31236 -13.574 
v -0.476909 2.18736 -13.4856 
v -0.111934 2.21861 -13.2417 
v -0.0640984 0.90611 -15.2049 
v -0.451022 0.973972 -15.0507 
v -0.451022 1.15075 -15.0507 
v -0.388522 1.18736 -14.9882 
v -0.47691 1.06236 -15.0766 
v -0.72078 1.09361 -14.7116 
v -0.686955 1.182 -14.6976 
v -0.605295 1.21861 -14.6637 
v -0.686955 1.00522 -14.6976 
v -0.605295 0.96861 -14.6637 
v -0.681415 0.99986 -14.2811 
v -0.769804 1.21325 -14.2811 
v -0.681415 1.24986 -14.2811 
v -0.806415 1.12486 -14.2811 
v -0.769804 1.03647 -14.2811 
v -0.605294 1.03111 -13.8984 
v -0.686955 1.2445 -13.8646 
v -0.605294 1.28111 -13.8984 
v -0.686955 1.06772 -13.8646 
v -0.451021 1.09897 -13.5115 
v -0.720779 1.15611 -13.8505 
v -0.451021 1.27575 -13.5115 
v -0.47691 1.18736 -13.4856 
v 1.1608 1.4945 -14.6299 
v 1.31858 1.49986 -14.2811 
v 1.24246 1.53111 -14.6637 
v 1.02569 1.56236 -14.9882 
v 0.937303 1.43736 -14.8998 
v 1.12698 1.40611 -14.6159 
v 1.1608 1.31772 -14.6299 
v 0.963191 1.52575 -14.9257 
v 0.963191 1.34897 -14.9257 
v 1.02569 1.31236 -14.9882 
v 1.02569 1.68736 -13.574 
v 1.02569 1.93736 -13.574 
v 0.937304 1.81236 -13.6623 
v 0.963192 1.90075 -13.6365 
v 1.24246 1.96861 -13.8984 
v 1.1608 1.932 -13.9322 
v 0.963192 1.72397 -13.6365 
v 1.1608 1.75522 -13.9322 
v 1.31858 1.74986 -14.2811 
v 1.12698 1.84361 -13.9462 
v 1.2302 1.78647 -14.2811 
v 1.24246 1.78111 -14.6637 
v 1.19358 1.87486 -14.2811 
v 1.2302 1.96325 -14.2811 
v 1.2302 0.786471 -14.2811 
v 1.24246 0.78111 -14.6637 
v 1.31858 0.74986 -14.2811 
v 1.1608 0.931998 -13.9322 
v 1.19358 0.87486 -14.2811 
v 1.12698 0.84361 -13.9462 
v 1.31858 0.99986 -14.2811 
v 1.2302 0.963248 -14.2811 
v 1.1608 0.994498 -14.6299 
v 1.24246 1.03111 -14.6637 
v 1.12698 0.90611 -14.6159 
v 1.1608 0.817721 -14.6299 
v 0.963192 1.02575 -14.9257 
v 1.02569 1.06236 -14.9882 
v 0.937303 0.93736 -14.8998 
v 0.963192 0.848972 -14.9257 
v 0.701268 0.84361 -15.2049 
v 0.937304 1.31236 -13.6623 
v 0.963192 1.22397 -13.6365 
v 1.1608 1.25522 -13.9322 
v 1.24246 1.21861 -13.8984 
v 1.31858 1.24986 -14.2811 
v 0.963192 1.40075 -13.6365 
v 1.1608 1.432 -13.9322 
v 1.24246 1.46861 -13.8984 
v 1.12698 1.34361 -13.9462 
v 1.2302 1.28647 -14.2811 
v 1.24246 1.28111 -14.6637 
v 1.19358 1.37486 -14.2811 
v 1.2302 1.46325 -14.2811 
v 1.02569 0.18736 -13.574 
v 0.701268 0.40611 -13.3572 
v 0.963192 0.223971 -13.6365 
v 0.937303 0.31236 -13.6623 
v 0.963192 0.400748 -13.6365 
v 1.1608 0.431998 -13.9322 
v 1.24246 0.46861 -13.8984 
v 1.1608 0.255221 -13.9322 
v 1.24246 0.21861 -13.8984 
v 1.31858 0.24986 -14.2811 
v 1.31858 0.49986 -14.2811 
v 1.12698 0.34361 -13.9462 
v 1.2302 0.286471 -14.2811 
v 1.24246 0.28111 -14.6637 
v 1.19358 0.37486 -14.2811 
v 1.2302 0.463248 -14.2811 
v 1.1608 0.317722 -14.6299 
v 1.02569 0.31236 -14.9882 
v 1.12698 0.40611 -14.6159 
v 1.1608 0.494498 -14.6299 
v 1.02569 0.56236 -14.9882 
v 0.937303 0.43736 -14.8998 
v 0.963192 0.348972 -14.9257 
v 0.963192 0.525748 -14.9257 
v 0.701269 0.65611 -13.3572 
v 0.701269 0.90611 -13.3572 
v 0.963192 0.723971 -13.6365 
v 0.937304 0.81236 -13.6623 
v 0.963192 0.900748 -13.6365 
v 1.24246 0.96861 -13.8984 
v 1.1608 0.755221 -13.9322 
v 0.963192 2.52575 -14.9257 
v 0.937303 2.43736 -14.8998 
v 0.701267 2.59361 -15.2049 
v 0.963192 2.34897 -14.9257 
v 0.701268 2.90611 -13.3572 
v 0.937304 2.81236 -13.6623 
v 0.963192 2.72397 -13.6365 
v 1.1608 2.75522 -13.9322 
v 1.24247 2.71861 -13.8984 
v 1.31858 2.74986 -14.2811 
v 0.963192 2.90075 -13.6365 
v 1.1608 2.932 -13.9322 
v 1.24247 2.96861 -13.8984 
v 1.12698 2.84361 -13.9462 
v 1.2302 2.78647 -14.2811 
v 1.1608 2.81772 -14.6299 
v 1.24246 2.78111 -14.6637 
v 1.19358 2.87486 -14.2811 
v 1.2302 2.96325 -14.2811 
v 1.31858 2.99986 -14.2811 
v 1.12698 2.90611 -14.6159 
v 1.1608 2.9945 -14.6299 
v 1.24246 3.03111 -14.6637 
v 0.937303 2.93736 -14.8998 
v 0.963191 3.02575 -14.9257 
v 0.701266 3.09361 -15.2049 
v 0.963191 2.84897 -14.9257 
v 1.31858 1.99986 -14.2811 
v 1.02569 1.81236 -14.9882 
v 1.1608 1.81772 -14.6299 
v 0.963192 1.84897 -14.9257 
v 0.701268 1.84361 -15.2049 
v 0.937303 1.93736 -14.8998 
v 1.12698 1.90611 -14.6159 
v 0.701268 2.09361 -15.2049 
v 0.667443 1.88022 -15.1233 
v 0.318585 1.87486 -15.2811 
v 0.653432 1.96861 -15.0895 
v 0.318585 1.91147 -15.1927 
v -0.0640996 1.90611 -15.2049 
v 0.318585 2.12486 -15.2811 
v 0.318585 1.99986 -15.1561 
v -0.0302748 1.94272 -15.1233 
v -0.0162641 2.03111 -15.0895 
v -0.300134 2.06236 -14.8998 
v -0.326022 1.97397 -14.9257 
v -0.388522 1.93736 -14.9882 
v -0.605295 1.96861 -14.6637 
v -0.523635 2.00522 -14.6299 
v -0.681415 1.99986 -14.2811 
v -0.48981 2.09361 -14.6159 
v -0.593027 2.03647 -14.2811 
v -0.523634 2.06772 -13.9322 
v -0.605295 2.03111 -13.8984 
v -0.556415 2.12486 -14.2811 
v -0.388521 2.06236 -13.574 
v -0.388521 2.31236 -13.574 
v -0.300133 2.18736 -13.6623 
v 0.318586 2.37486 -13.2811 
v -0.326021 2.09897 -13.6365 
v -0.0640983 2.09361 -13.3572 
v -0.0302736 2.13022 -13.4388 
v 0.318586 2.12486 -13.2811 
v 0.318586 2.16147 -13.3694 
v 0.701269 2.15611 -13.3572 
v 0.318586 2.24986 -13.4061 
v 0.667444 2.19272 -13.4388 
v 0.653433 2.28111 -13.4727 
v 0.937304 2.31236 -13.6623 
v 0.963193 2.22397 -13.6365 
v 1.02569 2.18736 -13.574 
v 1.24246 2.21861 -13.8984 
v 1.1608 2.25522 -13.9322 
v 1.2302 2.28647 -14.2811 
v 1.31858 2.24986 -14.2811 
v 1.12698 2.34361 -13.9462 
v 1.24246 2.28111 -14.6637 
v 1.19358 2.37486 -14.2811 
v 1.31858 2.49986 -14.2811 
v 1.1608 2.31772 -14.6299 
v 1.12698 2.40611 -14.6159 
v 1.35795 2.40611 -14.7116 
v 1.11408 2.43736 -15.0766 
v 1.08819 2.34897 -15.0507 
v 1.02569 2.31236 -14.9882 
v 0.735092 2.38022 -15.2866 
v 0.701267 2.34361 -15.2049 
v 0.749102 2.46861 -15.3204 
v 0.318584 2.41147 -15.3694 
v 0.318584 2.37486 -15.2811 
v -0.0640984 2.40611 -15.2049 
v 0.318584 2.49986 -15.4061 
v 0.318584 2.62486 -15.2811 
v -0.0979232 2.44272 -15.2866 
v -0.111934 2.53111 -15.3204 
v -0.451023 2.47397 -15.0507 
v -0.388523 2.43736 -14.9882 
v -0.605295 2.46861 -14.6637 
v -0.72078 2.59361 -14.7116 
v -0.686955 2.50522 -14.6976 
v -0.681415 2.49986 -14.2811 
v -0.806415 2.62486 -14.2811 
v -0.769804 2.53647 -14.2811 
v -0.605294 2.53111 -13.8984 
v -0.686955 2.56772 -13.8646 
v -0.388522 2.56236 -13.574 
v -0.451022 2.59897 -13.5115 
v -0.720779 2.65611 -13.8505 
v -0.47691 2.68736 -13.4856 
v -0.0640977 2.59361 -13.3572 
v -0.111933 2.71861 -13.2417 
v -0.0979224 2.63022 -13.2755 
v 0.318587 2.62486 -13.2811 
v 0.318587 2.74986 -13.1561 
v 0.701268 2.90611 -13.3572 
v 0.318587 2.66147 -13.1927 
v 0.701268 2.65611 -13.3572 
v 0.735092 2.69272 -13.2755 
v 0.749103 2.78111 -13.2417 
v 1.08819 2.72397 -13.5115 
v 1.02569 2.68736 -13.574 
v 1.11408 2.81236 -13.4856 
v 1.35795 2.84361 -13.8505 
v 1.32413 2.75522 -13.8646 
v 1.24247 2.71861 -13.8984 
v 1.24247 2.96861 -13.8984 
v 1.44358 2.87486 -14.2811 
v 1.40697 2.78647 -14.2811 
v 1.31858 2.74986 -14.2811 
v 1.24246 2.78111 -14.6637 
v 1.32412 2.81772 -14.6976 
v 1.08819 2.84897 -15.0507 
v 1.02569 2.81236 -14.9882 
v 1.35795 2.90611 -14.7116 
v 1.11408 2.93736 -15.0766 
v 0.749102 2.96861 -15.3204 
v 0.701266 3.09361 -15.2049 
v 0.735091 2.88022 -15.2866 
v 0.701266 2.84361 -15.2049 
v 0.318585 2.87486 -15.2811 
v 0.318586 2.99986 -15.4061 
v 0.318585 2.91147 -15.3694 
v -0.064099 2.90611 -15.2049 
v -0.0979239 2.94272 -15.2866 
v -0.388523 2.93736 -14.9882 
v -0.451023 2.97397 -15.0507 
v -0.605296 3.21861 -14.6637 
v -0.605296 2.96861 -14.6637 
v -0.111935 3.03111 -15.3204 
v -0.476912 3.06236 -15.0766 
v -0.720781 3.09361 -14.7116 
v -0.686956 3.00522 -14.6976 
v -0.681415 2.99986 -14.2811 
v -0.769804 3.03647 -14.2811 
v -0.605295 0.0311099 -13.8984 
v -0.769804 0.0364716 -14.2811 
v -0.681415 -0.000140071 -14.2811 
v -0.686955 0.0677215 -13.8646 
v -0.388522 0.0623598 -13.574 
v -0.72078 0.15611 -13.8505 
v -0.0640985 0.34361 -13.3572 
v -0.47691 0.18736 -13.4856 
v -0.451022 0.0989715 -13.5115 
v -0.111934 0.21861 -13.2417 
v -0.0979233 0.130221 -13.2755 
v -0.0640985 0.0936098 -13.3572 
v 0.318585 0.12486 -13.2811 
v 0.318585 0.24986 -13.1561 
v 0.318585 0.161471 -13.1927 
v 0.701268 0.15611 -13.3572 
v 0.735093 0.192721 -13.2755 
v 0.749104 0.28111 -13.2417 
v 1.08819 0.223971 -13.5115 
v 1.02569 0.18736 -13.574 
v 1.24246 0.21861 -13.8984 
v 1.35795 0.34361 -13.8505 
v 1.32412 0.255221 -13.8646 
v 1.31858 0.24986 -14.2811 
v 1.40697 0.286472 -14.2811 
v 1.24246 0.28111 -14.6637 
v 1.31858 0.49986 -14.2811 
v 1.32412 0.317722 -14.6976 
v 1.35795 0.40611 -14.7116 
v 1.02569 0.56236 -14.9882 
v 1.08819 0.348972 -15.0507 
v 1.02569 0.31236 -14.9882 
v 0.701268 0.34361 -15.2049 
v 0.749103 0.46861 -15.3204 
v 0.735093 0.380222 -15.2866 
v 0.318585 0.49986 -15.4061 
v 0.318585 0.411472 -15.3694 
v 0.318585 0.37486 -15.2811 
v -0.0640987 0.40611 -15.2049 
v -0.0979235 0.442722 -15.2866 
v -0.111934 0.53111 -15.3204 
v -0.388522 0.68736 -14.9882 
v -0.451022 0.473972 -15.0507 
v -0.388522 0.43736 -14.9882 
v -0.605295 0.46861 -14.6637 
v -0.72078 0.59361 -14.7116 
v -0.686955 0.505222 -14.6976 
v -0.806415 0.62486 -14.2811 
v -0.769804 0.536471 -14.2811 
v -0.681415 0.49986 -14.2811 
v -0.605294 0.53111 -13.8984 
v -0.388522 0.81236 -13.574 
v -0.720779 0.65611 -13.8505 
v -0.686955 0.567721 -13.8646 
v -0.451022 0.598971 -13.5115 
v -0.388522 0.56236 -13.574 
v -0.0640984 0.59361 -13.3572 
v -0.111934 0.71861 -13.2417 
v -0.0979231 0.630221 -13.2755 
v 0.318585 0.62486 -13.2811 
v 0.318585 0.74986 -13.1561 
v 0.701269 1.15611 -13.3572 
v 1.08819 1.22397 -13.5115 
v 0.735093 1.19272 -13.2755 
v 0.749104 1.28111 -13.2417 
v 1.02569 1.18736 -13.574 
v 1.11408 1.31236 -13.4856 
v 1.35795 1.34361 -13.8505 
v 1.32412 1.25522 -13.8646 
v 1.24246 1.21861 -13.8984 
v 1.31858 1.24986 -14.2811 
v 1.24246 1.46861 -13.8984 
v 1.40697 1.28647 -14.2811 
v 1.44358 1.37486 -14.2811 
v 1.32412 1.31772 -14.6976 
v 1.24246 1.28111 -14.6637 
v 1.08819 1.34897 -15.0507 
v 1.02569 1.31236 -14.9882 
v 0.701268 1.34361 -15.2049 
v 0.749104 1.46861 -15.3204 
v 0.735093 1.38022 -15.2866 
v 0.318584 1.37486 -15.2811 
v 0.318583 1.49986 -15.4061 
v 0.318583 1.41147 -15.3694 
v -0.064099 1.40611 -15.2049 
v -0.0979238 1.44272 -15.2866 
v -0.388522 1.43736 -14.9882 
v -0.064099 1.65611 -15.2049 
v -0.451022 1.47397 -15.0507 
v -0.605295 1.46861 -14.6637 
v -0.111934 1.53111 -15.3204 
v -0.47691 1.56236 -15.0766 
v -0.686955 1.50522 -14.6976 
v -0.681415 1.49986 -14.2811 
v -0.72078 1.59361 -14.7116 
v -0.681415 1.74986 -14.2811 
v -0.769804 1.53647 -14.2811 
v -0.605294 1.53111 -13.8984 
v -0.806415 1.62486 -14.2811 
v -0.686954 1.56772 -13.8645 
v -0.388522 1.56236 -13.574 
v -0.720779 1.65611 -13.8505 
v -0.451022 1.59897 -13.5115 
v -0.47691 1.68736 -13.4856 
v -0.0979218 1.63022 -13.2755 
v -0.0640971 1.59361 -13.3572 
v -0.111932 1.71861 -13.2417 
v -0.0640971 1.84361 -13.3572 
v 0.318586 1.66147 -13.1927 
v 0.318586 1.62486 -13.2811 
v 0.318586 1.74986 -13.1561 
v 0.735093 1.69272 -13.2755 
v 0.701268 1.65611 -13.3572 
v 0.701268 1.90611 -13.3572 
v 1.08819 1.72397 -13.5115 
v 1.02569 1.68736 -13.574 
v 1.24246 1.71861 -13.8984 
v 1.35795 1.84361 -13.8505 
v 1.32412 1.75522 -13.8646 
v 1.31858 1.74986 -14.2811 
v 1.44358 1.87486 -14.2811 
v 1.40697 1.78647 -14.2811 
v 1.24246 1.78111 -14.6637 
v 1.32412 1.81772 -14.6976 
v 1.02569 1.81236 -14.9882 
v 1.35795 1.90611 -14.7116 
v 1.08819 1.84897 -15.0507 
v 0.701268 1.84361 -15.2049 
v 1.11408 1.93736 -15.0766 
v 0.735092 1.88022 -15.2866 
v 0.318585 1.87486 -15.2811 
v 0.749103 1.96861 -15.3204 
v 0.318585 2.12486 -15.2811 
v 0.318585 1.91147 -15.3694 
v -0.0640996 1.90611 -15.2049 
v 0.318585 1.99986 -15.4061 
v -0.0979245 1.94272 -15.2866 
v -0.388522 1.93736 -14.9882 
v -0.111935 2.03111 -15.3204 
v -0.451022 1.97397 -15.0507 
v -0.476911 2.06236 -15.0766 
v -0.686955 2.00522 -14.6976 
v -0.605295 1.96861 -14.6637 
v -0.72078 2.09361 -14.7116 
v -0.769804 2.03647 -14.2811 
v -0.681415 1.99986 -14.2811 
v -0.806415 2.12486 -14.2811 
v -0.686955 2.06772 -13.8646 
v -0.605295 2.03111 -13.8984 
v -0.605295 2.28111 -13.8984 
v -0.451021 2.09897 -13.5115 
v -0.388521 2.06236 -13.574 
v -0.0640983 2.09361 -13.3572 
v -0.111934 2.21861 -13.2417 
v -0.0979231 2.13022 -13.2755 
v 0.318586 2.12486 -13.2811 
v 0.318586 2.24986 -13.1561 
v 0.318586 2.16147 -13.1927 
v 0.701269 2.15611 -13.3572 
v 0.735094 2.19272 -13.2755 
v 1.02569 2.18736 -13.574 
v 0.749104 2.28111 -13.2417 
v 1.08819 2.22397 -13.5115 
v 1.24246 2.21861 -13.8984 
v 1.11408 2.31236 -13.4856 
v 1.32413 2.25522 -13.8646 
v 1.31858 2.24986 -14.2811 
v 1.35795 2.34361 -13.8505 
v 1.40697 2.28647 -14.2811 
v 1.24246 2.28111 -14.6637 
v 1.44358 2.37486 -14.2811 
v 1.32412 2.31772 -14.6976 
v 0.318585 0.661471 -13.1927 
v 0.701269 0.65611 -13.3572 
v 0.735094 0.692721 -13.2755 
v 1.02569 0.68736 -13.574 
v 1.08819 0.723971 -13.5115 
v 0.749104 0.78111 -13.2417 
v 1.24246 0.71861 -13.8984 
v 1.11408 0.81236 -13.4856 
v 1.35795 0.84361 -13.8505 
v 1.32412 0.755221 -13.8646 
v 1.31858 0.74986 -14.2811 
v 1.40697 0.786471 -14.2811 
v 1.24246 0.78111 -14.6637 
v 1.31858 0.99986 -14.2811 
v 1.32412 0.817721 -14.6976 
v 1.35795 0.90611 -14.7116 
v 1.08819 0.848972 -15.0507 
v 1.02569 0.81236 -14.9882 
v 1.11408 0.93736 -15.0766 
v 0.749103 0.96861 -15.3204 
v 0.735093 0.880222 -15.2866 
v 0.701268 0.84361 -15.2049 
v 0.318584 0.87486 -15.2811 
v 0.318584 1.12486 -15.2811 
v 0.318584 0.99986 -15.4061 
v 0.318584 0.911472 -15.3694 
v -0.0979232 0.942722 -15.2866 
v -0.0640984 0.90611 -15.2049 
v -0.111934 1.03111 -15.3204 
v -0.451022 0.973972 -15.0507 
v -0.47691 1.06236 -15.0766 
v -0.388522 0.93736 -14.9882 
v -0.72078 1.09361 -14.7116 
v -0.686955 1.00522 -14.6976 
v -0.605295 0.96861 -14.6637 
v -0.681415 0.99986 -14.2811 
v -0.681415 1.24986 -14.2811 
v -0.806415 1.12486 -14.2811 
v -0.769804 1.03647 -14.2811 
v -0.605294 1.03111 -13.8984 
v -0.686955 1.06772 -13.8646 
v -0.388521 1.06236 -13.574 
v -0.451021 1.09897 -13.5115 
v -0.720779 1.15611 -13.8505 
v -0.47691 1.18736 -13.4856 
v -0.0640977 1.09361 -13.3572 
v -0.111933 1.21861 -13.2417 
v -0.0979224 1.13022 -13.2755 
v 0.318585 1.12486 -13.2811 
v 0.318585 1.24986 -13.1561 
v 0.318585 1.16147 -13.1927 
v 0.937303 1.43736 -14.8998 
v 1.12698 1.40611 -14.6159 
v 1.1608 1.31772 -14.6299 
v 0.963191 1.34897 -14.9257 
v 1.02569 1.31236 -14.9882 
v 0.701268 1.34361 -15.2049 
v 0.667443 1.38022 -15.1233 
v 0.318584 1.37486 -15.2811 
v 0.318584 1.41147 -15.1927 
v -0.064099 1.40611 -15.2049 
v 0.318584 1.49986 -15.1561 
v -0.0302742 1.44272 -15.1233 
v -0.388522 1.43736 -14.9882 
v -0.0162635 1.53111 -15.0895 
v -0.064099 1.65611 -15.2049 
v -0.326022 1.47397 -14.9257 
v -0.605295 1.46861 -14.6637 
v -0.300133 1.56236 -14.8998 
v -0.523635 1.50522 -14.6299 
v -0.681415 1.49986 -14.2811 
v -0.48981 1.59361 -14.6159 
v -0.593027 1.53647 -14.2811 
v -0.605294 1.53111 -13.8984 
v -0.556415 1.62486 -14.2811 
v -0.523634 1.56772 -13.9322 
v -0.489809 1.65611 -13.9462 
v -0.300133 1.68736 -13.6623 
v -0.0640971 1.84361 -13.3572 
v -0.326022 1.59897 -13.6365 
v -0.388522 1.56236 -13.574 
v -0.0640971 1.59361 -13.3572 
v -0.0302725 1.63022 -13.4388 
v 0.318586 1.62486 -13.2811 
v -0.0162619 1.71861 -13.4727 
v 0.318586 1.66147 -13.3694 
v 0.667444 1.69272 -13.4388 
v 0.701268 1.65611 -13.3572 
v 0.318586 1.74986 -13.4061 
v 1.02569 1.68736 -13.574 
v 1.02569 1.93736 -13.574 
v 0.937304 1.81236 -13.6623 
v 0.963192 1.72397 -13.6365 
v 1.24246 1.71861 -13.8984 
v 1.1608 1.75522 -13.9322 
v 1.31858 1.74986 -14.2811 
v 1.2302 1.78647 -14.2811 
v 1.24246 1.78111 -14.6637 
v 1.19358 1.87486 -14.2811 
v 1.2302 0.786471 -14.2811 
v 1.24246 0.78111 -14.6637 
v 1.31858 0.74986 -14.2811 
v 1.31858 0.99986 -14.2811 
v 1.12698 0.90611 -14.6159 
v 1.1608 0.817721 -14.6299 
v 0.937303 0.93736 -14.8998 
v 0.963192 0.848972 -14.9257 
v 1.02569 0.81236 -14.9882 
v 0.667443 0.880222 -15.1233 
v 0.701268 0.84361 -15.2049 
v 0.318584 0.87486 -15.2811 
v 0.318584 0.911472 -15.1927 
v -0.0640984 0.90611 -15.2049 
v 0.318584 0.99986 -15.1561 
v 0.318584 1.12486 -15.2811 
v -0.0302736 0.942722 -15.1233 
v -0.016263 1.03111 -15.0895 
v -0.300134 1.06236 -14.8998 
v -0.326022 0.973972 -14.9257 
v -0.388522 0.93736 -14.9882 
v -0.605295 0.96861 -14.6637 
v -0.523635 1.00522 -14.6299 
v -0.681415 0.99986 -14.2811 
v -0.681415 1.24986 -14.2811 
v -0.593027 1.03647 -14.2811 
v -0.605294 1.03111 -13.8984 
v -0.523634 1.06772 -13.9322 
v -0.388521 1.06236 -13.574 
v -0.48981 1.15611 -13.9462 
v -0.326021 1.09897 -13.6365 
v -0.0640977 1.09361 -13.3572 
v -0.300133 1.18736 -13.6623 
v -0.0302731 1.13022 -13.4388 
v 0.318585 1.12486 -13.2811 
v -0.0162624 1.21861 -13.4727 
v 0.318585 1.16147 -13.3694 
v 0.701269 1.15611 -13.3572 
v 0.667444 1.19272 -13.4388 
v 0.653433 1.28111 -13.4727 
v 0.937304 1.31236 -13.6623 
v 0.963192 1.22397 -13.6365 
v 1.02569 1.18736 -13.574 
v 1.1608 1.25522 -13.9322 
v 1.24246 1.21861 -13.8984 
v 1.31858 1.24986 -14.2811 
v 1.24246 1.46861 -13.8984 
v 1.2302 1.28647 -14.2811 
v 1.24246 1.28111 -14.6637 
v 1.2302 1.46325 -14.2811 
v -0.523634 0.0677215 -13.9322 
v -0.300134 0.18736 -13.6623 
v -0.0640985 0.34361 -13.3572 
v -0.593027 0.0364716 -14.2811 
v -0.605295 0.0311099 -13.8984 
v -0.681415 -0.000140071 -14.2811 
v -0.388522 0.0623598 -13.574 
v -0.326022 0.0989715 -13.6365 
v -0.0302738 0.130221 -13.4388 
v -0.0640985 0.0936098 -13.3572 
v 0.318585 0.161471 -13.3694 
v 0.318585 0.12486 -13.2811 
v 0.701268 0.15611 -13.3572 
v 0.667444 0.192721 -13.4388 
v 1.02569 0.18736 -13.574 
v 0.701268 0.40611 -13.3572 
v 0.963192 0.223971 -13.6365 
v 0.937303 0.31236 -13.6623 
v 1.1608 0.255221 -13.9322 
v 1.24246 0.21861 -13.8984 
v 1.31858 0.24986 -14.2811 
v 1.12698 0.34361 -13.9462 
v 1.2302 0.286471 -14.2811 
v 1.24246 0.28111 -14.6637 
v 1.1608 0.317722 -14.6299 
v 1.02569 0.31236 -14.9882 
v 1.02569 0.56236 -14.9882 
v 0.963192 0.348972 -14.9257 
v 0.667443 0.380222 -15.1233 
v 0.701268 0.34361 -15.2049 
v 0.318585 0.37486 -15.2811 
v 0.963192 0.525748 -14.9257 
v 0.653433 0.46861 -15.0895 
v 0.318585 0.411472 -15.1927 
v -0.0640987 0.40611 -15.2049 
v 0.318585 0.49986 -15.1561 
v -0.0162632 0.53111 -15.0895 
v -0.0302739 0.442722 -15.1233 
v -0.388522 0.68736 -14.9882 
v -0.300134 0.56236 -14.8998 
v -0.326022 0.473972 -14.9257 
v -0.388522 0.43736 -14.9882 
v -0.523634 0.505222 -14.6299 
v -0.605295 0.46861 -14.6637 
v -0.681415 0.49986 -14.2811 
v -0.593027 0.536471 -14.2811 
v -0.605294 0.53111 -13.8984 
v -0.523634 0.567721 -13.9322 
v -0.388522 0.56236 -13.574 
v -0.388522 0.81236 -13.574 
v -0.300134 0.68736 -13.6623 
v -0.326022 0.598971 -13.6365 
v -0.0302736 0.630221 -13.4388 
v -0.0640984 0.59361 -13.3572 
v 0.318585 0.62486 -13.2811 
v -0.0162629 0.71861 -13.4727 
v 0.318585 0.661471 -13.3694 
v 0.701269 0.65611 -13.3572 
v 0.318585 0.74986 -13.4061 
v 0.667444 0.692721 -13.4388 
v 1.02569 0.68736 -13.574 
v 0.653433 0.78111 -13.4727 
v 0.963192 0.723971 -13.6365 
v 1.24246 0.71861 -13.8984 
v 0.937304 0.81236 -13.6623 
v 1.1608 0.755221 -13.9322 
v 0.937303 2.43736 -14.8998 
v 0.701267 2.59361 -15.2049 
v 0.963192 2.34897 -14.9257 
v 1.02569 2.31236 -14.9882 
v 0.701267 2.34361 -15.2049 
v 0.667442 2.38022 -15.1233 
v 0.318584 2.37486 -15.2811 
v 0.653432 2.46861 -15.0895 
v 0.318584 2.41147 -15.1927 
v -0.0302737 2.44272 -15.1233 
v -0.0640984 2.40611 -15.2049 
v 0.318584 2.49986 -15.1561 
v -0.388523 2.43736 -14.9882 
v 0.318584 2.62486 -15.2811 
v -0.300134 2.56236 -14.8998 
v -0.681415 2.74986 -14.2811 
v -0.326023 2.47397 -14.9257 
v -0.605295 2.46861 -14.6637 
v -0.523635 2.50522 -14.6299 
v -0.681415 2.49986 -14.2811 
v -0.593027 2.53647 -14.2811 
v -0.605294 2.53111 -13.8984 
v -0.556415 2.62486 -14.2811 
v -0.523634 2.56772 -13.9322 
v -0.388522 2.56236 -13.574 
v -0.48981 2.65611 -13.9462 
v -0.326022 2.59897 -13.6365 
v -0.0640977 2.59361 -13.3572 
v -0.300134 2.68736 -13.6623 
v -0.030273 2.63022 -13.4388 
v -0.0162624 2.71861 -13.4727 
v 0.318587 2.66147 -13.3694 
v 0.318587 2.62486 -13.2811 
v 0.701268 2.65611 -13.3572 
v 0.667443 2.69272 -13.4388 
v 1.02569 2.68736 -13.574 
v 0.937304 2.81236 -13.6623 
v 0.963192 2.72397 -13.6365 
v 1.1608 2.75522 -13.9322 
v 1.24247 2.71861 -13.8984 
v 1.31858 2.74986 -14.2811 
v 1.24247 2.96861 -13.8984 
v 1.12698 2.84361 -13.9462 
v 1.2302 2.78647 -14.2811 
v 1.1608 2.81772 -14.6299 
v 1.24246 2.78111 -14.6637 
v 1.19358 2.87486 -14.2811 
v 1.02569 2.81236 -14.9882 
v 0.937303 2.93736 -14.8998 
v 0.701266 3.09361 -15.2049 
v 0.963191 2.84897 -14.9257 
v 0.701266 2.84361 -15.2049 
v 0.667442 2.88022 -15.1233 
v 0.318585 2.87486 -15.2811 
v 0.653431 2.96861 -15.0895 
v 0.318585 2.91147 -15.1927 
v -0.064099 2.90611 -15.2049 
v 0.318585 2.99986 -15.1561 
v -0.0302742 2.94272 -15.1233 
v -0.388523 2.93736 -14.9882 
v -0.326023 2.97397 -14.9257 
v -0.605296 2.96861 -14.6637 
v -0.300135 3.06236 -14.8998 
v -0.605296 3.21861 -14.6637 
v -0.523635 3.00522 -14.6299 
v -0.681415 2.99986 -14.2811 
v -0.593027 3.03647 -14.2811 
v -0.388521 2.06236 -13.574 
v -0.388521 2.31236 -13.574 
v -0.300133 2.18736 -13.6623 
v -0.326021 2.27575 -13.6365 
v -0.0640983 2.34361 -13.3572 
v -0.0302736 2.307 -13.4388 
v 0.318586 2.37486 -13.2811 
v -0.326021 2.09897 -13.6365 
v -0.0302736 2.13022 -13.4388 
v 0.318586 2.12486 -13.2811 
v -0.0162629 2.21861 -13.4727 
v 0.318586 2.16147 -13.3694 
v 0.701269 2.15611 -13.3572 
v 0.318586 2.24986 -13.4061 
v 0.318586 2.33825 -13.3694 
v 0.667444 2.19272 -13.4388 
v 0.653433 2.28111 -13.4727 
v 0.667444 2.3695 -13.4388 
v 0.701269 2.40611 -13.3572 
v 0.937304 2.31236 -13.6623 
v 0.963193 2.22397 -13.6365 
v 1.24246 2.21861 -13.8984 
v 0.963193 2.40075 -13.6365 
v 1.24246 2.46861 -13.8984 
v 1.08819 2.52575 -15.0507 
v 1.11408 2.43736 -15.0766 
v 1.08819 2.34897 -15.0507 
v 0.735092 2.38022 -15.2866 
v 0.701267 2.34361 -15.2049 
v 0.749102 2.46861 -15.3204 
v 0.735092 2.557 -15.2866 
v 0.318584 2.41147 -15.3694 
v 0.318584 2.37486 -15.2811 
v 0.318584 2.49986 -15.4061 
v 0.318584 2.58825 -15.3694 
v 0.318584 2.62486 -15.2811 
v -0.0640984 2.65611 -15.2049 
v -0.0979232 2.44272 -15.2866 
v -0.0979232 2.6195 -15.2866 
v -0.111934 2.53111 -15.3204 
v -0.451023 2.47397 -15.0507 
v -0.388523 2.43736 -14.9882 
v -0.451023 2.65075 -15.0507 
v -0.388523 2.68736 -14.9882 
v -0.476911 2.56236 -15.0766 
v -0.72078 2.59361 -14.7116 
v 1.08819 2.84897 -15.0507 
v 1.08819 3.02575 -15.0507 
v 1.11408 2.93736 -15.0766 
v 0.749102 2.96861 -15.3204 
v 0.735091 3.057 -15.2866 
v 0.701266 3.09361 -15.2049 
v 0.318585 3.12486 -15.2811 
v 0.735091 2.88022 -15.2866 
v 0.701266 2.84361 -15.2049 
v 0.318585 2.87486 -15.2811 
v 0.318586 3.08825 -15.3694 
v -0.064099 3.15611 -15.2049 
v 0.318586 2.99986 -15.4061 
v -0.0979239 3.1195 -15.2866 
v 0.318585 2.91147 -15.3694 
v -0.064099 2.90611 -15.2049 
v -0.0979239 2.94272 -15.2866 
v -0.451023 3.15075 -15.0507 
v -0.451023 2.97397 -15.0507 
v -0.111935 3.03111 -15.3204 
v -0.476912 3.06236 -15.0766 
v -0.769804 0.0364716 -14.2811 
v -0.681415 -0.000140071 -14.2811 
v -0.806415 0.12486 -14.2811 
v -0.593027 0.0364716 -14.2811 
v -0.593027 0.213248 -14.2811 
v -0.556415 0.12486 -14.2811 
v -0.681415 0.24986 -14.2811 
v -0.769804 0.213248 -14.2811 
v 1.31858 0.24986 -14.2811 
v 1.31858 0.49986 -14.2811 
v 1.35795 0.40611 -14.7116 
v 1.08819 0.525748 -15.0507 
v 1.02569 0.56236 -14.9882 
v 1.08819 0.348972 -15.0507 
v 1.02569 0.31236 -14.9882 
v 0.701268 0.34361 -15.2049 
v 1.11408 0.43736 -15.0766 
v 0.749103 0.46861 -15.3204 
v 0.735093 0.556998 -15.2866 
v 0.735093 0.380222 -15.2866 
v 0.318585 0.49986 -15.4061 
v 0.318585 0.588248 -15.3694 
v 0.318585 0.62486 -15.2811 
v 0.318585 0.411472 -15.3694 
v 0.318585 0.37486 -15.2811 
v -0.0979235 0.619498 -15.2866 
v -0.0640987 0.65611 -15.2049 
v -0.0979235 0.442722 -15.2866 
v -0.111934 0.53111 -15.3204 
v -0.451022 0.650748 -15.0507 
v -0.388522 0.68736 -14.9882 
v -0.451022 0.473972 -15.0507 
v -0.388522 0.43736 -14.9882 
v -0.47691 0.56236 -15.0766 
v -0.72078 0.59361 -14.7116 
v 1.32412 1.4945 -14.6976 
v 1.08819 1.34897 -15.0507 
v 1.02569 1.31236 -14.9882 
v 0.701268 1.34361 -15.2049 
v 1.08819 1.52575 -15.0507 
v 1.02569 1.56236 -14.9882 
v 1.11408 1.43736 -15.0766 
v 0.749104 1.46861 -15.3204 
v 0.735093 1.38022 -15.2866 
v 0.318584 1.37486 -15.2811 
v 0.735093 1.557 -15.2866 
v 0.318583 1.49986 -15.4061 
v 0.318583 1.41147 -15.3694 
v -0.064099 1.40611 -15.2049 
v 0.318583 1.58825 -15.3694 
v -0.0979238 1.44272 -15.2866 
v -0.0979238 1.6195 -15.2866 
v -0.064099 1.65611 -15.2049 
v -0.451022 1.47397 -15.0507 
v -0.451022 1.65075 -15.0507 
v -0.111934 1.53111 -15.3204 
v -0.47691 1.56236 -15.0766 
v 1.24246 1.78111 -14.6637 
v 1.08819 1.84897 -15.0507 
v 0.701268 1.84361 -15.2049 
v 1.08819 2.02575 -15.0507 
v 0.701268 2.09361 -15.2049 
v 1.11408 1.93736 -15.0766 
v 0.735092 1.88022 -15.2866 
v 0.318585 1.87486 -15.2811 
v 0.749103 1.96861 -15.3204 
v 0.735092 2.057 -15.2866 
v 0.318585 2.12486 -15.2811 
v 0.318585 1.91147 -15.3694 
v -0.0640996 1.90611 -15.2049 
v 0.318585 1.99986 -15.4061 
v 0.318585 2.08825 -15.3694 
v -0.0640996 2.15611 -15.2049 
v -0.0979245 1.94272 -15.2866 
v -0.0979245 2.1195 -15.2866 
v -0.111935 2.03111 -15.3204 
v -0.451022 1.97397 -15.0507 
v -0.451022 2.15075 -15.0507 
v -0.476911 2.06236 -15.0766 
v 1.08819 1.02575 -15.0507 
v 1.02569 1.06236 -14.9882 
v 1.08819 0.848972 -15.0507 
v 1.11408 0.93736 -15.0766 
v 0.735093 1.057 -15.2866 
v 0.749103 0.96861 -15.3204 
v 0.735093 0.880222 -15.2866 
v 0.701268 0.84361 -15.2049 
v 0.318584 0.87486 -15.2811 
v 0.318584 1.08825 -15.3694 
v 0.318584 1.12486 -15.2811 
v 0.318584 0.99986 -15.4061 
v 0.318584 0.911472 -15.3694 
v -0.0979232 0.942722 -15.2866 
v -0.0640984 0.90611 -15.2049 
v -0.0979232 1.1195 -15.2866 
v -0.0640984 1.15611 -15.2049 
v -0.111934 1.03111 -15.3204 
v -0.451022 0.973972 -15.0507 
v -0.451022 1.15075 -15.0507 
v -0.388522 1.18736 -14.9882 
v -0.47691 1.06236 -15.0766 
v -0.605294 1.53111 -13.8984 
v -0.326022 1.77575 -13.6365 
v -0.300133 1.68736 -13.6623 
v -0.0640971 1.84361 -13.3572 
v -0.326022 1.59897 -13.6365 
v -0.0640971 1.59361 -13.3572 
v -0.0302725 1.63022 -13.4388 
v 0.318586 1.62486 -13.2811 
v -0.0302725 1.807 -13.4388 
v -0.0162619 1.71861 -13.4727 
v 0.318586 1.66147 -13.3694 
v 0.667444 1.69272 -13.4388 
v 0.701268 1.65611 -13.3572 
v 0.318586 1.74986 -13.4061 
v 1.02569 1.68736 -13.574 
v 0.318586 1.83825 -13.3694 
v 0.318586 1.87486 -13.2811 
v 0.653433 1.78111 -13.4727 
v 0.667444 1.8695 -13.4388 
v 0.701268 1.90611 -13.3572 
v 1.02569 1.93736 -13.574 
v 0.937304 1.81236 -13.6623 
v 0.963192 1.90075 -13.6365 
v 0.963192 1.72397 -13.6365 
v -0.681415 1.24986 -14.2811 
v -0.605294 1.03111 -13.8984 
v -0.605294 1.28111 -13.8984 
v -0.326021 1.09897 -13.6365 
v -0.0640977 1.09361 -13.3572 
v -0.300133 1.18736 -13.6623 
v -0.326021 1.27575 -13.6365 
v -0.0640977 1.34361 -13.3572 
v -0.0302731 1.13022 -13.4388 
v 0.318585 1.12486 -13.2811 
v -0.0302731 1.307 -13.4388 
v -0.0162624 1.21861 -13.4727 
v 0.318585 1.16147 -13.3694 
v 0.701269 1.15611 -13.3572 
v 0.318585 1.24986 -13.4061 
v 0.318585 1.33825 -13.3694 
v 0.318585 1.37486 -13.2811 
v 0.667444 1.19272 -13.4388 
v 0.653433 1.28111 -13.4727 
v 0.667444 1.3695 -13.4388 
v 0.937304 1.31236 -13.6623 
v 0.963192 1.22397 -13.6365 
v 1.24246 1.21861 -13.8984 
v 0.963192 1.40075 -13.6365 
v 1.24246 1.46861 -13.8984 
v -0.326022 0.275748 -13.6365 
v -0.300134 0.18736 -13.6623 
v -0.0302738 0.306998 -13.4388 
v -0.0640985 0.34361 -13.3572 
v -0.326022 0.0989715 -13.6365 
v -0.0302738 0.130221 -13.4388 
v -0.0640985 0.0936098 -13.3572 
v -0.0162631 0.21861 -13.4727 
v 0.318585 0.161471 -13.3694 
v 0.701268 0.15611 -13.3572 
v 0.318585 0.24986 -13.4061 
v 0.667444 0.192721 -13.4388 
v 1.02569 0.18736 -13.574 
v 0.318585 0.338248 -13.3694 
v 0.318585 0.37486 -13.2811 
v 0.701268 0.40611 -13.3572 
v 0.963192 0.223971 -13.6365 
v 0.667444 0.369498 -13.4388 
v 0.653433 0.28111 -13.4727 
v 0.937303 0.31236 -13.6623 
v 0.963192 0.400748 -13.6365 
v 1.31858 0.24986 -14.2811 
v 1.31858 0.49986 -14.2811 
v 1.2302 0.286471 -14.2811 
v -0.388522 0.56236 -13.574 
v -0.388522 0.81236 -13.574 
v -0.300134 0.68736 -13.6623 
v -0.326022 0.598971 -13.6365 
v -0.0302736 0.630221 -13.4388 
v 0.318585 0.62486 -13.2811 
v -0.326022 0.775748 -13.6365 
v -0.0302736 0.806998 -13.4388 
v -0.0640984 0.84361 -13.3572 
v -0.0162629 0.71861 -13.4727 
v 0.318585 0.661471 -13.3694 
v 0.701269 0.65611 -13.3572 
v 0.318585 0.74986 -13.4061 
v 0.667444 0.692721 -13.4388 
v 0.318585 0.838248 -13.3694 
v 0.653433 0.78111 -13.4727 
v 0.667444 0.869498 -13.4388 
v 0.701269 0.90611 -13.3572 
v 0.963192 0.723971 -13.6365 
v 0.937304 0.81236 -13.6623 
v 0.963192 0.900748 -13.6365 
v -0.605294 2.53111 -13.8984 
v -0.326022 2.59897 -13.6365 
v -0.300134 2.68736 -13.6623 
v -0.326022 2.77575 -13.6365 
v -0.0640977 2.84361 -13.3572 
v -0.030273 2.63022 -13.4388 
v -0.030273 2.807 -13.4388 
v -0.0162624 2.71861 -13.4727 
v 0.318587 2.66147 -13.3694 
v 0.318587 2.62486 -13.2811 
v 0.701268 2.65611 -13.3572 
v 0.318587 2.83825 -13.3694 
v 0.318587 2.87486 -13.2811 
v 0.318587 2.74986 -13.4061 
v 0.701268 2.90611 -13.3572 
v 0.667443 2.69272 -13.4388 
v 0.653432 2.78111 -13.4727 
v 0.667443 2.8695 -13.4388 
v 0.937304 2.81236 -13.6623 
v 0.963192 2.72397 -13.6365 
v 1.24247 2.71861 -13.8984 
v 0.963192 2.90075 -13.6365 

vn -0.0551181 -0.992126 -0.0708661 
vn -0.0866142 -0.992126 -0.015748 
vn 0.527559 0.732283 0.433071 
vn 0.708661 0 0.708661 
vn -0.015748 0.992126 -0.0866142 
vn 0.433071 -0.732283 0.527559 
vn -0.0708661 -0.992126 0.0551181 
vn 0.606299 -0.732283 0.322835 
vn -0.0472441 -0.992126 0.0787402 
vn 0.653543 0.732283 0.19685 
vn 0.92126 0 0.385827 
vn 0.677165 -0.732283 0.0629921 
vn 0.653543 -0.732283 -0.19685 
vn -0.015748 -0.992126 0.0866142 
vn 1 0 0 
vn 0.023622 -0.992126 0.0866142 
vn 0.677165 0.732283 -0.0629921 
vn -0.0472441 0.992126 -0.0787402 
vn 0.92126 0 -0.385827 
vn 0.606299 0.732283 -0.322835 
vn -0.0708661 0.992126 -0.0551181 
vn -0.0866142 0.992126 -0.023622 
vn 0.708661 0 -0.708661 
vn 0.433071 0.732283 -0.527559 
vn 0.527559 -0.732283 -0.433071 
vn 0.92126 0 -0.385827 
vn 0.551181 0.685039 -0.480315 
vn 0.692913 0.685039 -0.23622 
vn 0.708661 0 -0.708661 
vn 0.480315 -0.685039 -0.551181 
vn 0.480315 0.685039 0.551181 
vn 0.551181 -0.685039 0.480315 
vn 0.708661 0 0.708661 
vn 0.92126 0 0.385827 
vn 0.692913 -0.685039 0.23622 
vn 0.0708661 -0.992126 -0.0551181 
vn 0.653543 0.685039 0.322835 
vn 0.015748 0.992126 0.0866142 
vn 1 0 0 
vn 0.732283 -0.685039 -0.0472441 
vn 0.0472441 -0.992126 -0.0787402 
vn 0.732283 0.685039 0.0472441 
vn 0.0472441 0.992126 0.0787402 
vn 0.0708661 0.992126 0.0551181 
vn 0.653543 -0.685039 -0.322835 
vn 0.480315 -0.685039 -0.551181 
vn 0.92126 0 -0.385827 
vn 0.692913 0.685039 -0.23622 
vn 0.551181 0.685039 -0.480315 
vn 0.708661 0 -0.708661 
vn 0.0866142 0.992126 -0.015748 
vn -0.0551181 -0.992126 -0.0708661 
vn -0.0551181 0.992126 0.0708661 
vn 0.385827 0 0.92126 
vn 0.551181 -0.685039 0.480315 
vn 0.0866142 -0.992126 -0.023622 
vn 0.0708661 -0.992126 -0.0551181 
vn 0.480315 0.685039 0.551181 
vn 0.708661 0 0.708661 
vn 0.92126 0 0.385827 
vn 0.692913 -0.685039 0.23622 
vn 0.0472441 -0.992126 -0.0787402 
vn 0.653543 0.685039 0.322835 
vn 1 0 0 
vn 0.732283 -0.685039 -0.0472441 
vn 0.732283 0.685039 0.0472441 
vn 0.0472441 0.992126 0.0787402 
vn 0.692913 0.685039 -0.23622 
vn 0.0708661 0.992126 0.0551181 
vn 0.653543 -0.685039 -0.322835 
vn 0.92126 0 -0.385827 
vn 0.551181 0.685039 -0.480315 
vn 0.0866142 0.992126 0.023622 
vn 0.480315 -0.685039 -0.551181 
vn -0.023622 -0.992126 -0.0866142 
vn 0.708661 0 -0.708661 
vn 0.385827 0 -0.92126 
vn 0.551181 -0.685039 0.480315 
vn 0.385827 0 0.92126 
vn 0.708661 0 0.708661 
vn 0.480315 0.685039 0.551181 
vn 0.92126 0 0.385827 
vn 0.692913 -0.685039 0.23622 
vn 0.0708661 -0.992126 -0.0551181 
vn 0.0472441 -0.992126 -0.0787402 
vn 0.653543 0.685039 0.322835 
vn 0.015748 0.992126 0.0866142 
vn 0.732283 -0.685039 -0.0472441 
vn 1 0 0 
vn 0.732283 0.685039 0.0472441 
vn 0.0472441 0.992126 0.0787402 
vn 0.653543 -0.685039 -0.322835 
vn 0.015748 -0.992126 -0.0866142 
vn 0.692913 0.685039 -0.23622 
vn 0.92126 0 -0.385827 
vn 0.480315 -0.685039 -0.551181 
vn -0.023622 -0.992126 -0.0866142 
vn 0.551181 0.685039 -0.480315 
vn 0.0866142 0.992126 0.023622 
vn 0.708661 0 -0.708661 
vn 0.385827 0 -0.92126 
vn 0.551181 -0.685039 0.480315 
vn 0.0866142 -0.992126 -0.023622 
vn 0.0708661 -0.992126 -0.0551181 
vn 0.480315 0.685039 0.551181 
vn -0.023622 0.992126 0.0866142 
vn 0.708661 0 0.708661 
vn 0.92126 0 0.385827 
vn 0.692913 -0.685039 0.23622 
vn 0.0472441 -0.992126 -0.0787402 
vn 0.653543 0.685039 0.322835 
vn 1 0 0 
vn 0.732283 -0.685039 -0.0472441 
vn 0.015748 -0.992126 -0.0866142 
vn 0.732283 0.685039 0.0472441 
vn 0.0472441 0.992126 0.0787402 
vn 0.0708661 0.992126 0.0551181 
vn 0.653543 -0.685039 -0.322835 
vn 0.692913 0.685039 -0.23622 
vn 0.92126 0 -0.385827 
vn 0.480315 -0.685039 -0.551181 
vn -0.0551181 -0.992126 -0.0708661 
vn 0.551181 0.685039 -0.480315 
vn 0.708661 0 -0.708661 
vn 0.0866142 -0.992126 0.015748 
vn 0.551181 -0.685039 0.480315 
vn 0.0708661 -0.992126 -0.0551181 
vn 0.480315 0.685039 0.551181 
vn 0.015748 0.992126 0.0866142 
vn 0.708661 0 0.708661 
vn 0.692913 -0.685039 0.23622 
vn 0.0472441 -0.992126 -0.0787402 
vn 0.92126 0 0.385827 
vn 0.653543 0.685039 0.322835 
vn 0.0472441 0.992126 0.0787402 
vn 0.732283 -0.685039 -0.0472441 
vn 0.015748 -0.992126 -0.0866142 
vn 1 0 0 
vn 0.732283 0.685039 0.0472441 
vn 0.0708661 0.992126 0.0551181 
vn 0.653543 -0.685039 -0.322835 
vn 0.480315 0.685039 0.551181 
vn 0.551181 -0.685039 0.480315 
vn 0.0708661 -0.992126 -0.0551181 
vn 0.708661 0 0.708661 
vn 0.92126 0 0.385827 
vn 0.692913 -0.685039 0.23622 
vn 0.0472441 -0.992126 -0.0787402 
vn 0.653543 0.685039 0.322835 
vn 1 0 0 
vn 0.732283 -0.685039 -0.0472441 
vn 0.732283 0.685039 0.0472441 
vn 0.0472441 0.992126 0.0787402 
vn 0.692913 0.685039 -0.23622 
vn 0.0708661 0.992126 0.0551181 
vn 0.653543 -0.685039 -0.322835 
vn 0.92126 0 -0.385827 
vn 0.551181 0.685039 -0.480315 
vn 0.0866142 0.992126 0.023622 
vn 0.480315 -0.685039 -0.551181 
vn 0.708661 0 -0.708661 
vn -0.0551181 -0.992126 -0.0708661 
vn -0.0866142 -0.992126 -0.015748 
vn 0.0551181 0.992126 -0.0708661 
vn 0.433071 -0.732283 0.527559 
vn -0.0708661 -0.992126 0.0551181 
vn 0.708661 0 0.708661 
vn 0.527559 0.732283 0.433071 
vn -0.015748 0.992126 -0.0866142 
vn 0.606299 -0.732283 0.322835 
vn -0.0472441 -0.992126 0.0787402 
vn 0.653543 0.732283 0.19685 
vn 0.92126 0 0.385827 
vn 0.677165 -0.732283 0.0629921 
vn -0.015748 -0.992126 0.0866142 
vn 0.677165 0.732283 -0.0629921 
vn -0.0472441 0.992126 -0.0787402 
vn 1 0 0 
vn 0.653543 -0.732283 -0.19685 
vn 0.92126 0 -0.385827 
vn 0.606299 0.732283 -0.322835 
vn 0.433071 0.732283 -0.527559 
vn 0.708661 0 -0.708661 
vn -0.0866142 0.992126 0.015748 
vn 0.527559 -0.732283 -0.433071 
vn -0.0866142 -0.992126 -0.015748 
vn 0.708661 0 0.708661 
vn 0.433071 -0.732283 0.527559 
vn -0.0708661 -0.992126 0.0551181 
vn 0.527559 0.732283 0.433071 
vn 0.023622 0.992126 -0.0866142 
vn -0.015748 0.992126 -0.0866142 
vn 0.606299 -0.732283 0.322835 
vn -0.0472441 -0.992126 0.0787402 
vn 0.653543 0.732283 0.19685 
vn -0.0472441 0.992126 -0.0787402 
vn 0.92126 0 0.385827 
vn 0.677165 -0.732283 0.0629921 
vn -0.015748 -0.992126 0.0866142 
vn 1 0 0 
vn 0.653543 -0.732283 -0.19685 
vn 0.677165 0.732283 -0.0629921 
vn 0.92126 0 -0.385827 
vn 0.606299 0.732283 -0.322835 
vn -0.0708661 0.992126 -0.0551181 
vn 0.527559 -0.732283 -0.433071 
vn 0.708661 0 -0.708661 
vn 0.433071 0.732283 -0.527559 
vn 0.606299 0.732283 -0.322835 
vn 0.488189 0.519685 -0.700787 
vn -0.0472441 0.755906 -0.653543 
vn 0.92126 0 -0.385827 
vn 0.708661 -0.015748 -0.700787 
vn 0.433071 0.732283 -0.527559 
vn 0.653543 -0.732283 -0.19685 
vn 0.708661 0 -0.708661 
vn -0.0866142 0.992126 0.015748 
vn 0.511811 -0.551181 -0.653543 
vn -0.015748 -0.992126 0.0866142 
vn -0.023622 -0.80315 -0.598425 
vn 0.527559 -0.732283 -0.433071 
vn 0.0551181 -0.992126 0.0708661 
vn 0.527559 0.732283 0.433071 
vn 0.023622 0.992126 -0.0866142 
vn 0.708661 0 0.708661 
vn 0.433071 -0.732283 0.527559 
vn -0.0866142 -0.992126 0.023622 
vn 0.653543 0.732283 0.19685 
vn -0.015748 0.992126 -0.0866142 
vn 0.606299 -0.732283 0.322835 
vn -0.0472441 -0.992126 0.0787402 
vn -0.0472441 0.992126 -0.0787402 
vn 0.92126 0 0.385827 
vn 0.677165 -0.732283 0.0629921 
vn 1 0 0 
vn 0.677165 0.732283 -0.0629921 
vn 0.653543 -0.732283 -0.19685 
vn 0.023622 -0.992126 0.0866142 
vn 0.92126 0 -0.385827 
vn 0.606299 0.732283 -0.322835 
vn -0.0866142 0.992126 -0.023622 
vn 0.708661 0 -0.708661 
vn 0.527559 -0.732283 -0.433071 
vn 0.433071 0.732283 -0.527559 
vn -0.0866142 -0.992126 0.023622 
vn 0.023622 0.992126 -0.0866142 
vn 0.708661 0 0.708661 
vn 0.527559 0.732283 0.433071 
vn -0.015748 0.992126 -0.0866142 
vn 0.653543 0.732283 0.19685 
vn -0.0472441 0.992126 -0.0787402 
vn 0.433071 -0.732283 0.527559 
vn 0.606299 -0.732283 0.322835 
vn -0.0472441 -0.992126 0.0787402 
vn 0.92126 0 0.385827 
vn 0.677165 -0.732283 0.0629921 
vn -0.015748 -0.992126 0.0866142 
vn 1 0 0 
vn 0.653543 -0.732283 -0.19685 
vn 0.677165 0.732283 -0.0629921 
vn 0.92126 0 -0.385827 
vn 0.606299 0.732283 -0.322835 
vn 0.527559 -0.732283 -0.433071 
vn 0.708661 0 -0.708661 
vn 0.433071 0.732283 -0.527559 
vn -0.0866142 0.992126 0.015748 
vn -0.0866142 -0.992126 -0.015748 
vn 0.0551181 0.992126 -0.0708661 
vn 0.433071 -0.732283 0.527559 
vn 0.708661 0 0.708661 
vn 0.527559 0.732283 0.433071 
vn -0.015748 0.992126 -0.0866142 
vn 0.606299 -0.732283 0.322835 
vn -0.0472441 -0.755906 0.653543 
vn 0.488189 -0.519685 0.700787 
vn 0.92126 0 0.385827 
vn 0.708661 0.015748 0.700787 
vn 0.653543 0.732283 0.19685 
vn 0.511811 0.559055 0.653543 
vn -0.606299 0.732283 0.322835 
vn 0.0472441 0.992126 0.0787402 
vn 0.0708661 0.992126 0.0551181 
vn 0.0866142 0.992126 0.023622 
vn -0.0551181 -0.992126 -0.0708661 
vn -0.708661 0 0.708661 
vn -0.92126 0 0.385827 
vn -0.433071 0.732283 0.527559 
vn 0.0866142 0.992126 -0.015748 
vn -0.19685 0.732283 0.653543 
vn -0.385827 0 0.92126 
vn -0.0866142 -0.992126 -0.015748 
vn 0.0629921 0.732283 0.677165 
vn 0.0787402 0.992126 -0.0472441 
vn 0 0 1 
vn 0.0551181 0.992126 -0.0708661 
vn 0.385827 0 0.92126 
vn 0.322835 0.732283 0.606299 
vn 0.527559 0.732283 0.433071 
vn 0.023622 0.992126 -0.0866142 
vn 0.708661 0 0.708661 
vn -0.015748 0.992126 -0.0866142 
vn 0.653543 0.732283 0.19685 
vn 0.92126 0 0.385827 
vn 1 0 0 
vn 0.677165 0.732283 -0.0629921 
vn -0.0472441 0.992126 -0.0787402 
vn 0.606299 0.732283 -0.322835 
vn -0.0708661 0.992126 -0.0551181 
vn -0.0866142 0.992126 -0.023622 
vn 0.708661 0 -0.708661 
vn 0.433071 0.732283 -0.527559 
vn -0.0866142 0.992126 0.015748 
vn 0.19685 0.732283 -0.653543 
vn -0.0787402 0.992126 0.0472441 
vn 0 0 -1 
vn -0.0629921 0.732283 -0.677165 
vn -0.385827 0 -0.92126 
vn -0.322835 0.732283 -0.606299 
vn -0.0551181 0.992126 0.0708661 
vn -0.708661 0 -0.708661 
vn -0.527559 0.732283 -0.433071 
vn -0.023622 0.992126 0.0866142 
vn 0.015748 0.992126 0.0866142 
vn -0.92126 0 -0.385827 
vn 0.015748 -0.992126 -0.0866142 
vn -0.653543 0.732283 -0.19685 
vn -0.677165 0.732283 0.0629921 
vn 0.0472441 0.992126 0.0787402 
vn 0.0708661 0.992126 0.0551181 
vn -0.92126 0 0.385827 
vn -0.606299 0.732283 0.322835 
vn 0.92126 0 -0.385827 
vn 0.551181 0.685039 -0.480315 
vn 0.692913 0.685039 -0.23622 
vn 0.0866142 0.992126 0.023622 
vn 0.708661 0 -0.708661 
vn 0.385827 0 -0.92126 
vn 0.322835 0.685039 -0.653543 
vn 0.0866142 0.992126 -0.015748 
vn 0 0 -1 
vn 0.0472441 0.685039 -0.732283 
vn 0.0787402 0.992126 -0.0472441 
vn 0.0551181 0.992126 -0.0708661 
vn -0.23622 0.685039 -0.692913 
vn -0.385827 0 -0.92126 
vn -0.0866142 -0.992126 0.023622 
vn -0.480315 0.685039 -0.551181 
vn 0.023622 0.992126 -0.0866142 
vn -0.015748 0.992126 -0.0866142 
vn -0.92126 0 -0.385827 
vn -0.653543 0.685039 -0.322835 
vn -1 0 0 
vn -0.015748 -0.992126 0.0866142 
vn -0.732283 0.685039 -0.0472441 
vn -0.0472441 0.992126 -0.0787402 
vn -0.0708661 0.992126 -0.0551181 
vn -0.692913 0.685039 0.23622 
vn -0.0866142 0.992126 -0.023622 
vn -0.92126 0 0.385827 
vn -0.551181 0.685039 0.480315 
vn -0.0866142 0.992126 0.015748 
vn -0.708661 0 0.708661 
vn -0.385827 0 0.92126 
vn -0.322835 0.685039 0.653543 
vn -0.0787402 0.992126 0.0472441 
vn 0.0787402 -0.992126 0.0472441 
vn 0 0 1 
vn -0.0472441 0.685039 0.732283 
vn 0.23622 0.685039 0.692913 
vn -0.0551181 0.992126 0.0708661 
vn 0.480315 0.685039 0.551181 
vn 0.385827 0 0.92126 
vn 0.708661 0 0.708661 
vn -0.023622 0.992126 0.0866142 
vn 0.92126 0 0.385827 
vn 0.653543 0.685039 0.322835 
vn 0.015748 0.992126 0.0866142 
vn 1 0 0 
vn 0.0472441 -0.992126 -0.0787402 
vn 0.732283 0.685039 0.0472441 
vn 0.0472441 0.992126 0.0787402 
vn 0.0708661 0.992126 0.0551181 
vn 0.92126 0 -0.385827 
vn 0.692913 0.685039 -0.23622 
vn 0.551181 0.685039 -0.480315 
vn 0.0866142 0.992126 0.023622 
vn 0.708661 0 -0.708661 
vn 0.385827 0 -0.92126 
vn 0.322835 0.685039 -0.653543 
vn 0.0866142 0.992126 -0.015748 
vn 0.0787402 0.992126 -0.0472441 
vn -0.0551181 -0.992126 -0.0708661 
vn 0.0472441 0.685039 -0.732283 
vn 0.0551181 0.992126 -0.0708661 
vn 0 0 -1 
vn -0.23622 0.685039 -0.692913 
vn 0.023622 0.992126 -0.0866142 
vn -0.0866142 -0.992126 -0.015748 
vn -0.480315 0.685039 -0.551181 
vn -0.015748 0.992126 -0.0866142 
vn -0.385827 0 -0.92126 
vn -0.708661 0 -0.708661 
vn -0.653543 0.685039 -0.322835 
vn -0.92126 0 -0.385827 
vn -0.023622 0.80315 0.598425 
vn -0.590551 0.582677 0.559055 
vn -0.023622 -0.80315 -0.598425 
vn -0.0472441 0.755906 -0.653543 
vn -0.598425 0.535433 -0.590551 
vn -0.692913 0.685039 0.23622 
vn -0.0708661 0.992126 -0.0551181 
vn -0.0866142 0.992126 -0.023622 
vn -0.92126 0 0.385827 
vn -0.551181 0.685039 0.480315 
vn -0.322835 0.685039 0.653543 
vn -0.0866142 0.992126 0.015748 
vn -0.708661 0 0.708661 
vn -0.0787402 0.992126 0.0472441 
vn -0.385827 0 0.92126 
vn 0 0 1 
vn -0.0472441 0.685039 0.732283 
vn -0.0551181 0.992126 0.0708661 
vn 0.23622 0.685039 0.692913 
vn 0.385827 0 0.92126 
vn 0.0866142 -0.992126 -0.023622 
vn 0.480315 0.685039 0.551181 
vn -0.023622 0.992126 0.0866142 
vn 0.015748 0.992126 0.0866142 
vn 0.92126 0 0.385827 
vn 0.653543 0.685039 0.322835 
vn 1 0 0 
vn 0.732283 0.685039 0.0472441 
vn 0.0472441 0.992126 0.0787402 
vn 0.692913 0.685039 -0.23622 
vn 0.0708661 0.992126 0.0551181 
vn 0.92126 0 -0.385827 
vn 0.551181 0.685039 -0.480315 
vn 0.0866142 0.992126 0.023622 
vn 0.0866142 0.992126 -0.015748 
vn 0.385827 0 -0.92126 
vn 0.322835 0.685039 -0.653543 
vn 0 0 -1 
vn 0.0472441 0.685039 -0.732283 
vn 0.0787402 0.992126 -0.0472441 
vn -0.0787402 -0.992126 -0.0472441 
vn -0.23622 0.685039 -0.692913 
vn 0.0551181 0.992126 -0.0708661 
vn -0.385827 0 -0.92126 
vn -0.480315 0.685039 -0.551181 
vn 0.023622 0.992126 -0.0866142 
vn -0.015748 0.992126 -0.0866142 
vn -0.92126 0 -0.385827 
vn -0.653543 0.685039 -0.322835 
vn -1 0 0 
vn -0.732283 0.685039 -0.0472441 
vn -0.0472441 0.992126 -0.0787402 
vn -0.0708661 0.992126 -0.0551181 
vn -0.0472441 -0.992126 0.0787402 
vn -0.692913 0.685039 0.23622 
vn -0.551181 0.685039 0.480315 
vn -0.0866142 0.992126 -0.023622 
vn -0.92126 0 0.385827 
vn -0.0866142 0.992126 0.015748 
vn -0.385827 0 0.92126 
vn -0.322835 0.685039 0.653543 
vn 0 0 1 
vn -0.0472441 0.685039 0.732283 
vn 0.385827 0 0.92126 
vn 0.708661 0 0.708661 
vn 0.480315 0.685039 0.551181 
vn -0.023622 0.992126 0.0866142 
vn -0.0551181 0.992126 0.0708661 
vn 0.92126 0 0.385827 
vn 0.653543 0.685039 0.322835 
vn 0.015748 0.992126 0.0866142 
vn 1 0 0 
vn 0.732283 0.685039 0.0472441 
vn 0.0472441 0.992126 0.0787402 
vn 0.692913 0.685039 -0.23622 
vn 0.0708661 0.992126 0.0551181 
vn 0.551181 0.685039 -0.480315 
vn 0.0866142 0.992126 0.023622 
vn 0.0866142 0.992126 -0.015748 
vn 0.385827 0 -0.92126 
vn 0.322835 0.685039 -0.653543 
vn 0 0 -1 
vn 0.0472441 0.685039 -0.732283 
vn 0.0787402 0.992126 -0.0472441 
vn -0.23622 0.685039 -0.692913 
vn 0.0551181 0.992126 -0.0708661 
vn 0.023622 0.992126 -0.0866142 
vn -0.480315 0.685039 -0.551181 
vn -0.015748 0.992126 -0.0866142 
vn -0.385827 0 -0.92126 
vn -0.708661 0 -0.708661 
vn -0.92126 0 -0.385827 
vn -0.653543 0.685039 -0.322835 
vn -0.0472441 0.992126 -0.0787402 
vn -0.015748 -0.992126 0.0866142 
vn -1 0 0 
vn -0.732283 0.685039 -0.0472441 
vn -0.0708661 0.992126 -0.0551181 
vn -0.692913 0.685039 0.23622 
vn -0.0866142 0.992126 -0.023622 
vn -0.92126 0 0.385827 
vn -0.551181 0.685039 0.480315 
vn -0.708661 0 0.708661 
vn -0.385827 0 0.92126 
vn -0.322835 0.685039 0.653543 
vn -0.0866142 0.992126 0.015748 
vn 0 0 1 
vn -0.0472441 0.685039 0.732283 
vn -0.0787402 0.992126 0.0472441 
vn 0.23622 0.685039 0.692913 
vn -0.0551181 0.992126 0.0708661 
vn 0.480315 0.685039 0.551181 
vn -0.023622 0.992126 0.0866142 
vn 0.015748 0.992126 0.0866142 
vn 0.92126 0 0.385827 
vn 0.653543 0.685039 0.322835 
vn 1 0 0 
vn 0.015748 -0.992126 -0.0866142 
vn 0.732283 0.685039 0.0472441 
vn 0.0472441 0.992126 0.0787402 
vn 0.0708661 0.992126 0.0551181 
vn 0.692913 0.685039 -0.23622 
vn 0.0866142 0.992126 0.023622 
vn 0.92126 0 -0.385827 
vn -0.0551181 -0.992126 -0.0708661 
vn 0.551181 0.685039 -0.480315 
vn 0.0866142 0.992126 -0.015748 
vn 0.708661 0 -0.708661 
vn 0.385827 0 -0.92126 
vn 0.322835 0.685039 -0.653543 
vn 0.0787402 0.992126 -0.0472441 
vn 0 0 -1 
vn 0.0472441 0.685039 -0.732283 
vn 0.0551181 0.992126 -0.0708661 
vn -0.23622 0.685039 -0.692913 
vn 0.023622 0.992126 -0.0866142 
vn -0.385827 0 -0.92126 
vn -0.480315 0.685039 -0.551181 
vn -0.708661 0 -0.708661 
vn -0.92126 0 -0.385827 
vn -0.653543 0.685039 -0.322835 
vn -0.015748 0.992126 -0.0866142 
vn -1 0 0 
vn -0.732283 0.685039 -0.0472441 
vn -0.0472441 0.992126 -0.0787402 
vn -0.692913 0.685039 0.23622 
vn -0.0708661 0.992126 -0.0551181 
vn -0.551181 0.685039 0.480315 
vn -0.0866142 0.992126 -0.023622 
vn -0.0866142 0.992126 0.015748 
vn -0.385827 0 0.92126 
vn -0.322835 0.685039 0.653543 
vn 0 0 1 
vn 0.0866142 -0.992126 0.015748 
vn -0.0472441 0.685039 0.732283 
vn -0.0787402 0.992126 0.0472441 
vn -0.0551181 0.992126 0.0708661 
vn 0.23622 0.685039 0.692913 
vn -0.023622 0.992126 0.0866142 
vn 0.385827 0 0.92126 
vn 0.480315 0.685039 0.551181 
vn 0.015748 0.992126 0.0866142 
vn 0.708661 0 0.708661 
vn 0.92126 0 0.385827 
vn 0.653543 0.685039 0.322835 
vn 0.0472441 0.992126 0.0787402 
vn 0.015748 -0.992126 -0.0866142 
vn 1 0 0 
vn 0.732283 0.685039 0.0472441 
vn 0.0708661 0.992126 0.0551181 
vn -0.0787402 0.992126 0.0472441 
vn 0.23622 0.685039 0.692913 
vn -0.0551181 0.992126 0.0708661 
vn -0.023622 0.992126 0.0866142 
vn 0.0866142 -0.992126 0.015748 
vn 0.480315 0.685039 0.551181 
vn 0.015748 0.992126 0.0866142 
vn 0.385827 0 0.92126 
vn 0.708661 0 0.708661 
vn 0.92126 0 0.385827 
vn 0.653543 0.685039 0.322835 
vn 1 0 0 
vn 0.732283 0.685039 0.0472441 
vn 0.0472441 0.992126 0.0787402 
vn 0.692913 0.685039 -0.23622 
vn 0.0708661 0.992126 0.0551181 
vn 0.92126 0 -0.385827 
vn 0.551181 0.685039 -0.480315 
vn 0.0866142 0.992126 0.023622 
vn 0.708661 0 -0.708661 
vn 0.322835 0.685039 -0.653543 
vn 0.385827 0 -0.92126 
vn 0.0866142 0.992126 -0.015748 
vn -0.0551181 -0.992126 -0.0708661 
vn 0.0472441 0.685039 -0.732283 
vn 0.0787402 0.992126 -0.0472441 
vn 0 0 -1 
vn -0.23622 0.685039 -0.692913 
vn 0.0551181 0.992126 -0.0708661 
vn -0.385827 0 -0.92126 
vn -0.480315 0.685039 -0.551181 
vn 0.023622 0.992126 -0.0866142 
vn -0.708661 0 -0.708661 
vn -0.92126 0 -0.385827 
vn -0.653543 0.685039 -0.322835 
vn -0.015748 0.992126 -0.0866142 
vn -0.732283 0.685039 -0.0472441 
vn -0.0472441 0.992126 -0.0787402 
vn -1 0 0 
vn -0.015748 -0.992126 0.0866142 
vn -0.692913 0.685039 0.23622 
vn -0.0708661 0.992126 -0.0551181 
vn -0.0866142 0.992126 -0.023622 
vn -0.92126 0 0.385827 
vn -0.551181 0.685039 0.480315 
vn -0.0866142 0.992126 0.015748 
vn -0.708661 0 0.708661 
vn -0.385827 0 0.92126 
vn -0.322835 0.685039 0.653543 
vn -0.0787402 0.992126 0.0472441 
vn 0.0787402 -0.992126 0.0472441 
vn -0.0472441 0.685039 0.732283 
vn 0.23622 0.685039 0.692913 
vn -0.606299 0.732283 0.322835 
vn 0.0472441 0.992126 0.0787402 
vn 0.0708661 0.992126 0.0551181 
vn 0.0866142 0.992126 0.023622 
vn -0.708661 0 0.708661 
vn -0.92126 0 0.385827 
vn -0.433071 0.732283 0.527559 
vn 0.0866142 0.992126 -0.015748 
vn -0.19685 0.732283 0.653543 
vn 0.0787402 0.992126 -0.0472441 
vn -0.023622 -0.992126 -0.0866142 
vn 0 0 1 
vn 0.0629921 0.732283 0.677165 
vn 0.385827 0 0.92126 
vn 0.322835 0.732283 0.606299 
vn 0.0551181 0.992126 -0.0708661 
vn 0.023622 0.992126 -0.0866142 
vn 0.708661 0 0.708661 
vn 0.527559 0.732283 0.433071 
vn -0.015748 0.992126 -0.0866142 
vn 0.653543 0.732283 0.19685 
vn 0.92126 0 0.385827 
vn -0.015748 -0.992126 0.0866142 
vn 0.677165 0.732283 -0.0629921 
vn -0.0472441 0.992126 -0.0787402 
vn 1 0 0 
vn -0.0708661 0.992126 -0.0551181 
vn 0.92126 0 -0.385827 
vn 0.606299 0.732283 -0.322835 
vn 0.433071 0.732283 -0.527559 
vn -0.0866142 0.992126 -0.023622 
vn 0.708661 0 -0.708661 
vn -0.0866142 0.992126 0.015748 
vn 0.19685 0.732283 -0.653543 
vn 0.385827 0 -0.92126 
vn 0 0 -1 
vn 0.0866142 -0.992126 -0.023622 
vn -0.0629921 0.732283 -0.677165 
vn -0.0787402 0.992126 0.0472441 
vn -0.322835 0.732283 -0.606299 
vn -0.0551181 0.992126 0.0708661 
vn -0.023622 0.992126 0.0866142 
vn -0.708661 0 -0.708661 
vn -0.527559 0.732283 -0.433071 
vn 0.015748 0.992126 0.0866142 
vn -0.653543 0.732283 -0.19685 
vn -1 0 0 
vn -0.677165 0.732283 0.0629921 
vn -0.653543 0.732283 -0.19685 
vn -1 0 0 
vn 0.0472441 0.992126 0.0787402 
vn -0.677165 0.732283 0.0629921 
vn -0.606299 0.732283 0.322835 
vn 0.0708661 0.992126 0.0551181 
vn -0.92126 0 0.385827 
vn -0.433071 0.732283 0.527559 
vn 0.0866142 0.992126 0.023622 
vn -0.708661 0 0.708661 
vn -0.19685 0.732283 0.653543 
vn 0.0866142 0.992126 -0.015748 
vn -0.0551181 -0.992126 -0.0708661 
vn 0.0629921 0.732283 0.677165 
vn 0.0787402 0.992126 -0.0472441 
vn 0.385827 0 0.92126 
vn 0.322835 0.732283 0.606299 
vn 0.0551181 0.992126 -0.0708661 
vn 0.708661 0 0.708661 
vn -0.0708661 -0.992126 0.0551181 
vn 0.527559 0.732283 0.433071 
vn 0.023622 0.992126 -0.0866142 
vn -0.015748 0.992126 -0.0866142 
vn 0.653543 0.732283 0.19685 
vn -0.0472441 0.992126 -0.0787402 
vn -0.015748 -0.992126 0.0866142 
vn 1 0 0 
vn 0.677165 0.732283 -0.0629921 
vn 0.92126 0 -0.385827 
vn 0.606299 0.732283 -0.322835 
vn -0.0708661 0.992126 -0.0551181 
vn -0.0866142 0.992126 -0.023622 
vn 0.708661 0 -0.708661 
vn 0.433071 0.732283 -0.527559 
vn -0.0866142 0.992126 0.015748 
vn 0.0787402 -0.992126 0.0472441 
vn 0.19685 0.732283 -0.653543 
vn 0.385827 0 -0.92126 
vn 0 0 -1 
vn -0.0629921 0.732283 -0.677165 
vn -0.0787402 0.992126 0.0472441 
vn -0.385827 0 -0.92126 
vn -0.322835 0.732283 -0.606299 
vn -0.0551181 0.992126 0.0708661 
vn -0.708661 0 -0.708661 
vn -0.527559 0.732283 -0.433071 
vn -0.023622 0.992126 0.0866142 
vn -0.653543 0.732283 -0.19685 
vn 0.015748 0.992126 0.0866142 
vn -0.677165 0.732283 0.0629921 
vn 0.606299 0.732283 -0.322835 
vn 0.488189 0.519685 -0.700787 
vn -0.0708661 0.992126 -0.0551181 
vn -0.0472441 0.755906 -0.653543 
vn -0.0866142 0.992126 -0.023622 
vn 0.708661 -0.015748 -0.700787 
vn 0.433071 0.732283 -0.527559 
vn 0.708661 0 -0.708661 
vn 0.19685 0.732283 -0.653543 
vn -0.0866142 0.992126 0.015748 
vn -0.023622 -0.80315 -0.598425 
vn 0.0866142 -0.992126 -0.023622 
vn -0.0629921 0.732283 -0.677165 
vn -0.0787402 0.992126 0.0472441 
vn -0.0551181 0.992126 0.0708661 
vn -0.322835 0.732283 -0.606299 
vn -0.023622 0.992126 0.0866142 
vn -0.708661 0 -0.708661 
vn -0.527559 0.732283 -0.433071 
vn -0.653543 0.732283 -0.19685 
vn 0.015748 0.992126 0.0866142 
vn 0.0472441 -0.992126 -0.0787402 
vn 0.0472441 0.992126 0.0787402 
vn -0.92126 0 -0.385827 
vn -0.677165 -0.732283 -0.0629921 
vn -0.677165 0.732283 0.0629921 
vn 0.0708661 0.992126 0.0551181 
vn -0.606299 0.732283 0.322835 
vn 0.0866142 0.992126 0.023622 
vn -0.0787402 -0.992126 -0.0472441 
vn -0.433071 0.732283 0.527559 
vn -0.19685 0.732283 0.653543 
vn 0.0866142 0.992126 -0.015748 
vn -0.385827 0 0.92126 
vn 0.0787402 0.992126 -0.0472441 
vn 0 0 1 
vn 0.0629921 0.732283 0.677165 
vn 0.322835 0.732283 0.606299 
vn 0.0551181 0.992126 -0.0708661 
vn 0.385827 0 0.92126 
vn 0.527559 0.732283 0.433071 
vn 0.023622 0.992126 -0.0866142 
vn 0.708661 0 0.708661 
vn 0.653543 0.732283 0.19685 
vn -0.015748 0.992126 -0.0866142 
vn -0.0472441 -0.992126 0.0787402 
vn -0.0472441 0.992126 -0.0787402 
vn 0.677165 0.732283 -0.0629921 
vn -0.0708661 0.992126 -0.0551181 
vn 0.606299 0.732283 -0.322835 
vn -0.0866142 0.992126 -0.023622 
vn 0.708661 0 -0.708661 
vn 0.433071 0.732283 -0.527559 
vn 0.19685 0.732283 -0.653543 
vn -0.0866142 0.992126 0.015748 
vn 0.385827 0 -0.92126 
vn -0.0787402 0.992126 0.0472441 
vn 0.0866142 -0.992126 0.015748 
vn 0 0 -1 
vn -0.0629921 0.732283 -0.677165 
vn -0.385827 0 -0.92126 
vn -0.322835 0.732283 -0.606299 
vn -0.0551181 0.992126 0.0708661 
vn -0.023622 0.992126 0.0866142 
vn -0.708661 0 -0.708661 
vn -0.527559 0.732283 -0.433071 
vn 0.015748 0.992126 0.0866142 
vn -0.433071 0.732283 0.527559 
vn 0.0866142 0.992126 0.023622 
vn -0.708661 0 0.708661 
vn 0.0866142 0.992126 -0.015748 
vn -0.19685 0.732283 0.653543 
vn -0.385827 0 0.92126 
vn -0.0866142 -0.992126 0.023622 
vn 0.0629921 0.732283 0.677165 
vn 0.0787402 0.992126 -0.0472441 
vn 0.322835 0.732283 0.606299 
vn 0.0551181 0.992126 -0.0708661 
vn 0.023622 0.992126 -0.0866142 
vn 0.708661 0 0.708661 
vn 0.527559 0.732283 0.433071 
vn -0.015748 0.992126 -0.0866142 
vn 0.653543 0.732283 0.19685 
vn -0.0472441 0.992126 -0.0787402 
vn -0.015748 -0.992126 0.0866142 
vn 1 0 0 
vn 0.677165 0.732283 -0.0629921 
vn 0.92126 0 -0.385827 
vn 0.606299 0.732283 -0.322835 
vn -0.0708661 0.992126 -0.0551181 
vn -0.0866142 0.992126 -0.023622 
vn 0.708661 0 -0.708661 
vn 0.433071 0.732283 -0.527559 
vn -0.0866142 0.992126 0.015748 
vn 0.19685 0.732283 -0.653543 
vn 0.385827 0 -0.92126 
vn 0.0787402 -0.992126 0.0472441 
vn -0.0629921 0.732283 -0.677165 
vn -0.0787402 0.992126 0.0472441 
vn 0 0 -1 
vn -0.0551181 0.992126 0.0708661 
vn -0.322835 0.732283 -0.606299 
vn -0.023622 0.992126 0.0866142 
vn -0.708661 0 -0.708661 
vn 0.0472441 -0.992126 -0.0787402 
vn -0.527559 0.732283 -0.433071 
vn -0.653543 0.732283 -0.19685 
vn 0.015748 0.992126 0.0866142 
vn -0.92126 0 -0.385827 
vn -1 0 0 
vn -0.677165 0.732283 0.0629921 
vn 0.0472441 0.992126 0.0787402 
vn -0.606299 0.732283 0.322835 
vn 0.0708661 0.992126 0.0551181 
vn 0.0866142 0.992126 0.023622 
vn -0.708661 0 0.708661 
vn -0.433071 0.732283 0.527559 
vn 0.0866142 0.992126 -0.015748 
vn -0.19685 0.732283 0.653543 
vn -0.385827 0 0.92126 
vn -0.0866142 -0.992126 -0.015748 
vn 0 0 1 
vn 0.0629921 0.732283 0.677165 
vn 0.0787402 0.992126 -0.0472441 
vn 0.322835 0.732283 0.606299 
vn 0.0551181 0.992126 -0.0708661 
vn 0.023622 0.992126 -0.0866142 
vn 0.708661 0 0.708661 
vn 0.527559 0.732283 0.433071 
vn -0.015748 0.992126 -0.0866142 
vn 0.653543 0.732283 0.19685 
vn 0.511811 0.559055 0.653543 
vn -0.023622 0.80315 0.598425 
vn -0.527559 -0.732283 0.433071 
vn -0.0551181 -0.992126 -0.0708661 
vn -0.708661 0 0.708661 
vn -0.433071 0.732283 0.527559 
vn 0.0866142 0.992126 -0.015748 
vn -0.322835 -0.732283 0.606299 
vn -0.0787402 -0.992126 -0.0472441 
vn -0.19685 0.732283 0.653543 
vn -0.385827 0 0.92126 
vn -0.0629921 -0.732283 0.677165 
vn -0.0866142 -0.992126 -0.015748 
vn 0.0629921 0.732283 0.677165 
vn 0.0787402 0.992126 -0.0472441 
vn 0 0 1 
vn 0.19685 -0.732283 0.653543 
vn 0.385827 0 0.92126 
vn 0.322835 0.732283 0.606299 
vn 0.527559 0.732283 0.433071 
vn 0.708661 0 0.708661 
vn -0.015748 0.992126 -0.0866142 
vn 0.433071 -0.732283 0.527559 
vn 0.015748 -0.992126 -0.0866142 
vn -0.480315 -0.685039 0.551181 
vn -0.551181 0.685039 0.480315 
vn -0.0866142 0.992126 0.015748 
vn -0.708661 0 0.708661 
vn 0.0551181 -0.992126 0.0708661 
vn -0.385827 0 0.92126 
vn -0.322835 0.685039 0.653543 
vn -0.0787402 0.992126 0.0472441 
vn -0.23622 -0.685039 0.692913 
vn 0.0787402 -0.992126 0.0472441 
vn 0 0 1 
vn -0.0472441 0.685039 0.732283 
vn 0.23622 0.685039 0.692913 
vn -0.0551181 0.992126 0.0708661 
vn 0.0472441 -0.685039 0.732283 
vn 0.480315 0.685039 0.551181 
vn 0.322835 -0.685039 0.653543 
vn 0.385827 0 0.92126 
vn 0.551181 -0.685039 0.480315 
vn 0.708661 0 0.708661 
vn -0.0472441 -0.755906 0.653543 
vn -0.834646 0.015748 0.551181 
vn -0.023622 0.80315 0.598425 
vn -0.598425 -0.543307 0.590551 
vn -0.590551 0.582677 0.559055 
vn 0.708661 0.015748 0.700787 
vn 0.511811 0.559055 0.653543 
vn 0.488189 -0.519685 0.700787 
vn -0.551181 0.685039 0.480315 
vn -0.322835 0.685039 0.653543 
vn -0.0866142 0.992126 0.015748 
vn -0.708661 0 0.708661 
vn -0.0787402 0.992126 0.0472441 
vn -0.480315 -0.685039 0.551181 
vn -0.385827 0 0.92126 
vn -0.23622 -0.685039 0.692913 
vn 0.0551181 -0.992126 0.0708661 
vn 0 0 1 
vn 0.0472441 -0.685039 0.732283 
vn -0.0472441 0.685039 0.732283 
vn -0.0551181 0.992126 0.0708661 
vn 0.322835 -0.685039 0.653543 
vn 0.23622 0.685039 0.692913 
vn 0.385827 0 0.92126 
vn 0.551181 -0.685039 0.480315 
vn 0.0866142 -0.992126 -0.023622 
vn 0.480315 0.685039 0.551181 
vn 0.708661 0 0.708661 
vn -0.551181 0.685039 0.480315 
vn -0.0866142 0.992126 -0.023622 
vn -0.92126 0 0.385827 
vn -0.480315 -0.685039 0.551181 
vn 0.023622 -0.992126 0.0866142 
vn -0.708661 0 0.708661 
vn 0.0551181 -0.992126 0.0708661 
vn -0.385827 0 0.92126 
vn -0.322835 0.685039 0.653543 
vn -0.23622 -0.685039 0.692913 
vn 0.0787402 -0.992126 0.0472441 
vn 0 0 1 
vn -0.0472441 0.685039 0.732283 
vn 0.551181 -0.685039 0.480315 
vn 0.322835 -0.685039 0.653543 
vn 0.385827 0 0.92126 
vn 0.708661 0 0.708661 
vn 0.480315 0.685039 0.551181 
vn -0.0551181 0.992126 0.0708661 
vn -0.480315 -0.685039 0.551181 
vn -0.551181 0.685039 0.480315 
vn -0.708661 0 0.708661 
vn -0.23622 -0.685039 0.692913 
vn 0.0551181 -0.992126 0.0708661 
vn -0.385827 0 0.92126 
vn -0.322835 0.685039 0.653543 
vn -0.0866142 0.992126 0.015748 
vn 0.0472441 -0.685039 0.732283 
vn 0.0787402 -0.992126 0.0472441 
vn 0 0 1 
vn -0.0472441 0.685039 0.732283 
vn -0.0787402 0.992126 0.0472441 
vn 0.322835 -0.685039 0.653543 
vn 0.0866142 -0.992126 0.015748 
vn 0.23622 0.685039 0.692913 
vn -0.0551181 0.992126 0.0708661 
vn 0.385827 0 0.92126 
vn 0.551181 -0.685039 0.480315 
vn 0.0866142 -0.992126 -0.023622 
vn 0.480315 0.685039 0.551181 
vn -0.023622 0.992126 0.0866142 
vn 0.708661 0 0.708661 
vn 0.92126 0 0.385827 
vn -0.480315 -0.685039 0.551181 
vn 0.023622 -0.992126 0.0866142 
vn 0.0551181 -0.992126 0.0708661 
vn -0.551181 0.685039 0.480315 
vn -0.0866142 0.992126 -0.023622 
vn -0.708661 0 0.708661 
vn -0.385827 0 0.92126 
vn -0.23622 -0.685039 0.692913 
vn 0.0787402 -0.992126 0.0472441 
vn -0.322835 0.685039 0.653543 
vn 0 0 1 
vn 0.0472441 -0.685039 0.732283 
vn 0.0866142 -0.992126 0.015748 
vn -0.0472441 0.685039 0.732283 
vn -0.0787402 0.992126 0.0472441 
vn -0.0551181 0.992126 0.0708661 
vn 0.322835 -0.685039 0.653543 
vn 0.23622 0.685039 0.692913 
vn 0.385827 0 0.92126 
vn 0.551181 -0.685039 0.480315 
vn 0.480315 0.685039 0.551181 
vn 0.708661 0 0.708661 
vn -0.0787402 0.992126 0.0472441 
vn 0.23622 0.685039 0.692913 
vn -0.0551181 0.992126 0.0708661 
vn 0.0472441 -0.685039 0.732283 
vn 0.0866142 -0.992126 0.015748 
vn 0.322835 -0.685039 0.653543 
vn 0.480315 0.685039 0.551181 
vn 0.551181 -0.685039 0.480315 
vn 0.385827 0 0.92126 
vn 0.708661 0 0.708661 
vn -0.480315 -0.685039 0.551181 
vn -0.551181 0.685039 0.480315 
vn -0.708661 0 0.708661 
vn 0.0551181 -0.992126 0.0708661 
vn -0.385827 0 0.92126 
vn -0.322835 0.685039 0.653543 
vn -0.0787402 0.992126 0.0472441 
vn -0.23622 -0.685039 0.692913 
vn 0.0787402 -0.992126 0.0472441 
vn 0 0 1 
vn -0.0472441 0.685039 0.732283 
vn 0.23622 0.685039 0.692913 
vn 0.0472441 -0.685039 0.732283 
vn 0.0866142 0.992126 0.023622 
vn -0.708661 0 0.708661 
vn -0.433071 0.732283 0.527559 
vn 0.0866142 0.992126 -0.015748 
vn -0.19685 0.732283 0.653543 
vn 0.0787402 0.992126 -0.0472441 
vn -0.527559 -0.732283 0.433071 
vn -0.023622 -0.992126 -0.0866142 
vn -0.322835 -0.732283 0.606299 
vn -0.0787402 -0.992126 -0.0472441 
vn -0.385827 0 0.92126 
vn -0.0629921 -0.732283 0.677165 
vn -0.0866142 -0.992126 -0.015748 
vn 0 0 1 
vn 0.19685 -0.732283 0.653543 
vn 0.0629921 0.732283 0.677165 
vn 0.385827 0 0.92126 
vn 0.322835 0.732283 0.606299 
vn 0.0551181 0.992126 -0.0708661 
vn 0.433071 -0.732283 0.527559 
vn 0.708661 0 0.708661 
vn 0.527559 0.732283 0.433071 
vn 0.015748 -0.992126 -0.0866142 
vn 0.015748 -0.992126 -0.0866142 
vn 0.0472441 -0.992126 -0.0787402 
vn -1 0 0 
vn 0.0472441 0.992126 0.0787402 
vn -0.433071 0.732283 0.527559 
vn 0.0866142 0.992126 0.023622 
vn -0.708661 0 0.708661 
vn -0.19685 0.732283 0.653543 
vn 0.0866142 0.992126 -0.015748 
vn -0.527559 -0.732283 0.433071 
vn -0.322835 -0.732283 0.606299 
vn -0.0551181 -0.992126 -0.0708661 
vn -0.0787402 -0.992126 -0.0472441 
vn -0.385827 0 0.92126 
vn -0.0629921 -0.732283 0.677165 
vn -0.0866142 -0.992126 -0.015748 
vn 0 0 1 
vn 0.0629921 0.732283 0.677165 
vn 0.0787402 0.992126 -0.0472441 
vn 0.19685 -0.732283 0.653543 
vn 0.385827 0 0.92126 
vn 0.322835 0.732283 0.606299 
vn 0.708661 0 0.708661 
vn 0.433071 -0.732283 0.527559 
vn -0.0708661 -0.992126 0.0551181 
vn 0.527559 0.732283 0.433071 
vn 0.023622 0.992126 -0.0866142 
vn -0.0472441 0.755906 -0.653543 
vn 0.708661 -0.015748 -0.700787 
vn -0.023622 -0.80315 -0.598425 
vn -0.023622 -0.992126 -0.0866142 
vn 0.0866142 0.992126 0.023622 
vn -0.708661 0 0.708661 
vn -0.527559 -0.732283 0.433071 
vn -0.322835 -0.732283 0.606299 
vn -0.0551181 -0.992126 -0.0708661 
vn -0.433071 0.732283 0.527559 
vn -0.19685 0.732283 0.653543 
vn 0.0866142 0.992126 -0.015748 
vn -0.385827 0 0.92126 
vn -0.0629921 -0.732283 0.677165 
vn -0.0866142 -0.992126 -0.015748 
vn 0 0 1 
vn 0.0629921 0.732283 0.677165 
vn 0.322835 0.732283 0.606299 
vn 0.385827 0 0.92126 
vn 0.19685 -0.732283 0.653543 
vn 0.527559 0.732283 0.433071 
vn 0.023622 0.992126 -0.0866142 
vn 0.708661 0 0.708661 
vn 0.433071 -0.732283 0.527559 
vn -0.0866142 -0.992126 0.023622 
vn -0.433071 0.732283 0.527559 
vn -0.708661 0 0.708661 
vn 0.0866142 0.992126 -0.015748 
vn -0.527559 -0.732283 0.433071 
vn -0.0551181 -0.992126 -0.0708661 
vn -0.322835 -0.732283 0.606299 
vn -0.0787402 -0.992126 -0.0472441 
vn -0.19685 0.732283 0.653543 
vn -0.385827 0 0.92126 
vn -0.0629921 -0.732283 0.677165 
vn 0.19685 -0.732283 0.653543 
vn -0.0866142 -0.992126 -0.015748 
vn 0 0 1 
vn -0.0866142 -0.992126 0.023622 
vn 0.0629921 0.732283 0.677165 
vn 0.0787402 0.992126 -0.0472441 
vn 0.385827 0 0.92126 
vn 0.322835 0.732283 0.606299 
vn 0.023622 0.992126 -0.0866142 
vn 0.708661 0 0.708661 
vn 0.527559 0.732283 0.433071 
vn 0.433071 -0.732283 0.527559 
vn -0.708661 0 0.708661 
vn -0.433071 0.732283 0.527559 
vn 0.0866142 0.992126 -0.015748 
vn -0.527559 -0.732283 0.433071 
vn -0.0551181 -0.992126 -0.0708661 
vn -0.322835 -0.732283 0.606299 
vn -0.19685 0.732283 0.653543 
vn -0.385827 0 0.92126 
vn -0.0629921 -0.732283 0.677165 
vn -0.0866142 -0.992126 -0.015748 
vn 0 0 1 
vn 0.0629921 0.732283 0.677165 
vn 0.0787402 0.992126 -0.0472441 
vn 0.19685 -0.732283 0.653543 
vn 0.385827 0 0.92126 
vn 0.322835 0.732283 0.606299 
vn 0.0551181 0.992126 -0.0708661 
vn 0.433071 -0.732283 0.527559 
vn 0.708661 0 0.708661 
vn 0.527559 0.732283 0.433071 
vn -0.606299 0.732283 0.322835 
vn 0.0472441 0.992126 0.0787402 
vn -0.653543 -0.732283 0.19685 
vn -0.527559 -0.732283 0.433071 
vn -0.0551181 -0.992126 -0.0708661 
vn -0.708661 0 0.708661 
vn -0.92126 0 0.385827 
vn -0.433071 0.732283 0.527559 
vn 0.0866142 -0.992126 0.015748 
vn -0.708661 0 -0.708661 
vn -0.433071 -0.732283 -0.527559 
vn 0.0708661 -0.992126 -0.0551181 
vn -0.527559 0.732283 -0.433071 
vn 0.015748 0.992126 0.0866142 
vn -0.606299 -0.732283 -0.322835 
vn -0.677165 -0.732283 -0.0629921 
vn 0.0472441 -0.992126 -0.0787402 
vn -0.92126 0 -0.385827 
vn 0.015748 -0.992126 -0.0866142 
vn -0.653543 0.732283 -0.19685 
vn -1 0 0 
vn -0.677165 0.732283 0.0629921 
vn 0.0472441 0.992126 0.0787402 
vn -0.653543 -0.732283 0.19685 
vn -0.92126 0 0.385827 
vn -0.606299 0.732283 0.322835 
vn -0.385827 0 -0.92126 
vn -0.551181 -0.685039 -0.480315 
vn -0.0866142 -0.992126 0.023622 
vn -0.0708661 -0.992126 0.0551181 
vn -0.480315 0.685039 -0.551181 
vn 0.023622 0.992126 -0.0866142 
vn -0.708661 0 -0.708661 
vn -0.92126 0 -0.385827 
vn -0.692913 -0.685039 -0.23622 
vn -0.0472441 -0.992126 0.0787402 
vn -0.653543 0.685039 -0.322835 
vn -1 0 0 
vn -0.732283 -0.685039 0.0472441 
vn -0.015748 -0.992126 0.0866142 
vn -0.732283 0.685039 -0.0472441 
vn -0.0472441 0.992126 -0.0787402 
vn -0.0708661 0.992126 -0.0551181 
vn -0.653543 -0.685039 0.322835 
vn -0.692913 0.685039 0.23622 
vn -0.480315 -0.685039 0.551181 
vn -0.92126 0 0.385827 
vn -0.551181 0.685039 0.480315 
vn -0.708661 0 0.708661 
vn -0.0866142 -0.992126 -0.015748 
vn -0.480315 0.685039 -0.551181 
vn -0.551181 -0.685039 -0.480315 
vn -0.015748 0.992126 -0.0866142 
vn -0.385827 0 -0.92126 
vn -0.708661 0 -0.708661 
vn -0.653543 0.685039 -0.322835 
vn -0.92126 0 -0.385827 
vn -0.692913 -0.685039 -0.23622 
vn -0.0472441 -0.755906 0.653543 
vn -0.834646 0.015748 0.551181 
vn -0.023622 0.80315 0.598425 
vn -0.598425 -0.543307 0.590551 
vn -0.590551 0.582677 0.559055 
vn 0.511811 0.559055 0.653543 
vn -0.015748 -0.992126 0.0866142 
vn -0.598425 -0.582677 -0.559055 
vn -0.023622 -0.80315 -0.598425 
vn -0.834646 -0.015748 -0.551181 
vn -0.653543 -0.685039 0.322835 
vn -0.0472441 0.755906 -0.653543 
vn -0.598425 0.535433 -0.590551 
vn -0.692913 0.685039 0.23622 
vn -0.92126 0 0.385827 
vn -0.551181 0.685039 0.480315 
vn -0.708661 0 0.708661 
vn -0.480315 -0.685039 0.551181 
vn -0.385827 0 -0.92126 
vn -0.480315 0.685039 -0.551181 
vn 0.023622 0.992126 -0.0866142 
vn -0.551181 -0.685039 -0.480315 
vn -0.0866142 -0.992126 0.023622 
vn -0.015748 0.992126 -0.0866142 
vn -0.0708661 -0.992126 0.0551181 
vn -0.708661 0 -0.708661 
vn -0.92126 0 -0.385827 
vn -0.653543 0.685039 -0.322835 
vn -0.692913 -0.685039 -0.23622 
vn -1 0 0 
vn -0.732283 0.685039 -0.0472441 
vn -0.0472441 0.992126 -0.0787402 
vn -0.0708661 0.992126 -0.0551181 
vn -0.732283 -0.685039 0.0472441 
vn -0.0472441 -0.992126 0.0787402 
vn -0.692913 0.685039 0.23622 
vn -0.551181 0.685039 0.480315 
vn -0.0866142 0.992126 -0.023622 
vn -0.92126 0 0.385827 
vn -0.653543 -0.685039 0.322835 
vn -0.480315 -0.685039 0.551181 
vn 0.023622 -0.992126 0.0866142 
vn -0.708661 0 0.708661 
vn -0.385827 0 0.92126 
vn -0.0866142 -0.992126 -0.015748 
vn 0.0551181 0.992126 -0.0708661 
vn -0.551181 -0.685039 -0.480315 
vn -0.480315 0.685039 -0.551181 
vn -0.0708661 -0.992126 0.0551181 
vn -0.015748 0.992126 -0.0866142 
vn -0.708661 0 -0.708661 
vn -0.692913 -0.685039 -0.23622 
vn -0.0472441 -0.992126 0.0787402 
vn -0.92126 0 -0.385827 
vn -0.653543 0.685039 -0.322835 
vn -0.0472441 0.992126 -0.0787402 
vn -0.732283 -0.685039 0.0472441 
vn -0.015748 -0.992126 0.0866142 
vn -1 0 0 
vn -0.732283 0.685039 -0.0472441 
vn -0.0708661 0.992126 -0.0551181 
vn -0.653543 -0.685039 0.322835 
vn -0.692913 0.685039 0.23622 
vn -0.92126 0 0.385827 
vn -0.480315 -0.685039 0.551181 
vn -0.551181 0.685039 0.480315 
vn -0.708661 0 0.708661 
vn 0.0787402 0.992126 -0.0472441 
vn -0.551181 -0.685039 -0.480315 
vn -0.480315 0.685039 -0.551181 
vn -0.708661 0 -0.708661 
vn -0.692913 -0.685039 -0.23622 
vn -0.0708661 -0.992126 0.0551181 
vn -0.92126 0 -0.385827 
vn -0.653543 0.685039 -0.322835 
vn -0.015748 0.992126 -0.0866142 
vn -0.732283 -0.685039 0.0472441 
vn -0.0472441 -0.992126 0.0787402 
vn -1 0 0 
vn -0.732283 0.685039 -0.0472441 
vn -0.0472441 0.992126 -0.0787402 
vn -0.653543 -0.685039 0.322835 
vn -0.015748 -0.992126 0.0866142 
vn -0.692913 0.685039 0.23622 
vn -0.0708661 0.992126 -0.0551181 
vn -0.92126 0 0.385827 
vn -0.480315 -0.685039 0.551181 
vn 0.023622 -0.992126 0.0866142 
vn -0.551181 0.685039 0.480315 
vn -0.0866142 0.992126 -0.023622 
vn -0.708661 0 0.708661 
vn -0.385827 0 0.92126 
vn -0.0866142 -0.992126 -0.015748 
vn -0.551181 -0.685039 -0.480315 
vn -0.480315 0.685039 -0.551181 
vn 0.023622 0.992126 -0.0866142 
vn -0.708661 0 -0.708661 
vn -0.92126 0 -0.385827 
vn -0.653543 0.685039 -0.322835 
vn -0.015748 0.992126 -0.0866142 
vn -0.692913 -0.685039 -0.23622 
vn -0.0708661 -0.992126 0.0551181 
vn -0.0472441 -0.992126 0.0787402 
vn -0.732283 0.685039 -0.0472441 
vn -0.0472441 0.992126 -0.0787402 
vn -1 0 0 
vn -0.732283 -0.685039 0.0472441 
vn -0.015748 -0.992126 0.0866142 
vn -0.692913 0.685039 0.23622 
vn -0.0708661 0.992126 -0.0551181 
vn -0.653543 -0.685039 0.322835 
vn -0.480315 -0.685039 0.551181 
vn -0.92126 0 0.385827 
vn -0.551181 0.685039 0.480315 
vn -0.708661 0 0.708661 
vn -0.606299 0.732283 0.322835 
vn 0.0472441 0.992126 0.0787402 
vn 0.0708661 0.992126 0.0551181 
vn 0.0866142 0.992126 0.023622 
vn -0.708661 0 0.708661 
vn -0.92126 0 0.385827 
vn -0.653543 -0.732283 0.19685 
vn -0.433071 0.732283 0.527559 
vn -0.527559 -0.732283 0.433071 
vn -0.023622 -0.992126 -0.0866142 
vn 0.0866142 -0.992126 -0.023622 
vn -0.023622 0.992126 0.0866142 
vn -0.708661 0 -0.708661 
vn -0.527559 0.732283 -0.433071 
vn 0.015748 0.992126 0.0866142 
vn -0.653543 0.732283 -0.19685 
vn -0.433071 -0.732283 -0.527559 
vn -0.606299 -0.732283 -0.322835 
vn 0.0472441 -0.992126 -0.0787402 
vn -0.92126 0 -0.385827 
vn -0.677165 -0.732283 -0.0629921 
vn 0.015748 -0.992126 -0.0866142 
vn -1 0 0 
vn -0.677165 0.732283 0.0629921 
vn -0.677165 -0.732283 -0.0629921 
vn 0.015748 -0.992126 -0.0866142 
vn 0.0472441 -0.992126 -0.0787402 
vn -0.653543 0.732283 -0.19685 
vn -1 0 0 
vn -0.92126 0 -0.385827 
vn 0.0472441 0.992126 0.0787402 
vn -0.677165 0.732283 0.0629921 
vn -0.606299 0.732283 0.322835 
vn 0.0708661 0.992126 0.0551181 
vn -0.92126 0 0.385827 
vn -0.653543 -0.732283 0.19685 
vn -0.433071 0.732283 0.527559 
vn 0.0866142 0.992126 0.023622 
vn -0.708661 0 0.708661 
vn -0.527559 -0.732283 0.433071 
vn -0.0551181 -0.992126 -0.0708661 
vn -0.708661 0 -0.708661 
vn -0.433071 -0.732283 -0.527559 
vn -0.606299 -0.732283 -0.322835 
vn 0.0708661 -0.992126 -0.0551181 
vn 0.0472441 -0.992126 -0.0787402 
vn -0.527559 0.732283 -0.433071 
vn -0.653543 0.732283 -0.19685 
vn 0.015748 0.992126 0.0866142 
vn -0.92126 0 -0.385827 
vn -0.677165 -0.732283 -0.0629921 
vn 0.015748 -0.992126 -0.0866142 
vn -1 0 0 
vn -0.677165 0.732283 0.0629921 
vn 0.0866142 -0.992126 -0.023622 
vn -0.0551181 0.992126 0.0708661 
vn -0.433071 -0.732283 -0.527559 
vn -0.708661 0 -0.708661 
vn -0.527559 0.732283 -0.433071 
vn -0.653543 0.732283 -0.19685 
vn 0.015748 0.992126 0.0866142 
vn -0.606299 -0.732283 -0.322835 
vn 0.0708661 -0.992126 -0.0551181 
vn 0.0472441 -0.992126 -0.0787402 
vn 0.0472441 0.992126 0.0787402 
vn -0.92126 0 -0.385827 
vn -0.677165 -0.732283 -0.0629921 
vn 0.015748 -0.992126 -0.0866142 
vn -1 0 0 
vn -0.677165 0.732283 0.0629921 
vn -0.653543 -0.732283 0.19685 
vn -0.023622 -0.992126 -0.0866142 
vn -0.92126 0 0.385827 
vn -0.606299 0.732283 0.322835 
vn 0.0866142 0.992126 0.023622 
vn -0.708661 0 0.708661 
vn -0.527559 -0.732283 0.433071 
vn -0.433071 0.732283 0.527559 
vn 0.0866142 -0.992126 0.015748 
vn -0.0551181 0.992126 0.0708661 
vn -0.433071 -0.732283 -0.527559 
vn -0.708661 0 -0.708661 
vn -0.527559 0.732283 -0.433071 
vn 0.015748 0.992126 0.0866142 
vn -0.606299 -0.732283 -0.322835 
vn -0.433071 0.732283 0.527559 
vn -0.708661 0 0.708661 
vn 0.0866142 0.992126 -0.015748 
vn -0.527559 -0.732283 0.433071 
vn -0.0551181 0.992126 0.0708661 
vn -0.708661 0 -0.708661 
vn -0.433071 -0.732283 -0.527559 
vn -0.606299 -0.732283 -0.322835 
vn 0.0708661 -0.992126 -0.0551181 
vn 0.0472441 -0.992126 -0.0787402 
vn -0.527559 0.732283 -0.433071 
vn -0.653543 0.732283 -0.19685 
vn 0.015748 0.992126 0.0866142 
vn -0.92126 0 -0.385827 
vn -0.677165 -0.732283 -0.0629921 
vn -0.653543 -0.732283 0.19685 
vn 0.015748 -0.992126 -0.0866142 
vn -1 0 0 
vn -0.677165 0.732283 0.0629921 
vn 0.0472441 0.992126 0.0787402 
vn -0.92126 0 0.385827 
vn -0.606299 0.732283 0.322835 
vn 0.0708661 0.992126 0.0551181 
vn -0.708661 0 0.708661 
vn -0.433071 0.732283 0.527559 
vn 0.0866142 0.992126 -0.015748 
vn -0.527559 -0.732283 0.433071 
vn 0.0472441 0.992126 0.0787402 
vn -0.023622 -0.992126 -0.0866142 
vn -0.653543 -0.732283 0.19685 
vn -0.527559 -0.732283 0.433071 
vn -0.0551181 -0.992126 -0.0708661 
vn -0.708661 0 0.708661 
vn -0.92126 0 0.385827 
vn 0.0866142 0.992126 -0.015748 
vn -0.322835 -0.732283 0.606299 
vn -0.0787402 -0.992126 -0.0472441 
vn -0.385827 0 0.92126 
vn -0.0629921 -0.732283 0.677165 
vn -0.0866142 -0.992126 -0.015748 
vn 0.0787402 0.992126 -0.0472441 
vn 0 0 1 
vn 0.19685 -0.732283 0.653543 
vn 0.385827 0 0.92126 
vn 0.708661 0 0.708661 
vn 0.433071 -0.732283 0.527559 
vn -0.0866142 -0.992126 0.023622 
vn -0.0708661 -0.992126 0.0551181 
vn 0.606299 -0.732283 0.322835 
vn -0.0472441 -0.992126 0.0787402 
vn 0.92126 0 0.385827 
vn 0.677165 -0.732283 0.0629921 
vn 0.653543 -0.732283 -0.19685 
vn -0.015748 -0.992126 0.0866142 
vn 1 0 0 
vn 0.023622 -0.992126 0.0866142 
vn -0.0866142 0.992126 -0.023622 
vn 0.708661 0 -0.708661 
vn -0.0787402 0.992126 0.0472441 
vn 0.527559 -0.732283 -0.433071 
vn 0.0551181 -0.992126 0.0708661 
vn 0.322835 -0.732283 -0.606299 
vn 0.0787402 -0.992126 0.0472441 
vn 0.0629921 -0.732283 -0.677165 
vn 0.0866142 -0.992126 0.015748 
vn 0 0 -1 
vn -0.19685 -0.732283 -0.653543 
vn -0.385827 0 -0.92126 
vn -0.708661 0 -0.708661 
vn -0.433071 -0.732283 -0.527559 
vn 0.0866142 -0.992126 -0.023622 
vn 0.0708661 -0.992126 -0.0551181 
vn -0.606299 -0.732283 -0.322835 
vn -0.677165 -0.732283 -0.0629921 
vn 0.0472441 -0.992126 -0.0787402 
vn -0.92126 0 -0.385827 
vn 0.015748 -0.992126 -0.0866142 
vn -1 0 0 
vn 0.0472441 0.992126 0.0787402 
vn -0.653543 -0.732283 0.19685 
vn -0.92126 0 0.385827 
vn 0.92126 0 -0.385827 
vn 0.708661 0 -0.708661 
vn 0.480315 -0.685039 -0.551181 
vn -0.023622 -0.992126 -0.0866142 
vn 0.23622 -0.685039 -0.692913 
vn -0.0551181 -0.992126 -0.0708661 
vn 0.385827 0 -0.92126 
vn -0.0472441 -0.685039 -0.732283 
vn -0.0787402 -0.992126 -0.0472441 
vn -0.0866142 -0.992126 -0.015748 
vn 0 0 -1 
vn 0.0787402 0.992126 -0.0472441 
vn -0.322835 -0.685039 -0.653543 
vn -0.385827 0 -0.92126 
vn -0.551181 -0.685039 -0.480315 
vn -0.0866142 -0.992126 0.023622 
vn -0.0708661 -0.992126 0.0551181 
vn -0.92126 0 -0.385827 
vn -0.692913 -0.685039 -0.23622 
vn -0.0472441 -0.992126 0.0787402 
vn -1 0 0 
vn -0.732283 -0.685039 0.0472441 
vn -0.015748 -0.992126 0.0866142 
vn -0.653543 -0.685039 0.322835 
vn 0.023622 -0.992126 0.0866142 
vn -0.480315 -0.685039 0.551181 
vn -0.92126 0 0.385827 
vn -0.708661 0 0.708661 
vn 0.0551181 -0.992126 0.0708661 
vn -0.385827 0 0.92126 
vn -0.23622 -0.685039 0.692913 
vn 0.0787402 -0.992126 0.0472441 
vn 0 0 1 
vn -0.0551181 0.992126 0.0708661 
vn 0.0472441 -0.685039 0.732283 
vn 0.0866142 -0.992126 0.015748 
vn 0.322835 -0.685039 0.653543 
vn 0.385827 0 0.92126 
vn 0.551181 -0.685039 0.480315 
vn 0.0866142 -0.992126 -0.023622 
vn 0.708661 0 0.708661 
vn 0.92126 0 0.385827 
vn 0.692913 -0.685039 0.23622 
vn 0.0708661 -0.992126 -0.0551181 
vn 0.015748 0.992126 0.0866142 
vn 1 0 0 
vn 0.732283 -0.685039 -0.0472441 
vn 0.0472441 -0.992126 -0.0787402 
vn 0.015748 -0.992126 -0.0866142 
vn 0.653543 -0.685039 -0.322835 
vn 0.480315 -0.685039 -0.551181 
vn -0.023622 -0.992126 -0.0866142 
vn 0.92126 0 -0.385827 
vn 0.708661 0 -0.708661 
vn 0.385827 0 -0.92126 
vn 0.0866142 0.992126 -0.015748 
vn 0.23622 -0.685039 -0.692913 
vn -0.0551181 -0.992126 -0.0708661 
vn -0.0787402 -0.992126 -0.0472441 
vn 0 0 -1 
vn -0.0472441 -0.685039 -0.732283 
vn -0.0866142 -0.992126 -0.015748 
vn -0.322835 -0.685039 -0.653543 
vn -0.0866142 -0.992126 0.023622 
vn -0.551181 -0.685039 -0.480315 
vn -0.015748 0.992126 -0.0866142 
vn -0.0708661 -0.992126 0.0551181 
vn -0.385827 0 -0.92126 
vn -0.708661 0 -0.708661 
vn -0.92126 0 -0.385827 
vn -0.692913 -0.685039 -0.23622 
vn -0.0472441 -0.755906 0.653543 
vn -0.598425 -0.543307 0.590551 
vn -0.015748 -0.992126 0.0866142 
vn -0.598425 -0.582677 -0.559055 
vn -0.023622 -0.80315 -0.598425 
vn -0.653543 -0.685039 0.322835 
vn 0.023622 -0.992126 0.0866142 
vn -0.92126 0 0.385827 
vn -0.0866142 0.992126 0.015748 
vn -0.708661 0 0.708661 
vn -0.480315 -0.685039 0.551181 
vn -0.385827 0 0.92126 
vn -0.23622 -0.685039 0.692913 
vn 0.0551181 -0.992126 0.0708661 
vn 0.0787402 -0.992126 0.0472441 
vn 0 0 1 
vn 0.0472441 -0.685039 0.732283 
vn 0.0866142 -0.992126 0.015748 
vn 0.322835 -0.685039 0.653543 
vn 0.385827 0 0.92126 
vn 0.551181 -0.685039 0.480315 
vn 0.0866142 -0.992126 -0.023622 
vn 0.0708661 -0.992126 -0.0551181 
vn 0.92126 0 0.385827 
vn 0.692913 -0.685039 0.23622 
vn 0.0472441 -0.992126 -0.0787402 
vn 0.732283 -0.685039 -0.0472441 
vn 0.015748 -0.992126 -0.0866142 
vn 0.0472441 0.992126 0.0787402 
vn 0.653543 -0.685039 -0.322835 
vn 0.92126 0 -0.385827 
vn 0.0866142 0.992126 0.023622 
vn 0.480315 -0.685039 -0.551181 
vn -0.023622 -0.992126 -0.0866142 
vn -0.0551181 -0.992126 -0.0708661 
vn 0.385827 0 -0.92126 
vn 0.23622 -0.685039 -0.692913 
vn 0 0 -1 
vn -0.0472441 -0.685039 -0.732283 
vn -0.0787402 -0.992126 -0.0472441 
vn -0.0866142 -0.992126 -0.015748 
vn -0.322835 -0.685039 -0.653543 
vn -0.385827 0 -0.92126 
vn 0.023622 0.992126 -0.0866142 
vn -0.551181 -0.685039 -0.480315 
vn -0.0866142 -0.992126 0.023622 
vn -0.0708661 -0.992126 0.0551181 
vn -0.92126 0 -0.385827 
vn -0.692913 -0.685039 -0.23622 
vn -1 0 0 
vn -0.732283 -0.685039 0.0472441 
vn -0.0472441 -0.992126 0.0787402 
vn -0.015748 -0.992126 0.0866142 
vn -0.0866142 0.992126 -0.023622 
vn -0.92126 0 0.385827 
vn -0.653543 -0.685039 0.322835 
vn -0.480315 -0.685039 0.551181 
vn 0.023622 -0.992126 0.0866142 
vn 0.0551181 -0.992126 0.0708661 
vn -0.385827 0 0.92126 
vn -0.23622 -0.685039 0.692913 
vn 0.0787402 -0.992126 0.0472441 
vn 0 0 1 
vn 0.0866142 -0.992126 0.015748 
vn 0.551181 -0.685039 0.480315 
vn 0.322835 -0.685039 0.653543 
vn 0.385827 0 0.92126 
vn 0.0866142 -0.992126 -0.023622 
vn 0.708661 0 0.708661 
vn 0.92126 0 0.385827 
vn 0.692913 -0.685039 0.23622 
vn 0.0708661 -0.992126 -0.0551181 
vn 0.0472441 -0.992126 -0.0787402 
vn 0.015748 0.992126 0.0866142 
vn 0.732283 -0.685039 -0.0472441 
vn 1 0 0 
vn 0.653543 -0.685039 -0.322835 
vn 0.015748 -0.992126 -0.0866142 
vn 0.480315 -0.685039 -0.551181 
vn -0.023622 -0.992126 -0.0866142 
vn -0.0551181 -0.992126 -0.0708661 
vn 0.385827 0 -0.92126 
vn 0.23622 -0.685039 -0.692913 
vn -0.0787402 -0.992126 -0.0472441 
vn 0 0 -1 
vn -0.0472441 -0.685039 -0.732283 
vn -0.0866142 -0.992126 -0.015748 
vn -0.322835 -0.685039 -0.653543 
vn -0.0866142 -0.992126 0.023622 
vn 0.0551181 0.992126 -0.0708661 
vn -0.551181 -0.685039 -0.480315 
vn -0.0708661 -0.992126 0.0551181 
vn -0.385827 0 -0.92126 
vn -0.708661 0 -0.708661 
vn -0.692913 -0.685039 -0.23622 
vn -0.0472441 -0.992126 0.0787402 
vn -0.92126 0 -0.385827 
vn -0.0472441 0.992126 -0.0787402 
vn -0.732283 -0.685039 0.0472441 
vn -0.015748 -0.992126 0.0866142 
vn -1 0 0 
vn -0.653543 -0.685039 0.322835 
vn 0.023622 -0.992126 0.0866142 
vn -0.92126 0 0.385827 
vn -0.480315 -0.685039 0.551181 
vn -0.708661 0 0.708661 
vn -0.23622 -0.685039 0.692913 
vn 0.0551181 -0.992126 0.0708661 
vn -0.385827 0 0.92126 
vn -0.0866142 0.992126 0.015748 
vn 0.0472441 -0.685039 0.732283 
vn 0.0787402 -0.992126 0.0472441 
vn 0 0 1 
vn 0.322835 -0.685039 0.653543 
vn 0.0866142 -0.992126 0.015748 
vn -0.0551181 0.992126 0.0708661 
vn 0.551181 -0.685039 0.480315 
vn 0.0866142 -0.992126 -0.023622 
vn 0.0708661 -0.992126 -0.0551181 
vn 0.92126 0 0.385827 
vn 0.692913 -0.685039 0.23622 
vn 0.0472441 -0.992126 -0.0787402 
vn 1 0 0 
vn 0.732283 -0.685039 -0.0472441 
vn 0.015748 -0.992126 -0.0866142 
vn 0.653543 -0.685039 -0.322835 
vn -0.023622 -0.992126 -0.0866142 
vn 0.92126 0 -0.385827 
vn 0.480315 -0.685039 -0.551181 
vn -0.0551181 -0.992126 -0.0708661 
vn 0.708661 0 -0.708661 
vn 0.23622 -0.685039 -0.692913 
vn -0.0787402 -0.992126 -0.0472441 
vn 0.385827 0 -0.92126 
vn 0.0787402 0.992126 -0.0472441 
vn -0.0472441 -0.685039 -0.732283 
vn -0.0866142 -0.992126 -0.015748 
vn 0 0 -1 
vn -0.322835 -0.685039 -0.653543 
vn -0.0866142 -0.992126 0.023622 
vn -0.385827 0 -0.92126 
vn -0.551181 -0.685039 -0.480315 
vn -0.708661 0 -0.708661 
vn -0.692913 -0.685039 -0.23622 
vn -0.0708661 -0.992126 0.0551181 
vn -0.92126 0 -0.385827 
vn -0.732283 -0.685039 0.0472441 
vn -0.0472441 -0.992126 0.0787402 
vn -1 0 0 
vn -0.653543 -0.685039 0.322835 
vn -0.015748 -0.992126 0.0866142 
vn -0.0708661 0.992126 -0.0551181 
vn -0.480315 -0.685039 0.551181 
vn 0.023622 -0.992126 0.0866142 
vn 0.0551181 -0.992126 0.0708661 
vn -0.385827 0 0.92126 
vn -0.23622 -0.685039 0.692913 
vn 0.0787402 -0.992126 0.0472441 
vn 0 0 1 
vn 0.0472441 -0.685039 0.732283 
vn 0.0866142 -0.992126 0.015748 
vn 0.322835 -0.685039 0.653543 
vn 0.0866142 -0.992126 -0.023622 
vn 0.385827 0 0.92126 
vn 0.551181 -0.685039 0.480315 
vn 0.0708661 -0.992126 -0.0551181 
vn 0.708661 0 0.708661 
vn 0.692913 -0.685039 0.23622 
vn 0.0472441 -0.992126 -0.0787402 
vn 0.92126 0 0.385827 
vn 0.732283 -0.685039 -0.0472441 
vn 0.015748 -0.992126 -0.0866142 
vn 1 0 0 
vn 0.653543 -0.685039 -0.322835 
vn 0.0472441 -0.685039 0.732283 
vn 0.0866142 -0.992126 0.015748 
vn 0.322835 -0.685039 0.653543 
vn 0.0866142 -0.992126 -0.023622 
vn 0.551181 -0.685039 0.480315 
vn 0.385827 0 0.92126 
vn 0.0708661 -0.992126 -0.0551181 
vn 0.708661 0 0.708661 
vn 0.92126 0 0.385827 
vn 0.692913 -0.685039 0.23622 
vn 0.0472441 -0.992126 -0.0787402 
vn 0.732283 -0.685039 -0.0472441 
vn 0.015748 -0.992126 -0.0866142 
vn 0.0472441 0.992126 0.0787402 
vn 0.653543 -0.685039 -0.322835 
vn 0.92126 0 -0.385827 
vn 0.480315 -0.685039 -0.551181 
vn -0.023622 -0.992126 -0.0866142 
vn 0.708661 0 -0.708661 
vn 0.385827 0 -0.92126 
vn 0.23622 -0.685039 -0.692913 
vn -0.0551181 -0.992126 -0.0708661 
vn -0.0787402 -0.992126 -0.0472441 
vn 0.0787402 0.992126 -0.0472441 
vn 0 0 -1 
vn -0.0472441 -0.685039 -0.732283 
vn -0.322835 -0.685039 -0.653543 
vn -0.0866142 -0.992126 -0.015748 
vn -0.385827 0 -0.92126 
vn -0.551181 -0.685039 -0.480315 
vn -0.708661 0 -0.708661 
vn -0.0866142 -0.992126 0.023622 
vn -0.92126 0 -0.385827 
vn -0.692913 -0.685039 -0.23622 
vn -0.0708661 -0.992126 0.0551181 
vn -0.0472441 -0.992126 0.0787402 
vn -0.0472441 0.992126 -0.0787402 
vn -1 0 0 
vn -0.732283 -0.685039 0.0472441 
vn -0.015748 -0.992126 0.0866142 
vn -0.653543 -0.685039 0.322835 
vn 0.023622 -0.992126 0.0866142 
vn -0.480315 -0.685039 0.551181 
vn -0.92126 0 0.385827 
vn -0.708661 0 0.708661 
vn 0.0551181 -0.992126 0.0708661 
vn -0.385827 0 0.92126 
vn -0.23622 -0.685039 0.692913 
vn 0.0787402 -0.992126 0.0472441 
vn 0 0 1 
vn 0.0472441 -0.685039 0.732283 
vn -0.708661 0 0.708661 
vn -0.92126 0 0.385827 
vn -0.653543 -0.732283 0.19685 
vn -0.527559 -0.732283 0.433071 
vn -0.023622 -0.992126 -0.0866142 
vn -0.0551181 -0.992126 -0.0708661 
vn -0.322835 -0.732283 0.606299 
vn -0.0787402 -0.992126 -0.0472441 
vn -0.0629921 -0.732283 0.677165 
vn -0.0866142 -0.992126 -0.015748 
vn 0 0 1 
vn 0.19685 -0.732283 0.653543 
vn -0.0866142 -0.992126 0.023622 
vn 0.385827 0 0.92126 
vn 0.0551181 0.992126 -0.0708661 
vn 0.433071 -0.732283 0.527559 
vn -0.0708661 -0.992126 0.0551181 
vn 0.708661 0 0.708661 
vn 0.606299 -0.732283 0.322835 
vn -0.0472441 -0.992126 0.0787402 
vn 0.92126 0 0.385827 
vn 0.677165 -0.732283 0.0629921 
vn -0.015748 -0.992126 0.0866142 
vn 1 0 0 
vn 0.653543 -0.732283 -0.19685 
vn 0.92126 0 -0.385827 
vn 0.708661 0 -0.708661 
vn -0.0866142 0.992126 0.015748 
vn 0.527559 -0.732283 -0.433071 
vn 0.023622 -0.992126 0.0866142 
vn 0.0551181 -0.992126 0.0708661 
vn 0.322835 -0.732283 -0.606299 
vn 0.0787402 -0.992126 0.0472441 
vn 0.385827 0 -0.92126 
vn 0.0629921 -0.732283 -0.677165 
vn -0.19685 -0.732283 -0.653543 
vn 0.0866142 -0.992126 0.015748 
vn 0 0 -1 
vn 0.0866142 -0.992126 -0.023622 
vn -0.023622 0.992126 0.0866142 
vn -0.708661 0 -0.708661 
vn -0.433071 -0.732283 -0.527559 
vn 0.0708661 -0.992126 -0.0551181 
vn -0.606299 -0.732283 -0.322835 
vn 0.0472441 -0.992126 -0.0787402 
vn -0.677165 -0.732283 -0.0629921 
vn 0.015748 -0.992126 -0.0866142 
vn -1 0 0 
vn -0.677165 -0.732283 -0.0629921 
vn 0.015748 -0.992126 -0.0866142 
vn 0.0472441 -0.992126 -0.0787402 
vn 0.0472441 0.992126 0.0787402 
vn -0.92126 0 0.385827 
vn -0.653543 -0.732283 0.19685 
vn -0.708661 0 0.708661 
vn -0.527559 -0.732283 0.433071 
vn -0.023622 -0.992126 -0.0866142 
vn -0.322835 -0.732283 0.606299 
vn -0.0551181 -0.992126 -0.0708661 
vn -0.0787402 -0.992126 -0.0472441 
vn -0.0629921 -0.732283 0.677165 
vn -0.0866142 -0.992126 -0.015748 
vn 0 0 1 
vn 0.0787402 0.992126 -0.0472441 
vn 0.19685 -0.732283 0.653543 
vn 0.385827 0 0.92126 
vn 0.708661 0 0.708661 
vn 0.433071 -0.732283 0.527559 
vn -0.0866142 -0.992126 0.023622 
vn -0.0708661 -0.992126 0.0551181 
vn 0.606299 -0.732283 0.322835 
vn -0.0472441 -0.992126 0.0787402 
vn -0.0472441 0.992126 -0.0787402 
vn 0.677165 -0.732283 0.0629921 
vn -0.015748 -0.992126 0.0866142 
vn 0.653543 -0.732283 -0.19685 
vn 0.023622 -0.992126 0.0866142 
vn 0.92126 0 -0.385827 
vn 0.527559 -0.732283 -0.433071 
vn 0.0551181 -0.992126 0.0708661 
vn 0.708661 0 -0.708661 
vn 0.322835 -0.732283 -0.606299 
vn 0.0787402 -0.992126 0.0472441 
vn 0.385827 0 -0.92126 
vn 0.0629921 -0.732283 -0.677165 
vn 0.0866142 -0.992126 0.015748 
vn -0.19685 -0.732283 -0.653543 
vn -0.385827 0 -0.92126 
vn -0.708661 0 -0.708661 
vn -0.433071 -0.732283 -0.527559 
vn 0.0866142 -0.992126 -0.023622 
vn -0.606299 -0.732283 -0.322835 
vn 0.0708661 -0.992126 -0.0551181 
vn 0.0472441 -0.992126 -0.0787402 
vn 0.015748 0.992126 0.0866142 
vn -0.677165 -0.732283 -0.0629921 
vn 0.015748 -0.992126 -0.0866142 
vn -0.677165 0.732283 0.0629921 
vn 0.653543 -0.732283 -0.19685 
vn 0.708661 0 -0.708661 
vn -0.0866142 0.992126 0.015748 
vn 0.511811 -0.551181 -0.653543 
vn -0.015748 -0.992126 0.0866142 
vn -0.023622 -0.80315 -0.598425 
vn 0.023622 -0.992126 0.0866142 
vn 0.527559 -0.732283 -0.433071 
vn 0.322835 -0.732283 -0.606299 
vn 0.0551181 -0.992126 0.0708661 
vn 0.0629921 -0.732283 -0.677165 
vn 0.0787402 -0.992126 0.0472441 
vn 0.0866142 -0.992126 0.015748 
vn -0.19685 -0.732283 -0.653543 
vn 0.0866142 -0.992126 -0.023622 
vn -0.0551181 0.992126 0.0708661 
vn -0.433071 -0.732283 -0.527559 
vn -0.708661 0 -0.708661 
vn -0.606299 -0.732283 -0.322835 
vn 0.0708661 -0.992126 -0.0551181 
vn 0.0472441 -0.992126 -0.0787402 
vn -0.92126 0 -0.385827 
vn -0.677165 -0.732283 -0.0629921 
vn 0.015748 -0.992126 -0.0866142 
vn -0.653543 -0.732283 0.19685 
vn -0.023622 -0.992126 -0.0866142 
vn 0.0866142 0.992126 0.023622 
vn -0.527559 -0.732283 0.433071 
vn -0.322835 -0.732283 0.606299 
vn -0.0551181 -0.992126 -0.0708661 
vn -0.0787402 -0.992126 -0.0472441 
vn -0.433071 0.732283 0.527559 
vn -0.385827 0 0.92126 
vn -0.0629921 -0.732283 0.677165 
vn -0.0866142 -0.992126 -0.015748 
vn 0 0 1 
vn 0.385827 0 0.92126 
vn 0.19685 -0.732283 0.653543 
vn 0.023622 0.992126 -0.0866142 
vn 0.708661 0 0.708661 
vn 0.433071 -0.732283 0.527559 
vn -0.0866142 -0.992126 0.023622 
vn 0.606299 -0.732283 0.322835 
vn -0.0708661 -0.992126 0.0551181 
vn -0.0472441 -0.992126 0.0787402 
vn 0.677165 -0.732283 0.0629921 
vn -0.015748 -0.992126 0.0866142 
vn 0.653543 -0.732283 -0.19685 
vn 0.023622 -0.992126 0.0866142 
vn -0.0866142 0.992126 -0.023622 
vn 0.708661 0 -0.708661 
vn 0.527559 -0.732283 -0.433071 
vn 0.322835 -0.732283 -0.606299 
vn 0.0551181 -0.992126 0.0708661 
vn 0.0787402 -0.992126 0.0472441 
vn 0.385827 0 -0.92126 
vn 0.0629921 -0.732283 -0.677165 
vn 0.0866142 -0.992126 0.015748 
vn 0 0 -1 
vn -0.19685 -0.732283 -0.653543 
vn 0.0866142 -0.992126 -0.023622 
vn -0.385827 0 -0.92126 
vn -0.433071 -0.732283 -0.527559 
vn 0.0708661 -0.992126 -0.0551181 
vn -0.708661 0 -0.708661 
vn -0.606299 -0.732283 -0.322835 
vn -0.708661 0 0.708661 
vn 0.0866142 0.992126 -0.015748 
vn -0.527559 -0.732283 0.433071 
vn -0.023622 -0.992126 -0.0866142 
vn -0.0551181 -0.992126 -0.0708661 
vn -0.322835 -0.732283 0.606299 
vn -0.0787402 -0.992126 -0.0472441 
vn -0.385827 0 0.92126 
vn -0.0629921 -0.732283 0.677165 
vn 0.19685 -0.732283 0.653543 
vn -0.0866142 -0.992126 -0.015748 
vn 0 0 1 
vn -0.0866142 -0.992126 0.023622 
vn 0.0787402 0.992126 -0.0472441 
vn 0.708661 0 0.708661 
vn -0.0472441 0.992126 -0.0787402 
vn 0.433071 -0.732283 0.527559 
vn -0.0708661 -0.992126 0.0551181 
vn 0.606299 -0.732283 0.322835 
vn -0.0472441 -0.992126 0.0787402 
vn 0.677165 -0.732283 0.0629921 
vn -0.015748 -0.992126 0.0866142 
vn 1 0 0 
vn 0.653543 -0.732283 -0.19685 
vn 0.023622 -0.992126 0.0866142 
vn 0.92126 0 -0.385827 
vn 0.527559 -0.732283 -0.433071 
vn 0.0551181 -0.992126 0.0708661 
vn 0.708661 0 -0.708661 
vn 0.322835 -0.732283 -0.606299 
vn 0.385827 0 -0.92126 
vn 0.0629921 -0.732283 -0.677165 
vn 0.0787402 -0.992126 0.0472441 
vn 0.0866142 -0.992126 0.015748 
vn -0.19685 -0.732283 -0.653543 
vn 0.0866142 -0.992126 -0.023622 
vn -0.708661 0 -0.708661 
vn -0.433071 -0.732283 -0.527559 
vn -0.606299 -0.732283 -0.322835 
vn 0.0708661 -0.992126 -0.0551181 
vn 0.0472441 -0.992126 -0.0787402 
vn 0.015748 0.992126 0.0866142 
vn -0.92126 0 -0.385827 
vn -0.677165 -0.732283 -0.0629921 
vn -0.653543 -0.732283 0.19685 
vn 0.015748 -0.992126 -0.0866142 
vn -1 0 0 
vn -0.023622 -0.992126 -0.0866142 
vn -0.708661 0 0.708661 
vn 0.0866142 0.992126 -0.015748 
vn -0.527559 -0.732283 0.433071 
vn -0.0551181 -0.992126 -0.0708661 
vn -0.322835 -0.732283 0.606299 
vn -0.0787402 -0.992126 -0.0472441 
vn -0.385827 0 0.92126 
vn -0.0629921 -0.732283 0.677165 
vn -0.0866142 -0.992126 -0.015748 
vn 0 0 1 
vn 0.19685 -0.732283 0.653543 
vn -0.0866142 -0.992126 0.023622 
vn 0.433071 -0.732283 0.527559 
vn -0.0708661 -0.992126 0.0551181 
vn 0.708661 0 0.708661 
vn -0.015748 0.992126 -0.0866142 
vn 0.606299 -0.732283 0.322835 
vn -0.0472441 -0.755906 0.653543 
vn 0.488189 -0.519685 0.700787 
vn 0.023622 -0.992126 0.0866142 
vn -0.0866142 0.992126 -0.023622 
vn 0.708661 0 -0.708661 
vn 0.433071 0.732283 -0.527559 
vn -0.0866142 0.992126 0.015748 
vn 0.19685 0.732283 -0.653543 
vn -0.0787402 0.992126 0.0472441 
vn 0.527559 -0.732283 -0.433071 
vn 0.322835 -0.732283 -0.606299 
vn 0.0787402 -0.992126 0.0472441 
vn 0.385827 0 -0.92126 
vn 0.0629921 -0.732283 -0.677165 
vn 0.0866142 -0.992126 0.015748 
vn 0 0 -1 
vn -0.0629921 0.732283 -0.677165 
vn -0.19685 -0.732283 -0.653543 
vn -0.385827 0 -0.92126 
vn -0.322835 0.732283 -0.606299 
vn -0.0551181 0.992126 0.0708661 
vn -0.708661 0 -0.708661 
vn -0.433071 -0.732283 -0.527559 
vn 0.0708661 -0.992126 -0.0551181 
vn -0.527559 0.732283 -0.433071 
vn 0.015748 0.992126 0.0866142 
vn 0.551181 0.685039 -0.480315 
vn 0.708661 0 -0.708661 
vn 0.480315 -0.685039 -0.551181 
vn 0.23622 -0.685039 -0.692913 
vn -0.0551181 -0.992126 -0.0708661 
vn 0.385827 0 -0.92126 
vn 0.322835 0.685039 -0.653543 
vn -0.0472441 -0.685039 -0.732283 
vn -0.0787402 -0.992126 -0.0472441 
vn 0 0 -1 
vn 0.0472441 0.685039 -0.732283 
vn 0.0787402 0.992126 -0.0472441 
vn 0.0551181 0.992126 -0.0708661 
vn -0.322835 -0.685039 -0.653543 
vn -0.23622 0.685039 -0.692913 
vn -0.385827 0 -0.92126 
vn -0.551181 -0.685039 -0.480315 
vn -0.0866142 -0.992126 0.023622 
vn -0.480315 0.685039 -0.551181 
vn 0.023622 0.992126 -0.0866142 
vn -0.708661 0 -0.708661 
vn -0.92126 0 -0.385827 
vn 0.480315 -0.685039 -0.551181 
vn 0.551181 0.685039 -0.480315 
vn 0.708661 0 -0.708661 
vn 0.385827 0 -0.92126 
vn 0.322835 0.685039 -0.653543 
vn 0.0866142 0.992126 -0.015748 
vn 0.0787402 0.992126 -0.0472441 
vn 0.23622 -0.685039 -0.692913 
vn -0.0551181 -0.992126 -0.0708661 
vn -0.0787402 -0.992126 -0.0472441 
vn 0.0472441 0.685039 -0.732283 
vn 0.0551181 0.992126 -0.0708661 
vn 0 0 -1 
vn -0.23622 0.685039 -0.692913 
vn -0.0472441 -0.685039 -0.732283 
vn -0.0866142 -0.992126 -0.015748 
vn -0.322835 -0.685039 -0.653543 
vn -0.480315 0.685039 -0.551181 
vn -0.551181 -0.685039 -0.480315 
vn -0.385827 0 -0.92126 
vn -0.708661 0 -0.708661 
vn -0.598425 -0.582677 -0.559055 
vn -0.023622 -0.80315 -0.598425 
vn -0.834646 -0.015748 -0.551181 
vn 0.511811 -0.551181 -0.653543 
vn 0.488189 0.519685 -0.700787 
vn 0.708661 -0.015748 -0.700787 
vn -0.0472441 0.755906 -0.653543 
vn -0.598425 0.535433 -0.590551 
vn 0.0472441 -0.992126 -0.0787402 
vn 0.0472441 0.992126 0.0787402 
vn 0.92126 0 -0.385827 
vn 0.551181 0.685039 -0.480315 
vn 0.0866142 0.992126 0.023622 
vn 0.480315 -0.685039 -0.551181 
vn -0.023622 -0.992126 -0.0866142 
vn -0.0551181 -0.992126 -0.0708661 
vn 0.708661 0 -0.708661 
vn 0.385827 0 -0.92126 
vn 0.322835 0.685039 -0.653543 
vn 0.23622 -0.685039 -0.692913 
vn 0 0 -1 
vn 0.0472441 0.685039 -0.732283 
vn 0.0787402 0.992126 -0.0472441 
vn -0.0472441 -0.685039 -0.732283 
vn -0.0787402 -0.992126 -0.0472441 
vn -0.23622 0.685039 -0.692913 
vn 0.0551181 0.992126 -0.0708661 
vn -0.322835 -0.685039 -0.653543 
vn -0.385827 0 -0.92126 
vn -0.480315 0.685039 -0.551181 
vn 0.023622 0.992126 -0.0866142 
vn -0.551181 -0.685039 -0.480315 
vn -0.0866142 -0.992126 0.023622 
vn -0.708661 0 -0.708661 
vn -0.92126 0 -0.385827 
vn 0.692913 0.685039 -0.23622 
vn 0.480315 -0.685039 -0.551181 
vn -0.023622 -0.992126 -0.0866142 
vn -0.0551181 -0.992126 -0.0708661 
vn 0.551181 0.685039 -0.480315 
vn 0.0866142 0.992126 0.023622 
vn 0.708661 0 -0.708661 
vn 0.385827 0 -0.92126 
vn 0.23622 -0.685039 -0.692913 
vn -0.0787402 -0.992126 -0.0472441 
vn 0.322835 0.685039 -0.653543 
vn 0 0 -1 
vn -0.0472441 -0.685039 -0.732283 
vn -0.0866142 -0.992126 -0.015748 
vn 0.0472441 0.685039 -0.732283 
vn -0.322835 -0.685039 -0.653543 
vn -0.23622 0.685039 -0.692913 
vn 0.0551181 0.992126 -0.0708661 
vn -0.551181 -0.685039 -0.480315 
vn -0.480315 0.685039 -0.551181 
vn -0.385827 0 -0.92126 
vn -0.708661 0 -0.708661 
vn 0.015748 -0.992126 -0.0866142 
vn 0.480315 -0.685039 -0.551181 
vn -0.0551181 -0.992126 -0.0708661 
vn 0.551181 0.685039 -0.480315 
vn 0.0866142 0.992126 -0.015748 
vn 0.708661 0 -0.708661 
vn 0.23622 -0.685039 -0.692913 
vn -0.0787402 -0.992126 -0.0472441 
vn 0.385827 0 -0.92126 
vn 0.322835 0.685039 -0.653543 
vn 0.0787402 0.992126 -0.0472441 
vn -0.0472441 -0.685039 -0.732283 
vn -0.0866142 -0.992126 -0.015748 
vn 0 0 -1 
vn 0.0472441 0.685039 -0.732283 
vn 0.0551181 0.992126 -0.0708661 
vn -0.322835 -0.685039 -0.653543 
vn -0.23622 0.685039 -0.692913 
vn -0.385827 0 -0.92126 
vn -0.551181 -0.685039 -0.480315 
vn -0.480315 0.685039 -0.551181 
vn -0.708661 0 -0.708661 
vn 0.551181 0.685039 -0.480315 
vn 0.0866142 0.992126 0.023622 
vn 0.480315 -0.685039 -0.551181 
vn 0.708661 0 -0.708661 
vn 0.322835 0.685039 -0.653543 
vn 0.385827 0 -0.92126 
vn 0.23622 -0.685039 -0.692913 
vn -0.0551181 -0.992126 -0.0708661 
vn -0.0787402 -0.992126 -0.0472441 
vn 0.0472441 0.685039 -0.732283 
vn 0.0787402 0.992126 -0.0472441 
vn 0 0 -1 
vn -0.0472441 -0.685039 -0.732283 
vn -0.322835 -0.685039 -0.653543 
vn -0.0866142 -0.992126 -0.015748 
vn -0.23622 0.685039 -0.692913 
vn 0.0551181 0.992126 -0.0708661 
vn -0.385827 0 -0.92126 
vn -0.551181 -0.685039 -0.480315 
vn -0.480315 0.685039 -0.551181 
vn 0.023622 0.992126 -0.0866142 
vn -0.708661 0 -0.708661 
vn -0.015748 -0.992126 0.0866142 
vn 0.433071 0.732283 -0.527559 
vn 0.708661 0 -0.708661 
vn -0.0866142 0.992126 0.015748 
vn 0.527559 -0.732283 -0.433071 
vn 0.0551181 -0.992126 0.0708661 
vn 0.322835 -0.732283 -0.606299 
vn 0.0787402 -0.992126 0.0472441 
vn 0.19685 0.732283 -0.653543 
vn 0.385827 0 -0.92126 
vn 0.0629921 -0.732283 -0.677165 
vn -0.19685 -0.732283 -0.653543 
vn 0.0866142 -0.992126 0.015748 
vn 0 0 -1 
vn 0.0866142 -0.992126 -0.023622 
vn -0.0629921 0.732283 -0.677165 
vn -0.0787402 0.992126 0.0472441 
vn -0.385827 0 -0.92126 
vn -0.322835 0.732283 -0.606299 
vn -0.0551181 0.992126 0.0708661 
vn -0.023622 0.992126 0.0866142 
vn -0.708661 0 -0.708661 
vn -0.527559 0.732283 -0.433071 
vn -0.433071 -0.732283 -0.527559 
vn -0.0472441 0.992126 -0.0787402 
vn -0.015748 -0.992126 0.0866142 
vn -0.0708661 0.992126 -0.0551181 
vn 0.527559 -0.732283 -0.433071 
vn 0.0551181 -0.992126 0.0708661 
vn 0.708661 0 -0.708661 
vn 0.433071 0.732283 -0.527559 
vn -0.0866142 0.992126 0.015748 
vn 0.322835 -0.732283 -0.606299 
vn 0.0787402 -0.992126 0.0472441 
vn 0.19685 0.732283 -0.653543 
vn 0.385827 0 -0.92126 
vn 0.0629921 -0.732283 -0.677165 
vn 0.0866142 -0.992126 0.015748 
vn 0 0 -1 
vn -0.0629921 0.732283 -0.677165 
vn -0.0787402 0.992126 0.0472441 
vn -0.19685 -0.732283 -0.653543 
vn -0.385827 0 -0.92126 
vn -0.322835 0.732283 -0.606299 
vn -0.708661 0 -0.708661 
vn -0.433071 -0.732283 -0.527559 
vn 0.0708661 -0.992126 -0.0551181 
vn -0.527559 0.732283 -0.433071 
vn 0.015748 0.992126 0.0866142 
vn 0.433071 0.732283 -0.527559 
vn 0.708661 0 -0.708661 
vn 0.19685 0.732283 -0.653543 
vn -0.0866142 0.992126 0.015748 
vn 0.527559 -0.732283 -0.433071 
vn 0.322835 -0.732283 -0.606299 
vn 0.0551181 -0.992126 0.0708661 
vn 0.385827 0 -0.92126 
vn 0.0629921 -0.732283 -0.677165 
vn 0.0866142 -0.992126 0.015748 
vn 0 0 -1 
vn -0.19685 -0.732283 -0.653543 
vn 0.0866142 -0.992126 -0.023622 
vn -0.0629921 0.732283 -0.677165 
vn -0.0787402 0.992126 0.0472441 
vn -0.0551181 0.992126 0.0708661 
vn -0.433071 -0.732283 -0.527559 
vn -0.322835 0.732283 -0.606299 
vn -0.385827 0 -0.92126 
vn -0.708661 0 -0.708661 
vn -0.527559 0.732283 -0.433071 
vn 0.0472441 -0.992126 -0.0787402 
vn 0.0472441 0.992126 0.0787402 
vn -0.677165 -0.732283 -0.0629921 
vn 0.023622 -0.992126 0.0866142 
vn -0.0866142 0.992126 -0.023622 
vn 0.708661 0 -0.708661 
vn 0.527559 -0.732283 -0.433071 
vn 0.322835 -0.732283 -0.606299 
vn 0.0787402 -0.992126 0.0472441 
vn 0.433071 0.732283 -0.527559 
vn 0.19685 0.732283 -0.653543 
vn -0.0866142 0.992126 0.015748 
vn 0.385827 0 -0.92126 
vn 0.0629921 -0.732283 -0.677165 
vn 0.0866142 -0.992126 0.015748 
vn 0 0 -1 
vn -0.19685 -0.732283 -0.653543 
vn -0.0629921 0.732283 -0.677165 
vn -0.385827 0 -0.92126 
vn -0.322835 0.732283 -0.606299 
vn -0.0551181 0.992126 0.0708661 
vn -0.433071 -0.732283 -0.527559 
vn -0.708661 0 -0.708661 
vn -0.527559 0.732283 -0.433071 
vn -0.015748 -0.992126 0.0866142 
vn 0.527559 -0.732283 -0.433071 
vn 0.708661 0 -0.708661 
vn 0.433071 0.732283 -0.527559 
vn -0.0866142 0.992126 0.015748 
vn 0.322835 -0.732283 -0.606299 
vn 0.19685 0.732283 -0.653543 
vn 0.385827 0 -0.92126 
vn 0.0629921 -0.732283 -0.677165 
vn 0.0787402 -0.992126 0.0472441 
vn 0.0866142 -0.992126 0.015748 
vn -0.0629921 0.732283 -0.677165 
vn -0.0787402 0.992126 0.0472441 
vn 0 0 -1 
vn -0.0551181 0.992126 0.0708661 
vn -0.19685 -0.732283 -0.653543 
vn -0.385827 0 -0.92126 
vn -0.322835 0.732283 -0.606299 
vn -0.708661 0 -0.708661 
vn -0.433071 -0.732283 -0.527559 
vn 0.0708661 -0.992126 -0.0551181 
vn -0.527559 0.732283 -0.433071 

vt 22.1155 -26.9727 
vt 22.1155 -26.9648 
vt 22.0806 -26.9343 
vt 22.0773 -26.9453 
vt 22.0478 -26.9258 
vt 22.0806 -26.9564 
vt 22.0478 -26.957 
vt 22.0436 -26.9525 
vt 22 -26.9531 
vt 22.0436 -26.9304 
vt 22.0419 -26.9414 
vt 22 -26.9485 
vt 21.9564 -26.9446 
vt 21.9522 -26.9492 
vt 22 -26.9375 
vt 21.9116 -26.9453 
vt 22 -26.9265 
vt 22 -26.9219 
vt 21.9581 -26.9336 
vt 21.9564 -26.9225 
vt 21.9522 -26.918 
vt 21.9116 -26.9141 
vt 21.9227 -26.9297 
vt 21.9194 -26.9186 
vt 21.9194 -26.9407 
vt 22.0538 -26.9023 
vt 22.0962 -26.8874 
vt 22.0521 -26.8913 
vt 22.0994 -26.8984 
vt 22.0962 -26.9095 
vt 21.9038 -26.8405 
vt 21.9038 -26.8626 
vt 21.9006 -26.8516 
vt 21.9462 -26.8477 
vt 21.9479 -26.8587 
vt 21.9522 -26.8633 
vt 21.9479 -26.8366 
vt 21.9522 -26.832 
vt 22 -26.8438 
vt 22 -26.8548 
vt 22 -26.8594 
vt 22 -26.8327 
vt 22 -26.8281 
vt 22.0478 -26.8242 
vt 22.0521 -26.8509 
vt 22.0962 -26.847 
vt 22.0538 -26.8398 
vt 22.0521 -26.8288 
vt 22.0962 -26.8249 
vt 22.0994 -26.8359 
vt 22.1155 -26.8164 
vt 22.1155 -26.8477 
vt 21.8845 -27.1523 
vt 21.8701 -27.168 
vt 21.9038 -27.1751 
vt 21.9116 -27.1797 
vt 21.9522 -27.1758 
vt 21.9038 -27.153 
vt 21.9006 -27.1641 
vt 21.9462 -27.1602 
vt 21.9479 -27.1712 
vt 22 -27.1719 
vt 21.9479 -27.1491 
vt 22 -27.1562 
vt 22 -27.1673 
vt 22 -27.1452 
vt 22 -27.1406 
vt 22.0521 -27.1413 
vt 22.0478 -27.1367 
vt 22.0521 -27.1634 
vt 22.0538 -27.1523 
vt 22.0962 -27.1374 
vt 22.0884 -27.1328 
vt 22.0962 -27.1595 
vt 22.0884 -27.1641 
vt 22.0994 -27.1484 
vt 22.1299 -27.1445 
vt 21.9038 -27.0501 
vt 21.8701 -27.043 
vt 21.9006 -27.0391 
vt 21.9038 -27.028 
vt 21.9462 -27.0352 
vt 21.9479 -27.0462 
vt 21.9522 -27.0508 
vt 22 -27.0469 
vt 21.9479 -27.0241 
vt 21.9522 -27.0195 
vt 22 -27.0423 
vt 22 -27.0312 
vt 22 -27.0202 
vt 22 -27.0156 
vt 22.0521 -27.0384 
vt 22.0478 -27.043 
vt 22.0521 -27.0163 
vt 22.0538 -27.0273 
vt 22.0962 -27.0345 
vt 22.0884 -27.0391 
vt 22.0962 -27.0124 
vt 22.0884 -27.0078 
vt 22.0994 -27.0234 
vt 22.1299 -27.0195 
vt 21.9038 -26.9876 
vt 21.9116 -26.9922 
vt 21.9522 -26.9883 
vt 21.9038 -26.9655 
vt 21.9116 -26.9609 
vt 21.9006 -26.9766 
vt 21.9462 -26.9727 
vt 21.9479 -26.9837 
vt 22 -26.9844 
vt 21.9479 -26.9616 
vt 22 -26.9688 
vt 22 -26.9798 
vt 22.0478 -26.9805 
vt 22 -26.9577 
vt 22 -26.9531 
vt 22.0478 -26.9492 
vt 22.0521 -26.9759 
vt 22.0521 -26.9538 
vt 22.0538 -26.9648 
vt 22.0962 -26.972 
vt 22.1155 -26.9727 
vt 22.0962 -26.9499 
vt 22.0994 -26.9609 
vt 21.8845 -26.9336 
vt 21.9038 -26.9251 
vt 21.9522 -26.9258 
vt 21.9038 -26.903 
vt 21.9522 -26.8945 
vt 21.9006 -26.9141 
vt 21.9479 -26.9212 
vt 22 -26.9219 
vt 21.9462 -26.9102 
vt 21.9479 -26.8991 
vt 22 -26.8906 
vt 22 -26.9173 
vt 22.0478 -26.918 
vt 22 -26.9062 
vt 22 -26.8952 
vt 22.0478 -26.8867 
vt 22.0521 -26.9134 
vt 21.9038 -27.0905 
vt 21.9038 -27.1126 
vt 21.9522 -27.1133 
vt 21.9006 -27.1016 
vt 21.9462 -27.0977 
vt 21.9479 -27.1087 
vt 22 -27.1094 
vt 21.9479 -27.0866 
vt 22 -27.0938 
vt 22 -27.1048 
vt 22 -27.0827 
vt 22 -27.0781 
vt 22.0521 -27.0788 
vt 22.0478 -27.0742 
vt 22.0521 -27.1009 
vt 22.0538 -27.0898 
vt 22.0962 -27.0749 
vt 22.0884 -27.0703 
vt 22.0962 -27.097 
vt 22.0994 -27.0859 
vt 22.1155 -27.0977 
vt 22.1155 -27.0273 
vt 22.1155 -26.9961 
vt 22.0806 -27.0189 
vt 22.0478 -27.0195 
vt 22.0773 -27.0078 
vt 22.0806 -26.9968 
vt 22.0478 -26.9883 
vt 22.0436 -27.015 
vt 22 -27.0156 
vt 22.0436 -26.9929 
vt 22.0419 -27.0039 
vt 22 -27.011 
vt 21.9522 -27.0117 
vt 22 -26.989 
vt 22 -26.9844 
vt 22 -27 
vt 21.9564 -27.0071 
vt 21.9581 -26.9961 
vt 21.9564 -26.985 
vt 21.9194 -26.9811 
vt 21.9227 -26.9922 
vt 21.8845 -26.9727 
vt 21.9194 -27.0032 
vt 22.1155 -27.0898 
vt 22.0773 -27.0703 
vt 22.0806 -27.0814 
vt 22.0478 -27.082 
vt 22.0806 -27.0593 
vt 22.0884 -27.0547 
vt 22.0478 -27.0508 
vt 22.0436 -27.0775 
vt 22 -27.0781 
vt 22.0436 -27.0554 
vt 22 -27.0469 
vt 22.0419 -27.0664 
vt 22 -27.0735 
vt 21.9522 -27.0742 
vt 22 -27.0625 
vt 21.9564 -27.0696 
vt 22 -27.0515 
vt 21.9581 -27.0586 
vt 21.9564 -27.0475 
vt 21.9522 -27.043 
vt 21.9194 -27.0657 
vt 21.9227 -27.0547 
vt 21.9194 -27.0436 
vt 21.9564 -27.1725 
vt 22 -27.1765 
vt 22 -27.1719 
vt 21.9581 -27.1836 
vt 22 -27.1875 
vt 21.9194 -27.1686 
vt 21.9564 -27.1946 
vt 21.9227 -27.1797 
vt 21.8845 -27.1602 
vt 22 -27.1985 
vt 21.9522 -27.1992 
vt 22 -27.2031 
vt 21.9194 -27.1907 
vt 21.8845 -27.1914 
vt 22.0806 -27.1218 
vt 22.0884 -27.1172 
vt 22.0773 -27.1328 
vt 22.0806 -27.1439 
vt 22.0884 -27.1484 
vt 22.0436 -27.1179 
vt 22.0478 -27.1133 
vt 22.0436 -27.14 
vt 22 -27.1406 
vt 22 -27.1094 
vt 22.0419 -27.1289 
vt 22 -27.136 
vt 22 -27.125 
vt 22 -27.114 
vt 21.9564 -27.1321 
vt 21.9116 -27.1328 
vt 21.9581 -27.1211 
vt 21.9564 -27.11 
vt 21.9116 -27.1016 
vt 21.9227 -27.1172 
vt 21.9194 -27.1282 
vt 21.9194 -27.1061 
vt 22.0884 -26.8984 
vt 22.0884 -26.8672 
vt 22.0773 -26.8828 
vt 22.0806 -26.8718 
vt 22.0478 -26.8633 
vt 22.0436 -26.8679 
vt 22 -26.8594 
vt 22.0806 -26.8939 
vt 22.0436 -26.89 
vt 22 -26.8906 
vt 22.0419 -26.8789 
vt 22 -26.886 
vt 21.9522 -26.8867 
vt 22 -26.875 
vt 21.9564 -26.8821 
vt 22 -26.864 
vt 21.9581 -26.8711 
vt 21.9564 -26.86 
vt 21.9194 -26.8782 
vt 21.9227 -26.8672 
vt 21.9194 -26.8561 
vt 21.8845 -26.8477 
vt 22.1155 -26.8398 
vt 22.1155 -26.8086 
vt 22.0806 -26.8314 
vt 22.0773 -26.8203 
vt 22.0806 -26.8093 
vt 22.0478 -26.8008 
vt 22.0436 -26.8275 
vt 22 -26.8281 
vt 22 -26.8235 
vt 22.0419 -26.8164 
vt 22 -26.8125 
vt 22.0436 -26.8054 
vt 22 -26.8015 
vt 21.8947 -27.0436 
vt 21.875 -27 
vt 21.8845 -27.0478 
vt 21.9116 -27.0884 
vt 21.9522 -27.1155 
vt 21.9227 -27.0773 
vt 21.899 -27.0419 
vt 21.9194 -27.0806 
vt 21.9522 -27.1155 
vt 21.9564 -27.1053 
vt 21.9581 -27.101 
vt 22.0478 -27.1155 
vt 22 -27.114 
vt 22 -27.125 
vt 22 -27.1094 
vt 22.0478 -27.1155 
vt 22.0419 -27.101 
vt 22.0436 -27.1053 
vt 22.0806 -27.0806 
vt 22.0884 -27.0884 
vt 22.0773 -27.0773 
vt 22.1155 -27.0478 
vt 22.1053 -27.0436 
vt 22.101 -27.0419 
vt 22.1094 -27 
vt 22.114 -27 
vt 22.125 -27 
vt 22.1053 -26.9564 
vt 22.1155 -26.9522 
vt 22.0884 -26.9116 
vt 22.0773 -26.9227 
vt 22.0806 -26.9194 
vt 22.0478 -26.8845 
vt 22.0436 -26.8947 
vt 22 -26.875 
vt 22 -26.8906 
vt 22 -26.886 
vt 21.9581 -26.899 
vt 21.9564 -26.8947 
vt 21.9522 -26.8845 
vt 21.9227 -26.9227 
vt 21.9194 -26.9194 
vt 21.9116 -26.9116 
vt 21.8845 -26.9522 
vt 21.899 -26.9581 
vt 21.8845 -27.0478 
vt 21.8947 -26.9564 
vt 21.886 -27 
vt 21.875 -27 
vt 21.8845 -27.0478 
vt 21.899 -27.0419 
vt 21.8947 -27.0436 
vt 21.8701 -27.0538 
vt 21.9038 -27.0962 
vt 21.8743 -27.0521 
vt 21.9116 -27.0884 
vt 21.9006 -27.0994 
vt 21.9462 -27.1299 
vt 21.9479 -27.1257 
vt 21.9522 -27.1155 
vt 22 -27.1406 
vt 22 -27.136 
vt 22 -27.125 
vt 22.0478 -27.1155 
vt 22.0521 -27.1257 
vt 22.0538 -27.1299 
vt 22.0884 -27.0884 
vt 22.0962 -27.0962 
vt 22.0884 -27.0884 
vt 22.1155 -27.0478 
vt 22.1299 -27.0538 
vt 22.1257 -27.0521 
vt 22.1406 -27 
vt 22.1155 -26.9522 
vt 22.136 -27 
vt 22.125 -27 
vt 22.1155 -26.9522 
vt 22.1257 -26.9479 
vt 22.0884 -26.9116 
vt 22.1299 -26.9462 
vt 22.0962 -26.9038 
vt 22.0478 -26.8845 
vt 22.0994 -26.9006 
vt 22.0538 -26.8701 
vt 22.0521 -26.8743 
vt 22 -26.875 
vt 22 -26.875 
vt 22 -26.8594 
vt 22 -26.864 
vt 21.9479 -26.8743 
vt 21.9522 -26.8845 
vt 21.9038 -26.9038 
vt 21.9462 -26.8701 
vt 21.9006 -26.9006 
vt 21.9116 -26.9116 
vt 21.8701 -26.9462 
vt 21.8743 -26.9479 
vt 21.8845 -26.9522 
vt 21.8594 -27 
vt 21.875 -27 
vt 21.864 -27 
vt 21.875 -27 
vt 21.8845 -27.0478 
vt 21.8701 -27.0538 
vt 21.8743 -27.0521 
vt 21.9038 -27.0962 
vt 21.9116 -27.0884 
vt 21.9006 -27.0994 
vt 21.9462 -27.1299 
vt 21.9479 -27.1257 
vt 21.9522 -27.1155 
vt 22 -27.125 
vt 21.9522 -27.1155 
vt 22 -27.136 
vt 22.0478 -27.1155 
vt 22 -27.1406 
vt 22.0521 -27.1257 
vt 22.0884 -27.0884 
vt 22.0478 -27.1155 
vt 22.0962 -27.0962 
vt 22.1155 -27.0478 
vt 22.0538 -27.1299 
vt 22.0994 -27.0994 
vt 22.1257 -27.0521 
vt 22.1299 -27.0538 
vt 22.125 -27 
vt 22.136 -27 
vt 22.125 -27 
vt 22.125 -27 
vt 22.136 -27 
vt 22.1257 -26.9479 
vt 22.1155 -26.9522 
vt 22.0884 -26.9116 
vt 22.1299 -26.9462 
vt 22.0962 -26.9038 
vt 22.0521 -26.8743 
vt 22.0478 -26.8845 
vt 22.0994 -26.9006 
vt 22 -26.875 
vt 22.0538 -26.8701 
vt 22 -26.8594 
vt 22 -26.864 
vt 21.9522 -26.8845 
vt 21.9479 -26.8743 
vt 21.9462 -26.8701 
vt 21.9116 -26.9116 
vt 21.9038 -26.9038 
vt 21.9116 -26.9116 
vt 21.8845 -26.9522 
vt 21.8701 -26.9462 
vt 21.8743 -26.9479 
vt 21.8594 -27 
vt 21.864 -27 
vt 21.875 -27 
vt 21.8743 -27.0521 
vt 21.8845 -27.0478 
vt 21.8701 -27.0538 
vt 21.9038 -27.0962 
vt 21.9116 -27.0884 
vt 21.9522 -27.1155 
vt 21.9462 -27.1299 
vt 21.9479 -27.1257 
vt 22 -27.1406 
vt 22 -27.136 
vt 22 -27.125 
vt 22 -27.125 
vt 22.0521 -27.1257 
vt 22.0478 -27.1155 
vt 22.0538 -27.1299 
vt 22.0962 -27.0962 
vt 22.0884 -27.0884 
vt 22.1155 -27.0478 
vt 22.1299 -27.0538 
vt 22.1257 -27.0521 
vt 22.1406 -27 
vt 22.136 -27 
vt 22.125 -27 
vt 22.1155 -26.9522 
vt 22.125 -27 
vt 22.1257 -26.9479 
vt 22.0962 -26.9038 
vt 22.0884 -26.9116 
vt 22.1299 -26.9462 
vt 22.0478 -26.8845 
vt 22.0538 -26.8701 
vt 22.0521 -26.8743 
vt 22 -26.8594 
vt 22 -26.864 
vt 21.9462 -26.8701 
vt 21.9006 -26.9006 
vt 21.9038 -26.9038 
vt 21.9116 -26.9116 
vt 21.9522 -26.8845 
vt 21.8701 -26.9462 
vt 21.8743 -26.9479 
vt 21.8845 -26.9522 
vt 21.8594 -27 
vt 21.864 -27 
vt 21.875 -27 
vt 21.8743 -27.0521 
vt 21.8845 -27.0478 
vt 21.9038 -27.0962 
vt 21.9116 -27.0884 
vt 21.9522 -27.1155 
vt 21.9462 -27.1299 
vt 21.9479 -27.1257 
vt 22 -27.1406 
vt 22 -27.136 
vt 22 -27.125 
vt 22.0521 -27.1257 
vt 22.0478 -27.1155 
vt 22.0884 -27.0884 
vt 22.0962 -27.0962 
vt 22.1155 -27.0478 
vt 22.0538 -27.1299 
vt 22.0994 -27.0994 
vt 22.1299 -27.0538 
vt 22.1257 -27.0521 
vt 22.125 -27 
vt 22.1155 -26.9522 
vt 22.1406 -27 
vt 22.136 -27 
vt 22.1155 -26.9522 
vt 22.1257 -26.9479 
vt 22.0884 -26.9116 
vt 22.1299 -26.9462 
vt 22.0962 -26.9038 
vt 22.0994 -26.9006 
vt 22.0538 -26.8701 
vt 22.0521 -26.8743 
vt 22.0478 -26.8845 
vt 22 -26.8594 
vt 22 -26.864 
vt 22 -26.875 
vt 21.9479 -26.8743 
vt 21.9522 -26.8845 
vt 21.9038 -26.9038 
vt 21.9116 -26.9116 
vt 21.8845 -26.9522 
vt 21.8701 -26.9462 
vt 21.8743 -26.9479 
vt 21.8594 -27 
vt 21.8845 -27.0478 
vt 21.864 -27 
vt 21.875 -27 
vt 21.8845 -27.0478 
vt 21.8743 -27.0521 
vt 21.9116 -27.0884 
vt 21.8701 -27.0538 
vt 21.9522 -27.1155 
vt 21.9038 -27.0962 
vt 21.9522 -27.1155 
vt 21.9006 -27.0994 
vt 21.9462 -27.1299 
vt 21.9479 -27.1257 
vt 22 -27.125 
vt 22 -27.1406 
vt 22 -27.136 
vt 22.0478 -27.1155 
vt 22.0521 -27.1257 
vt 22.0884 -27.0884 
vt 22.0538 -27.1299 
vt 22.0962 -27.0962 
vt 22.0994 -27.0994 
vt 22.1299 -27.0538 
vt 22.1257 -27.0521 
vt 22.1155 -27.0478 
vt 22.1406 -27 
vt 22.136 -27 
vt 22.125 -27 
vt 22.1257 -26.9479 
vt 22.1155 -26.9522 
vt 22.0962 -26.9038 
vt 22.0884 -26.9116 
vt 22.0478 -26.8845 
vt 22.0538 -26.8701 
vt 22.0521 -26.8743 
vt 22 -26.8594 
vt 21.9522 -26.8845 
vt 22 -26.864 
vt 22 -26.875 
vt 21.9522 -26.8845 
vt 21.9479 -26.8743 
vt 21.9116 -26.9116 
vt 21.9462 -26.8701 
vt 21.9038 -26.9038 
vt 21.8845 -26.9522 
vt 21.9006 -26.9006 
vt 21.8701 -26.9462 
vt 21.8743 -26.9479 
vt 21.875 -27 
vt 21.8845 -27.0478 
vt 21.8594 -27 
vt 21.864 -27 
vt 21.8845 -27.0478 
vt 22 -26.875 
vt 21.9479 -26.8743 
vt 21.9522 -26.8845 
vt 21.9116 -26.9116 
vt 21.9522 -26.8845 
vt 21.9038 -26.9038 
vt 21.8845 -26.9522 
vt 21.9462 -26.8701 
vt 21.9006 -26.9006 
vt 21.8701 -26.9462 
vt 21.8743 -26.9479 
vt 21.8594 -27 
vt 21.864 -27 
vt 21.875 -27 
vt 21.8743 -27.0521 
vt 21.8845 -27.0478 
vt 21.8701 -27.0538 
vt 21.9038 -27.0962 
vt 21.9116 -27.0884 
vt 21.9006 -27.0994 
vt 21.9479 -27.1257 
vt 21.9462 -27.1299 
vt 21.9522 -27.1155 
vt 21.9522 -27.1155 
vt 22 -27.136 
vt 22 -27.125 
vt 22 -27.1406 
vt 22.0521 -27.1257 
vt 22.0478 -27.1155 
vt 22.0538 -27.1299 
vt 22.0962 -27.0962 
vt 22.0884 -27.0884 
vt 22.0994 -27.0994 
vt 22.1299 -27.0538 
vt 22.1257 -27.0521 
vt 22.1155 -27.0478 
vt 22.136 -27 
vt 22.125 -27 
vt 22.1406 -27 
vt 22.1155 -26.9522 
vt 22.1257 -26.9479 
vt 22.1155 -26.9522 
vt 22.0884 -26.9116 
vt 22.1299 -26.9462 
vt 22.0962 -26.9038 
vt 22.0478 -26.8845 
vt 22.0994 -26.9006 
vt 22.0538 -26.8701 
vt 22.0521 -26.8743 
vt 22 -26.875 
vt 22 -26.875 
vt 22 -26.864 
vt 21.9479 -26.8743 
vt 21.8947 -27.0436 
vt 21.875 -27 
vt 21.8845 -27.0478 
vt 21.9116 -27.0884 
vt 21.9227 -27.0773 
vt 21.899 -27.0419 
vt 21.9194 -27.0806 
vt 21.9522 -27.1155 
vt 21.9564 -27.1053 
vt 22 -27.125 
vt 21.9116 -27.0884 
vt 22 -27.1094 
vt 22 -27.114 
vt 22.0419 -27.101 
vt 22.0436 -27.1053 
vt 22.0478 -27.1155 
vt 22.0884 -27.0884 
vt 22.0773 -27.0773 
vt 22.0806 -27.0806 
vt 22.1155 -27.0478 
vt 22.1053 -27.0436 
vt 22.101 -27.0419 
vt 22.1155 -26.9522 
vt 22.114 -27 
vt 22.125 -27 
vt 22.1094 -27 
vt 22.1155 -26.9522 
vt 22.101 -26.9581 
vt 22.1053 -26.9564 
vt 22.0806 -26.9194 
vt 22.0884 -26.9116 
vt 22.0773 -26.9227 
vt 22.0478 -26.8845 
vt 22.0436 -26.8947 
vt 22.0419 -26.899 
vt 22 -26.8906 
vt 21.9116 -26.9116 
vt 22 -26.886 
vt 22 -26.875 
vt 21.9564 -26.8947 
vt 21.9522 -26.8845 
vt 21.9116 -26.9116 
vt 21.9227 -26.9227 
vt 21.9194 -26.9194 
vt 21.8845 -26.9522 
vt 21.8947 -26.9564 
vt 21.8906 -27 
vt 21.886 -27 
vt 21.8947 -26.9564 
vt 21.8906 -27 
vt 21.875 -27 
vt 21.886 -27 
vt 21.8947 -27.0436 
vt 21.8845 -27.0478 
vt 21.899 -27.0419 
vt 21.9194 -27.0806 
vt 21.9116 -27.0884 
vt 21.9227 -27.0773 
vt 21.9564 -27.1053 
vt 21.9522 -27.1155 
vt 21.9522 -27.1155 
vt 22 -27.114 
vt 22 -27.125 
vt 22.0419 -27.101 
vt 22.0436 -27.1053 
vt 22.0478 -27.1155 
vt 22.0773 -27.0773 
vt 22.1155 -27.0478 
vt 22.0806 -27.0806 
vt 22.0884 -27.0884 
vt 22.1155 -27.0478 
vt 22.1053 -27.0436 
vt 22.125 -27 
vt 22.1155 -26.9522 
vt 22.1094 -27 
vt 22.114 -27 
vt 22.101 -26.9581 
vt 22.1053 -26.9564 
vt 22.1155 -26.9522 
vt 22.0884 -26.9116 
vt 22.0773 -26.9227 
vt 22.0806 -26.9194 
vt 22.0478 -26.8845 
vt 22 -26.875 
vt 22.0436 -26.8947 
vt 22.0419 -26.899 
vt 22 -26.8906 
vt 22 -26.886 
vt 22 -26.875 
vt 21.9581 -26.899 
vt 21.9564 -26.8947 
vt 21.9522 -26.8845 
vt 21.9227 -26.9227 
vt 21.9194 -26.9194 
vt 21.9116 -26.9116 
vt 21.8947 -26.9564 
vt 21.8845 -26.9522 
vt 21.886 -27 
vt 22.1053 -26.9564 
vt 22.114 -27 
vt 22.1155 -26.9522 
vt 22.125 -27 
vt 22.0884 -26.9116 
vt 22.1094 -27 
vt 22.0806 -26.9194 
vt 22.0773 -26.9227 
vt 22.0436 -26.8947 
vt 22.0478 -26.8845 
vt 22.125 -27 
vt 21.9116 -26.9116 
vt 22 -26.886 
vt 22 -26.875 
vt 21.9522 -26.8845 
vt 21.9564 -26.8947 
vt 21.9116 -26.9116 
vt 21.9227 -26.9227 
vt 21.9194 -26.9194 
vt 21.8947 -26.9564 
vt 21.8845 -26.9522 
vt 21.875 -27 
vt 21.875 -27 
vt 21.899 -26.9581 
vt 21.886 -27 
vt 21.886 -27 
vt 21.8845 -27.0478 
vt 21.8947 -27.0436 
vt 21.9116 -27.0884 
vt 22 -27.125 
vt 21.9194 -27.0806 
vt 21.9564 -27.1053 
vt 21.9522 -27.1155 
vt 21.9581 -27.101 
vt 22 -27.125 
vt 22 -27.1094 
vt 22 -27.114 
vt 22.0436 -27.1053 
vt 22.0478 -27.1155 
vt 22.0419 -27.101 
vt 22.0806 -27.0806 
vt 22.0884 -27.0884 
vt 22.0773 -27.0773 
vt 22.1053 -27.0436 
vt 22.1155 -27.0478 
vt 22.125 -27 
vt 22.125 -27 
vt 22.114 -27 
vt 22.1155 -26.9522 
vt 22.1053 -26.9564 
vt 22.0884 -26.9116 
vt 22.0773 -26.9227 
vt 22.0806 -26.9194 
vt 22.0436 -26.8947 
vt 22.0478 -26.8845 
vt 22.0419 -26.899 
vt 22 -26.875 
vt 21.9522 -26.8845 
vt 22 -26.8906 
vt 22 -26.886 
vt 21.9581 -26.899 
vt 21.9564 -26.8947 
vt 21.9522 -26.8845 
vt 21.9116 -26.9116 
vt 21.9227 -26.9227 
vt 21.9194 -26.9194 
vt 21.8845 -26.9522 
vt 21.9194 -27.0806 
vt 21.9116 -27.0884 
vt 21.9227 -27.0773 
vt 21.9522 -27.1155 
vt 21.9564 -27.1053 
vt 21.9581 -27.101 
vt 22.0884 -27.0884 
vt 22 -27.114 
vt 22 -27.125 
vt 22.0436 -27.1053 
vt 22.0478 -27.1155 
vt 22.0884 -27.0884 
vt 22.0773 -27.0773 
vt 22.0806 -27.0806 
vt 22.1155 -27.0478 
vt 22.1053 -27.0436 
vt 22.125 -27 
vt 22.1155 -26.9522 
vt 22.1094 -27 
vt 22.114 -27 
vt 22.101 -26.9581 
vt 22.1053 -26.9564 
vt 22.1155 -26.9522 
vt 22.0884 -26.9116 
vt 22.0773 -26.9227 
vt 22.0806 -26.9194 
vt 22.0478 -26.8845 
vt 22.0436 -26.8947 
vt 22.0419 -26.899 
vt 22 -26.875 
vt 22 -26.886 
vt 22 -26.875 
vt 22 -26.8906 
vt 21.9522 -26.8845 
vt 21.9564 -26.8947 
vt 21.9116 -26.9116 
vt 21.9227 -26.9227 
vt 21.875 -27 
vt 21.9194 -26.9194 
vt 21.8947 -26.9564 
vt 21.8845 -26.9522 
vt 21.899 -26.9581 
vt 21.8906 -27 
vt 21.886 -27 
vt 21.875 -27 
vt 21.8947 -27.0436 
vt 21.8845 -27.0478 
vt 21.9116 -27.0884 
vt 21.9227 -27.0773 
vt 21.9194 -27.0806 
vt 21.9522 -27.1155 
vt 21.9564 -27.1053 
vt 21.9581 -27.101 
vt 22.0478 -27.1155 
vt 22 -27.1094 
vt 22 -27.114 
vt 22 -27.125 
vt 22.0436 -27.1053 
vt 22.0478 -27.1155 
vt 22.0884 -27.0884 
vt 22.0773 -27.0773 
vt 22.0806 -27.0806 
vt 22.1155 -27.0478 
vt 22.1053 -27.0436 
vt 22.114 -27 
vt 22.125 -27 
vt 22.0806 -26.972 
vt 22.0478 -26.9727 
vt 22.0773 -26.9609 
vt 22.0806 -26.9499 
vt 22.0478 -26.9414 
vt 22.0436 -26.9681 
vt 22 -26.9688 
vt 22.0436 -26.946 
vt 22.0419 -26.957 
vt 22 -26.9642 
vt 21.9522 -26.9648 
vt 22 -26.9421 
vt 22 -26.9375 
vt 22 -26.9531 
vt 21.9564 -26.9603 
vt 21.9581 -26.9492 
vt 21.9564 -26.9382 
vt 21.9194 -26.9343 
vt 21.9227 -26.9453 
vt 21.8845 -26.9258 
vt 21.9194 -26.9564 
vt 22.1155 -26.918 
vt 21.9038 -26.8782 
vt 21.9038 -26.8561 
vt 21.9522 -26.8477 
vt 21.9006 -26.8672 
vt 21.9522 -26.8789 
vt 21.9462 -26.8633 
vt 21.9479 -26.8522 
vt 22 -26.8438 
vt 21.9479 -26.8743 
vt 22 -26.875 
vt 22 -26.8594 
vt 22 -26.8483 
vt 22.0521 -26.8444 
vt 22.0478 -26.8398 
vt 22 -26.8704 
vt 22.0962 -26.8405 
vt 22.0521 -26.8665 
vt 22.0538 -26.8555 
vt 22.0962 -26.8626 
vt 22.0994 -26.8516 
vt 21.875 -26.8281 
vt 21.8594 -26.8125 
vt 21.875 -26.7969 
vt 21.864 -26.8235 
vt 21.864 -26.8015 
vt 21.8906 -26.8125 
vt 21.886 -26.8015 
vt 21.886 -26.8235 
vt 21.9038 -27.1686 
vt 21.9479 -27.1647 
vt 21.9522 -27.1602 
vt 21.9006 -27.1797 
vt 22 -27.1562 
vt 21.9038 -27.1907 
vt 21.9462 -27.1758 
vt 21.9479 -27.1868 
vt 21.9522 -27.1914 
vt 22 -27.1719 
vt 22 -27.1829 
vt 22 -27.1608 
vt 22.0478 -27.1523 
vt 22.0521 -27.179 
vt 22.0521 -27.1569 
vt 22.0538 -27.168 
vt 22.0962 -27.1751 
vt 22.0884 -27.1797 
vt 22.0962 -27.153 
vt 22.0994 -27.1641 
vt 21.9038 -27.1061 
vt 21.9116 -27.1016 
vt 21.8701 -27.1211 
vt 21.9038 -27.1282 
vt 21.9116 -27.1328 
vt 21.9006 -27.1172 
vt 21.9522 -27.1289 
vt 21.9462 -27.1133 
vt 21.9479 -27.1022 
vt 21.9479 -27.1243 
vt 22 -27.125 
vt 22 -27.1094 
vt 22 -27.0983 
vt 22.0962 -27.0501 
vt 22.0521 -27.054 
vt 22.0538 -27.043 
vt 22.0994 -27.0391 
vt 22.0962 -27.028 
vt 22.0478 -27.0273 
vt 21.9038 -27.0032 
vt 21.9038 -26.9811 
vt 21.9006 -26.9922 
vt 21.9479 -26.9993 
vt 21.9522 -27.0039 
vt 21.9462 -26.9883 
vt 21.9479 -26.9772 
vt 21.9522 -26.9727 
vt 22 -26.9954 
vt 22 -27 
vt 22 -26.9844 
vt 22 -26.9733 
vt 22 -26.9688 
vt 22.0521 -26.9915 
vt 22.0478 -26.9961 
vt 22.0521 -26.9694 
vt 22.0478 -26.9648 
vt 22.0538 -26.9805 
vt 22.0962 -26.9876 
vt 22.0884 -26.9922 
vt 22.0962 -26.9655 
vt 22.0884 -26.9609 
vt 22.0994 -26.9766 
vt 22.1299 -26.9727 
vt 21.9038 -26.9407 
vt 21.9116 -26.9453 
vt 21.9522 -26.9414 
vt 21.9038 -26.9186 
vt 21.9116 -26.9141 
vt 21.9006 -26.9297 
vt 21.9462 -26.9258 
vt 21.9479 -26.9368 
vt 22 -26.9375 
vt 21.9479 -26.9147 
vt 22 -26.9219 
vt 22 -26.9329 
vt 22.0478 -26.9336 
vt 22 -26.9108 
vt 22 -26.9062 
vt 22.0478 -26.9023 
vt 22.0521 -26.929 
vt 22.0521 -26.9069 
vt 22.0538 -26.918 
vt 22.0962 -26.9251 
vt 22.0962 -26.903 
vt 22.0994 -26.9141 
vt 22 -27.0938 
vt 22.0521 -27.0944 
vt 22.0478 -27.0898 
vt 22 -27.1204 
vt 22.0478 -27.1211 
vt 22.0521 -27.1165 
vt 22.0962 -27.0905 
vt 22.0962 -27.1126 
vt 22.0538 -27.1055 
vt 22.0994 -27.1016 
vt 21.9038 -27.0657 
vt 21.9038 -27.0436 
vt 21.9006 -27.0547 
vt 21.9522 -27.0664 
vt 21.9462 -27.0508 
vt 21.9479 -27.0397 
vt 22 -27.0312 
vt 21.9479 -27.0618 
vt 22 -27.0625 
vt 22 -27.0469 
vt 22 -27.0358 
vt 22.0521 -27.0319 
vt 22 -27.0579 
vt 22.0884 -27.0078 
vt 22.0773 -27.0234 
vt 22.0806 -27.0124 
vt 22.0478 -27.0039 
vt 22.0436 -27.0085 
vt 22 -27 
vt 22.0806 -27.0345 
vt 22.0884 -27.0391 
vt 22.0436 -27.0306 
vt 22 -27.0312 
vt 22.0419 -27.0195 
vt 22 -27.0267 
vt 21.9522 -27.0273 
vt 22 -27.0156 
vt 21.9564 -27.0228 
vt 22 -27.0046 
vt 21.9581 -27.0117 
vt 21.9564 -27.0007 
vt 21.9522 -26.9961 
vt 21.9194 -27.0189 
vt 21.9227 -27.0078 
vt 21.9194 -26.9968 
vt 22.1155 -26.9805 
vt 22.1155 -27.1055 
vt 22.125 -27.1094 
vt 22.1094 -27.0938 
vt 22.125 -27.0781 
vt 22.0806 -27.0749 
vt 22.0884 -27.0703 
vt 22.0773 -27.0859 
vt 22.0436 -27.071 
vt 22.0478 -27.0664 
vt 22.0806 -27.097 
vt 22.0436 -27.0931 
vt 22.0478 -27.0977 
vt 22 -27.0938 
vt 22.0419 -27.082 
vt 22 -27.0892 
vt 21.9522 -27.0898 
vt 22 -27.0781 
vt 22 -27.0671 
vt 22 -27.0625 
vt 21.9564 -27.0853 
vt 21.9581 -27.0742 
vt 21.9564 -27.0632 
vt 21.9227 -27.0703 
vt 21.9194 -27.0814 
vt 21.8845 -27.082 
vt 21.9194 -27.0593 
vt 21.9116 -27.0547 
vt 21.875 -27.1719 
vt 21.8906 -27.1875 
vt 21.875 -27.2031 
vt 22.0884 -27.1641 
vt 22.0884 -27.1328 
vt 22.0773 -27.1484 
vt 22.0806 -27.1595 
vt 22.0436 -27.1556 
vt 22.0478 -27.1602 
vt 22.0806 -27.1374 
vt 22.0436 -27.1335 
vt 22.0478 -27.1289 
vt 22.0419 -27.1445 
vt 22 -27.1517 
vt 21.9522 -27.1523 
vt 22 -27.1406 
vt 22 -27.1296 
vt 21.9564 -27.1257 
vt 21.9581 -27.1367 
vt 21.9564 -27.1478 
vt 21.9194 -27.1218 
vt 21.9116 -27.1172 
vt 21.9227 -27.1328 
vt 21.9194 -27.1439 
vt 21.9116 -27.1484 
vt 22.0806 -26.8874 
vt 22.0773 -26.8984 
vt 22.0478 -26.8789 
vt 22.0806 -26.9095 
vt 22.0478 -26.9102 
vt 22.0436 -26.9056 
vt 22 -26.9062 
vt 22.0436 -26.8835 
vt 22.0419 -26.8945 
vt 22 -26.9017 
vt 21.9564 -26.8978 
vt 21.9522 -26.9023 
vt 22 -26.8906 
vt 21.9116 -26.8984 
vt 22 -26.8796 
vt 22 -26.875 
vt 21.9581 -26.8867 
vt 21.9564 -26.8757 
vt 21.9116 -26.8672 
vt 21.9227 -26.8828 
vt 21.9194 -26.8718 
vt 21.9194 -26.8939 
vt 22.0773 -26.8359 
vt 22.0806 -26.8249 
vt 22.0478 -26.8164 
vt 22.0806 -26.847 
vt 22.0478 -26.8477 
vt 22.0436 -26.8431 
vt 22.0436 -26.821 
vt 22.0419 -26.832 
vt 22 -26.8392 
vt 21.9522 -26.8398 
vt 22 -26.8281 
vt 22 -26.8171 
vt 22 -26.8125 
vt 21.9564 -26.8353 
vt 21.9581 -26.8242 
vt 21.9564 -26.8132 
vt 21.9522 -26.8086 
vt 21.9194 -26.8314 
vt 21.9227 -26.8203 
vt 21.9194 -26.8093 
vt 21.9564 -26.9538 
vt 22 -26.9531 
vt 21.9564 -26.9759 
vt 21.9194 -26.972 
vt 21.8845 -26.9727 
vt 21.9227 -26.9609 
vt 21.9581 -26.9648 
vt 21.9194 -26.9499 
vt 22.1155 -26.9336 
vt 22.0773 -26.9141 
vt 22.0806 -26.9251 
vt 22.0478 -26.9258 
vt 22.0806 -26.903 
vt 22.0478 -26.8945 
vt 22.0436 -26.9212 
vt 22 -26.9173 
vt 22 -26.9219 
vt 22.0419 -26.9102 
vt 21.9522 -26.918 
vt 22.0436 -26.8991 
vt 22 -26.9062 
vt 22 -26.8952 
vt 22 -26.8906 
vt 21.9564 -26.9134 
vt 21.9581 -26.9023 
vt 21.9564 -26.8913 
vt 21.8701 -26.8867 
vt 21.9038 -26.8939 
vt 21.9116 -26.8984 
vt 21.9522 -26.8945 
vt 21.9038 -26.8718 
vt 21.9116 -26.8672 
vt 21.9006 -26.8828 
vt 21.9462 -26.8789 
vt 21.9479 -26.89 
vt 22 -26.8906 
vt 21.9479 -26.8679 
vt 22 -26.875 
vt 22 -26.886 
vt 22.0478 -26.8867 
vt 22 -26.864 
vt 22 -26.8594 
vt 22.0478 -26.8555 
vt 22.0521 -26.8821 
vt 22.0521 -26.86 
vt 22.0962 -26.8782 
vt 22.0538 -26.8711 
vt 22.0962 -26.8561 
vt 22.0994 -26.8672 
vt 21.8845 -26.8398 
vt 21.9038 -26.8093 
vt 21.9038 -26.8314 
vt 21.9522 -26.8008 
vt 21.8701 -26.8242 
vt 21.9006 -26.8203 
vt 21.9479 -26.8054 
vt 21.9462 -26.8164 
vt 21.9479 -26.8275 
vt 22 -26.8281 
vt 22 -26.8125 
vt 22 -26.7969 
vt 22 -26.8235 
vt 22 -26.8015 
vt 22 -26.8015 
vt 22.0478 -27.1992 
vt 22 -27.1985 
vt 22 -27.2031 
vt 22 -27.1875 
vt 22.0521 -27.1946 
vt 22 -27.1719 
vt 22 -27.1765 
vt 22.0521 -27.1725 
vt 22.0538 -27.1836 
vt 22.0962 -27.1686 
vt 22.0994 -27.1797 
vt 22.0962 -27.1907 
vt 21.8701 -27.1367 
vt 21.9038 -27.1218 
vt 21.9116 -27.1172 
vt 21.9038 -27.1439 
vt 21.9116 -27.1484 
vt 21.9522 -27.1133 
vt 21.9522 -27.1445 
vt 21.9006 -27.1328 
vt 21.9462 -27.1289 
vt 21.9479 -27.1179 
vt 21.9479 -27.14 
vt 22 -27.125 
vt 22 -27.114 
vt 22 -27.1094 
vt 22.0478 -27.1055 
vt 22 -27.136 
vt 22 -27.1406 
vt 22.0521 -27.11 
vt 22.0962 -27.1061 
vt 22.0884 -27.1016 
vt 22.0538 -27.1211 
vt 22.0521 -27.1321 
vt 22.0962 -27.1282 
vt 22.0884 -27.1328 
vt 22.0994 -27.1172 
vt 22.1299 -27.1133 
vt 21.8845 -27.0273 
vt 21.8845 -26.9961 
vt 21.9038 -27.0189 
vt 21.9038 -26.9968 
vt 21.9522 -27.0195 
vt 21.9522 -26.9883 
vt 21.9006 -27.0078 
vt 21.9479 -27.015 
vt 22 -27.0156 
vt 21.9462 -27.0039 
vt 21.9479 -26.9929 
vt 22 -26.9844 
vt 22 -27.011 
vt 22.0478 -27.0117 
vt 22 -27 
vt 22 -26.989 
vt 22.0478 -26.9805 
vt 22.0521 -27.0071 
vt 22.0521 -26.985 
vt 22.0538 -26.9961 
vt 22.0962 -27.0032 
vt 22.0962 -26.9811 
vt 22.0994 -26.9922 
vt 21.875 -26.9375 
vt 21.9038 -26.9564 
vt 21.9038 -26.9343 
vt 21.9006 -26.9453 
vt 21.9479 -26.9525 
vt 21.9522 -26.957 
vt 21.9462 -26.9414 
vt 21.9479 -26.9304 
vt 21.9522 -26.9258 
vt 22 -26.9485 
vt 22 -26.9531 
vt 22 -26.9375 
vt 22 -26.9265 
vt 22 -26.9219 
vt 22.0521 -26.9446 
vt 22.0478 -26.9492 
vt 22.0521 -26.9225 
vt 22.0478 -26.918 
vt 22.0538 -26.9336 
vt 22.0962 -26.9407 
vt 22.0884 -26.9453 
vt 22.0962 -26.9186 
vt 22.0884 -26.9141 
vt 22.0994 -26.9297 
vt 22.1299 -26.9258 
vt 21.8845 -27.0898 
vt 21.9038 -27.0814 
vt 21.9038 -27.0593 
vt 21.9116 -27.0547 
vt 21.9006 -27.0703 
vt 21.9462 -27.0664 
vt 21.9479 -27.0554 
vt 21.9522 -27.0508 
vt 21.9479 -27.0775 
vt 21.9522 -27.082 
vt 22 -27.0781 
vt 22 -27.0515 
vt 22 -27.0469 
vt 22 -27.0625 
vt 22 -27.0735 
vt 22.0478 -27.0742 
vt 22.0521 -27.0475 
vt 22.0478 -27.043 
vt 22.0521 -27.0696 
vt 22.0962 -27.0657 
vt 22.0538 -27.0586 
vt 22.0962 -27.0436 
vt 22.0994 -27.0547 
vt 21.9564 -27.0163 
vt 22 -27.0156 
vt 21.9522 -27.0117 
vt 21.9116 -27.0078 
vt 21.9227 -27.0234 
vt 21.9581 -27.0273 
vt 21.9564 -27.0384 
vt 21.9194 -27.0124 
vt 21.9194 -27.0345 
vt 21.9116 -27.0391 
vt 22.0884 -26.9922 
vt 22.0884 -26.9609 
vt 22.0773 -26.9766 
vt 22.0806 -26.9655 
vt 22.0478 -26.957 
vt 22.0436 -26.9616 
vt 22.0806 -26.9876 
vt 22.0436 -26.9837 
vt 22 -26.9844 
vt 22.0419 -26.9727 
vt 22 -26.9798 
vt 21.9522 -26.9805 
vt 22 -26.9688 
vt 22 -26.9577 
vt 22 -27.1048 
vt 21.9522 -27.1055 
vt 22 -27.1094 
vt 22.0436 -27.0866 
vt 22 -27.0938 
vt 22.0419 -27.0977 
vt 22 -27.0781 
vt 22 -27.0827 
vt 21.9564 -27.0788 
vt 21.9522 -27.0742 
vt 21.9581 -27.0898 
vt 21.9564 -27.1009 
vt 21.9194 -27.0749 
vt 21.9116 -27.0703 
vt 21.9227 -27.0859 
vt 21.9194 -27.097 
vt 21.8845 -27.0977 
vt 22.0773 -27.0391 
vt 22.0806 -27.0501 
vt 22.0436 -27.0462 
vt 22.0478 -27.0508 
vt 22 -27.0469 
vt 22.0806 -27.028 
vt 22.0436 -27.0241 
vt 22.0478 -27.0195 
vt 22.0419 -27.0352 
vt 22 -27.0423 
vt 21.9522 -27.043 
vt 22 -27.0312 
vt 22 -27.0202 
vt 22.0884 -27.1797 
vt 22.1155 -27.1523 
vt 22.0806 -27.1751 
vt 22.0773 -27.1641 
vt 22.0806 -27.153 
vt 22.0436 -27.1491 
vt 22.0478 -27.1445 
vt 22.0436 -27.1712 
vt 22.0478 -27.1758 
vt 22 -27.1719 
vt 22 -27.1406 
vt 22.0419 -27.1602 
vt 22 -27.1673 
vt 21.9522 -27.168 
vt 22 -27.1562 
vt 22 -27.1452 
vt 21.9564 -27.1634 
vt 21.9116 -27.1641 
vt 21.9581 -27.1523 
vt 21.9564 -27.1413 
vt 21.9116 -27.1328 
vt 21.9227 -27.1484 
vt 21.9194 -27.1595 
vt 21.9194 -27.1374 
vt 22.1155 -27.1211 
vt 22.1155 -27.0898 
vt 22.0806 -27.1126 
vt 22.0773 -27.1016 
vt 22.0806 -27.0905 
vt 22.0478 -27.082 
vt 22.0436 -27.1087 
vt 21.9194 -26.8874 
vt 21.9227 -26.8984 
vt 21.8845 -26.8789 
vt 21.9194 -26.9095 
vt 22.1155 -26.8398 
vt 22.0773 -26.8516 
vt 22.0806 -26.8626 
vt 22.0436 -26.8587 
vt 22.0478 -26.8633 
vt 22 -26.8594 
vt 22.0806 -26.8405 
vt 22.0436 -26.8366 
vt 22.0478 -26.832 
vt 22.0419 -26.8477 
vt 22 -26.8548 
vt 21.9564 -26.8509 
vt 21.9522 -26.8555 
vt 22 -26.8438 
vt 22 -26.8327 
vt 22 -26.8281 
vt 21.9581 -26.8398 
vt 21.9564 -26.8288 
vt 21.9522 -26.8242 
vt 21.9227 -26.8359 
vt 21.9194 -26.8249 
vt 21.8845 -26.8164 
vt 21.9194 -26.847 
vt 22.125 -27 
vt 22.0884 -27.0884 
vt 22.1053 -27.0436 
vt 22.0806 -27.0806 
vt 22.0478 -27.1155 
vt 22.0773 -27.0773 
vt 22.101 -27.0419 
vt 22.0478 -27.1155 
vt 22.0436 -27.1053 
vt 22 -27.125 
vt 22.0419 -27.101 
vt 22 -27.114 
vt 21.9522 -27.1155 
vt 22 -27.125 
vt 22 -27.1094 
vt 21.9564 -27.1053 
vt 21.9581 -27.101 
vt 21.9227 -27.0773 
vt 21.9194 -27.0806 
vt 21.9116 -27.0884 
vt 21.8845 -27.0478 
vt 21.8947 -27.0436 
vt 21.875 -27 
vt 21.899 -27.0419 
vt 21.886 -27 
vt 21.8947 -26.9564 
vt 21.8845 -26.9522 
vt 21.8906 -27 
vt 21.9116 -26.9116 
vt 21.9116 -26.9116 
vt 21.9227 -26.9227 
vt 22 -26.875 
vt 21.9194 -26.9194 
vt 21.9522 -26.8845 
vt 21.9564 -26.8947 
vt 22 -26.875 
vt 22 -26.886 
vt 22.0478 -26.8845 
vt 22 -26.8906 
vt 22.0436 -26.8947 
vt 22.0419 -26.899 
vt 22.0773 -26.9227 
vt 22.0806 -26.9194 
vt 22.0884 -26.9116 
vt 22.1155 -26.9522 
vt 22.1053 -26.9564 
vt 22.114 -27 
vt 22.125 -27 
vt 22.101 -26.9581 
vt 22.1155 -27.0478 
vt 22.1094 -27 
vt 22.125 -27 
vt 22.1053 -27.0436 
vt 22.101 -27.0419 
vt 22.1299 -27.0538 
vt 22.0994 -27.0994 
vt 22.0962 -27.0962 
vt 22.0884 -27.0884 
vt 22.0521 -27.1257 
vt 22.0478 -27.1155 
vt 22.0538 -27.1299 
vt 22 -27.136 
vt 22 -27.125 
vt 21.9522 -27.1155 
vt 22 -27.1406 
vt 22 -27.125 
vt 21.9479 -27.1257 
vt 21.9462 -27.1299 
vt 21.9038 -27.0962 
vt 21.9116 -27.0884 
vt 21.8845 -27.0478 
vt 21.8701 -27.0538 
vt 21.8743 -27.0521 
vt 21.875 -27 
vt 21.8594 -27 
vt 21.864 -27 
vt 21.8845 -26.9522 
vt 21.8743 -26.9479 
vt 21.9116 -26.9116 
vt 21.9038 -26.9038 
vt 21.8701 -26.9462 
vt 21.9006 -26.9006 
vt 21.9522 -26.8845 
vt 21.9462 -26.8701 
vt 21.9479 -26.8743 
vt 22 -26.875 
vt 22 -26.8594 
vt 22.0478 -26.8845 
vt 22 -26.864 
vt 22.0478 -26.8845 
vt 22.0521 -26.8743 
vt 22.0538 -26.8701 
vt 22.0962 -26.9038 
vt 22.0884 -26.9116 
vt 22.0994 -26.9006 
vt 22.1299 -26.9462 
vt 22.1257 -26.9479 
vt 22.1155 -26.9522 
vt 22.1155 -26.9522 
vt 22.1406 -27 
vt 22.136 -27 
vt 22.125 -27 
vt 22.1155 -27.0478 
vt 22.1257 -27.0521 
vt 22.0962 -27.0962 
vt 22.0884 -27.0884 
vt 22.1299 -27.0538 
vt 22.0994 -27.0994 
vt 22.0538 -27.1299 
vt 22.0478 -27.1155 
vt 22.0521 -27.1257 
vt 22.0478 -27.1155 
vt 22 -27.125 
vt 22 -27.1406 
vt 22 -27.136 
vt 21.9522 -27.1155 
vt 21.9479 -27.1257 
vt 21.9116 -27.0884 
vt 21.9038 -27.0962 
vt 21.8845 -27.0478 
vt 21.8845 -27.0478 
vt 21.9462 -27.1299 
vt 21.9006 -27.0994 
vt 21.8701 -27.0538 
vt 21.8743 -27.0521 
vt 21.875 -27 
vt 21.864 -27 
vt 21.8845 -26.9522 
vt 21.864 -27 
vt 21.875 -27 
vt 21.8743 -26.9479 
vt 21.9116 -26.9116 
vt 21.8701 -26.9462 
vt 21.9522 -26.8845 
vt 21.9006 -26.9006 
vt 21.9038 -26.9038 
vt 21.9462 -26.8701 
vt 21.9479 -26.8743 
vt 21.9522 -26.8845 
vt 22 -26.875 
vt 22 -26.8594 
vt 22 -26.864 
vt 22.0478 -26.8845 
vt 22.0521 -26.8743 
vt 22.0538 -26.8701 
vt 22.0962 -26.9038 
vt 22.0884 -26.9116 
vt 22.1155 -26.9522 
vt 22.1299 -26.9462 
vt 22.1257 -26.9479 
vt 22.125 -27 
vt 22.136 -27 
vt 22.1155 -27.0478 
vt 22.125 -27 
vt 22.1257 -27.0521 
vt 22.1299 -27.0538 
vt 22.0884 -27.0884 
vt 22.0962 -27.0962 
vt 22.0884 -27.0884 
vt 22.0478 -27.1155 
vt 22.0538 -27.1299 
vt 22.0521 -27.1257 
vt 22 -27.1406 
vt 22 -27.136 
vt 22 -27.125 
vt 21.9522 -27.1155 
vt 21.9479 -27.1257 
vt 21.9462 -27.1299 
vt 21.9116 -27.0884 
vt 21.9038 -27.0962 
vt 21.9116 -27.0884 
vt 21.8845 -27.0478 
vt 21.8701 -27.0538 
vt 21.8743 -27.0521 
vt 21.8594 -27 
vt 21.864 -27 
vt 21.875 -27 
vt 21.8845 -26.9522 
vt 21.9116 -26.9116 
vt 21.8701 -26.9462 
vt 21.8743 -26.9479 
vt 21.9038 -26.9038 
vt 21.9116 -26.9116 
vt 21.9522 -26.8845 
vt 21.9462 -26.8701 
vt 21.9479 -26.8743 
vt 22 -26.875 
vt 22 -26.8594 
vt 22.0478 -26.8845 
vt 22.0962 -26.9038 
vt 22.0521 -26.8743 
vt 22.0538 -26.8701 
vt 22.0884 -26.9116 
vt 22.0994 -26.9006 
vt 22.1299 -26.9462 
vt 22.1257 -26.9479 
vt 22.1155 -26.9522 
vt 22.125 -27 
vt 22.1155 -26.9522 
vt 22.136 -27 
vt 22.1406 -27 
vt 22.1257 -27.0521 
vt 22.1155 -27.0478 
vt 22.0962 -27.0962 
vt 22.0884 -27.0884 
vt 22.0478 -27.1155 
vt 22.0538 -27.1299 
vt 22.0521 -27.1257 
vt 22 -27.125 
vt 22 -27.1406 
vt 22 -27.136 
vt 21.9522 -27.1155 
vt 21.9479 -27.1257 
vt 21.9116 -27.0884 
vt 21.9522 -27.1155 
vt 21.9038 -27.0962 
vt 21.8845 -27.0478 
vt 21.9462 -27.1299 
vt 21.9006 -27.0994 
vt 21.8743 -27.0521 
vt 21.875 -27 
vt 21.8701 -27.0538 
vt 21.875 -27 
vt 21.864 -27 
vt 21.8845 -26.9522 
vt 21.8594 -27 
vt 21.8743 -26.9479 
vt 21.9116 -26.9116 
vt 21.8701 -26.9462 
vt 21.9038 -26.9038 
vt 21.9006 -26.9006 
vt 21.9479 -26.8743 
vt 21.9522 -26.8845 
vt 21.9462 -26.8701 
vt 21.9522 -26.8845 
vt 22 -26.864 
vt 22 -26.875 
vt 22 -26.8594 
vt 22.0521 -26.8743 
vt 22.0478 -26.8845 
vt 22.0478 -26.8845 
vt 22.0962 -26.9038 
vt 22.0884 -26.9116 
vt 22.1155 -26.9522 
vt 22.1299 -26.9462 
vt 22.1257 -26.9479 
vt 22.125 -27 
vt 22.1406 -27 
vt 22.136 -27 
vt 22.1155 -27.0478 
vt 22.1257 -27.0521 
vt 22.0884 -27.0884 
vt 22.1299 -27.0538 
vt 22.0962 -27.0962 
vt 22.0478 -27.1155 
vt 22.0994 -27.0994 
vt 22.0521 -27.1257 
vt 22 -27.125 
vt 22.0538 -27.1299 
vt 22 -27.125 
vt 22 -27.136 
vt 21.9522 -27.1155 
vt 22 -27.1406 
vt 21.9479 -27.1257 
vt 21.9116 -27.0884 
vt 21.9462 -27.1299 
vt 21.9038 -27.0962 
vt 21.9006 -27.0994 
vt 21.8743 -27.0521 
vt 21.8845 -27.0478 
vt 21.8701 -27.0538 
vt 21.864 -27 
vt 21.875 -27 
vt 21.8594 -27 
vt 21.8743 -26.9479 
vt 21.8845 -26.9522 
vt 21.8845 -26.9522 
vt 21.9038 -26.9038 
vt 21.9116 -26.9116 
vt 21.9522 -26.8845 
vt 21.9462 -26.8701 
vt 21.9479 -26.8743 
vt 22 -26.875 
vt 22 -26.8594 
vt 22 -26.864 
vt 22.0478 -26.8845 
vt 22.0521 -26.8743 
vt 22.0884 -26.9116 
vt 22.0538 -26.8701 
vt 22.0962 -26.9038 
vt 22.1155 -26.9522 
vt 22.0994 -26.9006 
vt 22.1257 -26.9479 
vt 22.125 -27 
vt 22.1299 -26.9462 
vt 22.136 -27 
vt 22.1155 -27.0478 
vt 22.1406 -27 
vt 22.1257 -27.0521 
vt 22 -26.864 
vt 22.0478 -26.8845 
vt 22.0521 -26.8743 
vt 22.0884 -26.9116 
vt 22.0962 -26.9038 
vt 22.0538 -26.8701 
vt 22.1155 -26.9522 
vt 22.0994 -26.9006 
vt 22.1299 -26.9462 
vt 22.1257 -26.9479 
vt 22.125 -27 
vt 22.136 -27 
vt 22.1155 -27.0478 
vt 22.125 -27 
vt 22.1257 -27.0521 
vt 22.1299 -27.0538 
vt 22.0962 -27.0962 
vt 22.0884 -27.0884 
vt 22.0994 -27.0994 
vt 22.0538 -27.1299 
vt 22.0521 -27.1257 
vt 22.0478 -27.1155 
vt 22 -27.125 
vt 22 -27.125 
vt 22 -27.1406 
vt 22 -27.136 
vt 21.9479 -27.1257 
vt 21.9522 -27.1155 
vt 21.9462 -27.1299 
vt 21.9038 -27.0962 
vt 21.9006 -27.0994 
vt 21.9116 -27.0884 
vt 21.8701 -27.0538 
vt 21.8743 -27.0521 
vt 21.8845 -27.0478 
vt 21.875 -27 
vt 21.875 -27 
vt 21.8594 -27 
vt 21.864 -27 
vt 21.8845 -26.9522 
vt 21.8743 -26.9479 
vt 21.9116 -26.9116 
vt 21.9038 -26.9038 
vt 21.8701 -26.9462 
vt 21.9006 -26.9006 
vt 21.9522 -26.8845 
vt 21.9462 -26.8701 
vt 21.9479 -26.8743 
vt 22 -26.875 
vt 22 -26.8594 
vt 22 -26.864 
vt 22.0773 -27.0773 
vt 22.101 -27.0419 
vt 22.1053 -27.0436 
vt 22.0806 -27.0806 
vt 22.0884 -27.0884 
vt 22.0478 -27.1155 
vt 22.0436 -27.1053 
vt 22 -27.125 
vt 22 -27.114 
vt 21.9522 -27.1155 
vt 22 -27.1094 
vt 21.9564 -27.1053 
vt 21.9116 -27.0884 
vt 21.9581 -27.101 
vt 21.9522 -27.1155 
vt 21.9194 -27.0806 
vt 21.8845 -27.0478 
vt 21.9227 -27.0773 
vt 21.8947 -27.0436 
vt 21.875 -27 
vt 21.899 -27.0419 
vt 21.886 -27 
vt 21.8845 -26.9522 
vt 21.8906 -27 
vt 21.8947 -26.9564 
vt 21.899 -26.9581 
vt 21.9227 -26.9227 
vt 21.9522 -26.8845 
vt 21.9194 -26.9194 
vt 21.9116 -26.9116 
vt 21.9522 -26.8845 
vt 21.9564 -26.8947 
vt 22 -26.875 
vt 21.9581 -26.899 
vt 22 -26.886 
vt 22.0436 -26.8947 
vt 22.0478 -26.8845 
vt 22 -26.8906 
vt 22.0884 -26.9116 
vt 22.0884 -26.9116 
vt 22.0773 -26.9227 
vt 22.0806 -26.9194 
vt 22.1155 -26.9522 
vt 22.1053 -26.9564 
vt 22.125 -27 
vt 22.114 -27 
vt 22.1155 -27.0478 
vt 22.1094 -27 
vt 22.114 -27 
vt 22.1155 -27.0478 
vt 22.125 -27 
vt 22.125 -27 
vt 22.101 -27.0419 
vt 22.1053 -27.0436 
vt 22.0773 -27.0773 
vt 22.0806 -27.0806 
vt 22.0884 -27.0884 
vt 22.0436 -27.1053 
vt 22.0478 -27.1155 
vt 22 -27.125 
vt 22 -27.114 
vt 21.9522 -27.1155 
vt 22 -27.1094 
vt 22 -27.125 
vt 21.9564 -27.1053 
vt 21.9581 -27.101 
vt 21.9227 -27.0773 
vt 21.9194 -27.0806 
vt 21.9116 -27.0884 
vt 21.8845 -27.0478 
vt 21.8947 -27.0436 
vt 21.875 -27 
vt 21.875 -27 
vt 21.886 -27 
vt 21.8845 -26.9522 
vt 21.8947 -26.9564 
vt 21.9116 -26.9116 
vt 21.899 -26.9581 
vt 21.9194 -26.9194 
vt 21.9522 -26.8845 
vt 21.9227 -26.9227 
vt 21.9564 -26.8947 
vt 22 -26.875 
vt 21.9581 -26.899 
vt 22 -26.886 
vt 22.0478 -26.8845 
vt 22.0436 -26.8947 
vt 22.0419 -26.899 
vt 22.0773 -26.9227 
vt 22.0806 -26.9194 
vt 22.0884 -26.9116 
vt 22.1053 -26.9564 
vt 22.1155 -26.9522 
vt 22.125 -27 
vt 22.1155 -26.9522 
vt 22.114 -27 
vt 22.1155 -27.0478 
vt 22.114 -27 
vt 21.8947 -26.9564 
vt 21.9227 -26.9227 
vt 21.9522 -26.8845 
vt 21.886 -27 
vt 21.8845 -26.9522 
vt 21.875 -27 
vt 21.9116 -26.9116 
vt 21.9194 -26.9194 
vt 21.9564 -26.8947 
vt 21.9522 -26.8845 
vt 22 -26.886 
vt 22 -26.875 
vt 22.0478 -26.8845 
vt 22.0436 -26.8947 
vt 22.0884 -26.9116 
vt 22.0478 -26.8845 
vt 22.0806 -26.9194 
vt 22.0773 -26.9227 
vt 22.1053 -26.9564 
vt 22.1155 -26.9522 
vt 22.125 -27 
vt 22.101 -26.9581 
vt 22.114 -27 
vt 22.1155 -27.0478 
vt 22.1053 -27.0436 
vt 22.0884 -27.0884 
vt 22.0884 -27.0884 
vt 22.0806 -27.0806 
vt 22.0436 -27.1053 
vt 22.0478 -27.1155 
vt 22 -27.125 
vt 22.0806 -27.0806 
vt 22.0419 -27.101 
vt 22 -27.114 
vt 21.9522 -27.1155 
vt 22 -27.1094 
vt 21.9581 -27.101 
vt 21.9564 -27.1053 
vt 21.9116 -27.0884 
vt 21.9227 -27.0773 
vt 21.9194 -27.0806 
vt 21.9116 -27.0884 
vt 21.8947 -27.0436 
vt 21.8845 -27.0478 
vt 21.875 -27 
vt 21.886 -27 
vt 21.8845 -26.9522 
vt 21.8947 -26.9564 
vt 21.9116 -26.9116 
vt 21.9116 -26.9116 
vt 21.9227 -26.9227 
vt 21.9194 -26.9194 
vt 21.9564 -26.8947 
vt 21.9522 -26.8845 
vt 22 -26.875 
vt 21.9581 -26.899 
vt 22 -26.886 
vt 22.0478 -26.8845 
vt 22 -26.8906 
vt 22.0436 -26.8947 
vt 22.0884 -26.9116 
vt 22.0419 -26.899 
vt 22.0806 -26.9194 
vt 22.1155 -26.9522 
vt 22.0773 -26.9227 
vt 22.1053 -26.9564 
vt 22.0773 -27.0773 
vt 22.0478 -27.1155 
vt 22.0806 -27.0806 
vt 22.0884 -27.0884 
vt 22.0478 -27.1155 
vt 22.0436 -27.1053 
vt 22 -27.125 
vt 22.0419 -27.101 
vt 22 -27.114 
vt 21.9564 -27.1053 
vt 21.9522 -27.1155 
vt 22 -27.1094 
vt 21.9116 -27.0884 
vt 22 -27.125 
vt 21.9227 -27.0773 
vt 21.875 -27 
vt 21.9194 -27.0806 
vt 21.8845 -27.0478 
vt 21.8947 -27.0436 
vt 21.875 -27 
vt 21.886 -27 
vt 21.8845 -26.9522 
vt 21.8906 -27 
vt 21.8947 -26.9564 
vt 21.9116 -26.9116 
vt 21.899 -26.9581 
vt 21.9194 -26.9194 
vt 21.9522 -26.8845 
vt 21.9227 -26.9227 
vt 21.9564 -26.8947 
vt 21.9581 -26.899 
vt 22 -26.886 
vt 22 -26.875 
vt 22.0478 -26.8845 
vt 22.0436 -26.8947 
vt 22.0884 -26.9116 
vt 22.0773 -26.9227 
vt 22.0806 -26.9194 
vt 22.1053 -26.9564 
vt 22.1155 -26.9522 
vt 22.125 -27 
vt 22.1155 -26.9522 
vt 22.101 -26.9581 
vt 22.114 -27 
vt 22.1053 -27.0436 
vt 22.1155 -27.0478 
vt 22.1094 -27 
vt 22.0884 -27.0884 
vt 22.0773 -27.0773 
vt 22.0478 -27.1155 
vt 22.0806 -27.0806 
vt 22.0478 -27.1155 
vt 22.0436 -27.1053 
vt 22 -27.125 
vt 22.0419 -27.101 
vt 22 -27.114 
vt 21.9522 -27.1155 
vt 22 -27.1094 
vt 21.9564 -27.1053 
vt 21.9116 -27.0884 
vt 21.9194 -27.0806 
vt 21.8845 -27.0478 
vt 21.9227 -27.0773 
vt 21.8845 -27.0478 
vt 21.8947 -27.0436 
vt 21.875 -27 
vt 21.886 -27 
vt 22.0884 -26.9453 
vt 22.0884 -26.9141 
vt 22.0773 -26.9297 
vt 22.0806 -26.9186 
vt 22.0478 -26.9102 
vt 22.0436 -26.9147 
vt 22 -26.9062 
vt 22.0806 -26.9407 
vt 22.0436 -26.9368 
vt 22 -26.9375 
vt 22.0419 -26.9258 
vt 22 -26.9329 
vt 21.9522 -26.9336 
vt 22 -26.9219 
vt 22 -26.9108 
vt 21.9564 -26.929 
vt 21.9581 -26.918 
vt 21.9564 -26.9069 
vt 21.9522 -26.9023 
vt 21.9227 -26.9141 
vt 21.9194 -26.9251 
vt 21.8845 -26.9258 
vt 21.9194 -26.903 
vt 21.8845 -26.8945 
vt 21.9038 -26.8874 
vt 21.9006 -26.8984 
vt 21.9038 -26.9095 
vt 21.9479 -26.9056 
vt 21.9522 -26.9102 
vt 21.9462 -26.8945 
vt 21.9479 -26.8835 
vt 22 -26.9017 
vt 22 -26.9062 
vt 22 -26.8906 
vt 22 -26.8796 
vt 22 -26.875 
vt 22.0478 -26.8711 
vt 22.0521 -26.8978 
vt 22.0521 -26.8757 
vt 22.0538 -26.8867 
vt 22.0962 -26.8939 
vt 22.0884 -26.8984 
vt 22.0962 -26.8718 
vt 22.0884 -26.8672 
vt 22.0994 -26.8828 
vt 22.1299 -26.8789 
vt 21.9038 -26.847 
vt 21.9038 -26.8249 
vt 21.9006 -26.8359 
vt 21.9462 -26.832 
vt 21.9479 -26.821 
vt 21.9522 -26.8164 
vt 22 -26.8125 
vt 21.9479 -26.8431 
vt 21.9522 -26.8477 
vt 22 -26.8438 
vt 22 -26.8171 
vt 22.0478 -26.8086 
vt 22 -26.8281 
vt 22.0521 -26.8132 
vt 22 -26.8392 
vt 22.0478 -26.8398 
vt 22.0521 -26.8353 
vt 22.0962 -26.8093 
vt 22.0962 -26.8314 
vt 22.0538 -26.8242 
vt 22.0994 -26.8203 
vt 22.136 -27.1985 
vt 22.125 -27.2031 
vt 22.1406 -27.1875 
vt 22.114 -27.1985 
vt 22.114 -27.1765 
vt 22.1094 -27.1875 
vt 22.125 -27.1719 
vt 22.136 -27.1765 
vt 21.875 -27.1719 
vt 21.875 -27.1406 
vt 21.8701 -27.1523 
vt 21.9038 -27.1374 
vt 21.9116 -27.1328 
vt 21.9038 -27.1595 
vt 21.9116 -27.1641 
vt 21.9522 -27.1602 
vt 21.9006 -27.1484 
vt 21.9462 -27.1445 
vt 21.9479 -27.1335 
vt 21.9479 -27.1556 
vt 22 -27.1406 
vt 22 -27.1296 
vt 22 -27.125 
vt 22 -27.1517 
vt 22 -27.1562 
vt 22.0521 -27.1257 
vt 22.0478 -27.1211 
vt 22.0521 -27.1478 
vt 22.0538 -27.1367 
vt 22.0962 -27.1218 
vt 22.0884 -27.1172 
vt 22.0962 -27.1439 
vt 22.0884 -27.1484 
vt 22.0994 -27.1328 
vt 22.1299 -27.1289 
vt 21.8743 -27.0163 
vt 21.9038 -27.0345 
vt 21.9116 -27.0391 
vt 21.9522 -27.0352 
vt 21.9038 -27.0124 
vt 21.9116 -27.0078 
vt 21.9006 -27.0234 
vt 21.9462 -27.0195 
vt 21.9479 -27.0306 
vt 22 -27.0312 
vt 21.9479 -27.0085 
vt 22 -27.0156 
vt 22 -27.0267 
vt 22.0478 -27.0273 
vt 22 -27.0046 
vt 22.0521 -27.0228 
vt 22.0521 -27.0007 
vt 22.0478 -26.9961 
vt 22.0962 -27.0189 
vt 22.0962 -26.9968 
vt 22.0538 -27.0117 
vt 22.0994 -27.0078 
vt 21.8845 -26.9805 
vt 21.9038 -26.972 
vt 21.9522 -26.9727 
vt 21.9038 -26.9499 
vt 21.9522 -26.9414 
vt 21.9006 -26.9609 
vt 21.9479 -26.9681 
vt 22 -26.9688 
vt 21.9462 -26.957 
vt 21.9479 -26.946 
vt 22 -26.9375 
vt 22 -26.9642 
vt 22.0478 -26.9648 
vt 22 -26.9531 
vt 22 -26.9421 
vt 22.0478 -26.9336 
vt 22.0521 -26.9603 
vt 22.0521 -26.9382 
vt 22.0538 -26.9492 
vt 22.0962 -26.9564 
vt 22.0962 -26.9343 
vt 22.0994 -26.9453 
vt 21.9038 -27.0749 
vt 21.9116 -27.0703 
vt 21.9038 -27.097 
vt 21.9006 -27.0859 
vt 21.9479 -27.071 
vt 21.9462 -27.082 
vt 21.9479 -27.0931 
vt 21.9522 -27.0977 
vt 22 -27.0938 
vt 22 -27.0671 
vt 22 -27.0625 
vt 22 -27.0781 
vt 22 -27.0892 
vt 22.0521 -27.0853 
vt 22.0478 -27.0898 
vt 22.0521 -27.0632 
vt 22.0478 -27.0586 
vt 22.0538 -27.0742 
vt 22.0962 -27.0814 
vt 22.0962 -27.0593 
vt 22.0884 -27.0547 
vt 22.0994 -27.0703 
vt 22.1155 -27.0117 
vt 22.0806 -26.9811 
vt 22.0773 -26.9922 
vt 22.0478 -26.9727 
vt 22.0806 -27.0032 
vt 22.0478 -27.0039 
vt 22.0436 -26.9993 
vt 22 -27 
vt 22.0436 -26.9772 
vt 22.0419 -26.9883 
vt 22 -26.9954 
vt 21.9564 -26.9915 
vt 21.9522 -26.9961 
vt 22 -26.9844 
vt 21.9116 -26.9922 
vt 22 -26.9733 
vt 22 -26.9688 
vt 21.9581 -26.9805 
vt 21.9564 -26.9694 
vt 21.9522 -26.9648 
vt 21.9116 -26.9609 
vt 21.9227 -26.9766 
vt 21.9194 -26.9655 
vt 21.9194 -26.9876 
vt 22.125 -27.0469 
vt 22.1155 -27.0742 
vt 22.1155 -27.043 
vt 22.0806 -27.0657 
vt 22.0478 -27.0664 
vt 22.0773 -27.0547 
vt 22.0806 -27.0436 
vt 22.0478 -27.0352 
vt 22.0436 -27.0618 
vt 22 -27.0625 
vt 22.0436 -27.0397 
vt 22.0419 -27.0508 
vt 22 -27.0579 
vt 21.9522 -27.0586 
vt 22 -27.0469 
vt 22 -27.0358 
vt 22 -27.0312 
vt 21.9564 -27.054 
vt 21.9581 -27.043 
vt 21.9564 -27.0319 
vt 21.9227 -27.0391 
vt 21.9194 -27.0501 
vt 21.8845 -27.0508 
vt 21.9194 -27.028 
vt 21.8845 -27.0195 
vt 22.0806 -27.1686 
vt 22.0773 -27.1797 
vt 22.0436 -27.1647 
vt 22.0478 -27.1602 
vt 22.0806 -27.1907 
vt 22.0436 -27.1868 
vt 22.0478 -27.1914 
vt 22.0419 -27.1758 
vt 22 -27.1829 
vt 21.9522 -27.1836 
vt 22 -27.1719 
vt 21.9564 -27.179 
vt 21.9116 -27.1797 
vt 22 -27.1608 
vt 22 -27.1562 
vt 21.9522 -27.1523 
vt 21.9194 -27.1751 
vt 21.9564 -27.1569 
vt 21.9581 -27.168 
vt 21.9227 -27.1641 
vt 21.9194 -27.153 
vt 21.875 -27.1719 
vt 21.875 -27.1406 
vt 21.886 -27.1673 
vt 22.0884 -27.1328 
vt 22.0884 -27.1016 
vt 22.0773 -27.1172 
vt 22.0806 -27.1282 
vt 22.0436 -27.1243 
vt 22 -27.125 
vt 22.0806 -27.1061 
vt 22.0436 -27.1022 
vt 22.0478 -27.0977 
vt 22.0419 -27.1133 
vt 22 -27.1204 
vt 21.9522 -27.1211 
vt 22 -27.1094 
vt 21.9564 -27.1165 
vt 22 -27.0983 
vt 21.9581 -27.1055 
vt 21.9564 -27.0944 
vt 21.9522 -27.0898 
vt 21.9194 -27.1126 
vt 21.9227 -27.1016 
vt 21.9194 -27.0905 
vt 22.1155 -26.8867 
vt 22.0806 -26.8782 
vt 22.0773 -26.8672 
vt 22.0806 -26.8561 
vt 22.0478 -26.8477 
vt 22.0436 -26.8743 
vt 22.0436 -26.8522 
vt 22.0419 -26.8633 
vt 22 -26.8704 
vt 22 -26.875 
vt 21.9522 -26.8711 
vt 22 -26.8483 
vt 22 -26.8438 
vt 22 -26.8594 
vt 21.9522 -26.8398 
vt 21.9564 -26.8665 
vt 21.9581 -26.8555 
vt 21.9564 -26.8444 
vt 21.9227 -26.8516 
vt 21.9194 -26.8626 
vt 21.8845 -26.8633 
vt 21.9194 -26.8405 

usemtl Spring1Mtl

f 4/4/4 8/8/8 6/6/6 
f 10/10/10 4/4/4 3/3/3 
f 8/8/8 4/4/4 11/11/11 
f 4/4/4 10/10/10 11/11/11 
f 11/11/11 12/12/12 8/8/8 
f 12/12/12 11/11/11 15/15/15 
f 10/10/10 15/15/15 11/11/11 
f 15/15/15 13/13/13 12/12/12 
f 15/15/15 10/10/10 17/17/17 
f 17/17/17 19/19/19 15/15/15 
f 13/13/13 15/15/15 19/19/19 
f 19/19/19 17/17/17 20/20/20 
f 20/20/20 23/23/23 19/19/19 
f 23/23/23 13/13/13 19/19/19 
f 23/23/23 20/20/20 24/24/24 
f 13/13/13 23/23/23 25/25/25 
f 26/26/26 27/27/27 28/28/28 
f 29/29/29 26/26/26 30/30/30 
f 27/27/27 26/26/26 29/29/29 
f 32/32/32 34/34/34 33/33/33 
f 33/33/33 34/34/34 31/31/31 
f 34/34/34 32/32/32 35/35/35 
f 37/37/37 31/31/31 34/34/34 
f 35/35/35 39/39/39 34/34/34 
f 34/34/34 39/39/39 37/37/37 
f 39/39/39 35/35/35 40/40/40 
f 42/42/42 37/37/37 39/39/39 
f 40/40/40 45/45/45 39/39/39 
f 47/47/47 39/39/39 45/45/45 
f 45/45/45 46/46/46 47/47/47 
f 39/39/39 48/48/48 42/42/42 
f 48/48/48 39/39/39 47/47/47 
f 47/47/47 49/49/49 48/48/48 
f 50/50/50 47/47/47 46/46/46 
f 49/49/49 47/47/47 50/50/50 
f 55/55/55 60/60/60 59/59/59 
f 59/59/59 60/60/60 58/58/58 
f 60/60/60 55/55/55 61/61/61 
f 63/63/63 58/58/58 60/60/60 
f 61/61/61 64/64/64 60/60/60 
f 60/60/60 64/64/64 63/63/63 
f 64/64/64 61/61/61 65/65/65 
f 66/66/66 63/63/63 64/64/64 
f 64/64/64 68/68/68 66/66/66 
f 65/65/65 70/70/70 64/64/64 
f 68/68/68 64/64/64 71/71/71 
f 71/71/71 64/64/64 70/70/70 
f 71/71/71 72/72/72 68/68/68 
f 70/70/70 74/74/74 71/71/71 
f 72/72/72 71/71/71 76/76/76 
f 76/76/76 71/71/71 74/74/74 
f 78/78/78 82/82/82 80/80/80 
f 80/80/80 82/82/82 81/81/81 
f 82/82/82 78/78/78 83/83/83 
f 86/86/86 81/81/81 82/82/82 
f 83/83/83 89/89/89 82/82/82 
f 89/89/89 83/83/83 88/88/88 
f 82/82/82 89/89/89 86/86/86 
f 90/90/90 86/86/86 89/89/89 
f 88/88/88 92/92/92 89/89/89 
f 89/89/89 94/94/94 90/90/90 
f 95/95/95 89/89/89 92/92/92 
f 94/94/94 89/89/89 95/95/95 
f 92/92/92 96/96/96 95/95/95 
f 95/95/95 98/98/98 94/94/94 
f 100/100/100 95/95/95 96/96/96 
f 98/98/98 95/95/95 100/100/100 
f 102/102/102 108/108/108 107/107/107 
f 107/107/107 108/108/108 105/105/105 
f 108/108/108 102/102/102 109/109/109 
f 111/111/111 105/105/105 108/108/108 
f 109/109/109 112/112/112 108/108/108 
f 108/108/108 112/112/112 111/111/111 
f 112/112/112 109/109/109 113/113/113 
f 115/115/115 111/111/111 112/112/112 
f 113/113/113 118/118/118 112/112/112 
f 112/112/112 119/119/119 115/115/115 
f 120/120/120 112/112/112 118/118/118 
f 119/119/119 112/112/112 120/120/120 
f 118/118/118 121/121/121 120/120/120 
f 120/120/120 123/123/123 119/119/119 
f 124/124/124 120/120/120 121/121/121 
f 123/123/123 120/120/120 124/124/124 
f 126/126/126 133/133/133 130/130/130 
f 133/133/133 126/126/126 131/131/131 
f 130/130/130 133/133/133 128/128/128 
f 134/134/134 128/128/128 133/133/133 
f 131/131/131 138/138/138 133/133/133 
f 133/133/133 138/138/138 134/134/134 
f 138/138/138 131/131/131 136/136/136 
f 139/139/139 134/134/134 138/138/138 
f 136/136/136 141/141/141 138/138/138 
f 138/138/138 28/28/28 139/139/139 
f 26/26/26 138/138/138 141/141/141 
f 28/28/28 138/138/138 26/26/26 
f 141/141/141 30/30/30 26/26/26 
f 145/145/145 146/146/146 142/142/142 
f 143/143/143 146/146/146 145/145/145 
f 146/146/146 143/143/143 147/147/147 
f 149/149/149 142/142/142 146/146/146 
f 147/147/147 150/150/150 146/146/146 
f 146/146/146 150/150/150 149/149/149 
f 150/150/150 147/147/147 151/151/151 
f 152/152/152 149/149/149 150/150/150 
f 150/150/150 154/154/154 152/152/152 
f 151/151/151 156/156/156 150/150/150 
f 154/154/154 150/150/150 157/157/157 
f 157/157/157 150/150/150 156/156/156 
f 157/157/157 158/158/158 154/154/154 
f 156/156/156 160/160/160 157/157/157 
f 158/158/158 157/157/157 161/161/161 
f 161/161/161 157/157/157 160/160/160 
f 167/167/167 170/170/170 165/165/165 
f 172/172/172 167/167/167 168/168/168 
f 170/170/170 167/167/167 173/173/173 
f 167/167/167 172/172/172 173/173/173 
f 173/173/173 174/174/174 170/170/170 
f 172/172/172 178/178/178 173/173/173 
f 174/174/174 173/173/173 178/178/178 
f 178/178/178 172/172/172 176/176/176 
f 178/178/178 179/179/179 174/174/174 
f 176/176/176 180/180/180 178/178/178 
f 179/179/179 178/178/178 180/180/180 
f 180/180/180 176/176/176 181/181/181 
f 181/181/181 183/183/183 180/180/180 
f 183/183/183 181/181/181 182/182/182 
f 183/183/183 179/179/179 180/180/180 
f 179/179/179 183/183/183 185/185/185 
f 187/187/187 193/193/193 188/188/188 
f 195/195/195 187/187/187 190/190/190 
f 193/193/193 187/187/187 197/197/197 
f 187/187/187 195/195/195 197/197/197 
f 197/197/197 198/198/198 193/193/193 
f 195/195/195 200/200/200 197/197/197 
f 198/198/198 197/197/197 200/200/200 
f 200/200/200 201/201/201 198/198/198 
f 200/200/200 195/195/195 202/202/202 
f 201/201/201 200/200/200 203/203/203 
f 202/202/202 203/203/203 200/200/200 
f 203/203/203 202/202/202 204/204/204 
f 207/207/207 201/201/201 203/203/203 
f 201/201/201 207/207/207 206/206/206 
f 204/204/204 207/207/207 203/203/203 
f 207/207/207 204/204/204 208/208/208 
f 212/212/212 210/210/210 209/209/209 
f 210/210/210 212/212/212 213/213/213 
f 215/215/215 213/213/213 212/212/212 
f 209/209/209 216/216/216 212/212/212 
f 216/216/216 209/209/209 214/214/214 
f 216/216/216 215/215/215 212/212/212 
f 213/213/213 215/215/215 218/218/218 
f 215/215/215 216/216/216 221/221/221 
f 228/228/228 225/225/225 223/223/223 
f 225/225/225 230/230/230 226/226/226 
f 230/230/230 225/225/225 233/233/233 
f 225/225/225 228/228/228 233/233/233 
f 233/233/233 234/234/234 230/230/230 
f 228/228/228 235/235/235 233/233/233 
f 234/234/234 233/233/233 235/235/235 
f 235/235/235 228/228/228 236/236/236 
f 235/235/235 237/237/237 234/234/234 
f 236/236/236 239/239/239 235/235/235 
f 237/237/237 235/235/235 239/239/239 
f 239/239/239 236/236/236 240/240/240 
f 242/242/242 237/237/237 239/239/239 
f 240/240/240 242/242/242 239/239/239 
f 237/237/237 242/242/242 243/243/243 
f 242/242/242 240/240/240 244/244/244 
f 250/250/250 247/247/247 248/248/248 
f 247/247/247 253/253/253 252/252/252 
f 247/247/247 250/250/250 255/255/255 
f 253/253/253 247/247/247 255/255/255 
f 255/255/255 256/256/256 253/253/253 
f 250/250/250 258/258/258 255/255/255 
f 256/256/256 255/255/255 258/258/258 
f 258/258/258 259/259/259 256/256/256 
f 258/258/258 250/250/250 260/260/260 
f 259/259/259 258/258/258 261/261/261 
f 260/260/260 261/261/261 258/258/258 
f 261/261/261 260/260/260 262/262/262 
f 264/264/264 259/259/259 261/261/261 
f 259/259/259 264/264/264 263/263/263 
f 262/262/262 264/264/264 261/261/261 
f 264/264/264 262/262/262 265/265/265 
f 270/270/270 273/273/273 269/269/269 
f 276/276/276 275/275/275 273/273/273 
f 273/273/273 270/270/270 276/276/276 
f 275/275/275 276/276/276 277/277/277 
f 278/278/278 270/270/270 271/271/271 
f 270/270/270 278/278/278 276/276/276 
f 278/278/278 277/277/277 276/276/276 
f 277/277/277 278/278/278 279/279/279 
f 280/280/280 281/281/281 282/282/282 
f 283/283/283 280/280/280 282/282/282 
f 280/280/280 283/283/283 287/287/287 
f 288/288/288 287/287/287 283/283/283 
f 289/289/289 287/287/287 288/288/288 
f 288/288/288 292/292/292 289/289/289 
f 292/292/292 288/288/288 293/293/293 
f 293/293/293 295/295/295 292/292/292 
f 292/292/292 295/295/295 297/297/297 
f 295/295/295 298/298/298 297/297/297 
f 298/298/298 295/295/295 299/299/299 
f 301/301/301 298/298/298 299/299/299 
f 298/298/298 301/301/301 302/302/302 
f 301/301/301 305/305/305 302/302/302 
f 305/305/305 301/301/301 306/306/306 
f 306/306/306 307/307/307 305/305/305 
f 307/307/307 306/306/306 308/308/308 
f 308/308/308 309/309/309 307/307/307 
f 307/307/307 309/309/309 311/311/311 
f 309/309/309 312/312/312 311/311/311 
f 311/311/311 312/312/312 313/313/313 
f 314/314/314 313/313/313 312/312/312 
f 313/313/313 314/314/314 316/316/316 
f 314/314/314 318/318/318 316/316/316 
f 318/318/318 314/314/314 319/319/319 
f 319/319/319 321/321/321 318/318/318 
f 321/321/321 319/319/319 322/322/322 
f 322/322/322 323/323/323 321/321/321 
f 326/326/326 321/321/321 323/323/323 
f 323/323/323 327/327/327 326/326/326 
f 327/327/327 323/323/323 328/328/328 
f 328/328/328 329/329/329 327/327/327 
f 327/327/327 329/329/329 331/331/331 
f 335/335/335 334/334/334 333/333/333 
f 338/338/338 335/335/335 333/333/333 
f 339/339/339 335/335/335 338/338/338 
f 338/338/338 341/341/341 339/339/339 
f 342/342/342 339/339/339 341/341/341 
f 341/341/341 343/343/343 342/342/342 
f 343/343/343 341/341/341 344/344/344 
f 344/344/344 347/347/347 343/343/343 
f 343/343/343 347/347/347 348/348/348 
f 347/347/347 349/349/349 348/348/348 
f 349/349/349 347/347/347 351/351/351 
f 354/354/354 349/349/349 351/351/351 
f 355/355/355 349/349/349 354/354/354 
f 354/354/354 356/356/356 355/355/355 
f 356/356/356 354/354/354 357/357/357 
f 357/357/357 358/358/358 356/356/356 
f 358/358/358 357/357/357 360/360/360 
f 360/360/360 361/361/361 358/358/358 
f 361/361/361 360/360/360 364/364/364 
f 364/364/364 365/365/365 361/361/361 
f 365/365/365 364/364/364 368/368/368 
f 369/369/369 365/365/365 368/368/368 
f 365/365/365 369/369/369 370/370/370 
f 370/370/370 369/369/369 371/371/371 
f 374/374/374 370/370/370 371/371/371 
f 371/371/371 376/376/376 374/374/374 
f 377/377/377 374/374/374 376/376/376 
f 376/376/376 380/380/380 377/377/377 
f 377/377/377 380/380/380 381/381/381 
f 380/380/380 382/382/382 381/381/381 
f 382/382/382 380/380/380 384/384/384 
f 385/385/385 382/382/382 384/384/384 
f 382/382/382 385/385/385 386/386/386 
f 389/389/389 386/386/386 385/385/385 
f 390/390/390 386/386/386 389/389/389 
f 389/389/389 391/391/391 390/390/390 
f 391/391/391 389/389/389 393/393/393 
f 393/393/393 394/394/394 391/391/391 
f 394/394/394 393/393/393 396/396/396 
f 396/396/396 397/397/397 394/394/394 
f 397/397/397 396/396/396 399/399/399 
f 399/399/399 400/400/400 397/397/397 
f 400/400/400 399/399/399 403/403/403 
f 403/403/403 405/405/405 400/400/400 
f 405/405/405 403/403/403 406/406/406 
f 408/408/408 409/409/409 410/410/410 
f 411/411/411 408/408/408 410/410/410 
f 410/410/410 412/412/412 411/411/411 
f 412/412/412 410/410/410 414/414/414 
f 414/414/414 415/415/415 412/412/412 
f 412/412/412 415/415/415 416/416/416 
f 415/415/415 418/418/418 416/416/416 
f 418/418/418 415/415/415 421/421/421 
f 421/421/421 422/422/422 418/418/418 
f 422/422/422 421/421/421 423/423/423 
f 422/422/422 423/423/423 426/426/426 
f 427/427/427 422/422/422 426/426/426 
f 426/426/426 428/428/428 427/427/427 
f 428/428/428 426/426/426 430/430/430 
f 430/430/430 432/432/432 428/428/428 
f 428/428/428 432/432/432 433/433/433 
f 432/432/432 434/434/434 433/433/433 
f 433/433/433 434/434/434 435/435/435 
f 437/437/437 435/435/435 434/434/434 
f 435/435/435 437/437/437 438/438/438 
f 437/437/437 439/439/439 438/438/438 
f 439/439/439 437/437/437 441/441/441 
f 441/441/441 443/443/443 439/439/439 
f 444/444/444 439/439/439 443/443/443 
f 443/443/443 446/446/446 444/444/444 
f 444/444/444 446/446/446 447/447/447 
f 446/446/446 449/449/449 447/447/447 
f 447/447/447 449/449/449 450/450/450 
f 449/449/449 451/451/451 450/450/450 
f 451/451/451 449/449/449 453/453/453 
f 455/455/455 451/451/451 453/453/453 
f 456/456/456 451/451/451 455/455/455 
f 455/455/455 457/457/457 456/456/456 
f 457/457/457 455/455/455 459/459/459 
f 459/459/459 460/460/460 457/457/457 
f 457/457/457 460/460/460 461/461/461 
f 460/460/460 463/463/463 461/461/461 
f 463/463/463 460/460/460 465/465/465 
f 467/467/467 463/463/463 465/465/465 
f 471/471/471 472/472/472 470/470/470 
f 470/470/470 474/474/474 471/471/471 
f 475/475/475 471/471/471 474/474/474 
f 474/474/474 477/477/477 475/475/475 
f 475/475/475 477/477/477 478/478/478 
f 477/477/477 479/479/479 478/478/478 
f 478/478/478 479/479/479 480/480/480 
f 481/481/481 480/480/480 479/479/479 
f 480/480/480 481/481/481 482/482/482 
f 481/481/481 483/483/483 482/482/482 
f 483/483/483 481/481/481 485/485/485 
f 485/485/485 487/487/487 483/483/483 
f 488/488/488 483/483/483 487/487/487 
f 487/487/487 489/489/489 488/488/488 
f 488/488/488 489/489/489 490/490/490 
f 489/489/489 491/491/491 490/490/490 
f 491/491/491 489/489/489 492/492/492 
f 492/492/492 493/493/493 491/491/491 
f 493/493/493 492/492/492 497/497/497 
f 497/497/497 498/498/498 493/493/493 
f 498/498/498 497/497/497 501/501/501 
f 501/501/501 502/502/502 498/498/498 
f 502/502/502 501/501/501 503/503/503 
f 503/503/503 504/504/504 502/502/502 
f 504/504/504 503/503/503 506/506/506 
f 506/506/506 509/509/509 504/504/504 
f 504/504/504 509/509/509 510/510/510 
f 512/512/512 510/510/510 509/509/509 
f 510/510/510 512/512/512 513/513/513 
f 514/514/514 513/513/513 512/512/512 
f 513/513/513 514/514/514 515/515/515 
f 515/515/515 514/514/514 516/516/516 
f 517/517/517 515/515/515 516/516/516 
f 516/516/516 518/518/518 517/517/517 
f 518/518/518 516/516/516 520/520/520 
f 520/520/520 523/523/523 518/518/518 
f 518/518/518 523/523/523 524/524/524 
f 523/523/523 525/525/525 524/524/524 
f 525/525/525 523/523/523 526/526/526 
f 526/526/526 527/527/527 525/525/525 
f 527/527/527 526/526/526 530/530/530 
f 530/530/530 531/531/531 527/527/527 
f 531/531/531 530/530/530 534/534/534 
f 534/534/534 535/535/535 531/531/531 
f 535/535/535 534/534/534 537/537/537 
f 537/537/537 538/538/538 535/535/535 
f 538/538/538 537/537/537 539/539/539 
f 539/539/539 540/540/540 538/538/538 
f 540/540/540 539/539/539 542/542/542 
f 545/545/545 540/540/540 542/542/542 
f 540/540/540 545/545/545 546/546/546 
f 548/548/548 546/546/546 545/545/545 
f 549/549/549 546/546/546 548/548/548 
f 549/549/549 548/548/548 550/550/550 
f 551/551/551 549/549/549 550/550/550 
f 550/550/550 552/552/552 551/551/551 
f 551/551/551 552/552/552 553/553/553 
f 552/552/552 554/554/554 553/553/553 
f 554/554/554 552/552/552 556/556/556 
f 559/559/559 554/554/554 556/556/556 
f 554/554/554 559/559/559 560/560/560 
f 559/559/559 561/561/561 560/560/560 
f 561/561/561 559/559/559 562/562/562 
f 562/562/562 563/563/563 561/561/561 
f 563/563/563 562/562/562 565/565/565 
f 565/565/565 566/566/566 563/563/563 
f 566/566/566 565/565/565 569/569/569 
f 569/569/569 570/570/570 566/566/566 
f 570/570/570 569/569/569 573/573/573 
f 573/573/573 574/574/574 570/570/570 
f 574/574/574 573/573/573 334/334/334 
f 334/334/334 335/335/335 574/574/574 
f 463/463/463 467/467/467 575/575/575 
f 576/576/576 575/575/575 467/467/467 
f 575/575/575 576/576/576 577/577/577 
f 576/576/576 578/578/578 577/577/577 
f 578/578/578 576/576/576 580/580/580 
f 580/580/580 581/581/581 578/578/578 
f 581/581/581 580/580/580 585/585/585 
f 585/585/585 587/587/587 581/581/581 
f 581/581/581 587/587/587 588/588/588 
f 587/587/587 589/589/589 588/588/588 
f 588/588/588 589/589/589 590/590/590 
f 592/592/592 590/590/590 589/589/589 
f 590/590/590 592/592/592 593/593/593 
f 595/595/595 593/593/593 592/592/592 
f 597/597/597 593/593/593 595/595/595 
f 595/595/595 599/599/599 597/597/597 
f 600/600/600 597/597/597 599/599/599 
f 599/599/599 602/602/602 600/600/600 
f 600/600/600 602/602/602 603/603/603 
f 602/602/602 605/605/605 603/603/603 
f 603/603/603 605/605/605 606/606/606 
f 609/609/609 606/606/606 605/605/605 
f 606/606/606 609/609/609 610/610/610 
f 611/611/611 610/610/610 609/609/609 
f 612/612/612 610/610/610 611/611/611 
f 612/612/612 611/611/611 615/615/615 
f 616/616/616 612/612/612 615/615/615 
f 615/615/615 617/617/617 616/616/616 
f 617/617/617 615/615/615 619/619/619 
f 619/619/619 620/620/620 617/617/617 
f 620/620/620 619/619/619 623/623/623 
f 623/623/623 624/624/624 620/620/620 
f 624/624/624 623/623/623 626/626/626 
f 627/627/627 624/624/624 626/626/626 
f 624/624/624 627/627/627 472/472/472 
f 472/472/472 627/627/627 470/470/470 
f 628/628/628 629/629/629 630/630/630 
f 631/631/631 628/628/628 630/630/630 
f 628/628/628 631/631/631 634/634/634 
f 635/635/635 634/634/634 631/631/631 
f 636/636/636 634/634/634 635/635/635 
f 635/635/635 637/637/637 636/636/636 
f 640/640/640 636/636/636 637/637/637 
f 637/637/637 642/642/642 640/640/640 
f 642/642/642 637/637/637 643/643/643 
f 643/643/643 644/644/644 642/642/642 
f 642/642/642 644/644/644 646/646/646 
f 647/647/647 646/646/646 644/644/644 
f 646/646/646 647/647/647 648/648/648 
f 647/647/647 651/651/651 648/648/648 
f 651/651/651 647/647/647 652/652/652 
f 651/651/651 652/652/652 654/654/654 
f 656/656/656 651/651/651 654/654/654 
f 654/654/654 657/657/657 656/656/656 
f 657/657/657 654/654/654 658/658/658 
f 658/658/658 660/660/660 657/657/657 
f 657/657/657 660/660/660 661/661/661 
f 660/660/660 665/665/665 661/661/661 
f 665/665/665 660/660/660 666/666/666 
f 666/666/666 667/667/667 665/665/665 
f 667/667/667 666/666/666 668/668/668 
f 667/667/667 668/668/668 669/669/669 
f 671/671/671 667/667/667 669/669/669 
f 669/669/669 672/672/672 671/671/671 
f 673/673/673 671/671/671 672/672/672 
f 672/672/672 281/281/281 673/673/673 
f 673/673/673 281/281/281 675/675/675 
f 281/281/281 280/280/280 675/675/675 
f 676/676/676 678/678/678 679/679/679 
f 678/678/678 680/680/680 679/679/679 
f 680/680/680 678/678/678 681/681/681 
f 681/681/681 683/683/683 680/680/680 
f 683/683/683 681/681/681 684/684/684 
f 684/684/684 686/686/686 683/683/683 
f 686/686/686 684/684/684 687/687/687 
f 687/687/687 689/689/689 686/686/686 
f 689/689/689 687/687/687 690/690/690 
f 690/690/690 692/692/692 689/689/689 
f 692/692/692 690/690/690 693/693/693 
f 693/693/693 696/696/696 692/692/692 
f 696/696/696 693/693/693 697/697/697 
f 698/698/698 696/696/696 697/697/697 
f 696/696/696 698/698/698 699/699/699 
f 700/700/700 699/699/699 698/698/698 
f 703/703/703 699/699/699 700/700/700 
f 700/700/700 705/705/705 703/703/703 
f 705/705/705 700/700/700 706/706/706 
f 706/706/706 707/707/707 705/705/705 
f 705/705/705 707/707/707 709/709/709 
f 707/707/707 710/710/710 709/709/709 
f 709/709/709 710/710/710 712/712/712 
f 710/710/710 715/715/715 712/712/712 
f 715/715/715 710/710/710 716/716/716 
f 716/716/716 718/718/718 715/715/715 
f 718/718/718 716/716/716 719/719/719 
f 719/719/719 721/721/721 718/718/718 
f 721/721/721 719/719/719 722/722/722 
f 722/722/722 723/723/723 721/721/721 
f 723/723/723 722/722/722 724/724/724 
f 724/724/724 725/725/725 723/723/723 
f 725/725/725 724/724/724 629/629/629 
f 629/629/629 628/628/628 725/725/725 
f 726/726/726 727/727/727 728/728/728 
f 727/727/727 729/729/729 728/728/728 
f 728/728/728 730/730/730 726/726/726 
f 726/726/726 730/730/730 732/732/732 
f 730/730/730 734/734/734 732/732/732 
f 734/734/734 730/730/730 735/735/735 
f 735/735/735 738/738/738 734/734/734 
f 738/738/738 735/735/735 739/739/739 
f 740/740/740 738/738/738 739/739/739 
f 738/738/738 740/740/740 741/741/741 
f 741/741/741 740/740/740 742/742/742 
f 744/744/744 741/741/741 742/742/742 
f 742/742/742 745/745/745 744/744/744 
f 745/745/745 742/742/742 746/746/746 
f 746/746/746 748/748/748 745/745/745 
f 745/745/745 748/748/748 751/751/751 
f 748/748/748 752/752/752 751/751/751 
f 751/751/751 752/752/752 753/753/753 
f 754/754/754 753/753/753 752/752/752 
f 753/753/753 754/754/754 756/756/756 
f 754/754/754 757/757/757 756/756/756 
f 757/757/757 754/754/754 758/758/758 
f 758/758/758 760/760/760 757/757/757 
f 762/762/762 757/757/757 760/760/760 
f 760/760/760 763/763/763 762/762/762 
f 763/763/763 760/760/760 764/764/764 
f 764/764/764 766/766/766 763/763/763 
f 766/766/766 764/764/764 767/767/767 
f 767/767/767 769/769/769 766/766/766 
f 769/769/769 767/767/767 770/770/770 
f 772/772/772 769/769/769 770/770/770 
f 773/773/773 769/769/769 772/772/772 
f 773/773/773 772/772/772 774/774/774 
f 775/775/775 773/773/773 774/774/774 
f 774/774/774 776/776/776 775/775/775 
f 775/775/775 776/776/776 778/778/778 
f 776/776/776 779/779/779 778/778/778 
f 779/779/779 776/776/776 780/780/780 
f 782/782/782 779/779/779 780/780/780 
f 779/779/779 782/782/782 785/785/785 
f 782/782/782 787/787/787 785/785/785 
f 787/787/787 782/782/782 788/788/788 
f 787/787/787 788/788/788 789/789/789 
f 791/791/791 787/787/787 789/789/789 
f 789/789/789 792/792/792 791/791/791 
f 676/676/676 791/791/791 792/792/792 
f 792/792/792 678/678/678 676/676/676 
f 329/329/329 793/793/793 331/331/331 
f 793/793/793 329/329/329 794/794/794 
f 796/796/796 793/793/793 794/794/794 
f 797/797/797 793/793/793 796/796/796 
f 796/796/796 800/800/800 797/797/797 
f 800/800/800 796/796/796 801/801/801 
f 801/801/801 802/802/802 800/800/800 
f 802/802/802 801/801/801 803/803/803 
f 803/803/803 804/804/804 802/802/802 
f 802/802/802 804/804/804 806/806/806 
f 807/807/807 806/806/806 804/804/804 
f 806/806/806 807/807/807 808/808/808 
f 809/809/809 808/808/808 807/807/807 
f 812/812/812 808/808/808 809/809/809 
f 809/809/809 814/814/814 812/812/812 
f 814/814/814 809/809/809 815/815/815 
f 815/815/815 816/816/816 814/814/814 
f 814/814/814 816/816/816 818/818/818 
f 816/816/816 819/819/819 818/818/818 
f 818/818/818 819/819/819 820/820/820 
f 819/819/819 823/823/823 820/820/820 
f 823/823/823 819/819/819 824/824/824 
f 826/826/826 823/823/823 824/824/824 
f 823/823/823 826/826/826 827/827/827 
f 827/827/827 826/826/826 828/828/828 
f 831/831/831 827/827/827 828/828/828 
f 828/828/828 832/832/832 831/831/831 
f 832/832/832 828/828/828 833/833/833 
f 833/833/833 836/836/836 832/832/832 
f 836/836/836 833/833/833 837/837/837 
f 837/837/837 838/838/838 836/836/836 
f 838/838/838 837/837/837 839/839/839 
f 840/840/840 838/838/838 839/839/839 
f 838/838/838 840/840/840 842/842/842 
f 843/843/843 842/842/842 840/840/840 
f 844/844/844 842/842/842 843/843/843 
f 843/843/843 848/848/848 844/844/844 
f 848/848/848 843/843/843 849/849/849 
f 849/849/849 850/850/850 848/848/848 
f 850/850/850 849/849/849 851/851/851 
f 851/851/851 852/852/852 850/850/850 
f 850/850/850 852/852/852 854/854/854 
f 855/855/855 854/854/854 852/852/852 
f 854/854/854 855/855/855 856/856/856 
f 855/855/855 857/857/857 856/856/856 
f 857/857/857 855/855/855 858/858/858 
f 861/861/861 864/864/864 859/859/859 
f 866/866/866 861/861/861 862/862/862 
f 864/864/864 861/861/861 867/867/867 
f 861/861/861 866/866/866 867/867/867 
f 867/867/867 868/868/868 864/864/864 
f 866/866/866 872/872/872 867/867/867 
f 868/868/868 867/867/867 872/872/872 
f 872/872/872 866/866/866 870/870/870 
f 872/872/872 873/873/873 868/868/868 
f 870/870/870 874/874/874 872/872/872 
f 873/873/873 872/872/872 874/874/874 
f 874/874/874 870/870/870 875/875/875 
f 875/875/875 877/877/877 874/874/874 
f 877/877/877 875/875/875 876/876/876 
f 877/877/877 873/873/873 874/874/874 
f 873/873/873 877/877/877 879/879/879 
f 884/884/884 886/886/886 882/882/882 
f 881/881/881 886/886/886 884/884/884 
f 887/887/887 882/882/882 886/886/886 
f 886/886/886 881/881/881 889/889/889 
f 886/886/886 891/891/891 887/887/887 
f 889/889/889 891/891/891 886/886/886 
f 892/892/892 887/887/887 891/891/891 
f 891/891/891 893/893/893 892/892/892 
f 891/891/891 889/889/889 895/895/895 
f 895/895/895 897/897/897 891/891/891 
f 893/893/893 891/891/891 898/898/898 
f 898/898/898 891/891/891 897/897/897 
f 898/898/898 896/896/896 893/893/893 
f 897/897/897 899/899/899 898/898/898 
f 900/900/900 898/898/898 899/899/899 
f 896/896/896 898/898/898 900/900/900 
f 901/901/901 902/902/902 904/904/904 
f 903/903/903 902/902/902 901/901/901 
f 902/902/902 903/903/903 905/905/905 
f 906/906/906 903/903/903 901/901/901 
f 903/903/903 906/906/906 907/907/907 
f 906/906/906 901/901/901 908/908/908 
f 912/912/912 915/915/915 909/909/909 
f 914/914/914 915/915/915 912/912/912 
f 910/910/910 909/909/909 915/915/915 
f 915/915/915 914/914/914 916/916/916 
f 916/916/916 918/918/918 915/915/915 
f 915/915/915 918/918/918 910/910/910 
f 918/918/918 916/916/916 919/919/919 
f 920/920/920 910/910/910 918/918/918 
f 919/919/919 922/922/922 918/918/918 
f 918/918/918 923/923/923 920/920/920 
f 924/924/924 918/918/918 922/922/922 
f 923/923/923 918/918/918 924/924/924 
f 922/922/922 925/925/925 924/924/924 
f 924/924/924 927/927/927 923/923/923 
f 928/928/928 924/924/924 925/925/925 
f 927/927/927 924/924/924 928/928/928 
f 934/934/934 936/936/936 929/929/929 
f 932/932/932 936/936/936 934/934/934 
f 937/937/937 929/929/929 936/936/936 
f 936/936/936 932/932/932 938/938/938 
f 936/936/936 940/940/940 937/937/937 
f 938/938/938 940/940/940 936/936/936 
f 941/941/941 937/937/937 940/940/940 
f 943/943/943 942/942/942 944/944/944 
f 945/945/945 944/944/944 942/942/942 
f 946/946/946 944/944/944 945/945/945 
f 948/948/948 953/953/953 950/950/950 
f 953/953/953 948/948/948 951/951/951 
f 950/950/950 953/953/953 949/949/949 
f 954/954/954 949/949/949 953/953/953 
f 951/951/951 958/958/958 953/953/953 
f 958/958/958 951/951/951 956/956/956 
f 953/953/953 958/958/958 954/954/954 
f 959/959/959 954/954/954 958/958/958 
f 956/956/956 961/961/961 958/958/958 
f 958/958/958 963/963/963 959/959/959 
f 965/965/965 958/958/958 961/961/961 
f 963/963/963 958/958/958 965/965/965 
f 961/961/961 966/966/966 965/965/965 
f 965/965/965 968/968/968 963/963/963 
f 970/970/970 965/965/965 966/966/966 
f 968/968/968 965/965/965 970/970/970 
f 972/972/972 978/978/978 977/977/977 
f 977/977/977 978/978/978 975/975/975 
f 978/978/978 972/972/972 979/979/979 
f 981/981/981 975/975/975 978/978/978 
f 979/979/979 982/982/982 978/978/978 
f 978/978/978 982/982/982 981/981/981 
f 982/982/982 979/979/979 983/983/983 
f 985/985/985 981/981/981 982/982/982 
f 983/983/983 988/988/988 982/982/982 
f 982/982/982 989/989/989 985/985/985 
f 990/990/990 982/982/982 988/988/988 
f 989/989/989 982/982/982 990/990/990 
f 988/988/988 991/991/991 990/990/990 
f 990/990/990 992/992/992 989/989/989 
f 993/993/993 990/990/990 991/991/991 
f 992/992/992 990/990/990 993/993/993 
f 940/940/940 995/995/995 941/941/941 
f 940/940/940 938/938/938 997/997/997 
f 997/997/997 999/999/999 940/940/940 
f 1002/1002/1002 940/940/940 999/999/999 
f 995/995/995 940/940/940 1002/1002/1002 
f 999/999/999 1001/1001/1001 1002/1002/1002 
f 1002/1002/1002 1000/1000/1000 995/995/995 
f 1000/1000/1000 1002/1002/1002 1003/1003/1003 
f 1003/1003/1003 1002/1002/1002 1001/1001/1001 
f 1006/1006/1006 1008/1008/1008 1005/1005/1005 
f 1004/1004/1004 1008/1008/1008 1006/1006/1006 
f 1009/1009/1009 1005/1005/1005 1008/1008/1008 
f 1008/1008/1008 1004/1004/1004 1011/1011/1011 
f 1008/1008/1008 1013/1013/1013 1009/1009/1009 
f 1011/1011/1011 1013/1013/1013 1008/1008/1008 
f 1014/1014/1014 1009/1009/1009 1013/1013/1013 
f 1013/1013/1013 1015/1015/1015 1014/1014/1014 
f 1013/1013/1013 1011/1011/1011 1016/1016/1016 
f 1016/1016/1016 943/943/943 1013/1013/1013 
f 1015/1015/1015 1013/1013/1013 944/944/944 
f 944/944/944 1013/1013/1013 943/943/943 
f 944/944/944 946/946/946 1015/1015/1015 
f 1021/1021/1021 1018/1018/1018 1019/1019/1019 
f 1018/1018/1018 1025/1025/1025 1023/1023/1023 
f 1018/1018/1018 1021/1021/1021 1027/1027/1027 
f 1025/1025/1025 1018/1018/1018 1027/1027/1027 
f 1027/1027/1027 1028/1028/1028 1025/1025/1025 
f 1021/1021/1021 1030/1030/1030 1027/1027/1027 
f 1028/1028/1028 1027/1027/1027 1030/1030/1030 
f 1030/1030/1030 1031/1031/1031 1028/1028/1028 
f 1030/1030/1030 1021/1021/1021 1032/1032/1032 
f 1031/1031/1031 1030/1030/1030 1033/1033/1033 
f 1032/1032/1032 1033/1033/1033 1030/1030/1030 
f 1033/1033/1033 1032/1032/1032 1034/1034/1034 
f 1037/1037/1037 1031/1031/1031 1033/1033/1033 
f 1031/1031/1031 1037/1037/1037 1036/1036/1036 
f 1034/1034/1034 1037/1037/1037 1033/1033/1033 
f 1037/1037/1037 1034/1034/1034 1038/1038/1038 
f 1047/1047/1047 1046/1046/1046 1044/1044/1044 
f 1046/1046/1046 1050/1050/1050 1049/1049/1049 
f 1050/1050/1050 1046/1046/1046 1053/1053/1053 
f 1046/1046/1046 1047/1047/1047 1053/1053/1053 
f 1053/1053/1053 1054/1054/1054 1050/1050/1050 
f 1047/1047/1047 1056/1056/1056 1053/1053/1053 
f 1054/1054/1054 1053/1053/1053 1056/1056/1056 
f 1056/1056/1056 1047/1047/1047 1057/1057/1057 
f 1056/1056/1056 1059/1059/1059 1054/1054/1054 
f 1057/1057/1057 1060/1060/1060 1056/1056/1056 
f 1059/1059/1059 1056/1056/1056 1060/1060/1060 
f 1060/1060/1060 1057/1057/1057 1061/1061/1061 
f 1062/1062/1062 1059/1059/1059 1060/1060/1060 
f 1061/1061/1061 1062/1062/1062 1060/1060/1060 
f 1059/1059/1059 1062/1062/1062 1063/1063/1063 
f 1062/1062/1062 1061/1061/1061 1065/1065/1065 
f 1072/1072/1072 1074/1074/1074 1073/1073/1073 
f 1077/1077/1077 1072/1072/1072 1076/1076/1076 
f 1074/1074/1074 1072/1072/1072 1079/1079/1079 
f 1072/1072/1072 1077/1077/1077 1079/1079/1079 
f 1079/1079/1079 1080/1080/1080 1074/1074/1074 
f 1077/1077/1077 1082/1082/1082 1079/1079/1079 
f 1080/1080/1080 1079/1079/1079 1082/1082/1082 
f 1082/1082/1082 1077/1077/1077 1083/1083/1083 
f 1083/1083/1083 1085/1085/1085 1082/1082/1082 
f 1085/1085/1085 1083/1083/1083 1084/1084/1084 
f 1082/1082/1082 1086/1086/1086 1080/1080/1080 
f 1086/1086/1086 1082/1082/1082 1085/1085/1085 
f 1084/1084/1084 1089/1089/1089 1085/1085/1085 
f 1089/1089/1089 1084/1084/1084 1087/1087/1087 
f 1089/1089/1089 1086/1086/1086 1085/1085/1085 
f 1086/1086/1086 1089/1089/1089 1090/1090/1090 
f 1093/1093/1093 1097/1097/1097 1095/1095/1095 
f 1099/1099/1099 1093/1093/1093 1092/1092/1092 
f 1097/1097/1097 1093/1093/1093 1100/1100/1100 
f 1093/1093/1093 1099/1099/1099 1100/1100/1100 
f 1100/1100/1100 1101/1101/1101 1097/1097/1097 
f 1101/1101/1101 1100/1100/1100 1104/1104/1104 
f 1099/1099/1099 1104/1104/1104 1100/1100/1100 
f 1104/1104/1104 1102/1102/1102 1101/1101/1101 
f 1104/1104/1104 1099/1099/1099 1106/1106/1106 
f 1106/1106/1106 1108/1108/1108 1104/1104/1104 
f 1102/1102/1102 1104/1104/1104 1108/1108/1108 
f 1108/1108/1108 1106/1106/1106 1109/1109/1109 
f 1109/1109/1109 1111/1111/1111 1108/1108/1108 
f 1111/1111/1111 1102/1102/1102 1108/1108/1108 
f 1111/1111/1111 1109/1109/1109 1112/1112/1112 
f 1102/1102/1102 1111/1111/1111 1113/1113/1113 
f 1114/1114/1114 1119/1119/1119 1117/1117/1117 
f 1120/1120/1120 1114/1114/1114 1115/1115/1115 
f 1119/1119/1119 1114/1114/1114 1121/1121/1121 
f 1114/1114/1114 1120/1120/1120 1121/1121/1121 
f 1121/1121/1121 1122/1122/1122 1119/1119/1119 
f 1120/1120/1120 1124/1124/1124 1121/1121/1121 
f 1122/1122/1122 1121/1121/1121 1124/1124/1124 
f 1124/1124/1124 1120/1120/1120 1125/1125/1125 
f 1124/1124/1124 1127/1127/1127 1122/1122/1122 
f 1125/1125/1125 1128/1128/1128 1124/1124/1124 
f 1127/1127/1127 1124/1124/1124 1128/1128/1128 
f 1128/1128/1128 1125/1125/1125 1129/1129/1129 
f 1132/1132/1132 1127/1127/1127 1128/1128/1128 
f 1127/1127/1127 1132/1132/1132 1131/1131/1131 
f 1129/1129/1129 1132/1132/1132 1128/1128/1128 
f 1132/1132/1132 1129/1129/1129 1133/1133/1133 
f 1139/1139/1139 1136/1136/1136 1140/1140/1140 
f 1136/1136/1136 1139/1139/1139 1137/1137/1137 
f 1134/1134/1134 1139/1139/1139 1140/1140/1140 
f 1139/1139/1139 1134/1134/1134 1141/1141/1141 
f 1143/1143/1143 1148/1148/1148 1144/1144/1144 
f 1148/1148/1148 1143/1143/1143 1151/1151/1151 
f 1151/1151/1151 1149/1149/1149 1148/1148/1148 
f 1143/1143/1143 1153/1153/1153 1151/1151/1151 
f 1153/1153/1153 1143/1143/1143 1146/1146/1146 
f 1153/1153/1153 1154/1154/1154 1151/1151/1151 
f 1149/1149/1149 1151/1151/1151 1154/1154/1154 
f 1154/1154/1154 1153/1153/1153 1155/1155/1155 
f 1154/1154/1154 1157/1157/1157 1149/1149/1149 
f 1155/1155/1155 1158/1158/1158 1154/1154/1154 
f 1157/1157/1157 1154/1154/1154 1158/1158/1158 
f 1158/1158/1158 1155/1155/1155 1159/1159/1159 
f 1161/1161/1161 1167/1167/1167 1166/1166/1166 
f 1166/1166/1166 1167/1167/1167 1164/1164/1164 
f 1167/1167/1167 1161/1161/1161 1168/1168/1168 
f 1170/1170/1170 1164/1164/1164 1167/1167/1167 
f 1168/1168/1168 1171/1171/1171 1167/1167/1167 
f 1167/1167/1167 1171/1171/1171 1170/1170/1170 
f 1171/1171/1171 1168/1168/1168 1172/1172/1172 
f 1174/1174/1174 1170/1170/1170 1171/1171/1171 
f 1172/1172/1172 1177/1177/1177 1171/1171/1171 
f 1171/1171/1171 1178/1178/1178 1174/1174/1174 
f 1180/1180/1180 1171/1171/1171 1177/1177/1177 
f 1178/1178/1178 1171/1171/1171 1180/1180/1180 
f 1177/1177/1177 1179/1179/1179 1180/1180/1180 
f 1180/1180/1180 1181/1181/1181 1178/1178/1178 
f 1181/1181/1181 1180/1180/1180 1182/1182/1182 
f 1182/1182/1182 1180/1180/1180 1179/1179/1179 
f 1188/1188/1188 1190/1190/1190 1184/1184/1184 
f 1185/1185/1185 1190/1190/1190 1188/1188/1188 
f 1189/1189/1189 1184/1184/1184 1190/1190/1190 
f 1190/1190/1190 1185/1185/1185 1191/1191/1191 
f 1190/1190/1190 1193/1193/1193 1189/1189/1189 
f 1191/1191/1191 1193/1193/1193 1190/1190/1190 
f 1193/1193/1193 1191/1191/1191 1195/1195/1195 
f 1196/1196/1196 1189/1189/1189 1193/1193/1193 
f 1199/1199/1199 1202/1202/1202 1201/1201/1201 
f 1201/1201/1201 1205/1205/1205 1204/1204/1204 
f 1205/1205/1205 1201/1201/1201 1206/1206/1206 
f 1206/1206/1206 1201/1201/1201 1202/1202/1202 
f 1206/1206/1206 1207/1207/1207 1205/1205/1205 
f 1207/1207/1207 1206/1206/1206 1208/1208/1208 
f 1202/1202/1202 1209/1209/1209 1206/1206/1206 
f 1208/1208/1208 1206/1206/1206 1209/1209/1209 
f 1217/1217/1217 1218/1218/1218 1211/1211/1211 
f 1213/1213/1213 1218/1218/1218 1217/1217/1217 
f 1219/1219/1219 1211/1211/1211 1218/1218/1218 
f 1218/1218/1218 1213/1213/1213 1220/1220/1220 
f 1218/1218/1218 1221/1221/1221 1219/1219/1219 
f 1220/1220/1220 1221/1221/1221 1218/1218/1218 
f 1222/1222/1222 1219/1219/1219 1221/1221/1221 
f 1221/1221/1221 1220/1220/1220 1225/1225/1225 
f 1221/1221/1221 1227/1227/1227 1222/1222/1222 
f 1227/1227/1227 1221/1221/1221 1230/1230/1230 
f 1230/1230/1230 1228/1228/1228 1227/1227/1227 
f 1225/1225/1225 1231/1231/1231 1221/1221/1221 
f 1230/1230/1230 1221/1221/1221 1231/1231/1231 
f 1231/1231/1231 1232/1232/1232 1230/1230/1230 
f 1228/1228/1228 1230/1230/1230 1234/1234/1234 
f 1234/1234/1234 1230/1230/1230 1232/1232/1232 
f 1238/1238/1238 1245/1245/1245 1242/1242/1242 
f 1242/1242/1242 1245/1245/1245 1239/1239/1239 
f 1245/1245/1245 1238/1238/1238 1243/1243/1243 
f 1246/1246/1246 1239/1239/1239 1245/1245/1245 
f 1243/1243/1243 1250/1250/1250 1245/1245/1245 
f 1245/1245/1245 1250/1250/1250 1246/1246/1246 
f 1250/1250/1250 1243/1243/1243 1248/1248/1248 
f 1251/1251/1251 1246/1246/1246 1250/1250/1250 
f 1248/1248/1248 1253/1253/1253 1250/1250/1250 
f 1250/1250/1250 1254/1254/1254 1251/1251/1251 
f 1255/1255/1255 1250/1250/1250 1253/1253/1253 
f 1254/1254/1254 1250/1250/1250 1255/1255/1255 
f 1253/1253/1253 1256/1256/1256 1255/1255/1255 
f 1255/1255/1255 1257/1257/1257 1254/1254/1254 
f 1258/1258/1258 1255/1255/1255 1256/1256/1256 
f 1257/1257/1257 1255/1255/1255 1258/1258/1258 
f 1260/1260/1260 1265/1265/1265 1262/1262/1262 
f 1265/1265/1265 1260/1260/1260 1263/1263/1263 
f 1262/1262/1262 1265/1265/1265 1261/1261/1261 
f 1266/1266/1266 1261/1261/1261 1265/1265/1265 
f 1263/1263/1263 1270/1270/1270 1265/1265/1265 
f 1270/1270/1270 1263/1263/1263 1268/1268/1268 
f 1265/1265/1265 1270/1270/1270 1266/1266/1266 
f 1271/1271/1271 1266/1266/1266 1270/1270/1270 
f 1268/1268/1268 1273/1273/1273 1270/1270/1270 
f 1270/1270/1270 1275/1275/1275 1271/1271/1271 
f 1277/1277/1277 1270/1270/1270 1273/1273/1273 
f 1275/1275/1275 1270/1270/1270 1277/1277/1277 
f 1273/1273/1273 1278/1278/1278 1277/1277/1277 
f 1277/1277/1277 1280/1280/1280 1275/1275/1275 
f 1282/1282/1282 1277/1277/1277 1278/1278/1278 
f 1280/1280/1280 1277/1277/1277 1282/1282/1282 
f 1288/1288/1288 1289/1289/1289 1286/1286/1286 
f 1285/1285/1285 1289/1289/1289 1288/1288/1288 
f 1290/1290/1290 1286/1286/1286 1289/1289/1289 
f 1289/1289/1289 1285/1285/1285 1292/1292/1292 
f 1289/1289/1289 1297/1297/1297 1290/1290/1290 
f 1292/1292/1292 1297/1297/1297 1289/1289/1289 
f 1295/1295/1295 1290/1290/1290 1297/1297/1297 
f 1297/1297/1297 1292/1292/1292 1298/1298/1298 
f 1297/1297/1297 1300/1300/1300 1295/1295/1295 
f 1298/1298/1298 1302/1302/1302 1297/1297/1297 
f 1304/1304/1304 1297/1297/1297 1302/1302/1302 
f 1300/1300/1300 1297/1297/1297 1304/1304/1304 
f 1302/1302/1302 1303/1303/1303 1304/1304/1304 
f 1304/1304/1304 1305/1305/1305 1300/1300/1300 
f 1305/1305/1305 1304/1304/1304 1306/1306/1306 
f 1306/1306/1306 1304/1304/1304 1303/1303/1303 
f 1307/1307/1307 1311/1311/1311 1312/1312/1312 
f 1311/1311/1311 1313/1313/1313 1312/1312/1312 
f 1311/1311/1311 1307/1307/1307 1314/1314/1314 
f 1313/1313/1313 1311/1311/1311 1315/1315/1315 
f 1322/1322/1322 1319/1319/1319 1320/1320/1320 
f 1319/1319/1319 1324/1324/1324 1323/1323/1323 
f 1319/1319/1319 1322/1322/1322 1326/1326/1326 
f 1324/1324/1324 1319/1319/1319 1326/1326/1326 
f 1326/1326/1326 1327/1327/1327 1324/1324/1324 
f 1322/1322/1322 1329/1329/1329 1326/1326/1326 
f 1327/1327/1327 1326/1326/1326 1329/1329/1329 
f 1329/1329/1329 1136/1136/1136 1327/1327/1327 
f 1329/1329/1329 1322/1322/1322 1330/1330/1330 
f 1136/1136/1136 1329/1329/1329 1140/1140/1140 
f 1330/1330/1330 1140/1140/1140 1329/1329/1329 
f 1140/1140/1140 1330/1330/1330 1134/1134/1134 
f 1334/1334/1334 1335/1335/1335 1336/1336/1336 
f 1331/1331/1331 1336/1336/1336 1335/1335/1335 
f 1335/1335/1335 1334/1334/1334 1338/1338/1338 
f 1338/1338/1338 1341/1341/1341 1335/1335/1335 
f 1341/1341/1341 1338/1338/1338 1339/1339/1339 
f 1335/1335/1335 1342/1342/1342 1331/1331/1331 
f 1342/1342/1342 1335/1335/1335 1341/1341/1341 
f 1339/1339/1339 1345/1345/1345 1341/1341/1341 
f 1345/1345/1345 1339/1339/1339 1343/1343/1343 
f 1345/1345/1345 1342/1342/1342 1341/1341/1341 
f 1342/1342/1342 1345/1345/1345 1346/1346/1346 
f 1348/1348/1348 1350/1350/1350 1349/1349/1349 
f 1354/1354/1354 1348/1348/1348 1353/1353/1353 
f 1350/1350/1350 1348/1348/1348 1356/1356/1356 
f 1348/1348/1348 1354/1354/1354 1356/1356/1356 
f 1356/1356/1356 1357/1357/1357 1350/1350/1350 
f 1357/1357/1357 1356/1356/1356 1359/1359/1359 
f 1354/1354/1354 1359/1359/1359 1356/1356/1356 
f 1359/1359/1359 1313/1313/1313 1357/1357/1357 
f 1359/1359/1359 1354/1354/1354 1360/1360/1360 
f 1360/1360/1360 1312/1312/1312 1359/1359/1359 
f 1313/1313/1313 1359/1359/1359 1312/1312/1312 
f 1312/1312/1312 1360/1360/1360 1307/1307/1307 
f 1366/1366/1366 1364/1364/1364 1365/1365/1365 
f 1364/1364/1364 1368/1368/1368 1363/1363/1363 
f 1368/1368/1368 1364/1364/1364 1372/1372/1372 
f 1364/1364/1364 1366/1366/1366 1372/1372/1372 
f 1372/1372/1372 1373/1373/1373 1368/1368/1368 
f 1366/1366/1366 1375/1375/1375 1372/1372/1372 
f 1373/1373/1373 1372/1372/1372 1375/1375/1375 
f 1375/1375/1375 1366/1366/1366 1376/1376/1376 
f 1375/1375/1375 1377/1377/1377 1373/1373/1373 
f 1376/1376/1376 1379/1379/1379 1375/1375/1375 
f 1377/1377/1377 1375/1375/1375 1379/1379/1379 
f 1379/1379/1379 1376/1376/1376 1380/1380/1380 
f 1382/1382/1382 1377/1377/1377 1379/1379/1379 
f 1380/1380/1380 1382/1382/1382 1379/1379/1379 
f 1377/1377/1377 1382/1382/1382 1383/1383/1383 
f 1382/1382/1382 1380/1380/1380 1384/1384/1384 
f 1388/1388/1388 1391/1391/1391 1387/1387/1387 
f 1334/1334/1334 1388/1388/1388 1389/1389/1389 
f 1391/1391/1391 1388/1388/1388 1336/1336/1336 
f 1388/1388/1388 1334/1334/1334 1336/1336/1336 
f 1336/1336/1336 1331/1331/1331 1391/1391/1391 
f 1159/1159/1159 1393/1393/1393 1158/1158/1158 
f 1393/1393/1393 1159/1159/1159 1392/1392/1392 
f 1393/1393/1393 1157/1157/1157 1158/1158/1158 
f 1157/1157/1157 1393/1393/1393 1395/1395/1395 
f 1397/1397/1397 1399/1399/1399 1398/1398/1398 
f 1403/1403/1403 1397/1397/1397 1402/1402/1402 
f 1399/1399/1399 1397/1397/1397 1405/1405/1405 
f 1397/1397/1397 1403/1403/1403 1405/1405/1405 
f 1405/1405/1405 1406/1406/1406 1399/1399/1399 
f 1406/1406/1406 1405/1405/1405 1409/1409/1409 
f 1403/1403/1403 1409/1409/1409 1405/1405/1405 
f 1409/1409/1409 1407/1407/1407 1406/1406/1406 
f 1409/1409/1409 1403/1403/1403 1410/1410/1410 
f 1410/1410/1410 1412/1412/1412 1409/1409/1409 
f 1407/1407/1407 1409/1409/1409 1412/1412/1412 
f 1412/1412/1412 1410/1410/1410 1413/1413/1413 
f 1413/1413/1413 1415/1415/1415 1412/1412/1412 
f 1415/1415/1415 1407/1407/1407 1412/1412/1412 
f 1415/1415/1415 1413/1413/1413 1416/1416/1416 
f 1407/1407/1407 1415/1415/1415 1418/1418/1418 
f 1420/1420/1420 1421/1421/1421 1422/1422/1422 
f 1422/1422/1422 1423/1423/1423 1420/1420/1420 
f 1423/1423/1423 1422/1422/1422 1427/1427/1427 
f 1427/1427/1427 1428/1428/1428 1423/1423/1423 
f 1428/1428/1428 1427/1427/1427 1430/1430/1430 
f 1430/1430/1430 1431/1431/1431 1428/1428/1428 
f 1431/1431/1431 1430/1430/1430 1434/1434/1434 
f 1437/1437/1437 1431/1431/1431 1434/1434/1434 
f 1438/1438/1438 1431/1431/1431 1437/1437/1437 
f 1437/1437/1437 1439/1439/1439 1438/1438/1438 
f 1439/1439/1439 1437/1437/1437 1440/1440/1440 
f 1440/1440/1440 1441/1441/1441 1439/1439/1439 
f 1441/1441/1441 1440/1440/1440 1443/1443/1443 
f 1444/1444/1444 1441/1441/1441 1443/1443/1443 
f 1445/1445/1445 1441/1441/1441 1444/1444/1444 
f 1444/1444/1444 1447/1447/1447 1445/1445/1445 
f 1447/1447/1447 1444/1444/1444 1451/1451/1451 
f 1451/1451/1451 1452/1452/1452 1447/1447/1447 
f 1452/1452/1452 1451/1451/1451 1453/1453/1453 
f 1453/1453/1453 1454/1454/1454 1452/1452/1452 
f 1454/1454/1454 1453/1453/1453 1455/1455/1455 
f 1455/1455/1455 1456/1456/1456 1454/1454/1454 
f 1456/1456/1456 1455/1455/1455 1458/1458/1458 
f 1461/1461/1461 1456/1456/1456 1458/1458/1458 
f 1456/1456/1456 1461/1461/1461 1462/1462/1462 
f 1461/1461/1461 1463/1463/1463 1462/1462/1462 
f 1463/1463/1463 1461/1461/1461 1464/1464/1464 
f 1463/1463/1463 1464/1464/1464 1465/1465/1465 
f 1466/1466/1466 1463/1463/1463 1465/1465/1465 
f 1465/1465/1465 1468/1468/1468 1466/1466/1466 
f 1468/1468/1468 1465/1465/1465 1471/1471/1471 
f 1476/1476/1476 1477/1477/1477 1475/1475/1475 
f 1477/1477/1477 1476/1476/1476 1478/1478/1478 
f 1478/1478/1478 1480/1480/1480 1477/1477/1477 
f 1480/1480/1480 1478/1478/1478 1481/1481/1481 
f 1481/1481/1481 1482/1482/1482 1480/1480/1480 
f 1485/1485/1485 1480/1480/1480 1482/1482/1482 
f 1482/1482/1482 1487/1487/1487 1485/1485/1485 
f 1487/1487/1487 1482/1482/1482 1488/1488/1488 
f 1489/1489/1489 1487/1487/1487 1488/1488/1488 
f 1487/1487/1487 1489/1489/1489 1491/1491/1491 
f 1492/1492/1492 1491/1491/1491 1489/1489/1489 
f 1491/1491/1491 1492/1492/1492 1494/1494/1494 
f 1495/1495/1495 1494/1494/1494 1492/1492/1492 
f 1496/1496/1496 1494/1494/1494 1495/1495/1495 
f 1495/1495/1495 1497/1497/1497 1496/1496/1496 
f 1498/1498/1498 1496/1496/1496 1497/1497/1497 
f 1498/1498/1498 1497/1497/1497 1501/1501/1501 
f 1503/1503/1503 1498/1498/1498 1501/1501/1501 
f 1504/1504/1504 1503/1503/1503 1501/1501/1501 
f 1503/1503/1503 1504/1504/1504 1507/1507/1507 
f 1508/1508/1508 1507/1507/1507 1504/1504/1504 
f 1507/1507/1507 1508/1508/1508 1509/1509/1509 
f 1508/1508/1508 1511/1511/1511 1509/1509/1509 
f 1511/1511/1511 1508/1508/1508 1512/1512/1512 
f 1512/1512/1512 1515/1515/1515 1511/1511/1511 
f 1515/1515/1515 1512/1512/1512 1516/1516/1516 
f 1516/1516/1516 1519/1519/1519 1515/1515/1515 
f 1519/1519/1519 1516/1516/1516 1520/1520/1520 
f 1521/1521/1521 1519/1519/1519 1520/1520/1520 
f 1522/1522/1522 1519/1519/1519 1521/1521/1521 
f 1521/1521/1521 1523/1523/1523 1522/1522/1522 
f 1523/1523/1523 1521/1521/1521 1524/1524/1524 
f 1524/1524/1524 1529/1529/1529 1523/1523/1523 
f 1529/1529/1529 1524/1524/1524 1530/1530/1530 
f 1530/1530/1530 1531/1531/1531 1529/1529/1529 
f 1533/1533/1533 1529/1529/1529 1531/1531/1531 
f 1531/1531/1531 1534/1534/1534 1533/1533/1533 
f 1535/1535/1535 1533/1533/1533 1534/1534/1534 
f 1536/1536/1536 1535/1535/1535 1534/1534/1534 
f 1537/1537/1537 1535/1535/1535 1536/1536/1536 
f 1539/1539/1539 1537/1537/1537 1536/1536/1536 
f 1537/1537/1537 1539/1539/1539 1543/1543/1543 
f 1544/1544/1544 1543/1543/1543 1539/1539/1539 
f 1543/1543/1543 1544/1544/1544 1545/1545/1545 
f 1546/1546/1546 1547/1547/1547 1548/1548/1548 
f 1549/1549/1549 1547/1547/1547 1546/1546/1546 
f 1546/1546/1546 1550/1550/1550 1549/1549/1549 
f 1554/1554/1554 1549/1549/1549 1550/1550/1550 
f 1550/1550/1550 1556/1556/1556 1554/1554/1554 
f 1556/1556/1556 1550/1550/1550 1557/1557/1557 
f 1558/1558/1558 1556/1556/1556 1557/1557/1557 
f 1556/1556/1556 1558/1558/1558 1560/1560/1560 
f 1561/1561/1561 1560/1560/1560 1558/1558/1558 
f 1560/1560/1560 1561/1561/1561 1562/1562/1562 
f 1561/1561/1561 1564/1564/1564 1562/1562/1562 
f 1564/1564/1564 1561/1561/1561 1565/1565/1565 
f 1565/1565/1565 1566/1566/1566 1564/1564/1564 
f 1568/1568/1568 1564/1564/1564 1566/1566/1566 
f 1568/1568/1568 1566/1566/1566 1569/1569/1569 
f 1570/1570/1570 1568/1568/1568 1569/1569/1569 
f 1571/1571/1571 1570/1570/1570 1569/1569/1569 
f 1573/1573/1573 1570/1570/1570 1571/1571/1571 
f 1571/1571/1571 1576/1576/1576 1573/1573/1573 
f 1576/1576/1576 1571/1571/1571 1577/1577/1577 
f 1578/1578/1578 1576/1576/1576 1577/1577/1577 
f 1576/1576/1576 1578/1578/1578 1580/1580/1580 
f 1578/1578/1578 1582/1582/1582 1580/1580/1580 
f 1582/1582/1582 1578/1578/1578 1583/1583/1583 
f 1583/1583/1583 1584/1584/1584 1582/1582/1582 
f 1585/1585/1585 1582/1582/1582 1584/1584/1584 
f 1584/1584/1584 1588/1588/1588 1585/1585/1585 
f 1588/1588/1588 1584/1584/1584 1589/1589/1589 
f 1590/1590/1590 1588/1588/1588 1589/1589/1589 
f 1588/1588/1588 1590/1590/1590 1592/1592/1592 
f 1590/1590/1590 1594/1594/1594 1592/1592/1592 
f 1594/1594/1594 1590/1590/1590 1595/1595/1595 
f 1596/1596/1596 1594/1594/1594 1595/1595/1595 
f 1599/1599/1599 1594/1594/1594 1596/1596/1596 
f 1596/1596/1596 1600/1600/1600 1599/1599/1599 
f 1600/1600/1600 1596/1596/1596 1601/1601/1601 
f 1600/1600/1600 1601/1601/1601 1602/1602/1602 
f 1604/1604/1604 1600/1600/1600 1602/1602/1602 
f 1605/1605/1605 1604/1604/1604 1602/1602/1602 
f 1607/1607/1607 1608/1608/1608 1609/1609/1609 
f 1608/1608/1608 1607/1607/1607 1611/1611/1611 
f 1611/1611/1611 1614/1614/1614 1608/1608/1608 
f 1614/1614/1614 1611/1611/1611 1615/1615/1615 
f 1614/1614/1614 1615/1615/1615 1616/1616/1616 
f 1618/1618/1618 1614/1614/1614 1616/1616/1616 
f 1616/1616/1616 1620/1620/1620 1618/1618/1618 
f 1620/1620/1620 1616/1616/1616 1621/1621/1621 
f 1621/1621/1621 1622/1622/1622 1620/1620/1620 
f 1622/1622/1622 1621/1621/1621 1623/1623/1623 
f 1624/1624/1624 1622/1622/1622 1623/1623/1623 
f 1622/1622/1622 1624/1624/1624 1626/1626/1626 
f 1624/1624/1624 1627/1627/1627 1626/1626/1626 
f 1629/1629/1629 1626/1626/1626 1627/1627/1627 
f 1627/1627/1627 1630/1630/1630 1629/1629/1629 
f 1631/1631/1631 1629/1629/1629 1630/1630/1630 
f 1632/1632/1632 1631/1631/1631 1630/1630/1630 
f 1634/1634/1634 1631/1631/1631 1632/1632/1632 
f 1635/1635/1635 1634/1634/1634 1632/1632/1632 
f 1634/1634/1634 1635/1635/1635 1638/1638/1638 
f 1639/1639/1639 1638/1638/1638 1635/1635/1635 
f 1638/1638/1638 1639/1639/1639 1642/1642/1642 
f 1643/1643/1643 1642/1642/1642 1639/1639/1639 
f 1645/1645/1645 1642/1642/1642 1643/1643/1643 
f 1643/1643/1643 1646/1646/1646 1645/1645/1645 
f 1648/1648/1648 1645/1645/1645 1646/1646/1646 
f 1646/1646/1646 1650/1650/1650 1648/1648/1648 
f 1650/1650/1650 1646/1646/1646 1651/1651/1651 
f 1651/1651/1651 1654/1654/1654 1650/1650/1650 
f 1654/1654/1654 1651/1651/1651 1655/1655/1655 
f 1655/1655/1655 1657/1657/1657 1654/1654/1654 
f 1657/1657/1657 1655/1655/1655 1658/1658/1658 
f 1658/1658/1658 1660/1660/1660 1657/1657/1657 
f 1660/1660/1660 1658/1658/1658 1661/1661/1661 
f 1661/1661/1661 1662/1662/1662 1660/1660/1660 
f 1664/1664/1664 1660/1660/1660 1662/1662/1662 
f 1664/1664/1664 1662/1662/1662 1665/1665/1665 
f 1667/1667/1667 1664/1664/1664 1665/1665/1665 
f 1668/1668/1668 1667/1667/1667 1665/1665/1665 
f 1669/1669/1669 1667/1667/1667 1668/1668/1668 
f 1670/1670/1670 1669/1669/1669 1668/1668/1668 
f 1669/1669/1669 1670/1670/1670 1672/1672/1672 
f 1673/1673/1673 1672/1672/1672 1670/1670/1670 
f 1672/1672/1672 1673/1673/1673 1675/1675/1675 
f 1673/1673/1673 1676/1676/1676 1675/1675/1675 
f 1679/1679/1679 1675/1675/1675 1676/1676/1676 
f 1676/1676/1676 1680/1680/1680 1679/1679/1679 
f 1682/1682/1682 1679/1679/1679 1680/1680/1680 
f 1683/1683/1683 1682/1682/1682 1680/1680/1680 
f 1685/1685/1685 1682/1682/1682 1683/1683/1683 
f 1683/1683/1683 1687/1687/1687 1685/1685/1685 
f 1687/1687/1687 1683/1683/1683 1688/1688/1688 
f 1688/1688/1688 1690/1690/1690 1687/1687/1687 
f 1690/1690/1690 1688/1688/1688 1691/1691/1691 
f 1691/1691/1691 1693/1693/1693 1690/1690/1690 
f 1693/1693/1693 1691/1691/1691 1694/1694/1694 
f 1694/1694/1694 1696/1696/1696 1693/1693/1693 
f 1696/1696/1696 1694/1694/1694 1697/1697/1697 
f 1696/1696/1696 1697/1697/1697 1698/1698/1698 
f 1700/1700/1700 1696/1696/1696 1698/1698/1698 
f 1701/1701/1701 1700/1700/1700 1698/1698/1698 
f 1700/1700/1700 1701/1701/1701 1703/1703/1703 
f 1704/1704/1704 1703/1703/1703 1701/1701/1701 
f 1703/1703/1703 1704/1704/1704 1705/1705/1705 
f 1706/1706/1706 1705/1705/1705 1704/1704/1704 
f 1705/1705/1705 1706/1706/1706 1708/1708/1708 
f 1706/1706/1706 1709/1709/1709 1708/1708/1708 
f 1711/1711/1711 1708/1708/1708 1709/1709/1709 
f 1711/1711/1711 1709/1709/1709 1712/1712/1712 
f 1714/1714/1714 1711/1711/1711 1712/1712/1712 
f 1715/1715/1715 1714/1714/1714 1712/1712/1712 
f 1717/1717/1717 1714/1714/1714 1715/1715/1715 
f 1476/1476/1476 1717/1717/1717 1715/1715/1715 
f 1717/1717/1717 1476/1476/1476 1475/1475/1475 
f 1604/1604/1604 1605/1605/1605 1718/1718/1718 
f 1719/1719/1719 1718/1718/1718 1605/1605/1605 
f 1718/1718/1718 1719/1719/1719 1720/1720/1720 
f 1721/1721/1721 1720/1720/1720 1719/1719/1719 
f 1720/1720/1720 1721/1721/1721 1722/1722/1722 
f 1721/1721/1721 1724/1724/1724 1722/1722/1722 
f 1727/1727/1727 1722/1722/1722 1724/1724/1724 
f 1727/1727/1727 1724/1724/1724 1728/1728/1728 
f 1729/1729/1729 1727/1727/1727 1728/1728/1728 
f 1730/1730/1730 1729/1729/1729 1728/1728/1728 
f 1732/1732/1732 1729/1729/1729 1730/1730/1730 
f 1730/1730/1730 1734/1734/1734 1732/1732/1732 
f 1734/1734/1734 1730/1730/1730 1735/1735/1735 
f 1735/1735/1735 1738/1738/1738 1734/1734/1734 
f 1738/1738/1738 1735/1735/1735 1739/1739/1739 
f 1739/1739/1739 1740/1740/1740 1738/1738/1738 
f 1743/1743/1743 1738/1738/1738 1740/1740/1740 
f 1740/1740/1740 1744/1744/1744 1743/1743/1743 
f 1744/1744/1744 1740/1740/1740 1745/1745/1745 
f 1745/1745/1745 1747/1747/1747 1744/1744/1744 
f 1747/1747/1747 1745/1745/1745 1749/1749/1749 
f 1749/1749/1749 1751/1751/1751 1747/1747/1747 
f 1751/1751/1751 1749/1749/1749 1752/1752/1752 
f 1753/1753/1753 1751/1751/1751 1752/1752/1752 
f 1751/1751/1751 1753/1753/1753 1756/1756/1756 
f 1757/1757/1757 1756/1756/1756 1753/1753/1753 
f 1758/1758/1758 1756/1756/1756 1757/1757/1757 
f 1757/1757/1757 1759/1759/1759 1758/1758/1758 
f 1760/1760/1760 1758/1758/1758 1759/1759/1759 
f 1760/1760/1760 1759/1759/1759 1763/1763/1763 
f 1765/1765/1765 1760/1760/1760 1763/1763/1763 
f 1766/1766/1766 1765/1765/1765 1763/1763/1763 
f 1765/1765/1765 1766/1766/1766 1768/1768/1768 
f 1607/1607/1607 1768/1768/1768 1766/1766/1766 
f 1768/1768/1768 1607/1607/1607 1609/1609/1609 
f 1773/1773/1773 1771/1771/1771 1772/1772/1772 
f 1772/1772/1772 1774/1774/1774 1773/1773/1773 
f 1774/1774/1774 1772/1772/1772 1775/1775/1775 
f 1775/1775/1775 1776/1776/1776 1774/1774/1774 
f 1776/1776/1776 1775/1775/1775 1777/1777/1777 
f 1777/1777/1777 1778/1778/1778 1776/1776/1776 
f 1778/1778/1778 1777/1777/1777 1780/1780/1780 
f 1780/1780/1780 1781/1781/1781 1778/1778/1778 
f 1781/1781/1781 1780/1780/1780 1784/1784/1784 
f 1784/1784/1784 1785/1785/1785 1781/1781/1781 
f 1785/1785/1785 1784/1784/1784 1787/1787/1787 
f 1787/1787/1787 1788/1788/1788 1785/1785/1785 
f 1788/1788/1788 1787/1787/1787 1790/1790/1790 
f 1790/1790/1790 1791/1791/1791 1788/1788/1788 
f 1791/1791/1791 1790/1790/1790 1793/1793/1793 
f 1793/1793/1793 1797/1797/1797 1791/1791/1791 
f 1798/1798/1798 1791/1791/1791 1797/1797/1797 
f 1797/1797/1797 1799/1799/1799 1798/1798/1798 
f 1799/1799/1799 1797/1797/1797 1800/1800/1800 
f 1800/1800/1800 1801/1801/1801 1799/1799/1799 
f 1801/1801/1801 1800/1800/1800 1803/1803/1803 
f 1804/1804/1804 1801/1801/1801 1803/1803/1803 
f 1801/1801/1801 1804/1804/1804 1805/1805/1805 
f 1804/1804/1804 1807/1807/1807 1805/1805/1805 
f 1807/1807/1807 1804/1804/1804 1810/1810/1810 
f 1810/1810/1810 1811/1811/1811 1807/1807/1807 
f 1811/1811/1811 1810/1810/1810 1812/1812/1812 
f 1812/1812/1812 1813/1813/1813 1811/1811/1811 
f 1813/1813/1813 1812/1812/1812 1814/1814/1814 
f 1814/1814/1814 1815/1815/1815 1813/1813/1813 
f 1815/1815/1815 1814/1814/1814 1421/1421/1421 
f 1421/1421/1421 1420/1420/1420 1815/1815/1815 
f 1817/1817/1817 1818/1818/1818 1819/1819/1819 
f 1818/1818/1818 1817/1817/1817 1822/1822/1822 
f 1824/1824/1824 1818/1818/1818 1822/1822/1822 
f 1818/1818/1818 1824/1824/1824 1825/1825/1825 
f 1826/1826/1826 1825/1825/1825 1824/1824/1824 
f 1825/1825/1825 1826/1826/1826 1827/1827/1827 
f 1826/1826/1826 1828/1828/1828 1827/1827/1827 
f 1828/1828/1828 1826/1826/1826 1829/1829/1829 
f 1829/1829/1829 1830/1830/1830 1828/1828/1828 
f 1830/1830/1830 1829/1829/1829 1833/1833/1833 
f 1836/1836/1836 1830/1830/1830 1833/1833/1833 
f 1837/1837/1837 1830/1830/1830 1836/1836/1836 
f 1836/1836/1836 1838/1838/1838 1837/1837/1837 
f 1838/1838/1838 1836/1836/1836 1839/1839/1839 
f 1839/1839/1839 1840/1840/1840 1838/1838/1838 
f 1840/1840/1840 1839/1839/1839 1842/1842/1842 
f 1842/1842/1842 1843/1843/1843 1840/1840/1840 
f 1843/1843/1843 1842/1842/1842 1844/1844/1844 
f 1844/1844/1844 1845/1845/1845 1843/1843/1843 
f 1845/1845/1845 1844/1844/1844 1847/1847/1847 
f 1847/1847/1847 1848/1848/1848 1845/1845/1845 
f 1848/1848/1848 1847/1847/1847 1850/1850/1850 
f 1850/1850/1850 1851/1851/1851 1848/1848/1848 
f 1851/1851/1851 1850/1850/1850 1853/1853/1853 
f 1853/1853/1853 1854/1854/1854 1851/1851/1851 
f 1854/1854/1854 1853/1853/1853 1855/1855/1855 
f 1858/1858/1858 1854/1854/1854 1855/1855/1855 
f 1854/1854/1854 1858/1858/1858 1859/1859/1859 
f 1858/1858/1858 1860/1860/1860 1859/1859/1859 
f 1861/1861/1861 1859/1859/1859 1860/1860/1860 
f 1860/1860/1860 1862/1862/1862 1861/1861/1861 
f 1862/1862/1862 1860/1860/1860 1864/1864/1864 
f 1771/1771/1771 1862/1862/1862 1864/1864/1864 
f 1865/1865/1865 1862/1862/1862 1771/1771/1771 
f 1771/1771/1771 1773/1773/1773 1865/1865/1865 
f 1871/1871/1871 1870/1870/1870 1867/1867/1867 
f 1870/1870/1870 1871/1871/1871 1872/1872/1872 
f 1867/1867/1867 1873/1873/1873 1871/1871/1871 
f 1873/1873/1873 1867/1867/1867 1874/1874/1874 
f 1873/1873/1873 1874/1874/1874 1875/1875/1875 
f 1876/1876/1876 1873/1873/1873 1875/1875/1875 
f 1877/1877/1877 1876/1876/1876 1875/1875/1875 
f 1876/1876/1876 1877/1877/1877 1878/1878/1878 
f 1877/1877/1877 1879/1879/1879 1878/1878/1878 
f 1879/1879/1879 1877/1877/1877 1880/1880/1880 
f 1880/1880/1880 1881/1881/1881 1879/1879/1879 
f 1881/1881/1881 1880/1880/1880 1883/1883/1883 
f 1883/1883/1883 1885/1885/1885 1881/1881/1881 
f 1886/1886/1886 1881/1881/1881 1885/1885/1885 
f 1885/1885/1885 1887/1887/1887 1886/1886/1886 
f 1887/1887/1887 1885/1885/1885 1889/1889/1889 
f 1889/1889/1889 1890/1890/1890 1887/1887/1887 
f 1890/1890/1890 1889/1889/1889 1891/1891/1891 
f 1891/1891/1891 1892/1892/1892 1890/1890/1890 
f 1892/1892/1892 1891/1891/1891 1894/1894/1894 
f 1895/1895/1895 1892/1892/1892 1894/1894/1894 
f 1892/1892/1892 1895/1895/1895 1896/1896/1896 
f 1895/1895/1895 1897/1897/1897 1896/1896/1896 
f 1897/1897/1897 1895/1895/1895 1900/1900/1900 
f 1900/1900/1900 1901/1901/1901 1897/1897/1897 
f 1901/1901/1901 1900/1900/1900 1904/1904/1904 
f 1907/1907/1907 1901/1901/1901 1904/1904/1904 
f 1908/1908/1908 1901/1901/1901 1907/1907/1907 
f 1909/1909/1909 1908/1908/1908 1907/1907/1907 
f 1908/1908/1908 1909/1909/1909 1910/1910/1910 
f 1909/1909/1909 1911/1911/1911 1910/1910/1910 
f 1911/1911/1911 1909/1909/1909 1912/1912/1912 
f 1912/1912/1912 1913/1913/1913 1911/1911/1911 
f 1913/1913/1913 1912/1912/1912 1914/1914/1914 
f 1914/1914/1914 1915/1915/1915 1913/1913/1913 
f 1915/1915/1915 1914/1914/1914 1918/1918/1918 
f 1915/1915/1915 1918/1918/1918 1919/1919/1919 
f 1920/1920/1920 1915/1915/1915 1919/1919/1919 
f 1919/1919/1919 1921/1921/1921 1920/1920/1920 
f 1921/1921/1921 1919/1919/1919 1923/1923/1923 
f 1923/1923/1923 1924/1924/1924 1921/1921/1921 
f 1924/1924/1924 1923/1923/1923 1926/1926/1926 
f 1926/1926/1926 1927/1927/1927 1924/1924/1924 
f 1927/1927/1927 1926/1926/1926 1929/1929/1929 
f 1929/1929/1929 1930/1930/1930 1927/1927/1927 
f 1930/1930/1930 1929/1929/1929 1932/1932/1932 
f 1932/1932/1932 1819/1819/1819 1930/1930/1930 
f 1819/1819/1819 1932/1932/1932 1817/1817/1817 
f 1935/1935/1935 1468/1468/1468 1471/1471/1471 
f 1468/1468/1468 1935/1935/1935 1936/1936/1936 
f 1935/1935/1935 1937/1937/1937 1936/1936/1936 
f 1937/1937/1937 1935/1935/1935 1938/1938/1938 
f 1938/1938/1938 1939/1939/1939 1937/1937/1937 
f 1939/1939/1939 1938/1938/1938 1941/1941/1941 
f 1941/1941/1941 1942/1942/1942 1939/1939/1939 
f 1943/1943/1943 1939/1939/1939 1942/1942/1942 
f 1942/1942/1942 1945/1945/1945 1943/1943/1943 
f 1945/1945/1945 1942/1942/1942 1949/1949/1949 
f 1949/1949/1949 1950/1950/1950 1945/1945/1945 
f 1950/1950/1950 1949/1949/1949 1951/1951/1951 
f 1951/1951/1951 1952/1952/1952 1950/1950/1950 
f 1952/1952/1952 1951/1951/1951 1953/1953/1953 
f 1953/1953/1953 1954/1954/1954 1952/1952/1952 
f 1954/1954/1954 1953/1953/1953 1956/1956/1956 
f 1956/1956/1956 1957/1957/1957 1954/1954/1954 
f 1957/1957/1957 1956/1956/1956 1959/1959/1959 
f 1959/1959/1959 1960/1960/1960 1957/1957/1957 
f 1960/1960/1960 1959/1959/1959 1962/1962/1962 
f 1964/1964/1964 1960/1960/1960 1962/1962/1962 
f 1960/1960/1960 1964/1964/1964 1965/1965/1965 
f 1964/1964/1964 1966/1966/1966 1965/1965/1965 
f 1966/1966/1966 1964/1964/1964 1967/1967/1967 
f 1967/1967/1967 1968/1968/1968 1966/1966/1966 
f 1968/1968/1968 1967/1967/1967 1970/1970/1970 
f 1970/1970/1970 1971/1971/1971 1968/1968/1968 
f 1972/1972/1972 1968/1968/1968 1971/1971/1971 
f 1971/1971/1971 1973/1973/1973 1972/1972/1972 
f 1973/1973/1973 1971/1971/1971 1976/1976/1976 
f 1977/1977/1977 1973/1973/1973 1976/1976/1976 
f 1978/1978/1978 1973/1973/1973 1977/1977/1977 
f 1977/1977/1977 1980/1980/1980 1978/1978/1978 
f 1980/1980/1980 1977/1977/1977 1983/1983/1983 
f 1983/1983/1983 1984/1984/1984 1980/1980/1980 
f 1984/1984/1984 1983/1983/1983 1985/1985/1985 
f 1985/1985/1985 1986/1986/1986 1984/1984/1984 
f 1986/1986/1986 1985/1985/1985 1988/1988/1988 
f 1988/1988/1988 1989/1989/1989 1986/1986/1986 
f 1989/1989/1989 1988/1988/1988 1991/1991/1991 
f 1991/1991/1991 1992/1992/1992 1989/1989/1989 
f 1992/1992/1992 1991/1991/1991 1993/1993/1993 
f 1993/1993/1993 1994/1994/1994 1992/1992/1992 
f 1994/1994/1994 1993/1993/1993 1997/1997/1997 
f 1997/1997/1997 1998/1998/1998 1994/1994/1994 
f 1998/1998/1998 1997/1997/1997 1999/1999/1999 
f 2005/2005/2005 2002/2002/2002 2003/2003/2003 
f 2002/2002/2002 2008/2008/2008 2007/2007/2007 
f 2002/2002/2002 2005/2005/2005 2010/2010/2010 
f 2008/2008/2008 2002/2002/2002 2010/2010/2010 
f 2010/2010/2010 2011/2011/2011 2008/2008/2008 
f 2005/2005/2005 2013/2013/2013 2010/2010/2010 
f 2011/2011/2011 2010/2010/2010 2013/2013/2013 
f 2013/2013/2013 2005/2005/2005 2014/2014/2014 
f 2013/2013/2013 2015/2015/2015 2011/2011/2011 
f 2014/2014/2014 2016/2016/2016 2013/2013/2013 
f 2015/2015/2015 2013/2013/2013 2016/2016/2016 
f 2016/2016/2016 2014/2014/2014 2017/2017/2017 
f 2019/2019/2019 2015/2015/2015 2016/2016/2016 
f 2017/2017/2017 2019/2019/2019 2016/2016/2016 
f 2015/2015/2015 2019/2019/2019 2020/2020/2020 
f 2019/2019/2019 2017/2017/2017 2022/2022/2022 
f 2026/2026/2026 2029/2029/2029 2025/2025/2025 
f 2029/2029/2029 2026/2026/2026 2027/2027/2027 
f 2025/2025/2025 2029/2029/2029 2024/2024/2024 
f 2030/2030/2030 2024/2024/2024 2029/2029/2029 
f 2027/2027/2027 2033/2033/2033 2029/2029/2029 
f 2029/2029/2029 2033/2033/2033 2030/2030/2030 
f 2033/2033/2033 2027/2027/2027 2031/2031/2031 
f 2034/2034/2034 2030/2030/2030 2033/2033/2033 
f 2031/2031/2031 2037/2037/2037 2033/2033/2033 
f 2033/2033/2033 2038/2038/2038 2034/2034/2034 
f 2039/2039/2039 2033/2033/2033 2037/2037/2037 
f 2038/2038/2038 2033/2033/2033 2039/2039/2039 
f 2037/2037/2037 2040/2040/2040 2039/2039/2039 
f 2039/2039/2039 2042/2042/2042 2038/2038/2038 
f 2044/2044/2044 2039/2039/2039 2040/2040/2040 
f 2042/2042/2042 2039/2039/2039 2044/2044/2044 
f 2046/2046/2046 2049/2049/2049 2048/2048/2048 
f 2048/2048/2048 2049/2049/2049 2047/2047/2047 
f 2050/2050/2050 2047/2047/2047 2049/2049/2049 
f 2049/2049/2049 2046/2046/2046 2053/2053/2053 
f 2049/2049/2049 2058/2058/2058 2050/2050/2050 
f 2056/2056/2056 2050/2050/2050 2058/2058/2058 
f 2053/2053/2053 2058/2058/2058 2049/2049/2049 
f 2058/2058/2058 2059/2059/2059 2056/2056/2056 
f 2058/2058/2058 2053/2053/2053 2060/2060/2060 
f 2060/2060/2060 2062/2062/2062 2058/2058/2058 
f 2059/2059/2059 2058/2058/2058 2065/2065/2065 
f 2065/2065/2065 2058/2058/2058 2062/2062/2062 
f 2065/2065/2065 2063/2063/2063 2059/2059/2059 
f 2062/2062/2062 2064/2064/2064 2065/2065/2065 
f 2063/2063/2063 2065/2065/2065 2066/2066/2066 
f 2066/2066/2066 2065/2065/2065 2064/2064/2064 
f 2069/2069/2069 2068/2068/2068 2067/2067/2067 
f 2068/2068/2068 2069/2069/2069 2070/2070/2070 
f 2070/2070/2070 2071/2071/2071 2072/2072/2072 
f 2071/2071/2071 2070/2070/2070 2069/2069/2069 
f 2069/2069/2069 2073/2073/2073 2071/2071/2071 
f 2073/2073/2073 2069/2069/2069 2074/2074/2074 
f 2083/2083/2083 2084/2084/2084 2078/2078/2078 
f 2080/2080/2080 2084/2084/2084 2083/2083/2083 
f 2085/2085/2085 2078/2078/2078 2084/2084/2084 
f 2084/2084/2084 2080/2080/2080 2086/2086/2086 
f 2084/2084/2084 2087/2087/2087 2085/2085/2085 
f 2086/2086/2086 2087/2087/2087 2084/2084/2084 
f 2088/2088/2088 2085/2085/2085 2087/2087/2087 
f 2087/2087/2087 2086/2086/2086 2090/2090/2090 
f 2087/2087/2087 2092/2092/2092 2088/2088/2088 
f 2090/2090/2090 2094/2094/2094 2087/2087/2087 
f 2092/2092/2092 2087/2087/2087 2095/2095/2095 
f 2095/2095/2095 2087/2087/2087 2094/2094/2094 
f 2095/2095/2095 2096/2096/2096 2092/2092/2092 
f 2094/2094/2094 2098/2098/2098 2095/2095/2095 
f 2096/2096/2096 2095/2095/2095 2100/2100/2100 
f 2100/2100/2100 2095/2095/2095 2098/2098/2098 
f 2103/2103/2103 2109/2109/2109 2108/2108/2108 
f 2108/2108/2108 2109/2109/2109 2106/2106/2106 
f 2109/2109/2109 2103/2103/2103 2110/2110/2110 
f 2112/2112/2112 2106/2106/2106 2109/2109/2109 
f 2110/2110/2110 2113/2113/2113 2109/2109/2109 
f 2109/2109/2109 2113/2113/2113 2112/2112/2112 
f 2113/2113/2113 2110/2110/2110 2114/2114/2114 
f 2116/2116/2116 2112/2112/2112 2113/2113/2113 
f 2114/2114/2114 2117/2117/2117 2113/2113/2113 
f 2113/2113/2113 2118/2118/2118 2116/2116/2116 
f 2122/2122/2122 2113/2113/2113 2117/2117/2117 
f 2118/2118/2118 2113/2113/2113 2122/2122/2122 
f 2117/2117/2117 2120/2120/2120 2122/2122/2122 
f 2122/2122/2122 2121/2121/2121 2118/2118/2118 
f 2123/2123/2123 2122/2122/2122 2120/2120/2120 
f 2121/2121/2121 2122/2122/2122 2123/2123/2123 
f 2125/2125/2125 2132/2132/2132 2129/2129/2129 
f 2129/2129/2129 2132/2132/2132 2127/2127/2127 
f 2132/2132/2132 2125/2125/2125 2130/2130/2130 
f 2133/2133/2133 2127/2127/2127 2132/2132/2132 
f 2130/2130/2130 2137/2137/2137 2132/2132/2132 
f 2132/2132/2132 2137/2137/2137 2133/2133/2133 
f 2137/2137/2137 2130/2130/2130 2135/2135/2135 
f 2138/2138/2138 2133/2133/2133 2137/2137/2137 
f 2135/2135/2135 2140/2140/2140 2137/2137/2137 
f 2137/2137/2137 2141/2141/2141 2138/2138/2138 
f 2142/2142/2142 2137/2137/2137 2140/2140/2140 
f 2141/2141/2141 2137/2137/2137 2142/2142/2142 
f 2140/2140/2140 2143/2143/2143 2142/2142/2142 
f 2142/2142/2142 2144/2144/2144 2141/2141/2141 
f 2145/2145/2145 2142/2142/2142 2143/2143/2143 
f 2144/2144/2144 2142/2142/2142 2145/2145/2145 
f 2149/2149/2149 2151/2151/2151 2146/2146/2146 
f 2148/2148/2148 2151/2151/2151 2149/2149/2149 
f 2150/2150/2150 2146/2146/2146 2151/2151/2151 
f 2151/2151/2151 2148/2148/2148 2152/2152/2152 
f 2151/2151/2151 2157/2157/2157 2150/2150/2150 
f 2152/2152/2152 2157/2157/2157 2151/2151/2151 
f 2155/2155/2155 2150/2150/2150 2157/2157/2157 
f 2157/2157/2157 2152/2152/2152 2158/2158/2158 
f 2158/2158/2158 2159/2159/2159 2157/2157/2157 
f 2157/2157/2157 2161/2161/2161 2155/2155/2155 
f 2163/2163/2163 2157/2157/2157 2159/2159/2159 
f 2161/2161/2161 2157/2157/2157 2163/2163/2163 
f 2159/2159/2159 2164/2164/2164 2163/2163/2163 
f 2163/2163/2163 2165/2165/2165 2161/2161/2161 
f 2165/2165/2165 2163/2163/2163 2167/2167/2167 
f 2167/2167/2167 2163/2163/2163 2164/2164/2164 
f 2170/2170/2170 2174/2174/2174 2172/2172/2172 
f 2176/2176/2176 2170/2170/2170 2169/2169/2169 
f 2174/2174/2174 2170/2170/2170 2177/2177/2177 
f 2170/2170/2170 2176/2176/2176 2177/2177/2177 
f 2177/2177/2177 2178/2178/2178 2174/2174/2174 
f 2178/2178/2178 2177/2177/2177 2181/2181/2181 
f 2176/2176/2176 2181/2181/2181 2177/2177/2177 
f 2181/2181/2181 2179/2179/2179 2178/2178/2178 
f 2181/2181/2181 2176/2176/2176 2183/2183/2183 
f 2183/2183/2183 2185/2185/2185 2181/2181/2181 
f 2179/2179/2179 2181/2181/2181 2185/2185/2185 
f 2185/2185/2185 2183/2183/2183 2186/2186/2186 
f 2186/2186/2186 2189/2189/2189 2185/2185/2185 
f 2189/2189/2189 2179/2179/2179 2185/2185/2185 
f 2189/2189/2189 2186/2186/2186 2190/2190/2190 
f 2179/2179/2179 2189/2189/2189 2191/2191/2191 
f 2197/2197/2197 2200/2200/2200 2195/2195/2195 
f 2202/2202/2202 2197/2197/2197 2198/2198/2198 
f 2200/2200/2200 2197/2197/2197 2203/2203/2203 
f 2197/2197/2197 2202/2202/2202 2203/2203/2203 
f 2203/2203/2203 2204/2204/2204 2200/2200/2200 
f 2202/2202/2202 2206/2206/2206 2203/2203/2203 
f 2204/2204/2204 2203/2203/2203 2206/2206/2206 
f 2206/2206/2206 2202/2202/2202 2207/2207/2207 
f 2206/2206/2206 2209/2209/2209 2204/2204/2204 
f 2207/2207/2207 2210/2210/2210 2206/2206/2206 
f 2209/2209/2209 2206/2206/2206 2210/2210/2210 
f 2210/2210/2210 2207/2207/2207 2211/2211/2211 
f 2212/2212/2212 2209/2209/2209 2210/2210/2210 
f 2211/2211/2211 2212/2212/2212 2210/2210/2210 
f 2209/2209/2209 2212/2212/2212 2213/2213/2213 
f 2212/2212/2212 2211/2211/2211 2215/2215/2215 
f 2219/2219/2219 2218/2218/2218 2217/2217/2217 
f 2218/2218/2218 2222/2222/2222 2221/2221/2221 
f 2222/2222/2222 2218/2218/2218 2224/2224/2224 
f 2218/2218/2218 2219/2219/2219 2224/2224/2224 
f 2224/2224/2224 2225/2225/2225 2222/2222/2222 
f 2225/2225/2225 2224/2224/2224 2227/2227/2227 
f 2219/2219/2219 2227/2227/2227 2224/2224/2224 
f 2227/2227/2227 2228/2228/2228 2225/2225/2225 
f 2227/2227/2227 2219/2219/2219 2230/2230/2230 
f 2230/2230/2230 2235/2235/2235 2227/2227/2227 
f 2228/2228/2228 2227/2227/2227 2235/2235/2235 
f 2235/2235/2235 2230/2230/2230 2234/2234/2234 
f 2236/2236/2236 2228/2228/2228 2235/2235/2235 
f 2234/2234/2234 2236/2236/2236 2235/2235/2235 
f 2228/2228/2228 2236/2236/2236 2233/2233/2233 
f 2236/2236/2236 2234/2234/2234 2237/2237/2237 
f 2243/2243/2243 2245/2245/2245 2244/2244/2244 
f 2248/2248/2248 2243/2243/2243 2247/2247/2247 
f 2245/2245/2245 2243/2243/2243 2250/2250/2250 
f 2243/2243/2243 2248/2248/2248 2250/2250/2250 
f 2250/2250/2250 2251/2251/2251 2245/2245/2245 
f 2248/2248/2248 2253/2253/2253 2250/2250/2250 
f 2251/2251/2251 2250/2250/2250 2253/2253/2253 
f 2253/2253/2253 2254/2254/2254 2251/2251/2251 
f 2253/2253/2253 2248/2248/2248 2255/2255/2255 
f 2254/2254/2254 2253/2253/2253 2256/2256/2256 
f 2255/2255/2255 2256/2256/2256 2253/2253/2253 
f 2256/2256/2256 2255/2255/2255 2257/2257/2257 
f 2260/2260/2260 2254/2254/2254 2256/2256/2256 
f 2254/2254/2254 2260/2260/2260 2259/2259/2259 
f 2257/2257/2257 2260/2260/2260 2256/2256/2256 
f 2260/2260/2260 2257/2257/2257 2261/2261/2261 
f 2264/2264/2264 2267/2267/2267 2263/2263/2263 
f 2268/2268/2268 2264/2264/2264 2265/2265/2265 
f 2267/2267/2267 2264/2264/2264 2269/2269/2269 
f 2264/2264/2264 2268/2268/2268 2269/2269/2269 
f 2269/2269/2269 2270/2270/2270 2267/2267/2267 
f 2268/2268/2268 2275/2275/2275 2269/2269/2269 
f 2270/2270/2270 2269/2269/2269 2275/2275/2275 
f 2275/2275/2275 2268/2268/2268 2273/2273/2273 
f 2275/2275/2275 2277/2277/2277 2270/2270/2270 
f 2273/2273/2273 2278/2278/2278 2275/2275/2275 
f 2277/2277/2277 2275/2275/2275 2278/2278/2278 
f 2278/2278/2278 2273/2273/2273 2279/2279/2279 
f 2280/2280/2280 2277/2277/2277 2278/2278/2278 
f 2279/2279/2279 2280/2280/2280 2278/2278/2278 
f 2277/2277/2277 2280/2280/2280 2281/2281/2281 
f 2280/2280/2280 2279/2279/2279 2283/2283/2283 

