# This file is brought to you by Roblox Corporation
# Generated by Roblox Studio

mtllib Slap_7.mtl

g Handle1

v -193.714 156.946 498.714 
v -193.824 156.946 498.714 
v -193.714 157.062 498.714 
v -193.824 157.062 498.714 
v -193.824 156.946 499.88 
v -193.824 156.946 498.714 
v -193.714 156.946 499.88 
v -193.714 156.946 498.714 
v -193.824 156.946 498.714 
v -193.824 156.946 499.88 
v -193.824 157.062 498.714 
v -193.824 157.062 499.88 
v -193.824 156.946 499.88 
v -193.714 156.946 499.88 
v -193.824 157.062 499.88 
v -193.714 157.062 499.88 
v -193.714 157.062 499.88 
v -193.714 157.062 498.714 
v -193.824 157.062 499.88 
v -193.824 157.062 498.714 
v -193.714 156.946 499.88 
v -193.714 156.946 498.714 
v -193.714 157.062 499.88 
v -193.714 157.062 498.714 

vn 0 0 -1 
vn 0 0 -1 
vn 0 0 -1 
vn 0 0 -1 
vn 0 -1 0 
vn 0 -1 0 
vn 0 -1 0 
vn 0 -1 0 
vn -1 0 0 
vn -1 0 0 
vn -1 0 0 
vn -1 0 0 
vn 0 0 1 
vn 0 0 1 
vn 0 0 1 
vn 0 0 1 
vn 0 1 0 
vn 0 1 0 
vn 0 1 0 
vn 0 1 0 
vn 1 0 0 
vn 1 0 0 
vn 1 0 0 
vn 1 0 0 

vt 0.0485524 0.943035 
vt 0.0347751 0.943035 
vt 0.0485524 0.928537 
vt 0.0347751 0.928537 
vt 0.180531 0.943035 
vt 0.0347751 0.943035 
vt 0.180531 0.929258 
vt 0.0347751 0.929258 
vt 0.180531 0.943035 
vt 0.0347751 0.943035 
vt 0.180531 0.928537 
vt 0.0347751 0.928537 
vt 0.0485524 0.943035 
vt 0.0347751 0.943035 
vt 0.0485524 0.928537 
vt 0.0347751 0.928537 
vt 0.180531 0.943035 
vt 0.0347751 0.943035 
vt 0.180531 0.929258 
vt 0.0347751 0.929258 
vt 0.180531 0.943035 
vt 0.0347751 0.943035 
vt 0.180531 0.928537 
vt 0.0347751 0.928537 

usemtl Handle1Mtl

f 1/1/1 2/2/2 3/3/3 
f 3/3/3 2/2/2 4/4/4 
f 5/5/5 6/6/6 7/7/7 
f 7/7/7 6/6/6 8/8/8 
f 9/9/9 10/10/10 11/11/11 
f 11/11/11 10/10/10 12/12/12 
f 13/13/13 14/14/14 15/15/15 
f 15/15/15 14/14/14 16/16/16 
f 17/17/17 18/18/18 19/19/19 
f 19/19/19 18/18/18 20/20/20 
f 21/21/21 22/22/22 23/23/23 
f 23/23/23 22/22/22 24/24/24 

g Hand1

v -193.816 157.228 497.008 
v -193.622 157.188 497.01 
v -193.556 157.509 497.524 
v -193.711 157.57 497.437 
v -193.807 157.629 497.564 
v -193.692 157.633 497.672 
v -194.253 157.748 497.69 
v -194.273 156.371 496.409 
v -194.052 156.641 496.505 
v -194.149 156.605 496.408 
v -194.224 156.611 496.476 
v -194.096 156.661 496.603 
v -194.157 156.964 496.158 
v -194.109 156.963 496.097 
v -193.833 157.131 496.983 
v -194.272 157.958 497.749 
v -194.227 158.378 497.294 
v -194.279 158.387 497.343 
v -194.208 158.413 497.364 
v -194.159 158.401 497.339 
v -194.122 158.367 497.312 
v -194.292 158.306 497.279 
v -194.333 158.33 497.326 
v -193.917 157.69 497.607 
v -193.817 157.728 497.706 
v -193.917 157.69 497.607 
v -193.807 157.629 497.564 
v -193.941 157.551 497.522 
v -193.94 157.435 496.211 
v -193.861 157.433 496.185 
v -194.002 157.413 496.269 
v -193.94 157.435 496.211 
v -194.162 156.506 496.313 
v -194.233 156.544 496.333 
v -194.233 156.544 496.333 
v -194.286 156.566 496.391 
v -194.285 156.533 496.53 
v -193.902 156.796 497.038 
v -194.069 156.631 496.887 
v -194.189 156.573 496.676 
v -193.865 156.716 496.742 
v -193.975 156.668 496.592 
v -193.949 156.731 496.824 
v -193.849 156.429 497.136 
v -193.899 156.378 497.047 
v -193.978 156.4 497.09 
v -194.178 156.185 496.82 
v -194.068 156.284 496.934 
v -194.022 156.244 496.851 
v -194.117 156.166 496.758 
v -193.964 156.301 496.933 
v -193.783 156.489 497.243 
v -193.961 156.499 497.205 
v -193.783 156.489 497.243 
v -194.191 156.093 496.717 
v -194.228 156.12 496.76 
v -193.516 157.141 497.102 
v -193.517 157.097 497.044 
v -193.631 157.145 497 
v -193.622 157.188 497.01 
v -193.444 157.221 497.205 
v -193.702 156.789 497.058 
v -193.597 156.739 497.109 
v -193.52 157.285 498.515 
v -193.909 157.467 498.447 
v -193.753 157.529 498.298 
v -193.888 157.575 498.301 
v -194.121 157.493 498.314 
v -194.06 157.59 498.262 
v -193.79 156.751 496.875 
v -194.122 158.367 497.312 
v -194.316 158.337 497.424 
v -193.961 157.442 496.385 
v -193.882 157.486 496.314 
v -194.159 158.401 497.339 
v -194.122 158.359 497.403 
v -194.329 158.241 497.53 
v -194.21 158.378 497.43 
v -193.871 157.479 496.558 
v -193.812 157.512 496.447 
v -193.882 157.486 496.314 
v -193.793 157.459 496.264 
v -194.115 156.768 496.133 
v -194.096 158.267 497.491 
v -194.208 158.291 497.531 
v -193.812 157.512 496.447 
v -193.718 157.472 496.389 
v -194.065 158.167 497.567 
v -194.045 156.455 497.252 
v -193.803 157.497 496.81 
v -193.631 157.145 497 
v -193.766 157.523 496.562 
v -193.656 157.481 496.533 
v -193.714 157.535 496.735 
v -193.766 157.523 496.562 
v -194.042 156.942 496.069 
v -194.109 156.963 496.097 
v -194.19 158.194 497.617 
v -193.795 157.494 497.047 
v -193.714 157.535 496.735 
v -193.599 157.489 496.703 
v -194.034 157.023 496.187 
v -193.96 156.974 496.141 
v -193.805 157.508 497.232 
v -193.661 157.532 497.063 
v -193.683 157.535 496.869 
v -193.683 157.535 496.869 
v -193.557 157.487 496.867 
v -193.86 157 496.262 
v -193.939 157.058 496.312 
v -194.099 157.005 496.265 
v -193.804 157.761 497.907 
v -193.983 157.938 497.847 
v -193.974 157.819 498.002 
v -193.85 157.094 496.723 
v -193.7 157.126 496.794 
v -193.762 157.112 496.637 
v -193.849 157.525 497.393 
v -193.975 157.05 496.435 
v -193.863 157.08 496.432 
v -193.939 157.058 496.312 
v -193.665 157.542 497.252 
v -193.661 157.532 497.063 
v -193.527 157.479 497.06 
v -193.761 157.025 496.41 
v -193.863 157.08 496.432 
v -193.718 156.906 496.409 
v -194.139 157.925 497.875 
v -194.154 157.762 498.01 
v -193.711 157.57 497.437 
v -193.665 157.542 497.252 
v -193.524 157.483 497.266 
v -194.034 157.023 496.187 
v -193.762 157.112 496.637 
v -193.657 157.053 496.614 
v -194.149 156.605 496.408 
v -194.077 156.536 496.379 
v -194.004 157.682 498.175 
v -193.823 157.665 498.145 
v -193.645 157.617 497.882 
v -194.156 157.596 498.196 
v -193.437 157.358 497.24 
v -193.7 157.126 496.794 
v -193.582 157.071 496.816 
v -193.983 156.562 496.474 
v -194.052 156.641 496.505 
v -193.667 157.577 498.11 
v -193.87 156.863 497.007 
v -193.975 156.668 496.592 
v -193.887 156.593 496.584 
v -193.652 157.416 498.501 
v -193.585 157.434 498.28 
v -193.86 157.411 498.697 
v -193.685 157.397 498.709 
v -193.952 157.272 498.735 
v -193.865 156.716 496.742 
v -193.78 156.638 496.731 
v -193.702 156.789 497.058 
v -193.79 156.751 496.875 
v -193.688 156.686 496.902 
v -193.509 156.767 497.257 
v -194.117 156.166 496.758 
v -193.953 156.166 496.831 
v -194.143 158.023 497.777 
v -194.004 158.01 497.736 
v -194.165 158.109 497.691 
v -194.034 158.082 497.642 
v -194.272 157.958 497.749 
v -194.208 158.413 497.364 
v -193.902 156.796 497.038 
v -194.01 156.691 497.086 
v -193.909 157.467 498.447 
v -193.888 157.575 498.301 
v -194.121 157.493 498.314 
v -194.06 157.59 498.262 
v -194.116 157.27 498.497 
v -194.316 158.337 497.424 
v -194.329 158.241 497.53 
v -193.993 157.336 496.4 
v -193.861 157.223 496.313 
v -193.961 157.25 496.334 
v -194.096 158.267 497.491 
v -194.208 158.291 497.531 
v -194.065 158.167 497.567 
v -194.045 156.455 497.252 
v -194.19 158.194 497.617 
v -193.983 157.938 497.847 
v -193.974 157.819 498.002 
v -194.139 157.925 497.875 
v -194.154 157.762 498.01 
v -194.156 157.596 498.196 
v -194.292 157.422 498.139 
v -193.87 156.863 497.007 
v -193.685 157.397 498.709 
v -193.647 157.281 498.74 
v -193.622 157.065 498.756 
v -193.626 156.812 498.759 
v -193.67 156.652 498.744 
v -194.316 158.141 497.619 
v -194.143 158.023 497.777 
v -194.299 158.067 497.677 
v -194.165 158.109 497.691 
v -193.932 156.765 498.758 
v -193.844 156.626 498.745 
v -193.86 157.411 498.697 
v -193.952 157.272 498.735 
v -193.996 157.023 498.745 
v -193.678 156.529 497.295 
v -193.673 156.535 497.212 
v -193.596 156.559 497.371 
v -193.556 157.509 497.524 
v -193.711 157.57 497.437 
v -193.692 157.633 497.672 
v -194.273 156.371 496.409 
v -194.199 156.356 496.384 
v -194.272 157.958 497.749 
v -194.208 158.413 497.364 
v -193.917 157.69 497.607 
v -193.817 157.728 497.706 
v -193.917 157.69 497.607 
v -194.015 157.745 497.584 
v -193.912 157.795 497.649 
v -193.854 157.355 496.169 
v -193.94 157.435 496.211 
v -193.861 157.433 496.185 
v -193.85 157.278 496.191 
v -193.923 157.255 496.214 
v -194.179 156.419 496.329 
v -194.162 156.506 496.313 
v -194.233 156.544 496.333 
v -193.76 156.372 497.176 
v -193.849 156.429 497.136 
v -193.783 156.489 497.243 
v -193.693 156.441 497.303 
v -193.783 156.489 497.243 
v -193.589 156.541 497.857 
v -193.668 156.537 498.066 
v -193.654 156.473 497.893 
v -193.365 157.117 497.631 
v -193.389 157.047 497.857 
v -193.36 157.03 497.625 
v -193.422 156.801 497.696 
v -193.475 156.764 497.947 
v -193.455 156.726 497.742 
v -193.425 157.342 497.695 
v -193.437 157.31 497.895 
v -193.392 157.25 497.653 
v -193.378 156.94 497.641 
v -193.404 156.893 497.413 
v -193.478 156.863 497.226 
v -193.428 156.99 497.221 
v -193.376 157.007 497.399 
v -193.516 157.141 497.102 
v -193.443 157.117 497.201 
v -193.517 157.097 497.044 
v -193.631 157.145 497 
v -193.514 157.188 497.102 
v -193.622 157.188 497.01 
v -193.505 157.232 497.047 
v -193.444 157.221 497.205 
v -193.566 156.826 497.142 
v -193.553 156.854 497.073 
v -193.681 156.494 497.325 
v -193.628 156.478 497.422 
v -193.702 156.789 497.058 
v -193.581 156.787 497.156 
v -193.597 156.739 497.109 
v -193.43 157.068 498.26 
v -193.472 157.288 498.248 
v -193.52 157.285 498.515 
v -193.468 157.075 498.535 
v -193.98 157.851 497.574 
v -194.167 158.333 497.269 
v -194.118 158.231 497.294 
v -194.189 158.04 497.346 
v -194.122 158.367 497.312 
v -194.081 158.303 497.351 
v -194.084 158.102 497.356 
v -194.189 158.04 497.346 
v -194.159 158.401 497.339 
v -194.122 158.359 497.403 
v -194.047 158.194 497.422 
v -193.793 157.459 496.264 
v -193.942 157.934 497.655 
v -193.887 157.871 497.76 
v -194.096 158.267 497.491 
v -194.017 158.086 497.49 
v -194.056 157.99 497.427 
v -193.78 157.268 496.27 
v -193.757 157.365 496.247 
v -193.718 157.472 496.389 
v -194.047 156.773 496.1 
v -194.115 156.768 496.133 
v -194.045 156.852 496.064 
v -194.065 158.167 497.567 
v -193.704 157.264 496.394 
v -193.674 157.369 496.371 
v -193.656 157.481 496.533 
v -194.042 156.942 496.069 
v -193.64 157.262 496.537 
v -193.605 157.371 496.521 
v -193.714 157.535 496.735 
v -193.599 157.489 496.703 
v -193.96 156.974 496.141 
v -193.934 156.863 496.137 
v -193.965 156.767 496.178 
v -193.557 157.487 496.867 
v -193.583 157.26 496.702 
v -193.544 157.375 496.692 
v -193.86 157 496.262 
v -193.823 156.884 496.257 
v -193.864 156.78 496.293 
v -193.804 157.761 497.907 
v -193.983 157.938 497.847 
v -193.527 157.479 497.06 
v -193.543 157.253 496.858 
v -193.5 157.372 496.858 
v -193.761 157.025 496.41 
v -193.718 156.906 496.409 
v -193.768 156.797 496.433 
v -193.524 157.483 497.266 
v -193.464 157.361 497.048 
v -193.657 157.053 496.614 
v -193.616 156.929 496.617 
v -193.675 156.816 496.637 
v -194.077 156.536 496.379 
v -193.645 157.617 497.882 
v -194.075 156.426 496.403 
v -193.437 157.358 497.24 
v -193.582 157.071 496.816 
v -193.609 156.837 496.841 
v -193.545 156.95 496.827 
v -193.983 156.562 496.474 
v -193.667 157.577 498.11 
v -194.292 157.422 498.139 
v -193.979 156.445 496.5 
v -193.431 157.361 497.459 
v -193.489 156.972 497.05 
v -193.887 156.593 496.584 
v -193.652 157.416 498.501 
v -193.585 157.434 498.28 
v -193.531 157.45 498.037 
v -193.503 157.45 497.807 
v -193.685 157.397 498.709 
v -193.879 156.475 496.614 
v -193.396 157.234 497.42 
v -193.78 156.638 496.731 
v -193.647 157.281 498.74 
v -193.622 157.065 498.756 
v -193.769 156.518 496.762 
v -193.85 156.434 496.818 
v -193.381 157.12 497.402 
v -193.688 156.686 496.902 
v -193.626 156.812 498.759 
v -193.512 156.819 498.562 
v -193.674 156.568 496.938 
v -193.757 156.481 496.991 
v -193.653 156.629 498.579 
v -193.67 156.652 498.744 
v -193.497 156.808 498.313 
v -193.594 156.62 497.145 
v -193.509 156.767 497.257 
v -193.665 156.605 498.366 
v -193.437 156.783 497.455 
v -193.526 156.656 497.32 
v -193.472 156.687 497.51 
v -194.221 155.973 496.796 
v -193.527 156.601 497.569 
v -193.501 156.658 497.791 
v -193.583 156.508 497.624 
v -193.654 156.422 497.668 
v -193.776 156.31 497.507 
v -193.914 156.3 497.498 
v -193.674 156.378 497.481 
v -193.794 156.256 497.374 
v -193.827 156.194 497.264 
v -193.709 156.331 497.344 
v -194.056 156.097 496.734 
v -194.117 156.166 496.758 
v -194.049 156.002 496.767 
v -193.997 156 496.93 
v -193.871 156.131 497.156 
v -193.753 156.27 497.223 
v -193.953 156.166 496.831 
v -193.939 156.061 496.867 
v -193.926 156.063 497.036 
v -193.803 156.204 497.105 
v -193.817 156.308 497.059 
v -193.899 156.378 497.047 
v -193.878 156.236 496.94 
v -193.964 156.301 496.933 
v -193.861 156.133 496.982 
v -194.031 157.923 497.486 
v -194.143 158.023 497.777 
v -194.004 158.01 497.736 
v -194.034 158.082 497.642 
v -193.986 158.003 497.561 
v -193.678 156.529 497.295 
v -193.673 156.535 497.212 
v -193.596 156.559 497.371 
v -193.816 157.228 497.008 
v -193.782 157.228 496.8 
v -193.654 157.2 496.849 
v -193.622 157.188 497.01 
v -194.133 156.356 496.466 
v -194.219 156.361 496.518 
v -194.273 156.371 496.409 
v -194.199 156.356 496.384 
v -193.917 157.69 497.607 
v -193.85 157.278 496.191 
v -193.923 157.255 496.214 
v -193.94 157.435 496.211 
v -193.923 157.255 496.214 
v -193.987 157.258 496.261 
v -194.179 156.419 496.329 
v -194.273 156.371 496.409 
v -194.323 156.415 496.454 
v -194.162 156.506 496.313 
v -194.276 156.427 496.555 
v -194.026 156.496 496.932 
v -193.973 156.563 497.15 
v -194.167 156.442 496.702 
v -193.783 156.489 497.243 
v -193.961 156.499 497.205 
v -193.783 156.489 497.243 
v -193.668 156.537 498.066 
v -193.654 156.473 497.893 
v -193.478 156.863 497.226 
v -193.514 157.188 497.102 
v -193.622 157.188 497.01 
v -193.505 157.232 497.047 
v -193.444 157.221 497.205 
v -193.566 156.826 497.142 
v -193.683 156.818 497.041 
v -193.553 156.854 497.073 
v -193.793 156.516 497.202 
v -193.702 156.789 497.058 
v -194.059 156.707 498.559 
v -194.096 156.626 498.385 
v -194.068 156.393 496.716 
v -193.96 156.428 496.869 
v -193.884 156.465 497.005 
v -194.141 156.374 496.628 
v -194.219 156.361 496.518 
v -194.051 156.372 496.565 
v -194.141 156.374 496.628 
v -194.189 158.04 497.346 
v -194.32 158.043 497.401 
v -194.347 158.107 497.342 
v -193.993 157.336 496.4 
v -193.861 157.223 496.313 
v -193.961 157.25 496.334 
v -194.115 156.768 496.133 
v -194.164 156.789 496.19 
v -193.78 157.268 496.27 
v -193.861 157.223 496.313 
v -193.781 157.213 496.456 
v -193.821 157.233 496.594 
v -194.047 156.773 496.1 
v -194.115 156.768 496.133 
v -193.866 157.371 497.033 
v -193.704 157.264 496.394 
v -193.781 157.213 496.456 
v -193.64 157.262 496.537 
v -193.732 157.21 496.57 
v -193.684 157.205 496.73 
v -193.732 157.21 496.57 
v -193.965 156.767 496.178 
v -194.043 156.742 496.238 
v -193.872 156.759 496.471 
v -193.984 156.793 496.472 
v -193.944 156.747 496.359 
v -193.583 157.26 496.702 
v -193.684 157.205 496.73 
v -194.043 156.742 496.238 
v -194.108 156.788 496.303 
v -193.864 156.78 496.293 
v -193.944 156.747 496.359 
v -193.543 157.253 496.858 
v -193.654 157.2 496.849 
v -193.718 156.906 496.409 
v -193.768 156.797 496.433 
v -193.872 156.759 496.471 
v -193.785 156.779 496.673 
v -193.872 156.825 496.756 
v -193.675 156.816 496.637 
v -193.785 156.779 496.673 
v -194.075 156.426 496.403 
v -193.609 156.837 496.841 
v -193.735 156.797 496.833 
v -193.735 156.797 496.833 
v -193.979 156.445 496.5 
v -193.87 156.863 497.007 
v -193.879 156.475 496.614 
v -193.959 156.398 496.673 
v -193.683 156.818 497.041 
v -193.78 156.638 496.731 
v -194.068 156.393 496.716 
v -193.769 156.518 496.762 
v -193.85 156.434 496.818 
v -193.702 156.789 497.058 
v -193.932 156.765 498.758 
v -193.757 156.481 496.991 
v -193.96 156.428 496.869 
v -193.653 156.629 498.579 
v -193.67 156.652 498.744 
v -193.87 156.587 498.583 
v -193.594 156.62 497.145 
v -193.884 156.465 497.005 
v -193.509 156.767 497.257 
v -193.844 156.626 498.745 
v -193.87 156.587 498.583 
v -193.665 156.605 498.366 
v -193.89 156.546 498.397 
v -194.123 156.56 498.175 
v -193.89 156.546 498.397 
v -193.912 156.487 498.177 
v -194.117 156.503 497.905 
v -193.793 156.516 497.202 
v -193.472 156.687 497.51 
v -193.912 156.487 498.177 
v -193.931 156.414 497.935 
v -194.077 156.452 497.641 
v -194.221 155.973 496.796 
v -194.252 156.018 496.825 
v -193.931 156.414 497.935 
v -193.75 156.429 497.916 
v -194.04 156.391 497.441 
v -193.924 156.355 497.687 
v -194.169 155.946 496.771 
v -194.221 155.973 496.796 
v -194.154 155.988 496.721 
v -194.045 156.195 497.201 
v -193.943 156.173 497.268 
v -193.919 156.239 497.373 
v -193.924 156.355 497.687 
v -193.767 156.363 497.692 
v -193.914 156.3 497.498 
v -193.654 156.422 497.668 
v -193.776 156.31 497.507 
v -193.914 156.3 497.498 
v -194.211 156.045 496.905 
v -193.674 156.378 497.481 
v -193.794 156.256 497.374 
v -193.919 156.239 497.373 
v -194.117 156.098 497.037 
v -194.094 155.952 496.831 
v -194.163 155.974 496.879 
v -193.943 156.173 497.268 
v -193.827 156.194 497.264 
v -193.709 156.331 497.344 
v -194.049 156.002 496.767 
v -193.997 156 496.93 
v -194.079 156.015 496.983 
v -194.027 156.06 497.066 
v -193.975 156.125 497.184 
v -193.871 156.131 497.156 
v -193.975 156.125 497.184 
v -193.939 156.061 496.867 
v -193.926 156.063 497.036 
v -194.027 156.06 497.066 
v -194.079 156.015 496.983 
v -193.678 156.529 497.295 
v -193.596 156.559 497.371 
v -193.816 157.228 497.008 
v -193.622 157.188 497.01 
v -193.556 157.509 497.524 
v -194.253 157.748 497.69 
v -194.216 157.816 497.553 
v -194.146 157.725 497.593 
v -194.273 156.371 496.409 
v -194.199 156.356 496.384 
v -193.833 157.131 496.983 
v -194.19 157.578 497.683 
v -194.227 158.378 497.294 
v -194.279 158.387 497.343 
v -194.208 158.413 497.364 
v -194.122 158.367 497.312 
v -194.167 158.333 497.269 
v -194.292 158.306 497.279 
v -194.333 158.33 497.326 
v -194.226 158.281 497.252 
v -193.917 157.69 497.607 
v -194.052 157.639 497.592 
v -193.917 157.69 497.607 
v -193.807 157.629 497.564 
v -193.941 157.551 497.522 
v -194.015 157.745 497.584 
v -193.912 157.795 497.649 
v -194.015 157.745 497.584 
v -193.854 157.355 496.169 
v -193.951 157.341 496.182 
v -193.94 157.435 496.211 
v -193.861 157.433 496.185 
v -193.85 157.278 496.191 
v -193.923 157.255 496.214 
v -193.951 157.341 496.182 
v -194.015 157.331 496.261 
v -193.923 157.255 496.214 
v -193.987 157.258 496.261 
v -194.276 156.448 496.341 
v -194.179 156.419 496.329 
v -194.162 156.506 496.313 
v -194.233 156.544 496.333 
v -193.902 156.796 497.038 
v -194.01 156.691 497.086 
v -193.973 156.563 497.15 
v -194.117 156.166 496.758 
v -193.783 156.489 497.243 
v -193.693 156.441 497.303 
v -193.961 156.499 497.205 
v -193.783 156.489 497.243 
v -194.228 156.12 496.76 
v -194.031 156.546 497.25 
v -194.081 157.334 497.537 
v -193.516 157.141 497.102 
v -193.622 157.188 497.01 
v -193.505 157.232 497.047 
v -193.681 156.494 497.325 
v -193.98 157.851 497.574 
v -194.087 157.811 497.527 
v -194.087 157.811 497.527 
v -194.214 158.177 497.277 
v -194.326 158.199 497.31 
v -194.226 158.281 497.252 
v -194.167 158.333 497.269 
v -194.118 158.231 497.294 
v -194.214 158.177 497.277 
v -194.189 158.04 497.346 
v -194.32 158.043 497.401 
v -194.347 158.107 497.342 
v -194.122 158.367 497.312 
v -194.084 158.102 497.356 
v -194.189 158.04 497.346 
v -194.056 157.99 497.427 
v -193.757 157.365 496.247 
v -194.047 156.773 496.1 
v -194.115 156.768 496.133 
v -194.136 156.858 496.086 
v -194.045 156.852 496.064 
v -194.045 156.455 497.252 
v -193.631 157.145 497 
v -194.042 156.942 496.069 
v -194.109 156.963 496.097 
v -193.96 156.974 496.141 
v -193.934 156.863 496.137 
v -193.983 157.938 497.847 
v -193.718 156.906 496.409 
v -193.711 157.57 497.437 
v -194.149 156.605 496.408 
v -194.077 156.536 496.379 
v -194.075 156.426 496.403 
v -193.437 157.358 497.24 
v -193.983 156.562 496.474 
v -194.052 156.641 496.505 
v -193.87 156.863 497.007 
v -193.683 156.818 497.041 
v -193.702 156.789 497.058 
v -193.793 156.516 497.202 
v -193.472 156.687 497.51 
v -194.221 155.973 496.796 
v -194.169 155.946 496.771 
v -194.221 155.973 496.796 
v -194.224 156.022 496.74 
v -194.154 155.988 496.721 
v -194.14 156.056 496.695 
v -194.191 156.093 496.717 
v -194.056 156.097 496.734 
v -194.117 156.166 496.758 
v -194.049 156.002 496.767 
v -193.953 156.166 496.831 
v -194.022 156.244 496.851 
v -193.878 156.236 496.94 
v -193.964 156.301 496.933 
v -193.861 156.133 496.982 
v -194.031 157.923 497.486 
v -194.134 157.918 497.436 
v -194.277 157.935 497.482 
v -194.134 157.918 497.436 
v -193.816 157.228 497.008 
v -193.782 157.228 496.8 
v -194.253 157.748 497.69 
v -194.298 157.875 497.652 
v -194.216 157.816 497.553 
v -194.146 157.725 497.593 
v -194.224 156.611 496.476 
v -194.157 156.964 496.158 
v -194.109 156.963 496.097 
v -194.136 156.858 496.086 
v -194.185 156.874 496.168 
v -193.833 157.131 496.983 
v -193.931 157.156 497.143 
v -193.919 157.251 497.165 
v -193.913 156.993 496.984 
v -193.962 156.998 497.127 
v -194.018 156.907 497.245 
v -193.988 157.213 497.291 
v -194.19 157.578 497.683 
v -194.271 157.587 497.906 
v -194.261 157.828 497.819 
v -194.272 157.958 497.749 
v -194.227 158.378 497.294 
v -194.279 158.387 497.343 
v -194.208 158.413 497.364 
v -194.122 158.367 497.312 
v -194.292 158.306 497.279 
v -194.333 158.33 497.326 
v -194.226 158.281 497.252 
v -193.917 157.69 497.607 
v -194.052 157.639 497.592 
v -193.917 157.69 497.607 
v -193.941 157.551 497.522 
v -193.951 157.341 496.182 
v -194.015 157.331 496.261 
v -194.002 157.413 496.269 
v -193.94 157.435 496.211 
v -193.923 157.255 496.214 
v -193.987 157.258 496.261 
v -194.273 156.371 496.409 
v -194.323 156.415 496.454 
v -194.326 156.492 496.416 
v -194.276 156.448 496.341 
v -194.233 156.544 496.333 
v -194.286 156.566 496.391 
v -194.276 156.427 496.555 
v -194.285 156.533 496.53 
v -193.976 156.846 497.152 
v -193.902 156.796 497.038 
v -194.01 156.691 497.086 
v -194.03 156.739 497.205 
v -194.069 156.631 496.887 
v -194.026 156.496 496.932 
v -193.973 156.563 497.15 
v -194.189 156.573 496.676 
v -194.167 156.442 496.702 
v -193.949 156.731 496.824 
v -193.978 156.4 497.09 
v -194.178 156.185 496.82 
v -194.068 156.284 496.934 
v -194.117 156.166 496.758 
v -193.961 156.499 497.205 
v -193.783 156.489 497.243 
v -194.191 156.093 496.717 
v -194.228 156.12 496.76 
v -194.031 156.546 497.25 
v -194.062 156.614 497.31 
v -194.033 156.614 497.232 
v -194.081 157.334 497.537 
v -193.959 157.379 497.362 
v -193.958 156.907 497.132 
v -193.909 157.467 498.447 
v -193.888 157.575 498.301 
v -194.121 157.493 498.314 
v -194.284 157.107 498.306 
v -194.197 156.973 498.47 
v -194.116 157.27 498.497 
v -194.242 157.32 498.314 
v -194.27 156.959 498.321 
v -194.225 156.81 498.346 
v -194.059 156.707 498.559 
v -194.096 156.626 498.385 
v -193.96 156.428 496.869 
v -194.326 158.199 497.31 
v -194.189 158.04 497.346 
v -194.32 158.043 497.401 
v -194.347 158.107 497.342 
v -194.369 158.254 497.386 
v -194.316 158.337 497.424 
v -194.376 158.139 497.484 
v -193.961 157.442 496.385 
v -194.329 158.241 497.53 
v -193.993 157.336 496.4 
v -193.861 157.223 496.313 
v -193.961 157.25 496.334 
v -193.871 157.479 496.558 
v -194.115 156.768 496.133 
v -194.164 156.789 496.19 
v -193.918 157.348 496.591 
v -193.821 157.233 496.594 
v -194.045 156.455 497.252 
v -193.869 157.359 496.815 
v -193.866 157.371 497.033 
v -193.803 157.497 496.81 
v -193.714 157.535 496.735 
v -193.9 157.389 497.206 
v -193.795 157.494 497.047 
v -193.872 156.759 496.471 
v -193.984 156.793 496.472 
v -193.805 157.508 497.232 
v -194.108 156.788 496.303 
v -194.142 156.9 496.306 
v -194.099 157.005 496.265 
v -193.983 157.938 497.847 
v -193.85 157.094 496.723 
v -193.849 157.525 497.393 
v -193.975 157.05 496.435 
v -193.872 156.825 496.756 
v -194.039 156.929 496.49 
v -194.139 157.925 497.875 
v -194.154 157.762 498.01 
v -193.711 157.57 497.437 
v -193.939 156.964 496.75 
v -194.156 157.596 498.196 
v -193.437 157.358 497.24 
v -194.292 157.422 498.139 
v -193.87 156.863 497.007 
v -193.86 157.411 498.697 
v -193.952 157.272 498.735 
v -194.254 157.273 497.842 
v -194.316 157.187 498.108 
v -193.996 157.023 498.745 
v -194.235 156.98 497.831 
v -194.292 156.963 498.116 
v -193.702 156.789 497.058 
v -193.932 156.765 498.758 
v -194.213 156.711 497.856 
v -194.246 156.744 498.143 
v -193.87 156.587 498.583 
v -193.844 156.626 498.745 
v -194.123 156.56 498.175 
v -194.117 156.977 497.534 
v -194.134 156.677 497.57 
v -194.117 156.503 497.905 
v -193.931 156.414 497.935 
v -194.077 156.452 497.641 
v -194.224 156.022 496.74 
v -194.221 155.973 496.796 
v -194.252 156.018 496.825 
v -194.255 156.069 496.79 
v -194.04 156.391 497.441 
v -194.169 155.946 496.771 
v -194.221 155.973 496.796 
v -194.224 156.022 496.74 
v -194.029 156.302 497.325 
v -194.045 156.195 497.201 
v -193.943 156.173 497.268 
v -193.919 156.239 497.373 
v -193.914 156.3 497.498 
v -194.14 156.056 496.695 
v -194.211 156.045 496.905 
v -194.222 156.131 496.875 
v -194.073 156.323 497.14 
v -194.117 156.098 497.037 
v -194.142 156.216 496.999 
v -194.117 156.166 496.758 
v -194.163 155.974 496.879 
v -194.079 156.015 496.983 
v -194.316 158.141 497.619 
v -194.299 158.067 497.677 
v -194.346 158.026 497.589 
v -194.277 157.935 497.482 

vn -0.204724 -0.976378 -0.0314961 
vn -0.19685 -0.976378 -0.0314961 
vn 0.622047 0.779528 -0.0551181 
vn 0.417323 0.905512 -0.0944882 
vn 0.362205 0.84252 -0.401575 
vn 0.559055 0.795276 -0.228346 
vn -0.889764 -0.322835 -0.314961 
vn -0.125984 -0.992126 0.0472441 
vn -0.110236 0.96063 -0.244094 
vn -0.173228 0.929134 -0.322835 
vn -0.125984 0.96063 -0.23622 
vn -0.0944882 0.96063 -0.251969 
vn -0.787402 0.23622 -0.566929 
vn -0.755906 0.267717 -0.606299 
vn -0.818898 0.314961 -0.480315 
vn -0.748031 0.275591 0.606299 
vn -0.149606 0.685039 -0.708661 
vn -0.362205 0.748031 -0.559055 
vn -0.0944882 0.897638 -0.433071 
vn 0.0944882 0.818898 -0.566929 
vn 0.188976 0.700787 -0.692913 
vn -0.346457 0.496063 -0.795276 
vn -0.433071 0.598425 -0.677165 
vn 0.23622 0.80315 -0.543307 
vn 0.637795 0.661417 -0.393701 
vn 0.23622 0.80315 -0.543307 
vn 0.362205 0.84252 -0.401575 
vn -0.0708661 0.527559 -0.84252 
vn -0.228346 0.23622 -0.944882 
vn -0.299213 0.165354 -0.937008 
vn -0.740157 0.228346 -0.629921 
vn -0.228346 0.23622 -0.944882 
vn -0.220472 -0.0472441 -0.976378 
vn -0.259843 0.0393701 -0.968504 
vn -0.259843 0.0393701 -0.968504 
vn -0.700787 0.149606 -0.692913 
vn -0.850394 0.385827 0.346457 
vn -0.669291 0.409449 -0.614173 
vn -0.929134 -0.181102 0.330709 
vn -0.84252 -0.015748 0.543307 
vn -0.0629921 0.968504 -0.244094 
vn -0.0708661 0.968504 -0.244094 
vn -0.0787402 0.96063 -0.251969 
vn -0.023622 0.874016 -0.488189 
vn -0.0472441 0.858268 -0.519685 
vn 0.015748 0.818898 -0.566929 
vn -0.251969 0.811024 -0.527559 
vn -0.165354 0.84252 -0.503937 
vn -0.188976 0.84252 -0.503937 
vn -0.275591 0.787402 -0.559055 
vn -0.125984 0.84252 -0.527559 
vn 0.629921 0.472441 -0.614173 
vn 0.11811 0.787402 -0.606299 
vn 0.629921 0.472441 -0.614173 
vn -0.291339 0.685039 -0.669291 
vn -0.307087 0.716535 -0.629921 
vn 0.740157 0.283465 -0.606299 
vn 0.755906 0.511811 -0.417323 
vn 0.488189 0.692913 -0.527559 
vn -0.19685 -0.976378 -0.0314961 
vn 0.944882 -0.0393701 -0.322835 
vn 0.559055 0.480315 -0.677165 
vn 0.795276 0.251969 -0.543307 
vn 0.84252 0.448819 0.283465 
vn -0.181102 0.850394 0.496063 
vn 0.362205 0.811024 0.456693 
vn 0.0787402 0.771654 0.629921 
vn -0.496063 0.574803 0.653543 
vn -0.251969 0.653543 0.708661 
vn -0.0472441 0.968504 -0.228346 
vn 0.188976 0.700787 -0.692913 
vn -0.834646 0.519685 0.173228 
vn -0.511811 0.858268 -0.0393701 
vn -0.181102 0.968504 -0.19685 
vn 0.0944882 0.818898 -0.566929 
vn 0.606299 0.700787 0.370079 
vn -0.897638 0.346457 0.283465 
vn -0.377953 0.834646 0.393701 
vn -0.433071 0.897638 0.0314961 
vn -0.433071 0.897638 0.0472441 
vn -0.181102 0.968504 -0.19685 
vn -0.00787402 0.92126 -0.393701 
vn -0.795276 -0.370079 -0.480315 
vn 0.88189 0.417323 0.204724 
vn -0.307087 0.724409 0.622047 
vn -0.433071 0.897638 0.0472441 
vn 0.19685 0.944882 -0.259843 
vn 0.905512 0.393701 0.188976 
vn -0.614173 0.0787402 -0.787402 
vn -0.889764 0.409449 0.188976 
vn 0.488189 0.692913 -0.527559 
vn 0.299213 0.929134 -0.212598 
vn 0.291339 0.937008 -0.19685 
vn -0.377953 0.929134 0.0393701 
vn 0.299213 0.929134 -0.212598 
vn -0.283465 0.141732 -0.944882 
vn -0.755906 0.267717 -0.606299 
vn 0.393701 0.637795 0.661417 
vn -0.84252 0.535433 -0.0708661 
vn -0.377953 0.929134 0.0393701 
vn 0.330709 0.937008 -0.125984 
vn 0.228346 0.818898 -0.527559 
vn 0.110236 0.80315 -0.582677 
vn -0.496063 0.858268 -0.149606 
vn -0.259843 0.968504 -0.023622 
vn -0.307087 0.952756 0.0314961 
vn -0.307087 0.952756 0.0314961 
vn 0.354331 0.937008 -0.0472441 
vn 0.307087 0.834646 -0.456693 
vn 0.307087 0.826772 -0.464567 
vn -0.80315 0.472441 0.362205 
vn 0.645669 0.748031 0.173228 
vn 0.385827 0.779528 0.488189 
vn 0.15748 0.787402 0.598425 
vn -0.212598 0.976378 -0.023622 
vn -0.133858 0.984252 -0.0866142 
vn -0.228346 0.976378 -0.0314961 
vn -0.448819 0.80315 -0.385827 
vn -0.259843 0.968504 -0.023622 
vn -0.259843 0.968504 -0.015748 
vn 0.307087 0.826772 -0.464567 
vn -0.228346 0.968504 -0.125984 
vn -0.259843 0.968504 -0.023622 
vn 0.645669 0.755906 -0.0708661 
vn 0.370079 0.84252 -0.393701 
vn -0.259843 0.968504 -0.015748 
vn 0.76378 -0.456693 -0.456693 
vn -0.291339 0.653543 0.700787 
vn -0.543307 0.582677 0.606299 
vn 0.417323 0.905512 -0.0944882 
vn -0.228346 0.968504 -0.125984 
vn 0.622047 0.787402 -0.023622 
vn 0.228346 0.818898 -0.527559 
vn -0.228346 0.976378 -0.0314961 
vn 0.425197 0.858268 -0.283465 
vn -0.173228 0.929134 -0.322835 
vn 0.244094 0.645669 -0.724409 
vn -0.0787402 0.771654 0.629921 
vn 0.362205 0.795276 0.488189 
vn 0.708661 0.708661 0.0314961 
vn -0.598425 0.590551 0.543307 
vn 0.944882 0.314961 -0.102362 
vn -0.133858 0.984252 -0.0866142 
vn 0.440945 0.866142 -0.23622 
vn 0.448819 0.645669 -0.622047 
vn -0.110236 0.96063 -0.244094 
vn 0.614173 0.724409 0.299213 
vn -0.92126 -0.362205 -0.165354 
vn -0.0708661 0.968504 -0.244094 
vn 0.496063 0.637795 -0.590551 
vn 0.433071 0.866142 0.251969 
vn 0.669291 0.700787 0.244094 
vn 0.110236 0.984252 0.141732 
vn 0.0708661 0.992126 0.102362 
vn -0.76378 0.385827 0.519685 
vn -0.0629921 0.968504 -0.244094 
vn 0.535433 0.653543 -0.527559 
vn 0.559055 0.480315 -0.677165 
vn -0.0472441 0.968504 -0.228346 
vn 0.787402 0.385827 -0.480315 
vn 0.866142 -0.307087 -0.393701 
vn -0.275591 0.787402 -0.559055 
vn 0.385827 0.551181 -0.740157 
vn -0.0866142 0.700787 0.708661 
vn 0.559055 0.748031 0.370079 
vn -0.251969 0.582677 0.771654 
vn 0.370079 0.685039 0.622047 
vn -0.748031 0.275591 0.606299 
vn -0.0944882 0.897638 -0.433071 
vn -0.669291 0.409449 -0.614173 
vn -0.795276 0.377953 -0.472441 
vn -0.181102 0.850394 0.496063 
vn 0.0787402 0.771654 0.629921 
vn -0.496063 0.574803 0.653543 
vn -0.251969 0.653543 0.708661 
vn -0.724409 0.393701 0.566929 
vn -0.834646 0.519685 0.173228 
vn -0.897638 0.346457 0.283465 
vn -0.944882 -0.204724 0.251969 
vn -0.228346 -0.968504 -0.0944882 
vn -0.267717 -0.96063 0 
vn 0.88189 0.417323 0.204724 
vn -0.307087 0.724409 0.622047 
vn 0.905512 0.393701 0.188976 
vn -0.614173 0.0787402 -0.787402 
vn 0.393701 0.637795 0.661417 
vn 0.385827 0.779528 0.488189 
vn 0.15748 0.787402 0.598425 
vn -0.291339 0.653543 0.700787 
vn -0.543307 0.582677 0.606299 
vn -0.598425 0.590551 0.543307 
vn -0.929134 0.283465 0.23622 
vn -0.92126 -0.362205 -0.165354 
vn 0.0708661 0.992126 0.102362 
vn 0.818898 0.283465 0.496063 
vn 0.826772 0.0393701 0.559055 
vn 0.88189 -0.228346 0.409449 
vn 0.952756 -0.275591 0.133858 
vn -0.251969 0.598425 0.76378 
vn -0.0866142 0.700787 0.708661 
vn -0.259843 0.559055 0.787402 
vn -0.251969 0.582677 0.771654 
vn -0.811024 -0.173228 0.566929 
vn -0.80315 -0.535433 0.259843 
vn 0.110236 0.984252 0.141732 
vn -0.76378 0.385827 0.519685 
vn -0.811024 0 0.582677 
vn 0.322835 -0.944882 -0.0472441 
vn 0.448819 -0.889764 -0.0472441 
vn 0.748031 -0.614173 -0.259843 
vn 0.622047 0.779528 -0.0551181 
vn 0.417323 0.905512 -0.0944882 
vn 0.559055 0.795276 -0.228346 
vn -0.125984 -0.992126 0.0472441 
vn -0.15748 -0.976378 0.125984 
vn -0.748031 0.275591 0.606299 
vn -0.0944882 0.897638 -0.433071 
vn 0.23622 0.80315 -0.543307 
vn 0.637795 0.661417 -0.393701 
vn 0.23622 0.80315 -0.543307 
vn 0.385827 0.322835 -0.866142 
vn 0.700787 0.23622 -0.669291 
vn -0.220472 0.251969 -0.944882 
vn -0.228346 0.23622 -0.944882 
vn -0.299213 0.165354 -0.937008 
vn -0.125984 -0.346457 -0.929134 
vn -0.165354 -0.393701 -0.905512 
vn -0.220472 -0.385827 -0.897638 
vn -0.220472 -0.0472441 -0.976378 
vn -0.259843 0.0393701 -0.968504 
vn 0.614173 0.480315 -0.622047 
vn -0.023622 0.874016 -0.488189 
vn 0.629921 0.472441 -0.614173 
vn 0.834646 0 -0.559055 
vn 0.629921 0.472441 -0.614173 
vn 0.795276 -0.574803 0.19685 
vn 0.559055 -0.787402 0.267717 
vn 0.614173 -0.748031 0.251969 
vn 0.992126 0.125984 0.0393701 
vn 0.992126 -0.0393701 0.133858 
vn 1 -0.0629921 0.023622 
vn 0.944882 -0.314961 0.0708661 
vn 0.897638 -0.409449 0.165354 
vn 0.897638 -0.433071 0.0944882 
vn 0.889764 0.456693 0.0472441 
vn 0.937008 0.330709 0.11811 
vn 0.968504 0.244094 0.0551181 
vn 0.968504 -0.23622 0.0472441 
vn 0.937008 -0.307087 -0.173228 
vn 0.826772 -0.433071 -0.362205 
vn 0.944882 -0.149606 -0.299213 
vn 0.976378 -0.102362 -0.173228 
vn 0.740157 0.283465 -0.606299 
vn 0.913386 0.0787402 -0.393701 
vn 0.755906 0.511811 -0.417323 
vn 0.488189 0.692913 -0.527559 
vn 0.653543 -0.637795 -0.401575 
vn -0.19685 -0.976378 -0.0314961 
vn 0.732283 -0.582677 -0.354331 
vn 0.944882 -0.0393701 -0.322835 
vn 0.582677 -0.677165 -0.448819 
vn 0.598425 -0.76378 -0.23622 
vn 0.740157 -0.291339 -0.606299 
vn 0.858268 -0.448819 -0.251969 
vn 0.559055 0.480315 -0.677165 
vn 0.559055 0.480315 -0.677165 
vn 0.795276 0.251969 -0.543307 
vn 0.992126 -0.015748 0.125984 
vn 0.913386 0.377953 0.15748 
vn 0.84252 0.448819 0.283465 
vn 0.937008 0.0472441 0.338583 
vn 0.708661 -0.15748 -0.685039 
vn 0.0393701 0.527559 -0.84252 
vn 0.299213 -0.149606 -0.944882 
vn -0.283465 -0.708661 -0.645669 
vn 0.188976 0.700787 -0.692913 
vn 0.708661 0.110236 -0.692913 
vn 0.322835 -0.362205 -0.874016 
vn -0.283465 -0.708661 -0.645669 
vn 0.0944882 0.818898 -0.566929 
vn 0.606299 0.700787 0.370079 
vn 0.874016 -0.023622 -0.488189 
vn -0.00787402 0.92126 -0.393701 
vn 0.897638 0.370079 -0.228346 
vn 0.811024 0.582677 -0.0708661 
vn 0.88189 0.417323 0.204724 
vn 0.889764 -0.0551181 -0.448819 
vn 0.889764 -0.0629921 -0.456693 
vn 0.228346 -0.889764 -0.393701 
vn 0.755906 0.0393701 -0.661417 
vn 0.19685 0.944882 -0.259843 
vn -0.299213 -0.464567 -0.834646 
vn -0.795276 -0.370079 -0.480315 
vn -0.23622 -0.173228 -0.952756 
vn 0.905512 0.393701 0.188976 
vn 0.370079 -0.889764 -0.267717 
vn 0.76378 0.401575 -0.503937 
vn 0.291339 0.937008 -0.19685 
vn -0.283465 0.141732 -0.944882 
vn 0.425197 -0.88189 -0.204724 
vn 0.818898 0.425197 -0.385827 
vn -0.377953 0.929134 0.0393701 
vn 0.330709 0.937008 -0.125984 
vn 0.110236 0.80315 -0.582677 
vn 0.669291 -0.15748 -0.724409 
vn 0.590551 -0.472441 -0.653543 
vn 0.354331 0.937008 -0.0472441 
vn 0.440945 -0.88189 -0.15748 
vn 0.858268 0.440945 -0.267717 
vn 0.307087 0.834646 -0.456693 
vn 0.685039 -0.464567 -0.559055 
vn 0.685039 -0.464567 -0.559055 
vn 0.645669 0.748031 0.173228 
vn 0.385827 0.779528 0.488189 
vn 0.645669 0.755906 -0.0708661 
vn 0.433071 -0.889764 -0.149606 
vn 0.976378 0.0708661 -0.212598 
vn 0.370079 0.84252 -0.393701 
vn 0.76378 -0.456693 -0.456693 
vn 0.76378 -0.456693 -0.456693 
vn 0.622047 0.787402 -0.023622 
vn 0.968504 0.125984 -0.19685 
vn 0.425197 0.858268 -0.283465 
vn 0.811024 -0.480315 -0.346457 
vn 0.811024 -0.472441 -0.338583 
vn 0.244094 0.645669 -0.724409 
vn 0.708661 0.708661 0.0314961 
vn 0.622047 -0.488189 -0.614173 
vn 0.944882 0.314961 -0.102362 
vn 0.440945 0.866142 -0.23622 
vn 0.834646 -0.496063 -0.228346 
vn 0.952756 -0.141732 -0.275591 
vn 0.448819 0.645669 -0.622047 
vn 0.614173 0.724409 0.299213 
vn -0.929134 0.283465 0.23622 
vn 0.527559 -0.779528 -0.338583 
vn 0.88189 0.472441 0 
vn 0.937008 -0.165354 -0.307087 
vn 0.496063 0.637795 -0.590551 
vn 0.433071 0.866142 0.251969 
vn 0.669291 0.700787 0.244094 
vn 0.80315 0.574803 0.149606 
vn 0.80315 0.590551 0.0472441 
vn 0.0708661 0.992126 0.102362 
vn 0.551181 -0.787402 -0.283465 
vn 0.976378 0.188976 -0.102362 
vn 0.535433 0.653543 -0.527559 
vn 0.818898 0.283465 0.496063 
vn 0.826772 0.0393701 0.559055 
vn 0.614173 -0.755906 -0.23622 
vn 0.629921 -0.748031 -0.19685 
vn 0.984252 0.0944882 -0.173228 
vn 0.787402 0.385827 -0.480315 
vn 0.88189 -0.228346 0.409449 
vn 0.897638 -0.346457 0.283465 
vn 0.858268 -0.417323 -0.291339 
vn 0.677165 -0.724409 -0.11811 
vn 0.850394 -0.433071 0.314961 
vn 0.952756 -0.275591 0.133858 
vn 0.897638 -0.425197 0.102362 
vn 0.850394 -0.464567 -0.251969 
vn 0.866142 -0.307087 -0.393701 
vn 0.787402 -0.614173 0.0472441 
vn 0.92126 -0.362205 -0.149606 
vn 0.834646 -0.503937 -0.220472 
vn 0.866142 -0.488189 -0.0787402 
vn -0.724409 -0.543307 -0.425197 
vn 0.834646 -0.543307 -0.0551181 
vn 0.84252 -0.519685 0.133858 
vn 0.826772 -0.559055 0.015748 
vn 0.653543 -0.740157 0.141732 
vn 0.330709 -0.913386 0.251969 
vn -0.622047 -0.740157 0.244094 
vn 0.740157 -0.669291 0.0314961 
vn 0.102362 -0.897638 0.433071 
vn 0.15748 -0.874016 0.464567 
vn 0.84252 -0.535433 -0.0787402 
vn 0.204724 0.519685 -0.826772 
vn -0.275591 0.787402 -0.559055 
vn 0.574803 -0.574803 -0.582677 
vn 0.0314961 -0.929134 0.362205 
vn 0.173228 -0.88189 0.433071 
vn 0.716535 -0.685039 0.133858 
vn 0.385827 0.551181 -0.740157 
vn 0.598425 -0.779528 -0.204724 
vn 0.15748 -0.897638 0.417323 
vn 0.740157 -0.669291 0.0551181 
vn 0.582677 0.535433 -0.614173 
vn -0.0472441 0.858268 -0.519685 
vn 0.480315 0.582677 -0.653543 
vn -0.125984 0.84252 -0.527559 
vn 0.732283 -0.685039 0 
vn 0.393701 -0.527559 -0.755906 
vn -0.0866142 0.700787 0.708661 
vn 0.559055 0.748031 0.370079 
vn 0.370079 0.685039 0.622047 
vn 0.897638 0.433071 0.110236 
vn 0.322835 -0.944882 -0.0472441 
vn 0.448819 -0.889764 -0.0472441 
vn 0.748031 -0.614173 -0.259843 
vn -0.204724 -0.976378 -0.0314961 
vn -0.204724 -0.976378 -0.0314961 
vn -0.204724 -0.976378 -0.0314961 
vn -0.19685 -0.976378 -0.0314961 
vn -0.0472441 -1 0.0708661 
vn -0.0866142 -0.992126 -0.0472441 
vn -0.125984 -0.992126 0.0472441 
vn -0.15748 -0.976378 0.125984 
vn 0.23622 0.80315 -0.543307 
vn -0.125984 -0.346457 -0.929134 
vn -0.165354 -0.393701 -0.905512 
vn -0.228346 0.23622 -0.944882 
vn -0.165354 -0.393701 -0.905512 
vn -0.574803 -0.212598 -0.787402 
vn -0.220472 -0.385827 -0.897638 
vn -0.125984 -0.992126 0.0472441 
vn -0.771654 -0.299213 -0.551181 
vn -0.220472 -0.0472441 -0.976378 
vn -0.866142 0.0314961 0.496063 
vn -0.897638 -0.133858 0.417323 
vn -0.952756 -0.141732 0.275591 
vn -0.834646 -0.0393701 0.551181 
vn 0.629921 0.472441 -0.614173 
vn 0.11811 0.787402 -0.606299 
vn 0.629921 0.472441 -0.614173 
vn 0.559055 -0.787402 0.267717 
vn 0.614173 -0.748031 0.251969 
vn 0.826772 -0.433071 -0.362205 
vn 0.653543 -0.637795 -0.401575 
vn -0.19685 -0.976378 -0.0314961 
vn 0.732283 -0.582677 -0.354331 
vn 0.944882 -0.0393701 -0.322835 
vn 0.582677 -0.677165 -0.448819 
vn 0.291339 -0.952756 -0.0629921 
vn 0.598425 -0.76378 -0.23622 
vn 0.149606 -0.984252 0.125984 
vn 0.559055 0.480315 -0.677165 
vn -0.80315 -0.275591 0.527559 
vn -0.787402 -0.472441 0.385827 
vn -0.440945 -0.748031 0.496063 
vn -0.409449 -0.795276 0.440945 
vn -0.401575 -0.80315 0.440945 
vn -0.503937 -0.716535 0.480315 
vn -0.0866142 -0.992126 -0.0472441 
vn 0.0393701 -0.992126 0.110236 
vn -0.503937 -0.716535 0.480315 
vn -0.283465 -0.708661 -0.645669 
vn -0.283465 -0.708661 -0.645669 
vn -0.283465 -0.708661 -0.645669 
vn -0.944882 -0.204724 0.251969 
vn -0.228346 -0.968504 -0.0944882 
vn -0.267717 -0.96063 0 
vn -0.795276 -0.370079 -0.480315 
vn -0.771654 -0.322835 -0.551181 
vn 0.228346 -0.889764 -0.393701 
vn -0.228346 -0.968504 -0.0944882 
vn -0.251969 -0.968504 0.0708661 
vn -0.503937 -0.858268 0.133858 
vn -0.299213 -0.464567 -0.834646 
vn -0.795276 -0.370079 -0.480315 
vn -0.968504 0.181102 -0.173228 
vn 0.370079 -0.889764 -0.267717 
vn -0.251969 -0.968504 0.0708661 
vn 0.425197 -0.88189 -0.204724 
vn 0.425197 -0.88189 -0.204724 
vn -0.220472 -0.976378 0.023622 
vn 0.425197 -0.88189 -0.204724 
vn 0.590551 -0.472441 -0.653543 
vn 0.0787402 -0.952756 -0.291339 
vn -0.283465 -0.92126 0.283465 
vn -0.291339 -0.92126 0.251969 
vn -0.307087 -0.905512 0.275591 
vn 0.440945 -0.88189 -0.15748 
vn -0.220472 -0.976378 0.023622 
vn 0.0787402 -0.952756 -0.291339 
vn -0.362205 -0.897638 0.251969 
vn 0.685039 -0.464567 -0.559055 
vn -0.307087 -0.905512 0.275591 
vn 0.433071 -0.889764 -0.149606 
vn -0.204724 -0.976378 -0.0314961 
vn 0.76378 -0.456693 -0.456693 
vn 0.76378 -0.456693 -0.456693 
vn -0.283465 -0.92126 0.283465 
vn -0.291339 -0.929134 0.220472 
vn -0.291339 -0.929134 0.220472 
vn 0.811024 -0.472441 -0.338583 
vn -0.291339 -0.929134 0.220472 
vn 0.622047 -0.488189 -0.614173 
vn 0.834646 -0.496063 -0.228346 
vn 0.307087 -0.952756 0 
vn 0.307087 -0.952756 0 
vn 0.527559 -0.779528 -0.338583 
vn -0.92126 -0.362205 -0.165354 
vn 0.551181 -0.787402 -0.283465 
vn 0.551181 -0.779528 -0.291339 
vn 0.291339 -0.952756 -0.0629921 
vn 0.535433 0.653543 -0.527559 
vn -0.440945 -0.748031 0.496063 
vn 0.614173 -0.755906 -0.23622 
vn 0.629921 -0.748031 -0.19685 
vn 0.559055 0.480315 -0.677165 
vn -0.811024 -0.173228 0.566929 
vn 0.677165 -0.724409 -0.11811 
vn -0.409449 -0.795276 0.440945 
vn 0.850394 -0.433071 0.314961 
vn 0.952756 -0.275591 0.133858 
vn -0.622047 -0.645669 0.440945 
vn 0.850394 -0.464567 -0.251969 
vn -0.401575 -0.80315 0.440945 
vn 0.866142 -0.307087 -0.393701 
vn -0.80315 -0.535433 0.259843 
vn -0.622047 -0.645669 0.440945 
vn 0.787402 -0.614173 0.0472441 
vn -0.448819 -0.818898 0.354331 
vn -0.818898 -0.503937 0.267717 
vn -0.448819 -0.818898 0.354331 
vn -0.338583 -0.889764 0.299213 
vn -0.88189 -0.472441 0.00787402 
vn 0.149606 -0.984252 0.125984 
vn 0.866142 -0.488189 -0.0787402 
vn -0.338583 -0.889764 0.299213 
vn -0.401575 -0.889764 0.220472 
vn -0.937008 -0.314961 -0.125984 
vn -0.724409 -0.543307 -0.425197 
vn -0.889764 -0.338583 -0.307087 
vn -0.401575 -0.889764 0.220472 
vn 0.259843 -0.897638 0.354331 
vn -0.976378 -0.181102 -0.0866142 
vn -0.511811 -0.850394 0.11811 
vn -0.519685 -0.622047 -0.582677 
vn -0.724409 -0.543307 -0.425197 
vn -0.425197 -0.448819 -0.787402 
vn -0.519685 -0.614173 0.590551 
vn -0.551181 -0.614173 0.566929 
vn -0.606299 -0.653543 0.456693 
vn -0.511811 -0.850394 0.11811 
vn 0.259843 -0.929134 0.251969 
vn -0.622047 -0.740157 0.244094 
vn 0.653543 -0.740157 0.141732 
vn 0.330709 -0.913386 0.251969 
vn -0.622047 -0.740157 0.244094 
vn -0.866142 0.0629921 0.503937 
vn 0.740157 -0.669291 0.0314961 
vn 0.102362 -0.897638 0.433071 
vn -0.606299 -0.653543 0.456693 
vn -0.874016 -0.015748 0.496063 
vn -0.220472 -0.944882 0.23622 
vn -0.0787402 -0.952756 0.299213 
vn -0.551181 -0.614173 0.566929 
vn 0.15748 -0.874016 0.464567 
vn 0.84252 -0.535433 -0.0787402 
vn 0.574803 -0.574803 -0.582677 
vn 0.0314961 -0.929134 0.362205 
vn 0.0944882 -0.913386 0.385827 
vn -0.480315 -0.653543 0.590551 
vn -0.503937 -0.637795 0.574803 
vn 0.173228 -0.88189 0.433071 
vn -0.503937 -0.637795 0.574803 
vn 0.598425 -0.779528 -0.204724 
vn 0.15748 -0.897638 0.417323 
vn -0.480315 -0.653543 0.590551 
vn 0.0944882 -0.913386 0.385827 
vn 0.322835 -0.944882 -0.0472441 
vn 0.748031 -0.614173 -0.259843 
vn -0.204724 -0.976378 -0.0314961 
vn -0.19685 -0.976378 -0.0314961 
vn 0.622047 0.779528 -0.0551181 
vn -0.889764 -0.322835 -0.314961 
vn -0.700787 -0.551181 -0.456693 
vn -0.566929 -0.456693 -0.685039 
vn -0.125984 -0.992126 0.0472441 
vn -0.15748 -0.976378 0.125984 
vn -0.818898 0.314961 -0.480315 
vn -0.779528 -0.11811 -0.622047 
vn -0.149606 0.685039 -0.708661 
vn -0.362205 0.748031 -0.559055 
vn -0.0944882 0.897638 -0.433071 
vn 0.188976 0.700787 -0.692913 
vn 0.0393701 0.527559 -0.84252 
vn -0.346457 0.496063 -0.795276 
vn -0.433071 0.598425 -0.677165 
vn -0.165354 0.393701 -0.905512 
vn 0.23622 0.80315 -0.543307 
vn -0.370079 -0.401575 -0.834646 
vn 0.23622 0.80315 -0.543307 
vn 0.362205 0.84252 -0.401575 
vn -0.0708661 0.527559 -0.84252 
vn 0.385827 0.322835 -0.866142 
vn 0.700787 0.23622 -0.669291 
vn 0.385827 0.322835 -0.866142 
vn -0.220472 0.251969 -0.944882 
vn -0.165354 0.307087 -0.937008 
vn -0.228346 0.23622 -0.944882 
vn -0.299213 0.165354 -0.937008 
vn -0.125984 -0.346457 -0.929134 
vn -0.165354 -0.393701 -0.905512 
vn -0.165354 0.307087 -0.937008 
vn -0.779528 0.173228 -0.606299 
vn -0.165354 -0.393701 -0.905512 
vn -0.574803 -0.212598 -0.787402 
vn -0.307087 -0.598425 -0.740157 
vn -0.220472 -0.385827 -0.897638 
vn -0.220472 -0.0472441 -0.976378 
vn -0.259843 0.0393701 -0.968504 
vn -0.669291 0.409449 -0.614173 
vn -0.795276 0.377953 -0.472441 
vn -0.952756 -0.141732 0.275591 
vn -0.275591 0.787402 -0.559055 
vn 0.629921 0.472441 -0.614173 
vn 0.834646 0 -0.559055 
vn 0.11811 0.787402 -0.606299 
vn 0.629921 0.472441 -0.614173 
vn -0.307087 0.716535 -0.629921 
vn -0.80315 -0.0708661 -0.590551 
vn -0.818898 0.188976 -0.535433 
vn 0.740157 0.283465 -0.606299 
vn -0.19685 -0.976378 -0.0314961 
vn 0.732283 -0.582677 -0.354331 
vn 0.740157 -0.291339 -0.606299 
vn 0.708661 -0.15748 -0.685039 
vn 0.464567 -0.23622 -0.850394 
vn 0.464567 -0.23622 -0.850394 
vn -0.314961 -0.259843 -0.913386 
vn -0.590551 -0.165354 -0.787402 
vn -0.165354 0.393701 -0.905512 
vn 0.0393701 0.527559 -0.84252 
vn 0.299213 -0.149606 -0.944882 
vn -0.314961 -0.259843 -0.913386 
vn -0.283465 -0.708661 -0.645669 
vn -0.283465 -0.708661 -0.645669 
vn -0.283465 -0.708661 -0.645669 
vn 0.188976 0.700787 -0.692913 
vn 0.322835 -0.362205 -0.874016 
vn -0.283465 -0.708661 -0.645669 
vn 0.889764 -0.0629921 -0.456693 
vn 0.755906 0.0393701 -0.661417 
vn -0.299213 -0.464567 -0.834646 
vn -0.795276 -0.370079 -0.480315 
vn -0.795276 0.228346 -0.559055 
vn -0.23622 -0.173228 -0.952756 
vn -0.614173 0.0787402 -0.787402 
vn 0.488189 0.692913 -0.527559 
vn -0.283465 0.141732 -0.944882 
vn -0.755906 0.267717 -0.606299 
vn 0.110236 0.80315 -0.582677 
vn 0.669291 -0.15748 -0.724409 
vn 0.385827 0.779528 0.488189 
vn 0.76378 -0.456693 -0.456693 
vn 0.417323 0.905512 -0.0944882 
vn -0.173228 0.929134 -0.322835 
vn 0.244094 0.645669 -0.724409 
vn 0.622047 -0.488189 -0.614173 
vn 0.944882 0.314961 -0.102362 
vn 0.448819 0.645669 -0.622047 
vn -0.110236 0.96063 -0.244094 
vn -0.92126 -0.362205 -0.165354 
vn 0.291339 -0.952756 -0.0629921 
vn 0.559055 0.480315 -0.677165 
vn 0.149606 -0.984252 0.125984 
vn 0.866142 -0.488189 -0.0787402 
vn -0.724409 -0.543307 -0.425197 
vn -0.519685 -0.622047 -0.582677 
vn -0.724409 -0.543307 -0.425197 
vn -0.677165 -0.275591 -0.677165 
vn -0.425197 -0.448819 -0.787402 
vn -0.409449 -0.165354 -0.897638 
vn -0.291339 0.685039 -0.669291 
vn 0.204724 0.519685 -0.826772 
vn -0.275591 0.787402 -0.559055 
vn 0.574803 -0.574803 -0.582677 
vn 0.385827 0.551181 -0.740157 
vn -0.188976 0.84252 -0.503937 
vn 0.480315 0.582677 -0.653543 
vn -0.125984 0.84252 -0.527559 
vn 0.732283 -0.685039 0 
vn 0.393701 -0.527559 -0.755906 
vn 0.354331 -0.488189 -0.795276 
vn -0.866142 -0.472441 -0.165354 
vn 0.354331 -0.488189 -0.795276 
vn -0.204724 -0.976378 -0.0314961 
vn -0.204724 -0.976378 -0.0314961 
vn -0.889764 -0.322835 -0.314961 
vn -0.944882 -0.314961 -0.0393701 
vn -0.700787 -0.551181 -0.456693 
vn -0.566929 -0.456693 -0.685039 
vn -0.125984 0.96063 -0.23622 
vn -0.787402 0.23622 -0.566929 
vn -0.755906 0.267717 -0.606299 
vn -0.795276 0.228346 -0.559055 
vn -0.826772 0.19685 -0.519685 
vn -0.818898 0.314961 -0.480315 
vn -0.84252 0.220472 -0.488189 
vn -0.889764 0.173228 -0.433071 
vn -0.976378 0.141732 -0.15748 
vn -0.913386 0.125984 -0.393701 
vn -0.92126 0.102362 -0.370079 
vn -0.897638 0.212598 -0.393701 
vn -0.779528 -0.11811 -0.622047 
vn -0.992126 0.125984 0.0393701 
vn -0.897638 0.188976 0.401575 
vn -0.748031 0.275591 0.606299 
vn -0.149606 0.685039 -0.708661 
vn -0.362205 0.748031 -0.559055 
vn -0.0944882 0.897638 -0.433071 
vn 0.188976 0.700787 -0.692913 
vn -0.346457 0.496063 -0.795276 
vn -0.433071 0.598425 -0.677165 
vn -0.165354 0.393701 -0.905512 
vn 0.23622 0.80315 -0.543307 
vn -0.370079 -0.401575 -0.834646 
vn 0.23622 0.80315 -0.543307 
vn -0.0708661 0.527559 -0.84252 
vn -0.165354 0.307087 -0.937008 
vn -0.779528 0.173228 -0.606299 
vn -0.740157 0.228346 -0.629921 
vn -0.228346 0.23622 -0.944882 
vn -0.165354 -0.393701 -0.905512 
vn -0.574803 -0.212598 -0.787402 
vn -0.125984 -0.992126 0.0472441 
vn -0.771654 -0.299213 -0.551181 
vn -0.834646 -0.330709 -0.448819 
vn -0.307087 -0.598425 -0.740157 
vn -0.259843 0.0393701 -0.968504 
vn -0.700787 0.149606 -0.692913 
vn -0.866142 0.0314961 0.496063 
vn -0.850394 0.385827 0.346457 
vn -0.84252 0.188976 -0.503937 
vn -0.669291 0.409449 -0.614173 
vn -0.795276 0.377953 -0.472441 
vn -0.96063 0.125984 -0.251969 
vn -0.929134 -0.181102 0.330709 
vn -0.897638 -0.133858 0.417323 
vn -0.952756 -0.141732 0.275591 
vn -0.84252 -0.015748 0.543307 
vn -0.834646 -0.0393701 0.551181 
vn -0.0787402 0.96063 -0.251969 
vn 0.015748 0.818898 -0.566929 
vn -0.251969 0.811024 -0.527559 
vn -0.165354 0.84252 -0.503937 
vn -0.275591 0.787402 -0.559055 
vn 0.11811 0.787402 -0.606299 
vn 0.629921 0.472441 -0.614173 
vn -0.291339 0.685039 -0.669291 
vn -0.307087 0.716535 -0.629921 
vn -0.80315 -0.0708661 -0.590551 
vn -0.96063 -0.0472441 -0.259843 
vn -0.92126 -0.149606 -0.362205 
vn -0.818898 0.188976 -0.535433 
vn -0.795276 0.464567 -0.393701 
vn -0.88189 -0.0314961 -0.480315 
vn -0.181102 0.850394 0.496063 
vn 0.0787402 0.771654 0.629921 
vn -0.496063 0.574803 0.653543 
vn -0.937008 0.0551181 0.354331 
vn -0.834646 -0.0472441 0.543307 
vn -0.724409 0.393701 0.566929 
vn -0.818898 0.299213 0.488189 
vn -0.944882 -0.141732 0.291339 
vn -0.874016 -0.346457 0.346457 
vn -0.80315 -0.275591 0.527559 
vn -0.787402 -0.472441 0.385827 
vn -0.409449 -0.795276 0.440945 
vn -0.590551 -0.165354 -0.787402 
vn -0.283465 -0.708661 -0.645669 
vn -0.283465 -0.708661 -0.645669 
vn -0.283465 -0.708661 -0.645669 
vn -0.968504 0.220472 -0.0944882 
vn -0.834646 0.519685 0.173228 
vn -0.992126 -0.0393701 0.102362 
vn -0.511811 0.858268 -0.0393701 
vn -0.897638 0.346457 0.283465 
vn -0.944882 -0.204724 0.251969 
vn -0.228346 -0.968504 -0.0944882 
vn -0.267717 -0.96063 0 
vn -0.433071 0.897638 0.0314961 
vn -0.795276 -0.370079 -0.480315 
vn -0.771654 -0.322835 -0.551181 
vn -0.866142 0.370079 0.346457 
vn -0.503937 -0.858268 0.133858 
vn -0.614173 0.0787402 -0.787402 
vn -0.88189 -0.464567 -0.0708661 
vn -0.968504 0.181102 -0.173228 
vn -0.889764 0.409449 0.188976 
vn -0.377953 0.929134 0.0393701 
vn -0.858268 0.456693 -0.244094 
vn -0.84252 0.535433 -0.0708661 
vn -0.283465 -0.92126 0.283465 
vn -0.291339 -0.92126 0.251969 
vn -0.496063 0.858268 -0.149606 
vn -0.362205 -0.897638 0.251969 
vn -0.889764 0.110236 0.433071 
vn -0.80315 0.472441 0.362205 
vn 0.385827 0.779528 0.488189 
vn -0.212598 0.976378 -0.023622 
vn -0.448819 0.80315 -0.385827 
vn -0.259843 0.968504 -0.023622 
vn -0.291339 -0.929134 0.220472 
vn -0.76378 0.551181 0.338583 
vn -0.291339 0.653543 0.700787 
vn -0.543307 0.582677 0.606299 
vn 0.417323 0.905512 -0.0944882 
vn -0.787402 0.574803 0.220472 
vn -0.598425 0.590551 0.543307 
vn 0.944882 0.314961 -0.102362 
vn -0.929134 0.283465 0.23622 
vn -0.92126 -0.362205 -0.165354 
vn 0.110236 0.984252 0.141732 
vn -0.76378 0.385827 0.519685 
vn -0.944882 -0.00787402 -0.322835 
vn -1 0.015748 -0.00787402 
vn -0.811024 0 0.582677 
vn -0.96063 -0.0708661 -0.283465 
vn -0.992126 -0.141732 -0.0314961 
vn 0.559055 0.480315 -0.677165 
vn -0.811024 -0.173228 0.566929 
vn -0.952756 -0.267717 -0.149606 
vn -0.92126 -0.377953 0.0866142 
vn -0.622047 -0.645669 0.440945 
vn -0.80315 -0.535433 0.259843 
vn -0.818898 -0.503937 0.267717 
vn -0.92126 0.0472441 -0.377953 
vn -0.96063 -0.133858 -0.251969 
vn -0.88189 -0.472441 0.00787402 
vn -0.401575 -0.889764 0.220472 
vn -0.937008 -0.314961 -0.125984 
vn -0.677165 -0.275591 -0.677165 
vn -0.724409 -0.543307 -0.425197 
vn -0.889764 -0.338583 -0.307087 
vn -0.913386 -0.267717 -0.307087 
vn -0.976378 -0.181102 -0.0866142 
vn -0.519685 -0.622047 -0.582677 
vn -0.724409 -0.543307 -0.425197 
vn -0.677165 -0.275591 -0.677165 
vn -0.559055 -0.614173 0.551181 
vn -0.519685 -0.614173 0.590551 
vn -0.551181 -0.614173 0.566929 
vn -0.606299 -0.653543 0.456693 
vn -0.622047 -0.740157 0.244094 
vn -0.409449 -0.165354 -0.897638 
vn -0.866142 0.0629921 0.503937 
vn -0.889764 0.362205 0.259843 
vn -0.976378 -0.0551181 0.228346 
vn -0.874016 -0.015748 0.496063 
vn -0.874016 -0.015748 0.480315 
vn -0.275591 0.787402 -0.559055 
vn -0.0787402 -0.952756 0.299213 
vn 0.0944882 -0.913386 0.385827 
vn -0.251969 0.598425 0.76378 
vn -0.259843 0.559055 0.787402 
vn -0.976378 -0.165354 0.149606 
vn -0.866142 -0.472441 -0.165354 

vt 0.792467 -1.89924 
vt 0.768153 -1.89901 
vt 0.760007 -1.83473 
vt 0.779275 -1.84564 
vt 0.791282 -1.82968 
vt 0.777004 -1.81626 
vt 0.847074 -1.81392 
vt 0.849632 -1.97415 
vt 0.82196 -1.96215 
vt 0.834131 -1.97423 
vt 0.843425 -1.96579 
vt 0.827453 -1.94989 
vt 0.835117 -2.00549 
vt 0.829111 -2.01304 
vt 0.794603 -1.90231 
vt 0.849425 -1.80656 
vt 0.843795 -1.86348 
vt 0.850288 -1.85739 
vt 0.841458 -1.85472 
vt 0.835347 -1.85789 
vt 0.83076 -1.86127 
vt 0.85191 -1.86533 
vt 0.857031 -1.85943 
vt 0.805134 -1.82433 
vt 0.792546 -1.81194 
vt 0.805134 -1.82433 
vt 0.791282 -1.82968 
vt 0.808049 -1.83503 
vt 0.807902 -1.9989 
vt 0.798145 -2.00206 
vt 0.815717 -1.99166 
vt 0.807902 -1.9989 
vt 0.835728 -1.98609 
vt 0.844613 -1.98354 
vt 0.844613 -1.98354 
vt 0.851186 -1.97629 
vt 0.85105 -1.95903 
vt 0.803171 -1.89552 
vt 0.824089 -1.91433 
vt 0.839083 -1.94067 
vt 0.798558 -1.93254 
vt 0.812309 -1.9512 
vt 0.809128 -1.92216 
vt 0.796595 -1.88324 
vt 0.802879 -1.89437 
vt 0.812692 -1.88893 
vt 0.837686 -1.92278 
vt 0.823993 -1.90853 
vt 0.818201 -1.91883 
vt 0.830053 -1.93044 
vt 0.810922 -1.90855 
vt 0.788311 -1.86986 
vt 0.810637 -1.87461 
vt 0.788311 -1.86986 
vt 0.839365 -1.93563 
vt 0.84396 -1.93025 
vt 0.754971 -1.88748 
vt 0.755063 -1.89469 
vt 0.769368 -1.90026 
vt 0.768153 -1.89901 
vt 0.745931 -1.87461 
vt 0.778183 -1.893 
vt 0.765051 -1.88659 
vt 0.755485 -1.71085 
vt 0.804021 -1.7193 
vt 0.784599 -1.73803 
vt 0.801396 -1.73761 
vt 0.830594 -1.73601 
vt 0.82294 -1.74251 
vt 0.789257 -1.91584 
vt 0.83076 -1.86127 
vt 0.8549 -1.84727 
vt 0.810623 -1.97714 
vt 0.800731 -1.98592 
vt 0.835347 -1.85789 
vt 0.830735 -1.84984 
vt 0.856583 -1.83396 
vt 0.841734 -1.84654 
vt 0.799337 -1.95551 
vt 0.791907 -1.9693 
vt 0.800731 -1.98592 
vt 0.789563 -1.99219 
vt 0.829836 -2.00854 
vt 0.827488 -1.83887 
vt 0.841497 -1.83389 
vt 0.791907 -1.9693 
vt 0.780237 -1.97658 
vt 0.823633 -1.82935 
vt 0.821041 -1.86878 
vt 0.790857 -1.92402 
vt 0.769368 -1.90026 
vt 0.78625 -1.95496 
vt 0.772447 -1.95862 
vt 0.779762 -1.93331 
vt 0.78625 -1.95496 
vt 0.820762 -2.01656 
vt 0.829111 -2.01304 
vt 0.839153 -1.82315 
vt 0.789785 -1.89429 
vt 0.779762 -1.93331 
vt 0.765314 -1.93737 
vt 0.819737 -2.00188 
vt 0.810465 -2.00754 
vt 0.791104 -1.87117 
vt 0.773032 -1.89231 
vt 0.775822 -1.91657 
vt 0.775822 -1.91657 
vt 0.760075 -1.91683 
vt 0.797904 -1.99247 
vt 0.807826 -1.98627 
vt 0.827844 -1.99216 
vt 0.790957 -1.78683 
vt 0.813316 -1.79438 
vt 0.812203 -1.77498 
vt 0.796769 -1.93483 
vt 0.777951 -1.92598 
vt 0.785736 -1.9456 
vt 0.796636 -1.8511 
vt 0.812378 -1.97085 
vt 0.798322 -1.97123 
vt 0.807826 -1.98627 
vt 0.773638 -1.86869 
vt 0.773032 -1.89231 
vt 0.756379 -1.89267 
vt 0.785564 -1.97396 
vt 0.798322 -1.97123 
vt 0.780225 -1.97409 
vt 0.83284 -1.79089 
vt 0.834707 -1.77395 
vt 0.779275 -1.84564 
vt 0.773638 -1.86869 
vt 0.755931 -1.86696 
vt 0.819737 -2.00188 
vt 0.785736 -1.9456 
vt 0.77258 -1.94847 
vt 0.834131 -1.97423 
vt 0.825129 -1.97786 
vt 0.815913 -1.75337 
vt 0.793347 -1.7571 
vt 0.771027 -1.78994 
vt 0.83495 -1.75074 
vt 0.745127 -1.87017 
vt 0.777951 -1.92598 
vt 0.763258 -1.92329 
vt 0.813278 -1.96596 
vt 0.82196 -1.96215 
vt 0.773785 -1.76147 
vt 0.799168 -1.89934 
vt 0.812309 -1.9512 
vt 0.801377 -1.95217 
vt 0.772018 -1.71266 
vt 0.763612 -1.74021 
vt 0.798018 -1.68808 
vt 0.776124 -1.68659 
vt 0.809511 -1.6834 
vt 0.798558 -1.93254 
vt 0.787989 -1.93388 
vt 0.778183 -1.893 
vt 0.789257 -1.91584 
vt 0.776428 -1.91247 
vt 0.754027 -1.86813 
vt 0.830053 -1.93044 
vt 0.809566 -1.9214 
vt 0.833323 -1.80304 
vt 0.81597 -1.80826 
vt 0.836129 -1.81386 
vt 0.819732 -1.81998 
vt 0.701697 -1.89923 
vt 0.644776 -1.89126 
vt 0.846887 -1.85297 
vt 0.859983 -1.86652 
vt 0.763101 -1.85382 
vt 0.749498 -1.8512 
vt 0.759826 -1.88039 
vt 0.747631 -1.87274 
vt 0.787644 -1.87976 
vt 0.654293 -1.9047 
vt 0.666323 -1.90638 
vt 0.779375 -1.86434 
vt 0.793536 -1.84786 
vt 0.790109 -1.86043 
vt 0.663014 -1.87729 
vt 0.660048 -1.8913 
vt 0.675547 -1.87343 
vt 0.889544 -1.87084 
vt 0.672133 -1.88895 
vt 0.704174 -1.86312 
vt 0.71899 -1.862 
vt 0.705827 -1.88264 
vt 0.726129 -1.88451 
vt 0.746918 -1.88475 
vt 0.768697 -1.90174 
vt 0.838588 -1.84897 
vt 0.771814 -1.82592 
vt 0.786338 -1.82108 
vt 0.813269 -1.81797 
vt 0.844922 -1.81851 
vt 0.864892 -1.82398 
vt 0.678813 -1.90481 
vt 0.693588 -1.88312 
vt 0.688106 -1.90266 
vt 0.682736 -1.88593 
vt 0.850829 -1.85679 
vt 0.868143 -1.84578 
vt 0.770066 -1.84782 
vt 0.787361 -1.85931 
vt 0.818534 -1.86477 
vt 0.717578 -1.86331 
vt 0.71834 -1.8737 
vt 0.721359 -1.8539 
vt 0.840058 -1.83473 
vt 0.847776 -1.84564 
vt 0.855567 -1.81626 
vt 0.697863 -1.97415 
vt 0.695944 -1.97722 
vt 0.896191 -1.80656 
vt 0.953112 -1.85472 
vt 0.862742 -1.82433 
vt 0.867495 -1.81194 
vt 0.862742 -1.82433 
vt 0.869589 -1.82728 
vt 0.87589 -1.81912 
vt 0.820825 -2.00405 
vt 0.830832 -1.9989 
vt 0.830588 -2.00206 
vt 0.811269 -2.00131 
vt 0.808404 -1.99842 
vt 0.70383 -1.98407 
vt 0.714665 -1.98609 
vt 0.719497 -1.98354 
vt 0.697944 -1.87828 
vt 0.705088 -1.88324 
vt 0.712535 -1.86986 
vt 0.706565 -1.8623 
vt 0.712535 -1.86986 
vt 0.719066 -1.79311 
vt 0.718647 -1.76694 
vt 0.710557 -1.78866 
vt 0.791036 -1.82134 
vt 0.782399 -1.79314 
vt 0.780158 -1.82209 
vt 0.751532 -1.81319 
vt 0.74699 -1.78183 
vt 0.742233 -1.80749 
vt 0.819238 -1.8133 
vt 0.815164 -1.78842 
vt 0.807665 -1.81859 
vt 0.768926 -1.82015 
vt 0.76306 -1.84861 
vt 0.759353 -1.87196 
vt 0.775238 -1.87257 
vt 0.777356 -1.85035 
vt 0.794106 -1.88748 
vt 0.791045 -1.87507 
vt 0.788635 -1.89469 
vt 0.794556 -1.90026 
vt 0.799987 -1.88752 
vt 0.799944 -1.89901 
vt 0.8055 -1.89434 
vt 0.804079 -1.87461 
vt 0.754745 -1.88253 
vt 0.758272 -1.89114 
vt 0.713197 -1.8596 
vt 0.71121 -1.84745 
vt 0.750122 -1.893 
vt 0.749821 -1.88071 
vt 0.743813 -1.88659 
vt 0.784994 -1.74276 
vt 0.81241 -1.7442 
vt 0.812137 -1.71085 
vt 0.785881 -1.70837 
vt 0.882858 -1.8285 
vt 0.943108 -1.86658 
vt 0.930404 -1.86349 
vt 0.90649 -1.85696 
vt 0.947392 -1.86127 
vt 0.939378 -1.85631 
vt 0.914185 -1.85573 
vt 0.90649 -1.85696 
vt 0.951584 -1.85789 
vt 0.946354 -1.84984 
vt 0.925669 -1.84754 
vt 0.83386 -1.99219 
vt 0.893165 -1.81836 
vt 0.885322 -1.80525 
vt 0.934874 -1.83887 
vt 0.912179 -1.83901 
vt 0.900189 -1.84691 
vt 0.809909 -1.99142 
vt 0.822043 -1.99434 
vt 0.835493 -1.97658 
vt 0.748133 -2.01268 
vt 0.747434 -2.00854 
vt 0.757913 -2.01719 
vt 0.922341 -1.82935 
vt 0.809487 -1.97592 
vt 0.822549 -1.97884 
vt 0.83657 -1.95862 
vt 0.769172 -2.01656 
vt 0.809249 -1.95807 
vt 0.822889 -1.96008 
vt 0.843313 -1.93331 
vt 0.83763 -1.93737 
vt 0.773201 -2.00754 
vt 0.759357 -2.0081 
vt 0.747301 -2.00293 
vt 0.837358 -1.91683 
vt 0.808924 -1.93742 
vt 0.823316 -1.93875 
vt 0.776513 -1.99247 
vt 0.761954 -1.99304 
vt 0.748943 -1.98854 
vt 0.871608 -1.78683 
vt 0.893714 -1.79438 
vt 0.836363 -1.89267 
vt 0.808078 -1.91792 
vt 0.822909 -1.91797 
vt 0.779608 -1.97396 
vt 0.764738 -1.97409 
vt 0.751113 -1.97106 
vt 0.836845 -1.86696 
vt 0.821627 -1.8942 
vt 0.783061 -1.94847 
vt 0.767639 -1.94813 
vt 0.753501 -1.94566 
vt 0.718445 -1.97786 
vt 0.853648 -1.78994 
vt 0.704727 -1.97489 
vt 0.821184 -1.87017 
vt 0.785354 -1.92329 
vt 0.756136 -1.92011 
vt 0.770214 -1.92186 
vt 0.721694 -1.96596 
vt 0.84865 -1.76147 
vt 0.82919 -1.75788 
vt 0.707145 -1.96273 
vt 0.821575 -1.84284 
vt 0.773001 -1.89397 
vt 0.725561 -1.95217 
vt 0.82852 -1.71266 
vt 0.830702 -1.74021 
vt 0.832669 -1.77065 
vt 0.832732 -1.79931 
vt 0.826074 -1.68659 
vt 0.710898 -1.94843 
vt 0.805768 -1.84771 
vt 0.731233 -1.93388 
vt 0.81155 -1.68272 
vt 0.784619 -1.68078 
vt 0.71617 -1.93 
vt 0.705725 -1.92295 
vt 0.791473 -1.84994 
vt 0.737257 -1.91247 
vt 0.752965 -1.6803 
vt 0.753795 -1.70499 
vt 0.722441 -1.90792 
vt 0.711608 -1.9014 
vt 0.730079 -1.70282 
vt 0.732995 -1.68225 
vt 0.752463 -1.73613 
vt 0.729001 -1.88207 
vt 0.747383 -1.86813 
vt 0.727141 -1.72946 
vt 0.749327 -1.84333 
vt 0.73342 -1.8602 
vt 0.737364 -1.83643 
vt 0.648052 -1.92571 
vt 0.726625 -1.82914 
vt 0.733756 -1.80141 
vt 0.714932 -1.82225 
vt 0.704159 -1.81679 
vt 0.690239 -1.83691 
vt 0.688923 -1.83793 
vt 0.698762 -1.84014 
vt 0.683418 -1.85346 
vt 0.675662 -1.86725 
vt 0.692879 -1.8572 
vt 0.6636 -1.93349 
vt 0.672172 -1.93044 
vt 0.651716 -1.9293 
vt 0.65142 -1.90903 
vt 0.667879 -1.88077 
vt 0.685155 -1.87233 
vt 0.672173 -1.9214 
vt 0.659031 -1.91685 
vt 0.659395 -1.89577 
vt 0.676961 -1.88706 
vt 0.689932 -1.89286 
vt 0.698748 -1.89437 
vt 0.680942 -1.90775 
vt 0.689091 -1.90855 
vt 0.668049 -1.90249 
vt 0.891847 -1.83946 
vt 0.9043 -1.80304 
vt 0.902684 -1.80826 
vt 0.911776 -1.81998 
vt 0.901801 -1.83008 
vt 0.822676 -1.86331 
vt 0.823307 -1.8737 
vt 0.832921 -1.8539 
vt 0.805421 -1.89924 
vt 0.809624 -1.92522 
vt 0.825643 -1.91904 
vt 0.829735 -1.89901 
vt 0.765771 -1.96701 
vt 0.755046 -1.96053 
vt 0.748255 -1.97415 
vt 0.757509 -1.97722 
vt 0.792753 -1.82433 
vt 0.801184 -2.00131 
vt 0.792108 -1.99842 
vt 0.789986 -1.9989 
vt 0.792108 -1.99842 
vt 0.784023 -1.99262 
vt 0.76002 -1.98407 
vt 0.748255 -1.97415 
vt 0.742077 -1.96852 
vt 0.76216 -1.98609 
vt 0.747874 -1.95587 
vt 0.779133 -1.90876 
vt 0.7858 -1.88144 
vt 0.761505 -1.9375 
vt 0.809576 -1.86986 
vt 0.78725 -1.87461 
vt 0.809576 -1.86986 
vt 0.823885 -1.76694 
vt 0.825624 -1.78866 
vt 0.847663 -1.87196 
vt 0.843215 -1.88752 
vt 0.829735 -1.89901 
vt 0.844352 -1.89434 
vt 0.851956 -1.87461 
vt 0.836705 -1.88253 
vt 0.82208 -1.89513 
vt 0.838327 -1.89114 
vt 0.808263 -1.87502 
vt 0.819704 -1.893 
vt 0.775085 -1.7054 
vt 0.770462 -1.72716 
vt 0.773904 -1.93569 
vt 0.787458 -1.91663 
vt 0.79697 -1.89964 
vt 0.764862 -1.94676 
vt 0.755046 -1.96053 
vt 0.775994 -1.95461 
vt 0.764862 -1.94676 
vt 0.758771 -1.85696 
vt 0.742379 -1.85015 
vt 0.739012 -1.85747 
vt 0.783353 -1.97528 
vt 0.799829 -1.98607 
vt 0.787261 -1.98342 
vt 0.768052 -2.00854 
vt 0.761886 -2.00152 
vt 0.809985 -1.99142 
vt 0.799829 -1.98607 
vt 0.80981 -1.96825 
vt 0.804856 -1.95104 
vt 0.776593 -2.01268 
vt 0.768052 -2.00854 
vt 0.799235 -1.89608 
vt 0.81938 -1.97592 
vt 0.80981 -1.96825 
vt 0.827412 -1.95807 
vt 0.815954 -1.95402 
vt 0.821952 -1.93392 
vt 0.815954 -1.95402 
vt 0.786749 -2.00293 
vt 0.777104 -1.99547 
vt 0.798388 -1.96641 
vt 0.784451 -1.96619 
vt 0.789382 -1.98031 
vt 0.834515 -1.93742 
vt 0.821952 -1.93392 
vt 0.777104 -1.99547 
vt 0.768869 -1.9874 
vt 0.799475 -1.98854 
vt 0.789382 -1.98031 
vt 0.839508 -1.91792 
vt 0.825643 -1.91904 
vt 0.817663 -1.97409 
vt 0.811367 -1.97106 
vt 0.798388 -1.96641 
vt 0.809323 -1.94107 
vt 0.79848 -1.9307 
vt 0.823111 -1.94566 
vt 0.809323 -1.94107 
vt 0.772994 -1.97489 
vt 0.831257 -1.92011 
vt 0.81557 -1.92111 
vt 0.81557 -1.92111 
vt 0.785061 -1.96273 
vt 0.798719 -1.89934 
vt 0.797566 -1.94843 
vt 0.787582 -1.94112 
vt 0.82208 -1.89513 
vt 0.809899 -1.93388 
vt 0.773904 -1.93569 
vt 0.811261 -1.93 
vt 0.801167 -1.92295 
vt 0.819704 -1.893 
vt 0.790899 -1.68051 
vt 0.812814 -1.9014 
vt 0.787458 -1.91663 
vt 0.825838 -1.70282 
vt 0.823704 -1.68225 
vt 0.798701 -1.70234 
vt 0.833202 -1.88207 
vt 0.79697 -1.89964 
vt 0.84386 -1.86813 
vt 0.801907 -1.68217 
vt 0.798701 -1.70234 
vt 0.824246 -1.72946 
vt 0.79614 -1.72554 
vt 0.767105 -1.7533 
vt 0.79614 -1.72554 
vt 0.793487 -1.75308 
vt 0.767866 -1.78714 
vt 0.808263 -1.87502 
vt 0.848415 -1.83643 
vt 0.793487 -1.75308 
vt 0.791009 -1.78341 
vt 0.772812 -1.82007 
vt 0.754838 -1.92571 
vt 0.750961 -1.92212 
vt 0.791009 -1.78341 
vt 0.813666 -1.78573 
vt 0.777407 -1.84513 
vt 0.791981 -1.81429 
vt 0.761345 -1.92887 
vt 0.754838 -1.92571 
vt 0.763142 -1.93511 
vt 0.776858 -1.87505 
vt 0.789566 -1.86673 
vt 0.792568 -1.85359 
vt 0.791981 -1.81429 
vt 0.811589 -1.81368 
vt 0.793158 -1.83793 
vt 0.825741 -1.81679 
vt 0.810434 -1.83691 
vt 0.793158 -1.83793 
vt 0.756067 -1.9121 
vt 0.823168 -1.84014 
vt 0.808126 -1.85346 
vt 0.792568 -1.85359 
vt 0.767843 -1.89555 
vt 0.770702 -1.92139 
vt 0.762024 -1.91532 
vt 0.789566 -1.86673 
vt 0.804001 -1.86725 
vt 0.818841 -1.8572 
vt 0.776305 -1.9293 
vt 0.782832 -1.90903 
vt 0.77254 -1.90229 
vt 0.77907 -1.89195 
vt 0.785536 -1.8772 
vt 0.798577 -1.88077 
vt 0.785536 -1.8772 
vt 0.790038 -1.91685 
vt 0.791727 -1.89577 
vt 0.77907 -1.89195 
vt 0.77254 -1.90229 
vt 0.717578 -1.82501 
vt 0.721359 -1.81477 
vt 0.804934 -1.84227 
vt 0.799944 -1.81795 
vt 0.840058 -1.80981 
vt 0.869981 -1.89687 
vt 0.878463 -1.89227 
vt 0.867144 -1.88353 
vt 0.697863 -1.89943 
vt 0.695944 -1.89018 
vt 0.792883 -1.8444 
vt 0.848659 -1.88904 
vt 0.948656 -1.8936 
vt 0.949904 -1.90009 
vt 0.953112 -1.89126 
vt 0.947392 -1.88056 
vt 0.943108 -1.88609 
vt 0.939668 -1.90171 
vt 0.942682 -1.90683 
vt 0.93656 -1.89355 
vt 0.862742 -1.85493 
vt 0.85635 -1.87179 
vt 0.862742 -1.85493 
vt 0.85507 -1.84108 
vt 0.845285 -1.85785 
vt 0.869589 -1.86719 
vt 0.87589 -1.85431 
vt 0.869589 -1.86719 
vt 0.820825 -1.84698 
vt 0.819125 -1.85912 
vt 0.830832 -1.8577 
vt 0.830588 -1.84795 
vt 0.811269 -1.8465 
vt 0.808404 -1.85558 
vt 0.819125 -1.85912 
vt 0.817792 -1.86712 
vt 0.808404 -1.85558 
vt 0.808695 -1.86367 
vt 0.70744 -1.89973 
vt 0.70383 -1.88767 
vt 0.714665 -1.88553 
vt 0.719497 -1.89441 
vt 0.751 -1.85297 
vt 0.737904 -1.86652 
vt 0.721844 -1.86189 
vt 0.672172 -1.87985 
vt 0.712535 -1.83811 
vt 0.706565 -1.82693 
vt 0.713787 -1.86044 
vt 0.712535 -1.83811 
vt 0.666445 -1.89376 
vt 0.719662 -1.86914 
vt 0.818219 -1.8754 
vt 0.794106 -1.80477 
vt 0.799944 -1.81795 
vt 0.8055 -1.80334 
vt 0.713197 -1.82535 
vt 0.882858 -1.86275 
vt 0.877883 -1.87608 
vt 0.877883 -1.87608 
vt 0.923568 -1.89201 
vt 0.926345 -1.90606 
vt 0.93656 -1.89355 
vt 0.943108 -1.88609 
vt 0.930404 -1.88 
vt 0.923568 -1.89201 
vt 0.90649 -1.88892 
vt 0.906832 -1.90531 
vt 0.914792 -1.90868 
vt 0.947392 -1.88056 
vt 0.914185 -1.87578 
vt 0.90649 -1.88892 
vt 0.900189 -1.87231 
vt 0.822043 -1.8349 
vt 0.748133 -1.8711 
vt 0.747434 -1.87964 
vt 0.75874 -1.88232 
vt 0.757913 -1.87084 
vt 0.708344 -1.87084 
vt 0.794556 -1.81917 
vt 0.769172 -1.87056 
vt 0.771817 -1.87891 
vt 0.773201 -1.86027 
vt 0.759357 -1.85702 
vt 0.893714 -1.86312 
vt 0.764738 -1.83003 
vt 0.847776 -1.82908 
vt 0.727091 -1.88393 
vt 0.718445 -1.87493 
vt 0.704727 -1.87469 
vt 0.821184 -1.79493 
vt 0.721694 -1.86308 
vt 0.731626 -1.87176 
vt 0.759299 -1.84897 
vt 0.753707 -1.82561 
vt 0.750122 -1.82798 
vt 0.715951 -1.83942 
vt 0.737364 -1.79927 
vt 0.648052 -1.89285 
vt 0.644776 -1.88634 
vt 0.648052 -1.89285 
vt 0.654172 -1.89328 
vt 0.649987 -1.88455 
vt 0.658418 -1.88274 
vt 0.663123 -1.88917 
vt 0.6636 -1.8722 
vt 0.672172 -1.87985 
vt 0.651716 -1.87138 
vt 0.672173 -1.85937 
vt 0.681947 -1.868 
vt 0.680942 -1.85006 
vt 0.689091 -1.86072 
vt 0.668049 -1.84789 
vt 0.891847 -1.86919 
vt 0.891206 -1.88197 
vt 0.893287 -1.8999 
vt 0.891206 -1.88197 
vt 0.792953 -1.89924 
vt 0.792911 -1.92522 
vt 0.727906 -1.81392 
vt 0.712084 -1.81872 
vt 0.719425 -1.83106 
vt 0.730744 -1.82614 
vt 0.870034 -1.96579 
vt 0.825963 -2.00549 
vt 0.82607 -2.01304 
vt 0.839148 -2.01453 
vt 0.83717 -2.00425 
vt 0.805005 -1.90231 
vt 0.801911 -1.88238 
vt 0.790088 -1.87959 
vt 0.822319 -1.90223 
vt 0.82163 -1.88433 
vt 0.833104 -1.86957 
vt 0.794777 -1.8638 
vt 0.749229 -1.81488 
vt 0.748094 -1.78702 
vt 0.717958 -1.79789 
vt 0.701697 -1.80656 
vt 0.649231 -1.86348 
vt 0.647984 -1.85739 
vt 0.644776 -1.85472 
vt 0.650496 -1.86127 
vt 0.65822 -1.86533 
vt 0.655205 -1.85943 
vt 0.661328 -1.86879 
vt 0.735146 -1.82433 
vt 0.741538 -1.82619 
vt 0.735146 -1.82433 
vt 0.752603 -1.83503 
vt 0.778762 -2.00251 
vt 0.780095 -1.99259 
vt 0.769791 -1.99166 
vt 0.767056 -1.9989 
vt 0.789484 -1.99842 
vt 0.789192 -1.99262 
vt 0.900024 -1.97415 
vt 0.894489 -1.96852 
vt 0.884916 -1.97326 
vt 0.890447 -1.98259 
vt 0.878391 -1.98354 
vt 0.875653 -1.97629 
vt 0.893003 -1.95587 
vt 0.879852 -1.95903 
vt 0.840684 -1.88121 
vt 0.846887 -1.89552 
vt 0.859983 -1.88945 
vt 0.854019 -1.87463 
vt 0.867532 -1.91433 
vt 0.88441 -1.90876 
vt 0.876043 -1.88144 
vt 0.874826 -1.94067 
vt 0.89112 -1.9375 
vt 0.855058 -1.92216 
vt 0.89636 -1.88893 
vt 0.923253 -1.92278 
vt 0.910926 -1.90853 
vt 0.925715 -1.93044 
vt 0.8841 -1.87461 
vt 0.885352 -1.86986 
vt 0.934765 -1.93563 
vt 0.931443 -1.93025 
vt 0.878225 -1.86892 
vt 0.869726 -1.86153 
vt 0.869705 -1.87123 
vt 0.779669 -1.8331 
vt 0.774025 -1.85502 
vt 0.833071 -1.88373 
vt 0.763101 -1.7193 
vt 0.749498 -1.73761 
vt 0.759826 -1.73601 
vt 0.808078 -1.73692 
vt 0.824735 -1.71649 
vt 0.787644 -1.71305 
vt 0.781375 -1.73594 
vt 0.826586 -1.73505 
vt 0.845226 -1.73202 
vt 0.858068 -1.7054 
vt 0.868164 -1.72716 
vt 0.892896 -1.91663 
vt 0.671543 -1.86152 
vt 0.691397 -1.85696 
vt 0.691056 -1.85015 
vt 0.683096 -1.85747 
vt 0.664621 -1.85195 
vt 0.654293 -1.84727 
vt 0.679019 -1.83978 
vt 0.766159 -1.97714 
vt 0.666323 -1.83396 
vt 0.779375 -1.97528 
vt 0.793536 -1.98607 
vt 0.790109 -1.98342 
vt 0.761566 -1.95551 
vt 0.850453 -2.00854 
vt 0.847798 -2.00152 
vt 0.777953 -1.95134 
vt 0.79229 -1.95104 
vt 0.889544 -1.86878 
vt 0.776602 -1.92338 
vt 0.774985 -1.89608 
vt 0.759357 -1.92402 
vt 0.754575 -1.93331 
vt 0.772793 -1.87446 
vt 0.759679 -1.89429 
vt 0.851573 -1.96641 
vt 0.847238 -1.96619 
vt 0.757953 -1.87117 
vt 0.847981 -1.9874 
vt 0.833923 -1.98697 
vt 0.820822 -1.99216 
vt 0.704174 -1.79438 
vt 0.809609 -1.93483 
vt 0.755772 -1.8511 
vt 0.815149 -1.97085 
vt 0.843254 -1.9307 
vt 0.830314 -1.96398 
vt 0.705827 -1.79089 
vt 0.726129 -1.77395 
vt 0.750112 -1.84564 
vt 0.825918 -1.9315 
vt 0.746918 -1.75074 
vt 0.776703 -1.87017 
vt 0.768697 -1.75788 
vt 0.838588 -1.89934 
vt 0.770066 -1.68808 
vt 0.787361 -1.6834 
vt 0.78735 -1.79497 
vt 0.79809 -1.76168 
vt 0.818534 -1.6821 
vt 0.823979 -1.79638 
vt 0.826055 -1.76069 
vt 0.847766 -1.893 
vt 0.850829 -1.68051 
vt 0.857538 -1.79319 
vt 0.853425 -1.75739 
vt 0.873039 -1.70234 
vt 0.868143 -1.68217 
vt 0.876412 -1.7533 
vt 0.824328 -1.83353 
vt 0.86183 -1.82901 
vt 0.883593 -1.78714 
vt 0.894727 -1.78341 
vt 0.889948 -1.82007 
vt 0.943715 -1.93277 
vt 0.949836 -1.92571 
vt 0.944207 -1.92212 
vt 0.93779 -1.92653 
vt 0.897548 -1.84513 
vt 0.953112 -1.92887 
vt 0.949836 -1.92571 
vt 0.943715 -1.93277 
vt 0.908613 -1.85957 
vt 0.921998 -1.87505 
vt 0.924771 -1.86673 
vt 0.916578 -1.85359 
vt 0.908965 -1.83793 
vt 0.939469 -1.93832 
vt 0.940793 -1.9121 
vt 0.930034 -1.91583 
vt 0.906025 -1.8827 
vt 0.934141 -1.89555 
vt 0.919467 -1.90029 
vt 0.925715 -1.93044 
vt 0.94967 -1.91532 
vt 0.944601 -1.90229 
vt 0.678813 -1.8229 
vt 0.688106 -1.81564 
vt 0.693211 -1.8266 
vt 0.704601 -1.83994 

usemtl Handle1Mtl

f 27/27/27 28/28/28 29/29/29 
f 29/29/29 30/30/30 27/27/27 
f 33/33/33 34/34/34 35/35/35 
f 35/35/35 36/36/36 33/33/33 
f 41/41/41 42/42/42 43/43/43 
f 43/43/43 44/44/44 41/41/41 
f 41/41/41 44/44/44 45/45/45 
f 29/29/29 48/48/48 49/49/49 
f 49/49/49 30/30/30 29/29/29 
f 65/65/65 66/66/66 36/36/36 
f 36/36/36 67/67/67 65/65/65 
f 64/64/64 36/36/36 35/35/35 
f 63/63/63 67/67/67 36/36/36 
f 36/36/36 64/64/64 63/63/63 
f 68/68/68 69/69/69 70/70/70 
f 71/71/71 72/72/72 73/73/73 
f 73/73/73 74/74/74 71/71/71 
f 75/75/75 73/73/73 72/72/72 
f 68/68/68 70/70/70 77/77/77 
f 77/77/77 78/78/78 68/68/68 
f 74/74/74 79/79/79 80/80/80 
f 80/80/80 71/71/71 74/74/74 
f 83/83/83 81/81/81 82/82/82 
f 89/89/89 90/90/90 91/91/91 
f 92/92/92 89/89/89 91/91/91 
f 67/67/67 94/94/94 65/65/65 
f 55/55/55 97/97/97 98/98/98 
f 98/98/98 56/56/56 55/55/55 
f 36/36/36 66/66/66 33/33/33 
f 102/102/102 43/43/43 42/42/42 
f 42/42/42 96/96/96 102/102/102 
f 97/97/97 103/103/103 104/104/104 
f 104/104/104 98/98/98 97/97/97 
f 53/53/53 105/105/105 106/106/106 
f 106/106/106 54/54/54 53/53/53 
f 100/100/100 99/99/99 43/43/43 
f 43/43/43 102/102/102 100/100/100 
f 34/34/34 59/59/59 60/60/60 
f 60/60/60 35/35/35 34/34/34 
f 109/109/109 102/102/102 96/96/96 
f 96/96/96 101/101/101 109/109/109 
f 105/105/105 110/110/110 111/111/111 
f 111/111/111 106/106/106 105/105/105 
f 108/108/108 100/100/100 102/102/102 
f 102/102/102 109/109/109 108/108/108 
f 110/110/110 116/116/116 117/117/117 
f 117/117/117 111/111/111 110/110/110 
f 103/103/103 114/114/114 118/118/118 
f 118/118/118 119/119/119 103/103/103 
f 108/108/108 109/109/109 122/122/122 
f 116/116/116 124/124/124 125/125/125 
f 125/125/125 117/117/117 116/116/116 
f 121/121/121 126/126/126 127/127/127 
f 127/127/127 120/120/120 121/121/121 
f 123/123/123 129/129/129 130/130/130 
f 130/130/130 114/114/114 123/123/123 
f 131/131/131 132/132/132 125/125/125 
f 125/125/125 124/124/124 131/131/131 
f 133/133/133 127/127/127 126/126/126 
f 126/126/126 134/134/134 133/133/133 
f 137/137/137 138/138/138 136/136/136 
f 139/139/139 140/140/140 141/141/141 
f 143/143/143 144/144/144 145/145/145 
f 128/128/128 146/146/146 129/129/129 
f 129/129/129 123/123/123 128/128/128 
f 147/147/147 148/148/148 132/132/132 
f 132/132/132 131/131/131 147/147/147 
f 149/149/149 133/133/133 134/134/134 
f 134/134/134 150/150/150 149/149/149 
f 141/141/141 144/144/144 143/143/143 
f 143/143/143 139/139/139 141/141/141 
f 138/138/138 137/137/137 152/152/152 
f 142/142/142 154/154/154 146/146/146 
f 146/146/146 128/128/128 142/142/142 
f 155/155/155 156/156/156 148/148/148 
f 148/148/148 147/147/147 155/155/155 
f 135/135/135 143/143/143 145/145/145 
f 145/145/145 157/157/157 135/135/135 
f 158/158/158 159/159/159 149/149/149 
f 149/149/149 150/150/150 158/158/158 
f 161/161/161 57/57/57 58/58/58 
f 138/138/138 162/162/162 163/163/163 
f 163/163/163 136/136/136 138/138/138 
f 37/37/37 135/135/135 157/157/157 
f 157/157/157 38/38/38 37/37/37 
f 164/164/164 30/30/30 49/49/49 
f 153/153/153 165/165/165 162/162/162 
f 162/162/162 138/138/138 153/153/153 
f 156/156/156 155/155/155 28/28/28 
f 28/28/28 27/27/27 156/156/156 
f 140/140/140 139/139/139 39/39/39 
f 39/39/39 115/115/115 140/140/140 
f 167/167/167 168/168/168 159/159/159 
f 159/159/159 158/158/158 167/167/167 
f 169/169/169 161/161/161 160/160/160 
f 136/136/136 163/163/163 171/171/171 
f 168/168/168 167/167/167 83/83/83 
f 83/83/83 82/82/82 168/168/168 
f 173/173/173 174/174/174 169/169/169 
f 169/169/169 170/170/170 173/173/173 
f 175/175/175 176/176/176 90/90/90 
f 90/90/90 89/89/89 175/175/175 
f 90/90/90 171/171/171 163/163/163 
f 163/163/163 91/91/91 90/90/90 
f 175/175/175 89/89/89 177/177/177 
f 177/177/177 178/178/178 175/175/175 
f 174/174/174 173/173/173 180/180/180 
f 180/180/180 181/181/181 174/174/174 
f 171/171/171 90/90/90 176/176/176 
f 103/103/103 119/119/119 104/104/104 
f 181/181/181 180/180/180 183/183/183 
f 183/183/183 184/184/184 181/181/181 
f 94/94/94 67/67/67 62/62/62 
f 62/62/62 182/182/182 94/94/94 
f 184/184/184 183/183/183 86/86/86 
f 86/86/86 87/87/87 184/184/184 
f 114/114/114 130/130/130 118/118/118 
f 70/70/70 69/69/69 75/75/75 
f 75/75/75 72/72/72 70/70/70 
f 142/142/142 52/52/52 51/51/51 
f 51/51/51 154/154/154 142/142/142 
f 152/152/152 188/188/188 40/40/40 
f 137/137/137 189/189/189 188/188/188 
f 188/188/188 152/152/152 137/137/137 
f 112/112/112 122/122/122 190/190/190 
f 190/190/190 191/191/191 112/112/112 
f 190/190/190 188/188/188 189/189/189 
f 189/189/189 191/191/191 190/190/190 
f 162/162/162 93/93/93 91/91/91 
f 91/91/91 163/163/163 162/162/162 
f 165/165/165 93/93/93 162/162/162 
f 197/197/197 199/199/199 198/198/198 
f 205/205/205 204/204/204 203/203/203 
f 210/210/210 208/208/208 206/206/206 
f 213/213/213 214/214/214 212/212/212 
f 200/200/200 196/196/196 198/198/198 
f 202/202/202 223/223/223 210/210/210 
f 210/210/210 207/207/207 202/202/202 
f 223/223/223 225/225/225 226/226/226 
f 226/226/226 210/210/210 223/223/223 
f 224/224/224 226/226/226 225/225/225 
f 225/225/225 192/192/192 224/224/224 
f 198/198/198 199/199/199 215/215/215 
f 227/227/227 228/228/228 222/222/222 
f 222/222/222 221/221/221 227/227/227 
f 219/219/219 218/218/218 229/229/229 
f 229/229/229 230/230/230 219/219/219 
f 231/231/231 227/227/227 221/221/221 
f 221/221/221 220/220/220 231/231/231 
f 220/220/220 219/219/219 230/230/230 
f 230/230/230 231/231/231 220/220/220 
f 246/246/246 243/243/243 242/242/242 
f 255/255/255 256/256/256 257/257/257 
f 257/257/257 258/258/258 255/255/255 
f 260/260/260 261/261/261 262/262/262 
f 263/263/263 264/264/264 265/265/265 
f 266/266/266 267/267/267 268/268/268 
f 269/269/269 270/270/270 271/271/271 
f 265/265/265 264/264/264 272/272/272 
f 273/273/273 274/274/274 275/275/275 
f 275/275/275 276/276/276 273/273/273 
f 277/277/277 278/278/278 279/279/279 
f 284/284/284 281/281/281 283/283/283 
f 287/287/287 288/288/288 258/258/258 
f 289/289/289 290/290/290 291/291/291 
f 292/292/292 293/293/293 294/294/294 
f 294/294/294 295/295/295 292/292/292 
f 296/296/296 246/246/246 245/245/245 
f 297/297/297 300/300/300 301/301/301 
f 301/301/301 298/298/298 297/297/297 
f 300/300/300 304/304/304 305/305/305 
f 305/305/305 301/301/301 300/300/300 
f 306/306/306 302/302/302 298/298/298 
f 298/298/298 301/301/301 306/306/306 
f 246/246/246 296/296/296 308/308/308 
f 308/308/308 309/309/309 246/246/246 
f 301/301/301 305/305/305 310/310/310 
f 310/310/310 306/306/306 301/301/301 
f 311/311/311 312/312/312 302/302/302 
f 302/302/302 306/306/306 311/311/311 
f 249/249/249 307/307/307 314/314/314 
f 306/306/306 310/310/310 319/319/319 
f 319/319/319 311/311/311 306/306/306 
f 314/314/314 313/313/313 250/250/250 
f 250/250/250 247/247/247 314/314/314 
f 307/307/307 315/315/315 321/321/321 
f 321/321/321 314/314/314 307/307/307 
f 321/321/321 320/320/320 313/313/313 
f 313/313/313 314/314/314 321/321/321 
f 325/325/325 321/321/321 315/315/315 
f 315/315/315 322/322/322 325/325/325 
f 329/329/329 330/330/330 316/316/316 
f 325/325/325 324/324/324 320/320/320 
f 320/320/320 321/321/321 325/325/325 
f 322/322/322 327/327/327 333/333/333 
f 333/333/333 325/325/325 322/322/322 
f 335/335/335 336/336/336 330/330/330 
f 330/330/330 329/329/329 335/335/335 
f 337/337/337 309/309/309 338/338/338 
f 331/331/331 341/341/341 333/333/333 
f 333/333/333 327/327/327 331/331/331 
f 333/333/333 332/332/332 324/324/324 
f 324/324/324 325/325/325 333/333/333 
f 328/328/328 334/334/334 335/335/335 
f 335/335/335 329/329/329 328/328/328 
f 335/335/335 343/343/343 344/344/344 
f 344/344/344 336/336/336 335/335/335 
f 339/339/339 346/346/346 341/341/341 
f 341/341/341 331/331/331 339/339/339 
f 341/341/341 340/340/340 332/332/332 
f 332/332/332 333/333/333 341/341/341 
f 334/334/334 342/342/342 343/343/343 
f 343/343/343 335/335/335 334/334/334 
f 343/343/343 348/348/348 349/349/349 
f 349/349/349 344/344/344 343/343/343 
f 243/243/243 337/337/337 351/351/351 
f 339/339/339 345/345/345 353/353/353 
f 353/353/353 346/346/346 339/339/339 
f 346/346/346 283/283/283 340/340/340 
f 340/340/340 341/341/341 346/346/346 
f 348/348/348 343/343/343 342/342/342 
f 342/342/342 347/347/347 348/348/348 
f 355/355/355 349/349/349 348/348/348 
f 348/348/348 356/356/356 355/355/355 
f 253/253/253 350/350/350 352/352/352 
f 358/358/358 351/351/351 337/337/337 
f 345/345/345 235/235/235 361/361/361 
f 361/361/361 353/353/353 345/345/345 
f 284/284/284 283/283/283 346/346/346 
f 346/346/346 353/353/353 284/284/284 
f 282/282/282 281/281/281 277/277/277 
f 277/277/277 280/280/280 282/282/282 
f 354/354/354 356/356/356 348/348/348 
f 348/348/348 347/347/347 354/354/354 
f 286/286/286 355/355/355 356/356/356 
f 356/356/356 362/362/362 286/286/286 
f 357/357/357 360/360/360 352/352/352 
f 352/352/352 350/350/350 357/357/357 
f 366/366/366 367/367/367 351/351/351 
f 351/351/351 358/358/358 366/366/366 
f 235/235/235 367/367/367 269/269/269 
f 269/269/269 361/361/361 235/235/235 
f 370/370/370 284/284/284 353/353/353 
f 353/353/353 361/361/361 370/370/370 
f 281/281/281 284/284/284 278/278/278 
f 278/278/278 277/277/277 281/281/281 
f 356/356/356 354/354/354 279/279/279 
f 279/279/279 362/362/362 356/356/356 
f 363/363/363 369/369/369 360/360/360 
f 360/360/360 357/357/357 363/363/363 
f 365/365/365 366/366/366 358/358/358 
f 270/270/270 367/367/367 366/366/366 
f 295/295/295 294/294/294 372/372/372 
f 372/372/372 373/373/373 295/295/295 
f 271/271/271 370/370/370 361/361/361 
f 361/361/361 269/269/269 271/271/271 
f 284/284/284 370/370/370 376/376/376 
f 376/376/376 278/278/278 284/284/284 
f 362/362/362 279/279/279 278/278/278 
f 278/278/278 275/275/275 362/362/362 
f 369/369/369 363/363/363 371/371/371 
f 371/371/371 374/374/374 369/369/369 
f 293/293/293 270/270/270 366/366/366 
f 366/366/366 365/365/365 293/293/293 
f 271/271/271 270/270/270 264/264/264 
f 264/264/264 263/263/263 271/271/271 
f 373/373/373 378/378/378 379/379/379 
f 379/379/379 295/295/295 373/373/373 
f 375/375/375 374/374/374 380/380/380 
f 380/380/380 381/381/381 375/375/375 
f 370/370/370 271/271/271 263/263/263 
f 263/263/263 376/376/376 370/370/370 
f 275/275/275 278/278/278 376/376/376 
f 376/376/376 276/276/276 275/275/275 
f 285/285/285 290/290/290 289/289/289 
f 374/374/374 371/371/371 377/377/377 
f 377/377/377 380/380/380 374/374/374 
f 292/292/292 264/264/264 270/270/270 
f 270/270/270 293/293/293 292/292/292 
f 382/382/382 379/379/379 378/378/378 
f 378/378/378 383/383/383 382/382/382 
f 384/384/384 292/292/292 295/295/295 
f 295/295/295 379/379/379 384/384/384 
f 381/381/381 380/380/380 385/385/385 
f 385/385/385 233/233/233 381/381/381 
f 265/265/265 276/276/276 376/376/376 
f 376/376/376 263/263/263 265/265/265 
f 290/290/290 285/285/285 274/274/274 
f 274/274/274 386/386/386 290/290/290 
f 380/380/380 377/377/377 291/291/291 
f 291/291/291 385/385/385 380/380/380 
f 267/267/267 264/264/264 292/292/292 
f 292/292/292 384/384/384 267/267/267 
f 387/387/387 384/384/384 379/379/379 
f 379/379/379 382/382/382 387/387/387 
f 266/266/266 272/272/272 264/264/264 
f 264/264/264 267/267/267 266/266/266 
f 272/272/272 273/273/273 276/276/276 
f 276/276/276 265/265/265 272/272/272 
f 386/386/386 274/274/274 273/273/273 
f 273/273/273 388/388/388 386/386/386 
f 385/385/385 291/291/291 386/386/386 
f 386/386/386 389/389/389 385/385/385 
f 261/261/261 267/267/267 384/384/384 
f 384/384/384 387/387/387 261/261/261 
f 388/388/388 273/273/273 272/272/272 
f 272/272/272 266/266/266 388/388/388 
f 389/389/389 386/386/386 388/388/388 
f 388/388/388 390/390/390 389/389/389 
f 237/237/237 351/351/351 367/367/367 
f 367/367/367 235/235/235 237/237/237 
f 390/390/390 388/388/388 266/266/266 
f 266/266/266 268/268/268 390/390/390 
f 232/232/232 287/287/287 257/257/257 
f 392/392/392 390/390/390 268/268/268 
f 268/268/268 393/393/393 392/392/392 
f 260/260/260 393/393/393 267/267/267 
f 267/267/267 261/261/261 260/260/260 
f 287/287/287 232/232/232 234/234/234 
f 234/234/234 288/288/288 287/287/287 
f 394/394/394 392/392/392 393/393/393 
f 393/393/393 260/260/260 394/394/394 
f 395/395/395 394/394/394 260/260/260 
f 260/260/260 262/262/262 395/395/395 
f 288/288/288 234/234/234 392/392/392 
f 392/392/392 394/394/394 288/288/288 
f 398/398/398 288/288/288 394/394/394 
f 394/394/394 395/395/395 398/398/398 
f 396/396/396 399/399/399 401/401/401 
f 288/288/288 398/398/398 401/401/401 
f 401/401/401 258/258/258 288/288/288 
f 399/399/399 400/400/400 407/407/407 
f 407/407/407 401/401/401 399/399/399 
f 274/274/274 286/286/286 362/362/362 
f 362/362/362 275/275/275 274/274/274 
f 386/386/386 291/291/291 290/290/290 
f 401/401/401 407/407/407 255/255/255 
f 255/255/255 258/258/258 401/401/401 
f 400/400/400 406/406/406 411/411/411 
f 411/411/411 407/407/407 400/400/400 
f 256/256/256 255/255/255 412/412/412 
f 412/412/412 413/413/413 256/256/256 
f 409/409/409 404/404/404 402/402/402 
f 402/402/402 408/408/408 409/409/409 
f 410/410/410 405/405/405 409/409/409 
f 409/409/409 416/416/416 410/410/410 
f 406/406/406 410/410/410 416/416/416 
f 416/416/416 411/411/411 406/406/406 
f 407/407/407 411/411/411 412/412/412 
f 412/412/412 255/255/255 407/407/407 
f 412/412/412 414/414/414 415/415/415 
f 415/415/415 413/413/413 412/412/412 
f 416/416/416 409/409/409 408/408/408 
f 408/408/408 414/414/414 416/416/416 
f 411/411/411 416/416/416 414/414/414 
f 414/414/414 412/412/412 411/411/411 
f 390/390/390 392/392/392 234/234/234 
f 234/234/234 389/389/389 390/390/390 
f 267/267/267 393/393/393 268/268/268 
f 309/309/309 337/337/337 243/243/243 
f 243/243/243 246/246/246 309/309/309 
f 389/389/389 234/234/234 233/233/233 
f 233/233/233 385/385/385 389/389/389 
f 269/269/269 367/367/367 270/270/270 
f 294/294/294 293/293/293 365/365/365 
f 365/365/365 364/364/364 294/294/294 
f 294/294/294 364/364/364 368/368/368 
f 368/368/368 372/372/372 294/294/294 
f 309/309/309 308/308/308 419/419/419 
f 419/419/419 338/338/338 309/309/309 
f 311/311/311 319/319/319 420/420/420 
f 420/420/420 421/421/421 311/311/311 
f 312/312/312 311/311/311 421/421/421 
f 421/421/421 417/417/417 312/312/312 
f 296/296/296 417/417/417 421/421/421 
f 421/421/421 308/308/308 296/296/296 
f 308/308/308 421/421/421 420/420/420 
f 420/420/420 419/419/419 308/308/308 
f 422/422/422 423/423/423 424/424/424 
f 425/425/425 426/426/426 427/427/427 
f 427/427/427 428/428/428 425/425/425 
f 429/429/429 430/430/430 431/431/431 
f 431/431/431 432/432/432 429/429/429 
f 453/453/453 454/454/454 455/455/455 
f 457/457/457 458/458/458 459/459/459 
f 452/452/452 457/457/457 459/459/459 
f 422/422/422 460/460/460 423/423/423 
f 446/446/446 464/464/464 465/465/465 
f 465/465/465 444/444/444 446/446/446 
f 466/466/466 444/444/444 465/465/465 
f 464/464/464 446/446/446 467/467/467 
f 467/467/467 446/446/446 443/443/443 
f 443/443/443 468/468/468 467/467/467 
f 468/468/468 443/443/443 441/441/441 
f 441/441/441 440/440/440 468/468/468 
f 469/469/469 470/470/470 430/430/430 
f 430/430/430 429/429/429 469/469/469 
f 471/471/471 472/472/472 473/473/473 
f 438/438/438 437/437/437 475/475/475 
f 475/475/475 476/476/476 438/438/438 
f 435/435/435 434/434/434 479/479/479 
f 479/479/479 480/480/480 435/435/435 
f 475/475/475 481/481/481 482/482/482 
f 475/475/475 482/482/482 474/474/474 
f 486/486/486 487/487/487 480/480/480 
f 480/480/480 479/479/479 486/486/486 
f 488/488/488 489/489/489 487/487/487 
f 487/487/487 486/486/486 488/488/488 
f 490/490/490 426/426/426 482/482/482 
f 482/482/482 491/491/491 490/490/490 
f 492/492/492 493/493/493 484/484/484 
f 484/484/484 483/483/483 492/492/492 
f 494/494/494 495/495/495 496/496/496 
f 497/497/497 498/498/498 489/489/489 
f 489/489/489 488/488/488 497/497/497 
f 478/478/478 477/477/477 499/499/499 
f 499/499/499 500/500/500 478/478/478 
f 496/496/496 495/495/495 500/500/500 
f 500/500/500 499/499/499 496/496/496 
f 501/501/501 502/502/502 493/493/493 
f 493/493/493 492/492/492 501/501/501 
f 497/497/497 503/503/503 504/504/504 
f 504/504/504 498/498/498 497/497/497 
f 506/506/506 507/507/507 502/502/502 
f 502/502/502 501/501/501 506/506/506 
f 508/508/508 509/509/509 495/495/495 
f 495/495/495 494/494/494 508/508/508 
f 454/454/454 504/504/504 503/503/503 
f 503/503/503 455/455/455 454/454/454 
f 510/510/510 511/511/511 507/507/507 
f 507/507/507 506/506/506 510/510/510 
f 512/512/512 429/429/429 432/432/432 
f 432/432/432 439/439/439 512/512/512 
f 510/510/510 513/513/513 514/514/514 
f 514/514/514 511/511/511 510/510/510 
f 515/515/515 509/509/509 508/508/508 
f 429/429/429 512/512/512 516/516/516 
f 516/516/516 469/469/469 429/429/429 
f 458/458/458 514/514/514 513/513/513 
f 513/513/513 459/459/459 458/458/458 
f 469/469/469 516/516/516 518/518/518 
f 518/518/518 519/519/519 469/469/469 
f 517/517/517 509/509/509 515/515/515 
f 515/515/515 520/520/520 517/517/517 
f 491/491/491 482/482/482 481/481/481 
f 470/470/470 469/469/469 519/519/519 
f 519/519/519 522/522/522 470/470/470 
f 518/518/518 523/523/523 524/524/524 
f 524/524/524 519/519/519 518/518/518 
f 519/519/519 524/524/524 528/528/528 
f 528/528/528 522/522/522 519/519/519 
f 461/461/461 458/458/458 457/457/457 
f 526/526/526 462/462/462 531/531/531 
f 524/524/524 527/527/527 533/533/533 
f 533/533/533 528/528/528 524/524/524 
f 427/427/427 426/426/426 490/490/490 
f 529/529/529 530/530/530 535/535/535 
f 535/535/535 536/536/536 529/529/529 
f 462/462/462 463/463/463 538/538/538 
f 538/538/538 531/531/531 462/462/462 
f 460/460/460 533/533/533 527/527/527 
f 527/527/527 423/423/423 460/460/460 
f 536/536/536 540/540/540 537/537/537 
f 537/537/537 529/529/529 536/536/536 
f 463/463/463 539/539/539 541/541/541 
f 541/541/541 538/538/538 463/463/463 
f 445/445/445 444/444/444 466/466/466 
f 466/466/466 543/543/543 445/445/445 
f 537/537/537 540/540/540 545/545/545 
f 545/545/545 450/450/450 537/537/537 
f 546/546/546 541/541/541 539/539/539 
f 539/539/539 542/542/542 546/546/546 
f 543/543/543 449/449/449 448/448/448 
f 550/550/550 551/551/551 450/450/450 
f 450/450/450 545/545/545 550/550/550 
f 553/553/553 546/546/546 542/542/542 
f 542/542/542 547/547/547 553/553/553 
f 447/447/447 460/460/460 422/422/422 
f 560/560/560 561/561/561 551/551/551 
f 551/551/551 550/550/550 560/560/560 
f 562/562/562 553/553/553 547/547/547 
f 547/547/547 552/552/552 562/562/562 
f 451/451/451 551/551/551 561/561/561 
f 561/561/561 563/563/563 451/451/451 
f 564/564/564 561/561/561 560/560/560 
f 560/560/560 565/565/565 564/564/564 
f 563/563/563 561/561/561 564/564/564 
f 564/564/564 567/567/567 563/563/563 
f 568/568/568 564/564/564 565/565/565 
f 565/565/565 569/569/569 568/568/568 
f 555/555/555 554/554/554 571/571/571 
f 571/571/571 572/572/572 555/555/555 
f 569/569/569 573/573/573 574/574/574 
f 574/574/574 568/568/568 569/569/569 
f 575/575/575 567/567/567 564/564/564 
f 576/576/576 571/571/571 554/554/554 
f 554/554/554 556/556/556 576/576/576 
f 572/572/572 571/571/571 577/577/577 
f 577/577/577 578/578/578 572/572/572 
f 579/579/579 580/580/580 557/557/557 
f 557/557/557 570/570/570 579/579/579 
f 581/581/581 574/574/574 573/573/573 
f 573/573/573 582/582/582 581/581/581 
f 583/583/583 577/577/577 571/571/571 
f 571/571/571 576/576/576 583/583/583 
f 578/578/578 577/577/577 584/584/584 
f 584/584/584 585/585/585 578/578/578 
f 584/584/584 581/581/581 582/582/582 
f 582/582/582 585/585/585 584/584/584 
f 551/551/551 451/451/451 450/450/450 
f 558/558/558 557/557/557 580/580/580 
f 586/586/586 570/570/570 566/566/566 
f 579/579/579 570/570/570 586/586/586 
f 602/602/602 603/603/603 599/599/599 
f 600/600/600 599/599/599 604/604/604 
f 604/604/604 605/605/605 600/600/600 
f 599/599/599 603/603/603 606/606/606 
f 606/606/606 604/604/604 599/599/599 
f 594/594/594 608/608/608 598/598/598 
f 609/609/609 610/610/610 611/611/611 
f 611/611/611 608/608/608 609/609/609 
f 607/607/607 612/612/612 613/613/613 
f 614/614/614 609/609/609 608/608/608 
f 608/608/608 594/594/594 614/614/614 
f 615/615/615 616/616/616 617/617/617 
f 617/617/617 618/618/618 615/615/615 
f 619/619/619 620/620/620 616/616/616 
f 616/616/616 615/615/615 619/619/619 
f 623/623/623 624/624/624 622/622/622 
f 625/625/625 626/626/626 596/596/596 
f 596/596/596 595/595/595 625/625/625 
f 627/627/627 626/626/626 625/625/625 
f 625/625/625 628/628/628 627/627/627 
f 612/612/612 645/645/645 644/644/644 
f 594/594/594 593/593/593 646/646/646 
f 646/646/646 614/614/614 594/594/594 
f 606/606/606 647/647/647 648/648/648 
f 648/648/648 604/604/604 606/606/606 
f 649/649/649 650/650/650 651/651/651 
f 651/651/651 652/652/652 649/649/649 
f 653/653/653 655/655/655 648/648/648 
f 647/647/647 653/653/653 648/648/648 
f 652/652/652 651/651/651 657/657/657 
f 657/657/657 658/658/658 652/652/652 
f 660/660/660 615/615/615 618/618/618 
f 661/661/661 662/662/662 663/663/663 
f 663/663/663 664/664/664 661/661/661 
f 638/638/638 635/635/635 665/665/665 
f 666/666/666 597/597/597 589/589/589 
f 589/589/589 590/590/590 666/666/666 
f 667/667/667 664/664/664 663/663/663 
f 663/663/663 668/668/668 667/667/667 
f 661/661/661 664/664/664 670/670/670 
f 667/667/667 669/669/669 670/670/670 
f 670/670/670 664/664/664 667/667/667 
f 628/628/628 674/674/674 675/675/675 
f 676/676/676 626/626/626 627/627/627 
f 674/674/674 679/679/679 678/678/678 
f 682/682/682 629/629/629 680/680/680 
f 680/680/680 681/681/681 682/682/682 
f 635/635/635 631/631/631 683/683/683 
f 688/688/688 689/689/689 686/686/686 
f 690/690/690 689/689/689 688/688/688 
f 688/688/688 691/691/691 690/690/690 
f 692/692/692 690/690/690 691/691/691 
f 691/691/691 693/693/693 692/692/692 
f 611/611/611 639/639/639 598/598/598 
f 598/598/598 608/608/608 611/611/611 
f 695/695/695 692/692/692 693/693/693 
f 693/693/693 696/696/696 695/695/695 
f 694/694/694 689/689/689 690/690/690 
f 690/690/690 692/692/692 694/694/694 
f 634/634/634 633/633/633 643/643/643 
f 697/697/697 695/695/695 696/696/696 
f 696/696/696 698/698/698 697/697/697 
f 659/659/659 700/700/700 701/701/701 
f 658/658/658 657/657/657 659/659/659 
f 659/659/659 701/701/701 658/658/658 
f 702/702/702 654/654/654 653/653/653 
f 653/653/653 703/703/703 702/702/702 
f 593/593/593 702/702/702 703/703/703 
f 703/703/703 646/646/646 593/593/593 
f 700/700/700 644/644/644 645/645/645 
f 645/645/645 701/701/701 700/700/700 
f 706/706/706 707/707/707 708/708/708 
f 708/708/708 709/709/709 706/706/706 
f 711/711/711 712/712/712 713/713/713 
f 713/713/713 714/714/714 711/711/711 
f 704/704/704 715/715/715 716/716/716 
f 716/716/716 717/717/717 704/704/704 
f 715/715/715 718/718/718 719/719/719 
f 719/719/719 716/716/716 715/715/715 
f 719/719/719 720/720/720 721/721/721 
f 721/721/721 716/716/716 719/719/719 
f 706/706/706 722/722/722 723/723/723 
f 723/723/723 724/724/724 706/706/706 
f 724/724/724 725/725/725 707/707/707 
f 707/707/707 706/706/706 724/724/724 
f 722/722/722 706/706/706 709/709/709 
f 737/737/737 738/738/738 739/739/739 
f 739/739/739 740/740/740 737/737/737 
f 738/738/738 737/737/737 741/741/741 
f 743/743/743 744/744/744 745/745/745 
f 745/745/745 746/746/746 743/743/743 
f 747/747/747 746/746/746 745/745/745 
f 745/745/745 748/748/748 747/747/747 
f 744/744/744 749/749/749 750/750/750 
f 750/750/750 745/745/745 744/744/744 
f 751/751/751 752/752/752 753/753/753 
f 753/753/753 754/754/754 751/751/751 
f 753/753/753 755/755/755 756/756/756 
f 756/756/756 757/757/757 753/753/753 
f 758/758/758 750/750/750 749/749/749 
f 749/749/749 759/759/759 758/758/758 
f 750/750/750 710/710/710 748/748/748 
f 748/748/748 745/745/745 750/750/750 
f 755/755/755 753/753/753 752/752/752 
f 752/752/752 760/760/760 755/755/755 
f 755/755/755 758/758/758 759/759/759 
f 759/759/759 756/756/756 755/755/755 
f 710/710/710 750/750/750 758/758/758 
f 769/769/769 770/770/770 771/771/771 
f 770/770/770 720/720/720 754/754/754 
f 754/754/754 771/771/771 770/770/770 
f 753/753/753 757/757/757 771/771/771 
f 771/771/771 754/754/754 753/753/753 
f 721/721/721 772/772/772 773/773/773 
f 716/716/716 721/721/721 717/717/717 
f 774/774/774 720/720/720 719/719/719 
f 778/778/778 779/779/779 780/780/780 
f 780/780/780 781/781/781 778/778/778 
f 782/782/782 779/779/779 778/778/778 
f 782/782/782 783/783/783 779/779/779 
f 784/784/784 779/779/779 783/783/783 
f 783/783/783 785/785/785 784/784/784 
f 787/787/787 791/791/791 731/731/731 
f 731/731/731 730/730/730 787/787/787 
f 792/792/792 727/727/727 731/731/731 
f 731/731/731 791/791/791 792/792/792 
f 790/790/790 789/789/789 793/793/793 
f 790/790/790 793/793/793 791/791/791 
f 787/787/787 790/790/790 791/791/791 
f 795/795/795 792/792/792 791/791/791 
f 791/791/791 793/793/793 795/795/795 
f 796/796/796 794/794/794 739/739/739 
f 739/739/739 738/738/738 796/796/796 
f 798/798/798 796/796/796 738/738/738 
f 738/738/738 742/742/742 798/798/798 
f 800/800/800 801/801/801 714/714/714 
f 714/714/714 713/713/713 800/800/800 
f 802/802/802 799/799/799 794/794/794 
f 794/794/794 796/796/796 802/802/802 
f 803/803/803 802/802/802 796/796/796 
f 770/770/770 769/769/769 804/804/804 
f 805/805/805 705/705/705 704/704/704 
f 704/704/704 806/806/806 805/805/805 
f 802/802/802 805/805/805 807/807/807 
f 807/807/807 799/799/799 802/802/802 
f 720/720/720 751/751/751 754/754/754 
f 720/720/720 774/774/774 751/751/751 
f 805/805/805 802/802/802 803/803/803 
f 803/803/803 705/705/705 805/805/805 
f 806/806/806 704/704/704 717/717/717 
f 717/717/717 809/809/809 806/806/806 
f 806/806/806 810/810/810 807/807/807 
f 807/807/807 805/805/805 806/806/806 
f 809/809/809 717/717/717 721/721/721 
f 721/721/721 773/773/773 809/809/809 
f 809/809/809 813/813/813 810/810/810 
f 810/810/810 806/806/806 809/809/809 
f 815/815/815 816/816/816 711/711/711 
f 711/711/711 714/714/714 815/815/815 
f 773/773/773 819/819/819 813/813/813 
f 813/813/813 809/809/809 773/773/773 
f 801/801/801 814/814/814 815/815/815 
f 815/815/815 714/714/714 801/801/801 
f 820/820/820 816/816/816 815/815/815 
f 815/815/815 822/822/822 820/820/820 
f 812/812/812 822/822/822 815/815/815 
f 815/815/815 814/814/814 812/812/812 
f 822/822/822 826/826/826 818/818/818 
f 818/818/818 820/820/820 822/822/822 
f 821/821/821 826/826/826 822/822/822 
f 822/822/822 812/812/812 821/821/821 
f 818/818/818 826/826/826 718/718/718 
f 718/718/718 715/715/715 818/818/818 
f 777/777/777 781/781/781 780/780/780 
f 723/723/723 829/829/829 827/827/827 
f 827/827/827 824/824/824 723/723/723 
f 826/826/826 821/821/821 830/830/830 
f 830/830/830 718/718/718 826/826/826 
f 774/774/774 719/719/719 718/718/718 
f 718/718/718 830/830/830 774/774/774 
f 831/831/831 775/775/775 780/780/780 
f 780/780/780 832/832/832 831/831/831 
f 833/833/833 834/834/834 829/829/829 
f 829/829/829 723/723/723 833/833/833 
f 752/752/752 751/751/751 774/774/774 
f 774/774/774 830/830/830 752/752/752 
f 835/835/835 832/832/832 780/780/780 
f 780/780/780 779/779/779 835/835/835 
f 836/836/836 837/837/837 834/834/834 
f 834/834/834 833/833/833 836/836/836 
f 781/781/781 829/829/829 834/834/834 
f 834/834/834 778/778/778 781/781/781 
f 835/835/835 779/779/779 784/784/784 
f 784/784/784 839/839/839 835/835/835 
f 840/840/840 841/841/841 837/837/837 
f 837/837/837 836/836/836 840/840/840 
f 778/778/778 834/834/834 837/837/837 
f 837/837/837 782/782/782 778/778/778 
f 842/842/842 843/843/843 839/839/839 
f 782/782/782 837/837/837 841/841/841 
f 841/841/841 783/783/783 782/782/782 
f 841/841/841 844/844/844 785/785/785 
f 785/785/785 783/783/783 841/841/841 
f 721/721/721 720/720/720 845/845/845 
f 845/845/845 772/772/772 721/721/721 
f 846/846/846 840/840/840 836/836/836 
f 836/836/836 845/845/845 846/846/846 
f 841/841/841 840/840/840 847/847/847 
f 847/847/847 844/844/844 841/841/841 
f 757/757/757 765/765/765 769/769/769 
f 769/769/769 771/771/771 757/757/757 
f 846/846/846 845/845/845 720/720/720 
f 720/720/720 770/770/770 846/846/846 
f 724/724/724 723/723/723 824/824/824 
f 824/824/824 823/823/823 724/724/724 
f 849/849/849 847/847/847 840/840/840 
f 840/840/840 846/846/846 849/849/849 
f 850/850/850 851/851/851 852/852/852 
f 852/852/852 853/853/853 850/850/850 
f 854/854/854 849/849/849 846/846/846 
f 846/846/846 770/770/770 854/854/854 
f 855/855/855 856/856/856 857/857/857 
f 777/777/777 827/827/827 829/829/829 
f 829/829/829 781/781/781 777/777/777 
f 858/858/858 859/859/859 860/860/860 
f 860/860/860 861/861/861 858/858/858 
f 804/804/804 858/858/858 854/854/854 
f 854/854/854 770/770/770 804/804/804 
f 833/833/833 723/723/723 722/722/722 
f 722/722/722 772/772/772 833/833/833 
f 861/861/861 862/862/862 854/854/854 
f 854/854/854 858/858/858 861/861/861 
f 852/852/852 864/864/864 865/865/865 
f 865/865/865 853/853/853 852/852/852 
f 767/767/767 850/850/850 853/853/853 
f 853/853/853 768/768/768 767/767/767 
f 866/866/866 859/859/859 858/858/858 
f 858/858/858 804/804/804 866/866/866 
f 865/865/865 864/864/864 867/867/867 
f 867/867/867 868/868/868 865/865/865 
f 865/865/865 762/762/762 768/768/768 
f 768/768/768 853/853/853 865/865/865 
f 845/845/845 836/836/836 833/833/833 
f 833/833/833 772/772/772 845/845/845 
f 761/761/761 866/866/866 804/804/804 
f 804/804/804 765/765/765 761/761/761 
f 868/868/868 867/867/867 859/859/859 
f 859/859/859 866/866/866 868/868/868 
f 868/868/868 763/763/763 762/762/762 
f 762/762/762 865/865/865 868/868/868 
f 773/773/773 772/772/772 736/736/736 
f 736/736/736 819/819/819 773/773/773 
f 763/763/763 868/868/868 866/866/866 
f 866/866/866 761/761/761 763/763/763 
f 864/864/864 870/870/870 871/871/871 
f 870/870/870 864/864/864 852/852/852 
f 852/852/852 851/851/851 870/870/870 
f 725/725/725 724/724/724 823/823/823 
f 873/873/873 872/872/872 874/874/874 
f 793/793/793 874/874/874 872/872/872 
f 872/872/872 795/795/795 793/793/793 
f 874/874/874 793/793/793 789/789/789 
f 789/789/789 875/875/875 874/874/874 
f 874/874/874 707/707/707 725/725/725 
f 725/725/725 873/873/873 874/874/874 
f 875/875/875 708/708/708 707/707/707 
f 707/707/707 874/874/874 875/875/875 

