# This file is brought to you by Roblox Corporation
# Generated by Roblox Studio

mtllib Slap_12.mtl

g Handle1

v -1.31286 5.40587 65.4606 
v -1.13752 5.40356 65.4208 
v -1.07879 4.78234 65.7408 
v -1.21774 4.88776 65.8024 
v -1.30433 4.73351 65.8606 
v -1.20137 4.6038 65.8646 
v -1.70668 4.5812 65.9796 
v -1.72508 6.12978 64.6064 
v -1.52553 6.01381 64.8757 
v -1.6133 6.1306 64.8395 
v -1.68032 6.04898 64.8456 
v -1.56514 5.89534 64.8955 
v -1.62041 6.4327 65.1972 
v -1.5771 6.50571 65.1964 
v -1.32826 5.43554 65.3645 
v -1.72364 4.51013 66.1887 
v -1.68303 5.06017 66.6073 
v -1.72986 5.00133 66.6172 
v -1.66618 4.97552 66.6428 
v -1.62211 5.00618 66.6306 
v -1.58903 5.03886 66.5972 
v -1.74156 5.07814 66.5355 
v -1.77848 5.02104 66.5596 
v -1.40423 4.68183 65.9218 
v -1.31345 4.56211 65.9597 
v -1.40423 4.68183 65.9218 
v -1.30433 4.73351 65.8606 
v -1.42525 4.78529 65.7825 
v -1.42416 6.369 65.6672 
v -1.35379 6.39958 65.6653 
v -1.48052 6.29906 65.6454 
v -1.42416 6.369 65.6672 
v -1.62481 6.24519 64.7404 
v -1.68889 6.2206 64.779 
v -1.68889 6.2206 64.779 
v -1.73629 6.15052 64.8008 
v -1.73531 5.98367 64.7673 
v -1.39004 5.36986 65.0303 
v -1.54089 5.55162 64.8656 
v -1.64902 5.80626 64.8074 
v -1.35677 5.72762 64.95 
v -1.45593 5.90798 64.9022 
v -1.433 5.62738 64.9651 
v -1.34262 5.25123 64.664 
v -1.38793 5.35872 64.6134 
v -1.4587 5.30616 64.6356 
v -1.63893 5.63334 64.421 
v -1.54019 5.49564 64.5194 
v -1.49842 5.59516 64.4794 
v -1.58389 5.70732 64.4014 
v -1.44593 5.49581 64.5364 
v -1.28288 5.12184 64.7234 
v -1.44388 5.16777 64.7334 
v -1.28288 5.12184 64.7234 
v -1.65104 5.75755 64.3292 
v -1.68418 5.70552 64.3557 
v -1.04245 5.29219 65.3742 
v -1.04312 5.36187 65.3306 
v -1.14628 5.41572 65.3778 
v -1.13752 5.40356 65.4208 
v -0.977272 5.16778 65.4538 
v -1.20985 5.34549 65.0233 
v -1.11514 5.28353 64.973 
v -1.04619 3.58511 65.5181 
v -1.39621 3.66677 65.6988 
v -1.25615 3.84775 65.7609 
v -1.37728 3.84369 65.8073 
v -1.58784 3.82824 65.7249 
v -1.53264 3.89112 65.8222 
v -1.2897 5.56629 64.9851 
v -1.58903 5.03886 66.5972 
v -1.76312 4.90356 66.5669 
v -1.44379 6.15867 65.6744 
v -1.37244 6.24354 65.7181 
v -1.62211 5.00618 66.6306 
v -1.58885 4.92836 66.5889 
v -1.77526 4.7749 66.4709 
v -1.66817 4.8965 66.6074 
v -1.3624 5.94967 65.711 
v -1.30882 6.08291 65.7438 
v -1.37244 6.24354 65.7181 
v -1.29191 6.30414 65.6914 
v -1.58232 6.46219 65.0018 
v -1.56544 4.82238 66.4973 
v -1.66647 4.77424 66.521 
v -1.30882 6.08291 65.7438 
v -1.22466 6.15328 65.7044 
v -1.53764 4.73036 66.3973 
v -1.51891 5.1114 64.69 
v -1.30125 5.64531 65.7287 
v -1.14628 5.41572 65.3778 
v -1.26803 5.94431 65.7549 
v -1.16848 5.97971 65.713 
v -1.22124 5.73514 65.7668 
v -1.26803 5.94431 65.7549 
v -1.51689 6.53973 65.1753 
v -1.5771 6.50571 65.1964 
v -1.64956 4.67045 66.4245 
v -1.29352 5.35799 65.7261 
v -1.22124 5.73514 65.7668 
v -1.11705 5.77437 65.7215 
v -1.5095 6.39779 65.2568 
v -1.44263 6.45256 65.2074 
v -1.30304 5.13456 65.7399 
v -1.17271 5.33889 65.7638 
v -1.19283 5.57333 65.7671 
v -1.19283 5.57333 65.7671 
v -1.07927 5.57581 65.7193 
v -1.35205 6.30685 65.2339 
v -1.42361 6.24692 65.2912 
v -1.56796 6.30389 65.2383 
v -1.30199 4.31945 65.9926 
v -1.46324 4.39236 66.1689 
v -1.45521 4.20493 66.0507 
v -1.34388 5.74983 65.3277 
v -1.20817 5.66425 65.3587 
v -1.26431 5.85384 65.3449 
v -1.34293 4.94057 65.7572 
v -1.45643 6.09796 65.2835 
v -1.35507 6.1016 65.3136 
v -1.42361 6.24692 65.2912 
v -1.17708 5.11059 65.7738 
v -1.17271 5.33889 65.7638 
v -1.05262 5.34231 65.7114 
v -1.26307 6.12793 65.2586 
v -1.35507 6.1016 65.3136 
v -1.22456 6.12919 65.1399 
v -1.60404 4.35864 66.1557 
v -1.6175 4.19495 65.9938 
v -1.21774 4.88776 65.8024 
v -1.17708 5.11059 65.7738 
v -1.04939 5.0938 65.7152 
v -1.5095 6.39779 65.2568 
v -1.26431 5.85384 65.3449 
v -1.16944 5.88161 65.2861 
v -1.6133 6.1306 64.8395 
v -1.54838 6.16565 64.7706 
v -1.48197 3.996 65.9138 
v -1.31923 4.03209 65.8963 
v -1.15827 4.3495 65.8493 
v -1.61925 3.97064 65.8279 
v -0.971473 5.12487 65.5903 
v -1.20817 5.66425 65.3587 
v -1.10222 5.63824 65.3044 
v -1.46292 6.0507 64.7965 
v -1.52553 6.01381 64.8757 
v -1.17816 4.07429 65.8094 
v -1.36118 5.40682 65.0965 
v -1.45593 5.90798 64.9022 
v -1.37709 5.91735 64.8273 
v -1.16542 3.60256 65.6488 
v -1.10479 3.8688 65.6662 
v -1.35292 3.36503 65.6432 
v -1.19503 3.35065 65.6293 
v -1.4358 3.31977 65.5052 
v -1.35677 5.72762 64.95 
v -1.28055 5.74058 64.8726 
v -1.20985 5.34549 65.0233 
v -1.2897 5.56629 64.9851 
v -1.19719 5.53368 64.9207 
v -1.03565 5.10516 65.0014 
v -1.58389 5.70732 64.4014 
v -1.43615 5.62003 64.4014 
v -1.60752 4.47607 66.2534 
v -1.48238 4.52651 66.2405 
v -1.62775 4.58065 66.3399 
v -1.50951 4.6398 66.313 
v -1.72364 4.51013 66.1887 
v -1.66618 4.97552 66.6428 
v -1.39004 5.36986 65.0303 
v -1.48776 5.31122 64.9258 
v -1.39621 3.66677 65.6988 
v -1.37728 3.84369 65.8073 
v -1.58784 3.82824 65.7249 
v -1.53264 3.89112 65.8222 
v -1.58328 3.60638 65.503 
v -1.76312 4.90356 66.5669 
v -1.77526 4.7749 66.4709 
v -1.47199 6.14078 65.5689 
v -1.35317 6.24499 65.456 
v -1.44381 6.21943 65.4833 
v -1.56544 4.82238 66.4973 
v -1.66647 4.77424 66.521 
v -1.53764 4.73036 66.3973 
v -1.51891 5.1114 64.69 
v -1.64956 4.67045 66.4245 
v -1.46324 4.39236 66.1689 
v -1.45521 4.20493 66.0507 
v -1.60404 4.35864 66.1557 
v -1.6175 4.19495 65.9938 
v -1.61925 3.97064 65.8279 
v -1.74179 4.03959 65.6541 
v -1.36118 5.40682 65.0965 
v -1.19503 3.35065 65.6293 
v -1.1601 3.31321 65.5134 
v -1.13769 3.29445 65.2985 
v -1.14159 3.28982 65.046 
v -1.18103 3.30867 64.8867 
v -1.76389 4.66807 66.3712 
v -1.60752 4.47607 66.2534 
v -1.7484 4.59787 66.2971 
v -1.62775 4.58065 66.3399 
v -1.4176 3.29186 64.9989 
v -1.33822 3.30787 64.8607 
v -1.35292 3.36503 65.6432 
v -1.4358 3.31977 65.5052 
v -1.47517 3.30725 65.2565 
v -1.18842 5.05859 64.7637 
v -1.18386 5.159 64.7697 
v -1.11453 4.9676 64.7938 
v -1.07879 4.78234 65.7408 
v -1.21774 4.88776 65.8024 
v -1.20137 4.6038 65.8646 
v -1.72508 6.12978 64.6064 
v -1.65835 6.15947 64.591 
v -1.72364 4.51013 66.1887 
v -1.66618 4.97552 66.6428 
v -1.40423 4.68183 65.9218 
v -1.31345 4.56211 65.9597 
v -1.40423 4.68183 65.9218 
v -1.49263 4.71034 65.9764 
v -1.39973 4.63151 66.0267 
v -1.34683 6.41881 65.5874 
v -1.42416 6.369 65.6672 
v -1.35379 6.39958 65.6653 
v -1.3434 6.39228 65.5111 
v -1.40885 6.36434 65.4883 
v -1.64024 6.22566 64.654 
v -1.62481 6.24519 64.7404 
v -1.68889 6.2206 64.779 
v -1.26251 5.20328 64.607 
v -1.34262 5.25123 64.664 
v -1.28288 5.12184 64.7234 
v -1.20223 5.04877 64.6758 
v -1.28288 5.12184 64.7234 
v -1.10859 4.38014 64.7755 
v -1.17971 4.12718 64.7722 
v -1.16717 4.33706 64.7076 
v -0.906688 4.65289 65.3497 
v -0.928216 4.38037 65.2808 
v -0.901652 4.66022 65.2629 
v -0.957309 4.57413 65.0346 
v -1.00559 4.27106 64.9983 
v -0.987031 4.51906 64.9604 
v -0.960158 4.57519 65.5747 
v -0.971058 4.33473 65.5422 
v -0.930795 4.62634 65.4824 
v -0.918024 4.64148 65.1733 
v -0.941361 4.91653 65.1265 
v -1.00823 5.14217 65.0969 
v -0.96262 5.14803 65.2237 
v -0.916484 4.93333 65.2406 
v -1.04245 5.29219 65.3742 
v -0.976312 5.17225 65.3498 
v -1.04312 5.36187 65.3306 
v -1.14628 5.41572 65.3778 
v -1.04031 5.29254 65.4211 
v -1.13752 5.40356 65.4208 
v -1.03211 5.35849 65.4651 
v -0.977272 5.16778 65.4538 
v -1.08725 5.24429 65.0602 
v -1.07555 5.32758 65.0883 
v -1.19084 5.02273 64.7287 
v -1.1436 4.90526 64.7128 
v -1.20985 5.34549 65.0233 
v -1.10118 5.22672 65.0209 
v -1.11514 5.28353 64.973 
v -0.965027 3.8935 65.3015 
v -1.00286 3.90745 65.5202 
v -1.04619 3.58511 65.5181 
v -0.998865 3.56109 65.3086 
v -1.46056 4.72212 66.0823 
v -1.62891 5.09015 66.563 
v -1.58498 5.0603 66.4616 
v -1.64929 4.99719 66.2708 
v -1.58903 5.03886 66.5972 
v -1.5521 4.9909 66.5332 
v -1.55456 4.98528 66.3322 
v -1.64929 4.99719 66.2708 
v -1.62211 5.00618 66.6306 
v -1.58885 4.92836 66.5889 
v -1.52118 4.90616 66.4239 
v -1.29191 6.30414 65.6914 
v -1.42607 4.62413 66.1645 
v -1.37727 4.49741 66.102 
v -1.56544 4.82238 66.4973 
v -1.49417 4.82373 66.3162 
v -1.52952 4.90003 66.2206 
v -1.27993 6.2967 65.5003 
v -1.2597 6.32493 65.5971 
v -1.22466 6.15328 65.7044 
v -1.52073 6.50222 65.0074 
v -1.58232 6.46219 65.0018 
v -1.51891 6.54578 65.0855 
v -1.53764 4.73036 66.3973 
v -1.21218 6.14693 65.4969 
v -1.18509 6.17516 65.6011 
v -1.16848 5.97971 65.713 
v -1.51689 6.53973 65.1753 
v -1.15426 5.97441 65.495 
v -1.12228 5.99383 65.6039 
v -1.22124 5.73514 65.7668 
v -1.11705 5.77437 65.7215 
v -1.44263 6.45256 65.2074 
v -1.41921 6.4579 65.097 
v -1.44749 6.40793 65.0008 
v -1.07927 5.57581 65.7193 
v -1.10304 5.77482 65.4924 
v -1.06758 5.78767 65.6073 
v -1.35205 6.30685 65.2339 
v -1.31881 6.31242 65.1177 
v -1.35572 6.26891 65.0139 
v -1.30199 4.31945 65.9926 
v -1.46324 4.39236 66.1689 
v -1.05262 5.34231 65.7114 
v -1.06704 5.58639 65.4857 
v -1.02777 5.58689 65.604 
v -1.26307 6.12793 65.2586 
v -1.22456 6.12919 65.1399 
v -1.26996 6.09993 65.0312 
v -1.04939 5.0938 65.7152 
v -0.995612 5.35707 65.5938 
v -1.16944 5.88161 65.2861 
v -1.13265 5.87837 65.1631 
v -1.18527 5.85442 65.0503 
v -1.54838 6.16565 64.7706 
v -1.15827 4.3495 65.8493 
v -1.54668 6.13701 64.6611 
v -0.971473 5.12487 65.5903 
v -1.10222 5.63824 65.3044 
v -1.12653 5.60757 65.0713 
v -1.06844 5.62446 65.1836 
v -1.46292 6.0507 64.7965 
v -1.17816 4.07429 65.8094 
v -1.74179 4.03959 65.6541 
v -1.45966 6.01948 64.6804 
v -0.965896 4.86078 65.5934 
v -1.01771 5.35485 65.2058 
v -1.37709 5.91735 64.8273 
v -1.16542 3.60256 65.6488 
v -1.10479 3.8688 65.6662 
v -1.05568 4.16302 65.6819 
v -1.03089 4.44 65.6824 
v -1.19503 3.35065 65.6293 
v -1.36948 5.88126 64.7104 
v -0.934456 4.90776 65.4673 
v -1.28055 5.74058 64.8726 
v -1.1601 3.31321 65.5134 
v -1.13769 3.29445 65.2985 
v -1.27072 5.70312 64.7524 
v -1.34352 5.63496 64.6691 
v -0.920649 4.92933 65.3532 
v -1.19719 5.53368 64.9207 
v -1.14159 3.28982 65.046 
v -1.03919 3.52841 65.0526 
v -1.18462 5.48973 64.8025 
v -1.25953 5.42672 64.716 
v -1.16564 3.50749 64.8634 
v -1.18103 3.30867 64.8867 
v -1.02558 3.82938 65.042 
v -1.11251 5.23984 64.8548 
v -1.03565 5.10516 65.0014 
v -1.17711 3.76495 64.84 
v -0.971427 4.8655 65.017 
v -1.05104 5.02854 64.8901 
v -1.0028 4.79882 64.9215 
v -1.67761 5.6617 64.2089 
v -1.05222 4.72829 64.8358 
v -1.02901 4.46029 64.8927 
v -1.10249 4.66171 64.7425 
v -1.16632 4.60894 64.6566 
v -1.2767 4.8034 64.5455 
v -1.40128 4.81331 64.535 
v -1.18487 4.83465 64.6135 
v -1.29334 4.9634 64.4911 
v -1.32308 5.09668 64.4292 
v -1.21607 4.99955 64.5666 
v -1.5287 5.73686 64.333 
v -1.58389 5.70732 64.4014 
v -1.5228 5.69631 64.2382 
v -1.47573 5.50042 64.2358 
v -1.3622 5.22735 64.3671 
v -1.25617 5.14576 64.505 
v -1.43615 5.62003 64.4014 
v -1.42377 5.57601 64.2965 
v -1.41159 5.3723 64.2995 
v -1.30099 5.2881 64.4396 
v -1.31409 5.34413 64.5431 
v -1.38793 5.35872 64.6134 
v -1.36901 5.48809 64.4714 
v -1.44593 5.49581 64.5364 
v -1.35337 5.43721 64.3685 
v -1.507 4.82806 66.154 
v -1.60752 4.47607 66.2534 
v -1.48238 4.52651 66.2405 
v -1.50951 4.6398 66.313 
v -1.46583 4.73743 66.2334 
v -1.18842 5.05859 64.7637 
v -1.18386 5.159 64.7697 
v -1.11453 4.9676 64.7938 
v -1.31286 5.40587 65.4606 
v -1.28255 5.65692 65.4609 
v -1.16702 5.59723 65.4328 
v -1.13752 5.40356 65.4208 
v -1.59877 6.06083 64.5909 
v -1.67611 5.99815 64.5961 
v -1.72508 6.12978 64.6064 
v -1.65835 6.15947 64.591 
v -1.40423 4.68183 65.9218 
v -1.3434 6.39228 65.5111 
v -1.40885 6.36434 65.4883 
v -1.42416 6.369 65.6672 
v -1.40885 6.36434 65.4883 
v -1.46716 6.30831 65.4906 
v -1.64024 6.22566 64.654 
v -1.72508 6.12978 64.6064 
v -1.76964 6.0754 64.6505 
v -1.62481 6.24519 64.7404 
v -1.72784 5.95313 64.6624 
v -1.50242 5.4978 64.7309 
v -1.45435 5.23379 64.7977 
v -1.62954 5.77563 64.6774 
v -1.28288 5.12184 64.7234 
v -1.44388 5.16777 64.7334 
v -1.28288 5.12184 64.7234 
v -1.17971 4.12718 64.7722 
v -1.16717 4.33706 64.7076 
v -1.00823 5.14217 65.0969 
v -1.04031 5.29254 65.4211 
v -1.13752 5.40356 65.4208 
v -1.03211 5.35849 65.4651 
v -0.977272 5.16778 65.4538 
v -1.08725 5.24429 65.0602 
v -1.19272 5.36609 65.0519 
v -1.07555 5.32758 65.0883 
v -1.29235 5.17178 64.7507 
v -1.20985 5.34549 65.0233 
v -1.53164 3.53238 64.9411 
v -1.56497 3.74271 64.8605 
v -1.54012 5.75812 64.6282 
v -1.44238 5.5739 64.6632 
v -1.37379 5.40965 64.6997 
v -1.60533 5.86509 64.609 
v -1.67611 5.99815 64.5961 
v -1.52505 5.94097 64.6072 
v -1.60533 5.86509 64.609 
v -1.64929 4.99719 66.2708 
v -1.7675 4.93137 66.2736 
v -1.79178 5.00213 66.3371 
v -1.47199 6.14078 65.5689 
v -1.35317 6.24499 65.456 
v -1.44381 6.21943 65.4833 
v -1.58232 6.46219 65.0018 
v -1.62679 6.39434 65.023 
v -1.27993 6.2967 65.5003 
v -1.35317 6.24499 65.456 
v -1.2812 6.07276 65.4458 
v -1.31693 5.90642 65.4659 
v -1.52073 6.50222 65.0074 
v -1.58232 6.46219 65.0018 
v -1.35747 5.37527 65.604 
v -1.21218 6.14693 65.4969 
v -1.2812 6.07276 65.4458 
v -1.15426 5.97441 65.495 
v -1.23689 5.93526 65.4428 
v -1.19364 5.74102 65.438 
v -1.23689 5.93526 65.4428 
v -1.44749 6.40793 65.0008 
v -1.51705 6.33591 64.9758 
v -1.36356 6.05504 64.9929 
v -1.46406 6.05289 65.0275 
v -1.4285 6.18935 64.9808 
v -1.10304 5.77482 65.4924 
v -1.19364 5.74102 65.438 
v -1.51705 6.33591 64.9758 
v -1.57643 6.25789 65.0216 
v -1.35572 6.26891 65.0139 
v -1.4285 6.18935 64.9808 
v -1.06704 5.58639 65.4857 
v -1.16702 5.59723 65.4328 
v -1.22456 6.12919 65.1399 
v -1.26996 6.09993 65.0312 
v -1.36356 6.05504 64.9929 
v -1.28471 5.81007 65.0129 
v -1.3629 5.70984 65.0593 
v -1.18527 5.85442 65.0503 
v -1.28471 5.81007 65.0129 
v -1.54668 6.13701 64.6611 
v -1.12653 5.60757 65.0713 
v -1.23966 5.61716 65.0311 
v -1.23966 5.61716 65.0311 
v -1.45966 6.01948 64.6804 
v -1.36118 5.40682 65.0965 
v -1.36948 5.88126 64.7104 
v -1.44148 5.81056 64.6328 
v -1.19272 5.36609 65.0519 
v -1.28055 5.74058 64.8726 
v -1.54012 5.75812 64.6282 
v -1.27072 5.70312 64.7524 
v -1.34352 5.63496 64.6691 
v -1.20985 5.34549 65.0233 
v -1.4176 3.29186 64.9989 
v -1.25953 5.42672 64.716 
v -1.44238 5.5739 64.6632 
v -1.16564 3.50749 64.8634 
v -1.18103 3.30867 64.8867 
v -1.36133 3.50287 64.8217 
v -1.11251 5.23984 64.8548 
v -1.37379 5.40965 64.6997 
v -1.03565 5.10516 65.0014 
v -1.33822 3.30787 64.8607 
v -1.36133 3.50287 64.8217 
v -1.17711 3.76495 64.84 
v -1.3798 3.7271 64.7806 
v -1.58918 3.99537 64.7947 
v -1.3798 3.7271 64.7806 
v -1.39893 3.99325 64.7218 
v -1.58369 4.32245 64.7374 
v -1.29235 5.17178 64.7507 
v -1.0028 4.79882 64.9215 
v -1.39893 3.99325 64.7218 
v -1.41679 4.28639 64.6486 
v -1.54802 4.64068 64.6868 
v -1.67761 5.6617 64.2089 
v -1.70557 5.62699 64.2539 
v -1.41679 4.28639 64.6486 
v -1.2534 4.30877 64.6642 
v -1.51487 4.88283 64.6261 
v -1.40978 4.58485 64.5905 
v -1.63069 5.69224 64.1828 
v -1.67761 5.6617 64.2089 
v -1.61772 5.75251 64.2244 
v -1.51882 5.17206 64.431 
v -1.42718 5.09164 64.4089 
v -1.40554 4.96464 64.4743 
v -1.40978 4.58485 64.5905 
v -1.26837 4.57895 64.5985 
v -1.40128 4.81331 64.535 
v -1.16632 4.60894 64.6566 
v -1.2767 4.8034 64.5455 
v -1.40128 4.81331 64.535 
v -1.66875 5.53015 64.2811 
v -1.18487 4.83465 64.6135 
v -1.29334 4.9634 64.4911 
v -1.40554 4.96464 64.4743 
v -1.58383 5.37013 64.3342 
v -1.56321 5.61988 64.1878 
v -1.62579 5.56126 64.2103 
v -1.42718 5.09164 64.4089 
v -1.32308 5.09668 64.4292 
v -1.21607 4.99955 64.5666 
v -1.5228 5.69631 64.2382 
v -1.47573 5.50042 64.2358 
v -1.54996 5.43534 64.2507 
v -1.50287 5.33533 64.2957 
v -1.45625 5.1928 64.3609 
v -1.3622 5.22735 64.3671 
v -1.45625 5.1928 64.3609 
v -1.42377 5.57601 64.2965 
v -1.41159 5.3723 64.2995 
v -1.50287 5.33533 64.2957 
v -1.54996 5.43534 64.2507 
v -1.18842 5.05859 64.7637 
v -1.11453 4.9676 64.7938 
v -1.31286 5.40587 65.4606 
v -1.13752 5.40356 65.4208 
v -1.07879 4.78234 65.7408 
v -1.70668 4.5812 65.9796 
v -1.67348 4.74693 66.0472 
v -1.61047 4.69938 65.9569 
v -1.72508 6.12978 64.6064 
v -1.65835 6.15947 64.591 
v -1.32826 5.43554 65.3645 
v -1.65018 4.59049 65.8094 
v -1.68303 5.06017 66.6073 
v -1.72986 5.00133 66.6172 
v -1.66618 4.97552 66.6428 
v -1.58903 5.03886 66.5972 
v -1.62891 5.09015 66.563 
v -1.74156 5.07814 66.5355 
v -1.77848 5.02104 66.5596 
v -1.68268 5.1115 66.5107 
v -1.40423 4.68183 65.9218 
v -1.52581 4.69983 65.8708 
v -1.40423 4.68183 65.9218 
v -1.30433 4.73351 65.8606 
v -1.42525 4.78529 65.7825 
v -1.49263 4.71034 65.9764 
v -1.39973 4.63151 66.0267 
v -1.49263 4.71034 65.9764 
v -1.34683 6.41881 65.5874 
v -1.43438 6.40389 65.5738 
v -1.42416 6.369 65.6672 
v -1.35379 6.39958 65.6653 
v -1.3434 6.39228 65.5111 
v -1.40885 6.36434 65.4883 
v -1.43438 6.40389 65.5738 
v -1.49205 6.30807 65.5632 
v -1.40885 6.36434 65.4883 
v -1.46716 6.30831 65.4906 
v -1.72721 6.21138 64.6828 
v -1.64024 6.22566 64.654 
v -1.62481 6.24519 64.7404 
v -1.68889 6.2206 64.779 
v -1.39004 5.36986 65.0303 
v -1.48776 5.31122 64.9258 
v -1.45435 5.23379 64.7977 
v -1.58389 5.70732 64.4014 
v -1.28288 5.12184 64.7234 
v -1.20223 5.04877 64.6758 
v -1.44388 5.16777 64.7334 
v -1.28288 5.12184 64.7234 
v -1.68418 5.70552 64.3557 
v -1.50665 5.11276 64.7803 
v -1.55178 4.76658 65.5666 
v -1.04245 5.29219 65.3742 
v -1.13752 5.40356 65.4208 
v -1.03211 5.35849 65.4651 
v -1.19084 5.02273 64.7287 
v -1.46056 4.72212 66.0823 
v -1.55668 4.77911 66.0426 
v -1.55668 4.77911 66.0426 
v -1.67158 5.0805 66.4071 
v -1.77293 5.0413 66.4292 
v -1.68268 5.1115 66.5107 
v -1.62891 5.09015 66.563 
v -1.58498 5.0603 66.4616 
v -1.67158 5.0805 66.4071 
v -1.64929 4.99719 66.2708 
v -1.7675 4.93137 66.2736 
v -1.79178 5.00213 66.3371 
v -1.58903 5.03886 66.5972 
v -1.55456 4.98528 66.3322 
v -1.64929 4.99719 66.2708 
v -1.52952 4.90003 66.2206 
v -1.2597 6.32493 65.5971 
v -1.52073 6.50222 65.0074 
v -1.58232 6.46219 65.0018 
v -1.60167 6.52006 65.092 
v -1.51891 6.54578 65.0855 
v -1.51891 5.1114 64.69 
v -1.14628 5.41572 65.3778 
v -1.51689 6.53973 65.1753 
v -1.5771 6.50571 65.1964 
v -1.44263 6.45256 65.2074 
v -1.41921 6.4579 65.097 
v -1.46324 4.39236 66.1689 
v -1.22456 6.12919 65.1399 
v -1.21774 4.88776 65.8024 
v -1.6133 6.1306 64.8395 
v -1.54838 6.16565 64.7706 
v -1.54668 6.13701 64.6611 
v -0.971473 5.12487 65.5903 
v -1.46292 6.0507 64.7965 
v -1.52553 6.01381 64.8757 
v -1.36118 5.40682 65.0965 
v -1.19272 5.36609 65.0519 
v -1.20985 5.34549 65.0233 
v -1.29235 5.17178 64.7507 
v -1.0028 4.79882 64.9215 
v -1.67761 5.6617 64.2089 
v -1.63069 5.69224 64.1828 
v -1.67761 5.6617 64.2089 
v -1.68071 5.72986 64.2578 
v -1.61772 5.75251 64.2244 
v -1.60467 5.78349 64.2916 
v -1.65104 5.75755 64.3292 
v -1.5287 5.73686 64.333 
v -1.58389 5.70732 64.4014 
v -1.5228 5.69631 64.2382 
v -1.43615 5.62003 64.4014 
v -1.49842 5.59516 64.4794 
v -1.36901 5.48809 64.4714 
v -1.44593 5.49581 64.5364 
v -1.35337 5.43721 64.3685 
v -1.507 4.82806 66.154 
v -1.59916 4.88819 66.1489 
v -1.72846 4.83267 66.1655 
v -1.59916 4.88819 66.1489 
v -1.31286 5.40587 65.4606 
v -1.28255 5.65692 65.4609 
v -1.70668 4.5812 65.9796 
v -1.74747 4.62767 66.1058 
v -1.67348 4.74693 66.0472 
v -1.61047 4.69938 65.9569 
v -1.68032 6.04898 64.8456 
v -1.62041 6.4327 65.1972 
v -1.5771 6.50571 65.1964 
v -1.60167 6.52006 65.092 
v -1.64502 6.42075 65.1078 
v -1.32826 5.43554 65.3645 
v -1.41689 5.24288 65.3891 
v -1.40602 5.21594 65.4835 
v -1.39991 5.43477 65.2263 
v -1.44421 5.26174 65.2318 
v -1.49469 5.1191 65.1403 
v -1.46823 5.06327 65.4461 
v -1.65018 4.59049 65.8094 
v -1.72285 4.32128 65.8185 
v -1.71439 4.4263 66.0589 
v -1.72364 4.51013 66.1887 
v -1.68303 5.06017 66.6073 
v -1.72986 5.00133 66.6172 
v -1.66618 4.97552 66.6428 
v -1.58903 5.03886 66.5972 
v -1.74156 5.07814 66.5355 
v -1.77848 5.02104 66.5596 
v -1.68268 5.1115 66.5107 
v -1.40423 4.68183 65.9218 
v -1.52581 4.69983 65.8708 
v -1.40423 4.68183 65.9218 
v -1.42525 4.78529 65.7825 
v -1.43438 6.40389 65.5738 
v -1.49205 6.30807 65.5632 
v -1.48052 6.29906 65.6454 
v -1.42416 6.369 65.6672 
v -1.40885 6.36434 65.4883 
v -1.46716 6.30831 65.4906 
v -1.72508 6.12978 64.6064 
v -1.76964 6.0754 64.6505 
v -1.77208 6.12122 64.7269 
v -1.72721 6.21138 64.6828 
v -1.68889 6.2206 64.779 
v -1.73629 6.15052 64.8008 
v -1.72784 5.95313 64.6624 
v -1.73531 5.98367 64.7673 
v -1.45737 5.23156 65.0798 
v -1.39004 5.36986 65.0303 
v -1.48776 5.31122 64.9258 
v -1.50562 5.16796 64.9734 
v -1.54089 5.55162 64.8656 
v -1.50242 5.4978 64.7309 
v -1.45435 5.23379 64.7977 
v -1.64902 5.80626 64.8074 
v -1.62954 5.77563 64.6774 
v -1.433 5.62738 64.9651 
v -1.4587 5.30616 64.6356 
v -1.63893 5.63334 64.421 
v -1.54019 5.49564 64.5194 
v -1.58389 5.70732 64.4014 
v -1.44388 5.16777 64.7334 
v -1.28288 5.12184 64.7234 
v -1.65104 5.75755 64.3292 
v -1.68418 5.70552 64.3557 
v -1.50665 5.11276 64.7803 
v -1.53425 5.04133 64.8481 
v -1.50831 5.13516 64.8483 
v -1.55178 4.76658 65.5666 
v -1.4416 4.97848 65.6116 
v -1.44106 5.25591 65.1405 
v -1.39621 3.66677 65.6988 
v -1.37728 3.84369 65.8073 
v -1.58784 3.82824 65.7249 
v -1.7345 3.83709 65.3399 
v -1.65599 3.63957 65.207 
v -1.58328 3.60638 65.503 
v -1.69661 3.82757 65.553 
v -1.7219 3.819 65.1923 
v -1.6811 3.78972 65.0435 
v -1.53164 3.53238 64.9411 
v -1.56497 3.74271 64.8605 
v -1.44238 5.5739 64.6632 
v -1.77293 5.0413 66.4292 
v -1.64929 4.99719 66.2708 
v -1.7675 4.93137 66.2736 
v -1.79178 5.00213 66.3371 
v -1.81104 4.94877 66.4845 
v -1.76312 4.90356 66.5669 
v -1.81751 4.83112 66.3696 
v -1.44379 6.15867 65.6744 
v -1.77526 4.7749 66.4709 
v -1.47199 6.14078 65.5689 
v -1.35317 6.24499 65.456 
v -1.44381 6.21943 65.4833 
v -1.3624 5.94967 65.711 
v -1.58232 6.46219 65.0018 
v -1.62679 6.39434 65.023 
v -1.40453 5.90937 65.5803 
v -1.31693 5.90642 65.4659 
v -1.51891 5.1114 64.69 
v -1.36087 5.63913 65.5911 
v -1.35747 5.37527 65.604 
v -1.30125 5.64531 65.7287 
v -1.22124 5.73514 65.7668 
v -1.38811 5.16635 65.6215 
v -1.29352 5.35799 65.7261 
v -1.36356 6.05504 64.9929 
v -1.46406 6.05289 65.0275 
v -1.30304 5.13456 65.7399 
v -1.57643 6.25789 65.0216 
v -1.60657 6.25372 65.1337 
v -1.56796 6.30389 65.2383 
v -1.46324 4.39236 66.1689 
v -1.34388 5.74983 65.3277 
v -1.34293 4.94057 65.7572 
v -1.45643 6.09796 65.2835 
v -1.3629 5.70984 65.0593 
v -1.51351 6.03151 65.1625 
v -1.60404 4.35864 66.1557 
v -1.6175 4.19495 65.9938 
v -1.21774 4.88776 65.8024 
v -1.42359 5.71764 65.1976 
v -1.61925 3.97064 65.8279 
v -0.971473 5.12487 65.5903 
v -1.74179 4.03959 65.6541 
v -1.36118 5.40682 65.0965 
v -1.35292 3.36503 65.6432 
v -1.4358 3.31977 65.5052 
v -1.70805 4.39814 65.5053 
v -1.76375 4.07638 65.4196 
v -1.47517 3.30725 65.2565 
v -1.69049 4.41168 65.2131 
v -1.74209 4.06683 65.1965 
v -1.20985 5.34549 65.0233 
v -1.4176 3.29186 64.9989 
v -1.67037 4.38088 64.9453 
v -1.70031 4.03492 64.9781 
v -1.36133 3.50287 64.8217 
v -1.33822 3.30787 64.8607 
v -1.58918 3.99537 64.7947 
v -1.58404 4.77073 65.2103 
v -1.59974 4.72704 64.9111 
v -1.58369 4.32245 64.7374 
v -1.41679 4.28639 64.6486 
v -1.54802 4.64068 64.6868 
v -1.68071 5.72986 64.2578 
v -1.67761 5.6617 64.2089 
v -1.70557 5.62699 64.2539 
v -1.70824 5.66956 64.3051 
v -1.51487 4.88283 64.6261 
v -1.63069 5.69224 64.1828 
v -1.67761 5.6617 64.2089 
v -1.68071 5.72986 64.2578 
v -1.50483 5.02238 64.5378 
v -1.51882 5.17206 64.431 
v -1.42718 5.09164 64.4089 
v -1.40554 4.96464 64.4743 
v -1.40128 4.81331 64.535 
v -1.60467 5.78349 64.2916 
v -1.66875 5.53015 64.2811 
v -1.67855 5.56614 64.3669 
v -1.54461 5.24599 64.5585 
v -1.58383 5.37013 64.3342 
v -1.60657 5.416 64.4512 
v -1.58389 5.70732 64.4014 
v -1.62579 5.56126 64.2103 
v -1.54996 5.43534 64.2507 
v -1.76389 4.66807 66.3712 
v -1.7484 4.59787 66.2971 
v -1.79068 4.70376 66.2564 
v -1.72846 4.83267 66.1655 

vn -0.220472 0.0314961 -0.976378 
vn -0.220472 0.023622 -0.976378 
vn 0.661417 0.0393701 0.748031 
vn 0.456693 0.0787402 0.889764 
vn 0.401575 0.338583 0.850394 
vn 0.606299 0.188976 0.779528 
vn -0.92126 0.244094 -0.299213 
vn -0.141732 -0.0393701 -0.992126 
vn -0.125984 0.19685 0.968504 
vn -0.19685 0.267717 0.944882 
vn -0.141732 0.19685 0.968504 
vn -0.110236 0.212598 0.968504 
vn -0.858268 0.456693 0.228346 
vn -0.826772 0.496063 0.259843 
vn -0.874016 0.377953 0.299213 
vn -0.818898 -0.496063 0.275591 
vn -0.181102 0.637795 0.748031 
vn -0.417323 0.480315 0.771654 
vn -0.110236 0.362205 0.92126 
vn 0.102362 0.496063 0.866142 
vn 0.220472 0.614173 0.755906 
vn -0.425197 0.724409 0.543307 
vn -0.503937 0.590551 0.629921 
vn 0.267717 0.472441 0.84252 
vn 0.685039 0.322835 0.653543 
vn 0.267717 0.472441 0.84252 
vn 0.401575 0.338583 0.850394 
vn -0.0944882 0.795276 0.606299 
vn -0.299213 0.913386 0.275591 
vn -0.385827 0.905512 0.188976 
vn -0.818898 0.519685 0.228346 
vn -0.299213 0.913386 0.275591 
vn -0.283465 0.96063 -0.0551181 
vn -0.338583 0.944882 0.0393701 
vn -0.338583 0.944882 0.0393701 
vn -0.795276 0.582677 0.149606 
vn -0.889764 -0.267717 0.370079 
vn -0.748031 0.511811 0.417323 
vn -0.952756 -0.251969 -0.173228 
vn -0.905512 -0.433071 -0.015748 
vn -0.0708661 0.204724 0.976378 
vn -0.0787402 0.204724 0.976378 
vn -0.0866142 0.212598 0.976378 
vn -0.023622 0.417323 0.905512 
vn -0.0551181 0.448819 0.889764 
vn 0.023622 0.496063 0.866142 
vn -0.291339 0.448819 0.84252 
vn -0.19685 0.433071 0.88189 
vn -0.220472 0.433071 0.874016 
vn -0.314961 0.480315 0.818898 
vn -0.149606 0.456693 0.88189 
vn 0.708661 0.511811 0.480315 
vn 0.141732 0.527559 0.834646 
vn 0.708661 0.511811 0.480315 
vn -0.346457 0.590551 0.732283 
vn -0.354331 0.551181 0.755906 
vn 0.818898 0.496063 0.283465 
vn 0.80315 0.330709 0.496063 
vn 0.551181 0.448819 0.700787 
vn -0.220472 0.023622 -0.976378 
vn 0.968504 0.244094 -0.0393701 
vn 0.645669 0.582677 0.496063 
vn 0.866142 0.440945 0.244094 
vn 0.874016 -0.220472 0.425197 
vn -0.204724 -0.425197 0.88189 
vn 0.409449 -0.385827 0.826772 
vn 0.0944882 -0.551181 0.826772 
vn -0.574803 -0.559055 0.598425 
vn -0.299213 -0.637795 0.708661 
vn -0.0551181 0.188976 0.976378 
vn 0.220472 0.614173 0.755906 
vn -0.866142 -0.133858 0.480315 
vn -0.551181 0.0314961 0.834646 
vn -0.19685 0.15748 0.968504 
vn 0.102362 0.496063 0.866142 
vn 0.661417 -0.299213 0.692913 
vn -0.92126 -0.212598 0.322835 
vn -0.425197 -0.330709 0.84252 
vn -0.472441 -0.0314961 0.88189 
vn -0.472441 -0.0314961 0.88189 
vn -0.19685 0.15748 0.968504 
vn -0.00787402 0.330709 0.944882 
vn -0.850394 0.377953 -0.354331 
vn 0.905512 -0.15748 0.393701 
vn -0.354331 -0.535433 0.76378 
vn -0.472441 -0.0314961 0.88189 
vn 0.220472 0.220472 0.952756 
vn 0.92126 -0.141732 0.362205 
vn -0.716535 0.685039 0.0866142 
vn -0.913386 -0.141732 0.377953 
vn 0.551181 0.448819 0.700787 
vn 0.330709 0.173228 0.929134 
vn 0.322835 0.15748 0.929134 
vn -0.409449 -0.0314961 0.913386 
vn 0.330709 0.173228 0.929134 
vn -0.370079 0.913386 0.165354 
vn -0.826772 0.496063 0.259843 
vn 0.456693 -0.574803 0.677165 
vn -0.866142 0.0551181 0.496063 
vn -0.409449 -0.0314961 0.913386 
vn 0.362205 0.102362 0.929134 
vn 0.267717 0.456693 0.850394 
vn 0.133858 0.511811 0.850394 
vn -0.535433 0.125984 0.834646 
vn -0.283465 0.015748 0.96063 
vn -0.330709 -0.023622 0.944882 
vn -0.330709 -0.023622 0.944882 
vn 0.385827 0.0393701 0.92126 
vn 0.346457 0.385827 0.858268 
vn 0.354331 0.393701 0.850394 
vn -0.850394 -0.283465 0.448819 
vn 0.685039 -0.141732 0.716535 
vn 0.433071 -0.417323 0.795276 
vn 0.188976 -0.519685 0.834646 
vn -0.23622 0.023622 0.968504 
vn -0.149606 0.0708661 0.984252 
vn -0.251969 0.023622 0.968504 
vn -0.503937 0.314961 0.80315 
vn -0.283465 0.015748 0.96063 
vn -0.283465 0.015748 0.96063 
vn 0.354331 0.393701 0.850394 
vn -0.251969 0.102362 0.96063 
vn -0.283465 0.015748 0.96063 
vn 0.685039 0.0551181 0.724409 
vn 0.417323 0.322835 0.850394 
vn -0.283465 0.015748 0.96063 
vn 0.818898 0.370079 -0.440945 
vn -0.346457 -0.622047 0.700787 
vn -0.622047 -0.511811 0.598425 
vn 0.456693 0.0787402 0.889764 
vn -0.251969 0.102362 0.96063 
vn 0.661417 0.023622 0.755906 
vn 0.267717 0.456693 0.850394 
vn -0.251969 0.023622 0.968504 
vn 0.464567 0.23622 0.858268 
vn -0.19685 0.267717 0.944882 
vn 0.299213 0.645669 0.700787 
vn -0.0944882 -0.551181 0.826772 
vn 0.417323 -0.409449 0.811024 
vn 0.740157 -0.023622 0.669291 
vn -0.661417 -0.448819 0.598425 
vn 0.952756 0.0787402 0.291339 
vn -0.149606 0.0708661 0.984252 
vn 0.488189 0.188976 0.850394 
vn 0.511811 0.535433 0.669291 
vn -0.125984 0.19685 0.968504 
vn 0.661417 -0.244094 0.708661 
vn -0.937008 0.125984 -0.330709 
vn -0.0787402 0.204724 0.976378 
vn 0.566929 0.496063 0.653543 
vn 0.472441 -0.204724 0.858268 
vn 0.708661 -0.19685 0.677165 
vn 0.11811 -0.11811 0.984252 
vn 0.0787402 -0.0866142 0.992126 
vn -0.826772 -0.425197 0.377953 
vn -0.0708661 0.204724 0.976378 
vn 0.598425 0.440945 0.669291 
vn 0.645669 0.582677 0.496063 
vn -0.0551181 0.188976 0.976378 
vn 0.84252 0.385827 0.370079 
vn 0.905512 0.307087 -0.291339 
vn -0.314961 0.480315 0.818898 
vn 0.464567 0.653543 0.598425 
vn -0.102362 -0.629921 0.76378 
vn 0.606299 -0.299213 0.732283 
vn -0.307087 -0.708661 0.637795 
vn 0.433071 -0.535433 0.724409 
vn -0.818898 -0.496063 0.275591 
vn -0.110236 0.362205 0.92126 
vn -0.748031 0.511811 0.417323 
vn -0.850394 0.377953 0.362205 
vn -0.204724 -0.425197 0.88189 
vn 0.0944882 -0.551181 0.826772 
vn -0.574803 -0.559055 0.598425 
vn -0.299213 -0.637795 0.708661 
vn -0.795276 -0.464567 0.385827 
vn -0.866142 -0.133858 0.480315 
vn -0.92126 -0.212598 0.322835 
vn -0.96063 -0.19685 -0.188976 
vn -0.251969 0.0787402 -0.968504 
vn -0.291339 0 -0.96063 
vn 0.905512 -0.15748 0.393701 
vn -0.354331 -0.535433 0.76378 
vn 0.92126 -0.141732 0.362205 
vn -0.716535 0.685039 0.0866142 
vn 0.456693 -0.574803 0.677165 
vn 0.433071 -0.417323 0.795276 
vn 0.188976 -0.519685 0.834646 
vn -0.346457 -0.622047 0.700787 
vn -0.622047 -0.511811 0.598425 
vn -0.661417 -0.448819 0.598425 
vn -0.944882 -0.181102 0.259843 
vn -0.937008 0.125984 -0.330709 
vn 0.0787402 -0.0866142 0.992126 
vn 0.874016 -0.401575 0.275591 
vn 0.897638 -0.448819 0.0393701 
vn 0.92126 -0.322835 -0.212598 
vn 0.96063 -0.102362 -0.251969 
vn -0.307087 -0.692913 0.653543 
vn -0.102362 -0.629921 0.76378 
vn -0.322835 -0.716535 0.614173 
vn -0.307087 -0.708661 0.637795 
vn -0.874016 -0.456693 -0.165354 
vn -0.84252 -0.204724 -0.503937 
vn 0.11811 -0.11811 0.984252 
vn -0.826772 -0.425197 0.377953 
vn -0.88189 -0.472441 0 
vn 0.354331 0.0393701 -0.937008 
vn 0.488189 0.0393701 -0.874016 
vn 0.787402 0.204724 -0.582677 
vn 0.661417 0.0393701 0.748031 
vn 0.456693 0.0787402 0.889764 
vn 0.606299 0.188976 0.779528 
vn -0.141732 -0.0393701 -0.992126 
vn -0.181102 -0.102362 -0.976378 
vn -0.818898 -0.496063 0.275591 
vn -0.110236 0.362205 0.92126 
vn 0.267717 0.472441 0.84252 
vn 0.685039 0.322835 0.653543 
vn 0.267717 0.472441 0.84252 
vn 0.480315 0.795276 0.362205 
vn 0.795276 0.559055 0.244094 
vn -0.283465 0.913386 0.299213 
vn -0.299213 0.913386 0.275591 
vn -0.385827 0.905512 0.188976 
vn -0.165354 0.897638 -0.401575 
vn -0.204724 0.866142 -0.456693 
vn -0.283465 0.850394 -0.440945 
vn -0.283465 0.96063 -0.0551181 
vn -0.338583 0.944882 0.0393701 
vn 0.700787 0.527559 0.488189 
vn -0.023622 0.417323 0.905512 
vn 0.708661 0.511811 0.480315 
vn 0.897638 0.448819 0 
vn 0.708661 0.511811 0.480315 
vn 0.826772 -0.149606 -0.543307 
vn 0.598425 -0.212598 -0.771654 
vn 0.661417 -0.204724 -0.724409 
vn 0.992126 -0.0314961 0.11811 
vn 0.992126 -0.102362 -0.0393701 
vn 1 -0.023622 -0.0629921 
vn 0.952756 -0.0472441 -0.291339 
vn 0.92126 -0.125984 -0.377953 
vn 0.913386 -0.0708661 -0.401575 
vn 0.905512 -0.0393701 0.417323 
vn 0.944882 -0.0866142 0.307087 
vn 0.976378 -0.0393701 0.220472 
vn 0.976378 -0.0393701 -0.220472 
vn 0.952756 0.133858 -0.283465 
vn 0.866142 0.283465 -0.409449 
vn 0.96063 0.228346 -0.133858 
vn 0.984252 0.125984 -0.0944882 
vn 0.818898 0.496063 0.283465 
vn 0.952756 0.307087 0.0787402 
vn 0.80315 0.330709 0.496063 
vn 0.551181 0.448819 0.700787 
vn 0.708661 0.330709 -0.622047 
vn -0.220472 0.023622 -0.976378 
vn 0.779528 0.283465 -0.559055 
vn 0.968504 0.244094 -0.0393701 
vn 0.637795 0.370079 -0.677165 
vn 0.645669 0.188976 -0.740157 
vn 0.818898 0.496063 -0.291339 
vn 0.889764 0.188976 -0.425197 
vn 0.645669 0.582677 0.496063 
vn 0.645669 0.582677 0.496063 
vn 0.866142 0.440945 0.244094 
vn 0.992126 -0.0944882 -0.015748 
vn 0.929134 -0.11811 0.354331 
vn 0.874016 -0.220472 0.425197 
vn 0.96063 -0.259843 0.0393701 
vn 0.80315 0.574803 -0.15748 
vn 0.0551181 0.795276 0.606299 
vn 0.385827 0.905512 -0.173228 
vn -0.330709 0.566929 -0.755906 
vn 0.220472 0.614173 0.755906 
vn 0.80315 0.582677 0.11811 
vn 0.401575 0.818898 -0.417323 
vn -0.330709 0.566929 -0.755906 
vn 0.102362 0.496063 0.866142 
vn 0.661417 -0.299213 0.692913 
vn 0.92126 0.385827 -0.015748 
vn -0.00787402 0.330709 0.944882 
vn 0.92126 0.173228 0.346457 
vn 0.834646 0.0551181 0.543307 
vn 0.905512 -0.15748 0.393701 
vn 0.937008 0.354331 -0.0472441 
vn 0.929134 0.354331 -0.0629921 
vn 0.259843 0.330709 -0.905512 
vn 0.834646 0.543307 0.0393701 
vn 0.220472 0.220472 0.952756 
vn -0.370079 0.771654 -0.519685 
vn -0.850394 0.377953 -0.354331 
vn -0.307087 0.929134 -0.204724 
vn 0.92126 -0.141732 0.362205 
vn 0.409449 0.220472 -0.889764 
vn 0.826772 0.409449 0.393701 
vn 0.322835 0.15748 0.929134 
vn -0.370079 0.913386 0.165354 
vn 0.464567 0.165354 -0.866142 
vn 0.866142 0.299213 0.401575 
vn -0.409449 -0.0314961 0.913386 
vn 0.362205 0.102362 0.929134 
vn 0.133858 0.511811 0.850394 
vn 0.76378 0.622047 -0.15748 
vn 0.669291 0.559055 -0.488189 
vn 0.385827 0.0393701 0.92126 
vn 0.480315 0.125984 -0.866142 
vn 0.889764 0.204724 0.409449 
vn 0.346457 0.385827 0.858268 
vn 0.755906 0.456693 -0.464567 
vn 0.755906 0.456693 -0.464567 
vn 0.685039 -0.141732 0.716535 
vn 0.433071 -0.417323 0.795276 
vn 0.685039 0.0551181 0.724409 
vn 0.472441 0.125984 -0.874016 
vn 0.984252 0.15748 0.0629921 
vn 0.417323 0.322835 0.850394 
vn 0.818898 0.370079 -0.440945 
vn 0.818898 0.370079 -0.440945 
vn 0.661417 0.023622 0.755906 
vn 0.984252 0.149606 0.11811 
vn 0.464567 0.23622 0.858268 
vn 0.850394 0.267717 -0.456693 
vn 0.850394 0.267717 -0.448819 
vn 0.299213 0.645669 0.700787 
vn 0.740157 -0.023622 0.669291 
vn 0.700787 0.519685 -0.496063 
vn 0.952756 0.0787402 0.291339 
vn 0.488189 0.188976 0.850394 
vn 0.866142 0.173228 -0.464567 
vn 0.968504 0.204724 -0.133858 
vn 0.511811 0.535433 0.669291 
vn 0.661417 -0.244094 0.708661 
vn -0.944882 -0.181102 0.259843 
vn 0.574803 0.275591 -0.771654 
vn 0.897638 0 0.433071 
vn 0.96063 0.23622 -0.15748 
vn 0.566929 0.496063 0.653543 
vn 0.472441 -0.204724 0.858268 
vn 0.708661 -0.19685 0.677165 
vn 0.834646 -0.11811 0.535433 
vn 0.834646 -0.0314961 0.551181 
vn 0.0787402 -0.0866142 0.992126 
vn 0.598425 0.228346 -0.771654 
vn 0.984252 0.0708661 0.173228 
vn 0.598425 0.440945 0.669291 
vn 0.874016 -0.401575 0.275591 
vn 0.897638 -0.448819 0.0393701 
vn 0.653543 0.188976 -0.732283 
vn 0.677165 0.15748 -0.724409 
vn 0.984252 0.125984 0.0866142 
vn 0.84252 0.385827 0.370079 
vn 0.92126 -0.322835 -0.212598 
vn 0.92126 -0.220472 -0.322835 
vn 0.889764 0.228346 -0.393701 
vn 0.716535 0.0944882 -0.692913 
vn 0.88189 -0.244094 -0.401575 
vn 0.96063 -0.102362 -0.251969 
vn 0.913386 -0.0787402 -0.393701 
vn 0.88189 0.19685 -0.433071 
vn 0.905512 0.307087 -0.291339 
vn 0.818898 -0.0393701 -0.574803 
vn 0.937008 0.110236 -0.330709 
vn 0.866142 0.173228 -0.472441 
vn 0.889764 0.0629921 -0.448819 
vn -0.779528 0.338583 -0.527559 
vn 0.866142 0.0393701 -0.503937 
vn 0.874016 -0.102362 -0.480315 
vn 0.850394 -0.015748 -0.519685 
vn 0.692913 -0.11811 -0.716535 
vn 0.362205 -0.204724 -0.905512 
vn -0.669291 -0.19685 -0.716535 
vn 0.779528 -0.023622 -0.629921 
vn 0.110236 -0.362205 -0.92126 
vn 0.181102 -0.393701 -0.897638 
vn 0.866142 0.0629921 -0.496063 
vn 0.251969 0.771654 0.582677 
vn -0.314961 0.480315 0.818898 
vn 0.645669 0.488189 -0.582677 
vn 0.0393701 -0.307087 -0.952756 
vn 0.19685 -0.370079 -0.913386 
vn 0.755906 -0.102362 -0.645669 
vn 0.464567 0.653543 0.598425 
vn 0.637795 0.165354 -0.755906 
vn 0.173228 -0.354331 -0.92126 
vn 0.779528 -0.0393701 -0.629921 
vn 0.653543 0.511811 0.551181 
vn -0.0551181 0.448819 0.889764 
vn 0.559055 0.566929 0.606299 
vn -0.149606 0.456693 0.88189 
vn 0.76378 0 -0.645669 
vn 0.472441 0.677165 -0.566929 
vn -0.102362 -0.629921 0.76378 
vn 0.606299 -0.299213 0.732283 
vn 0.433071 -0.535433 0.724409 
vn 0.913386 -0.0866142 0.401575 
vn 0.354331 0.0393701 -0.937008 
vn 0.488189 0.0393701 -0.874016 
vn 0.787402 0.204724 -0.582677 
vn -0.220472 0.0314961 -0.976378 
vn -0.220472 0.0314961 -0.976378 
vn -0.220472 0.0314961 -0.976378 
vn -0.220472 0.023622 -0.976378 
vn -0.0551181 -0.0629921 -1 
vn -0.102362 0.0393701 -0.992126 
vn -0.141732 -0.0393701 -0.992126 
vn -0.181102 -0.102362 -0.976378 
vn 0.267717 0.472441 0.84252 
vn -0.165354 0.897638 -0.401575 
vn -0.204724 0.866142 -0.456693 
vn -0.299213 0.913386 0.275591 
vn -0.204724 0.866142 -0.456693 
vn -0.677165 0.700787 -0.228346 
vn -0.283465 0.850394 -0.440945 
vn -0.141732 -0.0393701 -0.992126 
vn -0.84252 0.448819 -0.299213 
vn -0.283465 0.96063 -0.0551181 
vn -0.92126 -0.393701 0.0314961 
vn -0.937008 -0.322835 -0.125984 
vn -0.968504 -0.204724 -0.125984 
vn -0.897638 -0.440945 -0.0393701 
vn 0.708661 0.511811 0.480315 
vn 0.141732 0.527559 0.834646 
vn 0.708661 0.511811 0.480315 
vn 0.598425 -0.212598 -0.771654 
vn 0.661417 -0.204724 -0.724409 
vn 0.866142 0.283465 -0.409449 
vn 0.708661 0.330709 -0.622047 
vn -0.220472 0.023622 -0.976378 
vn 0.779528 0.283465 -0.559055 
vn 0.968504 0.244094 -0.0393701 
vn 0.637795 0.370079 -0.677165 
vn 0.322835 0.0472441 -0.944882 
vn 0.645669 0.188976 -0.740157 
vn 0.165354 -0.102362 -0.984252 
vn 0.645669 0.582677 0.496063 
vn -0.866142 -0.425197 -0.267717 
vn -0.834646 -0.307087 -0.456693 
vn -0.496063 -0.417323 -0.755906 
vn -0.456693 -0.370079 -0.811024 
vn -0.448819 -0.370079 -0.811024 
vn -0.559055 -0.401575 -0.724409 
vn -0.102362 0.0393701 -0.992126 
vn 0.0393701 -0.0866142 -0.992126 
vn -0.559055 -0.401575 -0.724409 
vn -0.330709 0.566929 -0.755906 
vn -0.330709 0.566929 -0.755906 
vn -0.330709 0.566929 -0.755906 
vn -0.96063 -0.19685 -0.188976 
vn -0.251969 0.0787402 -0.968504 
vn -0.291339 0 -0.96063 
vn -0.850394 0.377953 -0.354331 
vn -0.834646 0.448819 -0.322835 
vn 0.259843 0.330709 -0.905512 
vn -0.251969 0.0787402 -0.968504 
vn -0.275591 -0.0551181 -0.96063 
vn -0.543307 -0.102362 -0.834646 
vn -0.370079 0.771654 -0.519685 
vn -0.850394 0.377953 -0.354331 
vn -0.976378 0.125984 0.165354 
vn 0.409449 0.220472 -0.889764 
vn -0.275591 -0.0551181 -0.96063 
vn 0.464567 0.165354 -0.866142 
vn 0.464567 0.165354 -0.866142 
vn -0.244094 -0.015748 -0.968504 
vn 0.464567 0.165354 -0.866142 
vn 0.669291 0.559055 -0.488189 
vn 0.0944882 0.244094 -0.968504 
vn -0.314961 -0.23622 -0.92126 
vn -0.322835 -0.204724 -0.92126 
vn -0.346457 -0.228346 -0.913386 
vn 0.480315 0.125984 -0.866142 
vn -0.244094 -0.015748 -0.968504 
vn 0.0944882 0.244094 -0.968504 
vn -0.401575 -0.212598 -0.889764 
vn 0.755906 0.456693 -0.464567 
vn -0.346457 -0.228346 -0.913386 
vn 0.472441 0.125984 -0.874016 
vn -0.220472 0.0314961 -0.976378 
vn 0.818898 0.370079 -0.440945 
vn 0.818898 0.370079 -0.440945 
vn -0.314961 -0.23622 -0.92126 
vn -0.322835 -0.181102 -0.929134 
vn -0.322835 -0.181102 -0.929134 
vn 0.850394 0.267717 -0.448819 
vn -0.322835 -0.181102 -0.929134 
vn 0.700787 0.519685 -0.496063 
vn 0.866142 0.173228 -0.464567 
vn 0.338583 0 -0.937008 
vn 0.338583 0 -0.937008 
vn 0.574803 0.275591 -0.771654 
vn -0.937008 0.125984 -0.330709 
vn 0.598425 0.228346 -0.771654 
vn 0.598425 0.23622 -0.76378 
vn 0.322835 0.0472441 -0.944882 
vn 0.598425 0.440945 0.669291 
vn -0.496063 -0.417323 -0.755906 
vn 0.653543 0.188976 -0.732283 
vn 0.677165 0.15748 -0.724409 
vn 0.645669 0.582677 0.496063 
vn -0.874016 -0.456693 -0.165354 
vn 0.716535 0.0944882 -0.692913 
vn -0.456693 -0.370079 -0.811024 
vn 0.88189 -0.244094 -0.401575 
vn 0.96063 -0.102362 -0.251969 
vn -0.677165 -0.354331 -0.637795 
vn 0.88189 0.19685 -0.433071 
vn -0.448819 -0.370079 -0.811024 
vn 0.905512 0.307087 -0.291339 
vn -0.84252 -0.204724 -0.503937 
vn -0.677165 -0.354331 -0.637795 
vn 0.818898 -0.0393701 -0.574803 
vn -0.496063 -0.291339 -0.818898 
vn -0.858268 -0.204724 -0.472441 
vn -0.496063 -0.291339 -0.818898 
vn -0.370079 -0.251969 -0.897638 
vn -0.897638 0 -0.440945 
vn 0.165354 -0.102362 -0.984252 
vn 0.889764 0.0629921 -0.448819 
vn -0.370079 -0.251969 -0.897638 
vn -0.440945 -0.181102 -0.88189 
vn -0.952756 0.0944882 -0.291339 
vn -0.779528 0.338583 -0.527559 
vn -0.92126 0.23622 -0.314961 
vn -0.440945 -0.181102 -0.88189 
vn 0.291339 -0.299213 -0.905512 
vn -0.984252 0.0708661 -0.165354 
vn -0.551181 -0.0944882 -0.826772 
vn -0.590551 0.488189 -0.637795 
vn -0.779528 0.338583 -0.527559 
vn -0.511811 0.700787 -0.488189 
vn -0.590551 -0.503937 -0.629921 
vn -0.614173 -0.472441 -0.629921 
vn -0.661417 -0.377953 -0.645669 
vn -0.551181 -0.0944882 -0.826772 
vn 0.291339 -0.204724 -0.937008 
vn -0.669291 -0.19685 -0.716535 
vn 0.692913 -0.11811 -0.716535 
vn 0.362205 -0.204724 -0.905512 
vn -0.669291 -0.19685 -0.716535 
vn -0.913386 -0.393701 0.0629921 
vn 0.779528 -0.023622 -0.629921 
vn 0.110236 -0.362205 -0.92126 
vn -0.661417 -0.377953 -0.645669 
vn -0.92126 -0.385827 -0.015748 
vn -0.244094 -0.19685 -0.952756 
vn -0.0866142 -0.251969 -0.968504 
vn -0.614173 -0.472441 -0.629921 
vn 0.181102 -0.393701 -0.897638 
vn 0.866142 0.0629921 -0.496063 
vn 0.645669 0.488189 -0.582677 
vn 0.0393701 -0.307087 -0.952756 
vn 0.110236 -0.330709 -0.937008 
vn -0.543307 -0.503937 -0.669291 
vn -0.574803 -0.488189 -0.653543 
vn 0.19685 -0.370079 -0.913386 
vn -0.574803 -0.488189 -0.653543 
vn 0.637795 0.165354 -0.755906 
vn 0.173228 -0.354331 -0.92126 
vn -0.543307 -0.503937 -0.669291 
vn 0.110236 -0.330709 -0.937008 
vn 0.354331 0.0393701 -0.937008 
vn 0.787402 0.204724 -0.582677 
vn -0.220472 0.0314961 -0.976378 
vn -0.220472 0.023622 -0.976378 
vn 0.661417 0.0393701 0.748031 
vn -0.92126 0.244094 -0.299213 
vn -0.755906 0.370079 -0.543307 
vn -0.653543 0.590551 -0.472441 
vn -0.141732 -0.0393701 -0.992126 
vn -0.181102 -0.102362 -0.976378 
vn -0.874016 0.377953 0.299213 
vn -0.850394 0.503937 -0.11811 
vn -0.181102 0.637795 0.748031 
vn -0.417323 0.480315 0.771654 
vn -0.110236 0.362205 0.92126 
vn 0.220472 0.614173 0.755906 
vn 0.0551181 0.795276 0.606299 
vn -0.425197 0.724409 0.543307 
vn -0.503937 0.590551 0.629921 
vn -0.212598 0.866142 0.456693 
vn 0.267717 0.472441 0.84252 
vn -0.456693 0.771654 -0.448819 
vn 0.267717 0.472441 0.84252 
vn 0.401575 0.338583 0.850394 
vn -0.0944882 0.795276 0.606299 
vn 0.480315 0.795276 0.362205 
vn 0.795276 0.559055 0.244094 
vn 0.480315 0.795276 0.362205 
vn -0.283465 0.913386 0.299213 
vn -0.212598 0.905512 0.362205 
vn -0.299213 0.913386 0.275591 
vn -0.385827 0.905512 0.188976 
vn -0.165354 0.897638 -0.401575 
vn -0.204724 0.866142 -0.456693 
vn -0.212598 0.905512 0.362205 
vn -0.850394 0.496063 0.173228 
vn -0.204724 0.866142 -0.456693 
vn -0.677165 0.700787 -0.228346 
vn -0.370079 0.661417 -0.653543 
vn -0.283465 0.850394 -0.440945 
vn -0.283465 0.96063 -0.0551181 
vn -0.338583 0.944882 0.0393701 
vn -0.748031 0.511811 0.417323 
vn -0.850394 0.377953 0.362205 
vn -0.968504 -0.204724 -0.125984 
vn -0.314961 0.480315 0.818898 
vn 0.708661 0.511811 0.480315 
vn 0.897638 0.448819 0 
vn 0.141732 0.527559 0.834646 
vn 0.708661 0.511811 0.480315 
vn -0.354331 0.551181 0.755906 
vn -0.874016 0.480315 -0.0708661 
vn -0.88189 0.433071 0.181102 
vn 0.818898 0.496063 0.283465 
vn -0.220472 0.023622 -0.976378 
vn 0.779528 0.283465 -0.559055 
vn 0.818898 0.496063 -0.291339 
vn 0.80315 0.574803 -0.15748 
vn 0.566929 0.779528 -0.259843 
vn 0.566929 0.779528 -0.259843 
vn -0.401575 0.866142 -0.299213 
vn -0.700787 0.692913 -0.173228 
vn -0.212598 0.866142 0.456693 
vn 0.0551181 0.795276 0.606299 
vn 0.385827 0.905512 -0.173228 
vn -0.401575 0.866142 -0.299213 
vn -0.330709 0.566929 -0.755906 
vn -0.330709 0.566929 -0.755906 
vn -0.330709 0.566929 -0.755906 
vn 0.220472 0.614173 0.755906 
vn 0.401575 0.818898 -0.417323 
vn -0.330709 0.566929 -0.755906 
vn 0.929134 0.354331 -0.0629921 
vn 0.834646 0.543307 0.0393701 
vn -0.370079 0.771654 -0.519685 
vn -0.850394 0.377953 -0.354331 
vn -0.866142 0.448819 0.220472 
vn -0.307087 0.929134 -0.204724 
vn -0.716535 0.685039 0.0866142 
vn 0.551181 0.448819 0.700787 
vn -0.370079 0.913386 0.165354 
vn -0.826772 0.496063 0.259843 
vn 0.133858 0.511811 0.850394 
vn 0.76378 0.622047 -0.15748 
vn 0.433071 -0.417323 0.795276 
vn 0.818898 0.370079 -0.440945 
vn 0.456693 0.0787402 0.889764 
vn -0.19685 0.267717 0.944882 
vn 0.299213 0.645669 0.700787 
vn 0.700787 0.519685 -0.496063 
vn 0.952756 0.0787402 0.291339 
vn 0.511811 0.535433 0.669291 
vn -0.125984 0.19685 0.968504 
vn -0.937008 0.125984 -0.330709 
vn 0.322835 0.0472441 -0.944882 
vn 0.645669 0.582677 0.496063 
vn 0.165354 -0.102362 -0.984252 
vn 0.889764 0.0629921 -0.448819 
vn -0.779528 0.338583 -0.527559 
vn -0.590551 0.488189 -0.637795 
vn -0.779528 0.338583 -0.527559 
vn -0.771654 0.574803 -0.283465 
vn -0.511811 0.700787 -0.488189 
vn -0.511811 0.84252 -0.188976 
vn -0.346457 0.590551 0.732283 
vn 0.251969 0.771654 0.582677 
vn -0.314961 0.480315 0.818898 
vn 0.645669 0.488189 -0.582677 
vn 0.464567 0.653543 0.598425 
vn -0.220472 0.433071 0.874016 
vn 0.559055 0.566929 0.606299 
vn -0.149606 0.456693 0.88189 
vn 0.76378 0 -0.645669 
vn 0.472441 0.677165 -0.566929 
vn 0.433071 0.716535 -0.543307 
vn -0.889764 0.125984 -0.433071 
vn 0.433071 0.716535 -0.543307 
vn -0.220472 0.0314961 -0.976378 
vn -0.220472 0.0314961 -0.976378 
vn -0.92126 0.244094 -0.299213 
vn -0.96063 0.0314961 -0.283465 
vn -0.755906 0.370079 -0.543307 
vn -0.653543 0.590551 -0.472441 
vn -0.141732 0.19685 0.968504 
vn -0.858268 0.456693 0.228346 
vn -0.826772 0.496063 0.259843 
vn -0.866142 0.448819 0.220472 
vn -0.889764 0.417323 0.188976 
vn -0.874016 0.377953 0.299213 
vn -0.897638 0.385827 0.212598 
vn -0.929134 0.338583 0.165354 
vn -0.984252 0.11811 0.133858 
vn -0.944882 0.307087 0.11811 
vn -0.952756 0.283465 0.0944882 
vn -0.929134 0.307087 0.19685 
vn -0.850394 0.503937 -0.11811 
vn -0.992126 -0.0314961 0.11811 
vn -0.937008 -0.307087 0.181102 
vn -0.818898 -0.496063 0.275591 
vn -0.181102 0.637795 0.748031 
vn -0.417323 0.480315 0.771654 
vn -0.110236 0.362205 0.92126 
vn 0.220472 0.614173 0.755906 
vn -0.425197 0.724409 0.543307 
vn -0.503937 0.590551 0.629921 
vn -0.212598 0.866142 0.456693 
vn 0.267717 0.472441 0.84252 
vn -0.456693 0.771654 -0.448819 
vn 0.267717 0.472441 0.84252 
vn -0.0944882 0.795276 0.606299 
vn -0.212598 0.905512 0.362205 
vn -0.850394 0.496063 0.173228 
vn -0.818898 0.519685 0.228346 
vn -0.299213 0.913386 0.275591 
vn -0.204724 0.866142 -0.456693 
vn -0.677165 0.700787 -0.228346 
vn -0.141732 -0.0393701 -0.992126 
vn -0.84252 0.448819 -0.299213 
vn -0.88189 0.354331 -0.314961 
vn -0.370079 0.661417 -0.653543 
vn -0.338583 0.944882 0.0393701 
vn -0.795276 0.582677 0.149606 
vn -0.92126 -0.393701 0.0314961 
vn -0.889764 -0.267717 0.370079 
vn -0.897638 0.401575 0.188976 
vn -0.748031 0.511811 0.417323 
vn -0.850394 0.377953 0.362205 
vn -0.976378 0.188976 0.11811 
vn -0.952756 -0.251969 -0.173228 
vn -0.937008 -0.322835 -0.125984 
vn -0.968504 -0.204724 -0.125984 
vn -0.905512 -0.433071 -0.015748 
vn -0.897638 -0.440945 -0.0393701 
vn -0.0866142 0.212598 0.976378 
vn 0.023622 0.496063 0.866142 
vn -0.291339 0.448819 0.84252 
vn -0.19685 0.433071 0.88189 
vn -0.314961 0.480315 0.818898 
vn 0.141732 0.527559 0.834646 
vn 0.708661 0.511811 0.480315 
vn -0.346457 0.590551 0.732283 
vn -0.354331 0.551181 0.755906 
vn -0.874016 0.480315 -0.0708661 
vn -0.976378 0.19685 -0.0393701 
vn -0.952756 0.283465 -0.133858 
vn -0.88189 0.433071 0.181102 
vn -0.84252 0.314961 0.440945 
vn -0.929134 0.377953 -0.0314961 
vn -0.204724 -0.425197 0.88189 
vn 0.0944882 -0.551181 0.826772 
vn -0.574803 -0.559055 0.598425 
vn -0.96063 -0.267717 0.0551181 
vn -0.897638 -0.433071 -0.0472441 
vn -0.795276 -0.464567 0.385827 
vn -0.874016 -0.385827 0.291339 
vn -0.968504 -0.220472 -0.125984 
vn -0.905512 -0.267717 -0.322835 
vn -0.866142 -0.425197 -0.267717 
vn -0.834646 -0.307087 -0.456693 
vn -0.456693 -0.370079 -0.811024 
vn -0.700787 0.692913 -0.173228 
vn -0.330709 0.566929 -0.755906 
vn -0.330709 0.566929 -0.755906 
vn -0.330709 0.566929 -0.755906 
vn -0.976378 0.0708661 0.19685 
vn -0.866142 -0.133858 0.480315 
vn -1 -0.0787402 -0.0393701 
vn -0.551181 0.0314961 0.834646 
vn -0.92126 -0.212598 0.322835 
vn -0.96063 -0.19685 -0.188976 
vn -0.251969 0.0787402 -0.968504 
vn -0.291339 0 -0.96063 
vn -0.472441 -0.0314961 0.88189 
vn -0.850394 0.377953 -0.354331 
vn -0.834646 0.448819 -0.322835 
vn -0.897638 -0.267717 0.346457 
vn -0.543307 -0.102362 -0.834646 
vn -0.716535 0.685039 0.0866142 
vn -0.897638 0.0551181 -0.433071 
vn -0.976378 0.125984 0.165354 
vn -0.913386 -0.141732 0.377953 
vn -0.409449 -0.0314961 0.913386 
vn -0.88189 0.188976 0.425197 
vn -0.866142 0.0551181 0.496063 
vn -0.314961 -0.23622 -0.92126 
vn -0.322835 -0.204724 -0.92126 
vn -0.535433 0.125984 0.834646 
vn -0.401575 -0.212598 -0.889764 
vn -0.937008 -0.338583 0.102362 
vn -0.850394 -0.283465 0.448819 
vn 0.433071 -0.417323 0.795276 
vn -0.23622 0.023622 0.968504 
vn -0.503937 0.314961 0.80315 
vn -0.283465 0.015748 0.96063 
vn -0.322835 -0.181102 -0.929134 
vn -0.80315 -0.267717 0.527559 
vn -0.346457 -0.622047 0.700787 
vn -0.622047 -0.511811 0.598425 
vn 0.456693 0.0787402 0.889764 
vn -0.818898 -0.173228 0.543307 
vn -0.661417 -0.448819 0.598425 
vn 0.952756 0.0787402 0.291339 
vn -0.944882 -0.181102 0.259843 
vn -0.937008 0.125984 -0.330709 
vn 0.11811 -0.11811 0.984252 
vn -0.826772 -0.425197 0.377953 
vn -0.968504 0.244094 0 
vn -1 0.00787402 0.015748 
vn -0.88189 -0.472441 0 
vn -0.976378 0.212598 -0.0629921 
vn -0.992126 0.023622 -0.125984 
vn 0.645669 0.582677 0.496063 
vn -0.874016 -0.456693 -0.165354 
vn -0.96063 0.110236 -0.244094 
vn -0.937008 -0.0708661 -0.346457 
vn -0.677165 -0.354331 -0.637795 
vn -0.84252 -0.204724 -0.503937 
vn -0.858268 -0.204724 -0.472441 
vn -0.952756 0.291339 0.0472441 
vn -0.976378 0.19685 -0.11811 
vn -0.897638 0 -0.440945 
vn -0.440945 -0.181102 -0.88189 
vn -0.952756 0.0944882 -0.291339 
vn -0.771654 0.574803 -0.283465 
vn -0.779528 0.338583 -0.527559 
vn -0.92126 0.23622 -0.314961 
vn -0.937008 0.23622 -0.244094 
vn -0.984252 0.0708661 -0.165354 
vn -0.590551 0.488189 -0.637795 
vn -0.779528 0.338583 -0.527559 
vn -0.771654 0.574803 -0.283465 
vn -0.629921 -0.464567 -0.622047 
vn -0.590551 -0.503937 -0.629921 
vn -0.614173 -0.472441 -0.629921 
vn -0.661417 -0.377953 -0.645669 
vn -0.669291 -0.19685 -0.716535 
vn -0.511811 0.84252 -0.188976 
vn -0.913386 -0.393701 0.0629921 
vn -0.92126 -0.204724 0.338583 
vn -0.984252 -0.173228 -0.0472441 
vn -0.92126 -0.385827 -0.015748 
vn -0.92126 -0.377953 -0.015748 
vn -0.314961 0.480315 0.818898 
vn -0.0866142 -0.251969 -0.968504 
vn 0.110236 -0.330709 -0.937008 
vn -0.307087 -0.692913 0.653543 
vn -0.322835 -0.716535 0.614173 
vn -0.984252 -0.110236 -0.149606 
vn -0.889764 0.125984 -0.433071 

vt -1.90578 2.75991 
vt -1.92769 2.7602 
vt -1.93504 2.83785 
vt -1.91767 2.82467 
vt -1.90684 2.84396 
vt -1.91971 2.86017 
vt -1.85655 2.863 
vt -1.85425 2.66942 
vt -1.87919 2.68392 
vt -1.86822 2.66932 
vt -1.85984 2.67952 
vt -1.87424 2.69873 
vt -1.86733 2.63156 
vt -1.87274 2.62243 
vt -1.90385 2.7562 
vt -1.85443 2.87188 
vt -1.85951 2.80312 
vt -1.85365 2.81048 
vt -1.86161 2.81371 
vt -1.86712 2.80987 
vt -1.87126 2.80579 
vt -1.85219 2.80088 
vt -1.84758 2.80801 
vt -1.89436 2.85042 
vt -1.90571 2.86538 
vt -1.89436 2.85042 
vt -1.90684 2.84396 
vt -1.89173 2.83748 
vt -1.89186 2.63952 
vt -1.90066 2.6357 
vt -1.88482 2.64826 
vt -1.89186 2.63952 
vt -1.86678 2.655 
vt -1.85877 2.65807 
vt -1.85877 2.65807 
vt -1.85284 2.66683 
vt -1.85297 2.68769 
vt -1.89613 2.76441 
vt -1.87727 2.74169 
vt -1.86375 2.70986 
vt -1.90029 2.71969 
vt -1.88789 2.69715 
vt -1.89076 2.73222 
vt -1.90205 2.77924 
vt -1.89639 2.7658 
vt -1.88754 2.77237 
vt -1.86501 2.73148 
vt -1.87736 2.74869 
vt -1.88258 2.73625 
vt -1.87189 2.72223 
vt -1.88914 2.74867 
vt -1.90952 2.79541 
vt -1.8894 2.78967 
vt -1.90952 2.79541 
vt -1.8635 2.71595 
vt -1.85936 2.72246 
vt -1.93958 2.77412 
vt -1.93949 2.76541 
vt -1.9266 2.75868 
vt -1.92769 2.7602 
vt -1.94773 2.78967 
vt -1.91865 2.76746 
vt -1.93049 2.7752 
vt -1.93911 2.98751 
vt -1.89536 2.9773 
vt -1.91287 2.95468 
vt -1.89773 2.95518 
vt -1.87141 2.95712 
vt -1.87831 2.94925 
vt -1.90867 2.73986 
vt -1.87126 2.80579 
vt -1.8495 2.8227 
vt -1.88941 2.66581 
vt -1.89833 2.6552 
vt -1.86712 2.80987 
vt -1.87128 2.8196 
vt -1.84798 2.83878 
vt -1.86137 2.82358 
vt -1.89958 2.69194 
vt -1.90628 2.67528 
vt -1.89833 2.6552 
vt -1.90839 2.64763 
vt -1.87209 2.62787 
vt -1.87421 2.83285 
vt -1.86158 2.83887 
vt -1.90628 2.67528 
vt -1.9168 2.66648 
vt -1.87768 2.84435 
vt -1.88002 2.79672 
vt -1.90723 2.72998 
vt -1.9266 2.75868 
vt -1.91138 2.69261 
vt -1.92382 2.68818 
vt -1.91723 2.71875 
vt -1.91138 2.69261 
vt -1.88027 2.61818 
vt -1.87274 2.62243 
vt -1.86369 2.85184 
vt -1.90819 2.7659 
vt -1.91723 2.71875 
vt -1.93025 2.71385 
vt -1.88119 2.63592 
vt -1.88955 2.62907 
vt -1.90701 2.79382 
vt -1.9233 2.76828 
vt -1.92078 2.73898 
vt -1.92078 2.73898 
vt -1.93498 2.73867 
vt -1.90088 2.64729 
vt -1.89193 2.65478 
vt -1.87389 2.64766 
vt -1.90714 2.89571 
vt -1.88698 2.8866 
vt -1.88799 2.91003 
vt -1.9019 2.71692 
vt -1.91886 2.72761 
vt -1.91184 2.70391 
vt -1.90202 2.81807 
vt -1.88783 2.6734 
vt -1.9005 2.67295 
vt -1.89193 2.65478 
vt -1.92275 2.79682 
vt -1.9233 2.76828 
vt -1.93831 2.76786 
vt -1.912 2.66965 
vt -1.9005 2.67295 
vt -1.91681 2.6695 
vt -1.86938 2.89082 
vt -1.8677 2.91128 
vt -1.91767 2.82467 
vt -1.92275 2.79682 
vt -1.93871 2.79892 
vt -1.88119 2.63592 
vt -1.91184 2.70391 
vt -1.9237 2.70044 
vt -1.86822 2.66932 
vt -1.87633 2.66494 
vt -1.88464 2.93615 
vt -1.90498 2.93163 
vt -1.9251 2.89196 
vt -1.86748 2.93932 
vt -1.94845 2.79503 
vt -1.91886 2.72761 
vt -1.93211 2.73086 
vt -1.88702 2.67931 
vt -1.87919 2.68392 
vt -1.92262 2.92636 
vt -1.89974 2.75979 
vt -1.88789 2.69715 
vt -1.89774 2.69598 
vt -1.92421 2.98532 
vt -1.93179 2.95204 
vt -1.90077 3.01502 
vt -1.92051 3.01681 
vt -1.89041 3.02067 
vt -1.90029 2.71969 
vt -1.90981 2.71807 
vt -1.91865 2.76746 
vt -1.90867 2.73986 
vt -1.92023 2.74393 
vt -1.94043 2.7975 
vt -1.87189 2.72223 
vt -1.89036 2.73314 
vt -1.86895 2.87614 
vt -1.88459 2.86983 
vt -1.86642 2.86306 
vt -1.8812 2.85567 
vt -1.99692 2.77541 
vt -2.05369 2.7826 
vt -1.85212 2.81711 
vt -1.83906 2.80489 
vt -1.93568 2.81634 
vt -1.94925 2.81871 
vt -1.93895 2.79239 
vt -1.95111 2.79929 
vt -1.91121 2.79296 
vt -2.0442 2.77048 
vt -2.0322 2.76896 
vt -1.91945 2.80687 
vt -1.90533 2.82172 
vt -1.90875 2.81039 
vt -2.0355 2.79519 
vt -2.03846 2.78256 
vt -2.023 2.79866 
vt -1.80958 2.801 
vt -2.0264 2.78467 
vt -1.99445 2.80796 
vt -1.97967 2.80897 
vt -1.9928 2.79036 
vt -1.97256 2.78868 
vt -1.95182 2.78846 
vt -1.9301 2.77314 
vt -1.8604 2.82072 
vt -1.92699 2.84149 
vt -1.91251 2.84586 
vt -1.88565 2.84866 
vt -1.85408 2.84817 
vt -1.83417 2.84324 
vt -2.01974 2.77038 
vt -2.00501 2.78993 
vt -2.01047 2.77232 
vt -2.01583 2.7874 
vt -1.84819 2.81367 
vt -1.83093 2.82359 
vt -1.92874 2.82175 
vt -1.91149 2.81139 
vt -1.8804 2.80647 
vt -1.98108 2.80332 
vt -1.98032 2.79077 
vt -1.97731 2.81469 
vt -1.85894 2.83785 
vt -1.85124 2.82467 
vt -1.84347 2.86017 
vt -2.00074 2.66942 
vt -2.00266 2.66571 
vt -1.80295 2.87188 
vt -1.74619 2.81371 
vt -1.83631 2.85042 
vt -1.83157 2.86538 
vt -1.83631 2.85042 
vt -1.82948 2.84685 
vt -1.8232 2.85671 
vt -1.87812 2.63329 
vt -1.86814 2.63952 
vt -1.86838 2.6357 
vt -1.88765 2.63661 
vt -1.8905 2.6401 
vt -1.99479 2.65744 
vt -1.98399 2.655 
vt -1.97917 2.65807 
vt -2.00066 2.78523 
vt -1.99354 2.77924 
vt -1.98611 2.79541 
vt -1.99207 2.80455 
vt -1.98611 2.79541 
vt -1.9796 2.88813 
vt -1.98002 2.91975 
vt -1.98808 2.89351 
vt -1.90782 2.85403 
vt -1.91644 2.8881 
vt -1.91867 2.85312 
vt -1.94722 2.86388 
vt -1.95175 2.90176 
vt -1.95649 2.87076 
vt -1.8797 2.86374 
vt -1.88376 2.8938 
vt -1.89124 2.85735 
vt -1.92987 2.85546 
vt -1.93572 2.82108 
vt -1.93942 2.79287 
vt -1.92358 2.79214 
vt -1.92147 2.81898 
vt -1.90476 2.77412 
vt -1.90782 2.78911 
vt -1.91022 2.76541 
vt -1.90431 2.75868 
vt -1.8989 2.77408 
vt -1.89894 2.7602 
vt -1.8934 2.76583 
vt -1.89482 2.78967 
vt -1.94402 2.78011 
vt -1.9405 2.7697 
vt -1.98545 2.8078 
vt -1.98743 2.82249 
vt -1.94863 2.76746 
vt -1.94893 2.7823 
vt -1.95492 2.7752 
vt -1.91385 2.94896 
vt -1.88651 2.94721 
vt -1.88678 2.98751 
vt -1.91297 2.99051 
vt -1.81625 2.84538 
vt -1.75616 2.79938 
vt -1.76883 2.80311 
vt -1.79268 2.811 
vt -1.75189 2.80579 
vt -1.75988 2.81178 
vt -1.78501 2.81249 
vt -1.79268 2.811 
vt -1.74771 2.80987 
vt -1.75293 2.8196 
vt -1.77356 2.82237 
vt -1.86512 2.64763 
vt -1.80597 2.85763 
vt -1.81379 2.87347 
vt -1.76438 2.83285 
vt -1.78701 2.83268 
vt -1.79897 2.82314 
vt -1.889 2.64856 
vt -1.8769 2.64503 
vt -1.86349 2.66648 
vt -1.95061 2.62287 
vt -1.95131 2.62787 
vt -1.94086 2.61742 
vt -1.77688 2.84435 
vt -1.88942 2.66728 
vt -1.8764 2.66375 
vt -1.86241 2.68818 
vt -1.92963 2.61818 
vt -1.88966 2.68884 
vt -1.87606 2.68642 
vt -1.85569 2.71875 
vt -1.86136 2.71385 
vt -1.92561 2.62907 
vt -1.93942 2.62841 
vt -1.95144 2.63465 
vt -1.86163 2.73867 
vt -1.88998 2.71379 
vt -1.87563 2.71219 
vt -1.92231 2.64729 
vt -1.93683 2.64659 
vt -1.9498 2.65203 
vt -1.82747 2.89571 
vt -1.80542 2.8866 
vt -1.86262 2.76786 
vt -1.89083 2.73735 
vt -1.87604 2.73728 
vt -1.91922 2.66965 
vt -1.93405 2.6695 
vt -1.94764 2.67315 
vt -1.86214 2.79892 
vt -1.87732 2.76601 
vt -1.91578 2.70044 
vt -1.93116 2.70085 
vt -1.94526 2.70384 
vt -1.98022 2.66494 
vt -1.84538 2.89196 
vt -1.9939 2.66852 
vt -1.87776 2.79503 
vt -1.91349 2.73086 
vt -1.94263 2.7347 
vt -1.92859 2.73259 
vt -1.97698 2.67931 
vt -1.85037 2.92636 
vt -1.86977 2.9307 
vt -1.99149 2.68321 
vt -1.87737 2.82805 
vt -1.92581 2.76629 
vt -1.97312 2.69598 
vt -1.87044 2.98532 
vt -1.86827 2.95204 
vt -1.8663 2.91527 
vt -1.86624 2.88064 
vt -1.87288 3.01681 
vt -1.98774 2.70049 
vt -1.89313 2.82217 
vt -1.96746 2.71807 
vt -1.88737 3.02149 
vt -1.91422 3.02384 
vt -1.98249 2.72275 
vt -1.9929 2.73127 
vt -1.90739 2.81948 
vt -1.96146 2.74393 
vt -1.94579 3.02442 
vt -1.94496 2.99459 
vt -1.97623 2.74943 
vt -1.98704 2.7573 
vt -1.96862 2.99721 
vt -1.96571 3.02206 
vt -1.94629 2.95697 
vt -1.96969 2.78066 
vt -1.95136 2.7975 
vt -1.97155 2.96502 
vt -1.94942 2.82746 
vt -1.96528 2.80708 
vt -1.96135 2.83579 
vt -2.05042 2.72793 
vt -1.97206 2.84461 
vt -1.96495 2.87811 
vt -1.98372 2.85293 
vt -1.99447 2.85953 
vt -2.00835 2.83522 
vt -2.00966 2.83398 
vt -1.99985 2.83131 
vt -2.01515 2.81522 
vt -2.02289 2.79856 
vt -2.00571 2.8107 
vt -2.03491 2.71854 
vt -2.02637 2.72223 
vt -2.04677 2.72361 
vt -2.04706 2.74809 
vt -2.03065 2.78223 
vt -2.01342 2.79242 
vt -2.02636 2.73314 
vt -2.03947 2.73864 
vt -2.03911 2.76411 
vt -2.02159 2.77463 
vt -2.00865 2.76763 
vt -1.99986 2.7658 
vt -2.01762 2.74963 
vt -2.00949 2.74867 
vt -2.03048 2.75599 
vt -1.80729 2.83214 
vt -1.79487 2.87614 
vt -1.79648 2.86983 
vt -1.78741 2.85567 
vt -1.79736 2.84347 
vt -1.87854 2.80332 
vt -1.87798 2.79077 
vt -1.86931 2.81469 
vt -1.8941 2.75991 
vt -1.89031 2.72853 
vt -1.87587 2.73599 
vt -1.87218 2.7602 
vt -1.92984 2.67804 
vt -1.93951 2.68588 
vt -1.94563 2.66942 
vt -1.93729 2.66571 
vt -1.90552 2.85042 
vt -1.89792 2.63661 
vt -1.9061 2.6401 
vt -1.90801 2.63952 
vt -1.9061 2.6401 
vt -1.91339 2.64711 
vt -1.93503 2.65744 
vt -1.94563 2.66942 
vt -1.9512 2.67622 
vt -1.9331 2.655 
vt -1.94597 2.6915 
vt -1.9178 2.74842 
vt -1.91179 2.78142 
vt -1.93369 2.71369 
vt -1.89035 2.79541 
vt -1.91048 2.78967 
vt -1.89035 2.79541 
vt -1.87745 2.91975 
vt -1.87589 2.89351 
vt -1.85602 2.79287 
vt -1.86003 2.77408 
vt -1.87218 2.7602 
vt -1.85901 2.76583 
vt -1.85215 2.78967 
vt -1.8659 2.78011 
vt -1.87908 2.76488 
vt -1.86444 2.7697 
vt -1.89154 2.78917 
vt -1.88122 2.76746 
vt -1.92145 2.9941 
vt -1.92561 2.96781 
vt -1.92251 2.71588 
vt -1.91029 2.73891 
vt -1.90172 2.75944 
vt -1.93066 2.70251 
vt -1.93951 2.68588 
vt -1.92063 2.69302 
vt -1.93066 2.70251 
vt -1.93615 2.811 
vt -1.95093 2.81922 
vt -1.95396 2.81038 
vt -1.91399 2.66805 
vt -1.89914 2.65502 
vt -1.91047 2.65822 
vt -1.92778 2.62787 
vt -1.93334 2.63635 
vt -1.88998 2.64856 
vt -1.89914 2.65502 
vt -1.89014 2.67655 
vt -1.89461 2.69734 
vt -1.92009 2.62287 
vt -1.92778 2.62787 
vt -1.89968 2.76374 
vt -1.88152 2.66728 
vt -1.89014 2.67655 
vt -1.87428 2.68884 
vt -1.8846 2.69374 
vt -1.8792 2.71802 
vt -1.8846 2.69374 
vt -1.91093 2.63465 
vt -1.91963 2.64366 
vt -1.90044 2.67876 
vt -1.913 2.67903 
vt -1.90856 2.66198 
vt -1.86787 2.71379 
vt -1.8792 2.71802 
vt -1.91963 2.64366 
vt -1.92705 2.65341 
vt -1.89946 2.65203 
vt -1.90856 2.66198 
vt -1.86337 2.73735 
vt -1.87587 2.73599 
vt -1.88306 2.6695 
vt -1.88874 2.67315 
vt -1.90044 2.67876 
vt -1.89058 2.70939 
vt -1.90036 2.72191 
vt -1.87815 2.70384 
vt -1.89058 2.70939 
vt -1.92333 2.66852 
vt -1.87081 2.7347 
vt -1.88495 2.7335 
vt -1.88495 2.7335 
vt -1.91245 2.68321 
vt -1.90014 2.75979 
vt -1.90118 2.70049 
vt -1.91018 2.70932 
vt -1.87908 2.76488 
vt -1.89006 2.71807 
vt -1.92251 2.71588 
vt -1.88883 2.72275 
vt -1.89793 2.73127 
vt -1.88122 2.76746 
vt -1.90719 3.02416 
vt -1.88743 2.7573 
vt -1.91029 2.73891 
vt -1.87569 2.99721 
vt -1.87762 3.02206 
vt -1.90016 2.99779 
vt -1.86906 2.78066 
vt -1.90172 2.75944 
vt -1.85945 2.7975 
vt -1.89727 3.02216 
vt -1.90016 2.99779 
vt -1.87713 2.96502 
vt -1.90247 2.96976 
vt -1.92864 2.93622 
vt -1.90247 2.96976 
vt -1.90486 2.93649 
vt -1.92795 2.89534 
vt -1.89154 2.78917 
vt -1.85534 2.83579 
vt -1.90486 2.93649 
vt -1.90709 2.89985 
vt -1.92349 2.85556 
vt -1.9397 2.72793 
vt -1.94319 2.73227 
vt -1.90709 2.89985 
vt -1.88667 2.89705 
vt -1.91935 2.82529 
vt -1.90621 2.86254 
vt -1.93383 2.72412 
vt -1.9397 2.72793 
vt -1.93221 2.71658 
vt -1.91985 2.78914 
vt -1.90839 2.79919 
vt -1.90569 2.81506 
vt -1.90621 2.86254 
vt -1.88854 2.86328 
vt -1.90515 2.83398 
vt -1.87578 2.85953 
vt -1.88958 2.83522 
vt -1.90515 2.83398 
vt -1.93859 2.74438 
vt -1.8781 2.83131 
vt -1.89166 2.81522 
vt -1.90569 2.81506 
vt -1.92797 2.76438 
vt -1.9254 2.73316 
vt -1.93322 2.74049 
vt -1.90839 2.79919 
vt -1.89538 2.79856 
vt -1.882 2.8107 
vt -1.92034 2.72361 
vt -1.91446 2.74809 
vt -1.92374 2.75623 
vt -1.91785 2.76873 
vt -1.91202 2.78655 
vt -1.90027 2.78223 
vt -1.91202 2.78655 
vt -1.90797 2.73864 
vt -1.90644 2.76411 
vt -1.91785 2.76873 
vt -1.92374 2.75623 
vt -1.98108 2.84231 
vt -1.97731 2.85155 
vt -1.89396 2.82676 
vt -1.89894 2.84868 
vt -1.85894 2.85602 
vt -1.82909 2.77753 
vt -1.82063 2.78168 
vt -1.83192 2.78956 
vt -2.00074 2.77523 
vt -2.00266 2.78357 
vt -1.90598 2.82483 
vt -1.85036 2.7846 
vt -1.75063 2.78049 
vt -1.74939 2.77464 
vt -1.74619 2.7826 
vt -1.75189 2.79224 
vt -1.75616 2.78725 
vt -1.7596 2.77317 
vt -1.75659 2.76856 
vt -1.76269 2.78053 
vt -1.83631 2.81534 
vt -1.84269 2.80014 
vt -1.83631 2.81534 
vt -1.84396 2.82783 
vt -1.85372 2.81271 
vt -1.82948 2.80429 
vt -1.8232 2.8159 
vt -1.82948 2.80429 
vt -1.87812 2.82251 
vt -1.87981 2.81157 
vt -1.86814 2.81284 
vt -1.86838 2.82164 
vt -1.88765 2.82294 
vt -1.8905 2.81476 
vt -1.87981 2.81157 
vt -1.88114 2.80436 
vt -1.8905 2.81476 
vt -1.89021 2.80747 
vt -1.99119 2.77496 
vt -1.99479 2.78583 
vt -1.98399 2.78776 
vt -1.97917 2.77975 
vt -1.94775 2.81711 
vt -1.96081 2.80489 
vt -1.97683 2.80907 
vt -2.02637 2.79288 
vt -1.98611 2.8305 
vt -1.99207 2.84059 
vt -1.98486 2.81038 
vt -1.98611 2.8305 
vt -2.03208 2.78034 
vt -1.979 2.80253 
vt -1.88072 2.79689 
vt -1.90476 2.86056 
vt -1.89894 2.84868 
vt -1.8934 2.86185 
vt -1.98545 2.84201 
vt -1.81625 2.8083 
vt -1.82121 2.79628 
vt -1.82121 2.79628 
vt -1.77565 2.78192 
vt -1.77288 2.76925 
vt -1.76269 2.78053 
vt -1.75616 2.78725 
vt -1.76883 2.79275 
vt -1.77565 2.78192 
vt -1.79268 2.78471 
vt -1.79234 2.76993 
vt -1.7844 2.7669 
vt -1.75189 2.79224 
vt -1.78501 2.79655 
vt -1.79268 2.78471 
vt -1.79897 2.79968 
vt -1.8769 2.8334 
vt -1.95061 2.80077 
vt -1.95131 2.79307 
vt -1.94003 2.79065 
vt -1.94086 2.801 
vt -1.99029 2.801 
vt -1.90431 2.84758 
vt -1.92963 2.80125 
vt -1.92699 2.79373 
vt -1.92561 2.81053 
vt -1.93942 2.81346 
vt -1.80542 2.80796 
vt -1.93405 2.83779 
vt -1.85124 2.83865 
vt -1.9716 2.7892 
vt -1.98022 2.79732 
vt -1.9939 2.79753 
vt -1.87776 2.86943 
vt -1.97698 2.808 
vt -1.96707 2.80017 
vt -1.93947 2.82072 
vt -1.94505 2.84177 
vt -1.94863 2.83963 
vt -1.98271 2.82932 
vt -1.96135 2.86551 
vt -2.05042 2.78116 
vt -2.05369 2.78703 
vt -2.05042 2.78116 
vt -2.04432 2.78077 
vt -2.04849 2.78865 
vt -2.04008 2.79028 
vt -2.03539 2.78448 
vt -2.03491 2.79977 
vt -2.02637 2.79288 
vt -2.04677 2.80051 
vt -2.02636 2.81134 
vt -2.01662 2.80356 
vt -2.01762 2.81974 
vt -2.00949 2.81012 
vt -2.03048 2.82169 
vt -1.80729 2.80249 
vt -1.80793 2.79097 
vt -1.80585 2.77481 
vt -1.80793 2.79097 
vt -1.90591 2.75991 
vt -1.90595 2.72853 
vt -1.97078 2.863 
vt -1.98656 2.85719 
vt -1.97924 2.84228 
vt -1.96795 2.84822 
vt -1.82904 2.67952 
vt -1.87299 2.63156 
vt -1.87288 2.62243 
vt -1.85984 2.62064 
vt -1.86182 2.63305 
vt -1.89389 2.7562 
vt -1.89698 2.78028 
vt -1.90877 2.78365 
vt -1.87663 2.7563 
vt -1.87731 2.77793 
vt -1.86587 2.79576 
vt -1.90409 2.80274 
vt -1.94952 2.86183 
vt -1.95065 2.89549 
vt -1.9807 2.88236 
vt -1.99692 2.87188 
vt -2.04924 2.80312 
vt -2.05049 2.81048 
vt -2.05369 2.81371 
vt -2.04798 2.80579 
vt -2.04028 2.80088 
vt -2.04329 2.80801 
vt -2.03718 2.79671 
vt -1.96356 2.85042 
vt -1.95719 2.84817 
vt -1.96356 2.85042 
vt -1.94615 2.83748 
vt -1.92006 2.63516 
vt -1.91874 2.64714 
vt -1.92901 2.64826 
vt -1.93174 2.63952 
vt -1.90937 2.6401 
vt -1.90966 2.64711 
vt -1.79913 2.66942 
vt -1.80465 2.67622 
vt -1.8142 2.67049 
vt -1.80868 2.65922 
vt -1.82071 2.65807 
vt -1.82344 2.66683 
vt -1.80613 2.6915 
vt -1.81925 2.68769 
vt -1.85831 2.7817 
vt -1.85212 2.76441 
vt -1.83906 2.77174 
vt -1.84501 2.78965 
vt -1.83154 2.74169 
vt -1.8147 2.74842 
vt -1.82305 2.78142 
vt -1.82426 2.70986 
vt -1.80801 2.71369 
vt -1.84398 2.73222 
vt -1.80279 2.77237 
vt -1.77597 2.73148 
vt -1.78826 2.74869 
vt -1.77351 2.72223 
vt -1.81501 2.78967 
vt -1.81376 2.79541 
vt -1.76448 2.71595 
vt -1.7678 2.72246 
vt -1.82087 2.79655 
vt -1.82935 2.80548 
vt -1.82937 2.79375 
vt -1.91916 2.83982 
vt -1.92479 2.81333 
vt -1.8659 2.77866 
vt -1.93568 2.9773 
vt -1.94925 2.95518 
vt -1.93895 2.95712 
vt -1.89083 2.95601 
vt -1.87422 2.9807 
vt -1.91121 2.98485 
vt -1.91746 2.9572 
vt -1.87237 2.95827 
vt -1.85378 2.96193 
vt -1.84097 2.9941 
vt -1.83091 2.96781 
vt -1.80624 2.73891 
vt -2.02699 2.80548 
vt -2.00719 2.811 
vt -2.00753 2.81922 
vt -2.01547 2.81038 
vt -2.0339 2.81705 
vt -2.0442 2.8227 
vt -2.01954 2.83176 
vt -1.93263 2.66581 
vt -2.0322 2.83878 
vt -1.91945 2.66805 
vt -1.90533 2.65502 
vt -1.90875 2.65822 
vt -1.93721 2.69194 
vt -1.84857 2.62787 
vt -1.85122 2.63635 
vt -1.92087 2.69697 
vt -1.90657 2.69734 
vt -1.80958 2.79672 
vt -1.92222 2.73075 
vt -1.92383 2.76374 
vt -1.93942 2.72998 
vt -1.94419 2.71875 
vt -1.92602 2.78985 
vt -1.9391 2.7659 
vt -1.84745 2.67876 
vt -1.85177 2.67903 
vt -1.94082 2.79382 
vt -1.85103 2.65341 
vt -1.86505 2.65393 
vt -1.87812 2.64766 
vt -1.99445 2.8866 
vt -1.8893 2.71692 
vt -1.94299 2.81807 
vt -1.88378 2.6734 
vt -1.85575 2.72191 
vt -1.86865 2.68171 
vt -1.9928 2.89082 
vt -1.97256 2.91128 
vt -1.94864 2.82467 
vt -1.87304 2.72094 
vt -1.95182 2.93932 
vt -1.92212 2.79503 
vt -1.9301 2.9307 
vt -1.8604 2.75979 
vt -1.92874 3.01502 
vt -1.91149 3.02067 
vt -1.9115 2.88588 
vt -1.90079 2.9261 
vt -1.8804 3.02224 
vt -1.87497 2.88419 
vt -1.8729 2.92729 
vt -1.85125 2.76746 
vt -1.84819 3.02416 
vt -1.8415 2.88804 
vt -1.8456 2.93128 
vt -1.82604 2.99779 
vt -1.83093 3.02216 
vt -1.82268 2.93622 
vt -1.87462 2.8393 
vt -1.83722 2.84477 
vt -1.81552 2.89534 
vt -1.80441 2.89985 
vt -1.80918 2.85556 
vt -1.75556 2.71941 
vt -1.74945 2.72793 
vt -1.75507 2.73227 
vt -1.76147 2.72695 
vt -1.8016 2.82529 
vt -1.74619 2.72412 
vt -1.74945 2.72793 
vt -1.75556 2.71941 
vt -1.79057 2.80785 
vt -1.77722 2.78914 
vt -1.77445 2.79919 
vt -1.78262 2.81506 
vt -1.79022 2.83398 
vt -1.75979 2.71271 
vt -1.75847 2.74438 
vt -1.7692 2.73988 
vt -1.79315 2.7799 
vt -1.76511 2.76438 
vt -1.77974 2.75865 
vt -1.77351 2.72223 
vt -1.74962 2.74049 
vt -1.75468 2.75623 
vt -2.01974 2.85214 
vt -2.01047 2.86091 
vt -2.00538 2.84768 
vt -1.99402 2.83156 

usemtl Handle1Mtl

f 3/3/3 4/4/4 5/5/5 
f 5/5/5 6/6/6 3/3/3 
f 9/9/9 10/10/10 11/11/11 
f 11/11/11 12/12/12 9/9/9 
f 17/17/17 18/18/18 19/19/19 
f 19/19/19 20/20/20 17/17/17 
f 17/17/17 20/20/20 21/21/21 
f 5/5/5 24/24/24 25/25/25 
f 25/25/25 6/6/6 5/5/5 
f 41/41/41 42/42/42 12/12/12 
f 12/12/12 43/43/43 41/41/41 
f 40/40/40 12/12/12 11/11/11 
f 39/39/39 43/43/43 12/12/12 
f 12/12/12 40/40/40 39/39/39 
f 44/44/44 45/45/45 46/46/46 
f 47/47/47 48/48/48 49/49/49 
f 49/49/49 50/50/50 47/47/47 
f 51/51/51 49/49/49 48/48/48 
f 44/44/44 46/46/46 53/53/53 
f 53/53/53 54/54/54 44/44/44 
f 50/50/50 55/55/55 56/56/56 
f 56/56/56 47/47/47 50/50/50 
f 59/59/59 57/57/57 58/58/58 
f 65/65/65 66/66/66 67/67/67 
f 68/68/68 65/65/65 67/67/67 
f 43/43/43 70/70/70 41/41/41 
f 31/31/31 73/73/73 74/74/74 
f 74/74/74 32/32/32 31/31/31 
f 12/12/12 42/42/42 9/9/9 
f 78/78/78 19/19/19 18/18/18 
f 18/18/18 72/72/72 78/78/78 
f 73/73/73 79/79/79 80/80/80 
f 80/80/80 74/74/74 73/73/73 
f 29/29/29 81/81/81 82/82/82 
f 82/82/82 30/30/30 29/29/29 
f 76/76/76 75/75/75 19/19/19 
f 19/19/19 78/78/78 76/76/76 
f 10/10/10 35/35/35 36/36/36 
f 36/36/36 11/11/11 10/10/10 
f 85/85/85 78/78/78 72/72/72 
f 72/72/72 77/77/77 85/85/85 
f 81/81/81 86/86/86 87/87/87 
f 87/87/87 82/82/82 81/81/81 
f 84/84/84 76/76/76 78/78/78 
f 78/78/78 85/85/85 84/84/84 
f 86/86/86 92/92/92 93/93/93 
f 93/93/93 87/87/87 86/86/86 
f 79/79/79 90/90/90 94/94/94 
f 94/94/94 95/95/95 79/79/79 
f 84/84/84 85/85/85 98/98/98 
f 92/92/92 100/100/100 101/101/101 
f 101/101/101 93/93/93 92/92/92 
f 97/97/97 102/102/102 103/103/103 
f 103/103/103 96/96/96 97/97/97 
f 99/99/99 105/105/105 106/106/106 
f 106/106/106 90/90/90 99/99/99 
f 107/107/107 108/108/108 101/101/101 
f 101/101/101 100/100/100 107/107/107 
f 109/109/109 103/103/103 102/102/102 
f 102/102/102 110/110/110 109/109/109 
f 113/113/113 114/114/114 112/112/112 
f 115/115/115 116/116/116 117/117/117 
f 119/119/119 120/120/120 121/121/121 
f 104/104/104 122/122/122 105/105/105 
f 105/105/105 99/99/99 104/104/104 
f 123/123/123 124/124/124 108/108/108 
f 108/108/108 107/107/107 123/123/123 
f 125/125/125 109/109/109 110/110/110 
f 110/110/110 126/126/126 125/125/125 
f 117/117/117 120/120/120 119/119/119 
f 119/119/119 115/115/115 117/117/117 
f 114/114/114 113/113/113 128/128/128 
f 118/118/118 130/130/130 122/122/122 
f 122/122/122 104/104/104 118/118/118 
f 131/131/131 132/132/132 124/124/124 
f 124/124/124 123/123/123 131/131/131 
f 111/111/111 119/119/119 121/121/121 
f 121/121/121 133/133/133 111/111/111 
f 134/134/134 135/135/135 125/125/125 
f 125/125/125 126/126/126 134/134/134 
f 137/137/137 33/33/33 34/34/34 
f 114/114/114 138/138/138 139/139/139 
f 139/139/139 112/112/112 114/114/114 
f 13/13/13 111/111/111 133/133/133 
f 133/133/133 14/14/14 13/13/13 
f 140/140/140 6/6/6 25/25/25 
f 129/129/129 141/141/141 138/138/138 
f 138/138/138 114/114/114 129/129/129 
f 132/132/132 131/131/131 4/4/4 
f 4/4/4 3/3/3 132/132/132 
f 116/116/116 115/115/115 15/15/15 
f 15/15/15 91/91/91 116/116/116 
f 143/143/143 144/144/144 135/135/135 
f 135/135/135 134/134/134 143/143/143 
f 145/145/145 137/137/137 136/136/136 
f 112/112/112 139/139/139 147/147/147 
f 144/144/144 143/143/143 59/59/59 
f 59/59/59 58/58/58 144/144/144 
f 149/149/149 150/150/150 145/145/145 
f 145/145/145 146/146/146 149/149/149 
f 151/151/151 152/152/152 66/66/66 
f 66/66/66 65/65/65 151/151/151 
f 66/66/66 147/147/147 139/139/139 
f 139/139/139 67/67/67 66/66/66 
f 151/151/151 65/65/65 153/153/153 
f 153/153/153 154/154/154 151/151/151 
f 150/150/150 149/149/149 156/156/156 
f 156/156/156 157/157/157 150/150/150 
f 147/147/147 66/66/66 152/152/152 
f 79/79/79 95/95/95 80/80/80 
f 157/157/157 156/156/156 159/159/159 
f 159/159/159 160/160/160 157/157/157 
f 70/70/70 43/43/43 38/38/38 
f 38/38/38 158/158/158 70/70/70 
f 160/160/160 159/159/159 62/62/62 
f 62/62/62 63/63/63 160/160/160 
f 90/90/90 106/106/106 94/94/94 
f 46/46/46 45/45/45 51/51/51 
f 51/51/51 48/48/48 46/46/46 
f 118/118/118 28/28/28 27/27/27 
f 27/27/27 130/130/130 118/118/118 
f 128/128/128 164/164/164 16/16/16 
f 113/113/113 165/165/165 164/164/164 
f 164/164/164 128/128/128 113/113/113 
f 88/88/88 98/98/98 166/166/166 
f 166/166/166 167/167/167 88/88/88 
f 166/166/166 164/164/164 165/165/165 
f 165/165/165 167/167/167 166/166/166 
f 138/138/138 69/69/69 67/67/67 
f 67/67/67 139/139/139 138/138/138 
f 141/141/141 69/69/69 138/138/138 
f 173/173/173 175/175/175 174/174/174 
f 181/181/181 180/180/180 179/179/179 
f 186/186/186 184/184/184 182/182/182 
f 189/189/189 190/190/190 188/188/188 
f 176/176/176 172/172/172 174/174/174 
f 178/178/178 199/199/199 186/186/186 
f 186/186/186 183/183/183 178/178/178 
f 199/199/199 201/201/201 202/202/202 
f 202/202/202 186/186/186 199/199/199 
f 200/200/200 202/202/202 201/201/201 
f 201/201/201 168/168/168 200/200/200 
f 174/174/174 175/175/175 191/191/191 
f 203/203/203 204/204/204 198/198/198 
f 198/198/198 197/197/197 203/203/203 
f 195/195/195 194/194/194 205/205/205 
f 205/205/205 206/206/206 195/195/195 
f 207/207/207 203/203/203 197/197/197 
f 197/197/197 196/196/196 207/207/207 
f 196/196/196 195/195/195 206/206/206 
f 206/206/206 207/207/207 196/196/196 
f 222/222/222 219/219/219 218/218/218 
f 231/231/231 232/232/232 233/233/233 
f 233/233/233 234/234/234 231/231/231 
f 236/236/236 237/237/237 238/238/238 
f 239/239/239 240/240/240 241/241/241 
f 242/242/242 243/243/243 244/244/244 
f 245/245/245 246/246/246 247/247/247 
f 241/241/241 240/240/240 248/248/248 
f 249/249/249 250/250/250 251/251/251 
f 251/251/251 252/252/252 249/249/249 
f 253/253/253 254/254/254 255/255/255 
f 260/260/260 257/257/257 259/259/259 
f 263/263/263 264/264/264 234/234/234 
f 265/265/265 266/266/266 267/267/267 
f 268/268/268 269/269/269 270/270/270 
f 270/270/270 271/271/271 268/268/268 
f 272/272/272 222/222/222 221/221/221 
f 273/273/273 276/276/276 277/277/277 
f 277/277/277 274/274/274 273/273/273 
f 276/276/276 280/280/280 281/281/281 
f 281/281/281 277/277/277 276/276/276 
f 282/282/282 278/278/278 274/274/274 
f 274/274/274 277/277/277 282/282/282 
f 222/222/222 272/272/272 284/284/284 
f 284/284/284 285/285/285 222/222/222 
f 277/277/277 281/281/281 286/286/286 
f 286/286/286 282/282/282 277/277/277 
f 287/287/287 288/288/288 278/278/278 
f 278/278/278 282/282/282 287/287/287 
f 225/225/225 283/283/283 290/290/290 
f 282/282/282 286/286/286 295/295/295 
f 295/295/295 287/287/287 282/282/282 
f 290/290/290 289/289/289 226/226/226 
f 226/226/226 223/223/223 290/290/290 
f 283/283/283 291/291/291 297/297/297 
f 297/297/297 290/290/290 283/283/283 
f 297/297/297 296/296/296 289/289/289 
f 289/289/289 290/290/290 297/297/297 
f 301/301/301 297/297/297 291/291/291 
f 291/291/291 298/298/298 301/301/301 
f 305/305/305 306/306/306 292/292/292 
f 301/301/301 300/300/300 296/296/296 
f 296/296/296 297/297/297 301/301/301 
f 298/298/298 303/303/303 309/309/309 
f 309/309/309 301/301/301 298/298/298 
f 311/311/311 312/312/312 306/306/306 
f 306/306/306 305/305/305 311/311/311 
f 313/313/313 285/285/285 314/314/314 
f 307/307/307 317/317/317 309/309/309 
f 309/309/309 303/303/303 307/307/307 
f 309/309/309 308/308/308 300/300/300 
f 300/300/300 301/301/301 309/309/309 
f 304/304/304 310/310/310 311/311/311 
f 311/311/311 305/305/305 304/304/304 
f 311/311/311 319/319/319 320/320/320 
f 320/320/320 312/312/312 311/311/311 
f 315/315/315 322/322/322 317/317/317 
f 317/317/317 307/307/307 315/315/315 
f 317/317/317 316/316/316 308/308/308 
f 308/308/308 309/309/309 317/317/317 
f 310/310/310 318/318/318 319/319/319 
f 319/319/319 311/311/311 310/310/310 
f 319/319/319 324/324/324 325/325/325 
f 325/325/325 320/320/320 319/319/319 
f 219/219/219 313/313/313 327/327/327 
f 315/315/315 321/321/321 329/329/329 
f 329/329/329 322/322/322 315/315/315 
f 322/322/322 259/259/259 316/316/316 
f 316/316/316 317/317/317 322/322/322 
f 324/324/324 319/319/319 318/318/318 
f 318/318/318 323/323/323 324/324/324 
f 331/331/331 325/325/325 324/324/324 
f 324/324/324 332/332/332 331/331/331 
f 229/229/229 326/326/326 328/328/328 
f 334/334/334 327/327/327 313/313/313 
f 321/321/321 211/211/211 337/337/337 
f 337/337/337 329/329/329 321/321/321 
f 260/260/260 259/259/259 322/322/322 
f 322/322/322 329/329/329 260/260/260 
f 258/258/258 257/257/257 253/253/253 
f 253/253/253 256/256/256 258/258/258 
f 330/330/330 332/332/332 324/324/324 
f 324/324/324 323/323/323 330/330/330 
f 262/262/262 331/331/331 332/332/332 
f 332/332/332 338/338/338 262/262/262 
f 333/333/333 336/336/336 328/328/328 
f 328/328/328 326/326/326 333/333/333 
f 342/342/342 343/343/343 327/327/327 
f 327/327/327 334/334/334 342/342/342 
f 211/211/211 343/343/343 245/245/245 
f 245/245/245 337/337/337 211/211/211 
f 346/346/346 260/260/260 329/329/329 
f 329/329/329 337/337/337 346/346/346 
f 257/257/257 260/260/260 254/254/254 
f 254/254/254 253/253/253 257/257/257 
f 332/332/332 330/330/330 255/255/255 
f 255/255/255 338/338/338 332/332/332 
f 339/339/339 345/345/345 336/336/336 
f 336/336/336 333/333/333 339/339/339 
f 341/341/341 342/342/342 334/334/334 
f 246/246/246 343/343/343 342/342/342 
f 271/271/271 270/270/270 348/348/348 
f 348/348/348 349/349/349 271/271/271 
f 247/247/247 346/346/346 337/337/337 
f 337/337/337 245/245/245 247/247/247 
f 260/260/260 346/346/346 352/352/352 
f 352/352/352 254/254/254 260/260/260 
f 338/338/338 255/255/255 254/254/254 
f 254/254/254 251/251/251 338/338/338 
f 345/345/345 339/339/339 347/347/347 
f 347/347/347 350/350/350 345/345/345 
f 269/269/269 246/246/246 342/342/342 
f 342/342/342 341/341/341 269/269/269 
f 247/247/247 246/246/246 240/240/240 
f 240/240/240 239/239/239 247/247/247 
f 349/349/349 354/354/354 355/355/355 
f 355/355/355 271/271/271 349/349/349 
f 351/351/351 350/350/350 356/356/356 
f 356/356/356 357/357/357 351/351/351 
f 346/346/346 247/247/247 239/239/239 
f 239/239/239 352/352/352 346/346/346 
f 251/251/251 254/254/254 352/352/352 
f 352/352/352 252/252/252 251/251/251 
f 261/261/261 266/266/266 265/265/265 
f 350/350/350 347/347/347 353/353/353 
f 353/353/353 356/356/356 350/350/350 
f 268/268/268 240/240/240 246/246/246 
f 246/246/246 269/269/269 268/268/268 
f 358/358/358 355/355/355 354/354/354 
f 354/354/354 359/359/359 358/358/358 
f 360/360/360 268/268/268 271/271/271 
f 271/271/271 355/355/355 360/360/360 
f 357/357/357 356/356/356 361/361/361 
f 361/361/361 209/209/209 357/357/357 
f 241/241/241 252/252/252 352/352/352 
f 352/352/352 239/239/239 241/241/241 
f 266/266/266 261/261/261 250/250/250 
f 250/250/250 362/362/362 266/266/266 
f 356/356/356 353/353/353 267/267/267 
f 267/267/267 361/361/361 356/356/356 
f 243/243/243 240/240/240 268/268/268 
f 268/268/268 360/360/360 243/243/243 
f 363/363/363 360/360/360 355/355/355 
f 355/355/355 358/358/358 363/363/363 
f 242/242/242 248/248/248 240/240/240 
f 240/240/240 243/243/243 242/242/242 
f 248/248/248 249/249/249 252/252/252 
f 252/252/252 241/241/241 248/248/248 
f 362/362/362 250/250/250 249/249/249 
f 249/249/249 364/364/364 362/362/362 
f 361/361/361 267/267/267 362/362/362 
f 362/362/362 365/365/365 361/361/361 
f 237/237/237 243/243/243 360/360/360 
f 360/360/360 363/363/363 237/237/237 
f 364/364/364 249/249/249 248/248/248 
f 248/248/248 242/242/242 364/364/364 
f 365/365/365 362/362/362 364/364/364 
f 364/364/364 366/366/366 365/365/365 
f 213/213/213 327/327/327 343/343/343 
f 343/343/343 211/211/211 213/213/213 
f 366/366/366 364/364/364 242/242/242 
f 242/242/242 244/244/244 366/366/366 
f 208/208/208 263/263/263 233/233/233 
f 368/368/368 366/366/366 244/244/244 
f 244/244/244 369/369/369 368/368/368 
f 236/236/236 369/369/369 243/243/243 
f 243/243/243 237/237/237 236/236/236 
f 263/263/263 208/208/208 210/210/210 
f 210/210/210 264/264/264 263/263/263 
f 370/370/370 368/368/368 369/369/369 
f 369/369/369 236/236/236 370/370/370 
f 371/371/371 370/370/370 236/236/236 
f 236/236/236 238/238/238 371/371/371 
f 264/264/264 210/210/210 368/368/368 
f 368/368/368 370/370/370 264/264/264 
f 374/374/374 264/264/264 370/370/370 
f 370/370/370 371/371/371 374/374/374 
f 372/372/372 375/375/375 377/377/377 
f 264/264/264 374/374/374 377/377/377 
f 377/377/377 234/234/234 264/264/264 
f 375/375/375 376/376/376 383/383/383 
f 383/383/383 377/377/377 375/375/375 
f 250/250/250 262/262/262 338/338/338 
f 338/338/338 251/251/251 250/250/250 
f 362/362/362 267/267/267 266/266/266 
f 377/377/377 383/383/383 231/231/231 
f 231/231/231 234/234/234 377/377/377 
f 376/376/376 382/382/382 387/387/387 
f 387/387/387 383/383/383 376/376/376 
f 232/232/232 231/231/231 388/388/388 
f 388/388/388 389/389/389 232/232/232 
f 385/385/385 380/380/380 378/378/378 
f 378/378/378 384/384/384 385/385/385 
f 386/386/386 381/381/381 385/385/385 
f 385/385/385 392/392/392 386/386/386 
f 382/382/382 386/386/386 392/392/392 
f 392/392/392 387/387/387 382/382/382 
f 383/383/383 387/387/387 388/388/388 
f 388/388/388 231/231/231 383/383/383 
f 388/388/388 390/390/390 391/391/391 
f 391/391/391 389/389/389 388/388/388 
f 392/392/392 385/385/385 384/384/384 
f 384/384/384 390/390/390 392/392/392 
f 387/387/387 392/392/392 390/390/390 
f 390/390/390 388/388/388 387/387/387 
f 366/366/366 368/368/368 210/210/210 
f 210/210/210 365/365/365 366/366/366 
f 243/243/243 369/369/369 244/244/244 
f 285/285/285 313/313/313 219/219/219 
f 219/219/219 222/222/222 285/285/285 
f 365/365/365 210/210/210 209/209/209 
f 209/209/209 361/361/361 365/365/365 
f 245/245/245 343/343/343 246/246/246 
f 270/270/270 269/269/269 341/341/341 
f 341/341/341 340/340/340 270/270/270 
f 270/270/270 340/340/340 344/344/344 
f 344/344/344 348/348/348 270/270/270 
f 285/285/285 284/284/284 395/395/395 
f 395/395/395 314/314/314 285/285/285 
f 287/287/287 295/295/295 396/396/396 
f 396/396/396 397/397/397 287/287/287 
f 288/288/288 287/287/287 397/397/397 
f 397/397/397 393/393/393 288/288/288 
f 272/272/272 393/393/393 397/397/397 
f 397/397/397 284/284/284 272/272/272 
f 284/284/284 397/397/397 396/396/396 
f 396/396/396 395/395/395 284/284/284 
f 398/398/398 399/399/399 400/400/400 
f 401/401/401 402/402/402 403/403/403 
f 403/403/403 404/404/404 401/401/401 
f 405/405/405 406/406/406 407/407/407 
f 407/407/407 408/408/408 405/405/405 
f 429/429/429 430/430/430 431/431/431 
f 433/433/433 434/434/434 435/435/435 
f 428/428/428 433/433/433 435/435/435 
f 398/398/398 436/436/436 399/399/399 
f 422/422/422 440/440/440 441/441/441 
f 441/441/441 420/420/420 422/422/422 
f 442/442/442 420/420/420 441/441/441 
f 440/440/440 422/422/422 443/443/443 
f 443/443/443 422/422/422 419/419/419 
f 419/419/419 444/444/444 443/443/443 
f 444/444/444 419/419/419 417/417/417 
f 417/417/417 416/416/416 444/444/444 
f 445/445/445 446/446/446 406/406/406 
f 406/406/406 405/405/405 445/445/445 
f 447/447/447 448/448/448 449/449/449 
f 414/414/414 413/413/413 451/451/451 
f 451/451/451 452/452/452 414/414/414 
f 411/411/411 410/410/410 455/455/455 
f 455/455/455 456/456/456 411/411/411 
f 451/451/451 457/457/457 458/458/458 
f 451/451/451 458/458/458 450/450/450 
f 462/462/462 463/463/463 456/456/456 
f 456/456/456 455/455/455 462/462/462 
f 464/464/464 465/465/465 463/463/463 
f 463/463/463 462/462/462 464/464/464 
f 466/466/466 402/402/402 458/458/458 
f 458/458/458 467/467/467 466/466/466 
f 468/468/468 469/469/469 460/460/460 
f 460/460/460 459/459/459 468/468/468 
f 470/470/470 471/471/471 472/472/472 
f 473/473/473 474/474/474 465/465/465 
f 465/465/465 464/464/464 473/473/473 
f 454/454/454 453/453/453 475/475/475 
f 475/475/475 476/476/476 454/454/454 
f 472/472/472 471/471/471 476/476/476 
f 476/476/476 475/475/475 472/472/472 
f 477/477/477 478/478/478 469/469/469 
f 469/469/469 468/468/468 477/477/477 
f 473/473/473 479/479/479 480/480/480 
f 480/480/480 474/474/474 473/473/473 
f 482/482/482 483/483/483 478/478/478 
f 478/478/478 477/477/477 482/482/482 
f 484/484/484 485/485/485 471/471/471 
f 471/471/471 470/470/470 484/484/484 
f 430/430/430 480/480/480 479/479/479 
f 479/479/479 431/431/431 430/430/430 
f 486/486/486 487/487/487 483/483/483 
f 483/483/483 482/482/482 486/486/486 
f 488/488/488 405/405/405 408/408/408 
f 408/408/408 415/415/415 488/488/488 
f 486/486/486 489/489/489 490/490/490 
f 490/490/490 487/487/487 486/486/486 
f 491/491/491 485/485/485 484/484/484 
f 405/405/405 488/488/488 492/492/492 
f 492/492/492 445/445/445 405/405/405 
f 434/434/434 490/490/490 489/489/489 
f 489/489/489 435/435/435 434/434/434 
f 445/445/445 492/492/492 494/494/494 
f 494/494/494 495/495/495 445/445/445 
f 493/493/493 485/485/485 491/491/491 
f 491/491/491 496/496/496 493/493/493 
f 467/467/467 458/458/458 457/457/457 
f 446/446/446 445/445/445 495/495/495 
f 495/495/495 498/498/498 446/446/446 
f 494/494/494 499/499/499 500/500/500 
f 500/500/500 495/495/495 494/494/494 
f 495/495/495 500/500/500 504/504/504 
f 504/504/504 498/498/498 495/495/495 
f 437/437/437 434/434/434 433/433/433 
f 502/502/502 438/438/438 507/507/507 
f 500/500/500 503/503/503 509/509/509 
f 509/509/509 504/504/504 500/500/500 
f 403/403/403 402/402/402 466/466/466 
f 505/505/505 506/506/506 511/511/511 
f 511/511/511 512/512/512 505/505/505 
f 438/438/438 439/439/439 514/514/514 
f 514/514/514 507/507/507 438/438/438 
f 436/436/436 509/509/509 503/503/503 
f 503/503/503 399/399/399 436/436/436 
f 512/512/512 516/516/516 513/513/513 
f 513/513/513 505/505/505 512/512/512 
f 439/439/439 515/515/515 517/517/517 
f 517/517/517 514/514/514 439/439/439 
f 421/421/421 420/420/420 442/442/442 
f 442/442/442 519/519/519 421/421/421 
f 513/513/513 516/516/516 521/521/521 
f 521/521/521 426/426/426 513/513/513 
f 522/522/522 517/517/517 515/515/515 
f 515/515/515 518/518/518 522/522/522 
f 519/519/519 425/425/425 424/424/424 
f 526/526/526 527/527/527 426/426/426 
f 426/426/426 521/521/521 526/526/526 
f 529/529/529 522/522/522 518/518/518 
f 518/518/518 523/523/523 529/529/529 
f 423/423/423 436/436/436 398/398/398 
f 536/536/536 537/537/537 527/527/527 
f 527/527/527 526/526/526 536/536/536 
f 538/538/538 529/529/529 523/523/523 
f 523/523/523 528/528/528 538/538/538 
f 427/427/427 527/527/527 537/537/537 
f 537/537/537 539/539/539 427/427/427 
f 540/540/540 537/537/537 536/536/536 
f 536/536/536 541/541/541 540/540/540 
f 539/539/539 537/537/537 540/540/540 
f 540/540/540 543/543/543 539/539/539 
f 544/544/544 540/540/540 541/541/541 
f 541/541/541 545/545/545 544/544/544 
f 531/531/531 530/530/530 547/547/547 
f 547/547/547 548/548/548 531/531/531 
f 545/545/545 549/549/549 550/550/550 
f 550/550/550 544/544/544 545/545/545 
f 551/551/551 543/543/543 540/540/540 
f 552/552/552 547/547/547 530/530/530 
f 530/530/530 532/532/532 552/552/552 
f 548/548/548 547/547/547 553/553/553 
f 553/553/553 554/554/554 548/548/548 
f 555/555/555 556/556/556 533/533/533 
f 533/533/533 546/546/546 555/555/555 
f 557/557/557 550/550/550 549/549/549 
f 549/549/549 558/558/558 557/557/557 
f 559/559/559 553/553/553 547/547/547 
f 547/547/547 552/552/552 559/559/559 
f 554/554/554 553/553/553 560/560/560 
f 560/560/560 561/561/561 554/554/554 
f 560/560/560 557/557/557 558/558/558 
f 558/558/558 561/561/561 560/560/560 
f 527/527/527 427/427/427 426/426/426 
f 534/534/534 533/533/533 556/556/556 
f 562/562/562 546/546/546 542/542/542 
f 555/555/555 546/546/546 562/562/562 
f 578/578/578 579/579/579 575/575/575 
f 576/576/576 575/575/575 580/580/580 
f 580/580/580 581/581/581 576/576/576 
f 575/575/575 579/579/579 582/582/582 
f 582/582/582 580/580/580 575/575/575 
f 570/570/570 584/584/584 574/574/574 
f 585/585/585 586/586/586 587/587/587 
f 587/587/587 584/584/584 585/585/585 
f 583/583/583 588/588/588 589/589/589 
f 590/590/590 585/585/585 584/584/584 
f 584/584/584 570/570/570 590/590/590 
f 591/591/591 592/592/592 593/593/593 
f 593/593/593 594/594/594 591/591/591 
f 595/595/595 596/596/596 592/592/592 
f 592/592/592 591/591/591 595/595/595 
f 599/599/599 600/600/600 598/598/598 
f 601/601/601 602/602/602 572/572/572 
f 572/572/572 571/571/571 601/601/601 
f 603/603/603 602/602/602 601/601/601 
f 601/601/601 604/604/604 603/603/603 
f 588/588/588 621/621/621 620/620/620 
f 570/570/570 569/569/569 622/622/622 
f 622/622/622 590/590/590 570/570/570 
f 582/582/582 623/623/623 624/624/624 
f 624/624/624 580/580/580 582/582/582 
f 625/625/625 626/626/626 627/627/627 
f 627/627/627 628/628/628 625/625/625 
f 629/629/629 631/631/631 624/624/624 
f 623/623/623 629/629/629 624/624/624 
f 628/628/628 627/627/627 633/633/633 
f 633/633/633 634/634/634 628/628/628 
f 636/636/636 591/591/591 594/594/594 
f 637/637/637 638/638/638 639/639/639 
f 639/639/639 640/640/640 637/637/637 
f 614/614/614 611/611/611 641/641/641 
f 642/642/642 573/573/573 565/565/565 
f 565/565/565 566/566/566 642/642/642 
f 643/643/643 640/640/640 639/639/639 
f 639/639/639 644/644/644 643/643/643 
f 637/637/637 640/640/640 646/646/646 
f 643/643/643 645/645/645 646/646/646 
f 646/646/646 640/640/640 643/643/643 
f 604/604/604 650/650/650 651/651/651 
f 652/652/652 602/602/602 603/603/603 
f 650/650/650 655/655/655 654/654/654 
f 658/658/658 605/605/605 656/656/656 
f 656/656/656 657/657/657 658/658/658 
f 611/611/611 607/607/607 659/659/659 
f 664/664/664 665/665/665 662/662/662 
f 666/666/666 665/665/665 664/664/664 
f 664/664/664 667/667/667 666/666/666 
f 668/668/668 666/666/666 667/667/667 
f 667/667/667 669/669/669 668/668/668 
f 587/587/587 615/615/615 574/574/574 
f 574/574/574 584/584/584 587/587/587 
f 671/671/671 668/668/668 669/669/669 
f 669/669/669 672/672/672 671/671/671 
f 670/670/670 665/665/665 666/666/666 
f 666/666/666 668/668/668 670/670/670 
f 610/610/610 609/609/609 619/619/619 
f 673/673/673 671/671/671 672/672/672 
f 672/672/672 674/674/674 673/673/673 
f 635/635/635 676/676/676 677/677/677 
f 634/634/634 633/633/633 635/635/635 
f 635/635/635 677/677/677 634/634/634 
f 678/678/678 630/630/630 629/629/629 
f 629/629/629 679/679/679 678/678/678 
f 569/569/569 678/678/678 679/679/679 
f 679/679/679 622/622/622 569/569/569 
f 676/676/676 620/620/620 621/621/621 
f 621/621/621 677/677/677 676/676/676 
f 682/682/682 683/683/683 684/684/684 
f 684/684/684 685/685/685 682/682/682 
f 687/687/687 688/688/688 689/689/689 
f 689/689/689 690/690/690 687/687/687 
f 680/680/680 691/691/691 692/692/692 
f 692/692/692 693/693/693 680/680/680 
f 691/691/691 694/694/694 695/695/695 
f 695/695/695 692/692/692 691/691/691 
f 695/695/695 696/696/696 697/697/697 
f 697/697/697 692/692/692 695/695/695 
f 682/682/682 698/698/698 699/699/699 
f 699/699/699 700/700/700 682/682/682 
f 700/700/700 701/701/701 683/683/683 
f 683/683/683 682/682/682 700/700/700 
f 698/698/698 682/682/682 685/685/685 
f 713/713/713 714/714/714 715/715/715 
f 715/715/715 716/716/716 713/713/713 
f 714/714/714 713/713/713 717/717/717 
f 719/719/719 720/720/720 721/721/721 
f 721/721/721 722/722/722 719/719/719 
f 723/723/723 722/722/722 721/721/721 
f 721/721/721 724/724/724 723/723/723 
f 720/720/720 725/725/725 726/726/726 
f 726/726/726 721/721/721 720/720/720 
f 727/727/727 728/728/728 729/729/729 
f 729/729/729 730/730/730 727/727/727 
f 729/729/729 731/731/731 732/732/732 
f 732/732/732 733/733/733 729/729/729 
f 734/734/734 726/726/726 725/725/725 
f 725/725/725 735/735/735 734/734/734 
f 726/726/726 686/686/686 724/724/724 
f 724/724/724 721/721/721 726/726/726 
f 731/731/731 729/729/729 728/728/728 
f 728/728/728 736/736/736 731/731/731 
f 731/731/731 734/734/734 735/735/735 
f 735/735/735 732/732/732 731/731/731 
f 686/686/686 726/726/726 734/734/734 
f 745/745/745 746/746/746 747/747/747 
f 746/746/746 696/696/696 730/730/730 
f 730/730/730 747/747/747 746/746/746 
f 729/729/729 733/733/733 747/747/747 
f 747/747/747 730/730/730 729/729/729 
f 697/697/697 748/748/748 749/749/749 
f 692/692/692 697/697/697 693/693/693 
f 750/750/750 696/696/696 695/695/695 
f 754/754/754 755/755/755 756/756/756 
f 756/756/756 757/757/757 754/754/754 
f 758/758/758 755/755/755 754/754/754 
f 758/758/758 759/759/759 755/755/755 
f 760/760/760 755/755/755 759/759/759 
f 759/759/759 761/761/761 760/760/760 
f 763/763/763 767/767/767 707/707/707 
f 707/707/707 706/706/706 763/763/763 
f 768/768/768 703/703/703 707/707/707 
f 707/707/707 767/767/767 768/768/768 
f 766/766/766 765/765/765 769/769/769 
f 766/766/766 769/769/769 767/767/767 
f 763/763/763 766/766/766 767/767/767 
f 771/771/771 768/768/768 767/767/767 
f 767/767/767 769/769/769 771/771/771 
f 772/772/772 770/770/770 715/715/715 
f 715/715/715 714/714/714 772/772/772 
f 774/774/774 772/772/772 714/714/714 
f 714/714/714 718/718/718 774/774/774 
f 776/776/776 777/777/777 690/690/690 
f 690/690/690 689/689/689 776/776/776 
f 778/778/778 775/775/775 770/770/770 
f 770/770/770 772/772/772 778/778/778 
f 779/779/779 778/778/778 772/772/772 
f 746/746/746 745/745/745 780/780/780 
f 781/781/781 681/681/681 680/680/680 
f 680/680/680 782/782/782 781/781/781 
f 778/778/778 781/781/781 783/783/783 
f 783/783/783 775/775/775 778/778/778 
f 696/696/696 727/727/727 730/730/730 
f 696/696/696 750/750/750 727/727/727 
f 781/781/781 778/778/778 779/779/779 
f 779/779/779 681/681/681 781/781/781 
f 782/782/782 680/680/680 693/693/693 
f 693/693/693 785/785/785 782/782/782 
f 782/782/782 786/786/786 783/783/783 
f 783/783/783 781/781/781 782/782/782 
f 785/785/785 693/693/693 697/697/697 
f 697/697/697 749/749/749 785/785/785 
f 785/785/785 789/789/789 786/786/786 
f 786/786/786 782/782/782 785/785/785 
f 791/791/791 792/792/792 687/687/687 
f 687/687/687 690/690/690 791/791/791 
f 749/749/749 795/795/795 789/789/789 
f 789/789/789 785/785/785 749/749/749 
f 777/777/777 790/790/790 791/791/791 
f 791/791/791 690/690/690 777/777/777 
f 796/796/796 792/792/792 791/791/791 
f 791/791/791 798/798/798 796/796/796 
f 788/788/788 798/798/798 791/791/791 
f 791/791/791 790/790/790 788/788/788 
f 798/798/798 802/802/802 794/794/794 
f 794/794/794 796/796/796 798/798/798 
f 797/797/797 802/802/802 798/798/798 
f 798/798/798 788/788/788 797/797/797 
f 794/794/794 802/802/802 694/694/694 
f 694/694/694 691/691/691 794/794/794 
f 753/753/753 757/757/757 756/756/756 
f 699/699/699 805/805/805 803/803/803 
f 803/803/803 800/800/800 699/699/699 
f 802/802/802 797/797/797 806/806/806 
f 806/806/806 694/694/694 802/802/802 
f 750/750/750 695/695/695 694/694/694 
f 694/694/694 806/806/806 750/750/750 
f 807/807/807 751/751/751 756/756/756 
f 756/756/756 808/808/808 807/807/807 
f 809/809/809 810/810/810 805/805/805 
f 805/805/805 699/699/699 809/809/809 
f 728/728/728 727/727/727 750/750/750 
f 750/750/750 806/806/806 728/728/728 
f 811/811/811 808/808/808 756/756/756 
f 756/756/756 755/755/755 811/811/811 
f 812/812/812 813/813/813 810/810/810 
f 810/810/810 809/809/809 812/812/812 
f 757/757/757 805/805/805 810/810/810 
f 810/810/810 754/754/754 757/757/757 
f 811/811/811 755/755/755 760/760/760 
f 760/760/760 815/815/815 811/811/811 
f 816/816/816 817/817/817 813/813/813 
f 813/813/813 812/812/812 816/816/816 
f 754/754/754 810/810/810 813/813/813 
f 813/813/813 758/758/758 754/754/754 
f 818/818/818 819/819/819 815/815/815 
f 758/758/758 813/813/813 817/817/817 
f 817/817/817 759/759/759 758/758/758 
f 817/817/817 820/820/820 761/761/761 
f 761/761/761 759/759/759 817/817/817 
f 697/697/697 696/696/696 821/821/821 
f 821/821/821 748/748/748 697/697/697 
f 822/822/822 816/816/816 812/812/812 
f 812/812/812 821/821/821 822/822/822 
f 817/817/817 816/816/816 823/823/823 
f 823/823/823 820/820/820 817/817/817 
f 733/733/733 741/741/741 745/745/745 
f 745/745/745 747/747/747 733/733/733 
f 822/822/822 821/821/821 696/696/696 
f 696/696/696 746/746/746 822/822/822 
f 700/700/700 699/699/699 800/800/800 
f 800/800/800 799/799/799 700/700/700 
f 825/825/825 823/823/823 816/816/816 
f 816/816/816 822/822/822 825/825/825 
f 826/826/826 827/827/827 828/828/828 
f 828/828/828 829/829/829 826/826/826 
f 830/830/830 825/825/825 822/822/822 
f 822/822/822 746/746/746 830/830/830 
f 831/831/831 832/832/832 833/833/833 
f 753/753/753 803/803/803 805/805/805 
f 805/805/805 757/757/757 753/753/753 
f 834/834/834 835/835/835 836/836/836 
f 836/836/836 837/837/837 834/834/834 
f 780/780/780 834/834/834 830/830/830 
f 830/830/830 746/746/746 780/780/780 
f 809/809/809 699/699/699 698/698/698 
f 698/698/698 748/748/748 809/809/809 
f 837/837/837 838/838/838 830/830/830 
f 830/830/830 834/834/834 837/837/837 
f 828/828/828 840/840/840 841/841/841 
f 841/841/841 829/829/829 828/828/828 
f 743/743/743 826/826/826 829/829/829 
f 829/829/829 744/744/744 743/743/743 
f 842/842/842 835/835/835 834/834/834 
f 834/834/834 780/780/780 842/842/842 
f 841/841/841 840/840/840 843/843/843 
f 843/843/843 844/844/844 841/841/841 
f 841/841/841 738/738/738 744/744/744 
f 744/744/744 829/829/829 841/841/841 
f 821/821/821 812/812/812 809/809/809 
f 809/809/809 748/748/748 821/821/821 
f 737/737/737 842/842/842 780/780/780 
f 780/780/780 741/741/741 737/737/737 
f 844/844/844 843/843/843 835/835/835 
f 835/835/835 842/842/842 844/844/844 
f 844/844/844 739/739/739 738/738/738 
f 738/738/738 841/841/841 844/844/844 
f 749/749/749 748/748/748 712/712/712 
f 712/712/712 795/795/795 749/749/749 
f 739/739/739 844/844/844 842/842/842 
f 842/842/842 737/737/737 739/739/739 
f 840/840/840 846/846/846 847/847/847 
f 846/846/846 840/840/840 828/828/828 
f 828/828/828 827/827/827 846/846/846 
f 701/701/701 700/700/700 799/799/799 
f 849/849/849 848/848/848 850/850/850 
f 769/769/769 850/850/850 848/848/848 
f 848/848/848 771/771/771 769/769/769 
f 850/850/850 769/769/769 765/765/765 
f 765/765/765 851/851/851 850/850/850 
f 850/850/850 683/683/683 701/701/701 
f 701/701/701 849/849/849 850/850/850 
f 851/851/851 684/684/684 683/683/683 
f 683/683/683 850/850/850 851/851/851 

g Pumpkin1

v -1.217 3.44786 65.2866 
v -1.28959 3.22477 65.3273 
v -1.28112 3.22602 65.2472 
v -1.22171 3.43179 65.2013 
v -1.35967 3.47313 65.1695 
v -1.29988 3.26378 65.3978 
v -1.24212 3.47287 65.3652 
v -1.23076 3.74976 65.2137 
v -1.17425 3.67989 65.2391 
v -1.17514 3.64424 65.1661 
v -1.23302 3.68002 65.1413 
v -1.25344 3.7211 65.3052 
v -1.19389 3.68199 65.3167 
v -1.52375 1.82401 64.3061 
v -1.42357 1.54977 64.8622 
v -1.5578 2.21894 64.1152 
v -1.0516 3.15715 64.5247 
v -0.816405 1.8259 64.4675 
v -0.895409 3.20643 64.6 
v -0.816388 3.04199 64.4675 
v -0.757362 2.8534 64.3686 
v -0.720861 2.648 64.3074 
v -0.708509 2.43394 64.2868 
v -0.720867 2.21989 64.3074 
v -0.757374 2.01448 64.3686 
v -0.587482 2.43394 64.46 
v -0.601999 2.23437 64.4764 
v -0.64496 2.04257 64.5249 
v -0.714655 1.866 64.6036 
v -0.808311 3.15643 64.7094 
v -0.714639 3.00188 64.6036 
v -0.644949 2.82531 64.5249 
v -0.601993 2.63351 64.4764 
v -0.677793 3.204 64.8495 
v -0.560804 3.03952 64.7618 
v -0.677814 1.70631 64.8495 
v -0.473692 2.85136 64.6964 
v -0.419967 2.64684 64.656 
v -0.401813 2.43394 64.6424 
v -0.419973 2.22104 64.656 
v -0.473704 2.01651 64.6964 
v -0.560821 1.82836 64.7618 
v -0.358967 2.43394 64.8504 
v -0.377839 2.23473 64.8593 
v -0.433715 2.04322 64.8854 
v -0.52442 1.86679 64.9279 
v -0.646414 3.15563 64.985 
v -0.524404 3.00109 64.9279 
v -0.433704 2.82466 64.8854 
v -0.377834 2.63315 64.8593 
v -0.561915 1.70779 65.173 
v -0.42498 3.03736 65.1425 
v -0.3232 2.84965 65.1197 
v -0.260507 2.64589 65.1056 
v -0.239336 2.43393 65.1009 
v -0.260513 2.22198 65.1056 
v -0.928352 3.39483 65.2334 
v -0.323212 2.01822 65.1197 
v -0.728634 3.33648 65.2091 
v -0.424997 1.83051 65.1425 
v -0.561893 3.20176 65.173 
v -0.299499 2.23489 65.2905 
v -0.35987 2.04351 65.2905 
v -0.457894 1.86716 65.2905 
v -0.58977 3.15525 65.2905 
v -0.58979 1.73868 65.2905 
v -0.457878 3.00072 65.2905 
v -0.359859 2.82436 65.2905 
v -0.299494 2.63298 65.2905 
v -0.279111 2.43394 65.2905 
v -2.00086 3.20402 65.7315 
v -1.87035 3.15645 65.8716 
v -1.78325 3.20645 65.9811 
v -1.52378 1.82401 66.2749 
v -1.42359 1.54977 65.7189 
v -1.55783 2.21894 66.4658 
v -1.15494 1.824 66.2749 
v -1.18294 3.20822 66.1175 
v -1.21679 3.34189 65.9279 
v -0.939528 2.234 66.3618 
v -1.18298 3.36883 65.694 
v -0.895453 1.7047 65.9811 
v -0.816432 1.8259 66.1136 
v -0.816415 3.04199 66.1136 
v -0.895432 3.20643 65.9811 
v -0.757392 2.8534 66.2125 
v -0.720893 2.648 66.2736 
v -0.708542 2.43394 66.2943 
v -0.720899 2.21989 66.2736 
v -0.757404 2.01448 66.2125 
v -0.991188 3.34048 65.8214 
v -0.602026 2.23437 66.1047 
v -0.58751 2.43394 66.1211 
v -0.644986 2.04257 66.0562 
v -0.922315 3.28303 65.7431 
v -0.714678 1.866 65.9774 
v -0.80833 3.15643 65.8717 
v -0.80835 1.7379 65.8717 
v -0.714662 3.00188 65.9774 
v -0.922338 1.65384 65.7431 
v -0.644975 2.82531 66.0562 
v -0.60202 2.63351 66.1047 
v -0.560821 3.03952 65.8193 
v -0.677808 3.204 65.7315 
v -0.473712 2.85136 65.8847 
v -0.419988 2.64684 65.925 
v -0.401834 2.43394 65.9387 
v -0.419994 2.22104 65.925 
v -0.473724 2.01651 65.8847 
v -0.560838 1.82836 65.8193 
v -0.377853 2.23473 65.7218 
v -0.358982 2.43394 65.7306 
v -0.433728 2.04322 65.6956 
v -0.524432 1.86679 65.6532 
v -0.646424 3.15563 65.596 
v -0.524416 3.00109 65.6532 
v -0.433717 2.82466 65.6956 
v -0.377848 2.63315 65.7218 
v -0.728661 1.61834 65.3719 
v -0.323206 2.84965 65.4614 
v -0.424985 3.03736 65.4386 
v -0.260513 2.64589 65.4755 
v -0.239342 2.43393 65.4802 
v -0.260519 2.22198 65.4755 
v -0.323218 2.01822 65.4614 
v -0.728637 3.33648 65.3719 
v -0.425002 1.83051 65.4386 
v -0.561897 3.20176 65.4081 
v -1.35967 3.47313 65.1695 
v -1.24212 3.47287 65.3652 
v -1.23076 3.74976 65.2137 
v -1.17425 3.67989 65.2391 
v -1.17514 3.64424 65.1661 
v -1.23302 3.68002 65.1413 
v -1.25344 3.7211 65.3052 
v -1.19389 3.68199 65.3167 
v -1.32067 3.71998 65.2875 
v -1.25344 3.7211 65.3052 
v -1.23076 3.74976 65.2137 
v -1.31221 3.72123 65.2074 
v -1.23302 3.68002 65.1413 
v -1.30191 3.68223 65.1369 
v -2.31881 2.82439 65.2905 
v -2.35546 2.84968 65.1196 
v -2.41816 2.64592 65.1056 
v -1.74409 3.36784 65.2905 
v -1.53647 3.31269 65.2905 
v -1.54618 3.32988 65.2567 
v -1.7503 3.39484 65.2333 
v -1.9282 3.28203 65.2905 
v -1.95002 3.33649 65.2091 
v -2.25369 1.83054 65.1424 
v -2.08889 3.15527 65.2905 
v -2.11676 3.20179 65.173 
v -2.11678 1.70781 65.173 
v -2.25368 3.03738 65.1424 
v -2.15425 3.00111 64.9279 
v -1.53128 3.31021 65.2053 
v -1.71593 3.36754 65.1369 
v -1.88364 3.28236 65.0544 
v -2.03223 3.15565 64.985 
v -1.51724 3.32982 65.1693 
v -1.68846 3.39599 65.0647 
v -2.25869 2.22106 64.656 
v -1.85863 3.33847 64.9552 
v -2.11786 1.82838 64.7618 
v -2.00085 3.20402 64.8495 
v -2.11784 3.03954 64.7618 
v -2.20495 2.85139 64.6964 
v -1.964 3.0019 64.6036 
v -1.48639 3.31057 65.129 
v -1.62792 3.36825 64.9872 
v -2.0337 2.04259 64.5249 
v -1.75634 3.28304 64.838 
v -1.87033 3.15645 64.7094 
v -1.87035 1.73791 64.7094 
v -1.57313 3.39715 64.9334 
v -1.68746 3.34049 64.7597 
v -1.78323 3.20645 64.6 
v -1.86225 3.042 64.4675 
v -1.92127 2.85342 64.3685 
v -1.45842 3.33041 65.1025 
v -1.41898 3.31087 65.078 
v -1.49567 3.36883 64.887 
v -1.56521 3.28362 64.6931 
v -1.62703 3.15716 64.5247 
v -1.67789 3.00265 64.3861 
v -1.42155 3.39792 64.8621 
v -1.46187 3.34189 64.6531 
v -1.49571 3.20822 64.4636 
v -1.52374 3.0439 64.3061 
v -1.54475 2.85505 64.1883 
v -1.55779 2.64897 64.1152 
v -1.49567 3.36883 64.887 
v -1.38119 3.33078 65.0662 
v -1.42155 3.39792 64.8621 
v -1.42155 3.39792 64.8621 
v -1.38119 3.33078 65.0662 
v -1.33932 3.31098 65.06 
v -1.33932 3.36907 64.8518 
v -1.33932 3.36907 64.8518 
v -1.33932 3.28385 64.6421 
v -1.33932 3.15746 64.4598 
v -1.33931 3.00297 64.3096 
v -1.33932 3.15746 64.4598 
v -1.33932 3.28385 64.6421 
v -1.21676 3.34189 64.6531 
v -1.18292 3.20821 64.4636 
v -1.33931 3.00297 64.3096 
v -1.15489 3.04389 64.3061 
v -1.33932 3.36907 64.8518 
v -1.33932 3.31098 65.06 
v -1.29745 3.33078 65.0662 
v -1.25709 3.39791 64.8621 
v -1.25967 3.31086 65.078 
v -1.18297 3.36883 64.887 
v -1.11343 3.28361 64.6931 
v -1.0516 3.15715 64.5247 
v -1.00074 3.00264 64.3862 
v -0.895409 3.20643 64.6 
v -0.816388 3.04199 64.4675 
v -0.991195 1.61569 64.7597 
v -0.720861 2.648 64.3074 
v -1.22023 3.3304 65.1025 
v -1.10551 3.39714 64.9334 
v -0.99117 3.34048 64.7597 
v -1.19226 3.31057 65.129 
v -1.05073 3.36824 64.9873 
v -0.9223 3.28303 64.838 
v -0.714655 1.866 64.6036 
v -0.808311 3.15643 64.7094 
v -0.808331 1.7379 64.7094 
v -0.714639 3.00188 64.6036 
v -0.677793 3.204 64.8495 
v -0.560804 3.03952 64.7618 
v -0.473692 2.85136 64.6964 
v -0.419973 2.22104 64.656 
v -1.16141 3.32981 65.1694 
v -0.990181 3.39598 65.0647 
v -0.820013 3.33845 64.9552 
v -0.560821 1.82836 64.7618 
v -1.14737 3.3102 65.2053 
v -0.962719 3.36753 65.1369 
v -0.795012 3.28235 65.0544 
v -0.646414 3.15563 64.985 
v -0.524404 3.00109 64.9279 
v -0.42498 3.03736 65.1425 
v -0.3232 2.84965 65.1197 
v -0.260507 2.64589 65.1056 
v -1.13247 3.32987 65.2567 
v -0.928352 3.39483 65.2334 
v -0.728634 3.33648 65.2091 
v -0.561893 3.20176 65.173 
v -1.14219 3.31268 65.2905 
v -0.934565 3.36783 65.2905 
v -0.75045 3.28201 65.2905 
v -0.58977 3.15525 65.2905 
v -0.58979 1.73868 65.2905 
v -1.33933 3.3197 65.2905 
v -1.38119 3.33078 65.0662 
v -1.33932 3.31098 65.06 
v -1.33933 3.3197 65.2905 
v -2.41817 2.64592 65.4754 
v -2.35547 2.84968 65.4614 
v -1.7503 3.39484 65.3477 
v -1.54618 3.32988 65.3243 
v -1.95002 3.33649 65.3719 
v -2.2537 1.83054 65.4386 
v -2.11676 3.20179 65.4081 
v -2.11678 1.70781 65.4081 
v -2.25368 3.03738 65.4386 
v -2.15426 3.00111 65.6531 
v -1.53131 1.58645 65.3757 
v -1.71593 3.36754 65.4441 
v -1.53129 3.31021 65.3757 
v -1.88364 3.28236 65.5267 
v -2.03224 3.15565 65.596 
v -1.68847 3.39599 65.5163 
v -1.51724 3.32982 65.4117 
v -2.25871 2.22106 65.925 
v -1.85864 3.33847 65.6258 
v -2.11787 1.82838 65.8193 
v -2.00086 3.20402 65.7315 
v -2.11786 3.03954 65.8193 
v -2.20497 2.85139 65.8847 
v -2.25871 2.64686 65.925 
v -1.96402 3.0019 65.9774 
v -1.62793 3.36825 65.5938 
v -1.4864 3.31057 65.452 
v -2.03373 2.04259 66.0561 
v -1.75635 3.28304 65.7431 
v -1.87035 3.15645 65.8716 
v -1.87037 1.73791 65.8716 
v -1.68748 3.34049 65.8214 
v -1.57314 3.39715 65.6476 
v -1.78325 3.20645 65.9811 
v -1.86227 3.042 66.1135 
v -1.9213 2.85342 66.2125 
v -1.5788 1.55039 65.6458 
v -1.45842 3.33041 65.4785 
v -1.49485 1.59133 65.6976 
v -1.49568 3.36883 65.694 
v -1.41899 3.31087 65.5031 
v -1.56523 3.28362 65.888 
v -1.62706 3.15716 66.0563 
v -1.67792 3.00265 66.1949 
v -1.46189 3.34189 65.9279 
v -1.42156 3.39792 65.719 
v -1.49574 3.20822 66.1174 
v -1.52377 3.0439 66.2749 
v -1.54479 2.85505 66.3928 
v -1.55783 2.64897 66.4658 
v -1.49568 3.36883 65.694 
v -1.42156 3.39792 65.719 
v -1.3812 3.33078 65.5148 
v -1.41899 3.31087 65.5031 
v -1.33933 3.36907 65.7293 
v -1.33933 3.31098 65.521 
v -1.33934 3.28385 65.9389 
v -1.33933 3.36907 65.7293 
v -1.33934 3.15746 66.1213 
v -1.33935 3.00297 66.2715 
v -1.33934 3.15746 66.1213 
v -1.18294 3.20822 66.1175 
v -1.21679 3.34189 65.9279 
v -1.33934 3.28385 65.9389 
v -1.33935 3.00297 66.2715 
v -1.15493 3.04389 66.2749 
v -1.33933 3.36907 65.7293 
v -1.2571 3.39791 65.719 
v -1.29746 3.33078 65.5148 
v -1.33933 3.31098 65.521 
v -1.18298 3.36883 65.694 
v -1.25967 3.31086 65.5031 
v -1.11345 3.28361 65.888 
v -1.05163 3.15715 66.0563 
v -1.00077 3.00264 66.1949 
v -0.962892 2.82595 66.2981 
v -0.816415 3.04199 66.1136 
v -0.895432 3.20643 65.9811 
v -0.991212 1.61569 65.8214 
v -0.757392 2.8534 66.2125 
v -1.10552 3.39714 65.6476 
v -1.22023 3.3304 65.4785 
v -0.991188 3.34048 65.8214 
v -1.05074 3.36824 65.5938 
v -1.19226 3.31057 65.452 
v -0.922315 3.28303 65.7431 
v -0.714678 1.866 65.9774 
v -0.80833 3.15643 65.8717 
v -0.714662 3.00188 65.9774 
v -0.560821 3.03952 65.8193 
v -0.677808 3.204 65.7315 
v -0.473712 2.85136 65.8847 
v -0.419994 2.22104 65.925 
v -0.990188 3.39598 65.5164 
v -1.16142 3.32981 65.4117 
v -0.820024 3.33845 65.6258 
v -0.962724 3.36753 65.4441 
v -1.14737 3.3102 65.3757 
v -0.795019 3.28235 65.5267 
v -0.646424 3.15563 65.596 
v -0.524416 3.00109 65.6532 
v -0.728661 1.61834 65.3719 
v -0.424985 3.03736 65.4386 
v -0.928354 3.39483 65.3477 
v -1.13247 3.32987 65.3243 
v -0.728637 3.33648 65.3719 
v -0.425002 1.83051 65.4386 
v -0.561897 3.20176 65.4081 
v -1.3812 3.33078 65.5148 
v -1.33933 3.31098 65.521 
v -1.22525 3.3254 65.2905 
v -1.22744 3.3254 65.3157 
v -1.22498 3.32284 65.3163 
v -1.22669 3.32524 65.3089 
v -1.21532 3.31529 65.2905 
v -1.24231 3.33672 65.2905 
v -1.24418 3.33672 65.312 
v -1.22744 3.3254 65.2653 
v -1.22669 3.32524 65.2721 
v -1.22498 3.32284 65.2648 
v -1.23393 3.3254 65.3399 
v -1.22478 3.31531 65.3442 
v -1.22284 3.31394 65.3422 
v -1.2631 3.34601 65.2905 
v -1.26457 3.34601 65.3074 
v -1.24418 3.33672 65.2691 
v -1.2497 3.33672 65.3326 
v -1.23393 3.3254 65.2411 
v -1.22284 3.31394 65.2388 
v -1.22478 3.31531 65.2368 
v -1.24448 3.3254 65.3623 
v -1.24261 3.32312 65.3637 
v -1.24179 3.32524 65.3569 
v -1.28682 3.35291 65.2905 
v -1.28783 3.35291 65.3021 
v -1.26457 3.34601 65.2737 
v -1.26891 3.34601 65.3235 
v -1.2497 3.33672 65.2485 
v -1.25866 3.33672 65.3515 
v -1.24447 3.3254 65.2188 
v -1.24179 3.32524 65.2241 
v -1.24261 3.32312 65.2174 
v -1.25866 3.3254 65.3818 
v -1.25158 3.3152 65.3899 
v -1.24962 3.31413 65.389 
v -1.31256 3.35716 65.2905 
v -1.31307 3.35716 65.2964 
v -1.28783 3.35291 65.2789 
v -1.29082 3.35291 65.3133 
v -1.2689 3.34601 65.2575 
v -1.27595 3.34601 65.3385 
v -1.25866 3.33672 65.2295 
v -1.27073 3.33672 65.3682 
v -1.25866 3.3254 65.1992 
v -1.24962 3.31413 65.192 
v -1.25158 3.3152 65.1912 
v -1.27266 3.3254 65.3948 
v -1.33933 3.3586 65.2905 
v -1.31307 3.35716 65.2846 
v -1.3146 3.35716 65.3021 
v -1.29082 3.35291 65.2678 
v -1.29567 3.35291 65.3235 
v -1.27595 3.34601 65.2426 
v -1.28543 3.34601 65.3515 
v -1.27073 3.33672 65.2129 
v -1.28543 3.33672 65.3818 
v -1.27595 3.3254 65.3979 
v -1.27349 3.3254 65.3956 
v -1.27323 3.32564 65.3949 
v -1.27266 3.3254 65.1862 
v -1.3146 3.35716 65.2789 
v -1.31707 3.35716 65.3074 
v -1.29567 3.35291 65.2575 
v -1.3022 3.35291 65.3326 
v -1.28543 3.34601 65.2295 
v -1.29698 3.34601 65.3623 
v -1.28543 3.33672 65.1992 
v -1.27323 3.32564 65.1862 
v -1.27349 3.3254 65.1854 
v -1.27595 3.3254 65.1831 
v -1.27524 3.32409 65.3991 
v -1.3022 3.33672 65.392 
v -1.29567 3.3254 65.4098 
v -1.31707 3.35716 65.2737 
v -1.3204 3.35716 65.3119 
v -1.3022 3.35291 65.2485 
v -1.31016 3.35291 65.3399 
v -1.29698 3.34601 65.2188 
v -1.31016 3.34601 65.3702 
v -1.3022 3.33672 65.189 
v -1.29567 3.3254 65.1712 
v -1.27523 3.32409 65.1819 
v -1.29171 3.31485 65.4207 
v -1.29055 3.31429 65.4207 
v -1.3204 3.33672 65.3982 
v -1.31707 3.3254 65.4172 
v -1.31688 3.3254 65.4171 
v -1.31592 3.3259 65.4159 
v -1.31476 3.3254 65.4164 
v -1.3204 3.35716 65.2691 
v -1.32446 3.35716 65.3157 
v -1.31016 3.35291 65.2411 
v -1.31923 3.35291 65.3454 
v -1.31016 3.34601 65.2108 
v -1.32446 3.34601 65.3752 
v -1.3204 3.33672 65.1828 
v -1.31476 3.3254 65.1646 
v -1.31592 3.3259 65.1651 
v -1.31687 3.3254 65.1639 
v -1.31707 3.3254 65.1639 
v -1.29054 3.31429 65.1604 
v -1.2917 3.31485 65.1604 
v -1.31706 3.32531 65.4173 
v -1.33933 3.33672 65.4003 
v -1.33933 3.3254 65.4197 
v -1.32446 3.35716 65.2653 
v -1.32908 3.35716 65.3185 
v -1.31923 3.35291 65.2356 
v -1.32908 3.35291 65.3488 
v -1.32445 3.34601 65.2059 
v -1.33933 3.34601 65.3768 
v -1.33932 3.33672 65.1807 
v -1.33932 3.3254 65.1614 
v -1.31705 3.32531 65.1638 
v -1.33933 3.31435 65.432 
v -1.33933 3.33672 65.4003 
v -1.35825 3.33672 65.3982 
v -1.36158 3.3254 65.4172 
v -1.33933 3.3254 65.4197 
v -1.32908 3.35716 65.2625 
v -1.3341 3.35716 65.3202 
v -1.32908 3.35291 65.2322 
v -1.33933 3.35291 65.35 
v -1.33932 3.34601 65.2042 
v -1.33933 3.34601 65.3768 
v -1.3542 3.34601 65.3752 
v -1.35825 3.33672 65.1828 
v -1.33932 3.33672 65.1807 
v -1.33932 3.3254 65.1614 
v -1.36158 3.3254 65.1639 
v -1.33932 3.31435 65.1491 
v -1.33932 3.31435 65.1491 
v -1.3616 3.32531 65.4173 
v -1.33933 3.31435 65.432 
v -1.37645 3.33672 65.392 
v -1.38298 3.3254 65.4098 
v -1.36389 3.3254 65.4164 
v -1.36274 3.3259 65.4159 
v -1.36178 3.3254 65.4171 
v -1.3341 3.35716 65.2608 
v -1.33933 3.35716 65.3208 
v -1.33933 3.35291 65.2311 
v -1.33933 3.35291 65.35 
v -1.34957 3.35291 65.3488 
v -1.3542 3.34601 65.2059 
v -1.33932 3.34601 65.2042 
v -1.3685 3.34601 65.3702 
v -1.37645 3.33672 65.189 
v -1.36178 3.3254 65.1639 
v -1.36273 3.3259 65.1651 
v -1.36389 3.3254 65.1646 
v -1.38298 3.3254 65.1712 
v -1.3616 3.32531 65.1638 
v -1.38695 3.31485 65.4207 
v -1.39323 3.33672 65.3818 
v -1.40271 3.3254 65.3979 
v -1.33933 3.35716 65.2602 
v -1.33933 3.35716 65.3208 
v -1.34455 3.35716 65.3202 
v -1.34957 3.35291 65.2322 
v -1.33933 3.35291 65.2311 
v -1.35942 3.35291 65.3454 
v -1.36849 3.34601 65.2108 
v -1.38168 3.34601 65.3623 
v -1.39322 3.33672 65.1992 
v -1.4027 3.3254 65.1831 
v -1.38695 3.31485 65.1604 
v -1.40342 3.32409 65.3991 
v -1.38811 3.31429 65.4207 
v -1.40793 3.33672 65.3682 
v -1.41999 3.3254 65.3818 
v -1.40599 3.3254 65.3948 
v -1.40542 3.32564 65.3949 
v -1.40517 3.3254 65.3956 
v -1.33933 3.3586 65.2905 
v -1.34455 3.35716 65.2608 
v -1.33933 3.35716 65.2602 
v -1.34957 3.35716 65.3185 
v -1.35942 3.35291 65.2356 
v -1.3685 3.35291 65.3399 
v -1.38167 3.34601 65.2188 
v -1.39323 3.34601 65.3515 
v -1.40792 3.33672 65.2129 
v -1.40516 3.3254 65.1854 
v -1.40542 3.32564 65.1862 
v -1.40599 3.3254 65.1862 
v -1.41999 3.3254 65.1992 
v -1.3881 3.31429 65.1604 
v -1.40342 3.32409 65.1819 
v -1.42708 3.3152 65.3899 
v -1.41999 3.33672 65.3515 
v -1.43418 3.3254 65.3623 
v -1.34957 3.35716 65.2625 
v -1.3542 3.35716 65.3157 
v -1.36849 3.35291 65.2411 
v -1.37645 3.35291 65.3326 
v -1.39322 3.34601 65.2295 
v -1.4027 3.34601 65.3385 
v -1.41999 3.33672 65.2295 
v -1.43418 3.3254 65.2188 
v -1.42708 3.3152 65.1912 
v -1.43604 3.32312 65.3637 
v -1.42903 3.31413 65.389 
v -1.42896 3.33672 65.3326 
v -1.44472 3.3254 65.3399 
v -1.3542 3.35716 65.2653 
v -1.35825 3.35716 65.3119 
v -1.37645 3.35291 65.2485 
v -1.38298 3.35291 65.3235 
v -1.4027 3.34601 65.2426 
v -1.40975 3.34601 65.3235 
v -1.42896 3.33672 65.2485 
v -1.44472 3.3254 65.2411 
v -1.42903 3.31413 65.192 
v -1.43604 3.32312 65.2174 
v -1.45387 3.31532 65.3442 
v -1.43687 3.32525 65.3569 
v -1.43448 3.33672 65.3119 
v -1.45121 3.3254 65.3157 
v -1.35825 3.35716 65.2691 
v -1.36158 3.35716 65.3074 
v -1.38298 3.35291 65.2575 
v -1.38783 3.35291 65.3133 
v -1.40975 3.34601 65.2575 
v -1.41409 3.34601 65.3074 
v -1.43448 3.33672 65.2691 
v -1.45121 3.3254 65.2653 
v -1.43686 3.32525 65.2241 
v -1.45387 3.31532 65.2368 
v -1.45368 3.32284 65.3163 
v -1.45581 3.31394 65.3422 
v -1.43634 3.33672 65.2905 
v -1.4534 3.3254 65.2905 
v -1.36158 3.35716 65.2737 
v -1.36406 3.35716 65.3021 
v -1.38783 3.35291 65.2678 
v -1.39082 3.35291 65.3021 
v -1.41409 3.34601 65.2737 
v -1.41555 3.34601 65.2905 
v -1.45581 3.31394 65.2388 
v -1.45368 3.32284 65.2648 
v -1.46333 3.31529 65.2905 
v -1.45196 3.32524 65.3089 
v -1.36405 3.35716 65.2789 
v -1.36558 3.35716 65.2964 
v -1.39082 3.35291 65.2789 
v -1.39183 3.35291 65.2905 
v -1.45196 3.32524 65.2721 
v -1.36558 3.35716 65.2846 
v -1.36609 3.35716 65.2905 
v -1.42666 3.30176 65.3686 
v -1.38009 3.51421 65.3335 
v -1.31331 3.49799 65.367 
v -1.36877 3.26598 65.3934 
v -1.29988 3.26378 65.3978 
v -1.24212 3.47287 65.3652 
v -1.25344 3.7211 65.3052 
v -1.19389 3.68199 65.3167 
v -1.32067 3.71998 65.2875 
v -1.25344 3.7211 65.3052 
v -1.36877 3.26598 65.3934 
v -1.31331 3.49799 65.367 
v -1.74495 1.59208 65.2905 
v -1.95004 1.61836 65.2091 
v -1.75992 1.55229 65.2444 
v -2.37918 2.23492 65.2905 
v -2.20497 2.01654 64.6964 
v -2.11786 1.82838 64.7618 
v -2.00087 1.70633 64.8495 
v -2.0337 2.04259 64.5249 
v -1.87035 1.73791 64.7094 
v -1.95778 2.2199 64.3074 
v -0.939493 2.234 64.2193 
v -0.991195 1.61569 64.7597 
v -0.714655 1.866 64.6036 
v -0.419973 2.22104 64.656 
v -0.560821 1.82836 64.7618 
v -1.75992 1.55229 65.3366 
v -2.2537 1.83054 65.4386 
v -2.11678 1.70781 65.4081 
v -2.20499 2.01654 65.8847 
v -2.25871 2.22106 65.925 
v -1.85864 3.33847 65.6258 
v -2.11787 1.82838 65.8193 
v -2.00086 3.20402 65.7315 
v -2.11786 3.03954 65.8193 
v -2.20497 2.85139 65.8847 
v -2.25871 2.64686 65.925 
v -2.27687 2.43396 65.9386 
v -2.03372 2.82533 66.0561 
v -1.96402 3.0019 65.9774 
v -2.07668 2.63353 66.1047 
v -2.0912 2.43396 66.121 
v -2.07669 2.23439 66.1047 
v -2.03373 2.04259 66.0561 
v -1.96404 1.86602 65.9774 
v -1.87037 1.73791 65.8716 
v -1.92132 2.0145 66.2125 
v -1.95782 2.2199 66.2736 
v -1.86229 1.82591 66.1135 
v -1.78325 3.20645 65.9811 
v -1.86227 3.042 66.1135 
v -1.9213 2.85342 66.2125 
v -1.95781 2.64801 66.2736 
v -1.97017 2.43396 66.2943 
v -1.73919 2.6339 66.3618 
v -1.71581 2.82596 66.2981 
v -1.74709 2.43396 66.3833 
v -1.73919 2.23401 66.3618 
v -1.71582 2.04195 66.2981 
v -1.67794 1.86526 66.1949 
v -1.62706 3.15716 66.0563 
v -1.67792 3.00265 66.1949 
v -1.42156 3.39792 65.719 
v -1.52378 1.82401 66.2749 
v -1.5448 2.01285 66.3928 
v -1.49574 3.20822 66.1174 
v -1.49576 1.70353 66.1174 
v -1.52377 3.0439 66.2749 
v -1.54479 2.85505 66.3928 
v -1.42359 1.54977 65.7189 
v -1.55783 2.64897 66.4658 
v -1.56225 2.43395 66.4905 
v -1.55783 2.21894 66.4658 
v -1.33936 2.63406 66.4524 
v -1.33935 2.82624 66.3834 
v -1.33936 2.43395 66.4758 
v -1.33936 2.23384 66.4524 
v -1.33936 2.04166 66.3834 
v -1.33936 1.86493 66.2715 
v -1.33934 3.15746 66.1213 
v -1.33935 3.00297 66.2715 
v -1.33936 1.86493 66.2715 
v -1.15494 1.824 66.2749 
v -1.13393 2.01285 66.3928 
v -1.33936 2.04166 66.3834 
v -1.18294 3.20822 66.1175 
v -1.18297 1.70352 66.1175 
v -1.33935 3.00297 66.2715 
v -1.15493 3.04389 66.2749 
v -1.33935 2.82624 66.3834 
v -1.13392 2.85505 66.3928 
v -1.25513 1.54976 65.7189 
v -1.33936 2.63406 66.4524 
v -1.12088 2.64896 66.4658 
v -1.33936 2.43395 66.4758 
v -1.11646 2.43395 66.4905 
v -1.33936 2.23384 66.4524 
v -1.12089 2.21893 66.4658 
v -0.931625 2.43394 66.3833 
v -0.939523 2.63389 66.3618 
v -0.939528 2.234 66.3618 
v -0.962903 2.04194 66.2981 
v -1.00079 1.86525 66.1949 
v -1.05163 3.15715 66.0563 
v -1.00077 3.00264 66.1949 
v -0.962892 2.82595 66.2981 
v -0.895453 1.7047 65.9811 
v -0.816432 1.8259 66.1136 
v -0.816415 3.04199 66.1136 
v -0.895432 3.20643 65.9811 
v -0.991212 1.61569 65.8214 
v -0.757392 2.8534 66.2125 
v -0.720893 2.648 66.2736 
v -0.708542 2.43394 66.2943 
v -0.720899 2.21989 66.2736 
v -0.757404 2.01448 66.2125 
v -0.991188 3.34048 65.8214 
v -0.602026 2.23437 66.1047 
v -0.58751 2.43394 66.1211 
v -0.644986 2.04257 66.0562 
v -0.714678 1.866 65.9774 
v -0.714662 3.00188 65.9774 
v -0.644975 2.82531 66.0562 
v -0.60202 2.63351 66.1047 
v -0.560821 3.03952 65.8193 
v -0.473712 2.85136 65.8847 
v -0.419988 2.64684 65.925 
v -0.401834 2.43394 65.9387 
v -0.419994 2.22104 65.925 
v -0.473724 2.01651 65.8847 
v -0.560838 1.82836 65.8193 
v -1.4079 3.26401 65.218 
v -1.35967 3.47313 65.1695 
v -1.38479 3.49814 65.2481 
v -1.42755 3.26611 65.2956 
v -1.42666 3.30176 65.3686 
v -1.38009 3.51421 65.3335 
v -1.24212 3.47287 65.3652 
v -1.23302 3.68002 65.1413 
v -1.25344 3.7211 65.3052 
v -1.32067 3.71998 65.2875 
v -1.31221 3.72123 65.2074 
v -1.30191 3.68223 65.1369 
v -1.75992 1.55229 65.2444 
v -2.37918 2.63301 65.2905 
v -2.31881 2.82439 65.2905 
v -2.35546 2.84968 65.1196 
v -2.41816 2.64592 65.1056 
v -2.39957 2.43396 65.2905 
v -2.43934 2.43396 65.1008 
v -2.37918 2.23492 65.2905 
v -2.41817 2.22201 65.1056 
v -1.7503 3.39484 65.2333 
v -2.31882 2.04354 65.2905 
v -2.35547 2.01825 65.1196 
v -2.2208 1.86718 65.2905 
v -2.25369 1.83054 65.1424 
v -2.08889 3.15527 65.2905 
v -2.11676 3.20179 65.173 
v -2.22078 3.00074 65.2905 
v -2.25368 3.03738 65.1424 
v -2.15425 3.00111 64.9279 
v -2.24495 2.82468 64.8854 
v -2.30083 2.63317 64.8592 
v -2.3197 2.43396 64.8504 
v -2.30083 2.23475 64.8592 
v -2.24496 2.04324 64.8854 
v -2.15426 1.86681 64.9279 
v -2.03223 3.15565 64.985 
v -1.51724 3.32982 65.1693 
v -2.25869 2.22106 64.656 
v -2.20497 2.01654 64.6964 
v -1.85863 3.33847 64.9552 
v -2.11786 1.82838 64.7618 
v -2.00085 3.20402 64.8495 
v -2.00087 1.70633 64.8495 
v -2.11784 3.03954 64.7618 
v -2.20495 2.85139 64.6964 
v -2.25868 2.64686 64.656 
v -2.27684 2.43396 64.6424 
v -1.964 3.0019 64.6036 
v -2.03369 2.82533 64.5249 
v -2.07665 2.63353 64.4764 
v -2.09117 2.43396 64.46 
v -2.07666 2.23439 64.4764 
v -2.0337 2.04259 64.5249 
v -1.96402 1.86602 64.6036 
v -1.87035 1.73791 64.7094 
v -1.95778 2.2199 64.3074 
v -1.92129 2.0145 64.3685 
v -1.57313 3.39715 64.9334 
v -1.86226 1.82591 64.4675 
v -1.78323 3.20645 64.6 
v -1.86225 3.042 64.4675 
v -1.92127 2.85342 64.3685 
v -1.95778 2.64801 64.3074 
v -1.97014 2.43396 64.2868 
v -1.52375 1.82401 64.3061 
v -1.49571 3.20822 64.4636 
v -1.49573 1.70353 64.4636 
v -1.42357 1.54977 64.8622 
v -1.55779 2.64897 64.1152 
v -1.15491 1.824 64.3061 
v -1.18294 1.70352 64.4636 
v -1.25512 1.54976 64.8622 
v -0.816405 1.8259 64.4675 
v -0.720867 2.21989 64.3074 
v -0.757374 2.01448 64.3686 
v -2.41817 2.64592 65.4754 
v -2.35547 2.84968 65.4614 
v -2.43934 2.43396 65.4802 
v -2.41817 2.22201 65.4754 
v -2.35548 2.01825 65.4614 
v -2.2537 1.83054 65.4386 
v -2.11676 3.20179 65.4081 
v -2.25368 3.03738 65.4386 
v -2.24496 2.82468 65.6956 
v -2.15426 3.00111 65.6531 
v -2.30084 2.63317 65.7218 
v -2.31971 2.43396 65.7306 
v -2.30084 2.23475 65.7218 
v -2.24498 2.04324 65.6956 
v -2.15427 1.86681 65.6531 
v -2.03224 3.15565 65.596 
v -2.20499 2.01654 65.8847 
v -2.25871 2.22106 65.925 
v -2.11787 1.82838 65.8193 
v -2.00086 3.20402 65.7315 
v -2.11786 3.03954 65.8193 
v -2.20497 2.85139 65.8847 
v -2.25871 2.64686 65.925 
v -2.27687 2.43396 65.9386 
v -2.03372 2.82533 66.0561 
v -1.96402 3.0019 65.9774 
v -2.07668 2.63353 66.1047 
v -2.0912 2.43396 66.121 
v -2.07669 2.23439 66.1047 
v -2.03373 2.04259 66.0561 
v -1.96404 1.86602 65.9774 
v -1.87037 1.73791 65.8716 
v -1.92132 2.0145 66.2125 
v -1.95782 2.2199 66.2736 
v -1.86229 1.82591 66.1135 
v -1.78325 3.20645 65.9811 
v -1.86227 3.042 66.1135 
v -1.9213 2.85342 66.2125 
v -1.95781 2.64801 66.2736 
v -1.97017 2.43396 66.2943 
v -1.35967 3.47313 65.1695 
v -1.17425 3.67989 65.2391 
v -1.17514 3.64424 65.1661 
v -1.74495 1.59208 65.2905 
v -1.92823 1.65453 65.2905 
v -1.95004 1.61836 65.2091 
v -1.75992 1.55229 65.2444 
v -1.53649 1.5848 65.2905 
v -1.5462 1.57338 65.2567 
v -2.2208 1.86718 65.2905 
v -2.25369 1.83054 65.1424 
v -2.08891 1.7387 65.2905 
v -2.11678 1.70781 65.173 
v -2.03225 1.73845 64.985 
v -1.88366 1.6543 65.0544 
v -1.71421 1.59192 65.1321 
v -1.53131 1.58645 65.2053 
v -2.15426 1.86681 64.9279 
v -1.51724 3.32982 65.1693 
v -2.25869 2.22106 64.656 
v -2.11786 1.82838 64.7618 
v -2.00087 1.70633 64.8495 
v -1.85865 1.61705 64.9552 
v -1.69677 1.55133 65.0696 
v -1.51726 1.57342 65.1694 
v -1.75636 1.65385 64.838 
v -1.62648 1.59159 64.9831 
v -1.48642 1.5862 65.129 
v -2.0337 2.04259 64.5249 
v -1.96402 1.86602 64.6036 
v -1.87035 1.73791 64.7094 
v -1.95778 2.2199 64.3074 
v -1.86226 1.82591 64.4675 
v -1.78325 1.70471 64.6 
v -1.68749 1.6157 64.7597 
v -1.57878 1.55039 64.9353 
v -1.45844 1.57303 65.1025 
v -1.56523 1.65346 64.6931 
v -1.49484 1.59133 64.8835 
v -1.41901 1.58601 65.078 
v -1.67791 1.86526 64.3861 
v -1.62705 1.73743 64.5247 
v -1.52375 1.82401 64.3061 
v -1.49573 1.70353 64.4636 
v -1.46189 1.61476 64.6531 
v -1.42357 1.54977 64.8622 
v -1.38122 1.57278 65.0662 
v -1.5578 2.21894 64.1152 
v -1.33934 1.59123 64.8484 
v -1.33935 1.58593 65.06 
v -1.33933 1.86493 64.3096 
v -1.33934 1.73723 64.4598 
v -1.33934 1.6533 64.6421 
v -1.33933 1.86493 64.3096 
v -1.15491 1.824 64.3061 
v -1.33934 1.73723 64.4598 
v -1.18294 1.70352 64.4636 
v -1.33934 1.6533 64.6421 
v -1.21679 1.61476 64.6531 
v -1.33934 1.59123 64.8484 
v -1.25512 1.54976 64.8622 
v -1.33935 1.58593 65.06 
v -1.29748 1.57278 65.0662 
v -1.18385 1.59133 64.8835 
v -1.25969 1.586 65.078 
v -1.00076 1.86525 64.3862 
v -1.05162 1.73742 64.5247 
v -1.11345 1.65346 64.6931 
v -0.816405 1.8259 64.4675 
v -0.89543 1.7047 64.6 
v -0.991195 1.61569 64.7597 
v -1.09991 1.55038 64.9353 
v -1.22025 1.57303 65.1025 
v -0.714655 1.866 64.6036 
v -0.808331 1.7379 64.7094 
v -0.922323 1.65384 64.838 
v -1.05221 1.59159 64.9831 
v -1.19228 1.5862 65.129 
v -0.677814 1.70631 64.8495 
v -0.820037 1.61704 64.9552 
v -0.981921 1.55132 65.0696 
v -1.16144 1.57342 65.1694 
v -0.419973 2.22104 64.656 
v -0.560821 1.82836 64.7618 
v -0.52442 1.86679 64.9279 
v -0.646435 1.73843 64.985 
v -0.795035 1.65429 65.0544 
v -0.964486 1.5919 65.1321 
v -1.14739 1.58644 65.2053 
v -0.561915 1.70779 65.173 
v -0.728658 1.61834 65.2091 
v -0.918786 1.55228 65.2444 
v -1.1325 1.57338 65.2567 
v -0.424997 1.83051 65.1425 
v -0.457894 1.86716 65.2905 
v -0.58979 1.73868 65.2905 
v -0.750473 1.65451 65.2905 
v -0.933757 1.59207 65.2905 
v -1.14221 1.58479 65.2905 
v -1.33935 1.61638 65.2905 
v -1.33935 1.61638 65.2905 
v -1.75992 1.55229 65.3366 
v -1.95004 1.61836 65.3719 
v -1.5462 1.57338 65.3243 
v -2.2537 1.83054 65.4386 
v -2.11678 1.70781 65.4081 
v -1.88367 1.6543 65.5267 
v -2.03226 1.73845 65.596 
v -1.71422 1.59192 65.4489 
v -1.53131 1.58645 65.3757 
v -2.15427 1.86681 65.6531 
v -2.20499 2.01654 65.8847 
v -2.25871 2.22106 65.925 
v -2.11787 1.82838 65.8193 
v -2.00088 1.70633 65.7315 
v -1.85866 1.61705 65.6258 
v -1.69678 1.55133 65.5114 
v -1.51727 1.57342 65.4117 
v -1.62649 1.59159 65.5979 
v -1.75638 1.65385 65.7431 
v -1.48642 1.5862 65.452 
v -2.03373 2.04259 66.0561 
v -1.96404 1.86602 65.9774 
v -1.87037 1.73791 65.8716 
v -1.95782 2.2199 66.2736 
v -1.86229 1.82591 66.1135 
v -1.78327 1.70471 65.9811 
v -1.68751 1.6157 65.8214 
v -1.5788 1.55039 65.6458 
v -1.45845 1.57303 65.4785 
v -1.49485 1.59133 65.6976 
v -1.56525 1.65346 65.888 
v -1.41901 1.58601 65.5031 
v -1.67794 1.86526 66.1949 
v -1.62708 1.73743 66.0563 
v -1.42156 3.39792 65.719 
v -1.52378 1.82401 66.2749 
v -1.49576 1.70353 66.1174 
v -1.46191 1.61476 65.9279 
v -1.54479 2.85505 66.3928 
v -1.42359 1.54977 65.7189 
v -1.38123 1.57278 65.5148 
v -1.33935 1.58593 65.521 
v -1.33936 1.59123 65.7326 
v -1.33936 1.86493 66.2715 
v -1.33934 3.15746 66.1213 
v -1.33936 1.73723 66.1213 
v -1.33936 1.6533 65.9389 
v -1.33936 1.86493 66.2715 
v -1.15494 1.824 66.2749 
v -1.33936 1.73723 66.1213 
v -1.18297 1.70352 66.1175 
v -1.33936 1.6533 65.9389 
v -1.21681 1.61476 65.9279 
v -1.33936 1.59123 65.7326 
v -1.25513 1.54976 65.7189 
v -1.33935 1.58593 65.521 
v -1.29748 1.57278 65.5148 
v -1.2597 1.586 65.5031 
v -1.18386 1.59133 65.6976 
v -1.00079 1.86525 66.1949 
v -1.05165 1.73743 66.0563 
v -1.11347 1.65346 65.888 
v -0.895453 1.7047 65.9811 
v -0.816432 1.8259 66.1136 
v -0.991212 1.61569 65.8214 
v -1.09992 1.55038 65.6458 
v -1.22026 1.57303 65.4785 
v -0.757404 2.01448 66.2125 
v -0.714678 1.866 65.9774 
v -0.80835 1.7379 65.8717 
v -0.922338 1.65384 65.7431 
v -1.05222 1.59159 65.5979 
v -1.19229 1.5862 65.452 
v -0.820048 1.61704 65.6258 
v -0.677829 1.70631 65.7315 
v -0.981928 1.55132 65.5114 
v -1.16144 1.57342 65.4117 
v -0.419994 2.22104 65.925 
v -0.560838 1.82836 65.8193 
v -0.524432 1.86679 65.6532 
v -0.646445 1.73843 65.596 
v -0.795042 1.65429 65.5267 
v -0.964491 1.5919 65.4489 
v -1.14739 1.58644 65.3757 
v -0.728661 1.61834 65.3719 
v -0.561918 1.70779 65.4081 
v -0.918787 1.55228 65.3367 
v -1.1325 1.57338 65.3243 
v -0.323218 2.01822 65.4614 
v -0.425002 1.83051 65.4386 
v -1.22525 3.3254 65.2905 
v -1.22498 3.32284 65.3163 
v -1.22669 3.32524 65.3089 
v -1.21532 3.31529 65.2905 
v -1.22744 3.3254 65.2653 
v -1.22669 3.32524 65.2721 
v -1.22498 3.32284 65.2648 
v -1.23393 3.3254 65.3399 
v -1.22478 3.31531 65.3442 
v -1.22284 3.31394 65.3422 
v -1.22284 3.31394 65.2388 
v -1.22478 3.31531 65.2368 
v -1.24261 3.32312 65.3637 
v -1.24179 3.32524 65.3569 
v -1.24447 3.3254 65.2188 
v -1.24179 3.32524 65.2241 
v -1.24261 3.32312 65.2174 
v -1.25158 3.3152 65.3899 
v -1.24962 3.31413 65.389 
v -1.24962 3.31413 65.192 
v -1.25158 3.3152 65.1912 
v -1.27266 3.3254 65.3948 
v -1.27349 3.3254 65.3956 
v -1.27323 3.32564 65.3949 
v -1.27266 3.3254 65.1862 
v -1.29698 3.34601 65.3623 
v -1.27323 3.32564 65.1862 
v -1.27349 3.3254 65.1854 
v -1.27524 3.32409 65.3991 
v -1.29567 3.3254 65.1712 
v -1.27523 3.32409 65.1819 
v -1.29171 3.31485 65.4207 
v -1.29055 3.31429 65.4207 
v -1.31688 3.3254 65.4171 
v -1.31592 3.3259 65.4159 
v -1.31476 3.3254 65.4164 
v -1.31476 3.3254 65.1646 
v -1.31592 3.3259 65.1651 
v -1.31687 3.3254 65.1639 
v -1.29054 3.31429 65.1604 
v -1.2917 3.31485 65.1604 
v -1.31706 3.32531 65.4173 
v -1.31705 3.32531 65.1638 
v -1.33933 3.31435 65.432 
v -1.33932 3.31435 65.1491 
v -1.33932 3.31435 65.1491 
v -1.3616 3.32531 65.4173 
v -1.33933 3.31435 65.432 
v -1.36389 3.3254 65.4164 
v -1.36274 3.3259 65.4159 
v -1.36178 3.3254 65.4171 
v -1.36178 3.3254 65.1639 
v -1.36273 3.3259 65.1651 
v -1.36389 3.3254 65.1646 
v -1.3616 3.32531 65.1638 
v -1.38695 3.31485 65.4207 
v -1.38695 3.31485 65.1604 
v -1.40342 3.32409 65.3991 
v -1.38811 3.31429 65.4207 
v -1.40599 3.3254 65.3948 
v -1.40542 3.32564 65.3949 
v -1.40517 3.3254 65.3956 
v -1.40516 3.3254 65.1854 
v -1.40542 3.32564 65.1862 
v -1.40599 3.3254 65.1862 
v -1.3881 3.31429 65.1604 
v -1.40342 3.32409 65.1819 
v -1.42708 3.3152 65.3899 
v -1.43418 3.3254 65.3623 
v -1.42708 3.3152 65.1912 
v -1.43604 3.32312 65.3637 
v -1.42903 3.31413 65.389 
v -1.44472 3.3254 65.2411 
v -1.42903 3.31413 65.192 
v -1.43604 3.32312 65.2174 
v -1.45387 3.31532 65.3442 
v -1.43687 3.32525 65.3569 
v -1.45121 3.3254 65.3157 
v -1.43686 3.32525 65.2241 
v -1.45387 3.31532 65.2368 
v -1.45368 3.32284 65.3163 
v -1.45581 3.31394 65.3422 
v -1.4534 3.3254 65.2905 
v -1.45581 3.31394 65.2388 
v -1.45368 3.32284 65.2648 
v -1.46333 3.31529 65.2905 
v -1.45196 3.32524 65.3089 
v -1.45196 3.32524 65.2721 
v -1.33933 3.3197 65.2905 
v -1.28112 3.22602 65.2472 
v -1.22171 3.43179 65.2013 
v -1.28848 3.44802 65.1677 
v -1.34836 3.2249 65.2295 
v -1.4079 3.26401 65.218 
v -1.35967 3.47313 65.1695 
v -1.17514 3.64424 65.1661 
v -1.23302 3.68002 65.1413 
v -1.23302 3.68002 65.1413 
v -1.30191 3.68223 65.1369 
v -1.34836 3.2249 65.2295 
v -1.28848 3.44802 65.1677 
v -1.74495 1.59208 65.2905 
v -1.75992 1.55229 65.2444 
v -2.41816 2.64592 65.1056 
v -2.37918 2.23492 65.2905 
v -2.25369 1.83054 65.1424 
v -2.11676 3.20179 65.173 
v -2.11678 1.70781 65.173 
v -2.25869 2.22106 64.656 
v -2.20497 2.01654 64.6964 
v -2.11786 1.82838 64.7618 
v -2.11784 3.03954 64.7618 
v -2.20495 2.85139 64.6964 
v -1.69677 1.55133 65.0696 
v -2.25868 2.64686 64.656 
v -2.27684 2.43396 64.6424 
v -1.964 3.0019 64.6036 
v -2.03369 2.82533 64.5249 
v -2.07665 2.63353 64.4764 
v -2.09117 2.43396 64.46 
v -2.07666 2.23439 64.4764 
v -2.0337 2.04259 64.5249 
v -1.96402 1.86602 64.6036 
v -1.87035 1.73791 64.7094 
v -1.95778 2.2199 64.3074 
v -1.92129 2.0145 64.3685 
v -1.86226 1.82591 64.4675 
v -1.78323 3.20645 64.6 
v -1.86225 3.042 64.4675 
v -1.92127 2.85342 64.3685 
v -1.95778 2.64801 64.3074 
v -1.97014 2.43396 64.2868 
v -1.71578 2.82596 64.2829 
v -1.73915 2.6339 64.2193 
v -1.74705 2.43396 64.1978 
v -1.73916 2.23401 64.2193 
v -1.71579 2.04195 64.2829 
v -1.67791 1.86526 64.3861 
v -1.62703 3.15716 64.5247 
v -1.67789 3.00265 64.3861 
v -1.46187 3.34189 64.6531 
v -1.54476 2.01285 64.1883 
v -1.52375 1.82401 64.3061 
v -1.49571 3.20822 64.4636 
v -1.52374 3.0439 64.3061 
v -1.54475 2.85505 64.1883 
v -1.42357 1.54977 64.8622 
v -1.55779 2.64897 64.1152 
v -1.56221 2.43395 64.0905 
v -1.5578 2.21894 64.1152 
v -1.33932 2.82624 64.1977 
v -1.33932 2.63406 64.1286 
v -1.33932 2.43395 64.1053 
v -1.33932 2.23384 64.1286 
v -1.33933 2.04166 64.1977 
v -1.33933 1.86493 64.3096 
v -1.33932 3.15746 64.4598 
v -1.33931 3.00297 64.3096 
v -1.33933 1.86493 64.3096 
v -1.33933 2.04166 64.1977 
v -1.13389 2.01285 64.1883 
v -1.15491 1.824 64.3061 
v -1.21676 3.34189 64.6531 
v -1.18292 3.20821 64.4636 
v -1.18294 1.70352 64.4636 
v -1.33931 3.00297 64.3096 
v -1.15489 3.04389 64.3061 
v -1.33932 2.82624 64.1977 
v -1.13388 2.85505 64.1883 
v -1.33932 2.63406 64.1286 
v -1.12084 2.64896 64.1153 
v -1.33932 2.43395 64.1053 
v -1.11642 2.43395 64.0905 
v -1.33932 2.23384 64.1286 
v -1.12085 2.21893 64.1153 
v -0.939487 2.63389 64.2193 
v -0.931589 2.43394 64.1978 
v -0.939493 2.234 64.2193 
v -0.96287 2.04194 64.283 
v -1.00076 1.86525 64.3862 
v -1.0516 3.15715 64.5247 
v -1.00074 3.00264 64.3862 
v -0.962859 2.82595 64.283 
v -0.816405 1.8259 64.4675 
v -0.895409 3.20643 64.6 
v -0.816388 3.04199 64.4675 
v -0.991195 1.61569 64.7597 
v -0.757362 2.8534 64.3686 
v -0.720861 2.648 64.3074 
v -0.708509 2.43394 64.2868 
v -0.720867 2.21989 64.3074 
v -0.757374 2.01448 64.3686 
v -0.99117 3.34048 64.7597 
v -0.587482 2.43394 64.46 
v -0.601999 2.23437 64.4764 
v -0.64496 2.04257 64.5249 
v -0.714655 1.866 64.6036 
v -0.714639 3.00188 64.6036 
v -0.644949 2.82531 64.5249 
v -0.601993 2.63351 64.4764 
v -0.560804 3.03952 64.7618 
v -0.473692 2.85136 64.6964 
v -0.419967 2.64684 64.656 
v -0.401813 2.43394 64.6424 
v -0.419973 2.22104 64.656 
v -0.473704 2.01651 64.6964 
v -0.560821 1.82836 64.7618 
v -1.75992 1.55229 65.3366 
v -1.95004 1.61836 65.3719 

vn 0.96063 -0.212598 0.173228 
vn 0.944882 -0.259843 0.181102 
vn 0.795276 -0.362205 -0.488189 
vn 0.811024 -0.307087 -0.503937 
vn -0.629921 0.00787402 -0.779528 
vn 0.606299 -0.0708661 0.795276 
vn 0.629921 -0.00787402 0.779528 
vn 0.322835 0.929134 -0.188976 
vn 0.944882 0.314961 0.0393701 
vn 0.850394 0.0472441 -0.519685 
vn 0.307087 0.362205 -0.88189 
vn 0.0708661 0.740157 0.669291 
vn 0.692913 0.322835 0.645669 
vn -0.173228 -0.677165 -0.716535 
vn -0.0472441 -0.992126 -0.0866142 
vn -0.228346 -0.228346 -0.944882 
vn 0.314961 0.732283 -0.606299 
vn 0.488189 -0.653543 -0.574803 
vn 0.433071 0.76378 -0.488189 
vn 0.511811 0.614173 -0.606299 
vn 0.574803 0.433071 -0.700787 
vn 0.614173 0.220472 -0.755906 
vn 0.629921 0 -0.779528 
vn 0.614173 -0.220472 -0.755906 
vn 0.574803 -0.433071 -0.700787 
vn 0.76378 0 -0.645669 
vn 0.748031 -0.204724 -0.629921 
vn 0.700787 -0.401575 -0.582677 
vn 0.614173 -0.614173 -0.496063 
vn 0.551181 0.716535 -0.425197 
vn 0.637795 0.574803 -0.519685 
vn 0.700787 0.401575 -0.582677 
vn 0.748031 0.204724 -0.629921 
vn 0.614173 0.740157 -0.275591 
vn 0.724409 0.590551 -0.362205 
vn 0.511811 -0.826772 -0.228346 
vn 0.811024 0.409449 -0.417323 
vn 0.866142 0.212598 -0.456693 
vn 0.88189 0 -0.472441 
vn 0.866142 -0.212598 -0.456693 
vn 0.811024 -0.409449 -0.417323 
vn 0.692913 -0.629921 -0.346457 
vn 0.944882 0 -0.314961 
vn 0.929134 -0.19685 -0.307087 
vn 0.874016 -0.385827 -0.283465 
vn 0.76378 -0.598425 -0.23622 
vn 0.692913 0.700787 -0.188976 
vn 0.795276 0.559055 -0.244094 
vn 0.874016 0.385827 -0.283465 
vn 0.929134 0.19685 -0.307087 
vn 0.574803 -0.818898 -0.00787402 
vn 0.811024 0.574803 -0.0629921 
vn 0.913386 0.401575 -0.0944882 
vn 0.976378 0.204724 -0.110236 
vn 0.992126 0 -0.11811 
vn 0.976378 -0.204724 -0.110236 
vn 0.0472441 0.992126 0.0944882 
vn 0.913386 -0.401575 -0.0944882 
vn 0.480315 0.874016 0.0551181 
vn 0.779528 -0.622047 -0.0629921 
vn 0.685039 0.732283 -0.00787402 
vn 0.984252 -0.19685 0 
vn 0.929134 -0.377953 0 
vn 0.80315 -0.590551 0 
vn 0.724409 0.685039 0 
vn 0.606299 -0.795276 0 
vn 0.834646 0.543307 0 
vn 0.929134 0.377953 0 
vn 0.984252 0.19685 0 
vn 1 0 0 
vn -0.614173 0.740157 0.275591 
vn -0.551181 0.716535 0.425197 
vn -0.433071 0.76378 0.488189 
vn -0.173228 -0.677165 0.716535 
vn -0.0472441 -0.992126 0.0866142 
vn -0.228346 -0.228346 0.944882 
vn 0.173228 -0.677165 0.716535 
vn 0.15748 0.779528 0.614173 
vn 0.110236 0.905512 0.401575 
vn 0.425197 -0.220472 0.874016 
vn 0.0629921 1 0.0551181 
vn 0.354331 -0.84252 0.401575 
vn 0.488189 -0.653543 0.574803 
vn 0.511811 0.614173 0.606299 
vn 0.433071 0.76378 0.488189 
vn 0.574803 0.433071 0.700787 
vn 0.614173 0.220472 0.755906 
vn 0.629921 0 0.779528 
vn 0.614173 -0.220472 0.755906 
vn 0.574803 -0.433071 0.700787 
vn 0.314961 0.897638 0.314961 
vn 0.748031 -0.204724 0.629921 
vn 0.76378 0 0.645669 
vn 0.700787 -0.401575 0.582677 
vn 0.433071 0.850394 0.299213 
vn 0.614173 -0.614173 0.496063 
vn 0.551181 0.716535 0.425197 
vn 0.456693 -0.818898 0.354331 
vn 0.637795 0.574803 0.519685 
vn 0.346457 -0.905512 0.228346 
vn 0.700787 0.401575 0.582677 
vn 0.748031 0.204724 0.629921 
vn 0.724409 0.590551 0.362205 
vn 0.614173 0.740157 0.275591 
vn 0.811024 0.409449 0.417323 
vn 0.866142 0.212598 0.456693 
vn 0.88189 0 0.472441 
vn 0.866142 -0.212598 0.456693 
vn 0.811024 -0.409449 0.417323 
vn 0.692913 -0.629921 0.346457 
vn 0.929134 -0.19685 0.307087 
vn 0.944882 0 0.314961 
vn 0.874016 -0.385827 0.283465 
vn 0.76378 -0.598425 0.23622 
vn 0.692913 0.700787 0.188976 
vn 0.795276 0.559055 0.244094 
vn 0.874016 0.385827 0.283465 
vn 0.929134 0.19685 0.307087 
vn 0.385827 -0.92126 -0.0629921 
vn 0.913386 0.401575 0.0944882 
vn 0.811024 0.574803 0.0629921 
vn 0.976378 0.204724 0.110236 
vn 0.992126 0 0.11811 
vn 0.976378 -0.204724 0.110236 
vn 0.913386 -0.401575 0.0944882 
vn 0.480315 0.874016 -0.0551181 
vn 0.779528 -0.622047 0.0629921 
vn 0.685039 0.732283 0.00787402 
vn -0.629921 0.00787402 -0.779528 
vn 0.629921 -0.00787402 0.779528 
vn 0.322835 0.929134 -0.188976 
vn 0.944882 0.314961 0.0393701 
vn 0.850394 0.0472441 -0.519685 
vn 0.307087 0.362205 -0.88189 
vn 0.0708661 0.740157 0.669291 
vn 0.692913 0.322835 0.645669 
vn -0.661417 0.629921 0.409449 
vn 0.0708661 0.740157 0.669291 
vn 0.322835 0.929134 -0.188976 
vn -0.653543 0.708661 -0.259843 
vn 0.307087 0.362205 -0.88189 
vn -0.472441 0.354331 -0.80315 
vn -0.929134 0.377953 0 
vn -0.913386 0.401575 -0.0944882 
vn -0.976378 0.204724 -0.110236 
vn -0.0393701 1 0 
vn 0.0866142 1 0 
vn 0.204724 0.976378 0.0866142 
vn -0.0472441 0.992126 0.0944882 
vn -0.535433 0.84252 0 
vn -0.480315 0.874016 0.0551181 
vn -0.779528 -0.622047 -0.0629921 
vn -0.724409 0.685039 0 
vn -0.685039 0.732283 -0.00787402 
vn -0.574803 -0.818898 -0.00787402 
vn -0.811024 0.574803 -0.0629921 
vn -0.795276 0.559055 -0.244094 
vn 0.0866142 0.992126 0.0944882 
vn -0.0944882 0.992126 0.0314961 
vn -0.527559 0.84252 -0.110236 
vn -0.692913 0.700787 -0.188976 
vn 0.15748 0.976378 0.141732 
vn -0.0472441 1 0.0393701 
vn -0.866142 -0.212598 -0.456693 
vn -0.440945 0.88189 -0.15748 
vn -0.692913 -0.629921 -0.346457 
vn -0.614173 0.740157 -0.275591 
vn -0.724409 0.590551 -0.362205 
vn -0.811024 0.409449 -0.417323 
vn -0.637795 0.574803 -0.519685 
vn 0.0472441 0.992126 0.110236 
vn -0.0944882 0.992126 -0.015748 
vn -0.700787 -0.401575 -0.582677 
vn -0.433071 0.850394 -0.299213 
vn -0.551181 0.716535 -0.425197 
vn -0.456693 -0.818898 -0.354331 
vn -0.0393701 1 0.023622 
vn -0.314961 0.897638 -0.314961 
vn -0.433071 0.76378 -0.488189 
vn -0.511811 0.614173 -0.606299 
vn -0.574803 0.433071 -0.700787 
vn 0.0944882 0.976378 0.181102 
vn 0.023622 0.992126 0.11811 
vn -0.0629921 1 -0.0551181 
vn -0.244094 0.866142 -0.440945 
vn -0.314961 0.732283 -0.606299 
vn -0.362205 0.590551 -0.716535 
vn -0.015748 1 0.00787402 
vn -0.110236 0.905512 -0.401575 
vn -0.15748 0.779528 -0.614173 
vn -0.188976 0.629921 -0.755906 
vn -0.212598 0.440945 -0.874016 
vn -0.228346 0.228346 -0.944882 
vn -0.0629921 1 -0.0551181 
vn 0.0314961 0.976378 0.19685 
vn -0.015748 1 0.00787402 
vn -0.015748 1 0.00787402 
vn 0.0314961 0.976378 0.19685 
vn 0 0.992126 0.11811 
vn 0 1 -0.0787402 
vn 0 1 -0.0787402 
vn 0 0.866142 -0.496063 
vn 0 0.740157 -0.669291 
vn 0 0.606299 -0.795276 
vn 0 0.740157 -0.669291 
vn 0 0.866142 -0.496063 
vn 0.110236 0.905512 -0.401575 
vn 0.15748 0.779528 -0.614173 
vn 0 0.606299 -0.795276 
vn 0.188976 0.629921 -0.755906 
vn 0 1 -0.0787402 
vn 0 0.992126 0.11811 
vn -0.0314961 0.976378 0.19685 
vn 0.015748 1 0.00787402 
vn -0.023622 0.992126 0.11811 
vn 0.0629921 1 -0.0551181 
vn 0.244094 0.866142 -0.440945 
vn 0.314961 0.732283 -0.606299 
vn 0.362205 0.590551 -0.716535 
vn 0.433071 0.76378 -0.488189 
vn 0.511811 0.614173 -0.606299 
vn 0.259843 -0.937008 -0.244094 
vn 0.614173 0.220472 -0.755906 
vn -0.0944882 0.976378 0.181102 
vn 0.0393701 1 0.023622 
vn 0.314961 0.897638 -0.314961 
vn -0.0472441 0.992126 0.110236 
vn 0.0944882 0.992126 -0.015748 
vn 0.433071 0.850394 -0.299213 
vn 0.614173 -0.614173 -0.496063 
vn 0.551181 0.716535 -0.425197 
vn 0.456693 -0.818898 -0.354331 
vn 0.637795 0.574803 -0.519685 
vn 0.614173 0.740157 -0.275591 
vn 0.724409 0.590551 -0.362205 
vn 0.811024 0.409449 -0.417323 
vn 0.866142 -0.212598 -0.456693 
vn -0.15748 0.976378 0.141732 
vn 0.0472441 1 0.0393701 
vn 0.440945 0.88189 -0.15748 
vn 0.692913 -0.629921 -0.346457 
vn -0.0866142 0.992126 0.0944882 
vn 0.0944882 0.992126 0.0314961 
vn 0.527559 0.84252 -0.110236 
vn 0.692913 0.700787 -0.188976 
vn 0.795276 0.559055 -0.244094 
vn 0.811024 0.574803 -0.0629921 
vn 0.913386 0.401575 -0.0944882 
vn 0.976378 0.204724 -0.110236 
vn -0.204724 0.976378 0.0866142 
vn 0.0472441 0.992126 0.0944882 
vn 0.480315 0.874016 0.0551181 
vn 0.685039 0.732283 -0.00787402 
vn -0.0866142 1 0 
vn 0.0393701 1 0 
vn 0.535433 0.84252 0 
vn 0.724409 0.685039 0 
vn 0.606299 -0.795276 0 
vn 0 1 0 
vn 0.0314961 0.976378 0.19685 
vn 0 0.992126 0.11811 
vn 0 1 0 
vn -0.976378 0.204724 0.110236 
vn -0.913386 0.401575 0.0944882 
vn -0.0472441 0.992126 -0.0944882 
vn 0.204724 0.976378 -0.0866142 
vn -0.480315 0.874016 -0.0551181 
vn -0.779528 -0.622047 0.0629921 
vn -0.685039 0.732283 0.00787402 
vn -0.574803 -0.818898 0.00787402 
vn -0.811024 0.574803 0.0629921 
vn -0.795276 0.559055 0.244094 
vn 0.0393701 -0.992126 -0.0866142 
vn -0.0944882 0.992126 -0.0314961 
vn 0.0866142 0.992126 -0.0944882 
vn -0.527559 0.84252 0.110236 
vn -0.692913 0.700787 0.188976 
vn -0.0472441 1 -0.0393701 
vn 0.15748 0.976378 -0.141732 
vn -0.866142 -0.212598 0.456693 
vn -0.440945 0.88189 0.15748 
vn -0.692913 -0.629921 0.346457 
vn -0.614173 0.740157 0.275591 
vn -0.724409 0.590551 0.362205 
vn -0.811024 0.409449 0.417323 
vn -0.866142 0.212598 0.456693 
vn -0.637795 0.574803 0.519685 
vn -0.0944882 0.992126 0.015748 
vn 0.0472441 0.992126 -0.110236 
vn -0.700787 -0.401575 0.582677 
vn -0.433071 0.850394 0.299213 
vn -0.551181 0.716535 0.425197 
vn -0.456693 -0.818898 0.354331 
vn -0.314961 0.897638 0.314961 
vn -0.0393701 1 -0.023622 
vn -0.433071 0.76378 0.488189 
vn -0.511811 0.614173 0.606299 
vn -0.574803 0.433071 0.700787 
vn -0.11811 -0.992126 0.0393701 
vn 0.0944882 0.976378 -0.181102 
vn -0.11811 -0.984252 0.15748 
vn -0.0629921 1 0.0551181 
vn 0.023622 0.992126 -0.11811 
vn -0.244094 0.866142 0.440945 
vn -0.314961 0.732283 0.606299 
vn -0.362205 0.590551 0.716535 
vn -0.110236 0.905512 0.401575 
vn -0.015748 1 -0.00787402 
vn -0.15748 0.779528 0.614173 
vn -0.188976 0.629921 0.755906 
vn -0.212598 0.440945 0.874016 
vn -0.228346 0.228346 0.944882 
vn -0.0629921 1 0.0551181 
vn -0.015748 1 -0.00787402 
vn 0.0314961 0.976378 -0.19685 
vn 0.023622 0.992126 -0.11811 
vn 0 1 0.0787402 
vn 0 0.992126 -0.11811 
vn 0 0.866142 0.496063 
vn 0 1 0.0787402 
vn 0 0.740157 0.669291 
vn 0 0.606299 0.795276 
vn 0 0.740157 0.669291 
vn 0.15748 0.779528 0.614173 
vn 0.110236 0.905512 0.401575 
vn 0 0.866142 0.496063 
vn 0 0.606299 0.795276 
vn 0.188976 0.629921 0.755906 
vn 0 1 0.0787402 
vn 0.015748 1 -0.00787402 
vn -0.0314961 0.976378 -0.19685 
vn 0 0.992126 -0.11811 
vn 0.0629921 1 0.0551181 
vn -0.023622 0.992126 -0.11811 
vn 0.244094 0.866142 0.440945 
vn 0.314961 0.732283 0.606299 
vn 0.362205 0.590551 0.716535 
vn 0.401575 0.417323 0.811024 
vn 0.511811 0.614173 0.606299 
vn 0.433071 0.76378 0.488189 
vn 0.259843 -0.937008 0.244094 
vn 0.574803 0.433071 0.700787 
vn 0.0393701 1 -0.023622 
vn -0.0944882 0.976378 -0.181102 
vn 0.314961 0.897638 0.314961 
vn 0.0944882 0.992126 0.015748 
vn -0.0472441 0.992126 -0.110236 
vn 0.433071 0.850394 0.299213 
vn 0.614173 -0.614173 0.496063 
vn 0.551181 0.716535 0.425197 
vn 0.637795 0.574803 0.519685 
vn 0.724409 0.590551 0.362205 
vn 0.614173 0.740157 0.275591 
vn 0.811024 0.409449 0.417323 
vn 0.866142 -0.212598 0.456693 
vn 0.0472441 1 -0.0393701 
vn -0.15748 0.976378 -0.141732 
vn 0.440945 0.88189 0.15748 
vn 0.0944882 0.992126 -0.0314961 
vn -0.0866142 0.992126 -0.0944882 
vn 0.527559 0.84252 0.110236 
vn 0.692913 0.700787 0.188976 
vn 0.795276 0.559055 0.244094 
vn 0.385827 -0.92126 -0.0629921 
vn 0.811024 0.574803 0.0629921 
vn 0.0472441 0.992126 -0.0944882 
vn -0.204724 0.976378 -0.0866142 
vn 0.480315 0.874016 -0.0551181 
vn 0.779528 -0.622047 0.0629921 
vn 0.685039 0.732283 0.00787402 
vn 0.0314961 0.976378 -0.19685 
vn 0 0.992126 -0.11811 
vn 0.637795 0.76378 0 
vn 0.629921 0.771654 0.110236 
vn 0.96063 -0.19685 -0.19685 
vn 0.629921 -0.76378 0.149606 
vn 0.929134 -0.377953 0 
vn 0.488189 0.874016 0 
vn 0.480315 0.874016 0.0866142 
vn 0.629921 0.771654 -0.110236 
vn 0.629921 -0.76378 -0.149606 
vn 0.96063 -0.19685 0.19685 
vn 0.598425 0.771654 0.220472 
vn 0.614173 -0.165354 0.771654 
vn 0.866142 -0.385827 0.314961 
vn 0.346457 0.937008 0 
vn 0.338583 0.937008 0.0629921 
vn 0.480315 0.874016 -0.0866142 
vn 0.448819 0.874016 0.165354 
vn 0.598425 0.771654 -0.220472 
vn 0.866142 -0.385827 -0.314961 
vn 0.614173 -0.165354 -0.771654 
vn 0.543307 0.779528 0.322835 
vn 0.968504 -0.19685 0.141732 
vn 0.535433 -0.771654 0.346457 
vn 0.228346 0.976378 0 
vn 0.220472 0.976378 0.0393701 
vn 0.338583 0.937008 -0.0629921 
vn 0.322835 0.937008 0.11811 
vn 0.448819 0.874016 -0.165354 
vn 0.409449 0.88189 0.244094 
vn 0.543307 0.779528 -0.322835 
vn 0.535433 -0.771654 -0.346457 
vn 0.968504 -0.19685 -0.141732 
vn 0.464567 0.787402 0.409449 
vn 0.251969 -0.181102 0.952756 
vn 0.692913 -0.401575 0.598425 
vn 0.110236 0.992126 0 
vn 0.110236 0.992126 0.015748 
vn 0.220472 0.976378 -0.0393701 
vn 0.204724 0.976378 0.0787402 
vn 0.322835 0.937008 -0.11811 
vn 0.291339 0.944882 0.173228 
vn 0.409449 0.88189 -0.244094 
vn 0.346457 0.88189 0.307087 
vn 0.464567 0.787402 -0.409449 
vn 0.692913 -0.401575 -0.598425 
vn 0.251969 -0.181102 -0.952756 
vn 0.0393701 -0.0629921 1 
vn 0 1 0 
vn 0.110236 0.992126 -0.015748 
vn 0.102362 0.992126 0.0393701 
vn 0.204724 0.976378 -0.0787402 
vn 0.188976 0.976378 0.110236 
vn 0.291339 0.944882 -0.173228 
vn 0.251969 0.944882 0.220472 
vn 0.346457 0.88189 -0.307087 
vn 0.275591 0.889764 0.362205 
vn 0.370079 0.795276 0.488189 
vn 0.944882 -0.0944882 0.314961 
vn 0.244094 -0.897638 0.370079 
vn 0.0393701 -0.0629921 -1 
vn 0.102362 0.992126 -0.0393701 
vn 0.0944882 0.992126 0.0551181 
vn 0.188976 0.976378 -0.110236 
vn 0.15748 0.976378 0.141732 
vn 0.251969 0.944882 -0.220472 
vn 0.19685 0.944882 0.259843 
vn 0.275591 0.889764 -0.362205 
vn 0.244094 -0.897638 -0.370079 
vn 0.944882 -0.0944882 -0.314961 
vn 0.370079 0.795276 -0.488189 
vn 0.866142 -0.19685 0.464567 
vn 0.188976 0.889764 0.409449 
vn 0.251969 0.795276 0.543307 
vn 0.0944882 0.992126 -0.0551181 
vn 0.0787402 0.992126 0.0708661 
vn 0.15748 0.976378 -0.141732 
vn 0.125984 0.976378 0.165354 
vn 0.19685 0.944882 -0.259843 
vn 0.133858 0.944882 0.291339 
vn 0.188976 0.889764 -0.409449 
vn 0.251969 0.795276 -0.543307 
vn 0.866142 -0.19685 -0.464567 
vn -0.149606 -0.19685 0.968504 
vn 0.409449 -0.417323 0.811024 
vn 0.0944882 0.897638 0.433071 
vn 0.133858 0.80315 0.582677 
vn 0.779528 -0.0866142 0.622047 
vn 0.125984 -0.897638 0.417323 
vn -0.370079 -0.0787402 0.929134 
vn 0.0787402 0.992126 -0.0708661 
vn 0.0629921 0.992126 0.0787402 
vn 0.125984 0.976378 -0.165354 
vn 0.0866142 0.976378 0.181102 
vn 0.133858 0.944882 -0.291339 
vn 0.0708661 0.952756 0.307087 
vn 0.0944882 0.897638 -0.433071 
vn -0.370079 -0.0787402 -0.929134 
vn 0.125984 -0.897638 -0.417323 
vn 0.779528 -0.0866142 -0.622047 
vn 0.133858 0.80315 -0.582677 
vn 0.409449 -0.417323 -0.811024 
vn -0.149606 -0.19685 -0.968504 
vn 0.645669 -0.188976 0.740157 
vn 0 0.897638 0.440945 
vn 0 0.80315 0.598425 
vn 0.0629921 0.992126 -0.0787402 
vn 0.0393701 0.992126 0.0944882 
vn 0.0866142 0.976378 -0.181102 
vn 0.0472441 0.976378 0.19685 
vn 0.0708661 0.952756 -0.307087 
vn 0 0.952756 0.314961 
vn 0 0.897638 -0.440945 
vn 0 0.80315 -0.598425 
vn 0.645669 -0.188976 -0.740157 
vn 0 -0.409449 0.913386 
vn 0 0.897638 0.440945 
vn -0.0944882 0.897638 0.433071 
vn -0.133858 0.80315 0.582677 
vn 0 0.80315 0.598425 
vn 0.0393701 0.992126 -0.0944882 
vn 0.023622 0.992126 0.0944882 
vn 0.0472441 0.976378 -0.19685 
vn 0 0.976378 0.19685 
vn 0 0.952756 -0.314961 
vn 0 0.952756 0.314961 
vn -0.0708661 0.952756 0.307087 
vn -0.0944882 0.897638 -0.433071 
vn 0 0.897638 -0.440945 
vn 0 0.80315 -0.598425 
vn -0.133858 0.80315 -0.582677 
vn 0.0314961 -0.307087 -0.952756 
vn -0.527559 -0.220472 -0.818898 
vn -0.645669 -0.188976 0.740157 
vn 0 -0.409449 0.913386 
vn -0.188976 0.897638 0.409449 
vn -0.251969 0.795276 0.543307 
vn 0.370079 -0.0787402 0.929134 
vn -0.125984 -0.897638 0.417323 
vn -0.779528 -0.0866142 0.622047 
vn 0.023622 0.992126 -0.0944882 
vn 0 0.992126 0.102362 
vn 0 0.976378 -0.19685 
vn 0 0.976378 0.19685 
vn -0.0472441 0.976378 0.19685 
vn -0.0708661 0.952756 -0.307087 
vn 0 0.952756 -0.314961 
vn -0.133858 0.944882 0.291339 
vn -0.188976 0.897638 -0.409449 
vn -0.779528 -0.0866142 -0.622047 
vn -0.125984 -0.897638 -0.417323 
vn 0.370079 -0.0787402 -0.929134 
vn -0.251969 0.795276 -0.543307 
vn -0.645669 -0.188976 -0.740157 
vn 0.149606 -0.19685 0.968504 
vn -0.275591 0.889764 0.362205 
vn -0.370079 0.795276 0.488189 
vn 0 0.992126 -0.102362 
vn 0 0.992126 0.102362 
vn -0.023622 0.992126 0.0944882 
vn -0.0472441 0.976378 -0.19685 
vn 0 0.976378 -0.19685 
vn -0.0866142 0.976378 0.181102 
vn -0.133858 0.944882 -0.291339 
vn -0.19685 0.944882 0.259843 
vn -0.275591 0.889764 -0.362205 
vn -0.370079 0.795276 -0.488189 
vn 0.149606 -0.19685 -0.968504 
vn -0.866142 -0.19685 0.464567 
vn -0.409449 -0.417323 0.811024 
vn -0.346457 0.88189 0.307087 
vn -0.464567 0.787402 0.409449 
vn -0.0393701 -0.0629921 1 
vn -0.244094 -0.897638 0.370079 
vn -0.944882 -0.0944882 0.314961 
vn 0 1 0 
vn -0.023622 0.992126 -0.0944882 
vn 0 0.992126 -0.102362 
vn -0.0393701 0.992126 0.0944882 
vn -0.0866142 0.976378 -0.181102 
vn -0.125984 0.976378 0.165354 
vn -0.19685 0.944882 -0.259843 
vn -0.251969 0.944882 0.220472 
vn -0.346457 0.88189 -0.307087 
vn -0.944882 -0.0944882 -0.314961 
vn -0.244094 -0.897638 -0.370079 
vn -0.0393701 -0.0629921 -1 
vn -0.464567 0.787402 -0.409449 
vn -0.409449 -0.417323 -0.811024 
vn -0.866142 -0.19685 -0.464567 
vn -0.251969 -0.181102 0.952756 
vn -0.409449 0.88189 0.244094 
vn -0.543307 0.779528 0.322835 
vn -0.0393701 0.992126 -0.0944882 
vn -0.0629921 0.992126 0.0787402 
vn -0.125984 0.976378 -0.165354 
vn -0.15748 0.976378 0.141732 
vn -0.251969 0.944882 -0.220472 
vn -0.291339 0.944882 0.173228 
vn -0.409449 0.88189 -0.244094 
vn -0.543307 0.779528 -0.322835 
vn -0.251969 -0.181102 -0.952756 
vn -0.968504 -0.19685 0.141732 
vn -0.692913 -0.401575 0.598425 
vn -0.448819 0.874016 0.165354 
vn -0.598425 0.771654 0.220472 
vn -0.0629921 0.992126 -0.0787402 
vn -0.0787402 0.992126 0.0708661 
vn -0.15748 0.976378 -0.141732 
vn -0.188976 0.976378 0.110236 
vn -0.291339 0.944882 -0.173228 
vn -0.322835 0.937008 0.11811 
vn -0.448819 0.874016 -0.165354 
vn -0.598425 0.771654 -0.220472 
vn -0.692913 -0.401575 -0.598425 
vn -0.968504 -0.19685 -0.141732 
vn -0.614173 -0.165354 0.771654 
vn -0.535433 -0.771654 0.346457 
vn -0.480315 0.874016 0.0866142 
vn -0.629921 0.771654 0.110236 
vn -0.0787402 0.992126 -0.0708661 
vn -0.0944882 0.992126 0.0551181 
vn -0.188976 0.976378 -0.110236 
vn -0.204724 0.976378 0.0787402 
vn -0.322835 0.937008 -0.11811 
vn -0.338583 0.937008 0.0629921 
vn -0.480315 0.874016 -0.0866142 
vn -0.629921 0.771654 -0.110236 
vn -0.535433 -0.771654 -0.346457 
vn -0.614173 -0.165354 -0.771654 
vn -0.96063 -0.19685 -0.19685 
vn -0.866142 -0.385827 0.314961 
vn -0.488189 0.874016 0 
vn -0.637795 0.76378 0 
vn -0.0944882 0.992126 -0.0551181 
vn -0.102362 0.992126 0.0393701 
vn -0.204724 0.976378 -0.0787402 
vn -0.220472 0.976378 0.0393701 
vn -0.338583 0.937008 -0.0629921 
vn -0.346457 0.937008 0 
vn -0.866142 -0.385827 -0.314961 
vn -0.96063 -0.19685 0.19685 
vn -0.929134 -0.377953 0 
vn -0.629921 -0.76378 0.149606 
vn -0.102362 0.992126 -0.0393701 
vn -0.110236 0.992126 0.015748 
vn -0.220472 0.976378 -0.0393701 
vn -0.228346 0.976378 0 
vn -0.629921 -0.76378 -0.149606 
vn -0.110236 0.992126 -0.015748 
vn -0.110236 0.992126 0 
vn -0.826772 0.244094 0.511811 
vn -0.811024 0.307087 0.503937 
vn -0.149606 0.228346 0.96063 
vn -0.173228 0.173228 0.968504 
vn 0.606299 -0.0708661 0.795276 
vn 0.629921 -0.00787402 0.779528 
vn 0.0708661 0.740157 0.669291 
vn 0.692913 0.322835 0.645669 
vn -0.661417 0.629921 0.409449 
vn 0.0708661 0.740157 0.669291 
vn -0.173228 0.173228 0.968504 
vn -0.149606 0.228346 0.96063 
vn -0.165354 -0.984252 0 
vn -0.385827 -0.92126 0.0629921 
vn -0.15748 -0.976378 0.133858 
vn -0.984252 -0.19685 0 
vn -0.811024 -0.409449 -0.417323 
vn -0.692913 -0.629921 -0.346457 
vn -0.511811 -0.826772 -0.228346 
vn -0.700787 -0.401575 -0.582677 
vn -0.456693 -0.818898 -0.354331 
vn -0.614173 -0.220472 -0.755906 
vn 0.425197 -0.220472 -0.874016 
vn 0.259843 -0.937008 -0.244094 
vn 0.614173 -0.614173 -0.496063 
vn 0.866142 -0.212598 -0.456693 
vn 0.692913 -0.629921 -0.346457 
vn -0.15748 -0.976378 -0.133858 
vn -0.779528 -0.622047 0.0629921 
vn -0.574803 -0.818898 0.00787402 
vn -0.811024 -0.409449 0.417323 
vn -0.866142 -0.212598 0.456693 
vn -0.440945 0.88189 0.15748 
vn -0.692913 -0.629921 0.346457 
vn -0.614173 0.740157 0.275591 
vn -0.724409 0.590551 0.362205 
vn -0.811024 0.409449 0.417323 
vn -0.866142 0.212598 0.456693 
vn -0.88189 0 0.472441 
vn -0.700787 0.401575 0.582677 
vn -0.637795 0.574803 0.519685 
vn -0.748031 0.204724 0.629921 
vn -0.76378 0 0.645669 
vn -0.748031 -0.204724 0.629921 
vn -0.700787 -0.401575 0.582677 
vn -0.614173 -0.614173 0.496063 
vn -0.456693 -0.818898 0.354331 
vn -0.574803 -0.433071 0.700787 
vn -0.614173 -0.220472 0.755906 
vn -0.488189 -0.653543 0.574803 
vn -0.433071 0.76378 0.488189 
vn -0.511811 0.614173 0.606299 
vn -0.574803 0.433071 0.700787 
vn -0.614173 0.220472 0.755906 
vn -0.629921 0 0.779528 
vn -0.425197 0.220472 0.874016 
vn -0.401575 0.417323 0.811024 
vn -0.440945 0 0.897638 
vn -0.425197 -0.220472 0.874016 
vn -0.401575 -0.417323 0.811024 
vn -0.346457 -0.637795 0.685039 
vn -0.314961 0.732283 0.606299 
vn -0.362205 0.590551 0.716535 
vn -0.015748 1 -0.00787402 
vn -0.173228 -0.677165 0.716535 
vn -0.212598 -0.440945 0.874016 
vn -0.15748 0.779528 0.614173 
vn -0.125984 -0.858268 0.496063 
vn -0.188976 0.629921 0.755906 
vn -0.212598 0.440945 0.874016 
vn -0.0472441 -0.992126 0.0866142 
vn -0.228346 0.228346 0.944882 
vn -0.228346 0 0.976378 
vn -0.228346 -0.228346 0.944882 
vn 0 0.220472 0.976378 
vn 0 0.425197 0.905512 
vn 0 0 1 
vn 0 -0.220472 0.976378 
vn 0 -0.425197 0.905512 
vn 0 -0.645669 0.76378 
vn 0 0.740157 0.669291 
vn 0 0.606299 0.795276 
vn 0 -0.645669 0.76378 
vn 0.173228 -0.677165 0.716535 
vn 0.212598 -0.440945 0.874016 
vn 0 -0.425197 0.905512 
vn 0.15748 0.779528 0.614173 
vn 0.125984 -0.858268 0.496063 
vn 0 0.606299 0.795276 
vn 0.188976 0.629921 0.755906 
vn 0 0.425197 0.905512 
vn 0.212598 0.440945 0.874016 
vn 0.0472441 -0.992126 0.0866142 
vn 0 0.220472 0.976378 
vn 0.228346 0.228346 0.944882 
vn 0 0 1 
vn 0.228346 0 0.976378 
vn 0 -0.220472 0.976378 
vn 0.228346 -0.228346 0.944882 
vn 0.440945 0 0.897638 
vn 0.425197 0.220472 0.874016 
vn 0.425197 -0.220472 0.874016 
vn 0.401575 -0.417323 0.811024 
vn 0.346457 -0.637795 0.685039 
vn 0.314961 0.732283 0.606299 
vn 0.362205 0.590551 0.716535 
vn 0.401575 0.417323 0.811024 
vn 0.354331 -0.84252 0.401575 
vn 0.488189 -0.653543 0.574803 
vn 0.511811 0.614173 0.606299 
vn 0.433071 0.76378 0.488189 
vn 0.259843 -0.937008 0.244094 
vn 0.574803 0.433071 0.700787 
vn 0.614173 0.220472 0.755906 
vn 0.629921 0 0.779528 
vn 0.614173 -0.220472 0.755906 
vn 0.574803 -0.433071 0.700787 
vn 0.314961 0.897638 0.314961 
vn 0.748031 -0.204724 0.629921 
vn 0.76378 0 0.645669 
vn 0.700787 -0.401575 0.582677 
vn 0.614173 -0.614173 0.496063 
vn 0.637795 0.574803 0.519685 
vn 0.700787 0.401575 0.582677 
vn 0.748031 0.204724 0.629921 
vn 0.724409 0.590551 0.362205 
vn 0.811024 0.409449 0.417323 
vn 0.866142 0.212598 0.456693 
vn 0.88189 0 0.472441 
vn 0.866142 -0.212598 0.456693 
vn 0.811024 -0.409449 0.417323 
vn 0.692913 -0.629921 0.346457 
vn -0.645669 -0.0551181 -0.76378 
vn -0.629921 0.00787402 -0.779528 
vn -0.96063 0.212598 -0.173228 
vn -0.976378 0.165354 -0.165354 
vn -0.826772 0.244094 0.511811 
vn -0.811024 0.307087 0.503937 
vn 0.629921 -0.00787402 0.779528 
vn 0.307087 0.362205 -0.88189 
vn 0.0708661 0.740157 0.669291 
vn -0.661417 0.629921 0.409449 
vn -0.653543 0.708661 -0.259843 
vn -0.472441 0.354331 -0.80315 
vn -0.15748 -0.976378 0.133858 
vn -0.984252 0.19685 0 
vn -0.929134 0.377953 0 
vn -0.913386 0.401575 -0.0944882 
vn -0.976378 0.204724 -0.110236 
vn -1 0 0 
vn -0.992126 0 -0.11811 
vn -0.984252 -0.19685 0 
vn -0.976378 -0.204724 -0.110236 
vn -0.0472441 0.992126 0.0944882 
vn -0.929134 -0.377953 0 
vn -0.913386 -0.401575 -0.0944882 
vn -0.80315 -0.590551 0 
vn -0.779528 -0.622047 -0.0629921 
vn -0.724409 0.685039 0 
vn -0.685039 0.732283 -0.00787402 
vn -0.834646 0.543307 0 
vn -0.811024 0.574803 -0.0629921 
vn -0.795276 0.559055 -0.244094 
vn -0.874016 0.385827 -0.283465 
vn -0.929134 0.19685 -0.307087 
vn -0.944882 0 -0.314961 
vn -0.929134 -0.19685 -0.307087 
vn -0.874016 -0.385827 -0.283465 
vn -0.76378 -0.598425 -0.23622 
vn -0.692913 0.700787 -0.188976 
vn 0.15748 0.976378 0.141732 
vn -0.866142 -0.212598 -0.456693 
vn -0.811024 -0.409449 -0.417323 
vn -0.440945 0.88189 -0.15748 
vn -0.692913 -0.629921 -0.346457 
vn -0.614173 0.740157 -0.275591 
vn -0.511811 -0.826772 -0.228346 
vn -0.724409 0.590551 -0.362205 
vn -0.811024 0.409449 -0.417323 
vn -0.866142 0.212598 -0.456693 
vn -0.88189 0 -0.472441 
vn -0.637795 0.574803 -0.519685 
vn -0.700787 0.401575 -0.582677 
vn -0.748031 0.204724 -0.629921 
vn -0.76378 0 -0.645669 
vn -0.748031 -0.204724 -0.629921 
vn -0.700787 -0.401575 -0.582677 
vn -0.614173 -0.614173 -0.496063 
vn -0.456693 -0.818898 -0.354331 
vn -0.614173 -0.220472 -0.755906 
vn -0.574803 -0.433071 -0.700787 
vn -0.0393701 1 0.023622 
vn -0.488189 -0.653543 -0.574803 
vn -0.433071 0.76378 -0.488189 
vn -0.511811 0.614173 -0.606299 
vn -0.574803 0.433071 -0.700787 
vn -0.614173 0.220472 -0.755906 
vn -0.629921 0 -0.779528 
vn -0.173228 -0.677165 -0.716535 
vn -0.15748 0.779528 -0.614173 
vn -0.125984 -0.858268 -0.496063 
vn -0.0472441 -0.992126 -0.0866142 
vn -0.228346 0.228346 -0.944882 
vn 0.173228 -0.677165 -0.716535 
vn 0.125984 -0.858268 -0.496063 
vn 0.0472441 -0.992126 -0.0866142 
vn 0.488189 -0.653543 -0.574803 
vn 0.614173 -0.220472 -0.755906 
vn 0.574803 -0.433071 -0.700787 
vn -0.976378 0.204724 0.110236 
vn -0.913386 0.401575 0.0944882 
vn -0.992126 0 0.11811 
vn -0.976378 -0.204724 0.110236 
vn -0.913386 -0.401575 0.0944882 
vn -0.779528 -0.622047 0.0629921 
vn -0.685039 0.732283 0.00787402 
vn -0.811024 0.574803 0.0629921 
vn -0.874016 0.385827 0.283465 
vn -0.795276 0.559055 0.244094 
vn -0.929134 0.19685 0.307087 
vn -0.944882 0 0.314961 
vn -0.929134 -0.19685 0.307087 
vn -0.874016 -0.385827 0.283465 
vn -0.76378 -0.598425 0.23622 
vn -0.692913 0.700787 0.188976 
vn -0.811024 -0.409449 0.417323 
vn -0.866142 -0.212598 0.456693 
vn -0.692913 -0.629921 0.346457 
vn -0.614173 0.740157 0.275591 
vn -0.724409 0.590551 0.362205 
vn -0.811024 0.409449 0.417323 
vn -0.866142 0.212598 0.456693 
vn -0.88189 0 0.472441 
vn -0.700787 0.401575 0.582677 
vn -0.637795 0.574803 0.519685 
vn -0.748031 0.204724 0.629921 
vn -0.76378 0 0.645669 
vn -0.748031 -0.204724 0.629921 
vn -0.700787 -0.401575 0.582677 
vn -0.614173 -0.614173 0.496063 
vn -0.456693 -0.818898 0.354331 
vn -0.574803 -0.433071 0.700787 
vn -0.614173 -0.220472 0.755906 
vn -0.488189 -0.653543 0.574803 
vn -0.433071 0.76378 0.488189 
vn -0.511811 0.614173 0.606299 
vn -0.574803 0.433071 0.700787 
vn -0.614173 0.220472 0.755906 
vn -0.629921 0 0.779528 
vn -0.629921 0.00787402 -0.779528 
vn 0.944882 0.314961 0.0393701 
vn 0.850394 0.0472441 -0.519685 
vn -0.165354 -0.984252 0 
vn -0.440945 -0.897638 0 
vn -0.385827 -0.92126 0.0629921 
vn -0.15748 -0.976378 0.133858 
vn 0.102362 -0.992126 0 
vn 0.11811 -0.984252 0.102362 
vn -0.80315 -0.590551 0 
vn -0.779528 -0.622047 -0.0629921 
vn -0.606299 -0.795276 0 
vn -0.574803 -0.818898 -0.00787402 
vn -0.574803 -0.80315 -0.15748 
vn -0.425197 -0.897638 -0.0708661 
vn -0.212598 -0.976378 0.023622 
vn 0.0393701 -0.992126 0.0866142 
vn -0.76378 -0.598425 -0.23622 
vn 0.15748 0.976378 0.141732 
vn -0.866142 -0.212598 -0.456693 
vn -0.692913 -0.629921 -0.346457 
vn -0.511811 -0.826772 -0.228346 
vn -0.362205 -0.929134 -0.11811 
vn -0.15748 -0.984252 0.023622 
vn 0.0866142 -0.992126 0.110236 
vn -0.346457 -0.905512 -0.228346 
vn -0.19685 -0.976378 -0.0708661 
vn 0 -0.992126 0.0866142 
vn -0.700787 -0.401575 -0.582677 
vn -0.614173 -0.614173 -0.496063 
vn -0.456693 -0.818898 -0.354331 
vn -0.614173 -0.220472 -0.755906 
vn -0.488189 -0.653543 -0.574803 
vn -0.354331 -0.84252 -0.401575 
vn -0.259843 -0.937008 -0.244094 
vn -0.11811 -0.992126 -0.0393701 
vn 0.0472441 -0.992126 0.125984 
vn -0.19685 -0.92126 -0.346457 
vn -0.11811 -0.984252 -0.15748 
vn -0.00787402 -1 0.0708661 
vn -0.346457 -0.637795 -0.685039 
vn -0.259843 -0.826772 -0.496063 
vn -0.173228 -0.677165 -0.716535 
vn -0.125984 -0.858268 -0.496063 
vn -0.0944882 -0.944882 -0.322835 
vn -0.0472441 -0.992126 -0.0866142 
vn 0.015748 -0.992126 0.133858 
vn -0.228346 -0.228346 -0.944882 
vn 0 -0.984252 -0.181102 
vn 0 -1 0.0629921 
vn 0 -0.645669 -0.76378 
vn 0 -0.834646 -0.551181 
vn 0 -0.92126 -0.385827 
vn 0 -0.645669 -0.76378 
vn 0.173228 -0.677165 -0.716535 
vn 0 -0.834646 -0.551181 
vn 0.125984 -0.858268 -0.496063 
vn 0 -0.92126 -0.385827 
vn 0.0944882 -0.944882 -0.322835 
vn 0 -0.984252 -0.181102 
vn 0.0472441 -0.992126 -0.0866142 
vn 0 -1 0.0629921 
vn -0.015748 -0.992126 0.133858 
vn 0.11811 -0.984252 -0.15748 
vn 0.00787402 -1 0.0708661 
vn 0.346457 -0.637795 -0.685039 
vn 0.259843 -0.826772 -0.496063 
vn 0.19685 -0.92126 -0.346457 
vn 0.488189 -0.653543 -0.574803 
vn 0.354331 -0.84252 -0.401575 
vn 0.259843 -0.937008 -0.244094 
vn 0.11811 -0.992126 -0.0393701 
vn -0.0472441 -0.992126 0.125984 
vn 0.614173 -0.614173 -0.496063 
vn 0.456693 -0.818898 -0.354331 
vn 0.346457 -0.905512 -0.228346 
vn 0.19685 -0.976378 -0.0708661 
vn 0 -0.992126 0.0866142 
vn 0.511811 -0.826772 -0.228346 
vn 0.362205 -0.929134 -0.11811 
vn 0.15748 -0.984252 0.023622 
vn -0.0866142 -0.992126 0.110236 
vn 0.866142 -0.212598 -0.456693 
vn 0.692913 -0.629921 -0.346457 
vn 0.76378 -0.598425 -0.23622 
vn 0.574803 -0.80315 -0.15748 
vn 0.425197 -0.897638 -0.0708661 
vn 0.212598 -0.976378 0.023622 
vn -0.0393701 -0.992126 0.0866142 
vn 0.574803 -0.818898 -0.00787402 
vn 0.385827 -0.92126 0.0629921 
vn 0.15748 -0.976378 0.133858 
vn -0.11811 -0.984252 0.102362 
vn 0.779528 -0.622047 -0.0629921 
vn 0.80315 -0.590551 0 
vn 0.606299 -0.795276 0 
vn 0.440945 -0.897638 0 
vn 0.165354 -0.984252 0 
vn -0.102362 -0.992126 0 
vn 0 -1 0 
vn 0 -1 0 
vn -0.15748 -0.976378 -0.133858 
vn -0.385827 -0.92126 -0.0629921 
vn 0.11811 -0.984252 -0.102362 
vn -0.779528 -0.622047 0.0629921 
vn -0.574803 -0.818898 0.00787402 
vn -0.425197 -0.897638 0.0708661 
vn -0.574803 -0.80315 0.15748 
vn -0.212598 -0.976378 -0.023622 
vn 0.0393701 -0.992126 -0.0866142 
vn -0.76378 -0.598425 0.23622 
vn -0.811024 -0.409449 0.417323 
vn -0.866142 -0.212598 0.456693 
vn -0.692913 -0.629921 0.346457 
vn -0.511811 -0.826772 0.228346 
vn -0.362205 -0.929134 0.11811 
vn -0.15748 -0.984252 -0.023622 
vn 0.0866142 -0.992126 -0.110236 
vn -0.19685 -0.976378 0.0708661 
vn -0.346457 -0.905512 0.228346 
vn 0 -0.992126 -0.0866142 
vn -0.700787 -0.401575 0.582677 
vn -0.614173 -0.614173 0.496063 
vn -0.456693 -0.818898 0.354331 
vn -0.614173 -0.220472 0.755906 
vn -0.488189 -0.653543 0.574803 
vn -0.354331 -0.84252 0.401575 
vn -0.259843 -0.937008 0.244094 
vn -0.11811 -0.992126 0.0393701 
vn 0.0472441 -0.992126 -0.125984 
vn -0.11811 -0.984252 0.15748 
vn -0.19685 -0.92126 0.346457 
vn -0.00787402 -1 -0.0708661 
vn -0.346457 -0.637795 0.685039 
vn -0.259843 -0.826772 0.496063 
vn -0.015748 1 -0.00787402 
vn -0.173228 -0.677165 0.716535 
vn -0.125984 -0.858268 0.496063 
vn -0.0944882 -0.944882 0.322835 
vn -0.212598 0.440945 0.874016 
vn -0.0472441 -0.992126 0.0866142 
vn 0.015748 -0.992126 -0.133858 
vn 0 -1 -0.0629921 
vn 0 -0.984252 0.181102 
vn 0 -0.645669 0.76378 
vn 0 0.740157 0.669291 
vn 0 -0.834646 0.551181 
vn 0 -0.92126 0.385827 
vn 0 -0.645669 0.76378 
vn 0.173228 -0.677165 0.716535 
vn 0 -0.834646 0.551181 
vn 0.125984 -0.858268 0.496063 
vn 0 -0.92126 0.385827 
vn 0.0944882 -0.944882 0.322835 
vn 0 -0.984252 0.181102 
vn 0.0472441 -0.992126 0.0866142 
vn 0 -1 -0.0629921 
vn -0.015748 -0.992126 -0.133858 
vn 0.00787402 -1 -0.0708661 
vn 0.11811 -0.984252 0.15748 
vn 0.346457 -0.637795 0.685039 
vn 0.259843 -0.826772 0.496063 
vn 0.19685 -0.92126 0.346457 
vn 0.354331 -0.84252 0.401575 
vn 0.488189 -0.653543 0.574803 
vn 0.259843 -0.937008 0.244094 
vn 0.11811 -0.992126 0.0393701 
vn -0.0472441 -0.992126 -0.125984 
vn 0.574803 -0.433071 0.700787 
vn 0.614173 -0.614173 0.496063 
vn 0.456693 -0.818898 0.354331 
vn 0.346457 -0.905512 0.228346 
vn 0.19685 -0.976378 0.0708661 
vn 0 -0.992126 -0.0866142 
vn 0.362205 -0.929134 0.11811 
vn 0.511811 -0.826772 0.228346 
vn 0.15748 -0.984252 -0.023622 
vn -0.0866142 -0.992126 -0.110236 
vn 0.866142 -0.212598 0.456693 
vn 0.692913 -0.629921 0.346457 
vn 0.76378 -0.598425 0.23622 
vn 0.574803 -0.80315 0.15748 
vn 0.425197 -0.897638 0.0708661 
vn 0.212598 -0.976378 -0.023622 
vn -0.0393701 -0.992126 -0.0866142 
vn 0.385827 -0.92126 -0.0629921 
vn 0.574803 -0.818898 0.00787402 
vn 0.15748 -0.976378 -0.133858 
vn -0.11811 -0.984252 -0.102362 
vn 0.913386 -0.401575 0.0944882 
vn 0.779528 -0.622047 0.0629921 
vn 0.637795 0.76378 0 
vn 0.96063 -0.19685 -0.19685 
vn 0.629921 -0.76378 0.149606 
vn 0.929134 -0.377953 0 
vn 0.629921 0.771654 -0.110236 
vn 0.629921 -0.76378 -0.149606 
vn 0.96063 -0.19685 0.19685 
vn 0.598425 0.771654 0.220472 
vn 0.614173 -0.165354 0.771654 
vn 0.866142 -0.385827 0.314961 
vn 0.866142 -0.385827 -0.314961 
vn 0.614173 -0.165354 -0.771654 
vn 0.968504 -0.19685 0.141732 
vn 0.535433 -0.771654 0.346457 
vn 0.543307 0.779528 -0.322835 
vn 0.535433 -0.771654 -0.346457 
vn 0.968504 -0.19685 -0.141732 
vn 0.251969 -0.181102 0.952756 
vn 0.692913 -0.401575 0.598425 
vn 0.692913 -0.401575 -0.598425 
vn 0.251969 -0.181102 -0.952756 
vn 0.0393701 -0.0629921 1 
vn 0.944882 -0.0944882 0.314961 
vn 0.244094 -0.897638 0.370079 
vn 0.0393701 -0.0629921 -1 
vn 0.19685 0.944882 0.259843 
vn 0.244094 -0.897638 -0.370079 
vn 0.944882 -0.0944882 -0.314961 
vn 0.866142 -0.19685 0.464567 
vn 0.251969 0.795276 -0.543307 
vn 0.866142 -0.19685 -0.464567 
vn -0.149606 -0.19685 0.968504 
vn 0.409449 -0.417323 0.811024 
vn 0.779528 -0.0866142 0.622047 
vn 0.125984 -0.897638 0.417323 
vn -0.370079 -0.0787402 0.929134 
vn -0.370079 -0.0787402 -0.929134 
vn 0.125984 -0.897638 -0.417323 
vn 0.779528 -0.0866142 -0.622047 
vn 0.409449 -0.417323 -0.811024 
vn -0.149606 -0.19685 -0.968504 
vn 0.645669 -0.188976 0.740157 
vn 0.645669 -0.188976 -0.740157 
vn 0 -0.409449 0.913386 
vn 0.0314961 -0.307087 -0.952756 
vn -0.527559 -0.220472 -0.818898 
vn -0.645669 -0.188976 0.740157 
vn 0 -0.409449 0.913386 
vn 0.370079 -0.0787402 0.929134 
vn -0.125984 -0.897638 0.417323 
vn -0.779528 -0.0866142 0.622047 
vn -0.779528 -0.0866142 -0.622047 
vn -0.125984 -0.897638 -0.417323 
vn 0.370079 -0.0787402 -0.929134 
vn -0.645669 -0.188976 -0.740157 
vn 0.149606 -0.19685 0.968504 
vn 0.149606 -0.19685 -0.968504 
vn -0.866142 -0.19685 0.464567 
vn -0.409449 -0.417323 0.811024 
vn -0.0393701 -0.0629921 1 
vn -0.244094 -0.897638 0.370079 
vn -0.944882 -0.0944882 0.314961 
vn -0.944882 -0.0944882 -0.314961 
vn -0.244094 -0.897638 -0.370079 
vn -0.0393701 -0.0629921 -1 
vn -0.409449 -0.417323 -0.811024 
vn -0.866142 -0.19685 -0.464567 
vn -0.251969 -0.181102 0.952756 
vn -0.543307 0.779528 0.322835 
vn -0.251969 -0.181102 -0.952756 
vn -0.968504 -0.19685 0.141732 
vn -0.692913 -0.401575 0.598425 
vn -0.598425 0.771654 -0.220472 
vn -0.692913 -0.401575 -0.598425 
vn -0.968504 -0.19685 -0.141732 
vn -0.614173 -0.165354 0.771654 
vn -0.535433 -0.771654 0.346457 
vn -0.629921 0.771654 0.110236 
vn -0.535433 -0.771654 -0.346457 
vn -0.614173 -0.165354 -0.771654 
vn -0.96063 -0.19685 -0.19685 
vn -0.866142 -0.385827 0.314961 
vn -0.637795 0.76378 0 
vn -0.866142 -0.385827 -0.314961 
vn -0.96063 -0.19685 0.19685 
vn -0.929134 -0.377953 0 
vn -0.629921 -0.76378 0.149606 
vn -0.629921 -0.76378 -0.149606 
vn 0 -1 0 
vn 0.795276 -0.362205 -0.488189 
vn 0.811024 -0.307087 -0.503937 
vn 0.149606 -0.228346 -0.96063 
vn 0.133858 -0.275591 -0.952756 
vn -0.645669 -0.0551181 -0.76378 
vn -0.629921 0.00787402 -0.779528 
vn 0.850394 0.0472441 -0.519685 
vn 0.307087 0.362205 -0.88189 
vn 0.307087 0.362205 -0.88189 
vn -0.472441 0.354331 -0.80315 
vn 0.133858 -0.275591 -0.952756 
vn 0.149606 -0.228346 -0.96063 
vn -0.165354 -0.984252 0 
vn -0.15748 -0.976378 0.133858 
vn -0.976378 0.204724 -0.110236 
vn -0.984252 -0.19685 0 
vn -0.779528 -0.622047 -0.0629921 
vn -0.685039 0.732283 -0.00787402 
vn -0.574803 -0.818898 -0.00787402 
vn -0.866142 -0.212598 -0.456693 
vn -0.811024 -0.409449 -0.417323 
vn -0.692913 -0.629921 -0.346457 
vn -0.724409 0.590551 -0.362205 
vn -0.811024 0.409449 -0.417323 
vn -0.15748 -0.984252 0.023622 
vn -0.866142 0.212598 -0.456693 
vn -0.88189 0 -0.472441 
vn -0.637795 0.574803 -0.519685 
vn -0.700787 0.401575 -0.582677 
vn -0.748031 0.204724 -0.629921 
vn -0.76378 0 -0.645669 
vn -0.748031 -0.204724 -0.629921 
vn -0.700787 -0.401575 -0.582677 
vn -0.614173 -0.614173 -0.496063 
vn -0.456693 -0.818898 -0.354331 
vn -0.614173 -0.220472 -0.755906 
vn -0.574803 -0.433071 -0.700787 
vn -0.488189 -0.653543 -0.574803 
vn -0.433071 0.76378 -0.488189 
vn -0.511811 0.614173 -0.606299 
vn -0.574803 0.433071 -0.700787 
vn -0.614173 0.220472 -0.755906 
vn -0.629921 0 -0.779528 
vn -0.401575 0.417323 -0.811024 
vn -0.425197 0.220472 -0.874016 
vn -0.440945 0 -0.897638 
vn -0.425197 -0.220472 -0.874016 
vn -0.401575 -0.417323 -0.811024 
vn -0.346457 -0.637795 -0.685039 
vn -0.314961 0.732283 -0.606299 
vn -0.362205 0.590551 -0.716535 
vn -0.110236 0.905512 -0.401575 
vn -0.212598 -0.440945 -0.874016 
vn -0.173228 -0.677165 -0.716535 
vn -0.15748 0.779528 -0.614173 
vn -0.188976 0.629921 -0.755906 
vn -0.212598 0.440945 -0.874016 
vn -0.0472441 -0.992126 -0.0866142 
vn -0.228346 0.228346 -0.944882 
vn -0.228346 0 -0.976378 
vn -0.228346 -0.228346 -0.944882 
vn 0 0.425197 -0.905512 
vn 0 0.220472 -0.976378 
vn 0 0 -1 
vn 0 -0.220472 -0.976378 
vn 0 -0.425197 -0.905512 
vn 0 -0.645669 -0.76378 
vn 0 0.740157 -0.669291 
vn 0 0.606299 -0.795276 
vn 0 -0.645669 -0.76378 
vn 0 -0.425197 -0.905512 
vn 0.212598 -0.440945 -0.874016 
vn 0.173228 -0.677165 -0.716535 
vn 0.110236 0.905512 -0.401575 
vn 0.15748 0.779528 -0.614173 
vn 0.125984 -0.858268 -0.496063 
vn 0 0.606299 -0.795276 
vn 0.188976 0.629921 -0.755906 
vn 0 0.425197 -0.905512 
vn 0.212598 0.440945 -0.874016 
vn 0 0.220472 -0.976378 
vn 0.228346 0.228346 -0.944882 
vn 0 0 -1 
vn 0.228346 0 -0.976378 
vn 0 -0.220472 -0.976378 
vn 0.228346 -0.228346 -0.944882 
vn 0.425197 0.220472 -0.874016 
vn 0.440945 0 -0.897638 
vn 0.425197 -0.220472 -0.874016 
vn 0.401575 -0.417323 -0.811024 
vn 0.346457 -0.637795 -0.685039 
vn 0.314961 0.732283 -0.606299 
vn 0.362205 0.590551 -0.716535 
vn 0.401575 0.417323 -0.811024 
vn 0.488189 -0.653543 -0.574803 
vn 0.433071 0.76378 -0.488189 
vn 0.511811 0.614173 -0.606299 
vn 0.259843 -0.937008 -0.244094 
vn 0.574803 0.433071 -0.700787 
vn 0.614173 0.220472 -0.755906 
vn 0.629921 0 -0.779528 
vn 0.614173 -0.220472 -0.755906 
vn 0.574803 -0.433071 -0.700787 
vn 0.314961 0.897638 -0.314961 
vn 0.76378 0 -0.645669 
vn 0.748031 -0.204724 -0.629921 
vn 0.700787 -0.401575 -0.582677 
vn 0.614173 -0.614173 -0.496063 
vn 0.637795 0.574803 -0.519685 
vn 0.700787 0.401575 -0.582677 
vn 0.748031 0.204724 -0.629921 
vn 0.724409 0.590551 -0.362205 
vn 0.811024 0.409449 -0.417323 
vn 0.866142 0.212598 -0.456693 
vn 0.88189 0 -0.472441 
vn 0.866142 -0.212598 -0.456693 
vn 0.811024 -0.409449 -0.417323 
vn 0.692913 -0.629921 -0.346457 
vn -0.15748 -0.976378 -0.133858 
vn -0.385827 -0.92126 -0.0629921 

vt -0.874688 -1.63174 
vt -0.879777 -1.65963 
vt -0.869755 -1.65947 
vt -0.864016 -1.63375 
vt -0.860052 -1.62858 
vt -0.888582 -1.65475 
vt -0.884504 -1.62862 
vt -0.865568 -1.59401 
vt -0.868743 -1.60274 
vt -0.859616 -1.6072 
vt -0.856517 -1.60272 
vt -0.877005 -1.59759 
vt -0.878443 -1.60248 
vt -0.752126 -1.83473 
vt -0.821631 -1.86901 
vt -0.728265 -1.78536 
vt -0.779451 -1.66808 
vt -0.772294 -1.83449 
vt -0.788855 -1.66192 
vt -0.772294 -1.68248 
vt -0.759928 -1.70605 
vt -0.752289 -1.73173 
vt -0.749704 -1.75848 
vt -0.752289 -1.78524 
vt -0.759928 -1.81091 
vt -0.771357 -1.75848 
vt -0.773406 -1.78343 
vt -0.77947 -1.8074 
vt -0.789309 -1.82948 
vt -0.802533 -1.66817 
vt -0.789309 -1.68749 
vt -0.77947 -1.70956 
vt -0.773406 -1.73354 
vt -0.820051 -1.66222 
vt -0.809081 -1.68278 
vt -0.820051 -1.84944 
vt -0.800904 -1.7063 
vt -0.795863 -1.73187 
vt -0.794159 -1.75848 
vt -0.795863 -1.78509 
vt -0.800904 -1.81066 
vt -0.809081 -1.83418 
vt -0.820161 -1.75848 
vt -0.821265 -1.78338 
vt -0.824536 -1.80732 
vt -0.829845 -1.82938 
vt -0.836985 -1.66827 
vt -0.829845 -1.68759 
vt -0.824536 -1.70964 
vt -0.821265 -1.73358 
vt -0.860481 -1.84925 
vt -0.856663 -1.68305 
vt -0.853814 -1.70652 
vt -0.852058 -1.73199 
vt -0.851465 -1.75848 
vt -0.852058 -1.78498 
vt -0.868027 -1.63837 
vt -0.853814 -1.81045 
vt -0.864997 -1.64567 
vt -0.856663 -1.83391 
vt -0.860481 -1.6625 
vt -0.875174 -1.78336 
vt -0.875174 -1.80729 
vt -0.875174 -1.82933 
vt -0.875174 -1.66832 
vt -0.875174 -1.84539 
vt -0.875174 -1.68764 
vt -0.875174 -1.70968 
vt -0.875174 -1.7336 
vt -0.875174 -1.75848 
vt -0.930297 -1.66222 
vt -0.947814 -1.66817 
vt -0.961493 -1.66192 
vt -0.998221 -1.83473 
vt -0.928716 -1.86901 
vt -1.02208 -1.78536 
vt -0.998221 -1.83473 
vt -0.97854 -1.6617 
vt -0.954849 -1.64499 
vt -1.00908 -1.78348 
vt -0.925612 -1.64162 
vt -0.961493 -1.84964 
vt -0.978053 -1.83449 
vt -0.978053 -1.68248 
vt -0.961493 -1.66192 
vt -0.990419 -1.70605 
vt -0.998059 -1.73173 
vt -1.00064 -1.75848 
vt -0.998059 -1.78524 
vt -0.990419 -1.81091 
vt -0.941529 -1.64517 
vt -0.976942 -1.78343 
vt -0.97899 -1.75848 
vt -0.970877 -1.8074 
vt -0.931743 -1.65235 
vt -0.961038 -1.82948 
vt -0.947814 -1.66817 
vt -0.947814 -1.84549 
vt -0.961038 -1.68749 
vt -0.931743 -1.856 
vt -0.970877 -1.70956 
vt -0.976942 -1.73354 
vt -0.941267 -1.68278 
vt -0.930297 -1.66222 
vt -0.949443 -1.7063 
vt -0.954485 -1.73187 
vt -0.956188 -1.75848 
vt -0.954485 -1.78509 
vt -0.949443 -1.81066 
vt -0.941267 -1.83418 
vt -0.929082 -1.78338 
vt -0.930187 -1.75848 
vt -0.925812 -1.80732 
vt -0.920502 -1.82938 
vt -0.913363 -1.66827 
vt -0.920502 -1.68759 
vt -0.925812 -1.70964 
vt -0.929082 -1.73358 
vt -0.88535 -1.86043 
vt -0.896534 -1.70652 
vt -0.893684 -1.68305 
vt -0.89829 -1.73199 
vt -0.898883 -1.75848 
vt -0.89829 -1.78498 
vt -0.896534 -1.81045 
vt -0.88535 -1.64567 
vt -0.893684 -1.83391 
vt -0.889867 -1.6625 
vt -0.87263 -1.74663 
vt -0.887324 -1.72218 
vt -0.888744 -1.74111 
vt -0.895808 -1.73794 
vt -0.895697 -1.74706 
vt -0.888461 -1.75016 
vt -0.885909 -1.72967 
vt -0.893352 -1.72824 
vt -0.877505 -1.73188 
vt -0.885909 -1.72967 
vt -0.888744 -1.74111 
vt -0.878562 -1.7419 
vt -0.888461 -1.75016 
vt -0.879849 -1.75071 
vt -0.752739 -1.73151 
vt -0.748157 -1.75287 
vt -0.74032 -1.75462 
vt -0.824579 -1.73151 
vt -0.850531 -1.73151 
vt -0.849317 -1.73573 
vt -0.823802 -1.73865 
vt -0.801564 -1.73151 
vt -0.798837 -1.74168 
vt -0.76088 -1.75002 
vt -0.781479 -1.73151 
vt -0.777995 -1.7462 
vt -0.777995 -1.7462 
vt -0.76088 -1.75002 
vt -0.773309 -1.77683 
vt -0.851179 -1.74216 
vt -0.828098 -1.75071 
vt -0.807135 -1.76102 
vt -0.78856 -1.76969 
vt -0.852935 -1.74665 
vt -0.831531 -1.75973 
vt -0.760254 -1.81082 
vt -0.81026 -1.77342 
vt -0.777859 -1.7976 
vt -0.792483 -1.78663 
vt -0.777859 -1.7976 
vt -0.76697 -1.80577 
vt -0.797089 -1.81737 
vt -0.85679 -1.75169 
vt -0.839099 -1.76941 
vt -0.788377 -1.82721 
vt -0.823046 -1.78807 
vt -0.808798 -1.80415 
vt -0.808798 -1.80415 
vt -0.845948 -1.77614 
vt -0.831655 -1.79786 
vt -0.819685 -1.81782 
vt -0.809808 -1.83438 
vt -0.802429 -1.84675 
vt -0.860287 -1.75501 
vt -0.865216 -1.75807 
vt -0.85563 -1.78194 
vt -0.846938 -1.80619 
vt -0.839209 -1.82723 
vt -0.832852 -1.84455 
vt -0.864895 -1.78506 
vt -0.859855 -1.81118 
vt -0.855624 -1.83487 
vt -0.852121 -1.85455 
vt -0.849494 -1.86929 
vt -0.847865 -1.87841 
vt -0.85563 -1.78194 
vt -0.86994 -1.75954 
vt -0.864895 -1.78506 
vt -0.864895 -1.78506 
vt -0.86994 -1.75954 
vt -0.875174 -1.76032 
vt -0.875174 -1.78635 
vt -0.875174 -1.78635 
vt -0.875174 -1.81256 
vt -0.875174 -1.83535 
vt -0.875174 -1.85412 
vt -0.875174 -1.83535 
vt -0.875174 -1.81256 
vt -0.890493 -1.81118 
vt -0.894723 -1.83487 
vt -0.875174 -1.85412 
vt -0.898226 -1.85455 
vt -0.875174 -1.78635 
vt -0.875174 -1.76032 
vt -0.880408 -1.75954 
vt -0.885453 -1.78506 
vt -0.885131 -1.75807 
vt -0.894717 -1.78194 
vt -0.90341 -1.80619 
vt -0.911138 -1.82723 
vt -0.917496 -1.84455 
vt -0.930662 -1.81782 
vt -0.94054 -1.83438 
vt -0.918692 -1.79786 
vt -0.952481 -1.85439 
vt -0.890061 -1.75501 
vt -0.9044 -1.77614 
vt -0.918692 -1.79786 
vt -0.893557 -1.75169 
vt -0.911248 -1.76941 
vt -0.927301 -1.78807 
vt -0.953259 -1.81737 
vt -0.94155 -1.80415 
vt -0.94155 -1.80415 
vt -0.953259 -1.81737 
vt -0.957865 -1.78663 
vt -0.972489 -1.7976 
vt -0.983378 -1.80577 
vt -0.990094 -1.81082 
vt -0.897413 -1.74665 
vt -0.918816 -1.75973 
vt -0.940087 -1.77342 
vt -0.972489 -1.7976 
vt -0.899168 -1.74216 
vt -0.922249 -1.75071 
vt -0.943213 -1.76102 
vt -0.961787 -1.76969 
vt -0.977039 -1.77683 
vt -0.989467 -1.75002 
vt -1.00219 -1.75287 
vt -1.01003 -1.75462 
vt -0.90103 -1.73573 
vt -0.926545 -1.73865 
vt -0.95151 -1.74168 
vt -0.972353 -1.7462 
vt -0.899816 -1.73151 
vt -0.925769 -1.73151 
vt -0.948783 -1.73151 
vt -0.968869 -1.73151 
vt -0.968869 -1.73151 
vt -0.875174 -1.73151 
vt -0.86994 -1.75954 
vt -0.875174 -1.76032 
vt -0.875174 -1.73151 
vt -0.74032 -1.70839 
vt -0.748157 -1.71015 
vt -0.823802 -1.72436 
vt -0.849317 -1.72728 
vt -0.798837 -1.72133 
vt -0.76088 -1.713 
vt -0.777995 -1.71681 
vt -0.777995 -1.71681 
vt -0.76088 -1.713 
vt -0.773309 -1.68618 
vt -0.851179 -1.72085 
vt -0.828098 -1.71231 
vt -0.851179 -1.72085 
vt -0.807135 -1.70199 
vt -0.78856 -1.69332 
vt -0.831531 -1.70328 
vt -0.852935 -1.71636 
vt -0.760254 -1.65219 
vt -0.81026 -1.68959 
vt -0.777859 -1.66541 
vt -0.792483 -1.67638 
vt -0.777859 -1.66541 
vt -0.76697 -1.65724 
vt -0.760254 -1.65219 
vt -0.797089 -1.64564 
vt -0.839099 -1.6936 
vt -0.85679 -1.71132 
vt -0.788377 -1.6358 
vt -0.823046 -1.67494 
vt -0.808798 -1.65886 
vt -0.808798 -1.65886 
vt -0.831655 -1.66515 
vt -0.845948 -1.68687 
vt -0.819685 -1.64519 
vt -0.809808 -1.62863 
vt -0.802429 -1.61626 
vt -0.845244 -1.6871 
vt -0.860287 -1.70801 
vt -0.855737 -1.68062 
vt -0.85563 -1.68107 
vt -0.865216 -1.70494 
vt -0.846938 -1.65682 
vt -0.839209 -1.63578 
vt -0.832852 -1.61846 
vt -0.859855 -1.65183 
vt -0.864895 -1.67795 
vt -0.855624 -1.62814 
vt -0.852121 -1.60846 
vt -0.849494 -1.59372 
vt -0.847865 -1.5846 
vt -0.85563 -1.68107 
vt -0.864895 -1.67795 
vt -0.86994 -1.70347 
vt -0.865216 -1.70494 
vt -0.875174 -1.67666 
vt -0.875174 -1.70269 
vt -0.875174 -1.65046 
vt -0.875174 -1.67666 
vt -0.875174 -1.62766 
vt -0.875174 -1.60889 
vt -0.875174 -1.62766 
vt -0.894723 -1.62814 
vt -0.890493 -1.65183 
vt -0.875174 -1.65046 
vt -0.875174 -1.60889 
vt -0.898226 -1.60846 
vt -0.875174 -1.67666 
vt -0.885453 -1.67795 
vt -0.880408 -1.70347 
vt -0.875174 -1.70269 
vt -0.894717 -1.68107 
vt -0.885131 -1.70494 
vt -0.90341 -1.65682 
vt -0.911138 -1.63578 
vt -0.917496 -1.61846 
vt -0.922231 -1.60556 
vt -0.94054 -1.62863 
vt -0.930662 -1.64519 
vt -0.918692 -1.66515 
vt -0.947918 -1.61626 
vt -0.9044 -1.68687 
vt -0.890061 -1.70801 
vt -0.918692 -1.66515 
vt -0.911248 -1.6936 
vt -0.893557 -1.71132 
vt -0.927301 -1.67494 
vt -0.953259 -1.64564 
vt -0.94155 -1.65887 
vt -0.953259 -1.64564 
vt -0.972489 -1.66541 
vt -0.957865 -1.67638 
vt -0.983378 -1.65724 
vt -0.990094 -1.65219 
vt -0.918816 -1.70328 
vt -0.897413 -1.71636 
vt -0.940087 -1.68959 
vt -0.922249 -1.71231 
vt -0.899168 -1.72085 
vt -0.943213 -1.70199 
vt -0.961787 -1.69332 
vt -0.977039 -1.68618 
vt -0.95151 -1.72133 
vt -0.989467 -1.713 
vt -0.926545 -1.72436 
vt -0.90103 -1.72728 
vt -0.95151 -1.72133 
vt -0.989467 -1.713 
vt -0.972353 -1.71681 
vt -0.86994 -1.70347 
vt -0.875174 -1.70269 
vt -0.889433 -1.73151 
vt -0.889159 -1.72836 
vt -0.889468 -1.72829 
vt -0.889253 -1.7292 
vt -0.890675 -1.73151 
vt -0.8873 -1.73151 
vt -0.887067 -1.72883 
vt -0.889159 -1.73465 
vt -0.889253 -1.73381 
vt -0.889468 -1.73472 
vt -0.888348 -1.72533 
vt -0.889492 -1.72479 
vt -0.889734 -1.72504 
vt -0.884702 -1.73151 
vt -0.884519 -1.7294 
vt -0.887067 -1.73418 
vt -0.886377 -1.72625 
vt -0.888348 -1.73768 
vt -0.889734 -1.73797 
vt -0.889492 -1.73822 
vt -0.88703 -1.72254 
vt -0.887263 -1.72236 
vt -0.887366 -1.7232 
vt -0.881737 -1.73151 
vt -0.881611 -1.73006 
vt -0.884519 -1.73361 
vt -0.883976 -1.72738 
vt -0.886377 -1.73676 
vt -0.885257 -1.72388 
vt -0.88703 -1.74047 
vt -0.887366 -1.73981 
vt -0.887263 -1.74065 
vt -0.885257 -1.72009 
vt -0.886142 -1.71909 
vt -0.886387 -1.71919 
vt -0.878519 -1.73151 
vt -0.878455 -1.73077 
vt -0.881611 -1.73295 
vt -0.881237 -1.72866 
vt -0.883976 -1.73563 
vt -0.883096 -1.72551 
vt -0.885257 -1.73913 
vt -0.883749 -1.7218 
vt -0.885257 -1.74292 
vt -0.886387 -1.74382 
vt -0.886142 -1.74392 
vt -0.883507 -1.71846 
vt -0.875174 -1.73151 
vt -0.878455 -1.73224 
vt -0.878265 -1.73006 
vt -0.881237 -1.73435 
vt -0.880631 -1.72738 
vt -0.883096 -1.7375 
vt -0.881911 -1.72388 
vt -0.883749 -1.74121 
vt -0.881911 -1.72009 
vt -0.883096 -1.71808 
vt -0.883403 -1.71837 
vt -0.883435 -1.71846 
vt -0.883507 -1.74455 
vt -0.878265 -1.73295 
vt -0.877956 -1.7294 
vt -0.880631 -1.73563 
vt -0.879814 -1.72625 
vt -0.881911 -1.73913 
vt -0.880467 -1.72254 
vt -0.881911 -1.74292 
vt -0.883435 -1.74455 
vt -0.883403 -1.74464 
vt -0.883096 -1.74493 
vt -0.883185 -1.71793 
vt -0.879814 -1.71882 
vt -0.880631 -1.71659 
vt -0.877956 -1.73361 
vt -0.87754 -1.72883 
vt -0.879814 -1.73676 
vt -0.87882 -1.72533 
vt -0.880467 -1.74047 
vt -0.87882 -1.72154 
vt -0.879814 -1.74419 
vt -0.880631 -1.74642 
vt -0.883185 -1.74508 
vt -0.881126 -1.71524 
vt -0.881271 -1.71524 
vt -0.87754 -1.71804 
vt -0.877956 -1.71567 
vt -0.87798 -1.71568 
vt -0.8781 -1.71583 
vt -0.878244 -1.71577 
vt -0.87754 -1.73418 
vt -0.877033 -1.72836 
vt -0.87882 -1.73768 
vt -0.877685 -1.72464 
vt -0.87882 -1.74147 
vt -0.877033 -1.72093 
vt -0.87754 -1.74497 
vt -0.878244 -1.74724 
vt -0.8781 -1.74718 
vt -0.87798 -1.74733 
vt -0.877956 -1.74734 
vt -0.881271 -1.74777 
vt -0.881126 -1.74777 
vt -0.877958 -1.71566 
vt -0.875174 -1.71778 
vt -0.875174 -1.71536 
vt -0.877033 -1.73465 
vt -0.876454 -1.72801 
vt -0.877685 -1.73837 
vt -0.876454 -1.72422 
vt -0.877033 -1.74208 
vt -0.875174 -1.72072 
vt -0.875174 -1.74523 
vt -0.875174 -1.74765 
vt -0.877958 -1.74735 
vt -0.875174 -1.71383 
vt -0.875174 -1.71778 
vt -0.872808 -1.71804 
vt -0.872392 -1.71567 
vt -0.875174 -1.71536 
vt -0.876454 -1.735 
vt -0.875826 -1.72779 
vt -0.876454 -1.73879 
vt -0.875174 -1.72408 
vt -0.875174 -1.74229 
vt -0.875174 -1.72072 
vt -0.873315 -1.72093 
vt -0.872808 -1.74497 
vt -0.875174 -1.74523 
vt -0.875174 -1.74765 
vt -0.872392 -1.74734 
vt -0.875174 -1.74918 
vt -0.875174 -1.74918 
vt -0.87239 -1.71566 
vt -0.875174 -1.71383 
vt -0.870533 -1.71882 
vt -0.869717 -1.71659 
vt -0.872103 -1.71577 
vt -0.872248 -1.71583 
vt -0.872367 -1.71568 
vt -0.875826 -1.73522 
vt -0.875174 -1.72772 
vt -0.875174 -1.73894 
vt -0.875174 -1.72408 
vt -0.873893 -1.72422 
vt -0.873315 -1.74208 
vt -0.875174 -1.74229 
vt -0.871527 -1.72154 
vt -0.870533 -1.74419 
vt -0.872367 -1.74733 
vt -0.872248 -1.74718 
vt -0.872103 -1.74724 
vt -0.869717 -1.74642 
vt -0.87239 -1.74735 
vt -0.869221 -1.71524 
vt -0.868436 -1.72009 
vt -0.867252 -1.71808 
vt -0.875174 -1.73529 
vt -0.875174 -1.72772 
vt -0.874521 -1.72779 
vt -0.873893 -1.73879 
vt -0.875174 -1.73894 
vt -0.872662 -1.72464 
vt -0.871527 -1.74147 
vt -0.86988 -1.72254 
vt -0.868436 -1.74292 
vt -0.867252 -1.74493 
vt -0.869221 -1.74777 
vt -0.867162 -1.71793 
vt -0.869076 -1.71524 
vt -0.866599 -1.7218 
vt -0.865091 -1.72009 
vt -0.86684 -1.71846 
vt -0.866912 -1.71846 
vt -0.866944 -1.71837 
vt -0.875174 -1.73151 
vt -0.874521 -1.73522 
vt -0.875174 -1.73529 
vt -0.873893 -1.72801 
vt -0.872662 -1.73837 
vt -0.871527 -1.72533 
vt -0.86988 -1.74047 
vt -0.868436 -1.72388 
vt -0.866599 -1.74121 
vt -0.866944 -1.74464 
vt -0.866912 -1.74455 
vt -0.86684 -1.74455 
vt -0.865091 -1.74292 
vt -0.869076 -1.74777 
vt -0.867162 -1.74508 
vt -0.864205 -1.71909 
vt -0.865091 -1.72388 
vt -0.863317 -1.72254 
vt -0.873893 -1.735 
vt -0.873315 -1.72836 
vt -0.871527 -1.73768 
vt -0.870533 -1.72625 
vt -0.868436 -1.73913 
vt -0.867252 -1.72551 
vt -0.865091 -1.73913 
vt -0.863317 -1.74047 
vt -0.864205 -1.74392 
vt -0.863084 -1.72236 
vt -0.863961 -1.71919 
vt -0.86397 -1.72625 
vt -0.862 -1.72533 
vt -0.873315 -1.73465 
vt -0.872808 -1.72883 
vt -0.870533 -1.73676 
vt -0.869717 -1.72738 
vt -0.867252 -1.7375 
vt -0.866371 -1.72738 
vt -0.86397 -1.73676 
vt -0.862 -1.73768 
vt -0.863961 -1.74382 
vt -0.863084 -1.74065 
vt -0.860856 -1.72479 
vt -0.862981 -1.7232 
vt -0.86328 -1.72883 
vt -0.861188 -1.72836 
vt -0.872808 -1.73418 
vt -0.872392 -1.7294 
vt -0.869717 -1.73563 
vt -0.86911 -1.72866 
vt -0.866371 -1.73563 
vt -0.865829 -1.7294 
vt -0.86328 -1.73418 
vt -0.861188 -1.73465 
vt -0.862981 -1.73981 
vt -0.860856 -1.73822 
vt -0.86088 -1.72829 
vt -0.860613 -1.72504 
vt -0.863047 -1.73151 
vt -0.860914 -1.73151 
vt -0.872392 -1.73361 
vt -0.872083 -1.73006 
vt -0.86911 -1.73435 
vt -0.868737 -1.73006 
vt -0.865829 -1.73361 
vt -0.865646 -1.73151 
vt -0.860613 -1.73797 
vt -0.86088 -1.73472 
vt -0.859673 -1.73151 
vt -0.861094 -1.7292 
vt -0.872083 -1.73295 
vt -0.871892 -1.73077 
vt -0.868737 -1.73295 
vt -0.868611 -1.73151 
vt -0.861094 -1.73381 
vt -0.871892 -1.73224 
vt -0.871828 -1.73151 
vt -0.88609 -1.65001 
vt -0.880269 -1.62345 
vt -0.871922 -1.62548 
vt -0.878854 -1.65448 
vt -0.870243 -1.65475 
vt -0.863023 -1.62862 
vt -0.864438 -1.59759 
vt -0.856995 -1.60248 
vt -0.872843 -1.59773 
vt -0.864438 -1.59759 
vt -0.878854 -1.65448 
vt -0.871922 -1.62548 
vt -0.925873 -1.86372 
vt -0.95151 -1.86043 
vt -0.927744 -1.86869 
vt -1.00515 -1.78336 
vt -0.983378 -1.81066 
vt -0.972488 -1.83418 
vt -0.957865 -1.84944 
vt -0.96197 -1.8074 
vt -0.94155 -1.84549 
vt -0.952481 -1.78524 
vt -0.825195 -1.78348 
vt -0.831655 -1.86076 
vt -0.797089 -1.82948 
vt -0.760254 -1.78509 
vt -0.777859 -1.83418 
vt -0.927744 -1.86869 
vt -0.989467 -1.83391 
vt -0.972353 -1.84925 
vt -0.983378 -1.81066 
vt -0.990094 -1.78509 
vt -0.940087 -1.64542 
vt -0.972488 -1.83418 
vt -0.957865 -1.66222 
vt -0.972488 -1.68278 
vt -0.983378 -1.7063 
vt -0.990094 -1.73187 
vt -0.992363 -1.75848 
vt -0.96197 -1.70956 
vt -0.953259 -1.68749 
vt -0.96734 -1.73354 
vt -0.969154 -1.75848 
vt -0.96734 -1.78343 
vt -0.96197 -1.8074 
vt -0.953259 -1.82948 
vt -0.94155 -1.84549 
vt -0.947918 -1.81091 
vt -0.952481 -1.78524 
vt -0.94054 -1.83449 
vt -0.930662 -1.66192 
vt -0.94054 -1.68248 
vt -0.947918 -1.70605 
vt -0.952481 -1.73173 
vt -0.954025 -1.75848 
vt -0.925153 -1.73349 
vt -0.922231 -1.70948 
vt -0.92614 -1.75848 
vt -0.925153 -1.78348 
vt -0.922231 -1.80748 
vt -0.917496 -1.82957 
vt -0.911138 -1.66808 
vt -0.917496 -1.6874 
vt -0.885452 -1.63799 
vt -0.898226 -1.83473 
vt -0.900853 -1.81112 
vt -0.894723 -1.6617 
vt -0.894723 -1.84979 
vt -0.898226 -1.68224 
vt -0.900853 -1.70584 
vt -0.885702 -1.86901 
vt -0.902483 -1.73161 
vt -0.903036 -1.75848 
vt -0.902483 -1.78536 
vt -0.875174 -1.73347 
vt -0.875174 -1.70945 
vt -0.875174 -1.75848 
vt -0.875174 -1.7835 
vt -0.875174 -1.80752 
vt -0.875174 -1.82961 
vt -0.875174 -1.66804 
vt -0.875174 -1.68735 
vt -0.875174 -1.82961 
vt -0.852121 -1.83473 
vt -0.849494 -1.81112 
vt -0.875174 -1.80752 
vt -0.855624 -1.6617 
vt -0.855624 -1.84979 
vt -0.875174 -1.68735 
vt -0.852121 -1.68224 
vt -0.875174 -1.70945 
vt -0.849494 -1.70584 
vt -0.864645 -1.86901 
vt -0.875174 -1.73347 
vt -0.847865 -1.73161 
vt -0.875174 -1.75848 
vt -0.847312 -1.75848 
vt -0.875174 -1.7835 
vt -0.847865 -1.78536 
vt -0.824207 -1.75848 
vt -0.825195 -1.73349 
vt -0.825195 -1.78348 
vt -0.828116 -1.80748 
vt -0.832852 -1.82957 
vt -0.839209 -1.66808 
vt -0.832852 -1.6874 
vt -0.828116 -1.70948 
vt -0.819685 -1.84964 
vt -0.809808 -1.83449 
vt -0.809808 -1.68248 
vt -0.819685 -1.66192 
vt -0.831655 -1.86076 
vt -0.802429 -1.70605 
vt -0.797866 -1.73173 
vt -0.796322 -1.75848 
vt -0.797866 -1.78524 
vt -0.802429 -1.81091 
vt -0.831655 -1.64517 
vt -0.783007 -1.78343 
vt -0.781193 -1.75848 
vt -0.788377 -1.8074 
vt -0.797089 -1.82948 
vt -0.797089 -1.68749 
vt -0.788377 -1.70956 
vt -0.783007 -1.73354 
vt -0.777859 -1.68278 
vt -0.76697 -1.7063 
vt -0.760254 -1.73187 
vt -0.757984 -1.75848 
vt -0.760254 -1.78509 
vt -0.76697 -1.81066 
vt -0.777859 -1.83418 
vt -0.884234 -1.65472 
vt -0.890295 -1.62858 
vt -0.88048 -1.62546 
vt -0.874534 -1.65446 
vt -0.865408 -1.65001 
vt -0.869808 -1.62345 
vt -0.865844 -1.62862 
vt -0.893831 -1.60272 
vt -0.873343 -1.59759 
vt -0.875547 -1.59773 
vt -0.885568 -1.59757 
vt -0.894374 -1.60245 
vt -0.880941 -1.86869 
vt -0.875174 -1.7336 
vt -0.875174 -1.70968 
vt -0.896534 -1.70652 
vt -0.89829 -1.73199 
vt -0.875174 -1.75848 
vt -0.898883 -1.75848 
vt -0.875174 -1.78336 
vt -0.89829 -1.78498 
vt -0.882321 -1.63837 
vt -0.875174 -1.80729 
vt -0.896534 -1.81045 
vt -0.875174 -1.82933 
vt -0.893684 -1.83391 
vt -0.875174 -1.66832 
vt -0.889867 -1.6625 
vt -0.875174 -1.68764 
vt -0.893684 -1.68305 
vt -0.920502 -1.68759 
vt -0.925812 -1.70964 
vt -0.929082 -1.73358 
vt -0.930187 -1.75848 
vt -0.929082 -1.78338 
vt -0.925812 -1.80732 
vt -0.920502 -1.82938 
vt -0.913363 -1.66827 
vt -0.890319 -1.6465 
vt -0.954485 -1.78509 
vt -0.949443 -1.81066 
vt -0.917086 -1.64542 
vt -0.941267 -1.83418 
vt -0.930297 -1.66222 
vt -0.930297 -1.84944 
vt -0.941267 -1.68278 
vt -0.949443 -1.7063 
vt -0.954485 -1.73187 
vt -0.956188 -1.75848 
vt -0.961038 -1.68749 
vt -0.970877 -1.70956 
vt -0.976942 -1.73354 
vt -0.97899 -1.75848 
vt -0.976942 -1.78343 
vt -0.970877 -1.8074 
vt -0.961038 -1.82948 
vt -0.947814 -1.84549 
vt -0.998059 -1.78524 
vt -0.990419 -1.81091 
vt -0.919811 -1.63808 
vt -0.978053 -1.83449 
vt -0.961493 -1.66192 
vt -0.978053 -1.68248 
vt -0.990419 -1.70605 
vt -0.998059 -1.73173 
vt -1.00064 -1.75848 
vt -0.998221 -1.83473 
vt -0.97854 -1.6617 
vt -0.97854 -1.84979 
vt -0.928716 -1.86901 
vt -1.02208 -1.73161 
vt -0.998221 -1.83473 
vt -0.97854 -1.84979 
vt -0.928716 -1.86901 
vt -0.978053 -1.83449 
vt -0.998059 -1.78524 
vt -0.990419 -1.81091 
vt -0.852058 -1.73199 
vt -0.853814 -1.70652 
vt -0.851465 -1.75848 
vt -0.852058 -1.78498 
vt -0.853814 -1.81045 
vt -0.856663 -1.83391 
vt -0.860481 -1.6625 
vt -0.856663 -1.68305 
vt -0.824536 -1.70964 
vt -0.829845 -1.68759 
vt -0.821265 -1.73358 
vt -0.820161 -1.75848 
vt -0.821265 -1.78338 
vt -0.824536 -1.80732 
vt -0.829845 -1.82938 
vt -0.836985 -1.66827 
vt -0.800904 -1.81066 
vt -0.795863 -1.78509 
vt -0.809081 -1.83418 
vt -0.820051 -1.66222 
vt -0.809081 -1.68278 
vt -0.800904 -1.7063 
vt -0.795863 -1.73187 
vt -0.794159 -1.75848 
vt -0.77947 -1.70956 
vt -0.789309 -1.68749 
vt -0.773406 -1.73354 
vt -0.771357 -1.75848 
vt -0.773406 -1.78343 
vt -0.77947 -1.8074 
vt -0.789309 -1.82948 
vt -0.802533 -1.84549 
vt -0.759928 -1.81091 
vt -0.752289 -1.78524 
vt -0.772294 -1.83449 
vt -0.788855 -1.66192 
vt -0.772294 -1.68248 
vt -0.759928 -1.70605 
vt -0.752289 -1.73173 
vt -0.749704 -1.75848 
vt -0.877717 -1.74663 
vt -0.854539 -1.73794 
vt -0.854651 -1.74706 
vt -0.925873 -1.73151 
vt -0.948783 -1.73151 
vt -0.95151 -1.74168 
vt -0.927744 -1.73727 
vt -0.899816 -1.73151 
vt -0.90103 -1.73573 
vt -0.985355 -1.73151 
vt -0.989467 -1.75002 
vt -0.968869 -1.73151 
vt -0.972353 -1.7462 
vt -0.961787 -1.76969 
vt -0.943213 -1.76102 
vt -0.922032 -1.7513 
vt -0.899168 -1.74216 
vt -0.977039 -1.77683 
vt -0.897413 -1.74665 
vt -0.990094 -1.81082 
vt -0.972488 -1.7976 
vt -0.957865 -1.78663 
vt -0.940087 -1.77342 
vt -0.919852 -1.75911 
vt -0.897413 -1.74665 
vt -0.927301 -1.78807 
vt -0.911065 -1.76993 
vt -0.893557 -1.75169 
vt -0.96197 -1.82721 
vt -0.953259 -1.81737 
vt -0.94155 -1.80415 
vt -0.952481 -1.85439 
vt -0.94054 -1.83438 
vt -0.930662 -1.81782 
vt -0.918692 -1.79786 
vt -0.905103 -1.77591 
vt -0.89006 -1.75501 
vt -0.90341 -1.80619 
vt -0.894611 -1.78239 
vt -0.885131 -1.75807 
vt -0.917496 -1.84455 
vt -0.911138 -1.82723 
vt -0.898226 -1.85455 
vt -0.894723 -1.83487 
vt -0.890493 -1.81118 
vt -0.885702 -1.78505 
vt -0.880408 -1.75954 
vt -0.902483 -1.87841 
vt -0.875174 -1.78677 
vt -0.875174 -1.76032 
vt -0.875174 -1.85412 
vt -0.875174 -1.83535 
vt -0.875174 -1.81256 
vt -0.875174 -1.85412 
vt -0.852121 -1.85455 
vt -0.875174 -1.83535 
vt -0.855624 -1.83487 
vt -0.875174 -1.81256 
vt -0.859855 -1.81118 
vt -0.875174 -1.78677 
vt -0.864645 -1.78505 
vt -0.875174 -1.76032 
vt -0.86994 -1.75954 
vt -0.855737 -1.78239 
vt -0.865216 -1.75807 
vt -0.832852 -1.84455 
vt -0.839209 -1.82723 
vt -0.846938 -1.80619 
vt -0.809808 -1.83438 
vt -0.819685 -1.81782 
vt -0.831655 -1.79786 
vt -0.845244 -1.77591 
vt -0.860287 -1.75501 
vt -0.797089 -1.81737 
vt -0.808798 -1.80415 
vt -0.823046 -1.78807 
vt -0.839282 -1.76993 
vt -0.85679 -1.75169 
vt -0.792483 -1.78663 
vt -0.81026 -1.77342 
vt -0.830495 -1.75911 
vt -0.852935 -1.74665 
vt -0.760254 -1.81082 
vt -0.777859 -1.7976 
vt -0.773309 -1.77683 
vt -0.78856 -1.76969 
vt -0.807135 -1.76102 
vt -0.828316 -1.7513 
vt -0.851179 -1.74216 
vt -0.777995 -1.7462 
vt -0.798837 -1.74168 
vt -0.822603 -1.73727 
vt -0.849317 -1.73573 
vt -0.76088 -1.75002 
vt -0.764992 -1.73151 
vt -0.781479 -1.73151 
vt -0.801564 -1.73151 
vt -0.824474 -1.73151 
vt -0.850531 -1.73151 
vt -0.875174 -1.73151 
vt -0.875174 -1.73151 
vt -0.927744 -1.72574 
vt -0.95151 -1.72133 
vt -0.90103 -1.72728 
vt -0.989467 -1.713 
vt -0.972353 -1.71681 
vt -0.943213 -1.70199 
vt -0.961787 -1.69332 
vt -0.922032 -1.71171 
vt -0.899168 -1.72085 
vt -0.977039 -1.68618 
vt -0.983378 -1.65724 
vt -0.990094 -1.65219 
vt -0.972488 -1.66541 
vt -0.957865 -1.67638 
vt -0.940087 -1.68959 
vt -0.919852 -1.7039 
vt -0.897413 -1.71636 
vt -0.911065 -1.69308 
vt -0.927301 -1.67494 
vt -0.893557 -1.71132 
vt -0.96197 -1.6358 
vt -0.953259 -1.64564 
vt -0.94155 -1.65886 
vt -0.952481 -1.60862 
vt -0.94054 -1.62863 
vt -0.930662 -1.64519 
vt -0.918692 -1.66515 
vt -0.905103 -1.6871 
vt -0.89006 -1.70801 
vt -0.894611 -1.68062 
vt -0.90341 -1.65682 
vt -0.885131 -1.70494 
vt -0.917496 -1.61846 
vt -0.911138 -1.63578 
vt -0.885452 -1.67795 
vt -0.898226 -1.60846 
vt -0.894723 -1.62814 
vt -0.890493 -1.65183 
vt -0.900853 -1.59372 
vt -0.885702 -1.67796 
vt -0.880408 -1.70347 
vt -0.875174 -1.70269 
vt -0.875174 -1.67624 
vt -0.875174 -1.60889 
vt -0.875174 -1.62766 
vt -0.875174 -1.62766 
vt -0.875174 -1.65046 
vt -0.875174 -1.60889 
vt -0.852121 -1.60846 
vt -0.875174 -1.62766 
vt -0.855624 -1.62814 
vt -0.875174 -1.65046 
vt -0.859855 -1.65183 
vt -0.875174 -1.67624 
vt -0.864645 -1.67796 
vt -0.875174 -1.70269 
vt -0.86994 -1.70347 
vt -0.865216 -1.70494 
vt -0.855737 -1.68062 
vt -0.832852 -1.61846 
vt -0.839209 -1.63578 
vt -0.846938 -1.65682 
vt -0.819685 -1.64519 
vt -0.809808 -1.62863 
vt -0.831655 -1.66515 
vt -0.845244 -1.6871 
vt -0.860287 -1.70801 
vt -0.802429 -1.61626 
vt -0.797089 -1.64564 
vt -0.808798 -1.65886 
vt -0.823046 -1.67494 
vt -0.839282 -1.69308 
vt -0.85679 -1.71132 
vt -0.81026 -1.68959 
vt -0.792483 -1.67638 
vt -0.830495 -1.7039 
vt -0.852935 -1.71636 
vt -0.760254 -1.65219 
vt -0.777859 -1.66541 
vt -0.773309 -1.68618 
vt -0.78856 -1.69332 
vt -0.807135 -1.70199 
vt -0.828316 -1.71171 
vt -0.851179 -1.72085 
vt -0.798837 -1.72133 
vt -0.777995 -1.71681 
vt -0.822603 -1.72574 
vt -0.849317 -1.72728 
vt -0.748157 -1.71015 
vt -0.76088 -1.713 
vt -0.860914 -1.73151 
vt -0.86088 -1.72829 
vt -0.861094 -1.7292 
vt -0.859673 -1.73151 
vt -0.861188 -1.73465 
vt -0.861094 -1.73381 
vt -0.86088 -1.73472 
vt -0.862 -1.72533 
vt -0.860856 -1.72479 
vt -0.860613 -1.72504 
vt -0.860613 -1.73797 
vt -0.860856 -1.73822 
vt -0.863084 -1.72236 
vt -0.862981 -1.7232 
vt -0.863317 -1.74047 
vt -0.862981 -1.73981 
vt -0.863084 -1.74065 
vt -0.864205 -1.71909 
vt -0.863961 -1.71919 
vt -0.863961 -1.74382 
vt -0.864205 -1.74392 
vt -0.86684 -1.71846 
vt -0.866944 -1.71837 
vt -0.866912 -1.71846 
vt -0.86684 -1.74455 
vt -0.86988 -1.72254 
vt -0.866912 -1.74455 
vt -0.866944 -1.74464 
vt -0.867162 -1.71793 
vt -0.869717 -1.74642 
vt -0.867162 -1.74508 
vt -0.869221 -1.71524 
vt -0.869076 -1.71524 
vt -0.872367 -1.71568 
vt -0.872248 -1.71583 
vt -0.872103 -1.71577 
vt -0.872103 -1.74724 
vt -0.872248 -1.74718 
vt -0.872367 -1.74733 
vt -0.869076 -1.74777 
vt -0.869221 -1.74777 
vt -0.87239 -1.71566 
vt -0.87239 -1.74735 
vt -0.875174 -1.71383 
vt -0.875174 -1.74918 
vt -0.875174 -1.74918 
vt -0.877958 -1.71566 
vt -0.875174 -1.71383 
vt -0.878244 -1.71577 
vt -0.8781 -1.71583 
vt -0.87798 -1.71568 
vt -0.87798 -1.74733 
vt -0.8781 -1.74718 
vt -0.878244 -1.74724 
vt -0.877958 -1.74735 
vt -0.881126 -1.71524 
vt -0.881126 -1.74777 
vt -0.883185 -1.71793 
vt -0.881271 -1.71524 
vt -0.883507 -1.71846 
vt -0.883435 -1.71846 
vt -0.883403 -1.71837 
vt -0.883403 -1.74464 
vt -0.883435 -1.74455 
vt -0.883507 -1.74455 
vt -0.881271 -1.74777 
vt -0.883185 -1.74508 
vt -0.886142 -1.71909 
vt -0.88703 -1.72254 
vt -0.886142 -1.74392 
vt -0.887263 -1.72236 
vt -0.886387 -1.71919 
vt -0.888348 -1.73768 
vt -0.886387 -1.74382 
vt -0.887263 -1.74065 
vt -0.889492 -1.72479 
vt -0.887366 -1.7232 
vt -0.889159 -1.72836 
vt -0.887366 -1.73981 
vt -0.889492 -1.73822 
vt -0.889468 -1.72829 
vt -0.889734 -1.72504 
vt -0.889433 -1.73151 
vt -0.889734 -1.73797 
vt -0.889468 -1.73472 
vt -0.890675 -1.73151 
vt -0.889253 -1.7292 
vt -0.889253 -1.73381 
vt -0.875174 -1.73151 
vt -0.882449 -1.65947 
vt -0.889876 -1.63375 
vt -0.881529 -1.63172 
vt -0.874045 -1.65961 
vt -0.866602 -1.65472 
vt -0.87263 -1.62858 
vt -0.895697 -1.6072 
vt -0.888461 -1.60272 
vt -0.888461 -1.60272 
vt -0.879849 -1.60245 
vt -0.874045 -1.65961 
vt -0.881529 -1.63172 
vt -0.824474 -1.86372 
vt -0.822603 -1.86869 
vt -0.74032 -1.73199 
vt -0.745193 -1.78336 
vt -0.76088 -1.83391 
vt -0.777995 -1.6625 
vt -0.777995 -1.84925 
vt -0.760254 -1.78509 
vt -0.76697 -1.81066 
vt -0.777859 -1.83418 
vt -0.777859 -1.68278 
vt -0.76697 -1.7063 
vt -0.830495 -1.86881 
vt -0.760254 -1.73187 
vt -0.757984 -1.75848 
vt -0.797089 -1.68749 
vt -0.788377 -1.70956 
vt -0.783008 -1.73354 
vt -0.781193 -1.75848 
vt -0.783008 -1.78343 
vt -0.788377 -1.8074 
vt -0.797089 -1.82948 
vt -0.808798 -1.84549 
vt -0.797866 -1.78524 
vt -0.802429 -1.81091 
vt -0.809808 -1.83449 
vt -0.819685 -1.66192 
vt -0.809808 -1.68248 
vt -0.802429 -1.70605 
vt -0.797866 -1.73173 
vt -0.796322 -1.75848 
vt -0.828116 -1.70948 
vt -0.825195 -1.73349 
vt -0.824207 -1.75848 
vt -0.825195 -1.78348 
vt -0.828116 -1.80748 
vt -0.832852 -1.82957 
vt -0.839209 -1.66808 
vt -0.832852 -1.6874 
vt -0.859855 -1.64499 
vt -0.849494 -1.81112 
vt -0.852121 -1.83473 
vt -0.855624 -1.6617 
vt -0.852121 -1.68224 
vt -0.849494 -1.70584 
vt -0.864645 -1.86901 
vt -0.847865 -1.73161 
vt -0.847312 -1.75848 
vt -0.847865 -1.78536 
vt -0.875174 -1.70945 
vt -0.875174 -1.73347 
vt -0.875174 -1.75848 
vt -0.875174 -1.7835 
vt -0.875174 -1.80752 
vt -0.875174 -1.82961 
vt -0.875174 -1.66804 
vt -0.875174 -1.68735 
vt -0.875174 -1.82961 
vt -0.875174 -1.80752 
vt -0.900853 -1.81112 
vt -0.898226 -1.83473 
vt -0.890493 -1.64499 
vt -0.894723 -1.6617 
vt -0.894723 -1.84979 
vt -0.875174 -1.68735 
vt -0.898226 -1.68224 
vt -0.875174 -1.70945 
vt -0.900853 -1.70584 
vt -0.875174 -1.73347 
vt -0.902483 -1.73161 
vt -0.875174 -1.75848 
vt -0.903036 -1.75848 
vt -0.875174 -1.7835 
vt -0.902483 -1.78536 
vt -0.925153 -1.73349 
vt -0.92614 -1.75848 
vt -0.925153 -1.78348 
vt -0.922231 -1.80748 
vt -0.917496 -1.82957 
vt -0.911138 -1.66808 
vt -0.917496 -1.6874 
vt -0.922231 -1.70948 
vt -0.94054 -1.83449 
vt -0.930662 -1.66192 
vt -0.94054 -1.68248 
vt -0.918692 -1.86076 
vt -0.947918 -1.70605 
vt -0.952481 -1.73173 
vt -0.954025 -1.75848 
vt -0.952481 -1.78524 
vt -0.947918 -1.81091 
vt -0.918692 -1.64517 
vt -0.969154 -1.75848 
vt -0.96734 -1.78343 
vt -0.96197 -1.8074 
vt -0.953259 -1.82948 
vt -0.953259 -1.68749 
vt -0.96197 -1.70956 
vt -0.96734 -1.73354 
vt -0.972489 -1.68278 
vt -0.983378 -1.7063 
vt -0.990094 -1.73187 
vt -0.992363 -1.75848 
vt -0.990094 -1.78509 
vt -0.983378 -1.81066 
vt -0.972489 -1.83418 
vt -0.822603 -1.86869 
vt -0.798837 -1.86043 

usemtl Handle1Mtl

f 852/852/852 853/853/853 854/854/854 
f 852/852/852 854/854/854 855/855/855 
f 859/859/859 860/860/860 861/861/861 
f 858/858/858 857/857/857 853/853/853 
f 858/858/858 853/853/853 852/852/852 
f 864/864/864 858/858/858 852/852/852 
f 864/864/864 852/852/852 860/860/860 
f 860/860/860 852/852/852 855/855/855 
f 860/860/860 855/855/855 861/861/861 
f 875/875/875 874/874/874 877/877/877 
f 875/875/875 877/877/877 878/878/878 
f 876/876/876 875/875/875 878/878/878 
f 876/876/876 878/878/878 879/879/879 
f 869/869/869 876/876/876 879/879/879 
f 869/869/869 879/879/879 880/880/880 
f 871/871/871 870/870/870 881/881/881 
f 872/872/872 871/871/871 882/882/882 
f 872/872/872 882/882/882 883/883/883 
f 873/873/873 872/872/872 883/883/883 
f 873/873/873 883/883/883 884/884/884 
f 874/874/874 873/873/873 884/884/884 
f 874/874/874 884/884/884 877/877/877 
f 891/891/891 890/890/890 894/894/894 
f 891/891/891 894/894/894 895/895/895 
f 892/892/892 891/891/891 895/895/895 
f 892/892/892 895/895/895 896/896/896 
f 893/893/893 892/892/892 896/896/896 
f 893/893/893 896/896/896 897/897/897 
f 886/886/886 885/885/885 898/898/898 
f 886/886/886 898/898/898 899/899/899 
f 888/888/888 886/886/886 899/899/899 
f 888/888/888 899/899/899 900/900/900 
f 889/889/889 888/888/888 900/900/900 
f 889/889/889 900/900/900 901/901/901 
f 890/890/890 889/889/889 901/901/901 
f 890/890/890 901/901/901 894/894/894 
f 900/900/900 899/899/899 903/903/903 
f 900/900/900 903/903/903 904/904/904 
f 901/901/901 900/900/900 904/904/904 
f 901/901/901 904/904/904 905/905/905 
f 894/894/894 901/901/901 905/905/905 
f 894/894/894 905/905/905 906/906/906 
f 895/895/895 894/894/894 906/906/906 
f 895/895/895 906/906/906 907/907/907 
f 896/896/896 895/895/895 907/907/907 
f 896/896/896 907/907/907 909/909/909 
f 897/897/897 896/896/896 909/909/909 
f 897/897/897 909/909/909 911/911/911 
f 909/909/909 907/907/907 913/913/913 
f 909/909/909 913/913/913 914/914/914 
f 911/911/911 909/909/909 914/914/914 
f 911/911/911 914/914/914 915/915/915 
f 903/903/903 912/912/912 916/916/916 
f 903/903/903 916/916/916 918/918/918 
f 904/904/904 903/903/903 918/918/918 
f 904/904/904 918/918/918 919/919/919 
f 905/905/905 904/904/904 919/919/919 
f 905/905/905 919/919/919 920/920/920 
f 906/906/906 905/905/905 920/920/920 
f 906/906/906 920/920/920 921/921/921 
f 907/907/907 906/906/906 921/921/921 
f 907/907/907 921/921/921 913/913/913 
f 940/940/940 943/943/943 944/944/944 
f 940/940/940 944/944/944 939/939/939 
f 941/941/941 945/945/945 943/943/943 
f 941/941/941 943/943/943 940/940/940 
f 934/934/934 947/947/947 945/945/945 
f 934/934/934 945/945/945 941/941/941 
f 935/935/935 948/948/948 936/936/936 
f 937/937/937 952/952/952 950/950/950 
f 937/937/937 950/950/950 935/935/935 
f 938/938/938 953/953/953 952/952/952 
f 938/938/938 952/952/952 937/937/937 
f 939/939/939 944/944/944 953/953/953 
f 939/939/939 953/953/953 938/938/938 
f 959/959/959 962/962/962 963/963/963 
f 959/959/959 963/963/963 958/958/958 
f 960/960/960 964/964/964 962/962/962 
f 960/960/960 962/962/962 959/959/959 
f 961/961/961 965/965/965 964/964/964 
f 961/961/961 964/964/964 960/960/960 
f 954/954/954 967/967/967 966/966/966 
f 954/954/954 966/966/966 955/955/955 
f 956/956/956 968/968/968 967/967/967 
f 956/956/956 967/967/967 954/954/954 
f 957/957/957 969/969/969 968/968/968 
f 957/957/957 968/968/968 956/956/956 
f 958/958/958 963/963/963 969/969/969 
f 958/958/958 969/969/969 957/957/957 
f 968/968/968 971/971/971 972/972/972 
f 968/968/968 972/972/972 967/967/967 
f 969/969/969 973/973/973 971/971/971 
f 969/969/969 971/971/971 968/968/968 
f 963/963/963 974/974/974 973/973/973 
f 963/963/963 973/973/973 969/969/969 
f 962/962/962 975/975/975 974/974/974 
f 962/962/962 974/974/974 963/963/963 
f 964/964/964 976/976/976 975/975/975 
f 964/964/964 975/975/975 962/962/962 
f 965/965/965 978/978/978 976/976/976 
f 965/965/965 976/976/976 964/964/964 
f 976/976/976 914/914/914 913/913/913 
f 976/976/976 913/913/913 975/975/975 
f 978/978/978 915/915/915 914/914/914 
f 978/978/978 914/914/914 976/976/976 
f 972/972/972 918/918/918 916/916/916 
f 972/972/972 916/916/916 979/979/979 
f 971/971/971 919/919/919 918/918/918 
f 971/971/971 918/918/918 972/972/972 
f 973/973/973 920/920/920 919/919/919 
f 973/973/973 919/919/919 971/971/971 
f 974/974/974 921/921/921 920/920/920 
f 974/974/974 920/920/920 973/973/973 
f 975/975/975 913/913/913 921/921/921 
f 975/975/975 921/921/921 974/974/974 
f 982/982/982 984/984/984 985/985/985 
f 986/986/986 987/987/987 983/983/983 
f 986/986/986 983/983/983 982/982/982 
f 988/988/988 989/989/989 990/990/990 
f 988/988/988 990/990/990 991/991/991 
f 991/991/991 990/990/990 992/992/992 
f 991/991/991 992/992/992 993/993/993 
f 997/997/997 998/998/998 999/999/999 
f 997/997/997 999/999/999 1000/1000/1000 
f 1001/1001/1001 997/997/997 1000/1000/1000 
f 1001/1001/1001 1000/1000/1000 1002/1002/1002 
f 1004/1004/1004 1001/1001/1001 1002/1002/1002 
f 1004/1004/1004 1002/1002/1002 1005/1005/1005 
f 1000/1000/1000 999/999/999 1009/1009/1009 
f 1000/1000/1000 1009/1009/1009 1010/1010/1010 
f 1002/1002/1002 1000/1000/1000 1010/1010/1010 
f 1002/1002/1002 1010/1010/1010 1011/1011/1011 
f 1005/1005/1005 1002/1002/1002 1011/1011/1011 
f 1005/1005/1005 1011/1011/1011 1012/1012/1012 
f 1007/1007/1007 1005/1005/1005 1012/1012/1012 
f 1007/1007/1007 1012/1012/1012 1008/1008/1008 
f 1010/1010/1010 1009/1009/1009 1013/1013/1013 
f 1010/1010/1010 1013/1013/1013 1014/1014/1014 
f 1011/1011/1011 1010/1010/1010 1014/1014/1014 
f 1011/1011/1011 1014/1014/1014 1016/1016/1016 
f 1012/1012/1012 1011/1011/1011 1016/1016/1016 
f 1012/1012/1012 1016/1016/1016 1018/1018/1018 
f 1014/1014/1014 1013/1013/1013 1022/1022/1022 
f 1014/1014/1014 1022/1022/1022 1023/1023/1023 
f 1016/1016/1016 1014/1014/1014 1023/1023/1023 
f 1016/1016/1016 1023/1023/1023 1025/1025/1025 
f 1018/1018/1018 1016/1016/1016 1025/1025/1025 
f 1018/1018/1018 1025/1025/1025 1026/1026/1026 
f 1019/1019/1019 1018/1018/1018 1026/1026/1026 
f 1019/1019/1019 1026/1026/1026 1021/1021/1021 
f 1025/1025/1025 1023/1023/1023 1028/1028/1028 
f 1025/1025/1025 1028/1028/1028 1029/1029/1029 
f 1026/1026/1026 1025/1025/1025 1029/1029/1029 
f 1026/1026/1026 1029/1029/1029 1030/1030/1030 
f 1021/1021/1021 1026/1026/1026 1030/1030/1030 
f 1021/1021/1021 1030/1030/1030 1031/1031/1031 
f 1023/1023/1023 1022/1022/1022 1033/1033/1033 
f 1023/1023/1023 1033/1033/1033 1028/1028/1028 
f 1028/1028/1028 1033/1033/1033 1034/1034/1034 
f 1028/1028/1028 1034/1034/1034 1035/1035/1035 
f 1029/1029/1029 1028/1028/1028 1035/1035/1035 
f 1029/1029/1029 1035/1035/1035 1036/1036/1036 
f 1030/1030/1030 1029/1029/1029 1036/1036/1036 
f 1030/1030/1030 1036/1036/1036 1037/1037/1037 
f 1031/1031/1031 1037/1037/1037 1038/1038/1038 
f 1036/1036/1036 1035/1035/1035 1039/1039/1039 
f 1036/1036/1036 1039/1039/1039 1040/1040/1040 
f 1037/1037/1037 1036/1036/1036 1040/1040/1040 
f 1037/1037/1037 1040/1040/1040 1041/1041/1041 
f 1038/1038/1038 1037/1037/1037 1041/1041/1041 
f 1038/1038/1038 1041/1041/1041 1042/1042/1042 
f 1045/1045/1045 1034/1034/1034 1046/1046/1046 
f 1045/1045/1045 1046/1046/1046 1047/1047/1047 
f 1048/1048/1048 1049/1049/1049 1050/1050/1050 
f 1048/1048/1048 1050/1050/1050 1051/1051/1051 
f 1040/1040/1040 1039/1039/1039 1052/1052/1052 
f 1040/1040/1040 1052/1052/1052 1053/1053/1053 
f 1041/1041/1041 1040/1040/1040 1053/1053/1053 
f 1041/1041/1041 1053/1053/1053 1054/1054/1054 
f 1042/1042/1042 1054/1054/1054 1055/1055/1055 
f 1056/1056/1056 1057/1057/1057 1058/1058/1058 
f 1056/1056/1056 1058/1058/1058 1059/1059/1059 
f 1060/1060/1060 1056/1056/1056 1059/1059/1059 
f 1062/1062/1062 1063/1063/1063 1064/1064/1064 
f 1062/1062/1062 1064/1064/1064 1065/1065/1065 
f 1057/1057/1057 1062/1062/1062 1065/1065/1065 
f 1057/1057/1057 1065/1065/1065 1058/1058/1058 
f 1065/1065/1065 1064/1064/1064 1066/1066/1066 
f 1065/1065/1065 1066/1066/1066 1067/1067/1067 
f 1058/1058/1058 1065/1065/1065 1067/1067/1067 
f 1058/1058/1058 1067/1067/1067 1068/1068/1068 
f 1059/1059/1059 1058/1058/1058 1068/1068/1068 
f 1059/1059/1059 1068/1068/1068 1069/1069/1069 
f 1061/1061/1061 1059/1059/1059 1069/1069/1069 
f 1061/1061/1061 1069/1069/1069 1070/1070/1070 
f 1067/1067/1067 1066/1066/1066 1075/1075/1075 
f 1067/1067/1067 1075/1075/1075 1076/1076/1076 
f 1068/1068/1068 1067/1067/1067 1076/1076/1076 
f 1068/1068/1068 1076/1076/1076 1077/1077/1077 
f 1069/1069/1069 1068/1068/1068 1077/1077/1077 
f 1069/1069/1069 1077/1077/1077 1071/1071/1071 
f 1076/1076/1076 1075/1075/1075 1078/1078/1078 
f 1076/1076/1076 1078/1078/1078 1079/1079/1079 
f 1077/1077/1077 1076/1076/1076 1079/1079/1079 
f 1077/1077/1077 1079/1079/1079 1080/1080/1080 
f 1071/1071/1071 1077/1077/1077 1080/1080/1080 
f 1071/1071/1071 1080/1080/1080 1082/1082/1082 
f 1072/1072/1072 1082/1082/1082 1084/1084/1084 
f 1084/1084/1084 1082/1082/1082 1085/1085/1085 
f 1084/1084/1084 1085/1085/1085 1086/1086/1086 
f 1079/1079/1079 1078/1078/1078 1089/1089/1089 
f 1079/1079/1079 1089/1089/1089 1090/1090/1090 
f 1080/1080/1080 1079/1079/1079 1090/1090/1090 
f 1080/1080/1080 1090/1090/1090 1091/1091/1091 
f 1082/1082/1082 1080/1080/1080 1091/1091/1091 
f 1082/1082/1082 1091/1091/1091 1085/1085/1085 
f 1090/1090/1090 1089/1089/1089 1093/1093/1093 
f 1090/1090/1090 1093/1093/1093 1094/1094/1094 
f 1091/1091/1091 1090/1090/1090 1094/1094/1094 
f 1091/1091/1091 1094/1094/1094 1095/1095/1095 
f 1085/1085/1085 1091/1091/1091 1095/1095/1095 
f 1085/1085/1085 1095/1095/1095 1096/1096/1096 
f 1094/1094/1094 1093/1093/1093 1101/1101/1101 
f 1094/1094/1094 1101/1101/1101 1102/1102/1102 
f 1095/1095/1095 1094/1094/1094 1102/1102/1102 
f 1095/1095/1095 1102/1102/1102 1103/1103/1103 
f 1096/1096/1096 1095/1095/1095 1103/1103/1103 
f 1096/1096/1096 1103/1103/1103 1104/1104/1104 
f 1097/1097/1097 1096/1096/1096 1104/1104/1104 
f 1097/1097/1097 1104/1104/1104 1098/1098/1098 
f 1102/1102/1102 1101/1101/1101 1105/1105/1105 
f 1102/1102/1102 1105/1105/1105 1106/1106/1106 
f 1103/1103/1103 1102/1102/1102 1106/1106/1106 
f 1103/1103/1103 1106/1106/1106 1107/1107/1107 
f 1104/1104/1104 1103/1103/1103 1107/1107/1107 
f 1104/1104/1104 1107/1107/1107 1108/1108/1108 
f 998/998/998 1110/1110/1110 999/999/999 
f 999/999/999 1110/1110/1110 1009/1009/1009 
f 1009/1009/1009 1110/1110/1110 1013/1013/1013 
f 1013/1013/1013 1110/1110/1110 1022/1022/1022 
f 1022/1022/1022 1110/1110/1110 1033/1033/1033 
f 1033/1033/1033 1110/1110/1110 1034/1034/1034 
f 1034/1034/1034 1110/1110/1110 1111/1111/1111 
f 1111/1111/1111 1110/1110/1110 1112/1112/1112 
f 1063/1063/1063 1113/1113/1113 1064/1064/1064 
f 1064/1064/1064 1113/1113/1113 1066/1066/1066 
f 1066/1066/1066 1113/1113/1113 1075/1075/1075 
f 1075/1075/1075 1113/1113/1113 1078/1078/1078 
f 1078/1078/1078 1113/1113/1113 1089/1089/1089 
f 1089/1089/1089 1113/1113/1113 1093/1093/1093 
f 1093/1093/1093 1113/1113/1113 1101/1101/1101 
f 1101/1101/1101 1113/1113/1113 1105/1105/1105 
f 997/997/997 1116/1116/1116 1117/1117/1117 
f 997/997/997 1117/1117/1117 998/998/998 
f 1001/1001/1001 1118/1118/1118 1116/1116/1116 
f 1001/1001/1001 1116/1116/1116 997/997/997 
f 1004/1004/1004 1120/1120/1120 1118/1118/1118 
f 1004/1004/1004 1118/1118/1118 1001/1001/1001 
f 1116/1116/1116 1125/1125/1125 1126/1126/1126 
f 1116/1116/1116 1126/1126/1126 1117/1117/1117 
f 1118/1118/1118 1127/1127/1127 1125/1125/1125 
f 1118/1118/1118 1125/1125/1125 1116/1116/1116 
f 1120/1120/1120 1128/1128/1128 1127/1127/1127 
f 1120/1120/1120 1127/1127/1127 1118/1118/1118 
f 1122/1122/1122 1123/1123/1123 1128/1128/1128 
f 1122/1122/1122 1128/1128/1128 1120/1120/1120 
f 1125/1125/1125 1129/1129/1129 1130/1130/1130 
f 1125/1125/1125 1130/1130/1130 1126/1126/1126 
f 1127/1127/1127 1132/1132/1132 1129/1129/1129 
f 1127/1127/1127 1129/1129/1129 1125/1125/1125 
f 1128/1128/1128 1134/1134/1134 1132/1132/1132 
f 1128/1128/1128 1132/1132/1132 1127/1127/1127 
f 1129/1129/1129 1139/1139/1139 1140/1140/1140 
f 1129/1129/1129 1140/1140/1140 1130/1130/1130 
f 1132/1132/1132 1142/1142/1142 1139/1139/1139 
f 1132/1132/1132 1139/1139/1139 1129/1129/1129 
f 1134/1134/1134 1143/1143/1143 1142/1142/1142 
f 1134/1134/1134 1142/1142/1142 1132/1132/1132 
f 1135/1135/1135 1138/1138/1138 1143/1143/1143 
f 1135/1135/1135 1143/1143/1143 1134/1134/1134 
f 1142/1142/1142 1145/1145/1145 1146/1146/1146 
f 1142/1142/1142 1146/1146/1146 1139/1139/1139 
f 1143/1143/1143 1147/1147/1147 1145/1145/1145 
f 1143/1143/1143 1145/1145/1145 1142/1142/1142 
f 1138/1138/1138 1148/1148/1148 1147/1147/1147 
f 1138/1138/1138 1147/1147/1147 1143/1143/1143 
f 1139/1139/1139 1146/1146/1146 1151/1151/1151 
f 1139/1139/1139 1151/1151/1151 1140/1140/1140 
f 1146/1146/1146 1153/1153/1153 1154/1154/1154 
f 1146/1146/1146 1154/1154/1154 1151/1151/1151 
f 1145/1145/1145 1155/1155/1155 1153/1153/1153 
f 1145/1145/1145 1153/1153/1153 1146/1146/1146 
f 1147/1147/1147 1156/1156/1156 1155/1155/1155 
f 1147/1147/1147 1155/1155/1155 1145/1145/1145 
f 1148/1148/1148 1157/1157/1157 1156/1156/1156 
f 1155/1155/1155 1158/1158/1158 1159/1159/1159 
f 1155/1155/1155 1159/1159/1159 1153/1153/1153 
f 1156/1156/1156 1160/1160/1160 1158/1158/1158 
f 1156/1156/1156 1158/1158/1158 1155/1155/1155 
f 1157/1157/1157 1161/1161/1161 1160/1160/1160 
f 1157/1157/1157 1160/1160/1160 1156/1156/1156 
f 1164/1164/1164 1165/1165/1165 1166/1166/1166 
f 1164/1164/1164 1166/1166/1166 1167/1167/1167 
f 1165/1165/1165 1168/1168/1168 1169/1169/1169 
f 1165/1165/1165 1169/1169/1169 1166/1166/1166 
f 1158/1158/1158 1170/1170/1170 1171/1171/1171 
f 1158/1158/1158 1171/1171/1171 1159/1159/1159 
f 1160/1160/1160 1172/1172/1172 1170/1170/1170 
f 1160/1160/1160 1170/1170/1170 1158/1158/1158 
f 1161/1161/1161 1173/1173/1173 1172/1172/1172 
f 1174/1174/1174 1175/1175/1175 1176/1176/1176 
f 1174/1174/1174 1176/1176/1176 1177/1177/1177 
f 1178/1178/1178 1175/1175/1175 1174/1174/1174 
f 1180/1180/1180 1181/1181/1181 1182/1182/1182 
f 1180/1180/1180 1182/1182/1182 1183/1183/1183 
f 1177/1177/1177 1176/1176/1176 1181/1181/1181 
f 1177/1177/1177 1181/1181/1181 1180/1180/1180 
f 1181/1181/1181 1184/1184/1184 1185/1185/1185 
f 1181/1181/1181 1185/1185/1185 1182/1182/1182 
f 1176/1176/1176 1186/1186/1186 1184/1184/1184 
f 1176/1176/1176 1184/1184/1184 1181/1181/1181 
f 1175/1175/1175 1187/1187/1187 1186/1186/1186 
f 1175/1175/1175 1186/1186/1186 1176/1176/1176 
f 1179/1179/1179 1188/1188/1188 1187/1187/1187 
f 1179/1179/1179 1187/1187/1187 1175/1175/1175 
f 1184/1184/1184 1194/1194/1194 1195/1195/1195 
f 1184/1184/1184 1195/1195/1195 1185/1185/1185 
f 1186/1186/1186 1196/1196/1196 1194/1194/1194 
f 1186/1186/1186 1194/1194/1194 1184/1184/1184 
f 1187/1187/1187 1191/1191/1191 1196/1196/1196 
f 1187/1187/1187 1196/1196/1196 1186/1186/1186 
f 1194/1194/1194 1197/1197/1197 1198/1198/1198 
f 1194/1194/1194 1198/1198/1198 1195/1195/1195 
f 1196/1196/1196 1199/1199/1199 1197/1197/1197 
f 1196/1196/1196 1197/1197/1197 1194/1194/1194 
f 1191/1191/1191 1201/1201/1201 1199/1199/1199 
f 1191/1191/1191 1199/1199/1199 1196/1196/1196 
f 1190/1190/1190 1202/1202/1202 1201/1201/1201 
f 1202/1202/1202 1203/1203/1203 1204/1204/1204 
f 1202/1202/1202 1204/1204/1204 1201/1201/1201 
f 1197/1197/1197 1207/1207/1207 1208/1208/1208 
f 1197/1197/1197 1208/1208/1208 1198/1198/1198 
f 1199/1199/1199 1209/1209/1209 1207/1207/1207 
f 1199/1199/1199 1207/1207/1207 1197/1197/1197 
f 1201/1201/1201 1204/1204/1204 1209/1209/1209 
f 1201/1201/1201 1209/1209/1209 1199/1199/1199 
f 1207/1207/1207 1210/1210/1210 1211/1211/1211 
f 1207/1207/1207 1211/1211/1211 1208/1208/1208 
f 1209/1209/1209 1212/1212/1212 1210/1210/1210 
f 1209/1209/1209 1210/1210/1210 1207/1207/1207 
f 1204/1204/1204 1213/1213/1213 1212/1212/1212 
f 1204/1204/1204 1212/1212/1212 1209/1209/1209 
f 1210/1210/1210 1217/1217/1217 1218/1218/1218 
f 1210/1210/1210 1218/1218/1218 1211/1211/1211 
f 1212/1212/1212 1219/1219/1219 1217/1217/1217 
f 1212/1212/1212 1217/1217/1217 1210/1210/1210 
f 1213/1213/1213 1221/1221/1221 1219/1219/1219 
f 1213/1213/1213 1219/1219/1219 1212/1212/1212 
f 1214/1214/1214 1216/1216/1216 1221/1221/1221 
f 1214/1214/1214 1221/1221/1221 1213/1213/1213 
f 1217/1217/1217 1106/1106/1106 1105/1105/1105 
f 1217/1217/1217 1105/1105/1105 1218/1218/1218 
f 1219/1219/1219 1107/1107/1107 1106/1106/1106 
f 1219/1219/1219 1106/1106/1106 1217/1217/1217 
f 1221/1221/1221 1108/1108/1108 1107/1107/1107 
f 1221/1221/1221 1107/1107/1107 1219/1219/1219 
f 998/998/998 1117/1117/1117 1110/1110/1110 
f 1117/1117/1117 1126/1126/1126 1110/1110/1110 
f 1126/1126/1126 1130/1130/1130 1110/1110/1110 
f 1130/1130/1130 1140/1140/1140 1110/1110/1110 
f 1140/1140/1140 1151/1151/1151 1110/1110/1110 
f 1151/1151/1151 1154/1154/1154 1110/1110/1110 
f 1154/1154/1154 1222/1222/1222 1110/1110/1110 
f 1222/1222/1222 1223/1223/1223 1110/1110/1110 
f 1183/1183/1183 1182/1182/1182 1113/1113/1113 
f 1182/1182/1182 1185/1185/1185 1113/1113/1113 
f 1185/1185/1185 1195/1195/1195 1113/1113/1113 
f 1195/1195/1195 1198/1198/1198 1113/1113/1113 
f 1198/1198/1198 1208/1208/1208 1113/1113/1113 
f 1208/1208/1208 1211/1211/1211 1113/1113/1113 
f 1211/1211/1211 1218/1218/1218 1113/1113/1113 
f 1218/1218/1218 1105/1105/1105 1113/1113/1113 
f 1224/1224/1224 1225/1225/1225 1226/1226/1226 
f 1224/1224/1224 1227/1227/1227 1228/1228/1228 
f 1229/1229/1229 1230/1230/1230 1225/1225/1225 
f 1229/1229/1229 1225/1225/1225 1224/1224/1224 
f 1231/1231/1231 1224/1224/1224 1228/1228/1228 
f 1231/1231/1231 1232/1232/1232 1233/1233/1233 
f 1225/1225/1225 1234/1234/1234 1235/1235/1235 
f 1225/1225/1225 1235/1235/1235 1236/1236/1236 
f 1225/1225/1225 1236/1236/1236 1226/1226/1226 
f 1237/1237/1237 1238/1238/1238 1230/1230/1230 
f 1237/1237/1237 1230/1230/1230 1229/1229/1229 
f 1239/1239/1239 1229/1229/1229 1224/1224/1224 
f 1239/1239/1239 1224/1224/1224 1231/1231/1231 
f 1230/1230/1230 1240/1240/1240 1234/1234/1234 
f 1230/1230/1230 1234/1234/1234 1225/1225/1225 
f 1241/1241/1241 1231/1231/1231 1233/1233/1233 
f 1241/1241/1241 1233/1233/1233 1242/1242/1242 
f 1241/1241/1241 1242/1242/1242 1243/1243/1243 
f 1234/1234/1234 1244/1244/1244 1245/1245/1245 
f 1234/1234/1234 1246/1246/1246 1235/1235/1235 
f 1247/1247/1247 1248/1248/1248 1238/1238/1238 
f 1247/1247/1247 1238/1238/1238 1237/1237/1237 
f 1249/1249/1249 1237/1237/1237 1229/1229/1229 
f 1249/1249/1249 1229/1229/1229 1239/1239/1239 
f 1238/1238/1238 1250/1250/1250 1240/1240/1240 
f 1238/1238/1238 1240/1240/1240 1230/1230/1230 
f 1251/1251/1251 1239/1239/1239 1231/1231/1231 
f 1251/1251/1251 1231/1231/1231 1241/1241/1241 
f 1240/1240/1240 1252/1252/1252 1244/1244/1244 
f 1240/1240/1240 1244/1244/1244 1234/1234/1234 
f 1253/1253/1253 1241/1241/1241 1243/1243/1243 
f 1253/1253/1253 1254/1254/1254 1255/1255/1255 
f 1244/1244/1244 1256/1256/1256 1257/1257/1257 
f 1244/1244/1244 1257/1257/1257 1258/1258/1258 
f 1244/1244/1244 1258/1258/1258 1245/1245/1245 
f 1259/1259/1259 1260/1260/1260 1248/1248/1248 
f 1259/1259/1259 1248/1248/1248 1247/1247/1247 
f 1261/1261/1261 1247/1247/1247 1237/1237/1237 
f 1261/1261/1261 1237/1237/1237 1249/1249/1249 
f 1248/1248/1248 1262/1262/1262 1250/1250/1250 
f 1248/1248/1248 1250/1250/1250 1238/1238/1238 
f 1263/1263/1263 1249/1249/1249 1239/1239/1239 
f 1263/1263/1263 1239/1239/1239 1251/1251/1251 
f 1250/1250/1250 1264/1264/1264 1252/1252/1252 
f 1250/1250/1250 1252/1252/1252 1240/1240/1240 
f 1265/1265/1265 1251/1251/1251 1241/1241/1241 
f 1265/1265/1265 1241/1241/1241 1253/1253/1253 
f 1252/1252/1252 1266/1266/1266 1256/1256/1256 
f 1252/1252/1252 1256/1256/1256 1244/1244/1244 
f 1267/1267/1267 1253/1253/1253 1255/1255/1255 
f 1267/1267/1267 1255/1255/1255 1268/1268/1268 
f 1267/1267/1267 1268/1268/1268 1269/1269/1269 
f 1256/1256/1256 1270/1270/1270 1257/1257/1257 
f 1271/1271/1271 1260/1260/1260 1259/1259/1259 
f 1272/1272/1272 1259/1259/1259 1247/1247/1247 
f 1272/1272/1272 1247/1247/1247 1261/1261/1261 
f 1260/1260/1260 1273/1273/1273 1262/1262/1262 
f 1260/1260/1260 1262/1262/1262 1248/1248/1248 
f 1274/1274/1274 1261/1261/1261 1249/1249/1249 
f 1274/1274/1274 1249/1249/1249 1263/1263/1263 
f 1262/1262/1262 1275/1275/1275 1264/1264/1264 
f 1262/1262/1262 1264/1264/1264 1250/1250/1250 
f 1276/1276/1276 1263/1263/1263 1251/1251/1251 
f 1276/1276/1276 1251/1251/1251 1265/1265/1265 
f 1264/1264/1264 1277/1277/1277 1266/1266/1266 
f 1264/1264/1264 1266/1266/1266 1252/1252/1252 
f 1278/1278/1278 1265/1265/1265 1253/1253/1253 
f 1278/1278/1278 1253/1253/1253 1267/1267/1267 
f 1266/1266/1266 1279/1279/1279 1280/1280/1280 
f 1266/1266/1266 1280/1280/1280 1281/1281/1281 
f 1266/1266/1266 1281/1281/1281 1282/1282/1282 
f 1266/1266/1266 1282/1282/1282 1270/1270/1270 
f 1266/1266/1266 1270/1270/1270 1256/1256/1256 
f 1269/1269/1269 1283/1283/1283 1267/1267/1267 
f 1271/1271/1271 1273/1273/1273 1260/1260/1260 
f 1271/1271/1271 1259/1259/1259 1272/1272/1272 
f 1284/1284/1284 1272/1272/1272 1261/1261/1261 
f 1284/1284/1284 1261/1261/1261 1274/1274/1274 
f 1273/1273/1273 1285/1285/1285 1275/1275/1275 
f 1273/1273/1273 1275/1275/1275 1262/1262/1262 
f 1286/1286/1286 1274/1274/1274 1263/1263/1263 
f 1286/1286/1286 1263/1263/1263 1276/1276/1276 
f 1275/1275/1275 1287/1287/1287 1277/1277/1277 
f 1275/1275/1275 1277/1277/1277 1264/1264/1264 
f 1288/1288/1288 1276/1276/1276 1265/1265/1265 
f 1288/1288/1288 1265/1265/1265 1278/1278/1278 
f 1277/1277/1277 1289/1289/1289 1279/1279/1279 
f 1277/1277/1277 1279/1279/1279 1266/1266/1266 
f 1290/1290/1290 1278/1278/1278 1267/1267/1267 
f 1290/1290/1290 1267/1267/1267 1283/1283/1283 
f 1290/1290/1290 1283/1283/1283 1291/1291/1291 
f 1290/1290/1290 1291/1291/1291 1292/1292/1292 
f 1290/1290/1290 1292/1292/1292 1293/1293/1293 
f 1294/1294/1294 1281/1281/1281 1280/1280/1280 
f 1279/1279/1279 1295/1295/1295 1296/1296/1296 
f 1279/1279/1279 1296/1296/1296 1280/1280/1280 
f 1271/1271/1271 1285/1285/1285 1273/1273/1273 
f 1271/1271/1271 1272/1272/1272 1284/1284/1284 
f 1297/1297/1297 1284/1284/1284 1274/1274/1274 
f 1297/1297/1297 1274/1274/1274 1286/1286/1286 
f 1285/1285/1285 1298/1298/1298 1287/1287/1287 
f 1285/1285/1285 1287/1287/1287 1275/1275/1275 
f 1299/1299/1299 1286/1286/1286 1276/1276/1276 
f 1299/1299/1299 1276/1276/1276 1288/1288/1288 
f 1287/1287/1287 1300/1300/1300 1289/1289/1289 
f 1287/1287/1287 1289/1289/1289 1277/1277/1277 
f 1301/1301/1301 1288/1288/1288 1278/1278/1278 
f 1301/1301/1301 1278/1278/1278 1290/1290/1290 
f 1289/1289/1289 1302/1302/1302 1295/1295/1295 
f 1289/1289/1289 1295/1295/1295 1279/1279/1279 
f 1303/1303/1303 1290/1290/1290 1293/1293/1293 
f 1303/1303/1303 1293/1293/1293 1304/1304/1304 
f 1293/1293/1293 1292/1292/1292 1305/1305/1305 
f 1280/1280/1280 1296/1296/1296 1306/1306/1306 
f 1280/1280/1280 1306/1306/1306 1307/1307/1307 
f 1280/1280/1280 1307/1307/1307 1294/1294/1294 
f 1295/1295/1295 1308/1308/1308 1309/1309/1309 
f 1295/1295/1295 1309/1309/1309 1310/1310/1310 
f 1295/1295/1295 1310/1310/1310 1311/1311/1311 
f 1295/1295/1295 1311/1311/1311 1312/1312/1312 
f 1295/1295/1295 1312/1312/1312 1296/1296/1296 
f 1271/1271/1271 1298/1298/1298 1285/1285/1285 
f 1271/1271/1271 1284/1284/1284 1297/1297/1297 
f 1313/1313/1313 1297/1297/1297 1286/1286/1286 
f 1313/1313/1313 1286/1286/1286 1299/1299/1299 
f 1298/1298/1298 1314/1314/1314 1300/1300/1300 
f 1298/1298/1298 1300/1300/1300 1287/1287/1287 
f 1315/1315/1315 1299/1299/1299 1288/1288/1288 
f 1315/1315/1315 1288/1288/1288 1301/1301/1301 
f 1300/1300/1300 1316/1316/1316 1302/1302/1302 
f 1300/1300/1300 1302/1302/1302 1289/1289/1289 
f 1317/1317/1317 1301/1301/1301 1290/1290/1290 
f 1317/1317/1317 1290/1290/1290 1303/1303/1303 
f 1302/1302/1302 1318/1318/1318 1308/1308/1308 
f 1302/1302/1302 1308/1308/1308 1295/1295/1295 
f 1319/1319/1319 1303/1303/1303 1304/1304/1304 
f 1319/1319/1319 1304/1304/1304 1320/1320/1320 
f 1319/1319/1319 1320/1320/1320 1321/1321/1321 
f 1319/1319/1319 1321/1321/1321 1322/1322/1322 
f 1319/1319/1319 1322/1322/1322 1323/1323/1323 
f 1304/1304/1304 1293/1293/1293 1305/1305/1305 
f 1304/1304/1304 1305/1305/1305 1324/1324/1324 
f 1304/1304/1304 1324/1324/1324 1325/1325/1325 
f 1296/1296/1296 1312/1312/1312 1306/1306/1306 
f 1326/1326/1326 1310/1310/1310 1309/1309/1309 
f 1308/1308/1308 1327/1327/1327 1328/1328/1328 
f 1308/1308/1308 1328/1328/1328 1309/1309/1309 
f 1271/1271/1271 1314/1314/1314 1298/1298/1298 
f 1271/1271/1271 1297/1297/1297 1313/1313/1313 
f 1329/1329/1329 1313/1313/1313 1299/1299/1299 
f 1329/1329/1329 1299/1299/1299 1315/1315/1315 
f 1314/1314/1314 1330/1330/1330 1316/1316/1316 
f 1314/1314/1314 1316/1316/1316 1300/1300/1300 
f 1331/1331/1331 1315/1315/1315 1301/1301/1301 
f 1331/1331/1331 1301/1301/1301 1317/1317/1317 
f 1316/1316/1316 1332/1332/1332 1318/1318/1318 
f 1316/1316/1316 1318/1318/1318 1302/1302/1302 
f 1333/1333/1333 1317/1317/1317 1303/1303/1303 
f 1333/1333/1333 1303/1303/1303 1319/1319/1319 
f 1318/1318/1318 1334/1334/1334 1327/1327/1327 
f 1318/1318/1318 1327/1327/1327 1308/1308/1308 
f 1335/1335/1335 1319/1319/1319 1323/1323/1323 
f 1335/1335/1335 1323/1323/1323 1336/1336/1336 
f 1323/1323/1323 1322/1322/1322 1337/1337/1337 
f 1325/1325/1325 1320/1320/1320 1304/1304/1304 
f 1338/1338/1338 1326/1326/1326 1309/1309/1309 
f 1338/1338/1338 1309/1309/1309 1328/1328/1328 
f 1339/1339/1339 1340/1340/1340 1341/1341/1341 
f 1339/1339/1339 1341/1341/1341 1342/1342/1342 
f 1271/1271/1271 1330/1330/1330 1314/1314/1314 
f 1271/1271/1271 1313/1313/1313 1329/1329/1329 
f 1343/1343/1343 1329/1329/1329 1315/1315/1315 
f 1343/1343/1343 1315/1315/1315 1331/1331/1331 
f 1330/1330/1330 1344/1344/1344 1332/1332/1332 
f 1330/1330/1330 1332/1332/1332 1316/1316/1316 
f 1345/1345/1345 1331/1331/1331 1317/1317/1317 
f 1345/1345/1345 1317/1317/1317 1333/1333/1333 
f 1332/1332/1332 1346/1346/1346 1334/1334/1334 
f 1332/1332/1332 1334/1334/1334 1318/1318/1318 
f 1347/1347/1347 1333/1333/1333 1319/1319/1319 
f 1347/1347/1347 1319/1319/1319 1335/1335/1335 
f 1348/1348/1348 1349/1349/1349 1340/1340/1340 
f 1348/1348/1348 1340/1340/1340 1339/1339/1339 
f 1350/1350/1350 1351/1351/1351 1352/1352/1352 
f 1350/1350/1350 1352/1352/1352 1353/1353/1353 
f 1336/1336/1336 1323/1323/1323 1337/1337/1337 
f 1336/1336/1336 1337/1337/1337 1354/1354/1354 
f 1336/1336/1336 1354/1354/1354 1355/1355/1355 
f 1356/1356/1356 1357/1357/1357 1342/1342/1342 
f 1356/1356/1356 1342/1342/1342 1341/1341/1341 
f 1340/1340/1340 1358/1358/1358 1359/1359/1359 
f 1340/1340/1340 1359/1359/1359 1360/1360/1360 
f 1340/1340/1340 1360/1360/1360 1361/1361/1361 
f 1340/1340/1340 1361/1361/1361 1362/1362/1362 
f 1340/1340/1340 1362/1362/1362 1341/1341/1341 
f 1271/1271/1271 1344/1344/1344 1330/1330/1330 
f 1271/1271/1271 1329/1329/1329 1343/1343/1343 
f 1363/1363/1363 1343/1343/1343 1331/1331/1331 
f 1363/1363/1363 1331/1331/1331 1345/1345/1345 
f 1344/1344/1344 1364/1364/1364 1346/1346/1346 
f 1344/1344/1344 1346/1346/1346 1332/1332/1332 
f 1365/1365/1365 1345/1345/1345 1333/1333/1333 
f 1365/1365/1365 1333/1333/1333 1347/1347/1347 
f 1366/1366/1366 1367/1367/1367 1349/1349/1349 
f 1366/1366/1366 1349/1349/1349 1348/1348/1348 
f 1368/1368/1368 1369/1369/1369 1351/1351/1351 
f 1368/1368/1368 1351/1351/1351 1350/1350/1350 
f 1349/1349/1349 1370/1370/1370 1358/1358/1358 
f 1349/1349/1349 1358/1358/1358 1340/1340/1340 
f 1371/1371/1371 1350/1350/1350 1353/1353/1353 
f 1371/1371/1371 1353/1353/1353 1372/1372/1372 
f 1371/1371/1371 1372/1372/1372 1373/1373/1373 
f 1371/1371/1371 1373/1373/1373 1374/1374/1374 
f 1371/1371/1371 1374/1374/1374 1375/1375/1375 
f 1355/1355/1355 1376/1376/1376 1353/1353/1353 
f 1355/1355/1355 1353/1353/1353 1352/1352/1352 
f 1341/1341/1341 1362/1362/1362 1356/1356/1356 
f 1377/1377/1377 1360/1360/1360 1359/1359/1359 
f 1358/1358/1358 1378/1378/1378 1379/1379/1379 
f 1358/1358/1358 1379/1379/1379 1359/1359/1359 
f 1271/1271/1271 1364/1364/1364 1344/1344/1344 
f 1271/1271/1271 1343/1343/1343 1363/1363/1363 
f 1380/1380/1380 1363/1363/1363 1345/1345/1345 
f 1380/1380/1380 1345/1345/1345 1365/1365/1365 
f 1381/1381/1381 1382/1382/1382 1367/1367/1367 
f 1381/1381/1381 1367/1367/1367 1366/1366/1366 
f 1383/1383/1383 1384/1384/1384 1369/1369/1369 
f 1383/1383/1383 1369/1369/1369 1368/1368/1368 
f 1367/1367/1367 1385/1385/1385 1370/1370/1370 
f 1367/1367/1367 1370/1370/1370 1349/1349/1349 
f 1386/1386/1386 1368/1368/1368 1350/1350/1350 
f 1386/1386/1386 1350/1350/1350 1371/1371/1371 
f 1370/1370/1370 1387/1387/1387 1378/1378/1378 
f 1370/1370/1370 1378/1378/1378 1358/1358/1358 
f 1388/1388/1388 1371/1371/1371 1375/1375/1375 
f 1388/1388/1388 1375/1375/1375 1389/1389/1389 
f 1375/1375/1375 1374/1374/1374 1390/1390/1390 
f 1376/1376/1376 1372/1372/1372 1353/1353/1353 
f 1359/1359/1359 1379/1379/1379 1391/1391/1391 
f 1359/1359/1359 1391/1391/1391 1392/1392/1392 
f 1359/1359/1359 1392/1392/1392 1377/1377/1377 
f 1378/1378/1378 1393/1393/1393 1394/1394/1394 
f 1378/1378/1378 1394/1394/1394 1395/1395/1395 
f 1378/1378/1378 1395/1395/1395 1396/1396/1396 
f 1378/1378/1378 1396/1396/1396 1397/1397/1397 
f 1378/1378/1378 1397/1397/1397 1379/1379/1379 
f 1398/1398/1398 1382/1382/1382 1381/1381/1381 
f 1271/1271/1271 1363/1363/1363 1380/1380/1380 
f 1399/1399/1399 1400/1400/1400 1384/1384/1384 
f 1399/1399/1399 1384/1384/1384 1383/1383/1383 
f 1382/1382/1382 1401/1401/1401 1385/1385/1385 
f 1382/1382/1382 1385/1385/1385 1367/1367/1367 
f 1402/1402/1402 1383/1383/1383 1368/1368/1368 
f 1402/1402/1402 1368/1368/1368 1386/1386/1386 
f 1385/1385/1385 1403/1403/1403 1387/1387/1387 
f 1385/1385/1385 1387/1387/1387 1370/1370/1370 
f 1404/1404/1404 1386/1386/1386 1371/1371/1371 
f 1404/1404/1404 1371/1371/1371 1388/1388/1388 
f 1387/1387/1387 1405/1405/1405 1393/1393/1393 
f 1387/1387/1387 1393/1393/1393 1378/1378/1378 
f 1406/1406/1406 1388/1388/1388 1389/1389/1389 
f 1406/1406/1406 1389/1389/1389 1407/1407/1407 
f 1406/1406/1406 1407/1407/1407 1408/1408/1408 
f 1406/1406/1406 1408/1408/1408 1409/1409/1409 
f 1406/1406/1406 1409/1409/1409 1410/1410/1410 
f 1389/1389/1389 1375/1375/1375 1390/1390/1390 
f 1389/1389/1389 1390/1390/1390 1411/1411/1411 
f 1389/1389/1389 1411/1411/1411 1412/1412/1412 
f 1379/1379/1379 1397/1397/1397 1391/1391/1391 
f 1413/1413/1413 1395/1395/1395 1394/1394/1394 
f 1393/1393/1393 1414/1414/1414 1415/1415/1415 
f 1393/1393/1393 1415/1415/1415 1394/1394/1394 
f 1398/1398/1398 1401/1401/1401 1382/1382/1382 
f 1398/1398/1398 1400/1400/1400 1399/1399/1399 
f 1416/1416/1416 1399/1399/1399 1383/1383/1383 
f 1416/1416/1416 1383/1383/1383 1402/1402/1402 
f 1401/1401/1401 1417/1417/1417 1403/1403/1403 
f 1401/1401/1401 1403/1403/1403 1385/1385/1385 
f 1418/1418/1418 1402/1402/1402 1386/1386/1386 
f 1418/1418/1418 1386/1386/1386 1404/1404/1404 
f 1403/1403/1403 1419/1419/1419 1405/1405/1405 
f 1403/1403/1403 1405/1405/1405 1387/1387/1387 
f 1420/1420/1420 1404/1404/1404 1388/1388/1388 
f 1420/1420/1420 1388/1388/1388 1406/1406/1406 
f 1405/1405/1405 1421/1421/1421 1414/1414/1414 
f 1405/1405/1405 1414/1414/1414 1393/1393/1393 
f 1422/1422/1422 1406/1406/1406 1410/1410/1410 
f 1422/1422/1422 1410/1410/1410 1423/1423/1423 
f 1410/1410/1410 1409/1409/1409 1424/1424/1424 
f 1412/1412/1412 1407/1407/1407 1389/1389/1389 
f 1394/1394/1394 1415/1415/1415 1425/1425/1425 
f 1394/1394/1394 1425/1425/1425 1426/1426/1426 
f 1394/1394/1394 1426/1426/1426 1413/1413/1413 
f 1414/1414/1414 1427/1427/1427 1428/1428/1428 
f 1414/1414/1414 1428/1428/1428 1415/1415/1415 
f 1398/1398/1398 1417/1417/1417 1401/1401/1401 
f 1398/1398/1398 1399/1399/1399 1416/1416/1416 
f 1429/1429/1429 1416/1416/1416 1402/1402/1402 
f 1429/1429/1429 1402/1402/1402 1418/1418/1418 
f 1417/1417/1417 1430/1430/1430 1419/1419/1419 
f 1417/1417/1417 1419/1419/1419 1403/1403/1403 
f 1431/1431/1431 1418/1418/1418 1404/1404/1404 
f 1431/1431/1431 1404/1404/1404 1420/1420/1420 
f 1419/1419/1419 1432/1432/1432 1421/1421/1421 
f 1419/1419/1419 1421/1421/1421 1405/1405/1405 
f 1433/1433/1433 1420/1420/1420 1406/1406/1406 
f 1433/1433/1433 1406/1406/1406 1422/1422/1422 
f 1421/1421/1421 1434/1434/1434 1427/1427/1427 
f 1421/1421/1421 1427/1427/1427 1414/1414/1414 
f 1435/1435/1435 1422/1422/1422 1423/1423/1423 
f 1435/1435/1435 1423/1423/1423 1436/1436/1436 
f 1423/1423/1423 1410/1410/1410 1424/1424/1424 
f 1423/1423/1423 1424/1424/1424 1437/1437/1437 
f 1423/1423/1423 1437/1437/1437 1438/1438/1438 
f 1415/1415/1415 1428/1428/1428 1439/1439/1439 
f 1415/1415/1415 1440/1440/1440 1425/1425/1425 
f 1427/1427/1427 1441/1441/1441 1442/1442/1442 
f 1427/1427/1427 1442/1442/1442 1428/1428/1428 
f 1398/1398/1398 1430/1430/1430 1417/1417/1417 
f 1398/1398/1398 1416/1416/1416 1429/1429/1429 
f 1443/1443/1443 1429/1429/1429 1418/1418/1418 
f 1443/1443/1443 1418/1418/1418 1431/1431/1431 
f 1430/1430/1430 1444/1444/1444 1432/1432/1432 
f 1430/1430/1430 1432/1432/1432 1419/1419/1419 
f 1445/1445/1445 1431/1431/1431 1420/1420/1420 
f 1445/1445/1445 1420/1420/1420 1433/1433/1433 
f 1432/1432/1432 1446/1446/1446 1434/1434/1434 
f 1432/1432/1432 1434/1434/1434 1421/1421/1421 
f 1447/1447/1447 1433/1433/1433 1422/1422/1422 
f 1447/1447/1447 1422/1422/1422 1435/1435/1435 
f 1434/1434/1434 1448/1448/1448 1441/1441/1441 
f 1434/1434/1434 1441/1441/1441 1427/1427/1427 
f 1449/1449/1449 1435/1435/1435 1436/1436/1436 
f 1449/1449/1449 1436/1436/1436 1450/1450/1450 
f 1436/1436/1436 1423/1423/1423 1438/1438/1438 
f 1436/1436/1436 1451/1451/1451 1452/1452/1452 
f 1428/1428/1428 1442/1442/1442 1453/1453/1453 
f 1428/1428/1428 1453/1453/1453 1454/1454/1454 
f 1428/1428/1428 1454/1454/1454 1439/1439/1439 
f 1441/1441/1441 1455/1455/1455 1456/1456/1456 
f 1441/1441/1441 1456/1456/1456 1442/1442/1442 
f 1398/1398/1398 1444/1444/1444 1430/1430/1430 
f 1398/1398/1398 1429/1429/1429 1443/1443/1443 
f 1457/1457/1457 1443/1443/1443 1431/1431/1431 
f 1457/1457/1457 1431/1431/1431 1445/1445/1445 
f 1444/1444/1444 1458/1458/1458 1446/1446/1446 
f 1444/1444/1444 1446/1446/1446 1432/1432/1432 
f 1459/1459/1459 1445/1445/1445 1433/1433/1433 
f 1459/1459/1459 1433/1433/1433 1447/1447/1447 
f 1446/1446/1446 1460/1460/1460 1448/1448/1448 
f 1446/1446/1446 1448/1448/1448 1434/1434/1434 
f 1461/1461/1461 1447/1447/1447 1435/1435/1435 
f 1461/1461/1461 1435/1435/1435 1449/1449/1449 
f 1448/1448/1448 1462/1462/1462 1455/1455/1455 
f 1448/1448/1448 1455/1455/1455 1441/1441/1441 
f 1455/1455/1455 1449/1449/1449 1450/1450/1450 
f 1455/1455/1455 1450/1450/1450 1456/1456/1456 
f 1450/1450/1450 1436/1436/1436 1452/1452/1452 
f 1450/1450/1450 1452/1452/1452 1463/1463/1463 
f 1450/1450/1450 1463/1463/1463 1464/1464/1464 
f 1442/1442/1442 1456/1456/1456 1465/1465/1465 
f 1442/1442/1442 1466/1466/1466 1453/1453/1453 
f 1398/1398/1398 1458/1458/1458 1444/1444/1444 
f 1398/1398/1398 1443/1443/1443 1457/1457/1457 
f 1467/1467/1467 1457/1457/1457 1445/1445/1445 
f 1467/1467/1467 1445/1445/1445 1459/1459/1459 
f 1458/1458/1458 1468/1468/1468 1460/1460/1460 
f 1458/1458/1458 1460/1460/1460 1446/1446/1446 
f 1469/1469/1469 1459/1459/1459 1447/1447/1447 
f 1469/1469/1469 1447/1447/1447 1461/1461/1461 
f 1460/1460/1460 1470/1470/1470 1462/1462/1462 
f 1460/1460/1460 1462/1462/1462 1448/1448/1448 
f 1462/1462/1462 1461/1461/1461 1449/1449/1449 
f 1462/1462/1462 1449/1449/1449 1455/1455/1455 
f 1456/1456/1456 1450/1450/1450 1464/1464/1464 
f 1456/1456/1456 1471/1471/1471 1465/1465/1465 
f 1398/1398/1398 1468/1468/1468 1458/1458/1458 
f 1398/1398/1398 1457/1457/1457 1467/1467/1467 
f 1472/1472/1472 1467/1467/1467 1459/1459/1459 
f 1472/1472/1472 1459/1459/1459 1469/1469/1469 
f 1468/1468/1468 1473/1473/1473 1470/1470/1470 
f 1468/1468/1468 1470/1470/1470 1460/1460/1460 
f 1470/1470/1470 1469/1469/1469 1461/1461/1461 
f 1470/1470/1470 1461/1461/1461 1462/1462/1462 
f 1398/1398/1398 1473/1473/1473 1468/1468/1468 
f 1398/1398/1398 1467/1467/1467 1472/1472/1472 
f 1473/1473/1473 1472/1472/1472 1469/1469/1469 
f 1473/1473/1473 1469/1469/1469 1470/1470/1470 
f 1398/1398/1398 1472/1472/1472 1473/1473/1473 
f 1476/1476/1476 1477/1477/1477 1478/1478/1478 
f 1476/1476/1476 1478/1478/1478 1479/1479/1479 
f 1475/1475/1475 1474/1474/1474 1484/1484/1484 
f 1475/1475/1475 1484/1484/1484 1485/1485/1485 
f 1482/1482/1482 1475/1475/1475 1485/1485/1485 
f 1482/1482/1482 1485/1485/1485 1483/1483/1483 
f 1480/1480/1480 1476/1476/1476 1479/1479/1479 
f 1480/1480/1480 1479/1479/1479 1481/1481/1481 
f 1486/1486/1486 1487/1487/1487 1488/1488/1488 
f 1510/1510/1510 1513/1513/1513 1514/1514/1514 
f 1510/1510/1510 1514/1514/1514 1509/1509/1509 
f 1511/1511/1511 1515/1515/1515 1513/1513/1513 
f 1511/1511/1511 1513/1513/1513 1510/1510/1510 
f 1512/1512/1512 1516/1516/1516 1515/1515/1515 
f 1512/1512/1512 1515/1515/1515 1511/1511/1511 
f 1505/1505/1505 1517/1517/1517 1516/1516/1516 
f 1505/1505/1505 1516/1516/1516 1512/1512/1512 
f 1504/1504/1504 1518/1518/1518 1517/1517/1517 
f 1504/1504/1504 1517/1517/1517 1505/1505/1505 
f 1507/1507/1507 1519/1519/1519 1518/1518/1518 
f 1507/1507/1507 1518/1518/1518 1504/1504/1504 
f 1527/1527/1527 1529/1529/1529 1530/1530/1530 
f 1527/1527/1527 1530/1530/1530 1526/1526/1526 
f 1528/1528/1528 1531/1531/1531 1529/1529/1529 
f 1528/1528/1528 1529/1529/1529 1527/1527/1527 
f 1522/1522/1522 1532/1532/1532 1531/1531/1531 
f 1522/1522/1522 1531/1531/1531 1528/1528/1528 
f 1521/1521/1521 1533/1533/1533 1532/1532/1532 
f 1521/1521/1521 1532/1532/1532 1522/1522/1522 
f 1523/1523/1523 1534/1534/1534 1533/1533/1533 
f 1523/1523/1523 1533/1533/1533 1521/1521/1521 
f 1525/1525/1525 1535/1535/1535 1524/1524/1524 
f 1526/1526/1526 1530/1530/1530 1536/1536/1536 
f 1526/1526/1526 1536/1536/1536 1525/1525/1525 
f 1534/1534/1534 1538/1538/1538 1539/1539/1539 
f 1534/1534/1534 1539/1539/1539 1533/1533/1533 
f 1530/1530/1530 1543/1543/1543 1542/1542/1542 
f 1530/1530/1530 1542/1542/1542 1536/1536/1536 
f 1529/1529/1529 1545/1545/1545 1543/1543/1543 
f 1529/1529/1529 1543/1543/1543 1530/1530/1530 
f 1531/1531/1531 1546/1546/1546 1545/1545/1545 
f 1531/1531/1531 1545/1545/1545 1529/1529/1529 
f 1532/1532/1532 1547/1547/1547 1546/1546/1546 
f 1532/1532/1532 1546/1546/1546 1531/1531/1531 
f 1533/1533/1533 1539/1539/1539 1547/1547/1547 
f 1533/1533/1533 1547/1547/1547 1532/1532/1532 
f 1545/1545/1545 1548/1548/1548 1549/1549/1549 
f 1545/1545/1545 1549/1549/1549 1543/1543/1543 
f 1546/1546/1546 1550/1550/1550 1548/1548/1548 
f 1546/1546/1546 1548/1548/1548 1545/1545/1545 
f 1547/1547/1547 1551/1551/1551 1550/1550/1550 
f 1547/1547/1547 1550/1550/1550 1546/1546/1546 
f 1539/1539/1539 1552/1552/1552 1551/1551/1551 
f 1539/1539/1539 1551/1551/1551 1547/1547/1547 
f 1538/1538/1538 1553/1553/1553 1552/1552/1552 
f 1538/1538/1538 1552/1552/1552 1539/1539/1539 
f 1542/1542/1542 1554/1554/1554 1540/1540/1540 
f 1543/1543/1543 1549/1549/1549 1555/1555/1555 
f 1543/1543/1543 1555/1555/1555 1542/1542/1542 
f 1556/1556/1556 1557/1557/1557 1558/1558/1558 
f 1556/1556/1556 1558/1558/1558 1559/1559/1559 
f 1562/1562/1562 1563/1563/1563 1560/1560/1560 
f 1564/1564/1564 1565/1565/1565 1563/1563/1563 
f 1564/1564/1564 1563/1563/1563 1562/1562/1562 
f 1567/1567/1567 1568/1568/1568 1565/1565/1565 
f 1567/1567/1567 1565/1565/1565 1564/1564/1564 
f 1569/1569/1569 1570/1570/1570 1568/1568/1568 
f 1569/1569/1569 1568/1568/1568 1567/1567/1567 
f 1571/1571/1571 1572/1572/1572 1570/1570/1570 
f 1571/1571/1571 1570/1570/1570 1569/1569/1569 
f 1559/1559/1559 1558/1558/1558 1572/1572/1572 
f 1559/1559/1559 1572/1572/1572 1571/1571/1571 
f 1570/1570/1570 1573/1573/1573 1574/1574/1574 
f 1570/1570/1570 1574/1574/1574 1568/1568/1568 
f 1572/1572/1572 1575/1575/1575 1573/1573/1573 
f 1572/1572/1572 1573/1573/1573 1570/1570/1570 
f 1558/1558/1558 1576/1576/1576 1575/1575/1575 
f 1558/1558/1558 1575/1575/1575 1572/1572/1572 
f 1557/1557/1557 1577/1577/1577 1576/1576/1576 
f 1557/1557/1557 1576/1576/1576 1558/1558/1558 
f 1565/1565/1565 1580/1580/1580 1579/1579/1579 
f 1565/1565/1565 1579/1579/1579 1563/1563/1563 
f 1568/1568/1568 1574/1574/1574 1580/1580/1580 
f 1568/1568/1568 1580/1580/1580 1565/1565/1565 
f 1579/1579/1579 1583/1583/1583 1584/1584/1584 
f 1579/1579/1579 1584/1584/1584 1578/1578/1578 
f 1580/1580/1580 1586/1586/1586 1583/1583/1583 
f 1580/1580/1580 1583/1583/1583 1579/1579/1579 
f 1574/1574/1574 1587/1587/1587 1586/1586/1586 
f 1574/1574/1574 1586/1586/1586 1580/1580/1580 
f 1573/1573/1573 1588/1588/1588 1587/1587/1587 
f 1573/1573/1573 1587/1587/1587 1574/1574/1574 
f 1575/1575/1575 1589/1589/1589 1588/1588/1588 
f 1575/1575/1575 1588/1588/1588 1573/1573/1573 
f 1576/1576/1576 1590/1590/1590 1589/1589/1589 
f 1576/1576/1576 1589/1589/1589 1575/1575/1575 
f 1577/1577/1577 1582/1582/1582 1590/1590/1590 
f 1577/1577/1577 1590/1590/1590 1576/1576/1576 
f 1597/1597/1597 1600/1600/1600 1599/1599/1599 
f 1597/1597/1597 1599/1599/1599 1596/1596/1596 
f 1598/1598/1598 1601/1601/1601 1600/1600/1600 
f 1598/1598/1598 1600/1600/1600 1597/1597/1597 
f 1593/1593/1593 1602/1602/1602 1601/1601/1601 
f 1593/1593/1593 1601/1601/1601 1598/1598/1598 
f 1592/1592/1592 1603/1603/1603 1602/1602/1602 
f 1592/1592/1592 1602/1602/1602 1593/1593/1593 
f 1594/1594/1594 1604/1604/1604 1603/1603/1603 
f 1594/1594/1594 1603/1603/1603 1592/1592/1592 
f 1595/1595/1595 1605/1605/1605 1604/1604/1604 
f 1595/1595/1595 1604/1604/1604 1594/1594/1594 
f 1608/1608/1608 1609/1609/1609 1610/1610/1610 
f 1608/1608/1608 1610/1610/1610 1611/1611/1611 
f 1607/1607/1607 1606/1606/1606 1609/1609/1609 
f 1607/1607/1607 1609/1609/1609 1608/1608/1608 
f 1617/1617/1617 1607/1607/1607 1608/1608/1608 
f 1617/1617/1617 1608/1608/1608 1616/1616/1616 
f 1616/1616/1616 1608/1608/1608 1611/1611/1611 
f 1616/1616/1616 1611/1611/1611 1615/1615/1615 
f 1619/1619/1619 1620/1620/1620 1621/1621/1621 
f 1619/1619/1619 1621/1621/1621 1622/1622/1622 
f 1623/1623/1623 1619/1619/1619 1622/1622/1622 
f 1623/1623/1623 1622/1622/1622 1624/1624/1624 
f 1625/1625/1625 1623/1623/1623 1624/1624/1624 
f 1625/1625/1625 1624/1624/1624 1626/1626/1626 
f 1628/1628/1628 1625/1625/1625 1626/1626/1626 
f 1628/1628/1628 1626/1626/1626 1629/1629/1629 
f 1630/1630/1630 1628/1628/1628 1629/1629/1629 
f 1630/1630/1630 1629/1629/1629 1631/1631/1631 
f 1634/1634/1634 1632/1632/1632 1633/1633/1633 
f 1634/1634/1634 1633/1633/1633 1635/1635/1635 
f 1620/1620/1620 1634/1634/1634 1635/1635/1635 
f 1620/1620/1620 1635/1635/1635 1621/1621/1621 
f 1621/1621/1621 1635/1635/1635 1636/1636/1636 
f 1621/1621/1621 1636/1636/1636 1637/1637/1637 
f 1622/1622/1622 1621/1621/1621 1637/1637/1637 
f 1622/1622/1622 1637/1637/1637 1638/1638/1638 
f 1624/1624/1624 1622/1622/1622 1638/1638/1638 
f 1624/1624/1624 1638/1638/1638 1639/1639/1639 
f 1626/1626/1626 1624/1624/1624 1639/1639/1639 
f 1626/1626/1626 1639/1639/1639 1640/1640/1640 
f 1629/1629/1629 1626/1626/1626 1640/1640/1640 
f 1629/1629/1629 1640/1640/1640 1641/1641/1641 
f 1631/1631/1631 1629/1629/1629 1641/1641/1641 
f 1631/1631/1631 1641/1641/1641 1642/1642/1642 
f 1641/1641/1641 1640/1640/1640 1645/1645/1645 
f 1641/1641/1641 1645/1645/1645 1646/1646/1646 
f 1642/1642/1642 1641/1641/1641 1646/1646/1646 
f 1642/1642/1642 1646/1646/1646 1648/1648/1648 
f 1636/1636/1636 1643/1643/1643 1649/1649/1649 
f 1636/1636/1636 1649/1649/1649 1651/1651/1651 
f 1637/1637/1637 1636/1636/1636 1651/1651/1651 
f 1637/1637/1637 1651/1651/1651 1652/1652/1652 
f 1638/1638/1638 1637/1637/1637 1652/1652/1652 
f 1638/1638/1638 1652/1652/1652 1653/1653/1653 
f 1639/1639/1639 1638/1638/1638 1653/1653/1653 
f 1639/1639/1639 1653/1653/1653 1654/1654/1654 
f 1640/1640/1640 1639/1639/1639 1654/1654/1654 
f 1640/1640/1640 1654/1654/1654 1645/1645/1645 
f 1660/1660/1660 1659/1659/1659 1663/1663/1663 
f 1660/1660/1660 1663/1663/1663 1664/1664/1664 
f 1661/1661/1661 1660/1660/1660 1664/1664/1664 
f 1661/1661/1661 1664/1664/1664 1666/1666/1666 
f 1656/1656/1656 1655/1655/1655 1668/1668/1668 
f 1656/1656/1656 1668/1668/1668 1669/1669/1669 
f 1657/1657/1657 1656/1656/1656 1669/1669/1669 
f 1657/1657/1657 1669/1669/1669 1670/1670/1670 
f 1658/1658/1658 1657/1657/1657 1670/1670/1670 
f 1658/1658/1658 1670/1670/1670 1671/1671/1671 
f 1659/1659/1659 1658/1658/1658 1671/1671/1671 
f 1659/1659/1659 1671/1671/1671 1663/1663/1663 
f 1619/1619/1619 1683/1683/1683 1684/1684/1684 
f 1619/1619/1619 1684/1684/1684 1620/1620/1620 
f 1623/1623/1623 1685/1685/1685 1683/1683/1683 
f 1623/1623/1623 1683/1683/1683 1619/1619/1619 
f 1625/1625/1625 1686/1686/1686 1685/1685/1685 
f 1625/1625/1625 1685/1685/1685 1623/1623/1623 
f 1628/1628/1628 1687/1687/1687 1686/1686/1686 
f 1628/1628/1628 1686/1686/1686 1625/1625/1625 
f 1630/1630/1630 1688/1688/1688 1687/1687/1687 
f 1630/1630/1630 1687/1687/1687 1628/1628/1628 
f 1634/1634/1634 1690/1690/1690 1689/1689/1689 
f 1634/1634/1634 1689/1689/1689 1632/1632/1632 
f 1620/1620/1620 1684/1684/1684 1690/1690/1690 
f 1620/1620/1620 1690/1690/1690 1634/1634/1634 
f 1684/1684/1684 1691/1691/1691 1692/1692/1692 
f 1684/1684/1684 1692/1692/1692 1690/1690/1690 
f 1683/1683/1683 1693/1693/1693 1691/1691/1691 
f 1683/1683/1683 1691/1691/1691 1684/1684/1684 
f 1685/1685/1685 1694/1694/1694 1693/1693/1693 
f 1685/1685/1685 1693/1693/1693 1683/1683/1683 
f 1686/1686/1686 1695/1695/1695 1694/1694/1694 
f 1686/1686/1686 1694/1694/1694 1685/1685/1685 
f 1687/1687/1687 1696/1696/1696 1695/1695/1695 
f 1687/1687/1687 1695/1695/1695 1686/1686/1686 
f 1688/1688/1688 1697/1697/1697 1696/1696/1696 
f 1688/1688/1688 1696/1696/1696 1687/1687/1687 
f 1696/1696/1696 1699/1699/1699 1700/1700/1700 
f 1696/1696/1696 1700/1700/1700 1695/1695/1695 
f 1697/1697/1697 1701/1701/1701 1699/1699/1699 
f 1697/1697/1697 1699/1699/1699 1696/1696/1696 
f 1692/1692/1692 1703/1703/1703 1702/1702/1702 
f 1692/1692/1692 1702/1702/1702 1698/1698/1698 
f 1691/1691/1691 1704/1704/1704 1703/1703/1703 
f 1691/1691/1691 1703/1703/1703 1692/1692/1692 
f 1693/1693/1693 1705/1705/1705 1704/1704/1704 
f 1693/1693/1693 1704/1704/1704 1691/1691/1691 
f 1694/1694/1694 1706/1706/1706 1705/1705/1705 
f 1694/1694/1694 1705/1705/1705 1693/1693/1693 
f 1695/1695/1695 1700/1700/1700 1706/1706/1706 
f 1695/1695/1695 1706/1706/1706 1694/1694/1694 
f 1712/1712/1712 1715/1715/1715 1716/1716/1716 
f 1712/1712/1712 1716/1716/1716 1711/1711/1711 
f 1713/1713/1713 1717/1717/1717 1715/1715/1715 
f 1713/1713/1713 1715/1715/1715 1712/1712/1712 
f 1707/1707/1707 1720/1720/1720 1719/1719/1719 
f 1707/1707/1707 1719/1719/1719 1708/1708/1708 
f 1709/1709/1709 1721/1721/1721 1720/1720/1720 
f 1709/1709/1709 1720/1720/1720 1707/1707/1707 
f 1710/1710/1710 1722/1722/1722 1721/1721/1721 
f 1710/1710/1710 1721/1721/1721 1709/1709/1709 
f 1711/1711/1711 1716/1716/1716 1722/1722/1722 
f 1711/1711/1711 1722/1722/1722 1710/1710/1710 
f 1726/1726/1726 1727/1727/1727 1728/1728/1728 
f 1730/1730/1730 1726/1726/1726 1729/1729/1729 
f 1730/1730/1730 1729/1729/1729 1731/1731/1731 
f 1734/1734/1734 1732/1732/1732 1733/1733/1733 
f 1734/1734/1734 1733/1733/1733 1735/1735/1735 
f 1727/1727/1727 1734/1734/1734 1735/1735/1735 
f 1727/1727/1727 1735/1735/1735 1728/1728/1728 
f 1728/1728/1728 1735/1735/1735 1736/1736/1736 
f 1728/1728/1728 1736/1736/1736 1737/1737/1737 
f 1729/1729/1729 1728/1728/1728 1737/1737/1737 
f 1729/1729/1729 1737/1737/1737 1738/1738/1738 
f 1731/1731/1731 1729/1729/1729 1738/1738/1738 
f 1731/1731/1731 1738/1738/1738 1739/1739/1739 
f 1735/1735/1735 1733/1733/1733 1740/1740/1740 
f 1735/1735/1735 1740/1740/1740 1736/1736/1736 
f 1736/1736/1736 1740/1740/1740 1743/1743/1743 
f 1736/1736/1736 1743/1743/1743 1744/1744/1744 
f 1737/1737/1737 1736/1736/1736 1744/1744/1744 
f 1737/1737/1737 1744/1744/1744 1745/1745/1745 
f 1738/1738/1738 1737/1737/1737 1745/1745/1745 
f 1738/1738/1738 1745/1745/1745 1746/1746/1746 
f 1739/1739/1739 1738/1738/1738 1746/1746/1746 
f 1739/1739/1739 1746/1746/1746 1747/1747/1747 
f 1746/1746/1746 1745/1745/1745 1748/1748/1748 
f 1746/1746/1746 1748/1748/1748 1749/1749/1749 
f 1747/1747/1747 1746/1746/1746 1749/1749/1749 
f 1747/1747/1747 1749/1749/1749 1750/1750/1750 
f 1744/1744/1744 1743/1743/1743 1752/1752/1752 
f 1744/1744/1744 1752/1752/1752 1753/1753/1753 
f 1745/1745/1745 1744/1744/1744 1753/1753/1753 
f 1745/1745/1745 1753/1753/1753 1748/1748/1748 
f 1753/1753/1753 1752/1752/1752 1755/1755/1755 
f 1753/1753/1753 1755/1755/1755 1756/1756/1756 
f 1748/1748/1748 1753/1753/1753 1756/1756/1756 
f 1748/1748/1748 1756/1756/1756 1757/1757/1757 
f 1749/1749/1749 1748/1748/1748 1757/1757/1757 
f 1749/1749/1749 1757/1757/1757 1758/1758/1758 
f 1750/1750/1750 1749/1749/1749 1758/1758/1758 
f 1750/1750/1750 1758/1758/1758 1759/1759/1759 
f 1758/1758/1758 1757/1757/1757 1760/1760/1760 
f 1758/1758/1758 1760/1760/1760 1761/1761/1761 
f 1759/1759/1759 1758/1758/1758 1761/1761/1761 
f 1759/1759/1759 1761/1761/1761 1762/1762/1762 
f 1756/1756/1756 1755/1755/1755 1763/1763/1763 
f 1756/1756/1756 1763/1763/1763 1764/1764/1764 
f 1757/1757/1757 1756/1756/1756 1764/1764/1764 
f 1757/1757/1757 1764/1764/1764 1760/1760/1760 
f 1764/1764/1764 1763/1763/1763 1765/1765/1765 
f 1764/1764/1764 1765/1765/1765 1766/1766/1766 
f 1760/1760/1760 1764/1764/1764 1766/1766/1766 
f 1760/1760/1760 1766/1766/1766 1767/1767/1767 
f 1761/1761/1761 1760/1760/1760 1767/1767/1767 
f 1761/1761/1761 1767/1767/1767 1768/1768/1768 
f 1762/1762/1762 1761/1761/1761 1768/1768/1768 
f 1762/1762/1762 1768/1768/1768 1769/1769/1769 
f 1769/1769/1769 1768/1768/1768 1771/1771/1771 
f 1769/1769/1769 1771/1771/1771 1772/1772/1772 
f 1766/1766/1766 1765/1765/1765 1773/1773/1773 
f 1766/1766/1766 1773/1773/1773 1774/1774/1774 
f 1767/1767/1767 1766/1766/1766 1774/1774/1774 
f 1767/1767/1767 1774/1774/1774 1775/1775/1775 
f 1768/1768/1768 1767/1767/1767 1775/1775/1775 
f 1768/1768/1768 1775/1775/1775 1771/1771/1771 
f 1778/1778/1778 1776/1776/1776 1777/1777/1777 
f 1778/1778/1778 1777/1777/1777 1779/1779/1779 
f 1780/1780/1780 1778/1778/1778 1779/1779/1779 
f 1780/1780/1780 1779/1779/1779 1781/1781/1781 
f 1782/1782/1782 1780/1780/1780 1781/1781/1781 
f 1782/1782/1782 1781/1781/1781 1783/1783/1783 
f 1784/1784/1784 1782/1782/1782 1783/1783/1783 
f 1784/1784/1784 1783/1783/1783 1785/1785/1785 
f 1785/1785/1785 1783/1783/1783 1786/1786/1786 
f 1785/1785/1785 1786/1786/1786 1787/1787/1787 
f 1779/1779/1779 1777/1777/1777 1788/1788/1788 
f 1779/1779/1779 1788/1788/1788 1789/1789/1789 
f 1781/1781/1781 1779/1779/1779 1789/1789/1789 
f 1781/1781/1781 1789/1789/1789 1790/1790/1790 
f 1783/1783/1783 1781/1781/1781 1790/1790/1790 
f 1783/1783/1783 1790/1790/1790 1786/1786/1786 
f 1789/1789/1789 1788/1788/1788 1791/1791/1791 
f 1789/1789/1789 1791/1791/1791 1792/1792/1792 
f 1790/1790/1790 1789/1789/1789 1792/1792/1792 
f 1790/1790/1790 1792/1792/1792 1793/1793/1793 
f 1786/1786/1786 1790/1790/1790 1793/1793/1793 
f 1786/1786/1786 1793/1793/1793 1794/1794/1794 
f 1787/1787/1787 1786/1786/1786 1794/1794/1794 
f 1787/1787/1787 1794/1794/1794 1795/1795/1795 
f 1792/1792/1792 1791/1791/1791 1796/1796/1796 
f 1792/1792/1792 1796/1796/1796 1797/1797/1797 
f 1793/1793/1793 1792/1792/1792 1797/1797/1797 
f 1793/1793/1793 1797/1797/1797 1798/1798/1798 
f 1794/1794/1794 1793/1793/1793 1798/1798/1798 
f 1794/1794/1794 1798/1798/1798 1799/1799/1799 
f 1795/1795/1795 1794/1794/1794 1799/1799/1799 
f 1795/1795/1795 1799/1799/1799 1800/1800/1800 
f 1798/1798/1798 1797/1797/1797 1801/1801/1801 
f 1798/1798/1798 1801/1801/1801 1802/1802/1802 
f 1799/1799/1799 1798/1798/1798 1802/1802/1802 
f 1799/1799/1799 1802/1802/1802 1803/1803/1803 
f 1800/1800/1800 1799/1799/1799 1803/1803/1803 
f 1800/1800/1800 1803/1803/1803 1804/1804/1804 
f 1797/1797/1797 1796/1796/1796 1806/1806/1806 
f 1797/1797/1797 1806/1806/1806 1801/1801/1801 
f 1801/1801/1801 1806/1806/1806 1807/1807/1807 
f 1801/1801/1801 1807/1807/1807 1808/1808/1808 
f 1802/1802/1802 1801/1801/1801 1808/1808/1808 
f 1802/1802/1802 1808/1808/1808 1809/1809/1809 
f 1803/1803/1803 1802/1802/1802 1809/1809/1809 
f 1803/1803/1803 1809/1809/1809 1810/1810/1810 
f 1804/1804/1804 1803/1803/1803 1810/1810/1810 
f 1804/1804/1804 1810/1810/1810 1811/1811/1811 
f 1809/1809/1809 1808/1808/1808 1812/1812/1812 
f 1809/1809/1809 1812/1812/1812 1813/1813/1813 
f 1810/1810/1810 1809/1809/1809 1813/1813/1813 
f 1810/1810/1810 1813/1813/1813 1814/1814/1814 
f 1811/1811/1811 1810/1810/1810 1814/1814/1814 
f 1811/1811/1811 1814/1814/1814 1815/1815/1815 
f 1808/1808/1808 1807/1807/1807 1816/1816/1816 
f 1808/1808/1808 1816/1816/1816 1812/1812/1812 
f 1812/1812/1812 1816/1816/1816 1817/1817/1817 
f 1812/1812/1812 1817/1817/1817 1818/1818/1818 
f 1813/1813/1813 1812/1812/1812 1818/1818/1818 
f 1813/1813/1813 1818/1818/1818 1819/1819/1819 
f 1814/1814/1814 1813/1813/1813 1819/1819/1819 
f 1814/1814/1814 1819/1819/1819 1820/1820/1820 
f 1815/1815/1815 1814/1814/1814 1820/1820/1820 
f 1815/1815/1815 1820/1820/1820 1821/1821/1821 
f 1822/1822/1822 1730/1730/1730 1731/1731/1731 
f 1822/1822/1822 1731/1731/1731 1739/1739/1739 
f 1822/1822/1822 1739/1739/1739 1747/1747/1747 
f 1822/1822/1822 1747/1747/1747 1750/1750/1750 
f 1822/1822/1822 1750/1750/1750 1759/1759/1759 
f 1822/1822/1822 1759/1759/1759 1762/1762/1762 
f 1822/1822/1822 1762/1762/1762 1769/1769/1769 
f 1822/1822/1822 1769/1769/1769 1772/1772/1772 
f 1823/1823/1823 1784/1784/1784 1785/1785/1785 
f 1823/1823/1823 1785/1785/1785 1787/1787/1787 
f 1823/1823/1823 1787/1787/1787 1795/1795/1795 
f 1823/1823/1823 1795/1795/1795 1800/1800/1800 
f 1823/1823/1823 1800/1800/1800 1804/1804/1804 
f 1823/1823/1823 1804/1804/1804 1811/1811/1811 
f 1823/1823/1823 1811/1811/1811 1815/1815/1815 
f 1823/1823/1823 1815/1815/1815 1821/1821/1821 
f 1726/1726/1726 1825/1825/1825 1727/1727/1727 
f 1730/1730/1730 1826/1826/1826 1824/1824/1824 
f 1730/1730/1730 1824/1824/1824 1726/1726/1726 
f 1734/1734/1734 1828/1828/1828 1827/1827/1827 
f 1734/1734/1734 1827/1827/1827 1732/1732/1732 
f 1727/1727/1727 1825/1825/1825 1828/1828/1828 
f 1727/1727/1727 1828/1828/1828 1734/1734/1734 
f 1825/1825/1825 1829/1829/1829 1830/1830/1830 
f 1825/1825/1825 1830/1830/1830 1828/1828/1828 
f 1824/1824/1824 1831/1831/1831 1829/1829/1829 
f 1824/1824/1824 1829/1829/1829 1825/1825/1825 
f 1826/1826/1826 1832/1832/1832 1831/1831/1831 
f 1826/1826/1826 1831/1831/1831 1824/1824/1824 
f 1828/1828/1828 1830/1830/1830 1833/1833/1833 
f 1828/1828/1828 1833/1833/1833 1827/1827/1827 
f 1830/1830/1830 1837/1837/1837 1836/1836/1836 
f 1830/1830/1830 1836/1836/1836 1833/1833/1833 
f 1829/1829/1829 1838/1838/1838 1837/1837/1837 
f 1829/1829/1829 1837/1837/1837 1830/1830/1830 
f 1831/1831/1831 1839/1839/1839 1838/1838/1838 
f 1831/1831/1831 1838/1838/1838 1829/1829/1829 
f 1832/1832/1832 1840/1840/1840 1839/1839/1839 
f 1832/1832/1832 1839/1839/1839 1831/1831/1831 
f 1839/1839/1839 1841/1841/1841 1842/1842/1842 
f 1839/1839/1839 1842/1842/1842 1838/1838/1838 
f 1840/1840/1840 1843/1843/1843 1841/1841/1841 
f 1840/1840/1840 1841/1841/1841 1839/1839/1839 
f 1837/1837/1837 1846/1846/1846 1845/1845/1845 
f 1837/1837/1837 1845/1845/1845 1836/1836/1836 
f 1838/1838/1838 1842/1842/1842 1846/1846/1846 
f 1838/1838/1838 1846/1846/1846 1837/1837/1837 
f 1846/1846/1846 1849/1849/1849 1848/1848/1848 
f 1846/1846/1846 1848/1848/1848 1845/1845/1845 
f 1842/1842/1842 1850/1850/1850 1849/1849/1849 
f 1842/1842/1842 1849/1849/1849 1846/1846/1846 
f 1841/1841/1841 1851/1851/1851 1850/1850/1850 
f 1841/1841/1841 1850/1850/1850 1842/1842/1842 
f 1843/1843/1843 1852/1852/1852 1851/1851/1851 
f 1843/1843/1843 1851/1851/1851 1841/1841/1841 
f 1851/1851/1851 1853/1853/1853 1854/1854/1854 
f 1851/1851/1851 1854/1854/1854 1850/1850/1850 
f 1852/1852/1852 1855/1855/1855 1853/1853/1853 
f 1852/1852/1852 1853/1853/1853 1851/1851/1851 
f 1849/1849/1849 1857/1857/1857 1856/1856/1856 
f 1849/1849/1849 1856/1856/1856 1848/1848/1848 
f 1850/1850/1850 1854/1854/1854 1857/1857/1857 
f 1850/1850/1850 1857/1857/1857 1849/1849/1849 
f 1857/1857/1857 1860/1860/1860 1859/1859/1859 
f 1857/1857/1857 1859/1859/1859 1856/1856/1856 
f 1854/1854/1854 1861/1861/1861 1860/1860/1860 
f 1854/1854/1854 1860/1860/1860 1857/1857/1857 
f 1853/1853/1853 1863/1863/1863 1861/1861/1861 
f 1853/1853/1853 1861/1861/1861 1854/1854/1854 
f 1855/1855/1855 1864/1864/1864 1863/1863/1863 
f 1855/1855/1855 1863/1863/1863 1853/1853/1853 
f 1864/1864/1864 1865/1865/1865 1866/1866/1866 
f 1864/1864/1864 1866/1866/1866 1863/1863/1863 
f 1860/1860/1860 1869/1869/1869 1867/1867/1867 
f 1860/1860/1860 1867/1867/1867 1859/1859/1859 
f 1861/1861/1861 1870/1870/1870 1869/1869/1869 
f 1861/1861/1861 1869/1869/1869 1860/1860/1860 
f 1863/1863/1863 1866/1866/1866 1870/1870/1870 
f 1863/1863/1863 1870/1870/1870 1861/1861/1861 
f 1873/1873/1873 1874/1874/1874 1872/1872/1872 
f 1873/1873/1873 1872/1872/1872 1871/1871/1871 
f 1875/1875/1875 1876/1876/1876 1874/1874/1874 
f 1875/1875/1875 1874/1874/1874 1873/1873/1873 
f 1877/1877/1877 1878/1878/1878 1876/1876/1876 
f 1877/1877/1877 1876/1876/1876 1875/1875/1875 
f 1879/1879/1879 1880/1880/1880 1878/1878/1878 
f 1879/1879/1879 1878/1878/1878 1877/1877/1877 
f 1880/1880/1880 1881/1881/1881 1882/1882/1882 
f 1880/1880/1880 1882/1882/1882 1878/1878/1878 
f 1874/1874/1874 1884/1884/1884 1883/1883/1883 
f 1874/1874/1874 1883/1883/1883 1872/1872/1872 
f 1876/1876/1876 1885/1885/1885 1884/1884/1884 
f 1876/1876/1876 1884/1884/1884 1874/1874/1874 
f 1878/1878/1878 1882/1882/1882 1885/1885/1885 
f 1878/1878/1878 1885/1885/1885 1876/1876/1876 
f 1884/1884/1884 1886/1886/1886 1887/1887/1887 
f 1884/1884/1884 1887/1887/1887 1883/1883/1883 
f 1885/1885/1885 1888/1888/1888 1886/1886/1886 
f 1885/1885/1885 1886/1886/1886 1884/1884/1884 
f 1882/1882/1882 1889/1889/1889 1888/1888/1888 
f 1882/1882/1882 1888/1888/1888 1885/1885/1885 
f 1881/1881/1881 1890/1890/1890 1889/1889/1889 
f 1881/1881/1881 1889/1889/1889 1882/1882/1882 
f 1886/1886/1886 1893/1893/1893 1892/1892/1892 
f 1886/1886/1886 1892/1892/1892 1887/1887/1887 
f 1888/1888/1888 1894/1894/1894 1893/1893/1893 
f 1888/1888/1888 1893/1893/1893 1886/1886/1886 
f 1889/1889/1889 1895/1895/1895 1894/1894/1894 
f 1889/1889/1889 1894/1894/1894 1888/1888/1888 
f 1890/1890/1890 1896/1896/1896 1895/1895/1895 
f 1890/1890/1890 1895/1895/1895 1889/1889/1889 
f 1894/1894/1894 1897/1897/1897 1898/1898/1898 
f 1894/1894/1894 1898/1898/1898 1893/1893/1893 
f 1895/1895/1895 1899/1899/1899 1897/1897/1897 
f 1895/1895/1895 1897/1897/1897 1894/1894/1894 
f 1896/1896/1896 1900/1900/1900 1899/1899/1899 
f 1896/1896/1896 1899/1899/1899 1895/1895/1895 
f 1893/1893/1893 1898/1898/1898 1902/1902/1902 
f 1893/1893/1893 1902/1902/1902 1892/1892/1892 
f 1898/1898/1898 1904/1904/1904 1903/1903/1903 
f 1898/1898/1898 1903/1903/1903 1902/1902/1902 
f 1897/1897/1897 1905/1905/1905 1904/1904/1904 
f 1897/1897/1897 1904/1904/1904 1898/1898/1898 
f 1899/1899/1899 1906/1906/1906 1905/1905/1905 
f 1899/1899/1899 1905/1905/1905 1897/1897/1897 
f 1900/1900/1900 1907/1907/1907 1906/1906/1906 
f 1900/1900/1900 1906/1906/1906 1899/1899/1899 
f 1905/1905/1905 1908/1908/1908 1909/1909/1909 
f 1905/1905/1905 1909/1909/1909 1904/1904/1904 
f 1906/1906/1906 1910/1910/1910 1908/1908/1908 
f 1906/1906/1906 1908/1908/1908 1905/1905/1905 
f 1907/1907/1907 1911/1911/1911 1910/1910/1910 
f 1907/1907/1907 1910/1910/1910 1906/1906/1906 
f 1904/1904/1904 1909/1909/1909 1913/1913/1913 
f 1904/1904/1904 1913/1913/1913 1903/1903/1903 
f 1909/1909/1909 1818/1818/1818 1817/1817/1817 
f 1909/1909/1909 1817/1817/1817 1913/1913/1913 
f 1908/1908/1908 1819/1819/1819 1818/1818/1818 
f 1908/1908/1908 1818/1818/1818 1909/1909/1909 
f 1910/1910/1910 1820/1820/1820 1819/1819/1819 
f 1910/1910/1910 1819/1819/1819 1908/1908/1908 
f 1911/1911/1911 1821/1821/1821 1820/1820/1820 
f 1911/1911/1911 1820/1820/1820 1910/1910/1910 
f 1822/1822/1822 1826/1826/1826 1730/1730/1730 
f 1822/1822/1822 1832/1832/1832 1826/1826/1826 
f 1822/1822/1822 1840/1840/1840 1832/1832/1832 
f 1822/1822/1822 1843/1843/1843 1840/1840/1840 
f 1822/1822/1822 1852/1852/1852 1843/1843/1843 
f 1822/1822/1822 1855/1855/1855 1852/1852/1852 
f 1822/1822/1822 1864/1864/1864 1855/1855/1855 
f 1822/1822/1822 1865/1865/1865 1864/1864/1864 
f 1823/1823/1823 1880/1880/1880 1879/1879/1879 
f 1823/1823/1823 1881/1881/1881 1880/1880/1880 
f 1823/1823/1823 1890/1890/1890 1881/1881/1881 
f 1823/1823/1823 1896/1896/1896 1890/1890/1890 
f 1823/1823/1823 1900/1900/1900 1896/1896/1896 
f 1823/1823/1823 1907/1907/1907 1900/1900/1900 
f 1823/1823/1823 1911/1911/1911 1907/1907/1907 
f 1823/1823/1823 1821/1821/1821 1911/1911/1911 
f 1914/1914/1914 1915/1915/1915 1916/1916/1916 
f 1918/1918/1918 1917/1917/1917 1919/1919/1919 
f 1921/1921/1921 1926/1926/1926 1927/1927/1927 
f 1928/1928/1928 1925/1925/1925 1929/1929/1929 
f 1982/1982/1982 1989/1989/1989 1990/1990/1990 
f 1986/1986/1986 1988/1988/1988 1992/1992/1992 
f 1991/1991/1991 1999/1999/1999 2000/2000/2000 
f 1996/1996/1996 1998/1998/1998 2001/2001/2001 
f 1999/1999/1999 2001/2001/2001 2002/2002/2002 
f 2000/2000/2000 1999/1999/1999 2002/2002/2002 
f 2001/2001/2001 1998/1998/1998 1997/1997/1997 
f 2001/2001/2001 1997/1997/1997 2002/2002/2002 
f 1995/1995/1995 1994/1994/1994 2000/2000/2000 
f 1995/1995/1995 2000/2000/2000 2002/2002/2002 
f 1997/1997/1997 1993/1993/1993 1992/1992/1992 
f 1997/1997/1997 1992/1992/1992 2002/2002/2002 
f 1990/1990/1990 1989/1989/1989 1995/1995/1995 
f 1990/1990/1990 1995/1995/1995 2002/2002/2002 
f 1992/1992/1992 1988/1988/1988 1987/1987/1987 
f 1992/1992/1992 1987/1987/1987 2002/2002/2002 
f 1985/1985/1985 1984/1984/1984 1990/1990/1990 
f 1985/1985/1985 1990/1990/1990 2002/2002/2002 
f 1987/1987/1987 1983/1983/1983 1978/1978/1978 
f 1987/1987/1987 1978/1978/1978 1977/1977/1977 
f 1987/1987/1987 1977/1977/1977 2002/2002/2002 
f 1974/1974/1974 1973/1973/1973 1981/1981/1981 
f 1974/1974/1974 1981/1981/1981 1985/1985/1985 
f 1974/1974/1974 1985/1985/1985 2002/2002/2002 
f 1977/1977/1977 1976/1976/1976 1980/1980/1980 
f 1977/1977/1977 1980/1980/1980 1979/1979/1979 
f 1977/1977/1977 1979/1979/1979 2002/2002/2002 
f 1972/1972/1972 1971/1971/1971 1975/1975/1975 
f 1972/1972/1972 1975/1975/1975 1974/1974/1974 
f 1972/1972/1972 1974/1974/1974 2002/2002/2002 
f 1979/1979/1979 1970/1970/1970 1967/1967/1967 
f 1979/1979/1979 1967/1967/1967 1966/1966/1966 
f 1979/1979/1979 1966/1966/1966 2002/2002/2002 
f 1963/1963/1963 1962/1962/1962 1969/1969/1969 
f 1963/1963/1963 1969/1969/1969 1972/1972/1972 
f 1963/1963/1963 1972/1972/1972 2002/2002/2002 
f 1966/1966/1966 1965/1965/1965 1968/1968/1968 
f 1966/1966/1966 1968/1968/1968 1959/1959/1959 
f 1966/1966/1966 1959/1959/1959 1958/1958/1958 
f 1966/1966/1966 1958/1958/1958 2002/2002/2002 
f 1961/1961/1961 1960/1960/1960 1964/1964/1964 
f 1961/1961/1961 1964/1964/1964 1963/1963/1963 
f 1961/1961/1961 1963/1963/1963 2002/2002/2002 
f 1958/1958/1958 1956/1956/1956 1952/1952/1952 
f 1958/1958/1958 1952/1952/1952 1951/1951/1951 
f 1958/1958/1958 1951/1951/1951 2002/2002/2002 
f 1948/1948/1948 1947/1947/1947 1955/1955/1955 
f 1948/1948/1948 1955/1955/1955 1957/1957/1957 
f 1948/1948/1948 1957/1957/1957 2002/2002/2002 
f 1951/1951/1951 1950/1950/1950 1954/1954/1954 
f 1951/1951/1951 1954/1954/1954 1953/1953/1953 
f 1951/1951/1951 1953/1953/1953 2002/2002/2002 
f 1946/1946/1946 1945/1945/1945 1949/1949/1949 
f 1946/1946/1946 1949/1949/1949 1948/1948/1948 
f 1946/1946/1946 1948/1948/1948 2002/2002/2002 
f 1953/1953/1953 1944/1944/1944 1941/1941/1941 
f 1953/1953/1953 1941/1941/1941 1940/1940/1940 
f 1953/1953/1953 1940/1940/1940 2002/2002/2002 
f 1937/1937/1937 1936/1936/1936 1942/1942/1942 
f 1937/1937/1937 1942/1942/1942 1946/1946/1946 
f 1937/1937/1937 1946/1946/1946 2002/2002/2002 
f 1940/1940/1940 1938/1938/1938 1934/1934/1934 
f 1940/1940/1940 1934/1934/1934 1933/1933/1933 
f 1940/1940/1940 1933/1933/1933 2002/2002/2002 
f 1932/1932/1932 1931/1931/1931 1935/1935/1935 
f 1932/1932/1932 1935/1935/1935 1937/1937/1937 
f 1932/1932/1932 1937/1937/1937 2002/2002/2002 
f 1933/1933/1933 1930/1930/1930 1929/1929/1929 
f 1933/1933/1933 1929/1929/1929 2002/2002/2002 
f 1927/1927/1927 1926/1926/1926 1932/1932/1932 
f 1927/1927/1927 1932/1932/1932 2002/2002/2002 
f 1929/1929/1929 1925/1925/1925 1924/1924/1924 
f 1929/1929/1929 1924/1924/1924 2002/2002/2002 
f 1923/1923/1923 1922/1922/1922 1927/1927/1927 
f 1923/1923/1923 1927/1927/1927 2002/2002/2002 
f 1924/1924/1924 1920/1920/1920 1919/1919/1919 
f 1924/1924/1924 1919/1919/1919 2002/2002/2002 
f 1916/1916/1916 1915/1915/1915 1923/1923/1923 
f 1916/1916/1916 1923/1923/1923 2002/2002/2002 
f 1919/1919/1919 1917/1917/1917 2002/2002/2002 
f 1917/1917/1917 1916/1916/1916 2002/2002/2002 
f 2005/2005/2005 2006/2006/2006 2007/2007/2007 
f 2005/2005/2005 2007/2007/2007 2008/2008/2008 
f 2004/2004/2004 2003/2003/2003 2013/2013/2013 
f 2004/2004/2004 2013/2013/2013 2014/2014/2014 
f 2009/2009/2009 2004/2004/2004 2014/2014/2014 
f 2009/2009/2009 2014/2014/2014 2010/2010/2010 
f 2011/2011/2011 2005/2005/2005 2008/2008/2008 
f 2011/2011/2011 2008/2008/2008 2012/2012/2012 
f 2026/2026/2026 2025/2025/2025 2030/2030/2030 
f 2026/2026/2026 2030/2030/2030 2031/2031/2031 
f 2028/2028/2028 2026/2026/2026 2031/2031/2031 
f 2028/2028/2028 2031/2031/2031 2032/2032/2032 
f 2029/2029/2029 2028/2028/2028 2032/2032/2032 
f 2029/2029/2029 2032/2032/2032 2033/2033/2033 
f 2022/2022/2022 2029/2029/2029 2033/2033/2033 
f 2022/2022/2022 2033/2033/2033 2034/2034/2034 
f 2023/2023/2023 2022/2022/2022 2034/2034/2034 
f 2023/2023/2023 2034/2034/2034 2035/2035/2035 
f 2024/2024/2024 2023/2023/2023 2035/2035/2035 
f 2024/2024/2024 2035/2035/2035 2036/2036/2036 
f 2044/2044/2044 2043/2043/2043 2046/2046/2046 
f 2044/2044/2044 2046/2046/2046 2047/2047/2047 
f 2045/2045/2045 2044/2044/2044 2047/2047/2047 
f 2045/2045/2045 2047/2047/2047 2048/2048/2048 
f 2038/2038/2038 2045/2045/2045 2048/2048/2048 
f 2038/2038/2038 2048/2048/2048 2049/2049/2049 
f 2039/2039/2039 2038/2038/2038 2049/2049/2049 
f 2039/2039/2039 2049/2049/2049 2050/2050/2050 
f 2040/2040/2040 2039/2039/2039 2050/2050/2050 
f 2040/2040/2040 2050/2050/2050 2051/2051/2051 
f 2042/2042/2042 2041/2041/2041 2052/2052/2052 
f 2043/2043/2043 2042/2042/2042 2053/2053/2053 
f 2043/2043/2043 2053/2053/2053 2046/2046/2046 
f 2051/2051/2051 2050/2050/2050 2055/2055/2055 
f 2051/2051/2051 2055/2055/2055 2056/2056/2056 
f 2046/2046/2046 2053/2053/2053 2058/2058/2058 
f 2046/2046/2046 2058/2058/2058 2059/2059/2059 
f 2047/2047/2047 2046/2046/2046 2059/2059/2059 
f 2047/2047/2047 2059/2059/2059 2061/2061/2061 
f 2048/2048/2048 2047/2047/2047 2061/2061/2061 
f 2048/2048/2048 2061/2061/2061 2062/2062/2062 
f 2049/2049/2049 2048/2048/2048 2062/2062/2062 
f 2049/2049/2049 2062/2062/2062 2063/2063/2063 
f 2050/2050/2050 2049/2049/2049 2063/2063/2063 
f 2050/2050/2050 2063/2063/2063 2055/2055/2055 
f 2061/2061/2061 2059/2059/2059 2064/2064/2064 
f 2061/2061/2061 2064/2064/2064 2065/2065/2065 
f 2062/2062/2062 2061/2061/2061 2065/2065/2065 
f 2062/2062/2062 2065/2065/2065 2066/2066/2066 
f 2063/2063/2063 2062/2062/2062 2066/2066/2066 
f 2063/2063/2063 2066/2066/2066 2067/2067/2067 
f 2055/2055/2055 2063/2063/2063 2067/2067/2067 
f 2055/2055/2055 2067/2067/2067 2068/2068/2068 
f 2056/2056/2056 2055/2055/2055 2068/2068/2068 
f 2056/2056/2056 2068/2068/2068 2069/2069/2069 
f 2058/2058/2058 2057/2057/2057 2070/2070/2070 
f 2059/2059/2059 2058/2058/2058 2071/2071/2071 
f 2059/2059/2059 2071/2071/2071 2064/2064/2064 
f 2072/2072/2072 2073/2073/2073 2074/2074/2074 
f 2072/2072/2072 2074/2074/2074 2075/2075/2075 
f 2079/2079/2079 2077/2077/2077 2080/2080/2080 
f 2081/2081/2081 2079/2079/2079 2080/2080/2080 
f 2081/2081/2081 2080/2080/2080 2082/2082/2082 
f 2083/2083/2083 2081/2081/2081 2082/2082/2082 
f 2083/2083/2083 2082/2082/2082 2084/2084/2084 
f 2085/2085/2085 2083/2083/2083 2084/2084/2084 
f 2085/2085/2085 2084/2084/2084 2086/2086/2086 
f 2087/2087/2087 2085/2085/2085 2086/2086/2086 
f 2087/2087/2087 2086/2086/2086 2088/2088/2088 
f 2073/2073/2073 2087/2087/2087 2088/2088/2088 
f 2073/2073/2073 2088/2088/2088 2074/2074/2074 
f 2086/2086/2086 2084/2084/2084 2089/2089/2089 
f 2086/2086/2086 2089/2089/2089 2090/2090/2090 
f 2088/2088/2088 2086/2086/2086 2090/2090/2090 
f 2088/2088/2088 2090/2090/2090 2091/2091/2091 
f 2074/2074/2074 2088/2088/2088 2091/2091/2091 
f 2074/2074/2074 2091/2091/2091 2092/2092/2092 
f 2075/2075/2075 2074/2074/2074 2092/2092/2092 
f 2075/2075/2075 2092/2092/2092 2093/2093/2093 
f 2082/2082/2082 2080/2080/2080 2095/2095/2095 
f 2082/2082/2082 2095/2095/2095 2096/2096/2096 
f 2084/2084/2084 2082/2082/2082 2096/2096/2096 
f 2084/2084/2084 2096/2096/2096 2089/2089/2089 
f 2095/2095/2095 2094/2094/2094 2098/2098/2098 
f 2095/2095/2095 2098/2098/2098 2099/2099/2099 
f 2096/2096/2096 2095/2095/2095 2099/2099/2099 
f 2096/2096/2096 2099/2099/2099 2101/2101/2101 
f 2089/2089/2089 2096/2096/2096 2101/2101/2101 
f 2089/2089/2089 2101/2101/2101 2102/2102/2102 
f 2090/2090/2090 2089/2089/2089 2102/2102/2102 
f 2090/2090/2090 2102/2102/2102 2103/2103/2103 
f 2091/2091/2091 2090/2090/2090 2103/2103/2103 
f 2091/2091/2091 2103/2103/2103 2104/2104/2104 
f 2092/2092/2092 2091/2091/2091 2104/2104/2104 
f 2092/2092/2092 2104/2104/2104 2105/2105/2105 
f 2093/2093/2093 2092/2092/2092 2105/2105/2105 
f 2093/2093/2093 2105/2105/2105 2097/2097/2097 
f 2112/2112/2112 2111/2111/2111 2114/2114/2114 
f 2112/2112/2112 2114/2114/2114 2115/2115/2115 
f 2113/2113/2113 2112/2112/2112 2115/2115/2115 
f 2113/2113/2113 2115/2115/2115 2116/2116/2116 
f 2107/2107/2107 2113/2113/2113 2116/2116/2116 
f 2107/2107/2107 2116/2116/2116 2117/2117/2117 
f 2108/2108/2108 2107/2107/2107 2117/2117/2117 
f 2108/2108/2108 2117/2117/2117 2118/2118/2118 
f 2109/2109/2109 2108/2108/2108 2118/2118/2118 
f 2109/2109/2109 2118/2118/2118 2119/2119/2119 
f 2110/2110/2110 2109/2109/2109 2119/2119/2119 
f 2110/2110/2110 2119/2119/2119 2120/2120/2120 
f 2015/2015/2015 2121/2121/2121 2122/2122/2122 

g Spike11

v -1.04566 4.99599 65.129 
v -1.15187 5.01062 65.0264 
v -1.0647 5.02263 65.1106 
v -1.12947 5.03155 65.048 
v -1.08959 5.03705 65.0866 
v -1.10306 5.0389 65.0736 
v -0.500205 4.94233 64.4493 
v -1.05424 5.01062 65.1207 
v -0.500205 4.94233 64.4493 
v -1.0647 5.02263 65.1106 
v -1.0647 5.02263 65.1106 
v -0.500205 4.94233 64.4493 
v -1.07664 5.03155 65.0991 
v -1.07664 5.03155 65.0991 
v -0.500205 4.94233 64.4493 
v -1.08959 5.03705 65.0866 
v -1.08959 5.03705 65.0866 
v -0.500205 4.94233 64.4493 
v -1.10306 5.0389 65.0736 
v -1.10306 5.0389 65.0736 
v -0.500205 4.94233 64.4493 
v -1.11652 5.03705 65.0606 
v -1.11652 5.03705 65.0606 
v -0.500205 4.94233 64.4493 
v -1.12947 5.03155 65.048 
v -1.12947 5.03155 65.048 
v -0.500205 4.94233 64.4493 
v -1.14141 5.02263 65.0365 
v -1.14141 5.02263 65.0365 
v -0.500205 4.94233 64.4493 
v -1.15187 5.01062 65.0264 
v -1.17209 4.94234 65.0069 
v -1.16683 4.97929 65.012 
v -1.17076 4.9235 65.0082 
v -1.15187 5.01062 65.0264 
v -1.16683 4.90539 65.012 
v -1.16046 4.88869 65.0181 
v -1.14141 4.86205 65.0365 
v -0.500205 4.94233 64.4493 
v -1.17209 4.94234 65.0069 
v -0.500205 4.94233 64.4493 
v -1.17076 4.9235 65.0082 
v -1.17076 4.9235 65.0082 
v -0.500205 4.94233 64.4493 
v -1.16683 4.90539 65.012 
v -1.16683 4.90539 65.012 
v -0.500205 4.94233 64.4493 
v -1.16046 4.88869 65.0181 
v -1.16046 4.88869 65.0181 
v -0.500205 4.94233 64.4493 
v -1.15187 4.87406 65.0264 
v -1.15187 5.01062 65.0264 
v -0.500205 4.94233 64.4493 
v -1.16045 4.99599 65.0181 
v -1.16045 4.99599 65.0181 
v -0.500205 4.94233 64.4493 
v -1.16683 4.97929 65.012 
v -1.16683 4.97929 65.012 
v -0.500205 4.94233 64.4493 
v -1.17076 4.96118 65.0082 
v -1.17076 4.96118 65.0082 
v -0.500205 4.94233 64.4493 
v -1.17209 4.94234 65.0069 
v -1.16683 4.90539 65.012 
v -1.16046 4.88869 65.0181 
v -1.05424 4.87406 65.1207 
v -1.14141 4.86205 65.0365 
v -1.07664 4.85313 65.0991 
v -1.12948 4.85313 65.048 
v -1.08959 4.84763 65.0866 
v -1.10306 4.84578 65.0736 
v -1.11653 4.84763 65.0606 
v -0.500205 4.94233 64.4493 
v -1.10306 4.84578 65.0736 
v -1.10306 4.84578 65.0736 
v -0.500205 4.94233 64.4493 
v -1.08959 4.84763 65.0866 
v -1.08959 4.84763 65.0866 
v -0.500205 4.94233 64.4493 
v -1.07664 4.85313 65.0991 
v -1.07664 4.85313 65.0991 
v -0.500205 4.94233 64.4493 
v -1.06471 4.86205 65.1106 
v -1.06471 4.86205 65.1106 
v -0.500205 4.94233 64.4493 
v -1.05424 4.87406 65.1207 
v -1.15187 4.87406 65.0264 
v -0.500205 4.94233 64.4493 
v -1.14141 4.86205 65.0365 
v -1.14141 4.86205 65.0365 
v -0.500205 4.94233 64.4493 
v -1.12948 4.85313 65.048 
v -1.12948 4.85313 65.048 
v -0.500205 4.94233 64.4493 
v -1.11653 4.84763 65.0606 
v -1.03535 4.96118 65.1389 
v -1.17076 4.96118 65.0082 
v -1.17209 4.94234 65.0069 
v -1.03928 4.97929 65.1352 
v -1.03402 4.94234 65.1402 
v -1.16683 4.97929 65.012 
v -1.03535 4.9235 65.1389 
v -1.04566 4.99599 65.129 
v -1.17076 4.9235 65.0082 
v -1.16045 4.99599 65.0181 
v -1.03928 4.90539 65.1352 
v -1.15187 5.01062 65.0264 
v -1.16683 4.90539 65.012 
v -1.05424 5.01062 65.1207 
v -1.16046 4.88869 65.0181 
v -1.14141 5.02263 65.0365 
v -1.04566 4.88869 65.129 
v -1.0647 5.02263 65.1106 
v -1.05424 4.87406 65.1207 
v -1.07664 5.03155 65.0991 
v -1.15187 4.87406 65.0264 
v -1.12947 5.03155 65.048 
v -1.14141 4.86205 65.0365 
v -1.08959 5.03705 65.0866 
v -1.11652 5.03705 65.0606 
v -1.10306 5.0389 65.0736 
v -1.06471 4.86205 65.1106 
v -1.07664 4.85313 65.0991 
v -1.12948 4.85313 65.048 
v -1.11653 4.84763 65.0606 
v -1.08959 4.84763 65.0866 
v -1.10306 4.84578 65.0736 
v -1.03928 4.97929 65.1352 
v -1.03402 4.94234 65.1402 
v -1.03535 4.9235 65.1389 
v -1.04566 4.99599 65.129 
v -1.04566 4.88869 65.129 
v -1.0647 5.02263 65.1106 
v -1.05424 4.87406 65.1207 
v -1.08959 5.03705 65.0866 
v -0.500205 4.94233 64.4493 
v -1.05424 4.87406 65.1207 
v -0.500205 4.94233 64.4493 
v -1.04566 4.88869 65.129 
v -1.04566 4.88869 65.129 
v -0.500205 4.94233 64.4493 
v -1.03928 4.90539 65.1352 
v -1.03928 4.90539 65.1352 
v -0.500205 4.94233 64.4493 
v -1.03535 4.9235 65.1389 
v -1.03535 4.9235 65.1389 
v -0.500205 4.94233 64.4493 
v -1.03402 4.94234 65.1402 
v -1.03402 4.94234 65.1402 
v -0.500205 4.94233 64.4493 
v -1.03535 4.96118 65.1389 
v -1.03535 4.96118 65.1389 
v -0.500205 4.94233 64.4493 
v -1.03928 4.97929 65.1352 
v -1.03928 4.97929 65.1352 
v -0.500205 4.94233 64.4493 
v -1.04566 4.99599 65.129 
v -1.04566 4.99599 65.129 
v -0.500205 4.94233 64.4493 
v -1.05424 5.01062 65.1207 

vn -0.692913 0 0.716535 
vn -0.692913 0 0.716535 
vn -0.692913 0 0.716535 
vn -0.692913 0 0.716535 
vn -0.692913 0 0.716535 
vn -0.692913 0 0.716535 
vn 0.00787402 -0.992126 -0.149606 
vn 0.535433 0.76378 0.362205 
vn 0.535433 0.76378 0.362205 
vn 0.535433 0.76378 0.362205 
vn 0.417323 0.874016 0.251969 
vn 0.417323 0.874016 0.251969 
vn 0.417323 0.874016 0.251969 
vn 0.283465 0.952756 0.125984 
vn 0.283465 0.952756 0.125984 
vn 0.283465 0.952756 0.125984 
vn 0.149606 0.992126 -0.00787402 
vn 0.149606 0.992126 -0.00787402 
vn 0.149606 0.992126 -0.00787402 
vn 0.00787402 0.992126 -0.149606 
vn 0.00787402 0.992126 -0.149606 
vn 0.00787402 0.992126 -0.149606 
vn -0.133858 0.952756 -0.283465 
vn -0.133858 0.952756 -0.283465 
vn -0.133858 0.952756 -0.283465 
vn -0.259843 0.874016 -0.409449 
vn -0.259843 0.874016 -0.409449 
vn -0.259843 0.874016 -0.409449 
vn -0.377953 0.76378 -0.519685 
vn -0.377953 0.76378 -0.519685 
vn -0.377953 0.76378 -0.519685 
vn -0.692913 0 0.716535 
vn -0.692913 0 0.716535 
vn -0.692913 0 0.716535 
vn -0.692913 0 0.716535 
vn -0.692913 0 0.716535 
vn -0.692913 0 0.716535 
vn -0.692913 0 0.716535 
vn 0.00787402 -0.992126 -0.149606 
vn -0.637795 -0.0944882 -0.76378 
vn -0.637795 -0.0944882 -0.76378 
vn -0.637795 -0.0944882 -0.76378 
vn -0.606299 -0.283465 -0.740157 
vn -0.606299 -0.283465 -0.740157 
vn -0.606299 -0.283465 -0.740157 
vn -0.559055 -0.464567 -0.685039 
vn -0.559055 -0.464567 -0.685039 
vn -0.559055 -0.464567 -0.685039 
vn -0.480315 -0.629921 -0.614173 
vn -0.480315 -0.629921 -0.614173 
vn -0.480315 -0.629921 -0.614173 
vn -0.480315 0.629921 -0.614173 
vn -0.480315 0.629921 -0.614173 
vn -0.480315 0.629921 -0.614173 
vn -0.559055 0.464567 -0.685039 
vn -0.559055 0.464567 -0.685039 
vn -0.559055 0.464567 -0.685039 
vn -0.606299 0.283465 -0.740157 
vn -0.606299 0.283465 -0.740157 
vn -0.606299 0.283465 -0.740157 
vn -0.637795 0.0944882 -0.76378 
vn -0.637795 0.0944882 -0.76378 
vn -0.637795 0.0944882 -0.76378 
vn -0.692913 0 0.716535 
vn -0.692913 0 0.716535 
vn -0.692913 0 0.716535 
vn -0.692913 0 0.716535 
vn -0.692913 0 0.716535 
vn -0.692913 0 0.716535 
vn -0.692913 0 0.716535 
vn -0.692913 0 0.716535 
vn 0.00787402 -0.992126 -0.149606 
vn 0.00787402 -0.992126 -0.149606 
vn 0.00787402 -0.992126 -0.149606 
vn 0.149606 -0.992126 -0.00787402 
vn 0.149606 -0.992126 -0.00787402 
vn 0.149606 -0.992126 -0.00787402 
vn 0.283465 -0.952756 0.125984 
vn 0.283465 -0.952756 0.125984 
vn 0.283465 -0.952756 0.125984 
vn 0.417323 -0.874016 0.251969 
vn 0.417323 -0.874016 0.251969 
vn 0.417323 -0.874016 0.251969 
vn 0.535433 -0.76378 0.362205 
vn 0.535433 -0.76378 0.362205 
vn 0.535433 -0.76378 0.362205 
vn -0.377953 -0.76378 -0.519685 
vn -0.377953 -0.76378 -0.519685 
vn -0.377953 -0.76378 -0.519685 
vn -0.259843 -0.874016 -0.409449 
vn -0.259843 -0.874016 -0.409449 
vn -0.259843 -0.874016 -0.409449 
vn -0.133858 -0.952756 -0.283465 
vn -0.133858 -0.952756 -0.283465 
vn -0.133858 -0.952756 -0.283465 
vn -0.692913 0 0.716535 
vn -0.692913 0 0.716535 
vn -0.692913 0 0.716535 
vn -0.692913 0 0.716535 
vn -0.692913 0 0.716535 
vn -0.692913 0 0.716535 
vn -0.692913 0 0.716535 
vn -0.692913 0 0.716535 
vn -0.692913 0 0.716535 
vn -0.692913 0 0.716535 
vn -0.692913 0 0.716535 
vn -0.692913 0 0.716535 
vn -0.692913 0 0.716535 
vn -0.692913 0 0.716535 
vn -0.692913 0 0.716535 
vn -0.692913 0 0.716535 
vn -0.692913 0 0.716535 
vn -0.692913 0 0.716535 
vn -0.692913 0 0.716535 
vn -0.692913 0 0.716535 
vn -0.692913 0 0.716535 
vn -0.692913 0 0.716535 
vn -0.692913 0 0.716535 
vn -0.692913 0 0.716535 
vn -0.692913 0 0.716535 
vn -0.692913 0 0.716535 
vn -0.692913 0 0.716535 
vn -0.692913 0 0.716535 
vn -0.692913 0 0.716535 
vn -0.692913 0 0.716535 
vn -0.692913 0 0.716535 
vn -0.692913 0 0.716535 
vn -0.692913 0 0.716535 
vn -0.692913 0 0.716535 
vn -0.692913 0 0.716535 
vn -0.692913 0 0.716535 
vn -0.692913 0 0.716535 
vn -0.692913 0 0.716535 
vn -0.692913 0 0.716535 
vn -0.692913 0 0.716535 
vn 0.00787402 -0.992126 -0.149606 
vn 0.629921 -0.629921 0.456693 
vn 0.629921 -0.629921 0.456693 
vn 0.629921 -0.629921 0.456693 
vn 0.708661 -0.464567 0.527559 
vn 0.708661 -0.464567 0.527559 
vn 0.708661 -0.464567 0.527559 
vn 0.76378 -0.283465 0.582677 
vn 0.76378 -0.283465 0.582677 
vn 0.76378 -0.283465 0.582677 
vn 0.787402 -0.0944882 0.606299 
vn 0.787402 -0.0944882 0.606299 
vn 0.787402 -0.0944882 0.606299 
vn 0.787402 0.0944882 0.606299 
vn 0.787402 0.0944882 0.606299 
vn 0.787402 0.0944882 0.606299 
vn 0.76378 0.283465 0.582677 
vn 0.76378 0.283465 0.582677 
vn 0.76378 0.283465 0.582677 
vn 0.708661 0.464567 0.527559 
vn 0.708661 0.464567 0.527559 
vn 0.708661 0.464567 0.527559 
vn 0.629921 0.629921 0.456693 
vn 0.629921 0.629921 0.456693 
vn 0.629921 0.629921 0.456693 

vt -0.334036 1.11174 
vt -0.352493 1.11174 
vt -0.337346 1.11174 
vt -0.348601 1.11174 
vt -0.34167 1.11174 
vt -0.344011 1.11174 
vt -0.344011 1.22022 
vt -0.335528 1.11174 
vt -0.344011 1.22022 
vt -0.337346 1.11174 
vt -0.337346 1.11174 
vt -0.344011 1.22022 
vt -0.33942 1.11174 
vt -0.33942 1.11174 
vt -0.344011 1.22022 
vt -0.34167 1.11174 
vt -0.34167 1.11174 
vt -0.344011 1.22022 
vt -0.344011 1.11174 
vt -0.344011 1.11174 
vt -0.344011 1.22022 
vt -0.346351 1.11174 
vt -0.346351 1.11174 
vt -0.344011 1.22022 
vt -0.348601 1.11174 
vt -0.348601 1.11174 
vt -0.344011 1.22022 
vt -0.350675 1.11174 
vt -0.350675 1.11174 
vt -0.344011 1.22022 
vt -0.352493 1.11174 
vt -0.344011 1.11174 
vt -0.339391 1.11174 
vt -0.346365 1.11174 
vt -0.335475 1.11174 
vt -0.34863 1.11174 
vt -0.350717 1.11174 
vt -0.354047 1.11174 
vt -0.344011 1.22022 
vt -0.344011 1.11174 
vt -0.344011 1.22022 
vt -0.346365 1.11174 
vt -0.346365 1.11174 
vt -0.344011 1.22022 
vt -0.34863 1.11174 
vt -0.34863 1.11174 
vt -0.344011 1.22022 
vt -0.350717 1.11174 
vt -0.350717 1.11174 
vt -0.344011 1.22022 
vt -0.352546 1.11174 
vt -0.335475 1.11174 
vt -0.344011 1.22022 
vt -0.337305 1.11174 
vt -0.337305 1.11174 
vt -0.344011 1.22022 
vt -0.339391 1.11174 
vt -0.339391 1.11174 
vt -0.344011 1.22022 
vt -0.341656 1.11174 
vt -0.341656 1.11174 
vt -0.344011 1.22022 
vt -0.344011 1.11174 
vt -0.332928 1.11174 
vt -0.334036 1.11174 
vt -0.352493 1.11174 
vt -0.337346 1.11174 
vt -0.348601 1.11174 
vt -0.33942 1.11174 
vt -0.346351 1.11174 
vt -0.344011 1.11174 
vt -0.34167 1.11174 
vt -0.344011 1.22022 
vt -0.344011 1.11174 
vt -0.344011 1.11174 
vt -0.344011 1.22022 
vt -0.346351 1.11174 
vt -0.346351 1.11174 
vt -0.344011 1.22022 
vt -0.348601 1.11174 
vt -0.348601 1.11174 
vt -0.344011 1.22022 
vt -0.350675 1.11174 
vt -0.350675 1.11174 
vt -0.344011 1.22022 
vt -0.352493 1.11174 
vt -0.335528 1.11174 
vt -0.344011 1.22022 
vt -0.337346 1.11174 
vt -0.337346 1.11174 
vt -0.344011 1.22022 
vt -0.33942 1.11174 
vt -0.33942 1.11174 
vt -0.344011 1.22022 
vt -0.34167 1.11174 
vt -0.341656 1.15421 
vt -0.341656 1.17774 
vt -0.344011 1.17797 
vt -0.339391 1.15489 
vt -0.344011 1.15398 
vt -0.339391 1.17706 
vt -0.346365 1.15421 
vt -0.337305 1.156 
vt -0.346365 1.17774 
vt -0.337305 1.17595 
vt -0.34863 1.15489 
vt -0.335475 1.17446 
vt -0.34863 1.17706 
vt -0.335475 1.1575 
vt -0.350717 1.17595 
vt -0.333974 1.17264 
vt -0.350717 1.156 
vt -0.333974 1.15931 
vt -0.352546 1.1575 
vt -0.332859 1.16139 
vt -0.352546 1.17446 
vt -0.332859 1.17057 
vt -0.354047 1.17264 
vt -0.332172 1.16364 
vt -0.332172 1.16832 
vt -0.33194 1.16598 
vt -0.354047 1.15931 
vt -0.355162 1.16139 
vt -0.355162 1.17057 
vt -0.355849 1.16832 
vt -0.355849 1.16364 
vt -0.356081 1.16598 
vt -0.34863 1.11174 
vt -0.344011 1.11174 
vt -0.341656 1.11174 
vt -0.350717 1.11174 
vt -0.337305 1.11174 
vt -0.354047 1.11174 
vt -0.335475 1.11174 
vt -0.355849 1.11174 
vt -0.344011 1.22022 
vt -0.335475 1.11174 
vt -0.344011 1.22022 
vt -0.337305 1.11174 
vt -0.337305 1.11174 
vt -0.344011 1.22022 
vt -0.339391 1.11174 
vt -0.339391 1.11174 
vt -0.344011 1.22022 
vt -0.341656 1.11174 
vt -0.341656 1.11174 
vt -0.344011 1.22022 
vt -0.344011 1.11174 
vt -0.344011 1.11174 
vt -0.344011 1.22022 
vt -0.346365 1.11174 
vt -0.346365 1.11174 
vt -0.344011 1.22022 
vt -0.34863 1.11174 
vt -0.34863 1.11174 
vt -0.344011 1.22022 
vt -0.350717 1.11174 
vt -0.350717 1.11174 
vt -0.344011 1.22022 
vt -0.352546 1.11174 

usemtl Spike11Mtl

f 2130/2130/2130 2131/2131/2131 2132/2132/2132 
f 2133/2133/2133 2134/2134/2134 2135/2135/2135 
f 2136/2136/2136 2137/2137/2137 2138/2138/2138 
f 2139/2139/2139 2140/2140/2140 2141/2141/2141 
f 2142/2142/2142 2143/2143/2143 2144/2144/2144 
f 2145/2145/2145 2146/2146/2146 2147/2147/2147 
f 2148/2148/2148 2149/2149/2149 2150/2150/2150 
f 2151/2151/2151 2152/2152/2152 2153/2153/2153 
f 2162/2162/2162 2163/2163/2163 2164/2164/2164 
f 2165/2165/2165 2166/2166/2166 2167/2167/2167 
f 2168/2168/2168 2169/2169/2169 2170/2170/2170 
f 2171/2171/2171 2172/2172/2172 2173/2173/2173 
f 2174/2174/2174 2175/2175/2175 2176/2176/2176 
f 2177/2177/2177 2178/2178/2178 2179/2179/2179 
f 2180/2180/2180 2181/2181/2181 2182/2182/2182 
f 2183/2183/2183 2184/2184/2184 2185/2185/2185 
f 2194/2194/2194 2195/2195/2195 2196/2196/2196 
f 2197/2197/2197 2198/2198/2198 2199/2199/2199 
f 2200/2200/2200 2201/2201/2201 2202/2202/2202 
f 2203/2203/2203 2204/2204/2204 2205/2205/2205 
f 2206/2206/2206 2207/2207/2207 2208/2208/2208 
f 2209/2209/2209 2210/2210/2210 2211/2211/2211 
f 2212/2212/2212 2213/2213/2213 2214/2214/2214 
f 2215/2215/2215 2216/2216/2216 2217/2217/2217 
f 2218/2218/2218 2219/2219/2219 2220/2220/2220 
f 2221/2221/2221 2219/2219/2219 2218/2218/2218 
f 2218/2218/2218 2220/2220/2220 2222/2222/2222 
f 2219/2219/2219 2221/2221/2221 2223/2223/2223 
f 2222/2222/2222 2220/2220/2220 2224/2224/2224 
f 2225/2225/2225 2223/2223/2223 2221/2221/2221 
f 2226/2226/2226 2224/2224/2224 2220/2220/2220 
f 2225/2225/2225 2227/2227/2227 2223/2223/2223 
f 2226/2226/2226 2228/2228/2228 2224/2224/2224 
f 2227/2227/2227 2225/2225/2225 2229/2229/2229 
f 2228/2228/2228 2226/2226/2226 2230/2230/2230 
f 2231/2231/2231 2229/2229/2229 2225/2225/2225 
f 2232/2232/2232 2228/2228/2228 2230/2230/2230 
f 2229/2229/2229 2231/2231/2231 2233/2233/2233 
f 2228/2228/2228 2232/2232/2232 2234/2234/2234 
f 2235/2235/2235 2233/2233/2233 2231/2231/2231 
f 2234/2234/2234 2232/2232/2232 2236/2236/2236 
f 2237/2237/2237 2233/2233/2233 2235/2235/2235 
f 2238/2238/2238 2236/2236/2236 2232/2232/2232 
f 2233/2233/2233 2237/2237/2237 2239/2239/2239 
f 2240/2240/2240 2236/2236/2236 2238/2238/2238 
f 2241/2241/2241 2239/2239/2239 2237/2237/2237 
f 2239/2239/2239 2241/2241/2241 2242/2242/2242 
f 2242/2242/2242 2241/2241/2241 2243/2243/2243 
f 2236/2236/2236 2240/2240/2240 2244/2244/2244 
f 2244/2244/2244 2240/2240/2240 2245/2245/2245 
f 2245/2245/2245 2240/2240/2240 2246/2246/2246 
f 2245/2245/2245 2246/2246/2246 2247/2247/2247 
f 2247/2247/2247 2248/2248/2248 2245/2245/2245 
f 2248/2248/2248 2247/2247/2247 2249/2249/2249 
f 2259/2259/2259 2260/2260/2260 2261/2261/2261 
f 2262/2262/2262 2263/2263/2263 2264/2264/2264 
f 2265/2265/2265 2266/2266/2266 2267/2267/2267 
f 2268/2268/2268 2269/2269/2269 2270/2270/2270 
f 2271/2271/2271 2272/2272/2272 2273/2273/2273 
f 2274/2274/2274 2275/2275/2275 2276/2276/2276 
f 2277/2277/2277 2278/2278/2278 2279/2279/2279 
f 2280/2280/2280 2281/2281/2281 2282/2282/2282 

g Spike12

v -1.09855 3.89599 65.4561 
v -1.01176 3.91062 65.3367 
v -1.08299 3.92263 65.4347 
v -1.03006 3.93155 65.3619 
v -1.06265 3.93705 65.4067 
v -1.05165 3.9389 65.3916 
v -0.349574 3.84233 65.9017 
v -1.09154 3.91062 65.4465 
v -0.349574 3.84233 65.9017 
v -1.08299 3.92263 65.4347 
v -1.08299 3.92263 65.4347 
v -0.349574 3.84233 65.9017 
v -1.07324 3.93155 65.4213 
v -1.07324 3.93155 65.4213 
v -0.349574 3.84233 65.9017 
v -1.06265 3.93705 65.4067 
v -1.06265 3.93705 65.4067 
v -0.349574 3.84233 65.9017 
v -1.05165 3.9389 65.3916 
v -1.05165 3.9389 65.3916 
v -0.349574 3.84233 65.9017 
v -1.04064 3.93705 65.3764 
v -1.04064 3.93705 65.3764 
v -0.349574 3.84233 65.9017 
v -1.03006 3.93155 65.3619 
v -1.03006 3.93155 65.3619 
v -0.349574 3.84233 65.9017 
v -1.02031 3.92263 65.3484 
v -1.02031 3.92263 65.3484 
v -0.349574 3.84233 65.9017 
v -1.01176 3.91062 65.3367 
v -0.995241 3.84234 65.3139 
v -0.999534 3.87929 65.3198 
v -0.996325 3.8235 65.3154 
v -1.01176 3.91062 65.3367 
v -0.999535 3.80538 65.3198 
v -1.00475 3.78869 65.327 
v -1.02031 3.76205 65.3484 
v -0.349574 3.84233 65.9017 
v -0.995241 3.84234 65.3139 
v -0.349574 3.84233 65.9017 
v -0.996325 3.8235 65.3154 
v -0.996325 3.8235 65.3154 
v -0.349574 3.84233 65.9017 
v -0.999535 3.80538 65.3198 
v -0.999535 3.80538 65.3198 
v -0.349574 3.84233 65.9017 
v -1.00475 3.78869 65.327 
v -1.00475 3.78869 65.327 
v -0.349574 3.84233 65.9017 
v -1.01176 3.77406 65.3367 
v -1.01176 3.91062 65.3367 
v -0.349574 3.84233 65.9017 
v -1.00475 3.89599 65.327 
v -1.00475 3.89599 65.327 
v -0.349574 3.84233 65.9017 
v -0.999534 3.87929 65.3198 
v -0.999534 3.87929 65.3198 
v -0.349574 3.84233 65.9017 
v -0.996324 3.86118 65.3154 
v -0.996324 3.86118 65.3154 
v -0.349574 3.84233 65.9017 
v -0.995241 3.84234 65.3139 
v -0.999535 3.80538 65.3198 
v -1.00475 3.78869 65.327 
v -1.09154 3.77406 65.4465 
v -1.02031 3.76205 65.3484 
v -1.07324 3.75313 65.4213 
v -1.03006 3.75312 65.3619 
v -1.06266 3.74763 65.4067 
v -1.05165 3.74577 65.3916 
v -1.04065 3.74763 65.3764 
v -0.349574 3.84233 65.9017 
v -1.05165 3.74577 65.3916 
v -1.05165 3.74577 65.3916 
v -0.349574 3.84233 65.9017 
v -1.06266 3.74763 65.4067 
v -1.06266 3.74763 65.4067 
v -0.349574 3.84233 65.9017 
v -1.07324 3.75313 65.4213 
v -1.07324 3.75313 65.4213 
v -0.349574 3.84233 65.9017 
v -1.08299 3.76205 65.4347 
v -1.08299 3.76205 65.4347 
v -0.349574 3.84233 65.9017 
v -1.09154 3.77406 65.4465 
v -1.01176 3.77406 65.3367 
v -0.349574 3.84233 65.9017 
v -1.02031 3.76205 65.3484 
v -1.02031 3.76205 65.3484 
v -0.349574 3.84233 65.9017 
v -1.03006 3.75312 65.3619 
v -1.03006 3.75312 65.3619 
v -0.349574 3.84233 65.9017 
v -1.04065 3.74763 65.3764 
v -1.10698 3.86118 65.4677 
v -0.996324 3.86118 65.3154 
v -0.995241 3.84234 65.3139 
v -1.10377 3.87929 65.4633 
v -1.10806 3.84234 65.4692 
v -0.999534 3.87929 65.3198 
v -1.10698 3.8235 65.4677 
v -1.09855 3.89599 65.4561 
v -0.996325 3.8235 65.3154 
v -1.00475 3.89599 65.327 
v -1.10377 3.80539 65.4633 
v -1.01176 3.91062 65.3367 
v -0.999535 3.80538 65.3198 
v -1.09154 3.91062 65.4465 
v -1.00475 3.78869 65.327 
v -1.02031 3.92263 65.3484 
v -1.09855 3.78869 65.4561 
v -1.08299 3.92263 65.4347 
v -1.09154 3.77406 65.4465 
v -1.07324 3.93155 65.4213 
v -1.01176 3.77406 65.3367 
v -1.03006 3.93155 65.3619 
v -1.02031 3.76205 65.3484 
v -1.06265 3.93705 65.4067 
v -1.04064 3.93705 65.3764 
v -1.05165 3.9389 65.3916 
v -1.08299 3.76205 65.4347 
v -1.07324 3.75313 65.4213 
v -1.03006 3.75312 65.3619 
v -1.04065 3.74763 65.3764 
v -1.06266 3.74763 65.4067 
v -1.05165 3.74577 65.3916 
v -1.10377 3.87929 65.4633 
v -1.10806 3.84234 65.4692 
v -1.10698 3.8235 65.4677 
v -1.09855 3.89599 65.4561 
v -1.09855 3.78869 65.4561 
v -1.08299 3.92263 65.4347 
v -1.09154 3.77406 65.4465 
v -1.06265 3.93705 65.4067 
v -0.349574 3.84233 65.9017 
v -1.09154 3.77406 65.4465 
v -0.349574 3.84233 65.9017 
v -1.09855 3.78869 65.4561 
v -1.09855 3.78869 65.4561 
v -0.349574 3.84233 65.9017 
v -1.10377 3.80539 65.4633 
v -1.10377 3.80539 65.4633 
v -0.349574 3.84233 65.9017 
v -1.10698 3.8235 65.4677 
v -1.10698 3.8235 65.4677 
v -0.349574 3.84233 65.9017 
v -1.10806 3.84234 65.4692 
v -1.10806 3.84234 65.4692 
v -0.349574 3.84233 65.9017 
v -1.10698 3.86118 65.4677 
v -1.10698 3.86118 65.4677 
v -0.349574 3.84233 65.9017 
v -1.10377 3.87929 65.4633 
v -1.10377 3.87929 65.4633 
v -0.349574 3.84233 65.9017 
v -1.09855 3.89599 65.4561 
v -1.09855 3.89599 65.4561 
v -0.349574 3.84233 65.9017 
v -1.09154 3.91062 65.4465 

vn -0.811024 0 -0.590551 
vn -0.811024 0 -0.590551 
vn -0.811024 0 -0.590551 
vn -0.811024 0 -0.590551 
vn -0.811024 0 -0.590551 
vn -0.811024 0 -0.590551 
vn 0.149606 -0.992126 -0.015748 
vn -0.283465 0.76378 0.574803 
vn -0.283465 0.76378 0.574803 
vn -0.283465 0.76378 0.574803 
vn -0.188976 0.874016 0.448819 
vn -0.188976 0.874016 0.448819 
vn -0.188976 0.874016 0.448819 
vn -0.0787402 0.952756 0.299213 
vn -0.0787402 0.952756 0.299213 
vn -0.0787402 0.952756 0.299213 
vn 0.0314961 0.992126 0.141732 
vn 0.0314961 0.992126 0.141732 
vn 0.0314961 0.992126 0.141732 
vn 0.149606 0.992126 -0.015748 
vn 0.149606 0.992126 -0.015748 
vn 0.149606 0.992126 -0.015748 
vn 0.259843 0.952756 -0.173228 
vn 0.259843 0.952756 -0.173228 
vn 0.259843 0.952756 -0.173228 
vn 0.362205 0.874016 -0.314961 
vn 0.362205 0.874016 -0.314961 
vn 0.362205 0.874016 -0.314961 
vn 0.464567 0.76378 -0.448819 
vn 0.464567 0.76378 -0.448819 
vn 0.464567 0.76378 -0.448819 
vn -0.811024 0 -0.590551 
vn -0.811024 0 -0.590551 
vn -0.811024 0 -0.590551 
vn -0.811024 0 -0.590551 
vn -0.811024 0 -0.590551 
vn -0.811024 0 -0.590551 
vn -0.811024 0 -0.590551 
vn 0.149606 -0.992126 -0.015748 
vn 0.669291 -0.0944882 -0.732283 
vn 0.669291 -0.0944882 -0.732283 
vn 0.669291 -0.0944882 -0.732283 
vn 0.645669 -0.283465 -0.708661 
vn 0.645669 -0.283465 -0.708661 
vn 0.645669 -0.283465 -0.708661 
vn 0.606299 -0.464567 -0.645669 
vn 0.606299 -0.464567 -0.645669 
vn 0.606299 -0.464567 -0.645669 
vn 0.543307 -0.629921 -0.559055 
vn 0.543307 -0.629921 -0.559055 
vn 0.543307 -0.629921 -0.559055 
vn 0.543307 0.629921 -0.559055 
vn 0.543307 0.629921 -0.559055 
vn 0.543307 0.629921 -0.559055 
vn 0.606299 0.464567 -0.645669 
vn 0.606299 0.464567 -0.645669 
vn 0.606299 0.464567 -0.645669 
vn 0.645669 0.283465 -0.708661 
vn 0.645669 0.283465 -0.708661 
vn 0.645669 0.283465 -0.708661 
vn 0.669291 0.0944882 -0.732283 
vn 0.669291 0.0944882 -0.732283 
vn 0.669291 0.0944882 -0.732283 
vn -0.811024 0 -0.590551 
vn -0.811024 0 -0.590551 
vn -0.811024 0 -0.590551 
vn -0.811024 0 -0.590551 
vn -0.811024 0 -0.590551 
vn -0.811024 0 -0.590551 
vn -0.811024 0 -0.590551 
vn -0.811024 0 -0.590551 
vn 0.149606 -0.992126 -0.015748 
vn 0.149606 -0.992126 -0.015748 
vn 0.149606 -0.992126 -0.015748 
vn 0.0314961 -0.992126 0.141732 
vn 0.0314961 -0.992126 0.141732 
vn 0.0314961 -0.992126 0.141732 
vn -0.0787402 -0.952756 0.299213 
vn -0.0787402 -0.952756 0.299213 
vn -0.0787402 -0.952756 0.299213 
vn -0.188976 -0.874016 0.448819 
vn -0.188976 -0.874016 0.448819 
vn -0.188976 -0.874016 0.448819 
vn -0.283465 -0.76378 0.574803 
vn -0.283465 -0.76378 0.574803 
vn -0.283465 -0.76378 0.574803 
vn 0.464567 -0.76378 -0.448819 
vn 0.464567 -0.76378 -0.448819 
vn 0.464567 -0.76378 -0.448819 
vn 0.362205 -0.874016 -0.314961 
vn 0.362205 -0.874016 -0.314961 
vn 0.362205 -0.874016 -0.314961 
vn 0.259843 -0.952756 -0.173228 
vn 0.259843 -0.952756 -0.173228 
vn 0.259843 -0.952756 -0.173228 
vn -0.811024 0 -0.590551 
vn -0.811024 0 -0.590551 
vn -0.811024 0 -0.590551 
vn -0.811024 0 -0.590551 
vn -0.811024 0 -0.590551 
vn -0.811024 0 -0.590551 
vn -0.811024 0 -0.590551 
vn -0.811024 0 -0.590551 
vn -0.811024 0 -0.590551 
vn -0.811024 0 -0.590551 
vn -0.811024 0 -0.590551 
vn -0.811024 0 -0.590551 
vn -0.811024 0 -0.590551 
vn -0.811024 0 -0.590551 
vn -0.811024 0 -0.590551 
vn -0.811024 0 -0.590551 
vn -0.811024 0 -0.590551 
vn -0.811024 0 -0.590551 
vn -0.811024 0 -0.590551 
vn -0.811024 0 -0.590551 
vn -0.811024 0 -0.590551 
vn -0.811024 0 -0.590551 
vn -0.811024 0 -0.590551 
vn -0.811024 0 -0.590551 
vn -0.811024 0 -0.590551 
vn -0.811024 0 -0.590551 
vn -0.811024 0 -0.590551 
vn -0.811024 0 -0.590551 
vn -0.811024 0 -0.590551 
vn -0.811024 0 -0.590551 
vn -0.811024 0 -0.590551 
vn -0.811024 0 -0.590551 
vn -0.811024 0 -0.590551 
vn -0.811024 0 -0.590551 
vn -0.811024 0 -0.590551 
vn -0.811024 0 -0.590551 
vn -0.811024 0 -0.590551 
vn -0.811024 0 -0.590551 
vn -0.811024 0 -0.590551 
vn -0.811024 0 -0.590551 
vn 0.149606 -0.992126 -0.015748 
vn -0.362205 -0.629921 0.685039 
vn -0.362205 -0.629921 0.685039 
vn -0.362205 -0.629921 0.685039 
vn -0.425197 -0.464567 0.771654 
vn -0.425197 -0.464567 0.771654 
vn -0.425197 -0.464567 0.771654 
vn -0.472441 -0.283465 0.834646 
vn -0.472441 -0.283465 0.834646 
vn -0.472441 -0.283465 0.834646 
vn -0.496063 -0.0944882 0.866142 
vn -0.496063 -0.0944882 0.866142 
vn -0.496063 -0.0944882 0.866142 
vn -0.496063 0.0944882 0.866142 
vn -0.496063 0.0944882 0.866142 
vn -0.496063 0.0944882 0.866142 
vn -0.472441 0.283465 0.834646 
vn -0.472441 0.283465 0.834646 
vn -0.472441 0.283465 0.834646 
vn -0.425197 0.464567 0.771654 
vn -0.425197 0.464567 0.771654 
vn -0.425197 0.464567 0.771654 
vn -0.362205 0.629921 0.685039 
vn -0.362205 0.629921 0.685039 
vn -0.362205 0.629921 0.685039 

vt -0.614112 0.686276 
vt -0.632569 0.686276 
vt -0.617422 0.686276 
vt -0.628677 0.686276 
vt -0.621746 0.686276 
vt -0.624086 0.686276 
vt -0.624086 0.794755 
vt -0.615604 0.686276 
vt -0.624086 0.794755 
vt -0.617422 0.686276 
vt -0.617422 0.686276 
vt -0.624086 0.794755 
vt -0.619496 0.686276 
vt -0.619496 0.686276 
vt -0.624086 0.794755 
vt -0.621746 0.686276 
vt -0.621746 0.686276 
vt -0.624086 0.794755 
vt -0.624086 0.686276 
vt -0.624086 0.686276 
vt -0.624086 0.794755 
vt -0.626427 0.686276 
vt -0.626427 0.686276 
vt -0.624086 0.794755 
vt -0.628677 0.686276 
vt -0.628677 0.686276 
vt -0.624086 0.794755 
vt -0.630751 0.686276 
vt -0.630751 0.686276 
vt -0.624086 0.794755 
vt -0.632569 0.686276 
vt -0.624086 0.686276 
vt -0.619467 0.686276 
vt -0.626441 0.686276 
vt -0.615551 0.686276 
vt -0.628706 0.686276 
vt -0.630792 0.686276 
vt -0.634123 0.686276 
vt -0.624086 0.794755 
vt -0.624086 0.686276 
vt -0.624086 0.794755 
vt -0.626441 0.686276 
vt -0.626441 0.686276 
vt -0.624086 0.794755 
vt -0.628706 0.686276 
vt -0.628706 0.686276 
vt -0.624086 0.794755 
vt -0.630792 0.686276 
vt -0.630792 0.686276 
vt -0.624086 0.794755 
vt -0.632622 0.686276 
vt -0.615551 0.686276 
vt -0.624086 0.794755 
vt -0.61738 0.686276 
vt -0.61738 0.686276 
vt -0.624086 0.794755 
vt -0.619467 0.686276 
vt -0.619467 0.686276 
vt -0.624086 0.794755 
vt -0.621732 0.686276 
vt -0.621732 0.686276 
vt -0.624086 0.794755 
vt -0.624086 0.686276 
vt -0.613004 0.686276 
vt -0.614112 0.686276 
vt -0.632569 0.686276 
vt -0.617422 0.686276 
vt -0.628677 0.686276 
vt -0.619496 0.686276 
vt -0.626427 0.686276 
vt -0.624086 0.686276 
vt -0.621746 0.686276 
vt -0.624086 0.794755 
vt -0.624086 0.686276 
vt -0.624086 0.686276 
vt -0.624086 0.794755 
vt -0.626427 0.686276 
vt -0.626427 0.686276 
vt -0.624086 0.794755 
vt -0.628677 0.686276 
vt -0.628677 0.686276 
vt -0.624086 0.794755 
vt -0.630751 0.686276 
vt -0.630751 0.686276 
vt -0.624086 0.794755 
vt -0.632569 0.686276 
vt -0.615604 0.686276 
vt -0.624086 0.794755 
vt -0.617422 0.686276 
vt -0.617422 0.686276 
vt -0.624086 0.794755 
vt -0.619496 0.686276 
vt -0.619496 0.686276 
vt -0.624086 0.794755 
vt -0.621746 0.686276 
vt -0.621732 0.72875 
vt -0.621732 0.752281 
vt -0.624086 0.752512 
vt -0.619467 0.729433 
vt -0.624086 0.72852 
vt -0.619467 0.751598 
vt -0.626441 0.72875 
vt -0.61738 0.730541 
vt -0.626441 0.752281 
vt -0.61738 0.75049 
vt -0.628706 0.729433 
vt -0.615551 0.748998 
vt -0.628706 0.751598 
vt -0.615551 0.732033 
vt -0.630792 0.75049 
vt -0.61405 0.74718 
vt -0.630792 0.730541 
vt -0.61405 0.733851 
vt -0.632622 0.732033 
vt -0.612935 0.735925 
vt -0.632622 0.748998 
vt -0.612935 0.745106 
vt -0.634123 0.74718 
vt -0.612248 0.738175 
vt -0.612248 0.742856 
vt -0.612016 0.740516 
vt -0.634123 0.733851 
vt -0.635238 0.735925 
vt -0.635238 0.745106 
vt -0.635925 0.742856 
vt -0.635925 0.738175 
vt -0.636157 0.740516 
vt -0.628706 0.686276 
vt -0.624086 0.686276 
vt -0.621732 0.686276 
vt -0.630792 0.686276 
vt -0.61738 0.686276 
vt -0.634123 0.686276 
vt -0.615551 0.686276 
vt -0.635925 0.686276 
vt -0.624086 0.794755 
vt -0.615551 0.686276 
vt -0.624086 0.794755 
vt -0.61738 0.686276 
vt -0.61738 0.686276 
vt -0.624086 0.794755 
vt -0.619467 0.686276 
vt -0.619467 0.686276 
vt -0.624086 0.794755 
vt -0.621732 0.686276 
vt -0.621732 0.686276 
vt -0.624086 0.794755 
vt -0.624086 0.686276 
vt -0.624086 0.686276 
vt -0.624086 0.794755 
vt -0.626441 0.686276 
vt -0.626441 0.686276 
vt -0.624086 0.794755 
vt -0.628706 0.686276 
vt -0.628706 0.686276 
vt -0.624086 0.794755 
vt -0.630792 0.686276 
vt -0.630792 0.686276 
vt -0.624086 0.794755 
vt -0.632622 0.686276 

usemtl Spike11Mtl

f 2290/2290/2290 2291/2291/2291 2292/2292/2292 
f 2293/2293/2293 2294/2294/2294 2295/2295/2295 
f 2296/2296/2296 2297/2297/2297 2298/2298/2298 
f 2299/2299/2299 2300/2300/2300 2301/2301/2301 
f 2302/2302/2302 2303/2303/2303 2304/2304/2304 
f 2305/2305/2305 2306/2306/2306 2307/2307/2307 
f 2308/2308/2308 2309/2309/2309 2310/2310/2310 
f 2311/2311/2311 2312/2312/2312 2313/2313/2313 
f 2322/2322/2322 2323/2323/2323 2324/2324/2324 
f 2325/2325/2325 2326/2326/2326 2327/2327/2327 
f 2328/2328/2328 2329/2329/2329 2330/2330/2330 
f 2331/2331/2331 2332/2332/2332 2333/2333/2333 
f 2334/2334/2334 2335/2335/2335 2336/2336/2336 
f 2337/2337/2337 2338/2338/2338 2339/2339/2339 
f 2340/2340/2340 2341/2341/2341 2342/2342/2342 
f 2343/2343/2343 2344/2344/2344 2345/2345/2345 
f 2354/2354/2354 2355/2355/2355 2356/2356/2356 
f 2357/2357/2357 2358/2358/2358 2359/2359/2359 
f 2360/2360/2360 2361/2361/2361 2362/2362/2362 
f 2363/2363/2363 2364/2364/2364 2365/2365/2365 
f 2366/2366/2366 2367/2367/2367 2368/2368/2368 
f 2369/2369/2369 2370/2370/2370 2371/2371/2371 
f 2372/2372/2372 2373/2373/2373 2374/2374/2374 
f 2375/2375/2375 2376/2376/2376 2377/2377/2377 
f 2378/2378/2378 2379/2379/2379 2380/2380/2380 
f 2381/2381/2381 2379/2379/2379 2378/2378/2378 
f 2378/2378/2378 2380/2380/2380 2382/2382/2382 
f 2379/2379/2379 2381/2381/2381 2383/2383/2383 
f 2382/2382/2382 2380/2380/2380 2384/2384/2384 
f 2385/2385/2385 2383/2383/2383 2381/2381/2381 
f 2386/2386/2386 2384/2384/2384 2380/2380/2380 
f 2385/2385/2385 2387/2387/2387 2383/2383/2383 
f 2386/2386/2386 2388/2388/2388 2384/2384/2384 
f 2387/2387/2387 2385/2385/2385 2389/2389/2389 
f 2388/2388/2388 2386/2386/2386 2390/2390/2390 
f 2391/2391/2391 2389/2389/2389 2385/2385/2385 
f 2392/2392/2392 2388/2388/2388 2390/2390/2390 
f 2389/2389/2389 2391/2391/2391 2393/2393/2393 
f 2388/2388/2388 2392/2392/2392 2394/2394/2394 
f 2395/2395/2395 2393/2393/2393 2391/2391/2391 
f 2394/2394/2394 2392/2392/2392 2396/2396/2396 
f 2397/2397/2397 2393/2393/2393 2395/2395/2395 
f 2398/2398/2398 2396/2396/2396 2392/2392/2392 
f 2393/2393/2393 2397/2397/2397 2399/2399/2399 
f 2400/2400/2400 2396/2396/2396 2398/2398/2398 
f 2401/2401/2401 2399/2399/2399 2397/2397/2397 
f 2399/2399/2399 2401/2401/2401 2402/2402/2402 
f 2402/2402/2402 2401/2401/2401 2403/2403/2403 
f 2396/2396/2396 2400/2400/2400 2404/2404/2404 
f 2404/2404/2404 2400/2400/2400 2405/2405/2405 
f 2405/2405/2405 2400/2400/2400 2406/2406/2406 
f 2405/2405/2405 2406/2406/2406 2407/2407/2407 
f 2407/2407/2407 2408/2408/2408 2405/2405/2405 
f 2408/2408/2408 2407/2407/2407 2409/2409/2409 
f 2419/2419/2419 2420/2420/2420 2421/2421/2421 
f 2422/2422/2422 2423/2423/2423 2424/2424/2424 
f 2425/2425/2425 2426/2426/2426 2427/2427/2427 
f 2428/2428/2428 2429/2429/2429 2430/2430/2430 
f 2431/2431/2431 2432/2432/2432 2433/2433/2433 
f 2434/2434/2434 2435/2435/2435 2436/2436/2436 
f 2437/2437/2437 2438/2438/2438 2439/2439/2439 
f 2440/2440/2440 2441/2441/2441 2442/2442/2442 

g Spike13

v -1.47621 4.99599 65.4136 
v -1.3631 5.01062 65.5085 
v -1.45593 5.02263 65.4307 
v -1.38695 5.03156 65.4885 
v -1.42943 5.03705 65.4529 
v -1.41509 5.03891 65.4649 
v -1.97293 4.94235 66.1297 
v -1.46707 5.01063 65.4213 
v -1.97293 4.94235 66.1297 
v -1.45593 5.02263 65.4307 
v -1.45593 5.02263 65.4307 
v -1.97293 4.94235 66.1297 
v -1.44322 5.03156 65.4413 
v -1.44322 5.03156 65.4413 
v -1.97293 4.94235 66.1297 
v -1.42943 5.03705 65.4529 
v -1.42943 5.03705 65.4529 
v -1.97293 4.94235 66.1297 
v -1.41509 5.03891 65.4649 
v -1.41509 5.03891 65.4649 
v -1.97293 4.94235 66.1297 
v -1.40075 5.03705 65.477 
v -1.40075 5.03705 65.477 
v -1.97293 4.94235 66.1297 
v -1.38695 5.03156 65.4885 
v -1.38695 5.03156 65.4885 
v -1.97293 4.94235 66.1297 
v -1.37424 5.02263 65.4992 
v -1.37424 5.02263 65.4992 
v -1.97293 4.94235 66.1297 
v -1.3631 5.01062 65.5085 
v -1.34157 4.94234 65.5266 
v -1.34717 4.9793 65.5219 
v -1.34299 4.9235 65.5254 
v -1.3631 5.01062 65.5085 
v -1.34717 4.90539 65.5219 
v -1.35396 4.8887 65.5162 
v -1.37425 4.86205 65.4992 
v -1.97293 4.94235 66.1297 
v -1.34157 4.94234 65.5266 
v -1.97293 4.94235 66.1297 
v -1.34299 4.9235 65.5254 
v -1.34299 4.9235 65.5254 
v -1.97293 4.94235 66.1297 
v -1.34717 4.90539 65.5219 
v -1.34717 4.90539 65.5219 
v -1.97293 4.94235 66.1297 
v -1.35396 4.8887 65.5162 
v -1.35396 4.8887 65.5162 
v -1.97293 4.94235 66.1297 
v -1.36311 4.87406 65.5085 
v -1.3631 5.01062 65.5085 
v -1.97293 4.94235 66.1297 
v -1.35396 4.99599 65.5162 
v -1.35396 4.99599 65.5162 
v -1.97293 4.94235 66.1297 
v -1.34717 4.9793 65.5219 
v -1.34717 4.9793 65.5219 
v -1.97293 4.94235 66.1297 
v -1.34299 4.96118 65.5254 
v -1.34299 4.96118 65.5254 
v -1.97293 4.94235 66.1297 
v -1.34157 4.94234 65.5266 
v -1.34717 4.90539 65.5219 
v -1.35396 4.8887 65.5162 
v -1.46707 4.87406 65.4213 
v -1.37425 4.86205 65.4992 
v -1.44322 4.85313 65.4413 
v -1.38696 4.85313 65.4885 
v -1.42943 4.84764 65.4529 
v -1.41509 4.84578 65.4649 
v -1.40075 4.84764 65.477 
v -1.97293 4.94235 66.1297 
v -1.41509 4.84578 65.4649 
v -1.41509 4.84578 65.4649 
v -1.97293 4.94235 66.1297 
v -1.42943 4.84764 65.4529 
v -1.42943 4.84764 65.4529 
v -1.97293 4.94235 66.1297 
v -1.44322 4.85313 65.4413 
v -1.44322 4.85313 65.4413 
v -1.97293 4.94235 66.1297 
v -1.45593 4.86205 65.4307 
v -1.45593 4.86205 65.4307 
v -1.97293 4.94235 66.1297 
v -1.46707 4.87406 65.4213 
v -1.36311 4.87406 65.5085 
v -1.97293 4.94235 66.1297 
v -1.37425 4.86205 65.4992 
v -1.37425 4.86205 65.4992 
v -1.97293 4.94235 66.1297 
v -1.38696 4.85313 65.4885 
v -1.38696 4.85313 65.4885 
v -1.97293 4.94235 66.1297 
v -1.40075 4.84764 65.477 
v -1.48719 4.96118 65.4044 
v -1.34299 4.96118 65.5254 
v -1.34157 4.94234 65.5266 
v -1.48301 4.9793 65.4079 
v -1.4886 4.94235 65.4032 
v -1.34717 4.9793 65.5219 
v -1.48719 4.92351 65.4044 
v -1.47621 4.99599 65.4136 
v -1.34299 4.9235 65.5254 
v -1.35396 4.99599 65.5162 
v -1.48301 4.90539 65.4079 
v -1.3631 5.01062 65.5085 
v -1.34717 4.90539 65.5219 
v -1.46707 5.01063 65.4213 
v -1.35396 4.8887 65.5162 
v -1.37424 5.02263 65.4992 
v -1.47621 4.8887 65.4136 
v -1.45593 5.02263 65.4307 
v -1.46707 4.87406 65.4213 
v -1.44322 5.03156 65.4413 
v -1.36311 4.87406 65.5085 
v -1.38695 5.03156 65.4885 
v -1.37425 4.86205 65.4992 
v -1.42943 5.03705 65.4529 
v -1.40075 5.03705 65.477 
v -1.41509 5.03891 65.4649 
v -1.45593 4.86205 65.4307 
v -1.44322 4.85313 65.4413 
v -1.38696 4.85313 65.4885 
v -1.40075 4.84764 65.477 
v -1.42943 4.84764 65.4529 
v -1.41509 4.84578 65.4649 
v -1.48301 4.9793 65.4079 
v -1.4886 4.94235 65.4032 
v -1.48719 4.92351 65.4044 
v -1.47621 4.99599 65.4136 
v -1.47621 4.8887 65.4136 
v -1.45593 5.02263 65.4307 
v -1.46707 4.87406 65.4213 
v -1.42943 5.03705 65.4529 
v -1.97293 4.94235 66.1297 
v -1.46707 4.87406 65.4213 
v -1.97293 4.94235 66.1297 
v -1.47621 4.8887 65.4136 
v -1.47621 4.8887 65.4136 
v -1.97293 4.94235 66.1297 
v -1.48301 4.90539 65.4079 
v -1.48301 4.90539 65.4079 
v -1.97293 4.94235 66.1297 
v -1.48719 4.92351 65.4044 
v -1.48719 4.92351 65.4044 
v -1.97293 4.94235 66.1297 
v -1.4886 4.94235 65.4032 
v -1.4886 4.94235 65.4032 
v -1.97293 4.94235 66.1297 
v -1.48719 4.96118 65.4044 
v -1.48719 4.96118 65.4044 
v -1.97293 4.94235 66.1297 
v -1.48301 4.9793 65.4079 
v -1.48301 4.9793 65.4079 
v -1.97293 4.94235 66.1297 
v -1.47621 4.99599 65.4136 
v -1.47621 4.99599 65.4136 
v -1.97293 4.94235 66.1297 
v -1.46707 5.01063 65.4213 

vn 0.645669 0 -0.76378 
vn 0.645669 0 -0.76378 
vn 0.645669 0 -0.76378 
vn 0.645669 0 -0.76378 
vn 0.645669 0 -0.76378 
vn 0.645669 0 -0.76378 
vn 0.00787402 -0.992126 0.149606 
vn -0.559055 0.76378 -0.322835 
vn -0.559055 0.76378 -0.322835 
vn -0.559055 0.76378 -0.322835 
vn -0.433071 0.874016 -0.220472 
vn -0.433071 0.874016 -0.220472 
vn -0.433071 0.874016 -0.220472 
vn -0.291339 0.952756 -0.102362 
vn -0.291339 0.952756 -0.102362 
vn -0.291339 0.952756 -0.102362 
vn -0.141732 0.992126 0.023622 
vn -0.141732 0.992126 0.023622 
vn -0.141732 0.992126 0.023622 
vn 0.00787402 0.992126 0.149606 
vn 0.00787402 0.992126 0.149606 
vn 0.00787402 0.992126 0.149606 
vn 0.149606 0.952756 0.267717 
vn 0.149606 0.952756 0.267717 
vn 0.149606 0.952756 0.267717 
vn 0.291339 0.874016 0.385827 
vn 0.291339 0.874016 0.385827 
vn 0.291339 0.874016 0.385827 
vn 0.417323 0.76378 0.488189 
vn 0.417323 0.76378 0.488189 
vn 0.417323 0.76378 0.488189 
vn 0.645669 0 -0.76378 
vn 0.645669 0 -0.76378 
vn 0.645669 0 -0.76378 
vn 0.645669 0 -0.76378 
vn 0.645669 0 -0.76378 
vn 0.645669 0 -0.76378 
vn 0.645669 0 -0.76378 
vn 0.00787402 -0.992126 0.149606 
vn 0.685039 -0.0944882 0.716535 
vn 0.685039 -0.0944882 0.716535 
vn 0.685039 -0.0944882 0.716535 
vn 0.661417 -0.283465 0.692913 
vn 0.661417 -0.283465 0.692913 
vn 0.661417 -0.283465 0.692913 
vn 0.598425 -0.464567 0.645669 
vn 0.598425 -0.464567 0.645669 
vn 0.598425 -0.464567 0.645669 
vn 0.519685 -0.629921 0.582677 
vn 0.519685 -0.629921 0.582677 
vn 0.519685 -0.629921 0.582677 
vn 0.519685 0.629921 0.582677 
vn 0.519685 0.629921 0.582677 
vn 0.519685 0.629921 0.582677 
vn 0.598425 0.464567 0.645669 
vn 0.598425 0.464567 0.645669 
vn 0.598425 0.464567 0.645669 
vn 0.661417 0.283465 0.692913 
vn 0.661417 0.283465 0.692913 
vn 0.661417 0.283465 0.692913 
vn 0.685039 0.0944882 0.716535 
vn 0.685039 0.0944882 0.716535 
vn 0.685039 0.0944882 0.716535 
vn 0.645669 0 -0.76378 
vn 0.645669 0 -0.76378 
vn 0.645669 0 -0.76378 
vn 0.645669 0 -0.76378 
vn 0.645669 0 -0.76378 
vn 0.645669 0 -0.76378 
vn 0.645669 0 -0.76378 
vn 0.645669 0 -0.76378 
vn 0.00787402 -0.992126 0.149606 
vn 0.00787402 -0.992126 0.149606 
vn 0.00787402 -0.992126 0.149606 
vn -0.141732 -0.992126 0.023622 
vn -0.141732 -0.992126 0.023622 
vn -0.141732 -0.992126 0.023622 
vn -0.291339 -0.952756 -0.102362 
vn -0.291339 -0.952756 -0.102362 
vn -0.291339 -0.952756 -0.102362 
vn -0.433071 -0.874016 -0.220472 
vn -0.433071 -0.874016 -0.220472 
vn -0.433071 -0.874016 -0.220472 
vn -0.559055 -0.76378 -0.322835 
vn -0.559055 -0.76378 -0.322835 
vn -0.559055 -0.76378 -0.322835 
vn 0.417323 -0.76378 0.488189 
vn 0.417323 -0.76378 0.488189 
vn 0.417323 -0.76378 0.488189 
vn 0.291339 -0.874016 0.385827 
vn 0.291339 -0.874016 0.385827 
vn 0.291339 -0.874016 0.385827 
vn 0.149606 -0.952756 0.267717 
vn 0.149606 -0.952756 0.267717 
vn 0.149606 -0.952756 0.267717 
vn 0.645669 0 -0.76378 
vn 0.645669 0 -0.76378 
vn 0.645669 0 -0.76378 
vn 0.645669 0 -0.76378 
vn 0.645669 0 -0.76378 
vn 0.645669 0 -0.76378 
vn 0.645669 0 -0.76378 
vn 0.645669 0 -0.76378 
vn 0.645669 0 -0.76378 
vn 0.645669 0 -0.76378 
vn 0.645669 0 -0.76378 
vn 0.645669 0 -0.76378 
vn 0.645669 0 -0.76378 
vn 0.645669 0 -0.76378 
vn 0.645669 0 -0.76378 
vn 0.645669 0 -0.76378 
vn 0.645669 0 -0.76378 
vn 0.645669 0 -0.76378 
vn 0.645669 0 -0.76378 
vn 0.645669 0 -0.76378 
vn 0.645669 0 -0.76378 
vn 0.645669 0 -0.76378 
vn 0.645669 0 -0.76378 
vn 0.645669 0 -0.76378 
vn 0.645669 0 -0.76378 
vn 0.645669 0 -0.76378 
vn 0.645669 0 -0.76378 
vn 0.645669 0 -0.76378 
vn 0.645669 0 -0.76378 
vn 0.645669 0 -0.76378 
vn 0.645669 0 -0.76378 
vn 0.645669 0 -0.76378 
vn 0.645669 0 -0.76378 
vn 0.645669 0 -0.76378 
vn 0.645669 0 -0.76378 
vn 0.645669 0 -0.76378 
vn 0.645669 0 -0.76378 
vn 0.645669 0 -0.76378 
vn 0.645669 0 -0.76378 
vn 0.645669 0 -0.76378 
vn 0.00787402 -0.992126 0.149606 
vn -0.661417 -0.629921 -0.409449 
vn -0.661417 -0.629921 -0.409449 
vn -0.661417 -0.629921 -0.409449 
vn -0.740157 -0.464567 -0.480315 
vn -0.740157 -0.464567 -0.480315 
vn -0.740157 -0.464567 -0.480315 
vn -0.80315 -0.283465 -0.527559 
vn -0.80315 -0.283465 -0.527559 
vn -0.80315 -0.283465 -0.527559 
vn -0.826772 -0.0944882 -0.551181 
vn -0.826772 -0.0944882 -0.551181 
vn -0.826772 -0.0944882 -0.551181 
vn -0.826772 0.0944882 -0.551181 
vn -0.826772 0.0944882 -0.551181 
vn -0.826772 0.0944882 -0.551181 
vn -0.80315 0.283465 -0.527559 
vn -0.80315 0.283465 -0.527559 
vn -0.80315 0.283465 -0.527559 
vn -0.740157 0.464567 -0.480315 
vn -0.740157 0.464567 -0.480315 
vn -0.740157 0.464567 -0.480315 
vn -0.661417 0.629921 -0.409449 
vn -0.661417 0.629921 -0.409449 
vn -0.661417 0.629921 -0.409449 

vt 0.51325 1.51138 
vt 0.494793 1.51138 
vt 0.50994 1.51138 
vt 0.498685 1.51138 
vt 0.505616 1.51138 
vt 0.503275 1.51138 
vt 0.503275 1.61986 
vt 0.511758 1.51138 
vt 0.503275 1.61986 
vt 0.50994 1.51138 
vt 0.50994 1.51138 
vt 0.503275 1.61986 
vt 0.507866 1.51138 
vt 0.507866 1.51138 
vt 0.503275 1.61986 
vt 0.505616 1.51138 
vt 0.505616 1.51138 
vt 0.503275 1.61986 
vt 0.503275 1.51138 
vt 0.503275 1.51138 
vt 0.503275 1.61986 
vt 0.500935 1.51138 
vt 0.500935 1.51138 
vt 0.503275 1.61986 
vt 0.498685 1.51138 
vt 0.498685 1.51138 
vt 0.503275 1.61986 
vt 0.496611 1.51138 
vt 0.496611 1.51138 
vt 0.503275 1.61986 
vt 0.494793 1.51138 
vt 0.503275 1.51138 
vt 0.507894 1.51138 
vt 0.50092 1.51138 
vt 0.51181 1.51138 
vt 0.498656 1.51138 
vt 0.496569 1.51138 
vt 0.493239 1.51138 
vt 0.503275 1.61986 
vt 0.503275 1.51138 
vt 0.503275 1.61986 
vt 0.50092 1.51138 
vt 0.50092 1.51138 
vt 0.503275 1.61986 
vt 0.498656 1.51138 
vt 0.498656 1.51138 
vt 0.503275 1.61986 
vt 0.496569 1.51138 
vt 0.496569 1.51138 
vt 0.503275 1.61986 
vt 0.49474 1.51138 
vt 0.51181 1.51138 
vt 0.503275 1.61986 
vt 0.509981 1.51138 
vt 0.509981 1.51138 
vt 0.503275 1.61986 
vt 0.507894 1.51138 
vt 0.507894 1.51138 
vt 0.503275 1.61986 
vt 0.50563 1.51138 
vt 0.50563 1.51138 
vt 0.503275 1.61986 
vt 0.503275 1.51138 
vt 0.514358 1.51138 
vt 0.51325 1.51138 
vt 0.494793 1.51138 
vt 0.50994 1.51138 
vt 0.498685 1.51138 
vt 0.507866 1.51138 
vt 0.500935 1.51138 
vt 0.503275 1.51138 
vt 0.505616 1.51138 
vt 0.503275 1.61986 
vt 0.503275 1.51138 
vt 0.503275 1.51138 
vt 0.503275 1.61986 
vt 0.500935 1.51138 
vt 0.500935 1.51138 
vt 0.503275 1.61986 
vt 0.498685 1.51138 
vt 0.498685 1.51138 
vt 0.503275 1.61986 
vt 0.496611 1.51138 
vt 0.496611 1.51138 
vt 0.503275 1.61986 
vt 0.494793 1.51138 
vt 0.511758 1.51138 
vt 0.503275 1.61986 
vt 0.50994 1.51138 
vt 0.50994 1.51138 
vt 0.503275 1.61986 
vt 0.507866 1.51138 
vt 0.507866 1.51138 
vt 0.503275 1.61986 
vt 0.505616 1.51138 
vt 0.50563 1.55385 
vt 0.50563 1.57738 
vt 0.503275 1.57761 
vt 0.507894 1.55453 
vt 0.503275 1.55362 
vt 0.507894 1.5767 
vt 0.50092 1.55385 
vt 0.509981 1.55564 
vt 0.50092 1.57738 
vt 0.509981 1.57559 
vt 0.498656 1.55453 
vt 0.51181 1.5741 
vt 0.498656 1.5767 
vt 0.51181 1.55713 
vt 0.496569 1.57559 
vt 0.513312 1.57228 
vt 0.496569 1.55564 
vt 0.513312 1.55895 
vt 0.49474 1.55713 
vt 0.514427 1.56103 
vt 0.49474 1.5741 
vt 0.514427 1.57021 
vt 0.493239 1.57228 
vt 0.515114 1.56328 
vt 0.515114 1.56796 
vt 0.515346 1.56562 
vt 0.493239 1.55895 
vt 0.492124 1.56103 
vt 0.492124 1.57021 
vt 0.491437 1.56796 
vt 0.491437 1.56328 
vt 0.491205 1.56562 
vt 0.498656 1.51138 
vt 0.503275 1.51138 
vt 0.50563 1.51138 
vt 0.496569 1.51138 
vt 0.509981 1.51138 
vt 0.493239 1.51138 
vt 0.51181 1.51138 
vt 0.491437 1.51138 
vt 0.503275 1.61986 
vt 0.51181 1.51138 
vt 0.503275 1.61986 
vt 0.509981 1.51138 
vt 0.509981 1.51138 
vt 0.503275 1.61986 
vt 0.507894 1.51138 
vt 0.507894 1.51138 
vt 0.503275 1.61986 
vt 0.50563 1.51138 
vt 0.50563 1.51138 
vt 0.503275 1.61986 
vt 0.503275 1.51138 
vt 0.503275 1.51138 
vt 0.503275 1.61986 
vt 0.50092 1.51138 
vt 0.50092 1.51138 
vt 0.503275 1.61986 
vt 0.498656 1.51138 
vt 0.498656 1.51138 
vt 0.503275 1.61986 
vt 0.496569 1.51138 
vt 0.496569 1.51138 
vt 0.503275 1.61986 
vt 0.49474 1.51138 

usemtl Spike11Mtl

f 2450/2450/2450 2451/2451/2451 2452/2452/2452 
f 2453/2453/2453 2454/2454/2454 2455/2455/2455 
f 2456/2456/2456 2457/2457/2457 2458/2458/2458 
f 2459/2459/2459 2460/2460/2460 2461/2461/2461 
f 2462/2462/2462 2463/2463/2463 2464/2464/2464 
f 2465/2465/2465 2466/2466/2466 2467/2467/2467 
f 2468/2468/2468 2469/2469/2469 2470/2470/2470 
f 2471/2471/2471 2472/2472/2472 2473/2473/2473 
f 2482/2482/2482 2483/2483/2483 2484/2484/2484 
f 2485/2485/2485 2486/2486/2486 2487/2487/2487 
f 2488/2488/2488 2489/2489/2489 2490/2490/2490 
f 2491/2491/2491 2492/2492/2492 2493/2493/2493 
f 2494/2494/2494 2495/2495/2495 2496/2496/2496 
f 2497/2497/2497 2498/2498/2498 2499/2499/2499 
f 2500/2500/2500 2501/2501/2501 2502/2502/2502 
f 2503/2503/2503 2504/2504/2504 2505/2505/2505 
f 2514/2514/2514 2515/2515/2515 2516/2516/2516 
f 2517/2517/2517 2518/2518/2518 2519/2519/2519 
f 2520/2520/2520 2521/2521/2521 2522/2522/2522 
f 2523/2523/2523 2524/2524/2524 2525/2525/2525 
f 2526/2526/2526 2527/2527/2527 2528/2528/2528 
f 2529/2529/2529 2530/2530/2530 2531/2531/2531 
f 2532/2532/2532 2533/2533/2533 2534/2534/2534 
f 2535/2535/2535 2536/2536/2536 2537/2537/2537 
f 2538/2538/2538 2539/2539/2539 2540/2540/2540 
f 2541/2541/2541 2539/2539/2539 2538/2538/2538 
f 2538/2538/2538 2540/2540/2540 2542/2542/2542 
f 2539/2539/2539 2541/2541/2541 2543/2543/2543 
f 2542/2542/2542 2540/2540/2540 2544/2544/2544 
f 2545/2545/2545 2543/2543/2543 2541/2541/2541 
f 2546/2546/2546 2544/2544/2544 2540/2540/2540 
f 2545/2545/2545 2547/2547/2547 2543/2543/2543 
f 2546/2546/2546 2548/2548/2548 2544/2544/2544 
f 2547/2547/2547 2545/2545/2545 2549/2549/2549 
f 2548/2548/2548 2546/2546/2546 2550/2550/2550 
f 2551/2551/2551 2549/2549/2549 2545/2545/2545 
f 2552/2552/2552 2548/2548/2548 2550/2550/2550 
f 2549/2549/2549 2551/2551/2551 2553/2553/2553 
f 2548/2548/2548 2552/2552/2552 2554/2554/2554 
f 2555/2555/2555 2553/2553/2553 2551/2551/2551 
f 2554/2554/2554 2552/2552/2552 2556/2556/2556 
f 2557/2557/2557 2553/2553/2553 2555/2555/2555 
f 2558/2558/2558 2556/2556/2556 2552/2552/2552 
f 2553/2553/2553 2557/2557/2557 2559/2559/2559 
f 2560/2560/2560 2556/2556/2556 2558/2558/2558 
f 2561/2561/2561 2559/2559/2559 2557/2557/2557 
f 2559/2559/2559 2561/2561/2561 2562/2562/2562 
f 2562/2562/2562 2561/2561/2561 2563/2563/2563 
f 2556/2556/2556 2560/2560/2560 2564/2564/2564 
f 2564/2564/2564 2560/2560/2560 2565/2565/2565 
f 2565/2565/2565 2560/2560/2560 2566/2566/2566 
f 2565/2565/2565 2566/2566/2566 2567/2567/2567 
f 2567/2567/2567 2568/2568/2568 2565/2565/2565 
f 2568/2568/2568 2567/2567/2567 2569/2569/2569 
f 2579/2579/2579 2580/2580/2580 2581/2581/2581 
f 2582/2582/2582 2583/2583/2583 2584/2584/2584 
f 2585/2585/2585 2586/2586/2586 2587/2587/2587 
f 2588/2588/2588 2589/2589/2589 2590/2590/2590 
f 2591/2591/2591 2592/2592/2592 2593/2593/2593 
f 2594/2594/2594 2595/2595/2595 2596/2596/2596 
f 2597/2597/2597 2598/2598/2598 2599/2599/2599 
f 2600/2600/2600 2601/2601/2601 2602/2602/2602 

g Spike14

v -1.5702 3.89599 64.9143 
v -1.657 3.91063 65.0338 
v -1.58577 3.92264 64.9357 
v -1.63869 3.93156 65.0086 
v -1.6061 3.93705 64.9637 
v -1.61711 3.93891 64.9789 
v -2.31918 3.84236 64.4688 
v -1.57722 3.91063 64.924 
v -2.31918 3.84236 64.4688 
v -1.58577 3.92264 64.9357 
v -1.58577 3.92264 64.9357 
v -2.31918 3.84236 64.4688 
v -1.59552 3.93156 64.9492 
v -1.59552 3.93156 64.9492 
v -2.31918 3.84236 64.4688 
v -1.6061 3.93705 64.9637 
v -1.6061 3.93705 64.9637 
v -2.31918 3.84236 64.4688 
v -1.61711 3.93891 64.9789 
v -1.61711 3.93891 64.9789 
v -2.31918 3.84236 64.4688 
v -1.62811 3.93706 64.994 
v -1.62811 3.93706 64.994 
v -2.31918 3.84236 64.4688 
v -1.63869 3.93156 65.0086 
v -1.63869 3.93156 65.0086 
v -2.31918 3.84236 64.4688 
v -1.64845 3.92264 65.022 
v -1.64845 3.92264 65.022 
v -2.31918 3.84236 64.4688 
v -1.657 3.91063 65.0338 
v -1.67352 3.84235 65.0565 
v -1.66922 3.8793 65.0506 
v -1.67243 3.82351 65.055 
v -1.657 3.91063 65.0338 
v -1.66922 3.80539 65.0506 
v -1.66401 3.7887 65.0434 
v -1.64845 3.76206 65.022 
v -2.31918 3.84236 64.4688 
v -1.67352 3.84235 65.0565 
v -2.31918 3.84236 64.4688 
v -1.67243 3.82351 65.055 
v -1.67243 3.82351 65.055 
v -2.31918 3.84236 64.4688 
v -1.66922 3.80539 65.0506 
v -1.66922 3.80539 65.0506 
v -2.31918 3.84236 64.4688 
v -1.66401 3.7887 65.0434 
v -1.66401 3.7887 65.0434 
v -2.31918 3.84236 64.4688 
v -1.657 3.77407 65.0338 
v -1.657 3.91063 65.0338 
v -2.31918 3.84236 64.4688 
v -1.66401 3.896 65.0434 
v -1.66401 3.896 65.0434 
v -2.31918 3.84236 64.4688 
v -1.66922 3.8793 65.0506 
v -1.66922 3.8793 65.0506 
v -2.31918 3.84236 64.4688 
v -1.67243 3.86119 65.055 
v -1.67243 3.86119 65.055 
v -2.31918 3.84236 64.4688 
v -1.67352 3.84235 65.0565 
v -1.66922 3.80539 65.0506 
v -1.66401 3.7887 65.0434 
v -1.57722 3.77407 64.924 
v -1.64845 3.76206 65.022 
v -1.59552 3.75313 64.9492 
v -1.6387 3.75313 65.0086 
v -1.6061 3.74764 64.9637 
v -1.61711 3.74578 64.9789 
v -1.62811 3.74764 64.994 
v -2.31918 3.84236 64.4688 
v -1.61711 3.74578 64.9789 
v -1.61711 3.74578 64.9789 
v -2.31918 3.84236 64.4688 
v -1.6061 3.74764 64.9637 
v -1.6061 3.74764 64.9637 
v -2.31918 3.84236 64.4688 
v -1.59552 3.75313 64.9492 
v -1.59552 3.75313 64.9492 
v -2.31918 3.84236 64.4688 
v -1.58577 3.76206 64.9357 
v -1.58577 3.76206 64.9357 
v -2.31918 3.84236 64.4688 
v -1.57722 3.77407 64.924 
v -1.657 3.77407 65.0338 
v -2.31918 3.84236 64.4688 
v -1.64845 3.76206 65.022 
v -1.64845 3.76206 65.022 
v -2.31918 3.84236 64.4688 
v -1.6387 3.75313 65.0086 
v -1.6387 3.75313 65.0086 
v -2.31918 3.84236 64.4688 
v -1.62811 3.74764 64.994 
v -1.56178 3.86118 64.9027 
v -1.67243 3.86119 65.055 
v -1.67352 3.84235 65.0565 
v -1.56499 3.8793 64.9072 
v -1.5607 3.84235 64.9012 
v -1.66922 3.8793 65.0506 
v -1.56178 3.82351 64.9027 
v -1.5702 3.89599 64.9143 
v -1.67243 3.82351 65.055 
v -1.66401 3.896 65.0434 
v -1.56499 3.80539 64.9072 
v -1.657 3.91063 65.0338 
v -1.66922 3.80539 65.0506 
v -1.57722 3.91063 64.924 
v -1.66401 3.7887 65.0434 
v -1.64845 3.92264 65.022 
v -1.57021 3.7887 64.9143 
v -1.58577 3.92264 64.9357 
v -1.57722 3.77407 64.924 
v -1.59552 3.93156 64.9492 
v -1.657 3.77407 65.0338 
v -1.63869 3.93156 65.0086 
v -1.64845 3.76206 65.022 
v -1.6061 3.93705 64.9637 
v -1.62811 3.93706 64.994 
v -1.61711 3.93891 64.9789 
v -1.58577 3.76206 64.9357 
v -1.59552 3.75313 64.9492 
v -1.6387 3.75313 65.0086 
v -1.62811 3.74764 64.994 
v -1.6061 3.74764 64.9637 
v -1.61711 3.74578 64.9789 
v -1.56499 3.8793 64.9072 
v -1.5607 3.84235 64.9012 
v -1.56178 3.82351 64.9027 
v -1.5702 3.89599 64.9143 
v -1.57021 3.7887 64.9143 
v -1.58577 3.92264 64.9357 
v -1.57722 3.77407 64.924 
v -1.6061 3.93705 64.9637 
v -2.31918 3.84236 64.4688 
v -1.57722 3.77407 64.924 
v -2.31918 3.84236 64.4688 
v -1.57021 3.7887 64.9143 
v -1.57021 3.7887 64.9143 
v -2.31918 3.84236 64.4688 
v -1.56499 3.80539 64.9072 
v -1.56499 3.80539 64.9072 
v -2.31918 3.84236 64.4688 
v -1.56178 3.82351 64.9027 
v -1.56178 3.82351 64.9027 
v -2.31918 3.84236 64.4688 
v -1.5607 3.84235 64.9012 
v -1.5607 3.84235 64.9012 
v -2.31918 3.84236 64.4688 
v -1.56178 3.86118 64.9027 
v -1.56178 3.86118 64.9027 
v -2.31918 3.84236 64.4688 
v -1.56499 3.8793 64.9072 
v -1.56499 3.8793 64.9072 
v -2.31918 3.84236 64.4688 
v -1.5702 3.89599 64.9143 
v -1.5702 3.89599 64.9143 
v -2.31918 3.84236 64.4688 
v -1.57722 3.91063 64.924 

vn 0.811024 0 0.590551 
vn 0.811024 0 0.590551 
vn 0.811024 0 0.590551 
vn 0.811024 0 0.590551 
vn 0.811024 0 0.590551 
vn 0.811024 0 0.590551 
vn -0.149606 -0.992126 0.015748 
vn 0.283465 0.76378 -0.574803 
vn 0.283465 0.76378 -0.574803 
vn 0.283465 0.76378 -0.574803 
vn 0.188976 0.874016 -0.448819 
vn 0.188976 0.874016 -0.448819 
vn 0.188976 0.874016 -0.448819 
vn 0.0787402 0.952756 -0.299213 
vn 0.0787402 0.952756 -0.299213 
vn 0.0787402 0.952756 -0.299213 
vn -0.0314961 0.992126 -0.141732 
vn -0.0314961 0.992126 -0.141732 
vn -0.0314961 0.992126 -0.141732 
vn -0.149606 0.992126 0.015748 
vn -0.149606 0.992126 0.015748 
vn -0.149606 0.992126 0.015748 
vn -0.259843 0.952756 0.173228 
vn -0.259843 0.952756 0.173228 
vn -0.259843 0.952756 0.173228 
vn -0.362205 0.874016 0.314961 
vn -0.362205 0.874016 0.314961 
vn -0.362205 0.874016 0.314961 
vn -0.464567 0.76378 0.448819 
vn -0.464567 0.76378 0.448819 
vn -0.464567 0.76378 0.448819 
vn 0.811024 0 0.590551 
vn 0.811024 0 0.590551 
vn 0.811024 0 0.590551 
vn 0.811024 0 0.590551 
vn 0.811024 0 0.590551 
vn 0.811024 0 0.590551 
vn 0.811024 0 0.590551 
vn -0.149606 -0.992126 0.015748 
vn -0.669291 -0.0944882 0.732283 
vn -0.669291 -0.0944882 0.732283 
vn -0.669291 -0.0944882 0.732283 
vn -0.645669 -0.283465 0.708661 
vn -0.645669 -0.283465 0.708661 
vn -0.645669 -0.283465 0.708661 
vn -0.606299 -0.464567 0.645669 
vn -0.606299 -0.464567 0.645669 
vn -0.606299 -0.464567 0.645669 
vn -0.543307 -0.629921 0.559055 
vn -0.543307 -0.629921 0.559055 
vn -0.543307 -0.629921 0.559055 
vn -0.543307 0.629921 0.559055 
vn -0.543307 0.629921 0.559055 
vn -0.543307 0.629921 0.559055 
vn -0.606299 0.464567 0.645669 
vn -0.606299 0.464567 0.645669 
vn -0.606299 0.464567 0.645669 
vn -0.645669 0.283465 0.708661 
vn -0.645669 0.283465 0.708661 
vn -0.645669 0.283465 0.708661 
vn -0.669291 0.0944882 0.732283 
vn -0.669291 0.0944882 0.732283 
vn -0.669291 0.0944882 0.732283 
vn 0.811024 0 0.590551 
vn 0.811024 0 0.590551 
vn 0.811024 0 0.590551 
vn 0.811024 0 0.590551 
vn 0.811024 0 0.590551 
vn 0.811024 0 0.590551 
vn 0.811024 0 0.590551 
vn 0.811024 0 0.590551 
vn -0.149606 -0.992126 0.015748 
vn -0.149606 -0.992126 0.015748 
vn -0.149606 -0.992126 0.015748 
vn -0.0314961 -0.992126 -0.141732 
vn -0.0314961 -0.992126 -0.141732 
vn -0.0314961 -0.992126 -0.141732 
vn 0.0787402 -0.952756 -0.299213 
vn 0.0787402 -0.952756 -0.299213 
vn 0.0787402 -0.952756 -0.299213 
vn 0.188976 -0.874016 -0.448819 
vn 0.188976 -0.874016 -0.448819 
vn 0.188976 -0.874016 -0.448819 
vn 0.283465 -0.76378 -0.574803 
vn 0.283465 -0.76378 -0.574803 
vn 0.283465 -0.76378 -0.574803 
vn -0.464567 -0.76378 0.448819 
vn -0.464567 -0.76378 0.448819 
vn -0.464567 -0.76378 0.448819 
vn -0.362205 -0.874016 0.314961 
vn -0.362205 -0.874016 0.314961 
vn -0.362205 -0.874016 0.314961 
vn -0.259843 -0.952756 0.173228 
vn -0.259843 -0.952756 0.173228 
vn -0.259843 -0.952756 0.173228 
vn 0.811024 0 0.590551 
vn 0.811024 0 0.590551 
vn 0.811024 0 0.590551 
vn 0.811024 0 0.590551 
vn 0.811024 0 0.590551 
vn 0.811024 0 0.590551 
vn 0.811024 0 0.590551 
vn 0.811024 0 0.590551 
vn 0.811024 0 0.590551 
vn 0.811024 0 0.590551 
vn 0.811024 0 0.590551 
vn 0.811024 0 0.590551 
vn 0.811024 0 0.590551 
vn 0.811024 0 0.590551 
vn 0.811024 0 0.590551 
vn 0.811024 0 0.590551 
vn 0.811024 0 0.590551 
vn 0.811024 0 0.590551 
vn 0.811024 0 0.590551 
vn 0.811024 0 0.590551 
vn 0.811024 0 0.590551 
vn 0.811024 0 0.590551 
vn 0.811024 0 0.590551 
vn 0.811024 0 0.590551 
vn 0.811024 0 0.590551 
vn 0.811024 0 0.590551 
vn 0.811024 0 0.590551 
vn 0.811024 0 0.590551 
vn 0.811024 0 0.590551 
vn 0.811024 0 0.590551 
vn 0.811024 0 0.590551 
vn 0.811024 0 0.590551 
vn 0.811024 0 0.590551 
vn 0.811024 0 0.590551 
vn 0.811024 0 0.590551 
vn 0.811024 0 0.590551 
vn 0.811024 0 0.590551 
vn 0.811024 0 0.590551 
vn 0.811024 0 0.590551 
vn 0.811024 0 0.590551 
vn -0.149606 -0.992126 0.015748 
vn 0.362205 -0.629921 -0.685039 
vn 0.362205 -0.629921 -0.685039 
vn 0.362205 -0.629921 -0.685039 
vn 0.425197 -0.464567 -0.771654 
vn 0.425197 -0.464567 -0.771654 
vn 0.425197 -0.464567 -0.771654 
vn 0.472441 -0.283465 -0.834646 
vn 0.472441 -0.283465 -0.834646 
vn 0.472441 -0.283465 -0.834646 
vn 0.496063 -0.0944882 -0.866142 
vn 0.496063 -0.0944882 -0.866142 
vn 0.496063 -0.0944882 -0.866142 
vn 0.496063 0.0944882 -0.866142 
vn 0.496063 0.0944882 -0.866142 
vn 0.496063 0.0944882 -0.866142 
vn 0.472441 0.283465 -0.834646 
vn 0.472441 0.283465 -0.834646 
vn 0.472441 0.283465 -0.834646 
vn 0.425197 0.464567 -0.771654 
vn 0.425197 0.464567 -0.771654 
vn 0.425197 0.464567 -0.771654 
vn 0.362205 0.629921 -0.685039 
vn 0.362205 0.629921 -0.685039 
vn 0.362205 0.629921 -0.685039 

vt 0.428022 1.11174 
vt 0.409565 1.11174 
vt 0.424712 1.11174 
vt 0.413457 1.11174 
vt 0.420388 1.11174 
vt 0.418048 1.11174 
vt 0.418048 1.22022 
vt 0.42653 1.11174 
vt 0.418048 1.22022 
vt 0.424712 1.11174 
vt 0.424712 1.11174 
vt 0.418048 1.22022 
vt 0.422638 1.11174 
vt 0.422638 1.11174 
vt 0.418048 1.22022 
vt 0.420388 1.11174 
vt 0.420388 1.11174 
vt 0.418048 1.22022 
vt 0.418048 1.11174 
vt 0.418048 1.11174 
vt 0.418048 1.22022 
vt 0.415707 1.11174 
vt 0.415707 1.11174 
vt 0.418048 1.22022 
vt 0.413457 1.11174 
vt 0.413457 1.11174 
vt 0.418048 1.22022 
vt 0.411383 1.11174 
vt 0.411383 1.11174 
vt 0.418048 1.22022 
vt 0.409565 1.11174 
vt 0.418048 1.11174 
vt 0.422667 1.11174 
vt 0.415693 1.11174 
vt 0.426583 1.11174 
vt 0.413428 1.11174 
vt 0.411342 1.11174 
vt 0.408011 1.11174 
vt 0.418048 1.22022 
vt 0.418048 1.11174 
vt 0.418048 1.22022 
vt 0.415693 1.11174 
vt 0.415693 1.11174 
vt 0.418048 1.22022 
vt 0.413428 1.11174 
vt 0.413428 1.11174 
vt 0.418048 1.22022 
vt 0.411342 1.11174 
vt 0.411342 1.11174 
vt 0.418048 1.22022 
vt 0.409512 1.11174 
vt 0.426583 1.11174 
vt 0.418048 1.22022 
vt 0.424754 1.11174 
vt 0.424754 1.11174 
vt 0.418048 1.22022 
vt 0.422667 1.11174 
vt 0.422667 1.11174 
vt 0.418048 1.22022 
vt 0.420402 1.11174 
vt 0.420402 1.11174 
vt 0.418048 1.22022 
vt 0.418048 1.11174 
vt 0.42913 1.11174 
vt 0.428022 1.11174 
vt 0.409565 1.11174 
vt 0.424712 1.11174 
vt 0.413457 1.11174 
vt 0.422638 1.11174 
vt 0.415707 1.11174 
vt 0.418048 1.11174 
vt 0.420388 1.11174 
vt 0.418048 1.22022 
vt 0.418048 1.11174 
vt 0.418048 1.11174 
vt 0.418048 1.22022 
vt 0.415707 1.11174 
vt 0.415707 1.11174 
vt 0.418048 1.22022 
vt 0.413457 1.11174 
vt 0.413457 1.11174 
vt 0.418048 1.22022 
vt 0.411383 1.11174 
vt 0.411383 1.11174 
vt 0.418048 1.22022 
vt 0.409565 1.11174 
vt 0.42653 1.11174 
vt 0.418048 1.22022 
vt 0.424712 1.11174 
vt 0.424712 1.11174 
vt 0.418048 1.22022 
vt 0.422638 1.11174 
vt 0.422638 1.11174 
vt 0.418048 1.22022 
vt 0.420388 1.11174 
vt 0.420402 1.15421 
vt 0.420402 1.17774 
vt 0.418048 1.17797 
vt 0.422667 1.15489 
vt 0.418048 1.15398 
vt 0.422667 1.17706 
vt 0.415693 1.15421 
vt 0.424754 1.156 
vt 0.415693 1.17774 
vt 0.424754 1.17595 
vt 0.413428 1.15489 
vt 0.426583 1.17446 
vt 0.413428 1.17706 
vt 0.426583 1.1575 
vt 0.411342 1.17595 
vt 0.428084 1.17264 
vt 0.411342 1.156 
vt 0.428084 1.15931 
vt 0.409512 1.1575 
vt 0.429199 1.16139 
vt 0.409512 1.17446 
vt 0.429199 1.17057 
vt 0.408011 1.17264 
vt 0.429886 1.16364 
vt 0.429886 1.16832 
vt 0.430118 1.16598 
vt 0.408011 1.15931 
vt 0.406896 1.16139 
vt 0.406896 1.17057 
vt 0.406209 1.16832 
vt 0.406209 1.16364 
vt 0.405977 1.16598 
vt 0.413428 1.11174 
vt 0.418048 1.11174 
vt 0.420402 1.11174 
vt 0.411342 1.11174 
vt 0.424754 1.11174 
vt 0.408011 1.11174 
vt 0.426583 1.11174 
vt 0.406209 1.11174 
vt 0.418048 1.22022 
vt 0.426583 1.11174 
vt 0.418048 1.22022 
vt 0.424754 1.11174 
vt 0.424754 1.11174 
vt 0.418048 1.22022 
vt 0.422667 1.11174 
vt 0.422667 1.11174 
vt 0.418048 1.22022 
vt 0.420402 1.11174 
vt 0.420402 1.11174 
vt 0.418048 1.22022 
vt 0.418048 1.11174 
vt 0.418048 1.11174 
vt 0.418048 1.22022 
vt 0.415693 1.11174 
vt 0.415693 1.11174 
vt 0.418048 1.22022 
vt 0.413428 1.11174 
vt 0.413428 1.11174 
vt 0.418048 1.22022 
vt 0.411342 1.11174 
vt 0.411342 1.11174 
vt 0.418048 1.22022 
vt 0.409512 1.11174 

usemtl Spike11Mtl

f 2610/2610/2610 2611/2611/2611 2612/2612/2612 
f 2613/2613/2613 2614/2614/2614 2615/2615/2615 
f 2616/2616/2616 2617/2617/2617 2618/2618/2618 
f 2619/2619/2619 2620/2620/2620 2621/2621/2621 
f 2622/2622/2622 2623/2623/2623 2624/2624/2624 
f 2625/2625/2625 2626/2626/2626 2627/2627/2627 
f 2628/2628/2628 2629/2629/2629 2630/2630/2630 
f 2631/2631/2631 2632/2632/2632 2633/2633/2633 
f 2642/2642/2642 2643/2643/2643 2644/2644/2644 
f 2645/2645/2645 2646/2646/2646 2647/2647/2647 
f 2648/2648/2648 2649/2649/2649 2650/2650/2650 
f 2651/2651/2651 2652/2652/2652 2653/2653/2653 
f 2654/2654/2654 2655/2655/2655 2656/2656/2656 
f 2657/2657/2657 2658/2658/2658 2659/2659/2659 
f 2660/2660/2660 2661/2661/2661 2662/2662/2662 
f 2663/2663/2663 2664/2664/2664 2665/2665/2665 
f 2674/2674/2674 2675/2675/2675 2676/2676/2676 
f 2677/2677/2677 2678/2678/2678 2679/2679/2679 
f 2680/2680/2680 2681/2681/2681 2682/2682/2682 
f 2683/2683/2683 2684/2684/2684 2685/2685/2685 
f 2686/2686/2686 2687/2687/2687 2688/2688/2688 
f 2689/2689/2689 2690/2690/2690 2691/2691/2691 
f 2692/2692/2692 2693/2693/2693 2694/2694/2694 
f 2695/2695/2695 2696/2696/2696 2697/2697/2697 
f 2698/2698/2698 2699/2699/2699 2700/2700/2700 
f 2701/2701/2701 2699/2699/2699 2698/2698/2698 
f 2698/2698/2698 2700/2700/2700 2702/2702/2702 
f 2699/2699/2699 2701/2701/2701 2703/2703/2703 
f 2702/2702/2702 2700/2700/2700 2704/2704/2704 
f 2705/2705/2705 2703/2703/2703 2701/2701/2701 
f 2706/2706/2706 2704/2704/2704 2700/2700/2700 
f 2705/2705/2705 2707/2707/2707 2703/2703/2703 
f 2706/2706/2706 2708/2708/2708 2704/2704/2704 
f 2707/2707/2707 2705/2705/2705 2709/2709/2709 
f 2708/2708/2708 2706/2706/2706 2710/2710/2710 
f 2711/2711/2711 2709/2709/2709 2705/2705/2705 
f 2712/2712/2712 2708/2708/2708 2710/2710/2710 
f 2709/2709/2709 2711/2711/2711 2713/2713/2713 
f 2708/2708/2708 2712/2712/2712 2714/2714/2714 
f 2715/2715/2715 2713/2713/2713 2711/2711/2711 
f 2714/2714/2714 2712/2712/2712 2716/2716/2716 
f 2717/2717/2717 2713/2713/2713 2715/2715/2715 
f 2718/2718/2718 2716/2716/2716 2712/2712/2712 
f 2713/2713/2713 2717/2717/2717 2719/2719/2719 
f 2720/2720/2720 2716/2716/2716 2718/2718/2718 
f 2721/2721/2721 2719/2719/2719 2717/2717/2717 
f 2719/2719/2719 2721/2721/2721 2722/2722/2722 
f 2722/2722/2722 2721/2721/2721 2723/2723/2723 
f 2716/2716/2716 2720/2720/2720 2724/2724/2724 
f 2724/2724/2724 2720/2720/2720 2725/2725/2725 
f 2725/2725/2725 2720/2720/2720 2726/2726/2726 
f 2725/2725/2725 2726/2726/2726 2727/2727/2727 
f 2727/2727/2727 2728/2728/2728 2725/2725/2725 
f 2728/2728/2728 2727/2727/2727 2729/2729/2729 
f 2739/2739/2739 2740/2740/2740 2741/2741/2741 
f 2742/2742/2742 2743/2743/2743 2744/2744/2744 
f 2745/2745/2745 2746/2746/2746 2747/2747/2747 
f 2748/2748/2748 2749/2749/2749 2750/2750/2750 
f 2751/2751/2751 2752/2752/2752 2753/2753/2753 
f 2754/2754/2754 2755/2755/2755 2756/2756/2756 
f 2757/2757/2757 2758/2758/2758 2759/2759/2759 
f 2760/2760/2760 2761/2761/2761 2762/2762/2762 

g Stick1

v -1.23652 1.61102 65.3655 
v -1.23655 0.0481194 65.3655 
v -1.23652 1.61102 65.2034 
v -1.23654 0.0481195 65.2034 
v -1.45107 0.0481223 65.3655 
v -1.23655 0.0481194 65.3655 
v -1.45105 1.61102 65.3655 
v -1.23652 1.61102 65.3655 
v -1.23655 0.0481194 65.3655 
v -1.45107 0.0481223 65.3655 
v -1.23654 0.0481195 65.2034 
v -1.45106 0.0481224 65.2034 
v -1.45107 0.0481223 65.3655 
v -1.45105 1.61102 65.3655 
v -1.45106 0.0481224 65.2034 
v -1.45104 1.61102 65.2034 
v -1.45104 1.61102 65.2034 
v -1.23652 1.61102 65.2034 
v -1.45106 0.0481224 65.2034 
v -1.23654 0.0481195 65.2034 
v -1.45105 1.61102 65.3655 
v -1.23652 1.61102 65.3655 
v -1.45104 1.61102 65.2034 
v -1.23652 1.61102 65.2034 

vn 1 0 0 
vn 1 0 0 
vn 1 0 0 
vn 1 0 0 
vn 0 0 1 
vn 0 0 1 
vn 0 0 1 
vn 0 0 1 
vn 0 -1 0 
vn 0 -1 0 
vn 0 -1 0 
vn 0 -1 0 
vn -1 0 0 
vn -1 0 0 
vn -1 0 0 
vn -1 0 0 
vn 0 0 -1 
vn 0 0 -1 
vn 0 0 -1 
vn 0 0 -1 
vn 0 1 0 
vn 0 1 0 
vn 0 1 0 
vn 0 1 0 

vt 4.19536 -6 
vt 4 -6 
vt 4.19536 -6.02027 
vt 4 -6.02027 
vt 4.02682 -6 
vt 4 -6 
vt 4.02682 -6.19536 
vt 4 -6.19536 
vt 4.02682 -6 
vt 4 -6 
vt 4.02682 -6.02027 
vt 4 -6.02027 
vt 4.19536 -6 
vt 4 -6 
vt 4.19536 -6.02027 
vt 4 -6.02027 
vt 4.02682 -6 
vt 4 -6 
vt 4.02682 -6.19536 
vt 4 -6.19536 
vt 4.02682 -6 
vt 4 -6 
vt 4.02682 -6.02027 
vt 4 -6.02027 

usemtl Stick1Mtl

f 2763/2763/2763 2764/2764/2764 2765/2765/2765 
f 2765/2765/2765 2764/2764/2764 2766/2766/2766 
f 2767/2767/2767 2768/2768/2768 2769/2769/2769 
f 2769/2769/2769 2768/2768/2768 2770/2770/2770 
f 2771/2771/2771 2772/2772/2772 2773/2773/2773 
f 2773/2773/2773 2772/2772/2772 2774/2774/2774 
f 2775/2775/2775 2776/2776/2776 2777/2777/2777 
f 2777/2777/2777 2776/2776/2776 2778/2778/2778 
f 2779/2779/2779 2780/2780/2780 2781/2781/2781 
f 2781/2781/2781 2780/2780/2780 2782/2782/2782 
f 2783/2783/2783 2784/2784/2784 2785/2785/2785 
f 2785/2785/2785 2784/2784/2784 2786/2786/2786 

