# This file is brought to you by Roblox Corporation
# Generated by Roblox Studio

mtllib Spring_speed.mtl

g Handle1

v 338.004 209.279 -460.692 
v 338.275 209.196 -460.723 
v 338.251 209.068 -460.745 
v 338.281 209.184 -460.658 
v 338.006 209.268 -460.627 
v 337.942 209.152 -460.645 
v 338.746 210.978 -461.721 
v 338.425 211.026 -461.756 
v 338.566 210.973 -461.615 
v 338.427 210.964 -461.777 
v 338.729 210.919 -461.744 
v 338.413 210.922 -461.653 
v 337.643 210.586 -461.874 
v 337.857 210.788 -461.842 
v 337.754 210.663 -461.731 
v 337.602 210.594 -461.732 
v 337.824 210.804 -461.699 
v 337.587 210.623 -461.86 
v 339.294 209.781 -461.467 
v 339.339 210.05 -461.498 
v 339.358 209.748 -461.58 
v 339.389 209.908 -461.45 
v 339.294 209.633 -461.417 
v 339.416 209.734 -461.546 
v 337.587 209.481 -461.997 
v 337.813 209.267 -462.031 
v 337.604 209.475 -461.867 
v 337.643 209.52 -462.002 
v 337.507 209.772 -461.97 
v 337.583 209.633 -461.856 
v 337.391 210.05 -461.929 
v 337.441 209.751 -461.963 
v 337.423 209.887 -461.816 
v 337.491 210.176 -461.793 
v 337.492 209.898 -461.825 
v 337.46 210.052 -461.938 
v 337.772 210.651 -460.444 
v 338.002 210.81 -460.414 
v 337.938 210.926 -460.399 
v 337.672 210.743 -460.434 
v 337.479 210.492 -460.469 
v 337.604 210.433 -460.475 
v 337.567 210.633 -460.517 
v 337.8 210.854 -460.482 
v 337.883 210.748 -460.494 
v 337.378 210.203 -460.57 
v 337.48 210.5 -460.534 
v 337.68 210.556 -460.525 
v 337.481 210.051 -459.298 
v 337.527 210.325 -459.266 
v 337.457 210.036 -459.169 
v 337.708 210.727 -459.224 
v 337.522 210.485 -459.258 
v 337.584 210.608 -459.111 
v 337.66 210.574 -459.235 
v 337.869 210.771 -459.203 
v 337.64 210.569 -459.105 
v 337.389 210.038 -459.18 
v 337.439 210.338 -459.146 
v 337.424 210.201 -459.292 
v 337.989 210.858 -459.851 
v 337.746 210.691 -459.883 
v 337.794 210.851 -459.774 
v 338.719 210.946 -459.627 
v 338.41 210.992 -459.661 
v 338.704 210.865 -459.73 
v 338.14 210.864 -459.792 
v 338.422 210.907 -459.761 
v 338.1 210.945 -459.694 
v 338.578 210.946 -459.787 
v 338.276 210.946 -459.819 
v 338.415 211.042 -459.703 
v 339.372 210.195 -462.143 
v 339.278 210.467 -462.175 
v 339.309 210.311 -462.286 
v 339.148 210.742 -462.226 
v 339.339 210.494 -462.192 
v 339.13 210.705 -462.351 
v 339.081 210.662 -462.332 
v 339.253 210.439 -462.301 
v 339.1 210.699 -462.207 
v 339.423 210.037 -462.268 
v 339.374 210.329 -462.301 
v 339.439 210.204 -462.157 
v 338.264 209.16 -462.081 
v 337.981 209.247 -462.05 
v 338.134 209.189 -461.935 
v 337.66 209.514 -461.872 
v 337.87 209.316 -461.903 
v 337.643 209.52 -462.002 
v 338.268 209.091 -461.951 
v 337.965 209.184 -461.917 
v 338.098 209.13 -462.065 
v 337.829 209.263 -461.901 
v 339.001 210.788 -461.711 
v 339.218 210.583 -461.678 
v 339.068 210.666 -461.575 
v 338.7 210.879 -461.622 
v 339.267 210.621 -461.651 
v 339.037 210.839 -461.686 
v 339.112 210.711 -461.549 
v 338.861 210.882 -461.582 
v 339.112 210.711 -461.549 
v 339.037 210.839 -461.686 
v 338.133 210.898 -459.172 
v 338.429 210.942 -459.14 
v 338.117 210.897 -459.041 
v 337.851 210.769 -459.073 
v 338.095 210.96 -459.043 
v 338.408 211.007 -459.009 
v 338.111 210.961 -459.174 
v 337.811 210.822 -459.077 
v 337.699 210.713 -459.745 
v 337.514 210.471 -459.779 
v 337.555 210.312 -459.883 
v 338.1 210.945 -459.694 
v 337.82 210.81 -459.728 
v 338.14 210.864 -459.792 
v 337.648 210.583 -459.899 
v 337.513 210.33 -459.931 
v 337.411 210.351 -459.844 
v 337.668 210.749 -459.791 
v 337.794 210.851 -459.774 
v 337.746 210.691 -459.883 
v 337.66 209.531 -459.36 
v 337.527 209.777 -459.329 
v 337.642 209.501 -459.233 
v 337.505 209.755 -459.201 
v 337.586 209.465 -459.249 
v 337.439 209.737 -459.214 
v 337.522 209.621 -459.359 
v 337.424 209.903 -459.325 
v 338.125 210.879 -461.684 
v 337.865 210.753 -461.715 
v 338.127 210.919 -461.809 
v 338.254 210.973 -461.649 
v 338.126 209.211 -459.422 
v 337.866 209.336 -459.391 
v 338.127 209.169 -459.298 
v 337.642 209.501 -459.233 
v 337.856 209.299 -459.265 
v 337.66 209.531 -459.36 
v 338.104 209.109 -459.318 
v 337.815 209.248 -459.283 
v 337.959 209.208 -459.426 
v 337.706 209.382 -459.392 
v 338.7 209.211 -459.484 
v 338.413 209.168 -459.453 
v 338.73 209.169 -459.363 
v 338.428 209.124 -459.33 
v 338.747 209.11 -459.387 
v 338.425 209.062 -459.352 
v 338.566 209.118 -459.492 
v 338.255 209.118 -459.459 
v 337.857 210.788 -461.842 
v 338.104 210.978 -461.791 
v 337.816 210.839 -461.825 
v 338.102 210.938 -461.665 
v 339.162 209.529 -459.546 
v 338.958 209.336 -459.515 
v 339.22 209.506 -459.428 
v 339.003 209.301 -459.396 
v 339.268 209.468 -459.457 
v 339.038 209.25 -459.422 
v 339.111 209.38 -459.558 
v 338.861 209.208 -459.525 
v 339.111 209.38 -459.558 
v 339.038 209.25 -459.422 
v 337.418 210.201 -461.262 
v 337.516 210.487 -461.228 
v 337.609 210.432 -461.147 
v 337.516 209.618 -461.329 
v 337.418 209.902 -461.296 
v 337.522 209.907 -461.208 
v 337.465 210.036 -461.144 
v 337.511 210.315 -461.112 
v 337.411 210.355 -461.194 
v 337.36 210.046 -461.23 
v 337.373 209.889 -461.247 
v 337.512 209.757 -461.176 
v 338.697 210.862 -460.337 
v 338.951 210.74 -460.307 
v 339.152 210.746 -460.259 
v 338.888 210.927 -460.294 
v 338.577 211.022 -460.329 
v 338.416 210.904 -460.368 
v 338.709 210.872 -460.402 
v 338.424 210.915 -460.432 
v 338.421 211.045 -460.411 
v 338.748 210.996 -460.375 
v 339.043 210.854 -460.34 
v 338.967 210.748 -460.371 
v 339.338 210.041 -459.608 
v 339.293 209.772 -459.577 
v 339.407 210.054 -459.494 
v 339.22 209.506 -459.428 
v 339.359 209.765 -459.461 
v 339.162 209.529 -459.546 
v 339.468 210.05 -459.527 
v 339.417 209.744 -459.492 
v 339.386 209.892 -459.624 
v 339.292 209.616 -459.591 
v 338.56 209.196 -460.753 
v 338.83 209.279 -460.783 
v 338.888 209.164 -460.814 
v 338.578 209.068 -460.779 
v 338.257 209.056 -460.68 
v 338.588 209.056 -460.715 
v 338.903 209.153 -460.751 
v 338.844 209.269 -460.72 
v 339.152 210.55 -460.277 
v 339.281 210.311 -460.246 
v 339.444 210.205 -460.189 
v 339.344 210.497 -460.224 
v 339.172 210.555 -460.34 
v 339.278 210.633 -460.304 
v 339.428 210.354 -460.269 
v 339.303 210.311 -460.308 
v 339.326 210.046 -460.216 
v 339.281 209.781 -460.185 
v 339.344 209.607 -460.12 
v 339.444 209.898 -460.155 
v 339.349 210.039 -460.277 
v 339.481 210.044 -460.233 
v 339.429 209.734 -460.198 
v 339.304 209.767 -460.246 
v 339.162 210.551 -459.669 
v 339.293 210.309 -459.638 
v 339.218 210.604 -459.561 
v 339.359 210.342 -459.527 
v 339.267 210.633 -459.597 
v 339.416 210.356 -459.562 
v 339.292 210.456 -459.689 
v 339.386 210.182 -459.656 
v 339.153 209.542 -460.155 
v 338.952 209.352 -460.125 
v 338.894 209.18 -460.051 
v 339.155 209.359 -460.085 
v 339.171 209.521 -460.215 
v 339.278 209.455 -460.162 
v 339.044 209.233 -460.127 
v 338.964 209.325 -460.184 
v 338.699 209.23 -460.095 
v 338.419 209.188 -460.064 
v 338.266 209.086 -459.982 
v 338.587 209.086 -460.017 
v 338.703 209.199 -460.152 
v 338.748 209.09 -460.092 
v 338.42 209.041 -460.056 
v 338.412 209.156 -460.121 
v 338.139 209.23 -460.034 
v 337.886 209.352 -460.004 
v 337.702 209.357 -459.914 
v 337.961 209.179 -459.948 
v 338.121 209.199 -460.09 
v 338.092 209.09 -460.021 
v 337.796 209.232 -459.985 
v 337.857 209.326 -460.058 
v 338.861 209.244 -462.014 
v 339.103 209.41 -462.046 
v 338.842 209.247 -462.144 
v 339.253 209.636 -462.207 
v 339.08 209.411 -462.176 
v 339.2 209.518 -462.062 
v 338.726 209.131 -462.133 
v 339.008 209.267 -462.167 
v 338.892 209.185 -462.02 
v 339.34 209.609 -462.088 
v 339.151 209.363 -462.054 
v 339.231 209.478 -462.2 
v 338.704 210.865 -459.73 
v 338.96 210.742 -459.7 
v 338.719 210.946 -459.627 
v 339.218 210.604 -459.561 
v 338.997 210.812 -459.594 
v 339.162 210.551 -459.669 
v 338.741 210.994 -459.668 
v 339.034 210.852 -459.632 
v 338.866 210.858 -459.754 
v 339.112 210.689 -459.722 
v 338.866 210.858 -459.754 
v 339.034 210.852 -459.632 
v 338.998 209.279 -461.513 
v 338.72 209.145 -461.48 
v 338.839 209.276 -461.391 
v 338.566 209.192 -461.36 
v 338.839 209.276 -461.391 
v 338.72 209.145 -461.48 
v 338.742 209.096 -461.441 
v 339.035 209.238 -461.476 
v 338.868 209.23 -461.352 
v 338.58 209.141 -461.32 
v 338.277 209.141 -461.288 
v 338.416 209.048 -461.406 
v 337.685 209.542 -459.974 
v 337.555 209.781 -459.943 
v 337.416 209.886 -459.846 
v 337.515 209.6 -459.88 
v 337.648 209.524 -460.027 
v 337.562 209.454 -459.95 
v 337.411 209.733 -459.915 
v 337.513 209.774 -459.995 
v 337.511 210.046 -459.913 
v 337.555 210.312 -459.883 
v 337.514 210.471 -459.779 
v 337.416 210.186 -459.812 
v 337.416 209.886 -459.846 
v 337.555 209.781 -459.943 
v 337.466 210.052 -459.963 
v 337.372 210.199 -459.862 
v 338.428 209.145 -461.966 
v 338.722 209.19 -461.998 
v 338.56 209.16 -462.113 
v 338.412 209.083 -462.099 
v 338.587 209.091 -461.985 
v 338.135 210.862 -460.398 
v 338.25 211.022 -460.364 
v 338.139 210.872 -460.463 
v 338.094 210.996 -460.446 
v 339.1 210.699 -462.207 
v 338.853 210.868 -462.24 
v 338.97 210.751 -462.348 
v 338.42 210.919 -462.411 
v 338.711 210.876 -462.379 
v 338.563 210.957 -462.273 
v 338.735 210.981 -462.279 
v 339.025 210.842 -462.244 
v 338.878 210.878 -462.385 
v 339.13 210.705 -462.351 
v 339.294 210.319 -461.529 
v 339.163 210.562 -461.56 
v 339.358 210.324 -461.646 
v 339.406 210.037 -461.613 
v 339.467 210.04 -461.581 
v 339.416 210.346 -461.616 
v 339.388 210.198 -461.483 
v 339.293 210.475 -461.516 
v 339.06 209.437 -460.813 
v 339.227 209.655 -460.844 
v 339.343 209.594 -460.884 
v 339.152 209.345 -460.849 
v 339.173 209.534 -460.766 
v 339.305 209.779 -460.797 
v 339.227 209.655 -460.844 
v 339.079 209.43 -460.751 
v 337.507 210.332 -461.906 
v 337.582 210.44 -461.762 
v 337.587 210.623 -461.86 
v 337.441 210.351 -461.894 
v 337.52 210.468 -461.749 
v 337.423 210.185 -461.783 
v 339.355 210.038 -462.254 
v 339.309 209.765 -462.223 
v 339.384 210.053 -462.126 
v 339.337 209.771 -462.094 
v 339.374 209.743 -462.234 
v 339.439 209.899 -462.123 
v 338.411 209.099 -461.447 
v 338.102 209.145 -461.413 
v 338.28 209.192 -461.329 
v 338.009 209.275 -461.299 
v 338.28 209.192 -461.329 
v 338.102 209.145 -461.413 
v 338.09 209.096 -461.371 
v 338.251 209.06 -461.388 
v 337.99 209.229 -461.256 
v 337.746 209.396 -461.223 
v 337.796 209.238 -461.335 
v 337.776 210.649 -461.117 
v 337.703 210.731 -461.194 
v 337.961 210.908 -461.16 
v 338.006 210.807 -461.087 
v 337.646 210.565 -461.08 
v 337.856 210.764 -461.048 
v 337.938 210.938 -461.106 
v 337.67 210.754 -461.141 
v 337.475 210.5 -461.177 
v 338.276 210.89 -461.056 
v 338.266 211.002 -461.126 
v 338.587 211.002 -461.091 
v 338.56 210.89 -461.026 
v 338.12 210.891 -461.017 
v 338.411 210.935 -460.985 
v 338.585 211.035 -461.035 
v 338.253 211.035 -461.07 
v 337.938 210.938 -461.106 
v 337.856 210.764 -461.048 
v 338.83 210.808 -460.996 
v 338.892 210.908 -461.057 
v 339.153 210.729 -461.022 
v 339.06 210.65 -460.965 
v 338.702 210.891 -460.954 
v 338.964 210.765 -460.922 
v 339.17 210.755 -460.964 
v 338.901 210.939 -460.999 
v 339.226 210.433 -460.935 
v 339.343 210.483 -460.988 
v 339.443 210.192 -460.953 
v 339.314 210.178 -460.905 
v 339.172 210.57 -460.891 
v 339.305 210.323 -460.86 
v 339.468 210.203 -460.893 
v 339.365 210.501 -460.928 
v 339.314 209.91 -460.874 
v 339.443 209.886 -460.919 
v 339.35 210.051 -460.828 
v 339.305 209.779 -460.797 
v 339.366 209.591 -460.822 
v 339.468 209.889 -460.857 
v 339.217 209.487 -461.546 
v 339.239 209.655 -461.452 
v 339.071 209.435 -461.421 
v 339.239 209.655 -461.452 
v 339.217 209.487 -461.546 
v 339.267 209.458 -461.511 
v 339.115 209.399 -461.385 
v 338.868 209.23 -461.352 
v 339.035 209.238 -461.476 
v 337.504 210.04 -460.52 
v 337.549 210.307 -460.49 
v 337.55 210.315 -460.555 
v 337.822 209.28 -461.38 
v 337.599 209.49 -461.346 
v 337.778 209.434 -461.269 
v 337.61 209.651 -461.238 
v 337.778 209.434 -461.269 
v 337.599 209.49 -461.346 
v 337.648 209.505 -461.207 
v 337.412 209.737 -461.265 
v 337.562 209.458 -461.3 
v 337.67 209.339 -461.318 
v 337.746 209.396 -461.223 
v 337.939 209.164 -460.71 
v 337.674 209.346 -460.675 
v 337.773 209.437 -460.662 
v 337.605 209.656 -460.631 
v 337.48 209.588 -460.575 
v 337.674 209.336 -460.61 
v 337.774 209.428 -460.597 
v 337.605 209.647 -460.566 
v 337.549 209.773 -460.551 
v 337.378 210.196 -460.504 
v 337.378 209.885 -460.539 
v 337.48 209.597 -460.64 
v 337.379 209.892 -460.605 
v 337.517 209.912 -460.601 
v 337.516 210.183 -460.57 
v 337.82 210.81 -459.728 
v 338.1 210.945 -459.694 
v 338.089 210.993 -459.738 
v 338.089 210.993 -459.738 
v 338.25 211.03 -459.721 
v 337.87 209.316 -461.903 
v 337.66 209.514 -461.872 
v 337.604 209.475 -461.867 
v 337.521 209.603 -461.85 
v 338.413 210.941 -459.009 
v 338.423 211.008 -459.14 
v 338.734 210.934 -462.401 
v 338.428 210.98 -462.435 
v 338.41 210.968 -462.289 
v 338.421 211.045 -460.411 
v 338.094 210.996 -460.446 
v 338.25 211.022 -460.364 
v 337.938 210.926 -460.399 
v 339.043 210.854 -460.34 
v 338.748 210.996 -460.375 
v 338.888 210.927 -460.294 
v 338.577 211.022 -460.329 
v 339.428 210.354 -460.269 
v 339.278 210.633 -460.304 
v 339.344 210.497 -460.224 
v 339.152 210.746 -460.259 
v 339.344 210.497 -460.224 
v 339.278 210.633 -460.304 
v 337.522 210.176 -461.178 
v 337.511 210.315 -461.112 
v 337.465 210.036 -461.144 
v 337.522 210.176 -461.178 
v 339.429 209.734 -460.198 
v 339.481 210.044 -460.233 
v 339.444 209.898 -460.155 
v 339.444 210.205 -460.189 
v 338.888 209.164 -460.814 
v 339.152 209.345 -460.849 
v 338.903 209.153 -460.751 
v 339.366 209.591 -460.822 
v 339.171 209.337 -460.786 
v 339.343 209.594 -460.884 
v 338.275 209.196 -460.723 
v 338.004 209.279 -460.692 
v 338.281 209.184 -460.658 
v 338.83 209.279 -460.783 
v 338.56 209.196 -460.753 
v 338.844 209.269 -460.72 
v 339.044 209.233 -460.127 
v 339.278 209.455 -460.162 
v 339.155 209.359 -460.085 
v 339.344 209.607 -460.12 
v 339.155 209.359 -460.085 
v 339.278 209.455 -460.162 
v 337.684 210.551 -459.852 
v 337.886 210.742 -459.822 
v 337.513 210.33 -459.931 
v 337.648 210.583 -459.899 
v 337.555 210.312 -459.883 
v 339.314 210.466 -462.318 
v 338.42 209.041 -460.056 
v 338.748 209.09 -460.092 
v 338.587 209.086 -460.017 
v 338.894 209.18 -460.051 
v 339.35 210.051 -460.828 
v 339.314 209.91 -460.874 
v 339.314 210.178 -460.905 
v 338.002 210.81 -460.414 
v 337.772 210.651 -460.444 
v 337.883 210.748 -460.494 
v 337.55 210.315 -460.555 
v 337.68 210.556 -460.525 
v 337.604 210.433 -460.475 
v 339.305 210.323 -460.86 
v 339.172 210.57 -460.891 
v 339.226 210.433 -460.935 
v 339.06 210.65 -460.965 
v 337.796 209.232 -459.985 
v 338.092 209.09 -460.021 
v 337.961 209.179 -459.948 
v 338.266 209.086 -459.982 
v 338.006 209.268 -460.627 
v 337.773 209.437 -460.662 
v 337.605 209.656 -460.631 
v 337.774 209.428 -460.597 
v 338.964 210.765 -460.922 
v 338.702 210.891 -460.954 
v 338.83 210.808 -460.996 
v 338.56 210.89 -461.026 
v 337.411 209.733 -459.915 
v 337.562 209.454 -459.95 
v 337.515 209.6 -459.88 
v 337.702 209.357 -459.914 
v 337.515 209.6 -459.88 
v 337.562 209.454 -459.95 
v 337.527 210.325 -459.266 
v 337.481 210.051 -459.298 
v 337.424 209.903 -459.325 
v 338.411 210.935 -460.985 
v 338.12 210.891 -461.017 
v 338.276 210.89 -461.056 
v 338.006 210.807 -461.087 
v 337.378 209.885 -460.539 
v 337.378 210.196 -460.504 
v 337.379 209.892 -460.605 
v 337.48 210.5 -460.534 
v 337.378 210.203 -460.57 
v 337.479 210.492 -460.469 
v 337.48 209.597 -460.64 
v 337.674 209.336 -460.61 
v 337.48 209.588 -460.575 
v 337.674 209.346 -460.675 
v 337.411 210.351 -459.844 
v 337.372 210.199 -459.862 
v 337.416 210.186 -459.812 
v 337.359 210.042 -459.88 
v 337.674 209.346 -460.675 
v 337.939 209.164 -460.71 
v 337.674 209.336 -460.61 
v 338.257 209.056 -460.68 
v 337.942 209.152 -460.645 
v 338.251 209.068 -460.745 
v 337.856 210.764 -461.048 
v 337.646 210.565 -461.08 
v 337.776 210.649 -461.117 
v 337.609 210.432 -461.147 
v 338.578 209.068 -460.779 
v 338.588 209.056 -460.715 
v 337.794 210.851 -459.774 
v 337.668 210.749 -459.791 
v 337.699 210.713 -459.745 
v 337.561 210.63 -459.809 
v 337.522 210.485 -459.258 
v 337.708 210.727 -459.224 
v 337.869 210.771 -459.203 
v 337.828 210.824 -459.208 
v 339.443 209.886 -460.919 
v 339.468 210.203 -460.893 
v 339.468 209.889 -460.857 
v 339.443 210.192 -460.953 
v 338.951 210.74 -460.307 
v 338.697 210.862 -460.337 
v 338.967 210.748 -460.371 
v 338.424 210.915 -460.432 
v 338.709 210.872 -460.402 
v 338.416 210.904 -460.368 
v 338.251 209.06 -461.388 
v 338.09 209.096 -461.371 
v 338.102 209.145 -461.413 
v 337.599 209.49 -461.346 
v 337.822 209.28 -461.38 
v 337.796 209.238 -461.335 
v 339.343 210.483 -460.988 
v 339.17 210.755 -460.964 
v 339.365 210.501 -460.928 
v 339.153 210.729 -461.022 
v 339.281 210.311 -460.246 
v 339.152 210.55 -460.277 
v 339.303 210.311 -460.308 
v 338.967 210.748 -460.371 
v 339.172 210.555 -460.34 
v 338.951 210.74 -460.307 
v 337.8 210.854 -460.482 
v 337.567 210.633 -460.517 
v 337.672 210.743 -460.434 
v 337.672 210.743 -460.434 
v 337.567 210.633 -460.517 
v 339.281 209.781 -460.185 
v 339.326 210.046 -460.216 
v 339.304 209.767 -460.246 
v 339.349 210.039 -460.277 
v 339.153 210.729 -461.022 
v 338.892 210.908 -461.057 
v 339.17 210.755 -460.964 
v 338.585 211.035 -461.035 
v 338.901 210.939 -460.999 
v 338.587 211.002 -461.091 
v 339.035 209.238 -461.476 
v 338.742 209.096 -461.441 
v 338.72 209.145 -461.48 
v 338.411 209.099 -461.447 
v 338.416 209.048 -461.406 
v 339.068 210.666 -461.575 
v 338.834 210.827 -461.606 
v 339.001 210.788 -461.711 
v 339.388 210.198 -461.483 
v 339.293 210.475 -461.516 
v 339.163 210.562 -461.56 
v 338.952 209.352 -460.125 
v 339.153 209.542 -460.155 
v 338.964 209.325 -460.184 
v 339.171 209.521 -460.215 
v 338.266 211.002 -461.126 
v 337.938 210.938 -461.106 
v 338.253 211.035 -461.07 
v 337.961 210.908 -461.16 
v 338.419 209.188 -460.064 
v 338.699 209.23 -460.095 
v 338.412 209.156 -460.121 
v 338.964 209.325 -460.184 
v 338.703 209.199 -460.152 
v 338.952 209.352 -460.125 
v 339.416 209.734 -461.546 
v 339.267 209.458 -461.511 
v 339.217 209.487 -461.546 
v 338.998 209.279 -461.513 
v 337.961 210.908 -461.16 
v 337.703 210.731 -461.194 
v 337.938 210.938 -461.106 
v 337.475 210.5 -461.177 
v 337.67 210.754 -461.141 
v 337.516 210.487 -461.228 
v 337.886 209.352 -460.004 
v 338.139 209.23 -460.034 
v 337.857 209.326 -460.058 
v 338.121 209.199 -460.09 
v 337.582 210.44 -461.762 
v 337.754 210.663 -461.731 
v 337.824 210.804 -461.699 
v 337.824 210.804 -461.699 
v 337.411 210.355 -461.194 
v 337.373 209.889 -461.247 
v 337.36 210.046 -461.23 
v 337.418 209.902 -461.296 
v 337.555 209.781 -459.943 
v 337.685 209.542 -459.974 
v 337.513 209.774 -459.995 
v 337.857 209.326 -460.058 
v 337.648 209.524 -460.027 
v 337.886 209.352 -460.004 
v 339.416 210.346 -461.616 
v 339.467 210.04 -461.581 
v 339.406 210.037 -461.613 
v 339.358 209.748 -461.58 
v 337.513 210.33 -459.931 
v 337.513 209.774 -459.995 
v 337.466 210.052 -459.963 
v 337.555 209.781 -459.943 
v 337.412 209.737 -461.265 
v 337.67 209.339 -461.318 
v 337.562 209.458 -461.3 
v 337.504 210.317 -459.137 
v 337.811 210.822 -459.077 
v 337.584 210.608 -459.111 
v 337.64 210.569 -459.105 
v 337.504 210.04 -460.52 
v 337.549 209.773 -460.551 
v 337.517 209.912 -460.601 
v 337.605 209.647 -460.566 
v 339.037 210.839 -461.686 
v 339.267 210.621 -461.651 
v 339.218 210.583 -461.678 
v 339.358 210.324 -461.646 
v 339.079 209.43 -460.751 
v 339.227 209.655 -460.844 
v 339.06 209.437 -460.813 
v 339.173 209.534 -460.766 
v 338.009 209.275 -461.299 
v 337.778 209.434 -461.269 
v 337.61 209.651 -461.238 
v 337.648 209.505 -461.207 
v 338.425 211.026 -461.756 
v 338.746 210.978 -461.721 
v 338.729 210.919 -461.744 
v 339.001 210.788 -461.711 
v 338.41 210.992 -459.661 
v 338.719 210.946 -459.627 
v 338.741 210.994 -459.668 
v 338.25 211.03 -459.721 
v 339.439 209.899 -462.123 
v 339.439 210.204 -462.157 
v 339.372 210.195 -462.143 
v 337.989 210.858 -459.851 
v 338.276 210.946 -459.819 
v 338.578 210.946 -459.787 
v 338.704 210.865 -459.73 
v 339.294 209.633 -461.417 
v 339.389 209.908 -461.45 
v 339.339 210.05 -461.498 
v 339.388 210.198 -461.483 
v 337.829 209.263 -461.901 
v 338.997 210.812 -459.594 
v 339.218 210.604 -459.561 
v 339.267 210.633 -459.597 
v 339.034 210.852 -459.632 
v 338.135 210.862 -460.398 
v 338.139 210.872 -460.463 
v 338.412 209.083 -462.099 
v 338.098 209.13 -462.065 
v 337.981 209.247 -462.05 
v 337.854 209.321 -462.034 
v 337.816 210.839 -461.825 
v 338.104 210.978 -461.791 
v 338.127 210.919 -461.809 
v 338.427 210.964 -461.777 
v 339.359 210.342 -459.527 
v 339.407 210.054 -459.494 
v 339.468 210.05 -459.527 
v 339.416 210.356 -459.562 
v 338.96 210.742 -459.7 
v 338.704 210.865 -459.73 
v 338.578 210.946 -459.787 
v 338.866 210.858 -459.754 
v 339.112 210.689 -459.722 
v 339.162 210.551 -459.669 
v 339.359 209.765 -459.461 
v 339.22 209.506 -459.428 
v 339.268 209.468 -459.457 
v 339.417 209.744 -459.492 
v 338.28 209.192 -461.329 
v 338.277 209.141 -461.288 
v 338.58 209.141 -461.32 
v 338.566 209.192 -461.36 
v 339.112 210.689 -459.722 
v 339.292 210.456 -459.689 
v 339.386 210.182 -459.656 
v 339.338 210.041 -459.608 
v 339.003 209.301 -459.396 
v 338.73 209.169 -459.363 
v 338.747 209.11 -459.387 
v 339.038 209.25 -459.422 
v 339.008 209.267 -462.167 
v 338.726 209.131 -462.133 
v 338.56 209.16 -462.113 
v 338.264 209.16 -462.081 
v 339.374 209.743 -462.234 
v 339.231 209.478 -462.2 
v 339.08 209.411 -462.176 
v 338.842 209.247 -462.144 
v 338.839 209.276 -461.391 
v 338.868 209.23 -461.352 
v 339.115 209.399 -461.385 
v 339.071 209.435 -461.421 
v 338.428 209.124 -459.33 
v 338.127 209.169 -459.298 
v 338.104 209.109 -459.318 
v 338.425 209.062 -459.352 
v 339.386 210.182 -459.656 
v 339.386 209.892 -459.624 
v 339.292 209.616 -459.591 
v 339.162 209.529 -459.546 
v 337.856 209.299 -459.265 
v 337.642 209.501 -459.233 
v 337.586 209.465 -459.249 
v 337.815 209.248 -459.283 
v 339.278 210.467 -462.175 
v 339.339 210.494 -462.192 
v 339.148 210.742 -462.226 
v 339.1 210.699 -462.207 
v 337.505 209.755 -459.201 
v 337.457 210.036 -459.169 
v 337.389 210.038 -459.18 
v 337.439 209.737 -459.214 
v 338.958 209.336 -459.515 
v 339.162 209.529 -459.546 
v 339.292 209.616 -459.591 
v 339.111 209.38 -459.558 
v 338.861 209.208 -459.525 
v 338.7 209.211 -459.484 
v 337.587 209.481 -461.997 
v 338.413 209.168 -459.453 
v 338.566 209.118 -459.492 
v 338.255 209.118 -459.459 
v 338.126 209.211 -459.422 
v 338.413 210.922 -461.653 
v 338.7 210.879 -461.622 
v 338.861 210.882 -461.582 
v 338.566 210.973 -461.615 
v 338.254 210.973 -461.649 
v 338.125 210.879 -461.684 
v 337.866 209.336 -459.391 
v 337.959 209.208 -459.426 
v 337.706 209.382 -459.392 
v 337.66 209.531 -459.36 
v 337.527 209.777 -459.329 
v 337.522 209.621 -459.359 
v 338.408 211.007 -459.009 
v 338.095 210.96 -459.043 
v 338.117 210.897 -459.041 
v 337.851 210.769 -459.073 
v 339.103 209.41 -462.046 
v 338.861 209.244 -462.014 
v 338.892 209.185 -462.02 
v 339.337 209.771 -462.094 
v 339.2 209.518 -462.062 
v 339.151 209.363 -462.054 
v 339.309 209.765 -462.223 
v 339.355 210.038 -462.254 
v 339.423 210.037 -462.268 
v 339.253 209.636 -462.207 
v 339.239 209.655 -461.452 
v 339.294 209.633 -461.417 
v 338.878 210.878 -462.385 
v 339.13 210.705 -462.351 
v 339.081 210.662 -462.332 
v 337.512 209.757 -461.176 
v 337.648 209.505 -461.207 
v 337.61 209.651 -461.238 
v 337.522 209.907 -461.208 
v 337.522 210.176 -461.178 
v 337.465 210.036 -461.144 
v 339.173 209.534 -460.766 
v 339.171 209.337 -460.786 
v 338.569 209.184 -460.689 
v 338.569 209.184 -460.689 
v 337.886 210.742 -459.822 
v 337.684 210.551 -459.852 
v 337.746 210.691 -459.883 
v 338.14 210.864 -459.792 
v 339.025 210.842 -462.244 
v 338.735 210.981 -462.279 
v 338.563 210.957 -462.273 
v 338.853 210.868 -462.24 
v 337.66 210.574 -459.235 
v 337.424 210.201 -459.292 
v 337.857 210.788 -461.842 
v 337.816 210.839 -461.825 
v 337.52 210.468 -461.749 
v 337.423 210.185 -461.783 
v 337.491 210.176 -461.793 
v 337.602 210.594 -461.732 
v 338.722 209.19 -461.998 
v 338.428 209.145 -461.966 
v 338.268 209.091 -461.951 
v 338.587 209.091 -461.985 
v 337.828 210.824 -459.208 
v 338.111 210.961 -459.174 
v 338.133 210.898 -459.172 
v 338.429 210.942 -459.14 
v 339.112 210.711 -461.549 
v 338.834 210.827 -461.606 
v 339.068 210.666 -461.575 
v 337.772 210.651 -460.444 
v 337.549 210.307 -460.49 
v 337.516 210.183 -460.57 
v 339.384 210.053 -462.126 
v 339.34 209.609 -462.088 
v 338.102 210.938 -461.665 
v 337.865 210.753 -461.715 
v 337.439 210.338 -459.146 
v 337.504 210.317 -459.137 
v 337.813 209.267 -462.031 
v 337.854 209.321 -462.034 
v 339.314 210.466 -462.318 
v 339.253 210.439 -462.301 
v 337.423 209.887 -461.816 
v 337.521 209.603 -461.85 
v 337.583 209.633 -461.856 
v 337.492 209.898 -461.825 
v 338.428 210.98 -462.435 
v 338.734 210.934 -462.401 
v 338.711 210.876 -462.379 
v 338.97 210.751 -462.348 
v 338.41 210.968 -462.289 
v 338.418 211.029 -462.313 
v 338.134 209.189 -461.935 
v 337.965 209.184 -461.917 
v 339.278 210.633 -460.304 
v 339.152 210.746 -460.259 
v 339.171 209.337 -460.786 
v 337.815 209.248 -459.283 
v 337.706 209.382 -459.392 
v 339.151 209.363 -462.054 
v 339.044 209.233 -460.127 
v 338.901 210.939 -460.999 
v 339.152 209.345 -460.849 
v 337.811 210.822 -459.077 
v 339.267 210.621 -461.651 
v 338.253 211.035 -461.07 
v 339.268 209.468 -459.457 
v 339.374 210.329 -462.301 
v 339.309 210.311 -462.286 
v 339.231 209.478 -462.2 
v 337.796 209.232 -459.985 
v 337.938 210.938 -461.106 
v 337.67 210.754 -461.141 
v 337.646 210.565 -461.08 
v 339.267 209.458 -461.511 
v 338.894 209.18 -460.051 
v 339.267 210.633 -459.597 
v 337.359 210.042 -459.88 
v 337.372 209.886 -459.897 
v 337.416 209.886 -459.846 
v 337.372 209.886 -459.897 
v 337.359 210.042 -459.88 
v 338.742 209.096 -461.441 
v 337.373 210.202 -461.212 
v 337.373 210.202 -461.212 
v 337.411 210.355 -461.194 
v 337.418 210.201 -461.262 
v 338.892 210.908 -461.057 
v 338.58 211.03 -459.685 
v 338.415 211.042 -459.703 
v 338.58 211.03 -459.685 
v 337.796 209.238 -461.335 
v 337.937 209.156 -461.353 
v 337.99 209.229 -461.256 
v 337.937 209.156 -461.353 
v 337.561 210.63 -459.809 
v 337.474 210.496 -459.827 
v 337.514 210.471 -459.779 
v 337.474 210.496 -459.827 
v 337.561 210.63 -459.809 
v 337.475 209.592 -461.283 
v 337.475 209.592 -461.283 
v 337.412 209.737 -461.265 
v 337.516 209.618 -461.329 
v 337.961 209.179 -459.948 
v 337.587 210.623 -461.86 
v 337.643 210.586 -461.874 
v 337.64 210.569 -459.105 
v 337.66 210.574 -459.235 
v 337.856 209.299 -459.265 
v 339.293 210.475 -461.516 
v 337.441 210.351 -461.894 
v 337.507 210.332 -461.906 
v 339.292 209.616 -459.591 
v 339.292 209.616 -459.591 
v 339.111 209.38 -459.558 
v 338.958 209.336 -459.515 
v 337.391 210.05 -461.929 
v 337.46 210.052 -461.938 
v 339.003 209.301 -459.396 
v 339.218 210.583 -461.678 
v 337.441 209.751 -461.963 
v 337.507 209.772 -461.97 
v 337.416 209.886 -459.846 
v 337.515 209.6 -459.88 
v 337.685 209.542 -459.974 
v 337.416 209.886 -459.846 
v 337.411 209.733 -459.915 
v 339.08 209.411 -462.176 
v 337.587 209.481 -461.997 
v 337.643 209.52 -462.002 
v 339.389 209.908 -461.45 
v 339.388 210.198 -461.483 
v 339.294 210.319 -461.529 
v 338.998 209.279 -461.513 
v 339.386 210.182 -459.656 
v 339.386 209.892 -459.624 
v 339.293 209.772 -459.577 
v 337.36 210.046 -461.23 
v 338.997 210.812 -459.594 
v 338.72 209.145 -461.48 
v 338.566 209.192 -461.36 
v 337.514 210.471 -459.779 
v 337.416 210.186 -459.812 
v 337.511 210.046 -459.913 
v 337.411 210.351 -459.844 
v 337.866 209.336 -459.391 
v 339.294 209.633 -461.417 
v 339.294 209.633 -461.417 
v 337.68 210.556 -460.525 
v 338.102 209.145 -461.413 
v 337.822 209.28 -461.38 
v 338.009 209.275 -461.299 
v 337.774 209.428 -460.597 
v 337.773 209.437 -460.662 
v 339.292 210.456 -459.689 
v 339.112 210.689 -459.722 
v 339.292 210.456 -459.689 
v 339.293 210.309 -459.638 
v 339.172 210.555 -460.34 
v 337.936 210.933 -459.756 
v 337.936 210.933 -459.756 
v 337.989 210.858 -459.851 
v 337.599 209.49 -461.346 
v 337.562 209.458 -461.3 
v 337.516 209.618 -461.329 
v 337.61 209.651 -461.238 
v 337.684 210.551 -459.852 
v 339.171 209.521 -460.215 
v 338.58 209.141 -461.32 
v 338.742 209.096 -461.441 
v 338.958 209.336 -459.515 
v 338.7 209.211 -459.484 
v 339.111 209.38 -459.558 
v 339.172 210.57 -460.891 
v 338.964 210.765 -460.922 
v 339.06 210.65 -460.965 
v 339.152 210.55 -460.277 
v 339.06 209.437 -460.813 
v 338.866 210.858 -459.754 
v 338.578 210.946 -459.787 
v 338.741 210.994 -459.668 
v 338.578 210.946 -459.787 
v 338.866 210.858 -459.754 
v 338.96 210.742 -459.7 
v 339.386 209.892 -459.624 
v 338.42 210.919 -462.411 
v 338.418 211.029 -462.313 
v 338.428 210.98 -462.435 
v 338.42 210.919 -462.411 
v 339.389 209.908 -461.45 
v 338.12 210.891 -461.017 
v 338.253 211.035 -461.07 
v 337.856 210.764 -461.048 
v 338.408 211.007 -459.009 
v 338.413 210.941 -459.009 
v 338.429 210.942 -459.14 
v 338.413 210.941 -459.009 
v 338.423 211.008 -459.14 
v 338.423 211.008 -459.14 
v 339.153 209.542 -460.155 
v 338.277 209.141 -461.288 
v 337.99 209.229 -461.256 
v 338.09 209.096 -461.371 
v 337.648 209.524 -460.027 
v 337.511 210.315 -461.112 
v 337.646 210.565 -461.08 
v 337.67 210.754 -461.141 
v 337.646 210.565 -461.08 
v 337.511 210.315 -461.112 
v 337.609 210.432 -461.147 
v 338.276 210.946 -459.819 
v 337.989 210.858 -459.851 
v 338.089 210.993 -459.738 
v 338.422 210.907 -459.761 
v 339.292 210.456 -459.689 
v 338.83 210.808 -460.996 
v 337.465 210.036 -461.144 
v 337.512 209.757 -461.176 
v 337.522 209.907 -461.208 
v 338.96 210.742 -459.7 
v 339.162 210.551 -459.669 
v 338.96 210.742 -459.7 
v 338.866 210.858 -459.754 
v 337.648 209.505 -461.207 
v 337.746 210.691 -459.883 
v 337.746 210.691 -459.883 
v 337.684 210.551 -459.852 
v 337.886 209.352 -460.004 
v 337.515 209.6 -459.88 
v 337.685 209.542 -459.974 
v 338.006 210.807 -461.087 
v 338.276 210.946 -459.819 
v 337.416 210.186 -459.812 
v 337.522 210.176 -461.178 
v 337.609 210.432 -461.147 
v 337.511 210.315 -461.112 
v 337.778 209.434 -461.269 
v 338.009 209.275 -461.299 
v 337.822 209.28 -461.38 
v 337.555 210.312 -459.883 
v 337.684 210.551 -459.852 
v 337.699 210.713 -459.745 
v 338.14 210.864 -459.792 
v 337.886 210.742 -459.822 
v 337.746 210.691 -459.883 
v 337.61 209.651 -461.238 
v 337.61 209.651 -461.238 
v 337.522 209.907 -461.208 
v 337.512 209.757 -461.176 
v 338.41 210.968 -462.289 
v 338.418 211.029 -462.313 
v 339.025 210.842 -462.244 
v 339.148 210.742 -462.226 
v 339.13 210.705 -462.351 
v 337.708 210.727 -459.224 
v 337.604 209.475 -461.867 
v 337.602 210.594 -461.732 
v 339.103 209.41 -462.046 
v 337.66 209.514 -461.872 
v 337.754 210.663 -461.731 
v 338.97 210.751 -462.348 
v 339.081 210.662 -462.332 
v 339.1 210.699 -462.207 
v 339.163 210.562 -461.56 
v 339.079 209.43 -460.751 
v 339.173 209.534 -460.766 
v 339.06 209.437 -460.813 
v 339.294 209.781 -461.467 
v 337.475 209.592 -461.283 
v 337.668 210.749 -459.791 
v 337.699 210.713 -459.745 
v 337.668 210.749 -459.791 
v 337.474 210.496 -459.827 
v 337.411 210.351 -459.844 
v 337.514 210.471 -459.779 
v 337.412 209.737 -461.265 
v 337.936 210.933 -459.756 
v 338.089 210.993 -459.738 
v 337.989 210.858 -459.851 
v 337.937 209.156 -461.353 
v 338.09 209.096 -461.371 
v 337.99 209.229 -461.256 
v 337.36 210.046 -461.23 
v 337.359 210.042 -459.88 
v 337.411 209.733 -459.915 
v 337.411 210.355 -461.194 
v 338.741 210.994 -459.668 

vn 0.464567 0.874016 0.133858 
vn 0.173228 0.968504 0.165354 
vn -0.173228 -0.968504 -0.165354 
vn 0.173228 0.968504 0.165354 
vn 0.464567 0.874016 0.133858 
vn -0.464567 -0.874016 -0.133858 
vn 0.212598 0.299213 -0.929134 
vn 0.110236 0.314961 -0.944882 
vn -0.165354 -0.220472 0.96063 
vn 0.110236 0.314961 -0.944882 
vn 0.212598 0.299213 -0.929134 
vn -0.023622 -0.551181 0.834646 
vn -0.110236 0.212598 -0.968504 
vn -0.0551181 0.267717 -0.96063 
vn 0.275591 -0.330709 0.897638 
vn 0.0472441 -0.19685 0.976378 
vn 0.0551181 -0.267717 0.96063 
vn -0.110236 0.212598 -0.968504 
vn -0.76378 0.204724 0.614173 
vn -0.748031 -0.015748 0.661417 
vn 0.456693 -0.251969 -0.858268 
vn -0.338583 0.188976 0.92126 
vn -0.425197 0.330709 0.84252 
vn 0.456693 -0.251969 -0.858268 
vn -0.125984 0.0472441 -0.992126 
vn -0.11811 0.0314961 -0.992126 
vn 0.125984 -0.0472441 0.992126 
vn -0.125984 0.0472441 -0.992126 
vn -0.141732 0.0708661 -0.984252 
vn 0.133858 -0.0629921 0.992126 
vn -0.141732 0.110236 -0.984252 
vn -0.141732 0.0708661 -0.984252 
vn 0.141732 -0.0944882 0.984252 
vn 0.141732 -0.133858 0.976378 
vn 0.141732 -0.0944882 0.984252 
vn -0.141732 0.110236 -0.984252 
vn 0.708661 -0.708661 -0.00787402 
vn 0.464567 -0.88189 -0.015748 
vn -0.456693 0.889764 0.015748 
vn -0.708661 0.708661 -0.015748 
vn -0.905512 0.417323 0.0629921 
vn 0.88189 -0.464567 0.0472441 
vn -0.80315 0.574803 0.173228 
vn -0.598425 0.779528 0.181102 
vn 0.598425 -0.787402 -0.15748 
vn -0.984252 0.15748 0.00787402 
vn -0.905512 0.417323 0.0393701 
vn 0.811024 -0.574803 -0.125984 
vn 0.314961 0.0708661 -0.944882 
vn 0.259843 0 -0.968504 
vn -0.165354 -0.110236 0.976378 
vn 0.125984 0.0472441 -0.992126 
vn 0.125984 0.0708661 -0.992126 
vn -0.141732 -0.0314961 0.992126 
vn 0.19685 -0.0393701 -0.976378 
vn 0.125984 0.015748 -0.992126 
vn -0.141732 -0.0314961 0.992126 
vn -0.165354 -0.110236 0.976378 
vn -0.15748 -0.0629921 0.984252 
vn 0.125984 0.102362 -0.984252 
vn 0.362205 -0.401575 -0.84252 
vn 0.511811 -0.417323 -0.748031 
vn -0.472441 0.511811 0.716535 
vn 0.102362 0.614173 0.787402 
vn -0.102362 0.629921 0.771654 
vn -0.314961 -0.811024 -0.488189 
vn 0.228346 -0.88189 -0.417323 
vn -0.0551181 -0.889764 -0.456693 
vn -0.299213 0.590551 0.748031 
vn 0.0629921 -0.496063 -0.866142 
vn 0.212598 -0.472441 -0.850394 
vn -0.110236 0.629921 0.771654 
vn 0.204724 0.149606 0.968504 
vn 0.181102 0.212598 0.96063 
vn -0.19685 -0.165354 -0.968504 
vn 0.125984 0.275591 0.952756 
vn 0.181102 0.212598 0.96063 
vn -0.125984 -0.283465 -0.952756 
vn -0.133858 -0.283465 -0.944882 
vn -0.173228 -0.220472 -0.96063 
vn 0.125984 0.283465 0.952756 
vn -0.204724 -0.110236 -0.968504 
vn -0.19685 -0.173228 -0.968504 
vn 0.204724 0.141732 0.968504 
vn -0.110236 0.0393701 -0.992126 
vn -0.11811 0.023622 -0.992126 
vn 0.110236 -0.0314961 0.992126 
vn 0.125984 -0.0472441 0.992126 
vn 0.11811 -0.0314961 0.992126 
vn -0.125984 0.0472441 -0.992126 
vn 0.110236 -0.0314961 0.992126 
vn 0.110236 -0.0314961 0.992126 
vn -0.110236 0.0314961 -0.992126 
vn 0.11811 -0.0314961 0.992126 
vn 0.307087 0.244094 -0.92126 
vn 0.393701 0.15748 -0.905512 
vn -0.362205 -0.212598 0.905512 
vn -0.188976 -0.574803 0.795276 
vn 0.393701 0.15748 -0.905512 
vn 0.307087 0.244094 -0.92126 
vn -0.354331 -0.204724 0.913386 
vn -0.267717 -0.283465 0.92126 
vn -0.354331 -0.204724 0.913386 
vn 0.307087 0.244094 -0.92126 
vn 0.11811 0.00787402 -0.992126 
vn 0.992126 0.0787402 0.110236 
vn -0.11811 -0.00787402 0.992126 
vn -0.125984 -0.015748 0.992126 
vn -0.11811 -0.00787402 0.992126 
vn 0.992126 0.0787402 0.110236 
vn 0.11811 0.00787402 -0.992126 
vn -0.125984 -0.015748 0.992126 
vn -0.551181 0.425197 0.716535 
vn -0.669291 0.251969 0.700787 
vn 0.732283 -0.15748 -0.661417 
vn -0.299213 0.590551 0.748031 
vn -0.456693 0.511811 0.724409 
vn 0.228346 -0.88189 -0.417323 
vn 0.645669 -0.338583 -0.685039 
vn 0.732283 -0.15748 -0.661417 
vn -0.677165 0.133858 0.724409 
vn -0.559055 0.440945 0.700787 
vn -0.472441 0.511811 0.716535 
vn 0.511811 -0.417323 -0.748031 
vn 0.322835 0.291339 -0.905512 
vn 0.338583 0.173228 -0.929134 
vn -0.125984 -0.228346 0.968504 
vn -0.15748 -0.165354 0.976378 
vn -0.125984 -0.228346 0.968504 
vn -0.15748 -0.165354 0.976378 
vn 0.0866142 0.181102 -0.976378 
vn 0.110236 0.141732 -0.984252 
vn -0.015748 -0.291339 0.952756 
vn 0.0472441 -0.267717 0.96063 
vn 0.015748 0.299213 -0.952756 
vn -0.0944882 -0.23622 0.968504 
vn 0.133858 0.519685 -0.84252 
vn 0.251969 0.417323 -0.874016 
vn 0.00787402 -0.322835 0.944882 
vn -0.125984 -0.228346 0.968504 
vn -0.0708661 -0.283465 0.96063 
vn 0.322835 0.291339 -0.905512 
vn 0.00787402 -0.322835 0.944882 
vn -0.0708661 -0.283465 0.96063 
vn -0.015748 0.244094 -0.968504 
vn 0.0393701 0.220472 -0.976378 
vn -0.204724 0.590551 -0.779528 
vn -0.023622 0.582677 -0.811024 
vn 0.212598 -0.322835 0.92126 
vn 0.110236 -0.338583 0.937008 
vn 0.212598 -0.322835 0.92126 
vn 0.110236 -0.338583 0.937008 
vn -0.165354 0.23622 -0.96063 
vn -0.0866142 0.251969 -0.96063 
vn -0.0551181 0.267717 -0.96063 
vn 0.015748 0.299213 -0.952756 
vn -0.0551181 0.267717 -0.96063 
vn -0.00787402 -0.299213 0.952756 
vn -0.566929 0.417323 -0.708661 
vn -0.393701 0.535433 -0.748031 
vn 0.409449 -0.173228 0.897638 
vn 0.322835 -0.267717 0.905512 
vn 0.409449 -0.173228 0.897638 
vn 0.322835 -0.267717 0.905512 
vn -0.314961 0.125984 -0.944882 
vn -0.244094 0.19685 -0.952756 
vn -0.314961 0.125984 -0.944882 
vn 0.322835 -0.267717 0.905512 
vn -0.716535 0.188976 -0.669291 
vn -0.645669 0.433071 -0.622047 
vn 0.708661 -0.433071 0.559055 
vn -0.669291 -0.244094 -0.708661 
vn -0.724409 -0.0314961 -0.692913 
vn 0.787402 0.0551181 0.622047 
vn 0.724409 -0.0787402 0.685039 
vn 0.685039 -0.299213 0.661417 
vn -0.653543 0.291339 -0.692913 
vn -0.692913 0.0787402 -0.716535 
vn -0.740157 -0.0393701 -0.669291 
vn 0.685039 0.141732 0.708661 
vn -0.283465 -0.937008 -0.19685 
vn -0.551181 -0.80315 -0.23622 
vn 0.685039 0.708661 0.15748 
vn 0.440945 0.889764 0.125984 
vn 0.149606 0.984252 0.0866142 
vn 0.023622 -0.984252 -0.165354 
vn -0.283465 -0.937008 -0.19685 
vn 0.023622 -0.984252 -0.165354 
vn -0.0314961 0.968504 0.244094 
vn 0.267717 0.92126 0.275591 
vn 0.527559 0.787402 0.314961 
vn -0.551181 -0.80315 -0.23622 
vn -0.771654 0.023622 -0.637795 
vn -0.700787 0.244094 -0.677165 
vn 0.496063 0.102362 0.866142 
vn 0.409449 -0.173228 0.897638 
vn 0.472441 -0.0472441 0.88189 
vn -0.566929 0.417323 -0.708661 
vn 0.496063 0.102362 0.866142 
vn 0.472441 -0.0472441 0.88189 
vn -0.377953 -0.0787402 -0.92126 
vn -0.354331 0.0314961 -0.937008 
vn -0.133858 0.968504 0.204724 
vn -0.417323 0.874016 0.23622 
vn 0.417323 -0.874016 -0.23622 
vn 0.133858 -0.968504 -0.204724 
vn -0.173228 -0.968504 -0.165354 
vn 0.133858 -0.968504 -0.204724 
vn 0.417323 -0.874016 -0.23622 
vn -0.417323 0.874016 0.23622 
vn -0.76378 -0.590551 -0.267717 
vn -0.897638 -0.330709 -0.299213 
vn 0.96063 0.181102 0.228346 
vn 0.866142 0.464567 0.19685 
vn -0.76378 -0.590551 -0.267717 
vn 0.740157 0.582677 0.346457 
vn 0.866142 0.330709 0.377953 
vn -0.897638 -0.330709 -0.299213 
vn -0.944882 -0.0393701 -0.338583 
vn -0.897638 0.244094 -0.370079 
vn 0.866142 -0.401575 0.299213 
vn 0.96063 -0.11811 0.259843 
vn -0.944882 -0.0393701 -0.338583 
vn 0.913386 0.0472441 0.401575 
vn 0.874016 -0.228346 0.433071 
vn -0.897638 0.244094 -0.370079 
vn -0.685039 -0.456693 -0.566929 
vn -0.771654 -0.220472 -0.598425 
vn 0.393701 0.401575 0.826772 
vn 0.472441 0.251969 0.84252 
vn 0.393701 0.401575 0.826772 
vn 0.472441 0.251969 0.84252 
vn -0.299213 -0.307087 -0.905512 
vn -0.354331 -0.19685 -0.913386 
vn -0.76378 0.503937 -0.401575 
vn -0.566929 0.700787 -0.433071 
vn 0.456693 -0.811024 0.362205 
vn 0.692913 -0.637795 0.330709 
vn -0.76378 0.503937 -0.401575 
vn 0.748031 -0.472441 0.464567 
vn 0.559055 -0.669291 0.496063 
vn -0.566929 0.700787 -0.433071 
vn -0.322835 0.826772 -0.464567 
vn -0.0551181 0.866142 -0.496063 
vn -0.0944882 -0.897638 0.433071 
vn 0.188976 -0.897638 0.401575 
vn -0.322835 0.826772 -0.464567 
vn 0.322835 -0.787402 0.519685 
vn 0.0629921 -0.834646 0.551181 
vn -0.0551181 0.866142 -0.496063 
vn 0.204724 0.826772 -0.527559 
vn 0.433071 0.708661 -0.551181 
vn -0.574803 -0.653543 0.496063 
vn -0.354331 -0.811024 0.464567 
vn 0.204724 0.826772 -0.527559 
vn -0.188976 -0.795276 0.574803 
vn -0.409449 -0.685039 0.606299 
vn 0.433071 0.708661 -0.551181 
vn 0.141732 -0.023622 0.992126 
vn 0.15748 -0.00787402 0.984252 
vn -0.149606 0.0944882 -0.984252 
vn -0.291339 0.0708661 -0.952756 
vn -0.212598 0.102362 -0.968504 
vn 0.314961 -0.0393701 0.952756 
vn -0.125984 0.00787402 -0.992126 
vn -0.141732 -0.015748 -0.992126 
vn 0.141732 -0.023622 0.992126 
vn 0.149606 0.0393701 0.984252 
vn 0.165354 -0.00787402 0.984252 
vn -0.149606 -0.0393701 -0.984252 
vn -0.314961 -0.811024 -0.488189 
vn -0.535433 -0.661417 -0.527559 
vn 0.102362 0.614173 0.787402 
vn 0.393701 0.401575 0.826772 
vn 0.267717 0.527559 0.80315 
vn -0.685039 -0.456693 -0.566929 
vn 0.102362 0.598425 0.795276 
vn 0.267717 0.527559 0.80315 
vn -0.0866142 -0.464567 -0.88189 
vn -0.204724 -0.401575 -0.889764 
vn -0.0866142 -0.464567 -0.88189 
vn 0.267717 0.527559 0.80315 
vn 0.259843 -0.511811 -0.818898 
vn 0.0944882 -0.598425 -0.795276 
vn -0.181102 0.559055 0.811024 
vn -0.00787402 0.614173 0.787402 
vn -0.181102 0.559055 0.811024 
vn 0.0944882 -0.598425 -0.795276 
vn 0.0944882 -0.598425 -0.795276 
vn 0.259843 -0.511811 -0.818898 
vn -0.181102 0.559055 0.811024 
vn -0.00787402 0.614173 0.787402 
vn 0.188976 0.614173 0.76378 
vn -0.0866142 -0.614173 -0.787402 
vn 0.614173 0.527559 -0.582677 
vn 0.732283 0.307087 -0.614173 
vn -0.732283 -0.188976 0.653543 
vn -0.724409 -0.440945 0.527559 
vn 0.614173 0.527559 -0.582677 
vn -0.582677 -0.511811 0.629921 
vn -0.677165 -0.307087 0.669291 
vn 0.732283 0.307087 -0.614173 
vn 0.76378 0.0708661 -0.637795 
vn 0.732283 -0.15748 -0.661417 
vn -0.669291 0.251969 0.700787 
vn -0.732283 0.0393701 0.677165 
vn -0.732283 -0.188976 0.653543 
vn 0.732283 0.307087 -0.614173 
vn 0.76378 0.0708661 -0.637795 
vn -0.755906 0.0472441 0.653543 
vn 0.125984 -0.0629921 0.992126 
vn 0.141732 -0.0551181 0.992126 
vn -0.11811 0.0708661 -0.992126 
vn -0.11811 0.015748 -0.992126 
vn 0.11811 -0.015748 0.992126 
vn 0.283465 -0.952756 -0.133858 
vn -0.165354 0.984252 0.0551181 
vn 0.291339 -0.952756 -0.110236 
vn -0.322835 0.92126 0.212598 
vn 0.125984 0.283465 0.952756 
vn 0.11811 0.606299 0.787402 
vn -0.188976 -0.393701 -0.897638 
vn 0.0472441 -0.370079 -0.929134 
vn 0 -0.354331 -0.937008 
vn -0.0393701 0.511811 0.858268 
vn -0.00787402 0.267717 0.96063 
vn 0.0629921 0.259843 0.96063 
vn -0.015748 -0.283465 -0.96063 
vn -0.125984 -0.283465 -0.952756 
vn -0.677165 -0.228346 0.692913 
vn -0.496063 -0.275591 0.826772 
vn 0.456693 0.0393701 -0.889764 
vn 0.480315 -0.102362 -0.874016 
vn 0.480315 -0.102362 -0.874016 
vn 0.456693 0.0393701 -0.889764 
vn -0.362205 0.0787402 0.929134 
vn -0.346457 -0.023622 0.937008 
vn -0.629921 0.716535 0.291339 
vn -0.850394 0.464567 0.23622 
vn 0.834646 -0.464567 -0.307087 
vn 0.661417 -0.700787 -0.267717 
vn 0.385827 -0.0944882 0.913386 
vn 0.433071 0.00787402 0.905512 
vn -0.850394 0.464567 0.23622 
vn -0.629921 0.724409 0.267717 
vn -0.133858 0.165354 -0.976378 
vn 0.125984 -0.181102 0.976378 
vn -0.110236 0.212598 -0.968504 
vn -0.133858 0.165354 -0.976378 
vn 0.125984 -0.181102 0.976378 
vn 0.141732 -0.133858 0.976378 
vn -0.204724 -0.110236 -0.968504 
vn -0.19685 -0.0629921 -0.976378 
vn 0.299213 0.11811 0.944882 
vn 0.370079 0.0393701 0.929134 
vn -0.19685 -0.0551181 -0.976378 
vn 0.149606 0.0787402 0.984252 
vn -0.0866142 -0.622047 -0.779528 
vn -0.299213 -0.574803 -0.76378 
vn 0.188976 0.614173 0.76378 
vn 0.377953 0.551181 0.740157 
vn 0.188976 0.614173 0.76378 
vn -0.299213 -0.574803 -0.76378 
vn -0.299213 -0.574803 -0.76378 
vn -0.149606 -0.496063 -0.858268 
vn 0.377953 0.551181 0.740157 
vn 0.527559 0.448819 0.724409 
vn -0.472441 -0.480315 -0.740157 
vn 0.559055 -0.637795 0.527559 
vn -0.527559 0.614173 -0.582677 
vn -0.322835 0.76378 -0.559055 
vn 0.346457 -0.795276 0.496063 
vn 0.582677 -0.511811 0.637795 
vn 0.409449 -0.677165 0.614173 
vn -0.322835 0.76378 -0.559055 
vn -0.527559 0.622047 -0.582677 
vn -0.653543 0.440945 -0.614173 
vn 0.0866142 -0.88189 0.464567 
vn -0.0708661 0.84252 -0.527559 
vn 0.188976 0.84252 -0.496063 
vn -0.188976 -0.88189 0.433071 
vn 0.188976 -0.787402 0.582677 
vn -0.0629921 -0.826772 0.559055 
vn 0.188976 0.84252 -0.496063 
vn -0.0708661 0.84252 -0.527559 
vn -0.322835 0.76378 -0.559055 
vn 0.409449 -0.677165 0.614173 
vn -0.456693 -0.795276 0.401575 
vn 0.448819 0.76378 -0.464567 
vn 0.669291 0.598425 -0.433071 
vn -0.685039 -0.629921 0.370079 
vn -0.314961 -0.787402 0.527559 
vn -0.551181 -0.669291 0.496063 
vn 0.669291 0.598425 -0.433071 
vn 0.448819 0.76378 -0.464567 
vn -0.858268 -0.393701 0.338583 
vn 0.834646 0.377953 -0.401575 
vn 0.92126 0.102362 -0.370079 
vn -0.944882 -0.11811 0.307087 
vn -0.740157 -0.472441 0.472441 
vn -0.866142 -0.228346 0.440945 
vn 0.92126 0.102362 -0.370079 
vn 0.834646 0.370079 -0.401575 
vn -0.944882 0.181102 0.267717 
vn 0.92126 -0.181102 -0.338583 
vn -0.913386 0.0472441 0.409449 
vn 0.433071 0.00787402 0.905512 
vn 0.834646 -0.464567 -0.307087 
vn 0.92126 -0.181102 -0.338583 
vn 0.377953 -0.393701 -0.834646 
vn -0.409449 0.346457 0.84252 
vn -0.322835 0.456693 0.826772 
vn -0.409449 0.346457 0.84252 
vn 0.377953 -0.393701 -0.834646 
vn 0.377953 -0.393701 -0.834646 
vn -0.322835 0.456693 0.826772 
vn -0.181102 0.559055 0.811024 
vn 0.259843 -0.511811 -0.818898 
vn 1 -0.00787402 0.0787402 
vn 0.952756 -0.291339 -0.0472441 
vn 0.944882 -0.314961 0 
vn -0.472441 -0.480315 -0.740157 
vn -0.598425 -0.346457 -0.716535 
vn 0.527559 0.433071 0.732283 
vn 0.708661 0.283465 0.645669 
vn 0.527559 0.433071 0.732283 
vn -0.598425 -0.346457 -0.716535 
vn 0.590551 0.314961 0.740157 
vn -0.661417 -0.125984 -0.740157 
vn -0.614173 -0.346457 -0.708661 
vn -0.440945 -0.354331 -0.826772 
vn 0.527559 0.448819 0.724409 
vn -0.464567 -0.874016 -0.133858 
vn -0.708661 -0.692913 -0.102362 
vn 0.708661 0.692913 0.102362 
vn 0.88189 0.472441 0.0866142 
vn -0.889764 -0.448819 -0.0629921 
vn -0.708661 -0.692913 -0.102362 
vn 0.708661 0.692913 0.102362 
vn 0.874016 0.480315 0.0708661 
vn 0.952756 0.283465 0.133858 
vn -0.984252 0.15748 0.00787402 
vn -0.984252 -0.15748 -0.0314961 
vn -0.889764 -0.448819 -0.0629921 
vn -0.984252 -0.15748 -0.0314961 
vn 0.984252 0.15748 -0.0393701 
vn 0.984252 -0.133858 -0.0944882 
vn -0.456693 0.511811 0.724409 
vn -0.299213 0.590551 0.748031 
vn -0.149606 0.708661 -0.692913 
vn -0.149606 0.708661 -0.692913 
vn -0.149606 0.511811 0.84252 
vn 0.11811 -0.0314961 0.992126 
vn 0.125984 -0.0472441 0.992126 
vn 0.125984 -0.0472441 0.992126 
vn 0.133858 -0.0629921 0.992126 
vn -0.110236 -0.00787402 0.992126 
vn 0.110236 0.00787402 -0.992126 
vn 0 -0.354331 -0.937008 
vn -0.992126 0.0787402 -0.110236 
vn -0.992126 0.0787402 -0.110236 
vn -0.0314961 0.968504 0.244094 
vn -0.322835 0.92126 0.212598 
vn -0.165354 0.984252 0.0551181 
vn -0.456693 0.889764 0.015748 
vn 0.527559 0.787402 0.314961 
vn 0.267717 0.92126 0.275591 
vn 0.440945 0.889764 0.125984 
vn 0.149606 0.984252 0.0866142 
vn 0.866142 0.330709 0.377953 
vn 0.740157 0.582677 0.346457 
vn 0.866142 0.464567 0.19685 
vn 0.685039 0.708661 0.15748 
vn 0.866142 0.464567 0.19685 
vn 0.740157 0.582677 0.346457 
vn 0.787402 -0.188976 0.590551 
vn 0.685039 -0.299213 0.661417 
vn 0.724409 -0.0787402 0.685039 
vn 0.787402 -0.188976 0.590551 
vn 0.874016 -0.228346 0.433071 
vn 0.913386 0.0472441 0.401575 
vn 0.96063 -0.11811 0.259843 
vn 0.96063 0.181102 0.228346 
vn 0.417323 -0.874016 -0.23622 
vn 0.661417 -0.700787 -0.267717 
vn 0.417323 -0.874016 -0.23622 
vn 0.834646 -0.464567 -0.307087 
vn 0.267717 -0.11811 0.952756 
vn 0.834646 -0.464567 -0.307087 
vn 0.173228 0.968504 0.165354 
vn 0.464567 0.874016 0.133858 
vn 0.173228 0.968504 0.165354 
vn -0.417323 0.874016 0.23622 
vn -0.133858 0.968504 0.204724 
vn -0.417323 0.874016 0.23622 
vn 0.559055 -0.669291 0.496063 
vn 0.748031 -0.472441 0.464567 
vn 0.692913 -0.637795 0.330709 
vn 0.866142 -0.401575 0.299213 
vn 0.692913 -0.637795 0.330709 
vn 0.748031 -0.472441 0.464567 
vn 0.629921 -0.330709 -0.700787 
vn 0.480315 -0.787402 -0.377953 
vn 0.732283 -0.15748 -0.661417 
vn 0.645669 -0.338583 -0.685039 
vn 0.732283 -0.15748 -0.661417 
vn -0.173228 -0.220472 -0.96063 
vn 0.0629921 -0.834646 0.551181 
vn 0.322835 -0.787402 0.519685 
vn 0.188976 -0.897638 0.401575 
vn 0.456693 -0.811024 0.362205 
vn -0.913386 0.0472441 0.409449 
vn -0.944882 0.181102 0.267717 
vn -0.944882 -0.11811 0.307087 
vn 0.464567 -0.88189 -0.015748 
vn 0.708661 -0.708661 -0.00787402 
vn 0.598425 -0.787402 -0.15748 
vn 0.944882 -0.314961 0 
vn 0.811024 -0.574803 -0.125984 
vn 0.88189 -0.464567 0.0472441 
vn -0.866142 -0.228346 0.440945 
vn -0.740157 -0.472441 0.472441 
vn -0.858268 -0.393701 0.338583 
vn -0.685039 -0.629921 0.370079 
vn -0.409449 -0.685039 0.606299 
vn -0.188976 -0.795276 0.574803 
vn -0.354331 -0.811024 0.464567 
vn -0.0944882 -0.897638 0.433071 
vn 0.464567 0.874016 0.133858 
vn 0.708661 0.692913 0.102362 
vn 0.88189 0.472441 0.0866142 
vn 0.708661 0.692913 0.102362 
vn -0.551181 -0.669291 0.496063 
vn -0.314961 -0.787402 0.527559 
vn -0.456693 -0.795276 0.401575 
vn -0.188976 -0.88189 0.433071 
vn -0.677165 -0.307087 0.669291 
vn -0.582677 -0.511811 0.629921 
vn -0.724409 -0.440945 0.527559 
vn -0.574803 -0.653543 0.496063 
vn -0.724409 -0.440945 0.527559 
vn -0.582677 -0.511811 0.629921 
vn 0.259843 0 -0.968504 
vn 0.314961 0.0708661 -0.944882 
vn 0.110236 0.141732 -0.984252 
vn -0.0629921 -0.826772 0.559055 
vn 0.188976 -0.787402 0.582677 
vn 0.0866142 -0.88189 0.464567 
vn 0.346457 -0.795276 0.496063 
vn -0.984252 -0.15748 -0.0314961 
vn -0.984252 0.15748 0.00787402 
vn -0.984252 -0.15748 -0.0314961 
vn -0.905512 0.417323 0.0393701 
vn -0.984252 0.15748 0.00787402 
vn -0.905512 0.417323 0.0629921 
vn -0.889764 -0.448819 -0.0629921 
vn -0.708661 -0.692913 -0.102362 
vn -0.889764 -0.448819 -0.0629921 
vn -0.708661 -0.692913 -0.102362 
vn -0.677165 0.133858 0.724409 
vn -0.755906 0.0472441 0.653543 
vn -0.732283 0.0393701 0.677165 
vn -0.629921 0.102362 -0.771654 
vn -0.708661 -0.692913 -0.102362 
vn -0.464567 -0.874016 -0.133858 
vn -0.708661 -0.692913 -0.102362 
vn -0.173228 -0.968504 -0.165354 
vn -0.464567 -0.874016 -0.133858 
vn -0.173228 -0.968504 -0.165354 
vn 0.409449 -0.677165 0.614173 
vn 0.582677 -0.511811 0.637795 
vn 0.559055 -0.637795 0.527559 
vn 0.708661 -0.433071 0.559055 
vn 0.133858 -0.968504 -0.204724 
vn 0.133858 -0.968504 -0.204724 
vn -0.472441 0.511811 0.716535 
vn -0.559055 0.440945 0.700787 
vn -0.551181 0.425197 0.716535 
vn -0.511811 0.472441 -0.716535 
vn 0.125984 0.0708661 -0.992126 
vn 0.125984 0.0472441 -0.992126 
vn 0.125984 0.015748 -0.992126 
vn 0.125984 0.015748 -0.992126 
vn 0.92126 -0.181102 -0.338583 
vn 0.92126 0.102362 -0.370079 
vn 0.92126 -0.181102 -0.338583 
vn 0.92126 0.102362 -0.370079 
vn -0.551181 -0.80315 -0.23622 
vn -0.283465 -0.937008 -0.19685 
vn -0.551181 -0.80315 -0.23622 
vn 0.023622 -0.984252 -0.165354 
vn -0.283465 -0.937008 -0.19685 
vn 0.023622 -0.984252 -0.165354 
vn -0.149606 -0.496063 -0.858268 
vn -0.299213 -0.574803 -0.76378 
vn -0.299213 -0.574803 -0.76378 
vn -0.598425 -0.346457 -0.716535 
vn -0.472441 -0.480315 -0.740157 
vn -0.472441 -0.480315 -0.740157 
vn 0.834646 0.377953 -0.401575 
vn 0.669291 0.598425 -0.433071 
vn 0.834646 0.370079 -0.401575 
vn 0.669291 0.598425 -0.433071 
vn -0.897638 -0.330709 -0.299213 
vn -0.76378 -0.590551 -0.267717 
vn -0.897638 -0.330709 -0.299213 
vn -0.551181 -0.80315 -0.23622 
vn -0.76378 -0.590551 -0.267717 
vn -0.551181 -0.80315 -0.23622 
vn -0.598425 0.779528 0.181102 
vn -0.80315 0.574803 0.173228 
vn -0.708661 0.708661 -0.015748 
vn -0.708661 0.708661 -0.015748 
vn -0.80315 0.574803 0.173228 
vn -0.897638 0.244094 -0.370079 
vn -0.944882 -0.0393701 -0.338583 
vn -0.897638 0.244094 -0.370079 
vn -0.944882 -0.0393701 -0.338583 
vn 0.669291 0.598425 -0.433071 
vn 0.448819 0.76378 -0.464567 
vn 0.669291 0.598425 -0.433071 
vn 0.188976 0.84252 -0.496063 
vn 0.448819 0.76378 -0.464567 
vn 0.188976 0.84252 -0.496063 
vn 0.259843 -0.511811 -0.818898 
vn 0.0944882 -0.598425 -0.795276 
vn 0.0944882 -0.598425 -0.795276 
vn -0.0866142 -0.622047 -0.779528 
vn -0.0866142 -0.614173 -0.787402 
vn -0.362205 -0.212598 0.905512 
vn -0.275591 -0.267717 0.92126 
vn 0.307087 0.244094 -0.92126 
vn -0.362205 0.0787402 0.929134 
vn -0.346457 -0.023622 0.937008 
vn -0.496063 -0.275591 0.826772 
vn -0.566929 0.700787 -0.433071 
vn -0.76378 0.503937 -0.401575 
vn -0.566929 0.700787 -0.433071 
vn -0.76378 0.503937 -0.401575 
vn -0.0708661 0.84252 -0.527559 
vn -0.322835 0.76378 -0.559055 
vn -0.0708661 0.84252 -0.527559 
vn -0.322835 0.76378 -0.559055 
vn -0.0551181 0.866142 -0.496063 
vn -0.322835 0.826772 -0.464567 
vn -0.0551181 0.866142 -0.496063 
vn -0.566929 0.700787 -0.433071 
vn -0.322835 0.826772 -0.464567 
vn -0.566929 0.700787 -0.433071 
vn 0.456693 -0.251969 -0.858268 
vn 0.377953 -0.393701 -0.834646 
vn 0.377953 -0.393701 -0.834646 
vn 0.259843 -0.511811 -0.818898 
vn -0.322835 0.76378 -0.559055 
vn -0.527559 0.614173 -0.582677 
vn -0.322835 0.76378 -0.559055 
vn -0.653543 0.440945 -0.614173 
vn -0.527559 0.622047 -0.582677 
vn -0.645669 0.433071 -0.622047 
vn 0.433071 0.708661 -0.551181 
vn 0.204724 0.826772 -0.527559 
vn 0.433071 0.708661 -0.551181 
vn 0.204724 0.826772 -0.527559 
vn 0.125984 -0.181102 0.976378 
vn 0.275591 -0.330709 0.897638 
vn 0.0551181 -0.267717 0.96063 
vn 0.0551181 -0.267717 0.96063 
vn -0.653543 0.291339 -0.692913 
vn -0.740157 -0.0393701 -0.669291 
vn -0.692913 0.0787402 -0.716535 
vn -0.724409 -0.0314961 -0.692913 
vn 0.732283 0.307087 -0.614173 
vn 0.614173 0.527559 -0.582677 
vn 0.732283 0.307087 -0.614173 
vn 0.433071 0.708661 -0.551181 
vn 0.614173 0.527559 -0.582677 
vn 0.433071 0.708661 -0.551181 
vn 0.456693 0.0393701 -0.889764 
vn 0.480315 -0.102362 -0.874016 
vn 0.480315 -0.102362 -0.874016 
vn 0.456693 -0.251969 -0.858268 
vn 0.732283 -0.15748 -0.661417 
vn 0.732283 0.307087 -0.614173 
vn 0.76378 0.0708661 -0.637795 
vn 0.732283 0.307087 -0.614173 
vn -0.661417 -0.125984 -0.740157 
vn -0.440945 -0.354331 -0.826772 
vn -0.614173 -0.346457 -0.708661 
vn -0.15748 -0.0629921 0.984252 
vn -0.125984 -0.015748 0.992126 
vn -0.141732 -0.0314961 0.992126 
vn -0.141732 -0.0314961 0.992126 
vn 1 -0.00787402 0.0787402 
vn 0.952756 0.283465 0.133858 
vn 0.984252 0.15748 -0.0393701 
vn 0.874016 0.480315 0.0708661 
vn 0.307087 0.244094 -0.92126 
vn 0.393701 0.15748 -0.905512 
vn 0.393701 0.15748 -0.905512 
vn 0.456693 0.0393701 -0.889764 
vn -0.629921 0.724409 0.267717 
vn -0.850394 0.464567 0.23622 
vn -0.629921 0.716535 0.291339 
vn 0.385827 -0.0944882 0.913386 
vn 0.377953 0.551181 0.740157 
vn 0.527559 0.433071 0.732283 
vn 0.708661 0.283465 0.645669 
vn 0.590551 0.314961 0.740157 
vn 0.110236 0.314961 -0.944882 
vn 0.212598 0.299213 -0.929134 
vn 0.212598 0.299213 -0.929134 
vn 0.307087 0.244094 -0.92126 
vn -0.102362 0.629921 0.771654 
vn 0.102362 0.614173 0.787402 
vn 0.102362 0.598425 0.795276 
vn -0.149606 0.511811 0.84252 
vn 0.149606 0.0787402 0.984252 
vn 0.204724 0.141732 0.968504 
vn 0.204724 0.149606 0.968504 
vn 0.362205 -0.401575 -0.84252 
vn 0.212598 -0.472441 -0.850394 
vn 0.0629921 -0.496063 -0.866142 
vn -0.314961 -0.811024 -0.488189 
vn -0.425197 0.330709 0.84252 
vn -0.338583 0.188976 0.92126 
vn -0.748031 -0.015748 0.661417 
vn -0.362205 0.0787402 0.929134 
vn 0.11811 -0.0314961 0.992126 
vn 0.267717 0.527559 0.80315 
vn 0.393701 0.401575 0.826772 
vn 0.393701 0.401575 0.826772 
vn 0.267717 0.527559 0.80315 
vn 0.283465 -0.952756 -0.133858 
vn 0.291339 -0.952756 -0.110236 
vn -0.11811 0.015748 -0.992126 
vn -0.110236 0.0314961 -0.992126 
vn -0.11811 0.023622 -0.992126 
vn -0.11811 0.0314961 -0.992126 
vn -0.0551181 0.267717 -0.96063 
vn 0.015748 0.299213 -0.952756 
vn 0.015748 0.299213 -0.952756 
vn 0.110236 0.314961 -0.944882 
vn 0.472441 0.251969 0.84252 
vn 0.496063 0.102362 0.866142 
vn 0.496063 0.102362 0.866142 
vn 0.472441 0.251969 0.84252 
vn -0.535433 -0.661417 -0.527559 
vn -0.314961 -0.811024 -0.488189 
vn 0.0629921 -0.496063 -0.866142 
vn -0.0866142 -0.464567 -0.88189 
vn -0.204724 -0.401575 -0.889764 
vn -0.685039 -0.456693 -0.566929 
vn 0.472441 -0.0472441 0.88189 
vn 0.409449 -0.173228 0.897638 
vn 0.409449 -0.173228 0.897638 
vn 0.472441 -0.0472441 0.88189 
vn 0.188976 0.614173 0.76378 
vn 0.188976 0.614173 0.76378 
vn -0.00787402 0.614173 0.787402 
vn -0.00787402 0.614173 0.787402 
vn -0.204724 -0.401575 -0.889764 
vn -0.299213 -0.307087 -0.905512 
vn -0.354331 -0.19685 -0.913386 
vn -0.771654 0.023622 -0.637795 
vn 0.322835 -0.267717 0.905512 
vn 0.212598 -0.322835 0.92126 
vn 0.212598 -0.322835 0.92126 
vn 0.322835 -0.267717 0.905512 
vn -0.141732 -0.015748 -0.992126 
vn -0.125984 0.00787402 -0.992126 
vn -0.11811 0.0708661 -0.992126 
vn -0.110236 0.0393701 -0.992126 
vn -0.19685 -0.0551181 -0.976378 
vn -0.149606 -0.0393701 -0.984252 
vn -0.212598 0.102362 -0.968504 
vn -0.149606 0.0944882 -0.984252 
vn -0.181102 0.559055 0.811024 
vn -0.181102 0.559055 0.811024 
vn -0.322835 0.456693 0.826772 
vn -0.322835 0.456693 0.826772 
vn 0.110236 -0.338583 0.937008 
vn 0.00787402 -0.322835 0.944882 
vn 0.00787402 -0.322835 0.944882 
vn 0.110236 -0.338583 0.937008 
vn -0.354331 -0.19685 -0.913386 
vn -0.377953 -0.0787402 -0.92126 
vn -0.354331 0.0314961 -0.937008 
vn -0.566929 0.417323 -0.708661 
vn -0.0708661 -0.283465 0.96063 
vn -0.125984 -0.228346 0.968504 
vn -0.125984 -0.228346 0.968504 
vn -0.0708661 -0.283465 0.96063 
vn 0.181102 0.212598 0.96063 
vn 0.181102 0.212598 0.96063 
vn 0.125984 0.275591 0.952756 
vn 0.125984 0.283465 0.952756 
vn -0.15748 -0.165354 0.976378 
vn -0.165354 -0.110236 0.976378 
vn -0.165354 -0.110236 0.976378 
vn -0.15748 -0.165354 0.976378 
vn -0.393701 0.535433 -0.748031 
vn -0.566929 0.417323 -0.708661 
vn -0.354331 0.0314961 -0.937008 
vn -0.314961 0.125984 -0.944882 
vn -0.244094 0.19685 -0.952756 
vn -0.204724 0.590551 -0.779528 
vn -0.125984 0.0472441 -0.992126 
vn -0.023622 0.582677 -0.811024 
vn -0.165354 0.23622 -0.96063 
vn -0.0866142 0.251969 -0.96063 
vn 0.133858 0.519685 -0.84252 
vn -0.023622 -0.551181 0.834646 
vn -0.188976 -0.574803 0.795276 
vn -0.267717 -0.283465 0.92126 
vn -0.165354 -0.220472 0.96063 
vn -0.0944882 -0.23622 0.968504 
vn -0.015748 -0.291339 0.952756 
vn 0.251969 0.417323 -0.874016 
vn -0.015748 0.244094 -0.968504 
vn 0.0393701 0.220472 -0.976378 
vn 0.322835 0.291339 -0.905512 
vn 0.338583 0.173228 -0.929134 
vn 0.0866142 0.181102 -0.976378 
vn 0.992126 0.0787402 0.110236 
vn -0.11811 -0.00787402 0.992126 
vn -0.11811 -0.00787402 0.992126 
vn -0.125984 -0.015748 0.992126 
vn 0.15748 -0.00787402 0.984252 
vn 0.141732 -0.023622 0.992126 
vn 0.141732 -0.023622 0.992126 
vn 0.370079 0.0393701 0.929134 
vn 0.314961 -0.0393701 0.952756 
vn 0.165354 -0.00787402 0.984252 
vn -0.19685 -0.0629921 -0.976378 
vn -0.204724 -0.110236 -0.968504 
vn -0.204724 -0.110236 -0.968504 
vn -0.291339 0.0708661 -0.952756 
vn -0.409449 0.346457 0.84252 
vn -0.425197 0.330709 0.84252 
vn -0.015748 -0.283465 -0.96063 
vn -0.125984 -0.283465 -0.952756 
vn -0.133858 -0.283465 -0.944882 
vn 0.685039 0.141732 0.708661 
vn 0.590551 0.314961 0.740157 
vn 0.708661 0.283465 0.645669 
vn 0.787402 0.0551181 0.622047 
vn 0.787402 -0.188976 0.590551 
vn 0.724409 -0.0787402 0.685039 
vn 0.385827 -0.0944882 0.913386 
vn 0.267717 -0.11811 0.952756 
vn -0.133858 0.968504 0.204724 
vn -0.133858 0.968504 0.204724 
vn 0.480315 -0.787402 -0.377953 
vn 0.629921 -0.330709 -0.700787 
vn 0.511811 -0.417323 -0.748031 
vn 0.228346 -0.88189 -0.417323 
vn 0.0629921 0.259843 0.96063 
vn -0.00787402 0.267717 0.96063 
vn -0.0393701 0.511811 0.858268 
vn 0.11811 0.606299 0.787402 
vn 0.19685 -0.0393701 -0.976378 
vn 0.125984 0.102362 -0.984252 
vn -0.0551181 0.267717 -0.96063 
vn -0.0551181 0.267717 -0.96063 
vn 0.125984 -0.181102 0.976378 
vn 0.141732 -0.133858 0.976378 
vn 0.141732 -0.133858 0.976378 
vn 0.0472441 -0.19685 0.976378 
vn 0.141732 -0.0551181 0.992126 
vn 0.125984 -0.0629921 0.992126 
vn 0.110236 -0.0314961 0.992126 
vn 0.11811 -0.015748 0.992126 
vn 0.125984 0.015748 -0.992126 
vn 0.11811 0.00787402 -0.992126 
vn 0.11811 0.00787402 -0.992126 
vn 0.992126 0.0787402 0.110236 
vn -0.354331 -0.204724 0.913386 
vn -0.275591 -0.267717 0.92126 
vn -0.362205 -0.212598 0.905512 
vn 0.708661 -0.708661 -0.00787402 
vn 0.952756 -0.291339 -0.0472441 
vn 0.984252 -0.133858 -0.0944882 
vn 0.299213 0.11811 0.944882 
vn 0.149606 0.0393701 0.984252 
vn -0.00787402 -0.299213 0.952756 
vn 0.0472441 -0.267717 0.96063 
vn -0.15748 -0.0629921 0.984252 
vn -0.15748 -0.0629921 0.984252 
vn -0.11811 0.0314961 -0.992126 
vn -0.11811 0.0314961 -0.992126 
vn -0.173228 -0.220472 -0.96063 
vn -0.173228 -0.220472 -0.96063 
vn 0.141732 -0.0944882 0.984252 
vn 0.133858 -0.0629921 0.992126 
vn 0.133858 -0.0629921 0.992126 
vn 0.141732 -0.0944882 0.984252 
vn -0.992126 0.0787402 -0.110236 
vn 0 -0.354331 -0.937008 
vn 0 -0.354331 -0.937008 
vn -0.188976 -0.393701 -0.897638 
vn -0.992126 0.0787402 -0.110236 
vn -0.0472441 0.370079 0.929134 
vn 0.110236 -0.0314961 0.992126 
vn 0.110236 -0.0314961 0.992126 
vn 0.740157 0.582677 0.346457 
vn 0.685039 0.708661 0.15748 
vn 0.267717 -0.11811 0.952756 
vn -0.0708661 -0.283465 0.96063 
vn 0.0393701 0.220472 -0.976378 
vn 0.165354 -0.00787402 0.984252 
vn 0.559055 -0.669291 0.496063 
vn 0.448819 0.76378 -0.464567 
vn 0.661417 -0.700787 -0.267717 
vn -0.125984 -0.015748 0.992126 
vn 0.393701 0.15748 -0.905512 
vn -0.0708661 0.84252 -0.527559 
vn 0.409449 -0.173228 0.897638 
vn -0.19685 -0.173228 -0.968504 
vn -0.19685 -0.165354 -0.968504 
vn -0.149606 -0.0393701 -0.984252 
vn -0.409449 -0.685039 0.606299 
vn -0.322835 0.76378 -0.559055 
vn -0.527559 0.622047 -0.582677 
vn 0.582677 -0.511811 0.637795 
vn 0.377953 -0.393701 -0.834646 
vn 0.456693 -0.811024 0.362205 
vn 0.393701 0.401575 0.826772 
vn -0.629921 0.102362 -0.771654 
vn -0.574803 -0.015748 -0.818898 
vn -0.732283 -0.188976 0.653543 
vn -0.574803 -0.015748 -0.818898 
vn -0.629921 0.102362 -0.771654 
vn 0.0944882 -0.598425 -0.795276 
vn -0.740157 0.188976 -0.637795 
vn -0.740157 0.188976 -0.637795 
vn -0.653543 0.291339 -0.692913 
vn -0.716535 0.188976 -0.669291 
vn 0.448819 0.76378 -0.464567 
vn 0.188976 0.755906 -0.629921 
vn -0.110236 0.629921 0.771654 
vn 0.188976 0.755906 -0.629921 
vn -0.472441 -0.480315 -0.740157 
vn -0.299213 -0.448819 -0.84252 
vn 0.377953 0.551181 0.740157 
vn -0.299213 -0.448819 -0.84252 
vn -0.511811 0.472441 -0.716535 
vn -0.519685 0.338583 -0.779528 
vn -0.669291 0.251969 0.700787 
vn -0.519685 0.338583 -0.779528 
vn -0.511811 0.472441 -0.716535 
vn -0.669291 -0.251969 -0.692913 
vn -0.669291 -0.251969 -0.692913 
vn -0.661417 -0.125984 -0.740157 
vn -0.669291 -0.244094 -0.708661 
vn -0.354331 -0.811024 0.464567 
vn -0.110236 0.212598 -0.968504 
vn -0.110236 0.212598 -0.968504 
vn -0.141732 -0.0314961 0.992126 
vn 0.19685 -0.0393701 -0.976378 
vn -0.0708661 -0.283465 0.96063 
vn -0.346457 -0.023622 0.937008 
vn -0.133858 0.165354 -0.976378 
vn -0.133858 0.165354 -0.976378 
vn -0.354331 0.0314961 -0.937008 
vn -0.354331 0.0314961 -0.937008 
vn -0.314961 0.125984 -0.944882 
vn -0.393701 0.535433 -0.748031 
vn -0.141732 0.110236 -0.984252 
vn -0.141732 0.110236 -0.984252 
vn 0.322835 -0.267717 0.905512 
vn 0.393701 0.15748 -0.905512 
vn -0.141732 0.0708661 -0.984252 
vn -0.141732 0.0708661 -0.984252 
vn -0.732283 -0.188976 0.653543 
vn -0.724409 -0.440945 0.527559 
vn 0.614173 0.527559 -0.582677 
vn -0.732283 -0.188976 0.653543 
vn -0.677165 -0.307087 0.669291 
vn -0.212598 0.102362 -0.968504 
vn -0.125984 0.0472441 -0.992126 
vn -0.125984 0.0472441 -0.992126 
vn -0.338583 0.188976 0.92126 
vn -0.362205 0.0787402 0.929134 
vn -0.677165 -0.228346 0.692913 
vn 0.259843 -0.511811 -0.818898 
vn -0.354331 -0.19685 -0.913386 
vn -0.377953 -0.0787402 -0.92126 
vn -0.700787 0.244094 -0.677165 
vn -0.692913 0.0787402 -0.716535 
vn 0.267717 0.527559 0.80315 
vn 0.0944882 -0.598425 -0.795276 
vn -0.00787402 0.614173 0.787402 
vn -0.669291 0.251969 0.700787 
vn -0.732283 0.0393701 0.677165 
vn 0.76378 0.0708661 -0.637795 
vn -0.677165 0.133858 0.724409 
vn 0.251969 0.417323 -0.874016 
vn -0.425197 0.330709 0.84252 
vn -0.425197 0.330709 0.84252 
vn 0.811024 -0.574803 -0.125984 
vn -0.299213 -0.574803 -0.76378 
vn -0.472441 -0.480315 -0.740157 
vn 0.377953 0.551181 0.740157 
vn 0.708661 0.692913 0.102362 
vn 0.708661 0.692913 0.102362 
vn -0.299213 -0.307087 -0.905512 
vn -0.204724 -0.401575 -0.889764 
vn -0.299213 -0.307087 -0.905512 
vn -0.771654 -0.220472 -0.598425 
vn -0.76378 -0.590551 -0.267717 
vn -0.259843 0.685039 -0.677165 
vn -0.259843 0.685039 -0.677165 
vn 0.362205 -0.401575 -0.84252 
vn -0.598425 -0.346457 -0.716535 
vn -0.614173 -0.346457 -0.708661 
vn -0.669291 -0.244094 -0.708661 
vn 0.708661 0.283465 0.645669 
vn 0.629921 -0.330709 -0.700787 
vn -0.76378 0.503937 -0.401575 
vn -0.00787402 0.614173 0.787402 
vn 0.0944882 -0.598425 -0.795276 
vn -0.393701 0.535433 -0.748031 
vn -0.204724 0.590551 -0.779528 
vn -0.314961 0.125984 -0.944882 
vn -0.740157 -0.472441 0.472441 
vn -0.551181 -0.669291 0.496063 
vn -0.685039 -0.629921 0.370079 
vn -0.76378 -0.590551 -0.267717 
vn -0.629921 0.716535 0.291339 
vn -0.0866142 -0.464567 -0.88189 
vn 0.0629921 -0.496063 -0.866142 
vn 0.102362 0.598425 0.795276 
vn 0.0629921 -0.496063 -0.866142 
vn -0.0866142 -0.464567 -0.88189 
vn -0.535433 -0.661417 -0.527559 
vn -0.377953 -0.0787402 -0.92126 
vn 0.0472441 -0.370079 -0.929134 
vn -0.0472441 0.370079 0.929134 
vn -0.992126 0.0787402 -0.110236 
vn 0.0472441 -0.370079 -0.929134 
vn -0.338583 0.188976 0.92126 
vn 0.188976 -0.787402 0.582677 
vn -0.0708661 0.84252 -0.527559 
vn 0.409449 -0.677165 0.614173 
vn 0.992126 0.0787402 0.110236 
vn -0.110236 -0.00787402 0.992126 
vn 0.992126 0.0787402 0.110236 
vn -0.110236 -0.00787402 0.992126 
vn 0.110236 0.00787402 -0.992126 
vn 0.110236 0.00787402 -0.992126 
vn -0.76378 0.503937 -0.401575 
vn 0.188976 0.614173 0.76378 
vn 0.377953 0.551181 0.740157 
vn -0.299213 -0.574803 -0.76378 
vn 0.614173 0.527559 -0.582677 
vn 0.685039 -0.299213 0.661417 
vn 0.582677 -0.511811 0.637795 
vn -0.527559 0.622047 -0.582677 
vn 0.582677 -0.511811 0.637795 
vn 0.685039 -0.299213 0.661417 
vn 0.708661 -0.433071 0.559055 
vn 0.212598 -0.472441 -0.850394 
vn 0.362205 -0.401575 -0.84252 
vn -0.149606 0.708661 -0.692913 
vn -0.0551181 -0.889764 -0.456693 
vn -0.299213 -0.307087 -0.905512 
vn -0.456693 -0.795276 0.401575 
vn 0.724409 -0.0787402 0.685039 
vn 0.685039 0.141732 0.708661 
vn 0.787402 0.0551181 0.622047 
vn -0.535433 -0.661417 -0.527559 
vn -0.685039 -0.456693 -0.566929 
vn -0.535433 -0.661417 -0.527559 
vn -0.0866142 -0.464567 -0.88189 
vn 0.590551 0.314961 0.740157 
vn 0.511811 -0.417323 -0.748031 
vn 0.511811 -0.417323 -0.748031 
vn 0.629921 -0.330709 -0.700787 
vn 0.433071 0.708661 -0.551181 
vn -0.724409 -0.440945 0.527559 
vn 0.614173 0.527559 -0.582677 
vn 0.346457 -0.795276 0.496063 
vn 0.212598 -0.472441 -0.850394 
vn -0.732283 0.0393701 0.677165 
vn 0.787402 -0.188976 0.590551 
vn 0.708661 -0.433071 0.559055 
vn 0.685039 -0.299213 0.661417 
vn 0.527559 0.433071 0.732283 
vn 0.377953 0.551181 0.740157 
vn -0.472441 -0.480315 -0.740157 
vn 0.732283 -0.15748 -0.661417 
vn 0.629921 -0.330709 -0.700787 
vn -0.551181 0.425197 0.716535 
vn 0.228346 -0.88189 -0.417323 
vn 0.480315 -0.787402 -0.377953 
vn 0.511811 -0.417323 -0.748031 
vn 0.708661 0.283465 0.645669 
vn 0.708661 0.283465 0.645669 
vn 0.787402 0.0551181 0.622047 
vn 0.685039 0.141732 0.708661 
vn -0.992126 0.0787402 -0.110236 
vn -0.0472441 0.370079 0.929134 
vn 0.0629921 0.259843 0.96063 
vn 0.125984 0.275591 0.952756 
vn -0.125984 -0.283465 -0.952756 
vn 0.125984 0.0472441 -0.992126 
vn 0.125984 -0.0472441 0.992126 
vn 0.0472441 -0.19685 0.976378 
vn 0.15748 -0.00787402 0.984252 
vn 0.125984 -0.0472441 0.992126 
vn 0.275591 -0.330709 0.897638 
vn -0.188976 -0.393701 -0.897638 
vn -0.133858 -0.283465 -0.944882 
vn 0.125984 0.283465 0.952756 
vn -0.496063 -0.275591 0.826772 
vn -0.629921 0.724409 0.267717 
vn 0.385827 -0.0944882 0.913386 
vn -0.629921 0.716535 0.291339 
vn -0.76378 0.204724 0.614173 
vn -0.669291 -0.251969 -0.692913 
vn -0.559055 0.440945 0.700787 
vn -0.551181 0.425197 0.716535 
vn -0.559055 0.440945 0.700787 
vn -0.519685 0.338583 -0.779528 
vn -0.677165 0.133858 0.724409 
vn -0.669291 0.251969 0.700787 
vn -0.661417 -0.125984 -0.740157 
vn -0.259843 0.685039 -0.677165 
vn -0.149606 0.708661 -0.692913 
vn 0.362205 -0.401575 -0.84252 
vn -0.299213 -0.448819 -0.84252 
vn -0.299213 -0.574803 -0.76378 
vn 0.377953 0.551181 0.740157 
vn -0.692913 0.0787402 -0.716535 
vn -0.629921 0.102362 -0.771654 
vn -0.677165 -0.307087 0.669291 
vn -0.653543 0.291339 -0.692913 
vn 0.102362 0.598425 0.795276 

vt 0.18519 0.0343533 
vt 0.148327 0.028366 
vt 0.148744 0.0103352 
vt 0.266828 0.43439 
vt 0.255155 0.398463 
vt 0.271184 0.389987 
vt 0.933233 0.506721 
vt 0.890854 0.506642 
vt 0.911426 0.48941 
vt 0.697937 0.601698 
vt 0.658206 0.601699 
vt 0.697912 0.584399 
vt 0.336477 0.942962 
vt 0.308123 0.941698 
vt 0.323593 0.924438 
vt 0.403541 0.619776 
vt 0.444753 0.622946 
vt 0.401508 0.637906 
vt 0.65055 0.638024 
vt 0.688058 0.638023 
vt 0.647797 0.654037 
vt 0.921807 0.541818 
vt 0.960241 0.541723 
vt 0.944246 0.557844 
vt 0.82867 0.40965 
vt 0.798674 0.410932 
vt 0.828459 0.39143 
vt 0.485464 0.943822 
vt 0.45025 0.943392 
vt 0.46755 0.925479 
vt 0.898629 0.339807 
vt 0.856886 0.336526 
vt 0.87932 0.320158 
vt 0.391755 0.925375 
vt 0.430545 0.925319 
vt 0.411165 0.943394 
vt 0.0632678 0.367798 
vt 0.0412801 0.398061 
vt 0.0251858 0.389602 
vt 0.0504809 0.354788 
vt 0.0853428 0.32946 
vt 0.0935652 0.345787 
vt 0.270378 0.211265 
vt 0.244801 0.24618 
vt 0.231834 0.233387 
vt 0.285685 0.148603 
vt 0.278758 0.191258 
vt 0.254082 0.203018 
vt 0.907957 0.454772 
vt 0.869649 0.454773 
vt 0.907932 0.436787 
vt 0.512772 0.805204 
vt 0.478893 0.805983 
vt 0.498257 0.787716 
vt 0.110054 0.805916 
vt 0.111288 0.778215 
vt 0.128277 0.806482 
vt 0.418536 0.78803 
vt 0.460463 0.788108 
vt 0.43926 0.806082 
vt 0.166933 0.501528 
vt 0.205503 0.493461 
vt 0.190594 0.51116 
vt 0.157769 0.707895 
vt 0.15777 0.748688 
vt 0.143795 0.71145 
vt 0.143799 0.785923 
vt 0.143797 0.748708 
vt 0.157771 0.789589 
vt 0.419295 0.0630249 
vt 0.459168 0.0631554 
vt 0.439199 0.0770639 
vt 0.417833 0.874269 
vt 0.455818 0.874433 
vt 0.436065 0.892147 
vt 0.308123 0.832007 
vt 0.342821 0.831209 
vt 0.311238 0.849826 
vt 0.485146 0.893053 
vt 0.453935 0.892278 
vt 0.488295 0.87524 
vt 0.404679 0.849028 
vt 0.363819 0.848951 
vt 0.383434 0.831108 
vt 0.693421 0.456279 
vt 0.656113 0.456118 
vt 0.674208 0.43802 
vt 0.611549 0.436358 
vt 0.639292 0.437594 
vt 0.611304 0.454578 
vt 0.740729 0.393081 
vt 0.780719 0.392981 
vt 0.761107 0.411322 
vt 0.798694 0.392701 
vt 0.955201 0.0269729 
vt 0.914781 0.0283587 
vt 0.934398 0.00999999 
vt 0.660056 0.584401 
vt 0.132102 0.836321 
vt 0.0891671 0.833152 
vt 0.111926 0.817141 
vt 0.950395 0.489314 
vt 0.983532 0.488552 
vt 0.971587 0.506323 
vt 0.111713 0.743353 
vt 0.111711 0.704315 
vt 0.129953 0.743376 
vt 0.129525 0.778462 
vt 0.43878 0.521795 
vt 0.397582 0.521719 
vt 0.43879 0.503555 
vt 0.528297 0.786432 
vt 0.397608 0.359933 
vt 0.437373 0.34838 
vt 0.456364 0.360966 
vt 0.0789581 0.950302 
vt 0.0382078 0.942381 
vt 0.0805359 0.932104 
vt 0.25869 0.205959 
vt 0.270966 0.168681 
vt 0.284627 0.169514 
vt 0.845533 0.041826 
vt 0.82527 0.0500738 
vt 0.837721 0.0253117 
vt 0.980623 0.45519 
vt 0.946176 0.45477 
vt 0.982746 0.43722 
vt 0.947187 0.436786 
vt 0.338483 0.788346 
vt 0.37652 0.787952 
vt 0.358293 0.806044 
vt 0.397722 0.805946 
vt 0.735846 0.584397 
vt 0.770187 0.584816 
vt 0.737559 0.601697 
vt 0.870368 0.489276 
vt 0.853917 0.601106 
vt 0.819621 0.600687 
vt 0.852088 0.583937 
vt 0.129524 0.13997 
vt 0.0895946 0.141445 
vt 0.128155 0.121777 
vt 0.746175 0.542082 
vt 0.784362 0.541686 
vt 0.763391 0.559141 
vt 0.796832 0.558372 
vt 0.929611 0.601102 
vt 0.891802 0.601104 
vt 0.931578 0.583934 
vt 0.891778 0.583935 
vt 0.661397 0.541924 
vt 0.703824 0.542003 
vt 0.683288 0.559105 
vt 0.724276 0.559238 
vt 0.773254 0.602133 
vt 0.848552 0.506563 
vt 0.81041 0.506959 
vt 0.850297 0.489267 
vt 0.649067 0.041638 
vt 0.687177 0.0405124 
vt 0.648388 0.0598768 
vt 0.967632 0.584374 
vt 0.464841 0.133992 
vt 0.461708 0.176973 
vt 0.445712 0.154211 
vt 0.644385 0.559201 
vt 0.611304 0.559961 
vt 0.623002 0.542323 
vt 0.280551 0.149128 
vt 0.273872 0.190245 
vt 0.260593 0.184542 
vt 0.255541 0.0710563 
vt 0.274212 0.108061 
vt 0.260877 0.110894 
vt 0.721912 0.239769 
vt 0.683079 0.244367 
vt 0.677982 0.231056 
vt 0.721106 0.225949 
vt 0.742725 0.228507 
vt 0.760367 0.247417 
vt 0.0341004 0.489131 
vt 0.0510292 0.522356 
vt 0.0502827 0.548728 
vt 0.0251432 0.514125 
vt 0.0119052 0.47338 
vt 0.0282628 0.452272 
vt 0.127444 0.26681 
vt 0.165278 0.266959 
vt 0.168365 0.284742 
vt 0.124974 0.284572 
vt 0.0837327 0.270992 
vt 0.0914432 0.254956 
vt 0.687825 0.50481 
vt 0.650294 0.504812 
vt 0.687803 0.488993 
vt 0.611304 0.488552 
vt 0.647559 0.488994 
vt 0.616331 0.504398 
vt 0.692756 0.686183 
vt 0.73546 0.686262 
vt 0.712932 0.702066 
vt 0.751513 0.701971 
vt 0.111449 0.0340585 
vt 0.0781605 0.0508553 
vt 0.0681694 0.0361538 
vt 0.106379 0.0168744 
vt 0.284584 0.431227 
vt 0.284583 0.474622 
vt 0.271165 0.515919 
vt 0.255111 0.508288 
vt 0.0773785 0.548706 
vt 0.110562 0.565614 
vt 0.12536 0.586997 
vt 0.0848254 0.573825 
vt 0.0608095 0.232514 
vt 0.0486854 0.245318 
vt 0.0232748 0.210053 
vt 0.038566 0.201643 
vt 0.147329 0.571437 
vt 0.184083 0.565616 
vt 0.208284 0.573878 
vt 0.167902 0.586998 
vt 0.026927 0.165336 
vt 0.01 0.168645 
vt 0.0101707 0.125148 
vt 0.0270776 0.127128 
vt 0.759093 0.50522 
vt 0.725296 0.504808 
vt 0.764712 0.489439 
vt 0.728157 0.488992 
vt 0.611304 0.686505 
vt 0.64999 0.686103 
vt 0.634136 0.702029 
vt 0.672504 0.701934 
vt 0.217231 0.548727 
vt 0.243532 0.522425 
vt 0.267424 0.514759 
vt 0.242567 0.548971 
vt 0.0390539 0.0907581 
vt 0.0237772 0.0838241 
vt 0.049491 0.0487223 
vt 0.0617334 0.0597998 
vt 0.260419 0.489284 
vt 0.266238 0.452545 
vt 0.280466 0.432519 
vt 0.280465 0.474626 
vt 0.0929414 0.0373135 
vt 0.0847947 0.0232836 
vt 0.126229 0.00999999 
vt 0.129657 0.0255437 
vt 0.260418 0.415799 
vt 0.243523 0.382642 
vt 0.242847 0.358651 
vt 0.267484 0.392562 
vt 0.168306 0.0256962 
vt 0.169735 0.0101705 
vt 0.211048 0.0237733 
vt 0.205106 0.037814 
vt 0.770086 0.438152 
vt 0.802125 0.438947 
vt 0.769645 0.456383 
vt 0.341762 0.892017 
vt 0.310266 0.891235 
vt 0.323271 0.873867 
vt 0.678235 0.411167 
vt 0.64094 0.411554 
vt 0.658431 0.393043 
vt 0.466467 0.831146 
vt 0.500881 0.830354 
vt 0.482753 0.84872 
vt 0.149982 0.923111 
vt 0.175654 0.908395 
vt 0.155148 0.940456 
vt 0.686758 0.0880575 
vt 0.64569 0.0887383 
vt 0.684848 0.0698995 
vt 0.686963 0.358089 
vt 0.64818 0.358492 
vt 0.671986 0.344224 
vt 0.443463 0.454955 
vt 0.447739 0.494819 
vt 0.426488 0.476951 
vt 0.821084 0.119524 
vt 0.821532 0.0828317 
vt 0.835633 0.0968981 
vt 0.374729 0.743826 
vt 0.412499 0.743598 
vt 0.393724 0.762893 
vt 0.444753 0.664823 
vt 0.405999 0.665225 
vt 0.429648 0.650702 
vt 0.461954 0.229901 
vt 0.422013 0.22977 
vt 0.442017 0.215606 
vt 0.761413 0.103391 
vt 0.724395 0.109272 
vt 0.699657 0.0984331 
vt 0.209015 0.334069 
vt 0.236439 0.0607681 
vt 0.246125 0.0494687 
vt 0.271534 0.0847312 
vt 0.259203 0.0923614 
vt 0.172618 0.76766 
vt 0.172616 0.730586 
vt 0.184456 0.706955 
vt 0.148764 0.19243 
vt 0.109084 0.204979 
vt 0.0895946 0.19202 
vt 0.27112 0.129539 
vt 0.28642 0.147817 
vt 0.712958 0.438018 
vt 0.751808 0.438017 
vt 0.732524 0.456223 
vt 0.719621 0.411244 
vt 0.698609 0.392943 
vt 0.0341062 0.415381 
vt 0.0119059 0.430472 
vt 0.201243 0.25543 
vt 0.209653 0.271506 
vt 0.544104 0.410729 
vt 0.543295 0.443297 
vt 0.526661 0.429773 
vt 0.526246 0.502385 
vt 0.526244 0.463989 
vt 0.54313 0.481599 
vt 0.446515 0.20173 
vt 0.408248 0.202127 
vt 0.429564 0.184925 
vt 0.396222 0.185692 
vt 0.725629 0.638021 
vt 0.75963 0.638435 
vt 0.728256 0.654035 
vt 0.688082 0.654036 
vt 0.901518 0.557765 
vt 0.858854 0.557686 
vt 0.881309 0.541686 
vt 0.842661 0.541781 
vt 0.0517098 0.0770992 
vt 0.0346728 0.110214 
vt 0.0183272 0.104171 
vt 0.0378395 0.066246 
vt 0.813721 0.827868 
vt 0.847936 0.828285 
vt 0.831526 0.836678 
vt 0.232784 0.539017 
vt 0.371976 0.943395 
vt 0.354925 0.925216 
vt 0.978368 0.345609 
vt 0.940461 0.343095 
vt 0.960176 0.3264 
vt 0.920792 0.323476 
vt 0.397943 0.892148 
vt 0.359734 0.89215 
vt 0.397916 0.874298 
vt 0.358649 0.874299 
vt 0.445647 0.849104 
vt 0.426022 0.831246 
vt 0.396223 0.136248 
vt 0.396222 0.0954142 
vt 0.410425 0.117372 
vt 0.308123 0.72172 
vt 0.338784 0.736389 
vt 0.316013 0.746716 
vt 0.399023 0.215527 
vt 0.420261 0.215536 
vt 0.484507 0.680072 
vt 0.514573 0.654497 
vt 0.509754 0.676951 
vt 0.243553 0.217664 
vt 0.254768 0.227375 
vt 0.225056 0.256855 
vt 0.217125 0.243886 
vt 0.699657 0.117118 
vt 0.738532 0.121758 
vt 0.760332 0.138765 
vt 0.621404 0.262747 
vt 0.657539 0.238599 
vt 0.1839 0.260651 
vt 0.1876 0.275754 
vt 0.146044 0.282168 
vt 0.147131 0.266327 
vt 0.0300245 0.41341 
vt 0.0239682 0.451642 
vt 0.0100001 0.474451 
vt 0.141224 0.459814 
vt 0.182795 0.447024 
vt 0.205503 0.460646 
vt 0.110414 0.260364 
vt 0.104448 0.275411 
vt 0.0668942 0.25609 
vt 0.0773394 0.243348 
vt 0.0300079 0.48978 
vt 0.0474956 0.524104 
vt 0.0490227 0.551036 
vt 0.0234458 0.515832 
vt 0.0511412 0.216944 
vt 0.037087 0.226047 
vt 0.0179835 0.188186 
vt 0.0343822 0.183731 
vt 0.0746704 0.55128 
vt 0.108835 0.568689 
vt 0.125603 0.590057 
vt 0.0842253 0.576612 
vt 0.0287055 0.146956 
vt 0.0115018 0.146192 
vt 0.146624 0.574675 
vt 0.184331 0.568703 
vt 0.21046 0.576619 
vt 0.169102 0.590057 
vt 0.611304 0.653591 
vt 0.63296 0.637895 
vt 0.44845 0.736022 
vt 0.479103 0.722135 
vt 0.470837 0.746747 
vt 0.9829 0.557443 
vt 0.751804 0.343392 
vt 0.712458 0.335338 
vt 0.735967 0.320555 
vt 0.147991 0.332723 
vt 0.110934 0.338592 
vt 0.265838 0.167314 
vt 0.434407 0.115061 
vt 0.437866 0.156471 
vt 0.419014 0.137184 
vt 0.457508 0.665225 
vt 0.458387 0.627875 
vt 0.472273 0.648345 
vt 0.794668 0.266625 
vt 0.763671 0.234413 
vt 0.415581 0.430174 
vt 0.418133 0.4519 
vt 0.399902 0.453046 
vt 0.191122 0.0172183 
vt 0.229355 0.0368887 
vt 0.218432 0.0514555 
vt 0.244789 0.0780211 
vt 0.210699 0.329491 
vt 0.245718 0.354935 
vt 0.232988 0.367952 
vt 0.202526 0.34582 
vt 0.185099 0.338601 
vt 0.126377 0.316127 
vt 0.169573 0.316128 
vt 0.259679 0.0674532 
vt 0.279101 0.105943 
vt 0.261667 0.11147 
vt 0.267389 0.148544 
vt 0.498667 0.571884 
vt 0.532692 0.548564 
vt 0.537862 0.553028 
vt 0.482221 0.0771436 
vt 0.460969 0.0771345 
vt 0.243291 0.818862 
vt 0.261168 0.784447 
vt 0.269797 0.787407 
vt 0.839734 0.317219 
vt 0.129951 0.704277 
vt 0.397654 0.503479 
vt 0.448584 0.18482 
vt 0.488943 0.184895 
vt 0.543159 0.501828 
vt 0.421099 0.985039 
vt 0.377995 0.984959 
vt 0.399529 0.975973 
vt 0.358372 0.976076 
vt 0.50323 0.984713 
vt 0.464235 0.985119 
vt 0.483742 0.976011 
vt 0.44271 0.976113 
vt 0.836556 0.695201 
vt 0.797519 0.695606 
vt 0.817577 0.686722 
vt 0.455994 0.0517823 
vt 0.413026 0.052147 
vt 0.434418 0.0422545 
vt 0.266568 0.147754 
vt 0.879561 0.912263 
vt 0.918436 0.912261 
vt 0.899683 0.919156 
vt 0.923027 0.695361 
vt 0.879785 0.695281 
vt 0.901209 0.68676 
vt 0.858396 0.686621 
vt 0.647633 0.769789 
vt 0.612741 0.770592 
vt 0.646786 0.76083 
vt 0.773932 0.794948 
vt 0.809431 0.794131 
vt 0.772534 0.80347 
vt 0.678546 0.880022 
vt 0.642778 0.879869 
vt 0.678281 0.871063 
vt 0.751808 0.880121 
vt 0.716098 0.879968 
vt 0.752673 0.871164 
vt 0.412158 0.542052 
vt 0.455947 0.542039 
vt 0.434055 0.550596 
vt 0.941875 0.686658 
vt 0.976481 0.685862 
vt 0.9621 0.694955 
vt 0.01 0.910259 
vt 0.0435957 0.924926 
vt 0.880328 0.248799 
vt 0.843156 0.235449 
vt 0.882495 0.239927 
vt 0.344671 0.849058 
vt 0.0923365 0.989674 
vt 0.04908 0.989594 
vt 0.0711634 0.981687 
vt 0.0307482 0.981788 
vt 0.885889 0.828283 
vt 0.867176 0.836831 
vt 0.904623 0.836777 
vt 0.922052 0.63405 
vt 0.952599 0.634808 
vt 0.938894 0.643329 
vt 0.659377 0.837875 
vt 0.625618 0.837464 
vt 0.641886 0.828627 
vt 0.923924 0.828281 
vt 0.95836 0.828701 
vt 0.940252 0.83693 
vt 0.970627 0.837683 
vt 0.17465 0.989348 
vt 0.135587 0.989754 
vt 0.153776 0.981725 
vt 0.113538 0.981825 
vt 0.642101 0.870907 
vt 0.782007 0.838758 
vt 0.751447 0.838 
vt 0.782335 0.829644 
vt 0.611304 0.953056 
vt 0.6459 0.953478 
vt 0.629953 0.961167 
vt 0.665579 0.96132 
vt 0.953815 0.0587858 
vt 0.914781 0.0591913 
vt 0.936115 0.0518976 
vt 0.0919524 0.724158 
vt 0.0903542 0.766213 
vt 0.0809774 0.744811 
vt 0.67834 0.160822 
vt 0.712109 0.179385 
vt 0.728848 0.193272 
vt 0.684287 0.953476 
vt 0.722768 0.953474 
vt 0.70302 0.961265 
vt 0.738662 0.961418 
vt 0.68807 0.726377 
vt 0.731541 0.726518 
vt 0.688068 0.735497 
vt 0.772896 0.735535 
vt 0.731508 0.735638 
vt 0.772863 0.726415 
vt 0.646778 0.7356 
vt 0.611304 0.727295 
vt 0.646654 0.726481 
vt 0.611616 0.73641 
vt 0.692037 0.256218 
vt 0.713349 0.256227 
vt 0.714247 0.263229 
vt 0.131948 0.205617 
vt 0.807994 0.768915 
vt 0.772882 0.769724 
vt 0.808958 0.759949 
vt 0.732045 0.760867 
vt 0.773575 0.760763 
vt 0.731763 0.769826 
vt 0.0666156 0.496389 
vt 0.0671204 0.457242 
vt 0.0751861 0.476935 
vt 0.0784098 0.439944 
vt 0.688623 0.769686 
vt 0.688374 0.760726 
vt 0.502133 0.577517 
vt 0.481828 0.585282 
vt 0.479305 0.579288 
vt 0.414545 0.346707 
vt 0.657314 0.153928 
vt 0.633994 0.119616 
vt 0.63541 0.0976288 
vt 0.476189 0.503167 
vt 0.731761 0.803572 
vt 0.688508 0.79491 
vt 0.732284 0.795052 
vt 0.688999 0.803433 
vt 0.796885 0.633518 
vt 0.830373 0.633926 
vt 0.795834 0.642506 
vt 0.867485 0.642919 
vt 0.829874 0.642921 
vt 0.867472 0.633923 
vt 0.325133 0.0958596 
vt 0.334138 0.0761201 
vt 0.340522 0.0788977 
vt 0.400131 0.0233799 
vt 0.36589 0.0464553 
vt 0.360804 0.0420169 
vt 0.648384 0.803534 
vt 0.611304 0.795833 
vt 0.646839 0.795014 
vt 0.613822 0.804329 
vt 0.72067 0.912664 
vt 0.754117 0.913071 
vt 0.721579 0.921255 
vt 0.648388 0.0235697 
vt 0.686578 0.0221553 
vt 0.64907 0.0326661 
vt 0.339088 0.985363 
vt 0.308123 0.986687 
vt 0.323228 0.976885 
vt 0.808054 0.725605 
vt 0.791549 0.735244 
vt 0.64667 0.912668 
vt 0.683664 0.912666 
vt 0.645692 0.921258 
vt 0.683676 0.921256 
vt 0.611845 0.317289 
vt 0.654345 0.316859 
vt 0.611304 0.326398 
vt 0.383162 0.480237 
vt 0.380078 0.521795 
vt 0.375428 0.478894 
vt 0.329683 0.201412 
vt 0.317805 0.159928 
vt 0.325011 0.15843 
vt 0.326457 0.11749 
vt 0.31933 0.116754 
vt 0.611304 0.5835 
vt 0.642308 0.58427 
vt 0.622214 0.60126 
vt 0.0165706 0.762377 
vt 0.0168882 0.722025 
vt 0.0295348 0.705379 
vt 0.157303 0.196148 
vt 0.194735 0.196506 
vt 0.15661 0.205247 
vt 0.611304 0.920839 
vt 0.378803 0.436712 
vt 0.389736 0.395052 
vt 0.386653 0.436594 
vt 0.381777 0.396642 
vt 0.888281 0.870548 
vt 0.925259 0.870546 
vt 0.888292 0.878466 
vt 0.961167 0.878886 
vt 0.926622 0.878465 
vt 0.958663 0.870953 
vt 0.387674 0.263663 
vt 0.353769 0.237151 
vt 0.359027 0.231497 
vt 0.336256 0.197708 
vt 0.803117 0.0769036 
vt 0.76106 0.0745645 
vt 0.804427 0.067869 
vt 0.718742 0.070983 
vt 0.760738 0.0654401 
vt 0.72071 0.0798891 
vt 0.817875 0.870143 
vt 0.851295 0.87055 
vt 0.815075 0.878044 
vt 0.84987 0.878468 
vt 0.232172 0.65893 
vt 0.201311 0.636135 
vt 0.186667 0.620322 
vt 0.813509 0.489648 
vt 0.284656 0.170078 
vt 0.810305 0.953065 
vt 0.832146 0.953136 
vt 0.811227 0.959936 
vt 0.952157 0.241663 
vt 0.979547 0.231154 
vt 0.953377 0.25063 
vt 0.133378 0.459989 
vt 0.0942953 0.460646 
vt 0.132424 0.45091 
vt 0.470945 0.279894 
vt 0.428056 0.278379 
vt 0.42911 0.270403 
vt 0.391037 0.256527 
vt 0.165617 0.728757 
vt 0.16562 0.806482 
vt 0.165619 0.767671 
vt 0.17262 0.804709 
vt 0.271579 0.0853263 
vt 0.377813 0.0284976 
vt 0.396736 0.0178008 
vt 0.868782 0.436789 
vt 0.499642 0.573699 
vt 0.459368 0.585572 
vt 0.458092 0.576556 
vt 0.696682 0.828753 
vt 0.734031 0.828751 
vt 0.715564 0.837846 
vt 0.751588 0.828881 
vt 0.547614 0.244192 
vt 0.512139 0.2681 
vt 0.50824 0.260737 
vt 0.469497 0.27183 
vt 0.78369 0.871934 
vt 0.19428 0.184174 
vt 0.156804 0.183787 
vt 0.175644 0.17433 
vt 0.481536 0.673893 
vt 0.510021 0.649661 
vt 0.529605 0.617844 
vt 0.526217 0.638536 
vt 0.588517 0.170497 
vt 0.57392 0.21055 
vt 0.566254 0.206707 
vt 0.541567 0.238278 
vt 0.557781 0.515955 
vt 0.571528 0.477293 
vt 0.578733 0.477997 
vt 0.552409 0.536913 
vt 0.0227603 0.803978 
vt 0.01 0.763629 
vt 0.0187848 0.762077 
vt 0.1378 0.806482 
vt 0.574073 0.927052 
vt 0.534916 0.933095 
vt 0.516849 0.924438 
vt 0.52442 0.838262 
vt 0.563764 0.830354 
vt 0.582505 0.839026 
vt 0.708315 0.633626 
vt 0.250619 0.824326 
vt 0.572653 0.436383 
vt 0.561111 0.397235 
vt 0.567722 0.393459 
vt 0.579919 0.43483 
vt 0.904604 0.633921 
vt 0.905031 0.642917 
vt 0.324345 0.11716 
vt 0.338634 0.0779511 
vt 0.357432 0.0660865 
vt 0.639279 0.455825 
vt 0.578329 0.0871433 
vt 0.590019 0.127972 
vt 0.581346 0.129326 
vt 0.579939 0.169157 
vt 0.5381 0.36366 
vt 0.505928 0.338907 
vt 0.509274 0.331696 
vt 0.543369 0.357928 
vt 0.138156 0.0749668 
vt 0.104633 0.0784526 
vt 0.0867519 0.074604 
vt 0.889214 0.725605 
vt 0.850284 0.734067 
vt 0.831593 0.726139 
vt 0.467786 0.325345 
vt 0.427432 0.324236 
vt 0.425926 0.316127 
vt 0.4688 0.317305 
vt 0.446918 0.688152 
vt 0.44791 0.695146 
vt 0.408338 0.698181 
vt 0.409544 0.691019 
vt 0.779025 0.5103 
vt 0.577653 0.874042 
vt 0.538377 0.881935 
vt 0.51968 0.873365 
vt 0.388818 0.335619 
vt 0.355703 0.358315 
vt 0.349587 0.352407 
vt 0.38485 0.328237 
vt 0.334305 0.198686 
vt 0.322875 0.158763 
vt 0.331103 0.138288 
vt 0.338532 0.100149 
vt 0.390002 0.258487 
vt 0.357454 0.233037 
vt 0.352136 0.211807 
vt 0.33581 0.17676 
vt 0.373066 0.682185 
vt 0.369658 0.688814 
vt 0.335672 0.667894 
vt 0.341059 0.662484 
vt 0.33129 0.390046 
vt 0.317914 0.427662 
vt 0.309291 0.42637 
vt 0.323563 0.386231 
vt 0.708032 0.509324 
vt 0.502642 0.730585 
vt 0.541938 0.72172 
vt 0.56098 0.730156 
vt 0.31682 0.467461 
vt 0.328047 0.505544 
vt 0.320123 0.50958 
vt 0.308123 0.468874 
vt 0.019097 0.722417 
vt 0.0103334 0.721225 
vt 0.0237805 0.68092 
vt 0.0316843 0.68469 
vt 0.350432 0.538205 
vt 0.381728 0.562284 
vt 0.377564 0.570287 
vt 0.344067 0.544514 
vt 0.22066 0.772044 
vt 0.214742 0.734379 
vt 0.216616 0.712722 
vt 0.872094 0.00999999 
vt 0.883396 0.0488986 
vt 0.875876 0.0685879 
vt 0.819225 0.334029 
vt 0.868751 0.105946 
vt 0.88212 0.0894971 
vt 0.868324 0.127819 
vt 0.850393 0.139342 
vt 0.108166 0.628039 
vt 0.0741026 0.645059 
vt 0.0538029 0.651002 
vt 0.086907 0.627346 
vt 0.125807 0.615045 
vt 0.1459 0.622366 
vt 0.822555 0.165484 
vt 0.843294 0.16009 
vt 0.809425 0.183108 
vt 0.787926 0.18178 
vt 0.749872 0.186588 
vt 0.769996 0.194564 
vt 0.559491 0.517185 
vt 0.534196 0.550016 
vt 0.527889 0.543393 
vt 0.495664 0.56548 
vt 0.0852881 0.855256 
vt 0.122506 0.867673 
vt 0.121093 0.87668 
vt 0.0409228 0.81675 
vt 0.0685573 0.844823 
vt 0.0812086 0.863373 
vt 0.394528 0.25069 
vt 0.430639 0.26385 
vt 0.42872 0.272597 
vt 0.378429 0.240026 
vt 0.31667 0.633814 
vt 0.629382 0.633518 
vt 0.556939 0.224836 
vt 0.527068 0.252668 
vt 0.522424 0.245244 
vt 0.348612 0.15347 
vt 0.383917 0.153901 
vt 0.364164 0.160466 
vt 0.979414 0.398917 
vt 0.942118 0.398917 
vt 0.961533 0.39143 
vt 0.218277 0.551408 
vt 0.245627 0.551069 
vt 0.266827 0.472232 
vt 0.716364 0.871008 
vt 0.737434 0.163192 
vt 0.774783 0.163925 
vt 0.755233 0.171475 
vt 0.148551 0.494264 
vt 0.0350728 0.662812 
vt 0.0654378 0.632921 
vt 0.0879169 0.62936 
vt 0.0553788 0.652611 
vt 0.651897 0.132665 
vt 0.690012 0.179291 
vt 0.570406 0.0911156 
vt 0.444037 0.641176 
vt 0.238704 0.652783 
vt 0.262678 0.686332 
vt 0.25453 0.690218 
vt 0.223115 0.639256 
vt 0.142071 0.869367 
vt 0.180716 0.863558 
vt 0.202948 0.86439 
vt 0.163043 0.87701 
vt 0.626624 0.100116 
vt 0.621404 0.0588028 
vt 0.630544 0.0591168 
vt 0.637928 0.0205537 
vt 0.0296951 0.68364 
vt 0.0595054 0.65733 
vt 0.0369487 0.687869 
vt 0.611304 0.827868 
vt 0.659383 0.828756 
vt 0.677812 0.837901 
vt 0.023268 0.781415 
vt 0.0473131 0.838337 
vt 0.146259 0.613596 
vt 0.183621 0.628645 
vt 0.417302 0.584416 
vt 0.418832 0.575477 
vt 0.364401 0.0449989 
vt 0.370662 0.0516586 
vt 0.489958 0.269954 
vt 0.487778 0.261383 
vt 0.275144 0.725749 
vt 0.274817 0.767195 
vt 0.265848 0.765606 
vt 0.266152 0.726969 
vt 0.582131 0.169656 
vt 0.568224 0.207799 
vt 0.560876 0.203322 
vt 0.537407 0.233336 
vt 0.106605 0.62179 
vt 0.488355 0.201807 
vt 0.215584 0.846136 
vt 0.236919 0.840114 
vt 0.534312 0.983385 
vt 0.518671 0.975207 
vt 0.611304 0.761646 
vt 0.308123 0.789644 
vt 0.324761 0.806815 
vt 0.624095 0.393833 
vt 0.01 0.99 
vt 0.655093 0.325955 
vt 0.807364 0.802668 
vt 0.476402 0.521405 
vt 0.820371 0.558085 
vt 0.01 0.430946 
vt 0.77398 0.685862 
vt 0.469796 0.274049 
vt 0.468962 0.265204 
vt 0.611304 0.412819 
vt 0.0872473 0.701792 
vt 0.141188 0.438217 
vt 0.182844 0.425758 
vt 0.205503 0.439178 
vt 0.777108 0.333221 
vt 0.392015 0.552297 
vt 0.426163 0.433862 
vt 0.366442 0.762893 
vt 0.344586 0.762823 
vt 0.345511 0.755826 
vt 0.279794 0.104896 
vt 0.284797 0.126099 
vt 0.484965 0.215686 
vt 0.699346 0.226805 
vt 0.17773 0.162759 
vt 0.156406 0.16275 
vt 0.178679 0.155894 
vt 0.37244 0.519144 
vt 0.573096 0.498927 
vt 0.56425 0.518729 
vt 0.417441 0.0769933 
vt 0.418317 0.473626 
vt 0.416173 0.494819 
vt 0.398114 0.492162 
vt 0.346126 0.0580233 
vt 0.138344 0.651864 
vt 0.116466 0.651022 
vt 0.117302 0.641927 
vt 0.279463 0.190657 
vt 0.271058 0.210724 
vt 0.783427 0.24352 
vt 0.118792 0.485503 
vt 0.0970431 0.483004 
vt 0.11934 0.476385 
vt 0.102208 0.684374 
vt 0.554642 0.0519946 
vt 0.548256 0.0582463 
vt 0.83351 0.436358 
vt 0.834959 0.45435 
vt 0.816332 0.5835 
vt 0.152197 0.818037 
vt 0.521321 0.0259396 
vt 0.517117 0.0338975 
vt 0.446435 0.113999 
vt 0.852209 0.40001 
vt 0.891683 0.39143 
vt 0.910733 0.400154 
vt 0.481663 0.0114871 
vt 0.480079 0.0203994 
vt 0.688884 0.0586823 
vt 0.764449 0.654477 
vt 0.439572 0.00999999 
vt 0.440788 0.0190111 
vt 0.148958 0.171907 
vt 0.109084 0.184174 
vt 0.0895946 0.170677 
vt 0.0978597 0.806482 
vt 0.084052 0.788167 
vt 0.801218 0.457166 
vt 0.399171 0.021567 
vt 0.403092 0.0298036 
vt 0.194206 0.361109 
vt 0.155022 0.370272 
vt 0.135943 0.36204 
vt 0.434315 0.758557 
vt 0.214531 0.917542 
vt 0.253648 0.908395 
vt 0.272679 0.916533 
vt 0.284827 0.126652 
vt 0.183146 0.924409 
vt 0.396224 0.176973 
vt 0.410479 0.155094 
vt 0.14856 0.149292 
vt 0.109077 0.162119 
vt 0.0895946 0.149715 
vt 0.131949 0.16283 
vt 0.0896662 0.123201 
vt 0.78784 0.358471 
vt 0.309743 0.637412 
vt 0.965825 0.644528 
vt 0.174436 0.556244 
vt 0.137451 0.555792 
vt 0.160536 0.541887 
vt 0.611304 0.870143 
vt 0.612251 0.879112 
vt 0.447075 0.416087 
vt 0.890296 0.760023 
vt 0.851192 0.768202 
vt 0.832497 0.759949 
vt 0.755751 0.921671 
vt 0.520965 0.566676 
vt 0.804372 0.0560286 
vt 0.800292 0.0382246 
vt 0.14009 0.476492 
vt 0.140539 0.485615 
vt 0.436412 0.176973 
vt 0.418326 0.174512 
vt 0.458703 0.570328 
vt 0.19523 0.205617 
vt 0.673542 0.335382 
vt 0.693086 0.316127 
vt 0.9637 0.601517 
vt 0.218421 0.809195 
vt 0.22697 0.751746 
vt 0.544551 0.13716 
vt 0.545928 0.175812 
vt 0.536674 0.156779 
vt 0.686545 0.0312776 
vt 0.782236 0.880876 
vt 0.699657 0.025321 
vt 0.727614 0.0379576 
vt 0.708526 0.0498994 
vt 0.883493 0.282015 
vt 0.844738 0.290757 
vt 0.826053 0.283165 
vt 0.667604 0.509382 
vt 0.403373 0.735442 
vt 0.385861 0.724996 
vt 0.403996 0.726403 
vt 0.574054 0.167025 
vt 0.667817 0.633684 
vt 0.776398 0.118084 
vt 0.800721 0.129955 
vt 0.757617 0.9539 
vt 0.327636 0.698181 
vt 0.318543 0.698181 
vt 0.318704 0.680055 
vt 0.551848 0.512208 
vt 0.327796 0.680055 
vt 0.629131 0.0181474 
vt 0.61326 0.912261 
vt 0.638739 0.343799 
vt 0.611304 0.360045 
vt 0.618183 0.334333 
vt 0.982014 0.239643 
vt 0.787136 0.919314 
vt 0.821449 0.912261 
vt 0.848176 0.918711 
vt 0.249209 0.738903 
vt 0.248782 0.773931 
vt 0.242041 0.758358 
vt 0.166766 0.476278 
vt 0.205503 0.468492 
vt 0.190359 0.485615 
vt 0.148385 0.468653 
vt 0.7464 0.50949 
vt 0.536252 0.193795 
vt 0.855685 0.953058 
vt 0.894662 0.953056 
vt 0.874465 0.959899 
vt 0.647037 0.070528 
vt 0.110451 0.913077 
vt 0.0728348 0.916967 
vt 0.0516282 0.913178 
vt 0.397582 0.4333 
vt 0.248319 0.222736 
vt 0.826053 0.225949 
vt 0.847145 0.227232 
vt 0.797835 0.105413 
vt 0.739952 0.0877355 
vt 0.0949645 0.45154 
vt 0.0773642 0.513977 
vt 0.137963 0.768639 
vt 0.184284 0.746715 
vt 0.251783 0.956723 
vt 0.214531 0.955553 
vt 0.234175 0.948927 
vt 0.103311 0.496993 
vt 0.140705 0.497579 
vt 0.120283 0.51116 
vt 0.83297 0.800138 
vt 0.865948 0.794131 
vt 0.891782 0.801601 
vt 0.218976 0.452353 
vt 0.222449 0.485757 
vt 0.218316 0.505524 
vt 0.244062 0.0775693 
vt 0.174436 0.534041 
vt 0.13711 0.533748 
vt 0.156576 0.526172 
vt 0.385238 0.734036 
vt 0.103072 0.614065 
vt 0.373624 0.633061 
vt 0.373662 0.654537 
vt 0.35542 0.654152 
vt 0.492206 0.502666 
vt 0.821855 0.316127 
vt 0.977894 0.327482 
vt 0.308123 0.873365 
vt 0.484245 0.925769 
vt 0.784947 0.585305 
vt 0.622014 0.167741 
vt 0.634783 0.182158 
vt 0.621404 0.194564 
vt 0.915316 0.0101707 
vt 0.745335 0.027984 
vt 0.741524 0.0421458 
vt 0.73655 0.0280367 
vt 0.308123 0.616957 
vt 0.410679 0.408984 
vt 0.160038 0.650337 
vt 0.158905 0.641274 
vt 0.259622 0.229223 
vt 0.529501 0.698181 
vt 0.510669 0.690718 
vt 0.529605 0.69068 
vt 0.789003 0.953056 
vt 0.483292 0.626192 
vt 0.502086 0.63364 
vt 0.483105 0.641176 
vt 0.366442 0.732076 
vt 0.35252 0.746717 
vt 0.352525 0.726027 
vt 0.199578 0.16283 
vt 0.735198 0.256298 
vt 0.323256 0.762813 
vt 0.699657 0.076724 
vt 0.396222 0.0769842 

usemtl Handle1Mtl

f 1/1/1 2/2/2 3/3/3 
f 4/4/4 5/5/5 6/6/6 
f 7/7/7 8/8/8 9/9/9 
f 10/10/10 11/11/11 12/12/12 
f 13/13/13 14/14/14 15/15/15 
f 16/16/16 17/17/17 18/18/18 
f 19/19/19 20/20/20 21/21/21 
f 22/22/22 23/23/23 24/24/24 
f 25/25/25 26/26/26 27/27/27 
f 28/28/28 29/29/29 30/30/30 
f 31/31/31 32/32/32 33/33/33 
f 34/34/34 35/35/35 36/36/36 
f 37/37/37 38/38/38 39/39/39 
f 40/40/40 41/41/41 42/42/42 
f 43/43/43 44/44/44 45/45/45 
f 46/46/46 47/47/47 48/48/48 
f 49/49/49 50/50/50 51/51/51 
f 52/52/52 53/53/53 54/54/54 
f 55/55/55 56/56/56 57/57/57 
f 58/58/58 59/59/59 60/60/60 
f 61/61/61 62/62/62 63/63/63 
f 64/64/64 65/65/65 66/66/66 
f 67/67/67 68/68/68 69/69/69 
f 70/70/70 71/71/71 72/72/72 
f 73/73/73 74/74/74 75/75/75 
f 76/76/76 77/77/77 78/78/78 
f 79/79/79 80/80/80 81/81/81 
f 82/82/82 83/83/83 84/84/84 
f 85/85/85 86/86/86 87/87/87 
f 88/88/88 89/89/89 90/90/90 
f 91/91/91 92/92/92 93/93/93 
f 94/94/94 27/27/27 26/26/26 
f 95/95/95 96/96/96 97/97/97 
f 98/98/98 12/12/12 11/11/11 
f 99/99/99 100/100/100 101/101/101 
f 102/102/102 103/103/103 104/104/104 
f 105/105/105 106/106/106 107/107/107 
f 108/108/108 57/57/57 56/56/56 
f 109/109/109 110/110/110 111/111/111 
f 54/54/54 112/112/112 52/52/52 
f 113/113/113 114/114/114 115/115/115 
f 116/116/116 117/117/117 118/118/118 
f 119/119/119 120/120/120 121/121/121 
f 122/122/122 123/123/123 124/124/124 
f 125/125/125 126/126/126 127/127/127 
f 51/51/51 128/128/128 49/49/49 
f 129/129/129 130/130/130 131/131/131 
f 132/132/132 131/131/131 130/130/130 
f 133/133/133 134/134/134 135/135/135 
f 136/136/136 9/9/9 8/8/8 
f 137/137/137 138/138/138 139/139/139 
f 140/140/140 141/141/141 142/142/142 
f 143/143/143 144/144/144 145/145/145 
f 146/146/146 145/145/145 144/144/144 
f 147/147/147 148/148/148 149/149/149 
f 139/139/139 150/150/150 137/137/137 
f 151/151/151 152/152/152 153/153/153 
f 154/154/154 153/153/153 152/152/152 
f 155/155/155 135/135/135 134/134/134 
f 156/156/156 157/157/157 158/158/158 
f 159/159/159 160/160/160 161/161/161 
f 149/149/149 162/162/162 147/147/147 
f 163/163/163 164/164/164 165/165/165 
f 166/166/166 167/167/167 168/168/168 
f 169/169/169 170/170/170 171/171/171 
f 172/172/172 173/173/173 174/174/174 
f 175/175/175 176/176/176 177/177/177 
f 178/178/178 179/179/179 180/180/180 
f 181/181/181 182/182/182 183/183/183 
f 184/184/184 185/185/185 186/186/186 
f 187/187/187 188/188/188 189/189/189 
f 190/190/190 191/191/191 192/192/192 
f 193/193/193 194/194/194 195/195/195 
f 196/196/196 197/197/197 198/198/198 
f 199/199/199 200/200/200 201/201/201 
f 202/202/202 201/201/201 200/200/200 
f 203/203/203 204/204/204 205/205/205 
f 206/206/206 3/3/3 2/2/2 
f 6/6/6 207/207/207 4/4/4 
f 208/208/208 209/209/209 210/210/210 
f 211/211/211 212/212/212 213/213/213 
f 214/214/214 183/183/183 182/182/182 
f 215/215/215 192/192/192 191/191/191 
f 216/216/216 217/217/217 218/218/218 
f 219/219/219 220/220/220 221/221/221 
f 222/222/222 213/213/213 212/212/212 
f 223/223/223 218/218/218 217/217/217 
f 224/224/224 225/225/225 226/226/226 
f 227/227/227 228/228/228 229/229/229 
f 195/195/195 230/230/230 193/193/193 
f 231/231/231 232/232/232 233/233/233 
f 234/234/234 233/233/233 232/232/232 
f 235/235/235 236/236/236 237/237/237 
f 238/238/238 221/221/221 220/220/220 
f 239/239/239 226/226/226 225/225/225 
f 240/240/240 241/241/241 242/242/242 
f 243/243/243 244/244/244 245/245/245 
f 246/246/246 237/237/237 236/236/236 
f 247/247/247 242/242/242 241/241/241 
f 248/248/248 249/249/249 250/250/250 
f 251/251/251 252/252/252 253/253/253 
f 254/254/254 245/245/245 244/244/244 
f 255/255/255 250/250/250 249/249/249 
f 256/256/256 257/257/257 258/258/258 
f 259/259/259 260/260/260 261/261/261 
f 262/262/262 263/263/263 264/264/264 
f 265/265/265 266/266/266 267/267/267 
f 268/268/268 269/269/269 270/270/270 
f 271/271/271 272/272/272 273/273/273 
f 274/274/274 275/275/275 276/276/276 
f 277/277/277 278/278/278 279/279/279 
f 280/280/280 281/281/281 282/282/282 
f 283/283/283 284/284/284 285/285/285 
f 286/286/286 287/287/287 288/288/288 
f 289/289/289 290/290/290 291/291/291 
f 292/292/292 293/293/293 294/294/294 
f 295/295/295 296/296/296 297/297/297 
f 298/298/298 253/253/253 252/252/252 
f 299/299/299 258/258/258 257/257/257 
f 300/300/300 301/301/301 302/302/302 
f 303/303/303 304/304/304 305/305/305 
f 306/306/306 307/307/307 308/308/308 
f 309/309/309 302/302/302 301/301/301 
f 310/310/310 121/121/121 120/120/120 
f 311/311/311 312/312/312 313/313/313 
f 261/261/261 313/313/313 312/312/312 
f 93/93/93 314/314/314 91/91/91 
f 267/267/267 315/315/315 265/265/265 
f 316/316/316 186/186/186 185/185/185 
f 317/317/317 39/39/39 38/38/38 
f 318/318/318 45/45/45 44/44/44 
f 319/319/319 189/189/189 188/188/188 
f 320/320/320 321/321/321 322/322/322 
f 323/323/323 324/324/324 325/325/325 
f 326/326/326 327/327/327 328/328/328 
f 329/329/329 328/328/328 327/327/327 
f 330/330/330 331/331/331 332/332/332 
f 332/332/332 333/333/333 330/330/330 
f 334/334/334 335/335/335 336/336/336 
f 337/337/337 336/336/336 335/335/335 
f 338/338/338 339/339/339 340/340/340 
f 341/341/341 205/205/205 204/204/204 
f 342/342/342 343/343/343 344/344/344 
f 345/345/345 210/210/210 209/209/209 
f 36/36/36 346/346/346 34/34/34 
f 15/15/15 347/347/347 13/13/13 
f 348/348/348 349/349/349 350/350/350 
f 351/351/351 350/350/350 349/349/349 
f 352/352/352 353/353/353 354/354/354 
f 264/264/264 355/355/355 262/262/262 
f 270/270/270 356/356/356 268/268/268 
f 84/84/84 357/357/357 82/82/82 
f 358/358/358 359/359/359 360/360/360 
f 361/361/361 362/362/362 363/363/363 
f 364/364/364 365/365/365 293/293/293 
f 366/366/366 367/367/367 368/368/368 
f 369/369/369 171/171/171 170/170/170 
f 370/370/370 371/371/371 372/372/372 
f 373/373/373 374/374/374 375/375/375 
f 376/376/376 377/377/377 176/176/176 
f 378/378/378 372/372/372 371/371/371 
f 379/379/379 380/380/380 381/381/381 
f 382/382/382 383/383/383 384/384/384 
f 385/385/385 386/386/386 387/387/387 
f 388/388/388 381/381/381 380/380/380 
f 389/389/389 390/390/390 391/391/391 
f 392/392/392 393/393/393 394/394/394 
f 395/395/395 384/384/384 383/383/383 
f 396/396/396 391/391/391 390/390/390 
f 397/397/397 398/398/398 399/399/399 
f 400/400/400 401/401/401 402/402/402 
f 403/403/403 394/394/394 393/393/393 
f 404/404/404 399/399/399 398/398/398 
f 405/405/405 340/340/340 339/339/339 
f 406/406/406 407/407/407 408/408/408 
f 409/409/409 402/402/402 401/401/401 
f 21/21/21 410/410/410 411/411/411 
f 412/412/412 413/413/413 414/414/414 
f 415/415/415 24/24/24 23/23/23 
f 416/416/416 417/417/417 418/418/418 
f 419/419/419 420/420/420 41/41/41 
f 48/48/48 421/421/421 46/46/46 
f 422/422/422 423/423/423 424/424/424 
f 425/425/425 426/426/426 427/427/427 
f 428/428/428 180/180/180 429/429/429 
f 430/430/430 431/431/431 432/432/432 
f 433/433/433 434/434/434 435/435/435 
f 436/436/436 435/435/435 434/434/434 
f 437/437/437 438/438/438 439/439/439 
f 439/439/439 440/440/440 437/437/437 
f 441/441/441 419/419/419 442/442/442 
f 442/442/442 443/443/443 441/441/441 
f 444/444/444 445/445/445 446/446/446 
f 447/447/447 446/446/446 445/445/445 
f 448/448/448 449/449/449 450/450/450 
f 451/451/451 452/452/452 71/71/71 
f 453/453/453 454/454/454 455/455/455 
f 456/456/456 33/33/33 32/32/32 
f 457/457/457 107/107/107 106/106/106 
f 458/458/458 111/111/111 110/110/110 
f 459/459/459 460/460/460 326/326/326 
f 325/325/325 461/461/461 323/323/323 
f 462/462/462 463/463/463 464/464/464 
f 465/465/465 464/464/464 463/463/463 
f 466/466/466 467/467/467 468/468/468 
f 469/469/469 468/468/468 467/467/467 
f 470/470/470 471/471/471 472/472/472 
f 473/473/473 474/474/474 475/475/475 
f 476/476/476 174/174/174 173/173/173 
f 477/477/477 478/478/478 479/479/479 
f 480/480/480 481/481/481 482/482/482 
f 483/483/483 482/482/482 481/481/481 
f 484/484/484 485/485/485 486/486/486 
f 487/487/487 488/488/488 489/489/489 
f 490/490/490 491/491/491 492/492/492 
f 493/493/493 494/494/494 495/495/495 
f 496/496/496 497/497/497 498/498/498 
f 499/499/499 500/500/500 501/501/501 
f 502/502/502 503/503/503 117/117/117 
f 504/504/504 505/505/505 506/506/506 
f 75/75/75 352/352/352 73/73/73 
f 507/507/507 78/78/78 77/77/77 
f 508/508/508 509/509/509 510/510/510 
f 511/511/511 510/510/510 509/509/509 
f 343/343/343 512/512/512 513/513/513 
f 514/514/514 513/513/513 512/512/512 
f 515/515/515 516/516/516 517/517/517 
f 518/518/518 519/519/519 520/520/520 
f 521/521/521 522/522/522 523/523/523 
f 524/524/524 523/523/523 522/522/522 
f 525/525/525 526/526/526 527/527/527 
f 528/528/528 527/527/527 526/526/526 
f 529/529/529 492/492/492 491/491/491 
f 530/530/530 531/531/531 532/532/532 
f 533/533/533 534/534/534 535/535/535 
f 536/536/536 535/535/535 534/534/534 
f 537/537/537 538/538/538 539/539/539 
f 540/540/540 541/541/541 542/542/542 
f 543/543/543 544/544/544 545/545/545 
f 53/53/53 60/60/60 59/59/59 
f 546/546/546 547/547/547 548/548/548 
f 549/549/549 548/548/548 547/547/547 
f 550/550/550 551/551/551 552/552/552 
f 553/553/553 554/554/554 555/555/555 
f 552/552/552 556/556/556 550/550/550 
f 557/557/557 558/558/558 559/559/559 
f 560/560/560 561/561/561 562/562/562 
f 307/307/307 306/306/306 563/563/563 
f 564/564/564 565/565/565 566/566/566 
f 567/567/567 568/568/568 569/569/569 
f 570/570/570 571/571/571 572/572/572 
f 573/573/573 572/572/572 571/571/571 
f 569/569/569 574/574/574 567/567/567 
f 486/486/486 575/575/575 484/484/484 
f 576/576/576 577/577/577 578/578/578 
f 114/114/114 113/113/113 579/579/579 
f 580/580/580 581/581/581 582/582/582 
f 111/111/111 583/583/583 109/109/109 
f 489/489/489 584/584/584 487/487/487 
f 585/585/585 586/586/586 587/587/587 
f 588/588/588 589/589/589 590/590/590 
f 591/591/591 592/592/592 593/593/593 
f 594/594/594 595/595/595 596/596/596 
f 597/597/597 598/598/598 599/599/599 
f 587/587/587 600/600/600 585/585/585 
f 601/601/601 602/602/602 603/603/603 
f 604/604/604 605/605/605 606/606/606 
f 607/607/607 608/608/608 609/609/609 
f 610/610/610 611/611/611 612/612/612 
f 555/555/555 613/613/613 614/614/614 
f 615/615/615 616/616/616 617/617/617 
f 606/606/606 618/618/618 604/604/604 
f 619/619/619 620/620/620 621/621/621 
f 622/622/622 623/623/623 624/624/624 
f 625/625/625 626/626/626 627/627/627 
f 596/596/596 628/628/628 629/629/629 
f 630/630/630 631/631/631 632/632/632 
f 633/633/633 634/634/634 635/635/635 
f 636/636/636 637/637/637 638/638/638 
f 617/617/617 639/639/639 615/615/615 
f 624/624/624 640/640/640 622/622/622 
f 641/641/641 642/642/642 643/643/643 
f 644/644/644 645/645/645 646/646/646 
f 647/647/647 648/648/648 649/649/649 
f 650/650/650 651/651/651 652/652/652 
f 627/627/627 653/653/653 625/625/625 
f 654/654/654 655/655/655 656/656/656 
f 657/657/657 658/658/658 659/659/659 
f 660/660/660 661/661/661 662/662/662 
f 646/646/646 663/663/663 644/644/644 
f 664/664/664 665/665/665 666/666/666 
f 667/667/667 158/158/158 157/157/157 
f 170/170/170 169/169/169 668/668/668 
f 669/669/669 670/670/670 671/671/671 
f 672/672/672 673/673/673 674/674/674 
f 675/675/675 676/676/676 677/677/677 
f 678/678/678 679/679/679 680/680/680 
f 652/652/652 681/681/681 650/650/650 
f 35/35/35 30/30/30 29/29/29 
f 33/33/33 351/351/351 31/31/31 
f 304/304/304 303/303/303 682/682/682 
f 683/683/683 684/684/684 685/685/685 
f 173/173/173 172/172/172 686/686/686 
f 687/687/687 688/688/688 597/597/597 
f 689/689/689 51/51/51 50/50/50 
f 690/690/690 691/691/691 692/692/692 
f 693/693/693 694/694/694 695/695/695 
f 696/696/696 532/532/532 531/531/531 
f 697/697/697 698/698/698 699/699/699 
f 680/680/680 700/700/700 678/678/678 
f 495/495/495 701/701/701 493/493/493 
f 702/702/702 703/703/703 704/704/704 
f 367/367/367 366/366/366 705/705/705 
f 706/706/706 707/707/707 708/708/708 
f 709/709/709 710/710/710 711/711/711 
f 699/699/699 712/712/712 697/697/697 
f 713/713/713 714/714/714 715/715/715 
f 716/716/716 450/450/450 449/449/449 
f 355/355/355 354/354/354 353/353/353 
f 717/717/717 718/718/718 719/719/719 
f 68/68/68 67/67/67 720/720/720 
f 721/721/721 722/722/722 723/723/723 
f 724/724/724 725/725/725 726/726/726 
f 331/331/331 330/330/330 727/727/727 
f 87/87/87 311/311/311 85/85/85 
f 455/455/455 728/728/728 453/453/453 
f 729/729/729 730/730/730 731/731/731 
f 732/732/732 715/715/715 714/714/714 
f 593/593/593 733/733/733 591/591/591 
f 517/517/517 734/734/734 515/515/515 
f 735/735/735 736/736/736 737/737/737 
f 738/738/738 90/90/90 89/89/89 
f 739/739/739 740/740/740 741/741/741 
f 711/711/711 742/742/742 709/709/709 
f 743/743/743 744/744/744 745/745/745 
f 746/746/746 731/731/731 730/730/730 
f 747/747/747 748/748/748 749/749/749 
f 750/750/750 751/751/751 752/752/752 
f 753/753/753 754/754/754 755/755/755 
f 756/756/756 745/745/745 744/744/744 
f 757/757/757 705/705/705 366/366/366 
f 758/758/758 759/759/759 760/760/760 
f 228/228/228 227/227/227 761/761/761 
f 762/762/762 763/763/763 764/764/764 
f 765/765/765 766/766/766 767/767/767 
f 768/768/768 755/755/755 754/754/754 
f 769/769/769 770/770/770 771/771/771 
f 737/737/737 772/772/772 735/735/735 
f 773/773/773 774/774/774 775/775/775 
f 771/771/771 776/776/776 769/769/769 
f 777/777/777 760/760/760 759/759/759 
f 778/778/778 779/779/779 780/780/780 
f 781/781/781 782/782/782 783/783/783 
f 784/784/784 767/767/767 766/766/766 
f 194/194/194 193/193/193 785/785/785 
f 786/786/786 787/787/787 788/788/788 
f 789/789/789 790/790/790 791/791/791 
f 792/792/792 783/783/783 782/782/782 
f 793/793/793 719/719/719 718/718/718 
f 794/794/794 795/795/795 796/796/796 
f 797/797/797 798/798/798 799/799/799 
f 800/800/800 791/791/791 790/790/790 
f 801/801/801 802/802/802 803/803/803 
f 804/804/804 805/805/805 806/806/806 
f 346/346/346 13/13/13 347/347/347 
f 349/349/349 31/31/31 351/351/351 
f 29/29/29 36/36/36 35/35/35 
f 32/32/32 807/807/807 456/456/456 
f 808/808/808 806/806/806 805/805/805 
f 809/809/809 810/810/810 811/811/811 
f 812/812/812 813/813/813 814/814/814 
f 815/815/815 816/816/816 817/817/817 
f 818/818/818 811/811/811 810/810/810 
f 819/819/819 820/820/820 821/821/821 
f 822/822/822 821/821/821 820/820/820 
f 823/823/823 545/545/545 544/544/544 
f 824/824/824 825/825/825 826/826/826 
f 692/692/692 827/827/827 690/690/690 
f 828/828/828 829/829/829 830/830/830 
f 831/831/831 832/832/832 833/833/833 
f 834/834/834 835/835/835 836/836/836 
f 775/775/775 837/837/837 773/773/773 
f 838/838/838 780/780/780 779/779/779 
f 20/20/20 19/19/19 839/839/839 
f 324/324/324 322/322/322 321/321/321 
f 840/840/840 841/841/841 842/842/842 
f 843/843/843 844/844/844 845/845/845 
f 846/846/846 847/847/847 848/848/848 
f 407/407/407 849/849/849 850/850/850 
f 850/850/850 408/408/408 407/407/407 
f 851/851/851 4/4/4 207/207/207 
f 492/492/492 852/852/852 490/490/490 
f 853/853/853 854/854/854 855/855/855 
f 62/62/62 61/61/61 856/856/856 
f 857/857/857 858/858/858 859/859/859 
f 860/860/860 796/796/796 795/795/795 
f 582/582/582 861/861/861 580/580/580 
f 862/862/862 580/580/580 861/861/861 
f 741/741/741 863/863/863 739/739/739 
f 864/864/864 18/18/18 17/17/17 
f 865/865/865 866/866/866 867/867/867 
f 666/666/666 868/868/868 664/664/664 
f 869/869/869 870/870/870 871/871/871 
f 872/872/872 830/830/830 829/829/829 
f 873/873/873 874/874/874 875/875/875 
f 876/876/876 875/875/875 874/874/874 
f 877/877/877 814/814/814 878/878/878 
f 878/878/878 879/879/879 877/877/877 
f 42/42/42 37/37/37 40/40/40 
f 880/880/880 520/520/520 519/519/519 
f 881/881/881 693/693/693 882/882/882 
f 695/695/695 882/882/882 693/693/693 
f 883/883/883 831/831/831 884/884/884 
f 833/833/833 884/884/884 831/831/831 
f 885/885/885 666/666/666 886/886/886 
f 886/886/886 817/817/817 885/885/885 
f 887/887/887 799/799/799 798/798/798 
f 798/798/798 888/888/888 887/887/887 
f 26/26/26 93/93/93 92/92/92 
f 736/736/736 889/889/889 890/890/890 
f 841/841/841 891/891/891 892/892/892 
f 892/892/892 842/842/842 841/841/841 
f 893/893/893 894/894/894 895/895/895 
f 895/895/895 896/896/896 893/893/893 
f 897/897/897 898/898/898 899/899/899 
f 900/900/900 899/899/899 898/898/898 
f 901/901/901 859/859/859 858/858/858 
f 902/902/902 326/326/326 460/460/460 
f 870/870/870 903/903/903 904/904/904 
f 904/904/904 871/871/871 870/870/870 
f 438/438/438 6/6/6 5/5/5 
f 568/568/568 566/566/566 565/565/565 
f 463/463/463 610/610/610 465/465/465 
f 44/44/44 319/319/319 318/318/318 
f 443/443/443 437/437/437 440/440/440 
f 558/558/558 550/550/550 556/556/556 
f 467/467/467 462/462/462 469/469/469 
f 189/189/189 190/190/190 187/187/187 
f 207/207/207 208/208/208 851/851/851 
f 575/575/575 567/567/567 574/574/574 
f 554/554/554 552/552/552 551/551/551 
f 445/445/445 46/46/46 447/447/447 
f 41/41/41 442/442/442 419/419/419 
f 551/551/551 555/555/555 554/554/554 
f 905/905/905 466/466/466 906/906/906 
f 191/191/191 216/216/216 215/215/215 
f 209/209/209 850/850/850 345/345/345 
f 907/907/907 486/486/486 485/485/485 
f 556/556/556 559/559/559 558/558/558 
f 434/434/434 444/444/444 436/436/436 
f 39/39/39 40/40/40 37/37/37 
f 612/612/612 465/465/465 610/610/610 
f 481/481/481 470/470/470 483/483/483 
f 217/217/217 224/224/224 223/223/223 
f 408/408/408 409/409/409 406/406/406 
f 586/586/586 487/487/487 584/584/584 
f 565/565/565 569/569/569 568/568/568 
f 3/3/3 433/433/433 1/1/1 
f 185/185/185 317/317/317 316/316/316 
f 464/464/464 469/469/469 462/462/462 
f 501/501/501 480/480/480 499/499/499 
f 225/225/225 240/240/240 239/239/239 
f 402/402/402 403/403/403 400/400/400 
f 602/602/602 585/585/585 600/600/600 
f 574/574/574 484/484/484 575/575/575 
f 205/205/205 206/206/206 203/203/203 
f 183/183/183 184/184/184 181/181/181 
f 468/468/468 906/906/906 466/466/466 
f 799/799/799 800/800/800 797/797/797 
f 130/130/130 58/58/58 132/132/132 
f 357/357/357 268/268/268 356/356/356 
f 884/884/884 717/717/717 883/883/883 
f 77/77/77 84/84/84 83/83/83 
f 718/718/718 794/794/794 793/793/793 
f 691/691/691 887/887/887 888/888/888 
f 59/59/59 54/54/54 53/53/53 
f 791/791/791 792/792/792 789/789/789 
f 908/908/908 129/129/129 909/909/909 
f 910/910/910 267/267/267 266/266/266 
f 830/830/830 833/833/833 828/828/828 
f 509/509/509 911/911/911 511/511/511 
f 241/241/241 248/248/248 247/247/247 
f 394/394/394 395/395/395 392/392/392 
f 912/912/912 621/621/621 620/620/620 
f 913/913/913 489/489/489 488/488/488 
f 340/340/340 341/341/341 338/338/338 
f 8/8/8 156/156/156 136/136/136 
f 740/740/740 709/709/709 742/742/742 
f 825/825/825 690/690/690 827/827/827 
f 914/914/914 109/109/109 583/583/583 
f 783/783/783 784/784/784 781/781/781 
f 152/152/152 143/143/143 154/154/154 
f 315/315/315 91/91/91 314/314/314 
f 871/871/871 872/872/872 869/869/869 
f 213/213/213 214/214/214 211/211/211 
f 472/472/472 483/483/483 470/470/470 
f 104/104/104 7/7/7 102/102/102 
f 710/710/710 697/697/697 712/712/712 
f 767/767/767 768/768/768 765/765/765 
f 168/168/168 151/151/151 166/166/166 
f 314/314/314 265/265/265 315/315/315 
f 770/770/770 735/735/735 772/772/772 
f 526/526/526 508/508/508 528/528/528 
f 249/249/249 256/256/256 255/255/255 
f 335/335/335 915/915/915 337/337/337 
f 698/698/698 678/678/678 700/700/700 
f 384/384/384 916/916/916 382/382/382 
f 642/642/642 622/622/622 640/640/640 
f 584/584/584 587/587/587 586/586/586 
f 398/398/398 405/405/405 404/404/404 
f 755/755/755 756/756/756 753/753/753 
f 200/200/200 917/917/917 202/202/202 
f 221/221/221 222/222/222 219/219/219 
f 482/482/482 499/499/499 480/480/480 
f 918/918/918 836/836/836 835/835/835 
f 835/835/835 919/919/919 918/918/918 
f 266/266/266 920/920/920 910/910/910 
f 774/774/774 769/769/769 776/776/776 
f 24/24/24 334/334/334 22/22/22 
f 679/679/679 650/650/650 681/681/681 
f 745/745/745 746/746/746 743/743/743 
f 232/232/232 199/199/199 234/234/234 
f 60/60/60 132/132/132 58/58/58 
f 545/545/545 862/862/862 543/543/543 
f 542/542/542 921/921/921 540/540/540 
f 257/257/257 300/300/300 299/299/299 
f 922/922/922 923/923/923 924/924/924 
f 658/658/658 656/656/656 655/655/655 
f 356/356/356 82/82/82 357/357/357 
f 836/836/836 773/773/773 834/834/834 
f 600/600/600 603/603/603 602/602/602 
f 390/390/390 397/397/397 396/396/396 
f 418/418/418 925/925/925 416/416/416 
f 651/651/651 625/625/625 653/653/653 
f 237/237/237 238/238/238 235/235/235 
f 498/498/498 926/926/926 496/496/496 
f 731/731/731 732/732/732 729/729/729 
f 282/282/282 927/927/927 280/280/280 
f 131/131/131 909/909/909 129/129/129 
f 820/820/820 823/823/823 822/822/822 
f 928/928/928 929/929/929 930/930/930 
f 931/931/931 932/932/932 309/309/309 
f 294/294/294 933/933/933 292/292/292 
f 626/626/626 629/629/629 628/628/628 
f 177/177/177 934/934/934 175/175/175 
f 935/935/935 936/936/936 937/937/937 
f 938/938/938 624/624/624 623/623/623 
f 380/380/380 389/389/389 388/388/388 
f 939/939/939 940/940/940 713/713/713 
f 72/72/72 941/941/941 70/70/70 
f 145/145/145 154/154/154 143/143/143 
f 810/810/810 819/819/819 818/818/818 
f 245/245/245 246/246/246 243/243/243 
f 510/510/510 528/528/528 508/508/508 
f 942/942/942 943/943/943 944/944/944 
f 945/945/945 599/599/599 598/598/598 
f 946/946/946 947/947/947 948/948/948 
f 949/949/949 950/950/950 119/119/119 
f 9/9/9 102/102/102 7/7/7 
f 814/814/814 815/815/815 812/812/812 
f 429/429/429 951/951/951 428/428/428 
f 952/952/952 953/953/953 954/954/954 
f 640/640/640 643/643/643 642/642/642 
f 371/371/371 379/379/379 378/378/378 
f 153/153/153 166/166/166 151/151/151 
f 805/805/805 809/809/809 808/808/808 
f 253/253/253 254/254/254 251/251/251 
f 955/955/955 540/540/540 921/921/921 
f 956/956/956 739/739/739 863/863/863 
f 863/863/863 957/957/957 956/956/956 
f 128/128/128 127/127/127 126/126/126 
f 790/790/790 797/797/797 800/800/800 
f 958/958/958 689/689/689 959/959/959 
f 888/888/888 692/692/692 691/691/691 
f 960/960/960 139/139/139 138/138/138 
f 782/782/782 789/789/789 792/792/792 
f 74/74/74 81/81/81 80/80/80 
f 796/796/796 793/793/793 794/794/794 
f 742/742/742 741/741/741 740/740/740 
f 135/135/135 10/10/10 133/133/133 
f 101/101/101 961/961/961 99/99/99 
f 634/634/634 877/877/877 879/879/879 
f 962/962/962 956/956/956 957/957/957 
f 957/957/957 963/963/963 962/962/962 
f 321/321/321 325/325/325 324/324/324 
f 859/859/859 860/860/860 857/857/857 
f 107/107/107 108/108/108 105/105/105 
f 827/827/827 826/826/826 825/825/825 
f 150/150/150 149/149/149 148/148/148 
f 766/766/766 781/781/781 784/784/784 
f 712/712/712 711/711/711 710/710/710 
f 11/11/11 632/632/632 631/631/631 
f 165/165/165 964/964/964 163/163/163 
f 965/965/965 966/966/966 967/967/967 
f 772/772/772 771/771/771 770/770/770 
f 313/313/313 85/85/85 311/311/311 
f 89/89/89 87/87/87 86/86/86 
f 903/903/903 453/453/453 728/728/728 
f 968/968/968 962/962/962 963/963/963 
f 963/963/963 969/969/969 968/968/968 
f 970/970/970 161/161/161 160/160/160 
f 754/754/754 765/765/765 768/768/768 
f 866/866/866 893/893/893 896/896/896 
f 896/896/896 867/867/867 866/866/866 
f 700/700/700 699/699/699 698/698/698 
f 971/971/971 332/332/332 331/331/331 
f 56/56/56 105/105/105 108/108/108 
f 875/875/875 582/582/582 873/873/873 
f 655/655/655 659/659/659 658/658/658 
f 170/170/170 370/370/370 369/369/369 
f 972/972/972 968/968/968 969/969/969 
f 969/969/969 973/973/973 972/972/972 
f 974/974/974 975/975/975 976/976/976 
f 541/541/541 977/977/977 978/978/978 
f 776/776/776 775/775/775 774/774/774 
f 979/979/979 261/261/261 260/260/260 
f 197/197/197 195/195/195 194/194/194 
f 744/744/744 753/753/753 756/756/756 
f 681/681/681 680/680/680 679/679/679 
f 333/333/333 21/21/21 20/20/20 
f 50/50/50 959/959/959 689/689/689 
f 861/861/861 543/543/543 862/862/862 
f 980/980/980 972/972/972 973/973/973 
f 973/973/973 981/981/981 980/980/980 
f 889/889/889 980/980/980 981/981/981 
f 981/981/981 890/890/890 889/889/889 
f 336/336/336 22/22/22 334/334/334 
f 982/982/982 983/983/983 984/984/984 
f 230/230/230 229/229/229 228/228/228 
f 730/730/730 743/743/743 746/746/746 
f 653/653/653 652/652/652 651/651/651 
f 414/414/414 985/985/985 412/412/412 
f 347/347/347 34/34/34 346/346/346 
f 867/867/867 664/664/664 865/865/865 
f 126/126/126 49/49/49 128/128/128 
f 544/544/544 822/822/822 823/823/823 
f 201/201/201 234/234/234 199/199/199 
f 986/986/986 987/987/987 988/988/988 
f 169/169/169 173/173/173 989/989/989 
f 173/173/173 169/169/169 476/476/476 
f 990/990/990 273/273/273 272/272/272 
f 714/714/714 729/729/729 732/732/732 
f 628/628/628 627/627/627 626/626/626 
f 991/991/991 358/358/358 992/992/992 
f 993/993/993 994/994/994 995/995/995 
f 994/994/994 993/993/993 996/996/996 
f 997/997/997 142/142/142 141/141/141 
f 821/821/821 818/818/818 819/819/819 
f 998/998/998 416/416/416 925/925/925 
f 779/779/779 999/999/999 838/838/838 
f 65/65/65 69/69/69 68/68/68 
f 449/449/449 713/713/713 940/940/940 
f 188/188/188 318/318/318 319/319/319 
f 734/734/734 591/591/591 733/733/733 
f 45/45/45 48/48/48 43/43/43 
f 1000/1000/1000 517/517/517 516/516/516 
f 598/598/598 596/596/596 595/595/595 
f 1001/1001/1001 1002/1002/1002 1003/1003/1003 
f 5/5/5 439/439/439 438/438/438 
f 1004/1004/1004 529/529/529 1005/1005/1005 
f 12/12/12 133/133/133 10/10/10 
f 817/817/817 812/812/812 815/815/815 
f 192/192/192 187/187/187 190/190/190 
f 592/592/592 590/590/590 589/589/589 
f 210/210/210 851/851/851 208/208/208 
f 852/852/852 495/495/495 494/494/494 
f 1006/1006/1006 280/280/280 927/927/927 
f 1007/1007/1007 1008/1008/1008 1009/1009/1009 
f 446/446/446 436/436/436 444/444/444 
f 531/531/531 695/695/695 694/694/694 
f 148/148/148 137/137/137 150/150/150 
f 811/811/811 808/808/808 809/809/809 
f 218/218/218 215/215/215 216/216/216 
f 1010/1010/1010 606/606/606 605/605/605 
f 435/435/435 1/1/1 433/433/433 
f 491/491/491 1005/1005/1005 529/529/529 
f 1011/1011/1011 576/576/576 448/448/448 
f 123/123/123 1012/1012/1012 1013/1013/1013 
f 226/226/226 223/223/223 224/224/224 
f 618/618/618 617/617/617 616/616/616 
f 954/954/954 1014/1014/1014 1015/1015/1015 
f 423/423/423 1016/1016/1016 1017/1017/1017 
f 401/401/401 406/406/406 409/409/409 
f 512/512/512 521/521/521 514/514/514 
f 186/186/186 181/181/181 184/184/184 
f 589/589/589 593/593/593 592/592/592 
f 2/2/2 203/203/203 206/206/206 
f 494/494/494 490/490/490 852/852/852 
f 448/448/448 578/578/578 1018/1018/1018 
f 578/578/578 448/448/448 576/576/576 
f 242/242/242 239/239/239 240/240/240 
f 1019/1019/1019 638/638/638 637/637/637 
f 417/417/417 1020/1020/1020 1021/1021/1021 
f 759/759/759 778/778/778 777/777/777 
f 1022/1022/1022 147/147/147 162/162/162 
f 1023/1023/1023 801/801/801 1024/1024/1024 
f 393/393/393 400/400/400 403/403/403 
f 1025/1025/1025 1026/1026/1026 1027/1027/1027 
f 182/182/182 211/211/211 214/214/214 
f 1028/1028/1028 609/609/609 608/608/608 
f 204/204/204 338/338/338 341/341/341 
f 1029/1029/1029 493/493/493 701/701/701 
f 250/250/250 247/247/247 248/248/248 
f 648/648/648 646/646/646 645/645/645 
f 1030/1030/1030 1031/1031/1031 1032/1032/1032 
f 1033/1033/1033 1034/1034/1034 1035/1035/1035 
f 383/383/383 392/392/392 395/395/395 
f 534/534/534 546/546/546 536/536/536 
f 212/212/212 219/219/219 222/222/222 
f 616/616/616 604/604/604 618/618/618 
f 339/339/339 404/404/404 405/405/405 
f 513/513/513 344/344/344 343/343/343 
f 258/258/258 255/255/255 256/256/256 
f 663/663/663 662/662/662 661/661/661 
f 194/194/194 198/198/198 197/197/197 
f 198/198/198 194/194/194 1036/1036/1036 
f 1037/1037/1037 1038/1038/1038 1039/1039/1039 
f 899/899/899 1040/1040/1040 897/897/897 
f 20/20/20 330/330/330 333/333/333 
f 330/330/330 20/20/20 1041/1041/1041 
f 374/374/374 1042/1042/1042 1043/1043/1043 
f 547/547/547 1044/1044/1044 549/549/549 
f 1045/1045/1045 1046/1046/1046 1047/1047/1047 
f 826/826/826 1048/1048/1048 824/824/824 
f 1049/1049/1049 1045/1045/1045 1047/1047/1047 
f 874/874/874 1050/1050/1050 876/876/876 
f 220/220/220 235/235/235 238/238/238 
f 1051/1051/1051 615/615/615 639/639/639 
f 1052/1052/1052 1053/1053/1053 1054/1054/1054 
f 366/366/366 758/758/758 757/757/757 
f 399/399/399 396/396/396 397/397/397 
f 523/523/523 514/514/514 521/521/521 
f 302/302/302 299/299/299 300/300/300 
f 1055/1055/1055 674/674/674 673/673/673 
f 1056/1056/1056 1057/1057/1057 1058/1058/1058 
f 1059/1059/1059 1060/1060/1060 1061/1061/1061 
f 1062/1062/1062 1063/1063/1063 1064/1064/1064 
f 1063/1063/1063 1062/1062/1062 1065/1065/1065 
f 228/228/228 193/193/193 230/230/230 
f 193/193/193 228/228/228 1066/1066/1066 
f 236/236/236 243/243/243 246/246/246 
f 645/645/645 649/649/649 648/648/648 
f 391/391/391 388/388/388 389/389/389 
f 1067/1067/1067 1027/1027/1027 1026/1026/1026 
f 120/120/120 309/309/309 932/932/932 
f 684/684/684 682/682/682 303/303/303 
f 180/180/180 175/175/175 178/178/178 
f 1068/1068/1068 1069/1069/1069 1070/1070/1070 
f 244/244/244 251/251/251 254/254/254 
f 661/661/661 644/644/644 663/663/663 
f 381/381/381 378/378/378 379/379/379 
f 548/548/548 536/536/536 546/546/546 
f 287/287/287 412/412/412 985/985/985 
f 780/780/780 777/777/777 778/778/778 
f 1071/1071/1071 276/276/276 275/275/275 
f 1072/1072/1072 1073/1073/1073 1074/1074/1074 
f 432/432/432 1075/1075/1075 430/430/430 
f 708/708/708 367/367/367 706/706/706 
f 1076/1076/1076 119/119/119 950/950/950 
f 505/505/505 1077/1077/1077 1078/1078/1078 
f 1079/1079/1079 295/295/295 1080/1080/1080 
f 1081/1081/1081 677/677/677 676/676/676 
f 372/372/372 369/369/369 370/370/370 
f 572/572/572 1082/1082/1082 570/570/570 
f 360/360/360 992/992/992 358/358/358 
f 760/760/760 757/757/757 758/758/758 
f 68/68/68 66/66/66 65/65/65 
f 66/66/66 68/68/68 1083/1083/1083 
f 685/685/685 303/303/303 1084/1084/1084 
f 303/303/303 685/685/685 684/684/684 
f 171/171/171 476/476/476 169/169/169 
f 1085/1085/1085 1086/1086/1086 1087/1087/1087 
f 1088/1088/1088 1089/1089/1089 1090/1090/1090 
f 705/705/705 706/706/706 367/367/367 
f 1091/1091/1091 1092/1092/1092 1093/1093/1093 
f 1078/1078/1078 506/506/506 505/505/505 
f 503/503/503 118/118/118 117/117/117 
f 1094/1094/1094 1095/1095/1095 1096/1096/1096 
f 174/174/174 1097/1097/1097 172/172/172 
f 1098/1098/1098 1099/1099/1099 1100/1100/1100 
f 1101/1101/1101 1038/1038/1038 1037/1037/1037 
f 858/858/858 1102/1102/1102 901/901/901 
f 614/614/614 553/553/553 555/555/555 
f 47/47/47 43/43/43 48/48/48 
f 1103/1103/1103 1104/1104/1104 1105/1105/1105 
f 795/795/795 857/857/857 860/860/860 
f 92/92/92 94/94/94 26/26/26 
f 728/728/728 904/904/904 903/903/903 
f 583/583/583 1106/1106/1106 914/914/914 
f 581/581/581 873/873/873 582/582/582 
f 1107/1107/1107 456/456/456 807/807/807 
f 894/894/894 455/455/455 454/454/454 
f 83/83/83 507/507/507 77/77/77 
f 891/891/891 918/918/918 919/919/919 
f 350/350/350 1108/1108/1108 348/348/348 
f 868/868/868 865/865/865 664/664/664 
f 158/158/158 136/136/136 156/156/156 
f 816/816/816 885/885/885 817/817/817 
f 328/328/328 459/459/459 326/326/326 
f 898/898/898 840/840/840 900/900/900 
f 354/354/354 73/73/73 352/352/352 
f 719/719/719 883/883/883 717/717/717 
f 1109/1109/1109 264/264/264 263/263/263 
f 832/832/832 828/828/828 833/833/833 
f 312/312/312 259/259/259 261/261/261 
f 829/829/829 869/869/869 872/872/872 
f 890/890/890 737/737/737 736/736/736 
f 86/86/86 738/738/738 89/89/89 
f 837/837/837 834/834/834 773/773/773 
f 353/353/353 262/262/262 355/355/355 
f 30/30/30 1110/1110/1110 28/28/28 
f 454/454/454 895/895/895 894/894/894 
f 134/134/134 1111/1111/1111 155/155/155 
f 665/665/665 886/886/886 666/666/666 
f 919/919/919 892/892/892 891/891/891 
f 80/80/80 75/75/75 74/74/74 
f 842/842/842 900/900/900 840/840/840 
f 1112/1112/1112 1113/1113/1113 1114/1114/1114 
f 1115/1115/1115 97/97/97 96/96/96 
f 879/879/879 635/635/635 634/634/634 
f 631/631/631 98/98/98 11/11/11 
f 813/813/813 878/878/878 814/814/814 
f 849/849/849 345/345/345 850/850/850 
f 1116/1116/1116 1117/1117/1117 1118/1118/1118 
f 411/411/411 19/19/19 21/21/21 
f 1119/1119/1119 838/838/838 999/999/999 
f 440/440/440 441/441/441 443/443/443 
f 694/694/694 696/696/696 531/531/531 
f 420/420/420 42/42/42 41/41/41 
f 520/520/520 881/881/881 518/518/518 
f 421/421/421 447/447/447 46/46/46 
f 882/882/882 518/518/518 881/881/881 
f 38/38/38 316/316/316 317/317/317 
f 733/733/733 515/515/515 734/734/734 
f 1120/1120/1120 430/430/430 1075/1075/1075 
f 1015/1015/1015 952/952/952 954/954/954 
f 1121/1121/1121 946/946/946 1122/1122/1122 
f 950/950/950 1123/1123/1123 1076/1076/1076 
f 431/431/431 942/942/942 432/432/432 
f 599/599/599 687/687/687 597/597/597 
f 1124/1124/1124 1125/1125/1125 1126/1126/1126 
f 121/121/121 949/949/949 119/119/119 
f 179/179/179 429/429/429 180/180/180 
f 1127/1127/1127 669/669/669 671/671/671 
f 450/450/450 1011/1011/1011 448/448/448 
f 1128/1128/1128 1129/1129/1129 1130/1130/1130 
f 1131/1131/1131 1132/1132/1132 1133/1133/1133 
f 595/595/595 945/945/945 598/598/598 
f 934/934/934 178/178/178 175/175/175 
f 1134/1134/1134 935/935/935 937/937/937 
f 561/561/561 1135/1135/1135 562/562/562 
f 932/932/932 310/310/310 120/120/120 
f 940/940/940 716/716/716 449/449/449 
f 452/452/452 72/72/72 71/71/71 
f 365/365/365 294/294/294 293/293/293 
f 629/629/629 594/594/594 596/596/596 
f 929/929/929 1136/1136/1136 930/930/930 
f 301/301/301 931/931/931 309/309/309 
f 377/377/377 177/177/177 176/176/176 
f 1137/1137/1137 657/657/657 659/659/659 
f 715/715/715 939/939/939 713/713/713 
f 941/941/941 1138/1138/1138 70/70/70 

