# This file is brought to you by Roblox Corporation
# Generated by Roblox Studio

mtllib Slap_normal.mtl

g Handle1

v -4.74808 3.60527 47.5348 
v -4.57274 3.60296 47.4949 
v -4.51401 2.98175 47.815 
v -4.65296 3.08717 47.8766 
v -4.73955 2.93291 47.9348 
v -4.63659 2.80321 47.9387 
v -5.1419 2.7806 48.0537 
v -5.1603 4.32919 46.6805 
v -4.96075 4.21322 46.9499 
v -5.04852 4.33 46.9137 
v -5.11554 4.24839 46.9198 
v -5.00036 4.09474 46.9697 
v -5.05563 4.63211 47.2714 
v -5.01232 4.70512 47.2705 
v -4.76348 3.63494 47.4386 
v -5.15886 2.70954 48.2628 
v -5.11825 3.25958 48.6814 
v -5.16508 3.20073 48.6914 
v -5.1014 3.17493 48.717 
v -5.05733 3.20559 48.7048 
v -5.02425 3.23827 48.6713 
v -5.17678 3.27755 48.6097 
v -5.21371 3.22045 48.6337 
v -4.83945 2.88124 47.996 
v -4.74867 2.76151 48.0339 
v -4.83945 2.88124 47.996 
v -4.73955 2.93291 47.9348 
v -4.86047 2.9847 47.8567 
v -4.85938 4.5684 47.7414 
v -4.78901 4.59899 47.7394 
v -4.91574 4.49847 47.7195 
v -4.85938 4.5684 47.7414 
v -5.06003 4.44459 46.8146 
v -5.12411 4.42 46.8531 
v -5.12411 4.42 46.8531 
v -5.17151 4.34993 46.8749 
v -5.17053 4.18307 46.8414 
v -4.82526 3.56926 47.1045 
v -4.97611 3.75103 46.9397 
v -5.08424 4.00566 46.8815 
v -4.79199 3.92702 47.0241 
v -4.89115 4.10739 46.9763 
v -4.86822 3.82679 47.0393 
v -4.77784 3.45063 46.7382 
v -4.82315 3.55812 46.6876 
v -4.89392 3.50557 46.7097 
v -5.07415 3.83274 46.4952 
v -4.97541 3.69505 46.5935 
v -4.93364 3.79457 46.5535 
v -5.01911 3.90673 46.4755 
v -4.88115 3.69522 46.6105 
v -4.7181 3.32125 46.7976 
v -4.8791 3.36718 46.8076 
v -4.7181 3.32125 46.7976 
v -5.08626 3.95695 46.4033 
v -5.1194 3.90492 46.4298 
v -4.47767 3.49159 47.4484 
v -4.47834 3.56127 47.4047 
v -4.5815 3.61513 47.452 
v -4.57274 3.60296 47.4949 
v -4.41249 3.36718 47.5279 
v -4.64507 3.54489 47.0975 
v -4.55036 3.48294 47.0471 
v -4.48141 1.78451 47.5922 
v -4.83143 1.86617 47.7729 
v -4.69137 2.04715 47.8351 
v -4.8125 2.04309 47.8815 
v -5.02306 2.02764 47.7991 
v -4.96786 2.09052 47.8963 
v -4.72492 3.7657 47.0593 
v -5.02425 3.23827 48.6713 
v -5.19834 3.10297 48.641 
v -4.87901 4.35808 47.7485 
v -4.80766 4.44294 47.7923 
v -5.05733 3.20559 48.7048 
v -5.02407 3.12777 48.663 
v -5.21048 2.97431 48.545 
v -5.10339 3.09591 48.6816 
v -4.79762 4.14907 47.7852 
v -4.74404 4.28231 47.8179 
v -4.80766 4.44294 47.7923 
v -4.72713 4.50355 47.7655 
v -5.01754 4.66159 47.076 
v -5.00066 3.02178 48.5714 
v -5.10169 2.97365 48.5951 
v -4.74404 4.28231 47.8179 
v -4.65988 4.35268 47.7786 
v -4.97286 2.92977 48.4715 
v -4.95413 3.31081 46.7641 
v -4.73647 3.84472 47.8028 
v -4.5815 3.61513 47.452 
v -4.70325 4.14372 47.829 
v -4.6037 4.17912 47.7872 
v -4.65646 3.93455 47.841 
v -4.70325 4.14372 47.829 
v -4.95211 4.73913 47.2494 
v -5.01232 4.70512 47.2705 
v -5.08478 2.86986 48.4987 
v -4.72874 3.55739 47.8002 
v -4.65646 3.93455 47.841 
v -4.55227 3.97378 47.7956 
v -4.94472 4.5972 47.3309 
v -4.87785 4.65197 47.2816 
v -4.73826 3.33397 47.814 
v -4.60793 3.53829 47.8379 
v -4.62805 3.77274 47.8413 
v -4.62805 3.77274 47.8413 
v -4.51449 3.77521 47.7934 
v -4.78727 4.50626 47.308 
v -4.85882 4.44633 47.3653 
v -5.00318 4.50329 47.3124 
v -4.73722 2.51886 48.0667 
v -4.89846 2.59176 48.2431 
v -4.89043 2.40433 48.1249 
v -4.77909 3.94923 47.4019 
v -4.64339 3.86365 47.4328 
v -4.69953 4.05325 47.4191 
v -4.77815 3.13997 47.8314 
v -4.89165 4.29736 47.3577 
v -4.79029 4.301 47.3878 
v -4.85882 4.44633 47.3653 
v -4.6123 3.30999 47.8479 
v -4.60793 3.53829 47.8379 
v -4.48784 3.54171 47.7855 
v -4.69828 4.32733 47.3327 
v -4.79029 4.301 47.3878 
v -4.65978 4.3286 47.2141 
v -5.03926 2.55804 48.2299 
v -5.05272 2.39435 48.0679 
v -4.65296 3.08717 47.8766 
v -4.6123 3.30999 47.8479 
v -4.48461 3.29321 47.7894 
v -4.94472 4.5972 47.3309 
v -4.69953 4.05325 47.4191 
v -4.60465 4.08102 47.3602 
v -5.04852 4.33 46.9137 
v -4.9836 4.36505 46.8447 
v -4.91719 2.1954 47.9879 
v -4.75445 2.23149 47.9705 
v -4.59349 2.54891 47.9234 
v -5.05447 2.17004 47.902 
v -4.40669 3.32428 47.6644 
v -4.64339 3.86365 47.4328 
v -4.53744 3.83765 47.3785 
v -4.89814 4.2501 46.8706 
v -4.96075 4.21322 46.9499 
v -4.61338 2.2737 47.8835 
v -4.7964 3.60623 47.1707 
v -4.89115 4.10739 46.9763 
v -4.81231 4.11675 46.9015 
v -4.60064 1.80196 47.7229 
v -4.54002 2.0682 47.7403 
v -4.78814 1.56443 47.7174 
v -4.63026 1.55006 47.7034 
v -4.87102 1.51917 47.5794 
v -4.79199 3.92702 47.0241 
v -4.71577 3.93999 46.9467 
v -4.64507 3.54489 47.0975 
v -4.72492 3.7657 47.0593 
v -4.63241 3.73308 46.9948 
v -4.47087 3.30456 47.0756 
v -5.01911 3.90673 46.4755 
v -4.87137 3.81943 46.4755 
v -5.04274 2.67548 48.3275 
v -4.9176 2.72592 48.3146 
v -5.06297 2.78005 48.4141 
v -4.94473 2.8392 48.3872 
v -5.15886 2.70954 48.2628 
v -5.1014 3.17493 48.717 
v -4.82526 3.56926 47.1045 
v -4.92298 3.51063 47 
v -4.83143 1.86617 47.7729 
v -4.8125 2.04309 47.8815 
v -5.02306 2.02764 47.7991 
v -4.96786 2.09052 47.8963 
v -5.0185 1.80578 47.5771 
v -5.19834 3.10297 48.641 
v -5.21048 2.97431 48.545 
v -4.90721 4.34018 47.6431 
v -4.78839 4.44439 47.5301 
v -4.87903 4.41884 47.5574 
v -5.00066 3.02178 48.5714 
v -5.10169 2.97365 48.5951 
v -4.97286 2.92977 48.4715 
v -4.95413 3.31081 46.7641 
v -5.08478 2.86986 48.4987 
v -4.89846 2.59176 48.2431 
v -4.89043 2.40433 48.1249 
v -5.03926 2.55804 48.2299 
v -5.05272 2.39435 48.0679 
v -5.05447 2.17004 47.902 
v -5.17701 2.23899 47.7283 
v -4.7964 3.60623 47.1707 
v -4.63026 1.55006 47.7034 
v -4.59532 1.51262 47.5875 
v -4.57291 1.49386 47.3727 
v -4.57681 1.48922 47.1201 
v -4.61625 1.50807 46.9608 
v -5.19911 2.86748 48.4454 
v -5.04274 2.67548 48.3275 
v -5.18362 2.79728 48.3713 
v -5.06297 2.78005 48.4141 
v -4.85282 1.49127 47.073 
v -4.77344 1.50727 46.9349 
v -4.78814 1.56443 47.7174 
v -4.87102 1.51917 47.5794 
v -4.91039 1.50666 47.3307 
v -4.62364 3.258 46.8378 
v -4.61908 3.3584 46.8439 
v -4.54975 3.167 46.868 
v -4.51401 2.98175 47.815 
v -4.65296 3.08717 47.8766 
v -4.63659 2.80321 47.9387 
v -5.1603 4.32919 46.6805 
v -5.09357 4.35887 46.6652 
v -5.15886 2.70954 48.2628 
v -5.1014 3.17493 48.717 
v -4.83945 2.88124 47.996 
v -4.74867 2.76151 48.0339 
v -4.83945 2.88124 47.996 
v -4.92785 2.90974 48.0506 
v -4.83495 2.83092 48.1009 
v -4.78204 4.61822 47.6615 
v -4.85938 4.5684 47.7414 
v -4.78901 4.59899 47.7394 
v -4.77862 4.59169 47.5853 
v -4.84407 4.56375 47.5624 
v -5.07546 4.42506 46.7281 
v -5.06003 4.44459 46.8146 
v -5.12411 4.42 46.8531 
v -4.69773 3.40268 46.6812 
v -4.77784 3.45063 46.7382 
v -4.7181 3.32125 46.7976 
v -4.63744 3.24817 46.7499 
v -4.7181 3.32125 46.7976 
v -4.54381 2.57955 46.8497 
v -4.61493 2.32659 46.8463 
v -4.60239 2.53647 46.7818 
v -4.34191 2.8523 47.4239 
v -4.36344 2.57978 47.355 
v -4.33687 2.85963 47.3371 
v -4.39253 2.77353 47.1087 
v -4.44081 2.47046 47.0725 
v -4.42225 2.71846 47.0345 
v -4.39538 2.7746 47.6489 
v -4.40628 2.53414 47.6164 
v -4.36602 2.82574 47.5565 
v -4.35324 2.84089 47.2475 
v -4.37658 3.11593 47.2007 
v -4.44345 3.34158 47.1711 
v -4.39784 3.34743 47.2978 
v -4.3517 3.13273 47.3147 
v -4.47767 3.49159 47.4484 
v -4.41153 3.37166 47.4239 
v -4.47834 3.56127 47.4047 
v -4.5815 3.61513 47.452 
v -4.47553 3.49195 47.4953 
v -4.57274 3.60296 47.4949 
v -4.46733 3.55789 47.5393 
v -4.41249 3.36718 47.5279 
v -4.52247 3.44369 47.1343 
v -4.51077 3.52698 47.1625 
v -4.62606 3.22213 46.8028 
v -4.57882 3.10467 46.787 
v -4.64507 3.54489 47.0975 
v -4.5364 3.42612 47.0951 
v -4.55036 3.48294 47.0471 
v -4.40025 2.0929 47.3757 
v -4.43808 2.10685 47.5944 
v -4.48141 1.78451 47.5922 
v -4.43409 1.7605 47.3828 
v -4.89578 2.92152 48.1565 
v -5.06413 3.28956 48.6371 
v -5.0202 3.25971 48.5358 
v -5.08451 3.19659 48.345 
v -5.02425 3.23827 48.6713 
v -4.98732 3.19031 48.6074 
v -4.98978 3.18468 48.4064 
v -5.08451 3.19659 48.345 
v -5.05733 3.20559 48.7048 
v -5.02407 3.12777 48.663 
v -4.9564 3.10557 48.498 
v -4.72713 4.50355 47.7655 
v -4.86129 2.82353 48.2387 
v -4.81249 2.69681 48.1761 
v -5.00066 3.02178 48.5714 
v -4.92939 3.02313 48.3904 
v -4.96474 3.09943 48.2947 
v -4.71515 4.4961 47.5744 
v -4.69492 4.52433 47.6713 
v -4.65988 4.35268 47.7786 
v -4.95595 4.70162 47.0816 
v -5.01754 4.66159 47.076 
v -4.95413 4.74518 47.1596 
v -4.97286 2.92977 48.4715 
v -4.6474 4.34634 47.5711 
v -4.62031 4.37456 47.6753 
v -4.6037 4.17912 47.7872 
v -4.95211 4.73913 47.2494 
v -4.58948 4.17381 47.5692 
v -4.5575 4.19323 47.678 
v -4.65646 3.93455 47.841 
v -4.55227 3.97378 47.7956 
v -4.87785 4.65197 47.2816 
v -4.85443 4.65731 47.1711 
v -4.88271 4.60733 47.0749 
v -4.51449 3.77521 47.7934 
v -4.53826 3.97423 47.5666 
v -4.5028 3.98707 47.6814 
v -4.78727 4.50626 47.308 
v -4.75403 4.51182 47.1918 
v -4.79094 4.46831 47.088 
v -4.73722 2.51886 48.0667 
v -4.89846 2.59176 48.2431 
v -4.48784 3.54171 47.7855 
v -4.50226 3.78579 47.5598 
v -4.46299 3.78629 47.6782 
v -4.69828 4.32733 47.3327 
v -4.65978 4.3286 47.2141 
v -4.70518 4.29934 47.1053 
v -4.48461 3.29321 47.7894 
v -4.43083 3.55648 47.6679 
v -4.60465 4.08102 47.3602 
v -4.56787 4.07778 47.2372 
v -4.62049 4.05383 47.1244 
v -4.9836 4.36505 46.8447 
v -4.59349 2.54891 47.9234 
v -4.9819 4.33641 46.7353 
v -4.40669 3.32428 47.6644 
v -4.53744 3.83765 47.3785 
v -4.56175 3.80697 47.1454 
v -4.50366 3.82387 47.2578 
v -4.89814 4.2501 46.8706 
v -4.61338 2.2737 47.8835 
v -5.17701 2.23899 47.7283 
v -4.89488 4.21888 46.7546 
v -4.40112 3.06018 47.6675 
v -4.45293 3.55426 47.28 
v -4.81231 4.11675 46.9015 
v -4.60064 1.80196 47.7229 
v -4.54002 2.0682 47.7403 
v -4.4909 2.36243 47.756 
v -4.46611 2.6394 47.7565 
v -4.63026 1.55006 47.7034 
v -4.8047 4.08066 46.7845 
v -4.36968 3.10716 47.5414 
v -4.71577 3.93999 46.9467 
v -4.59532 1.51262 47.5875 
v -4.57291 1.49386 47.3727 
v -4.70594 3.90252 46.8266 
v -4.77874 3.83437 46.7432 
v -4.35587 3.12874 47.4274 
v -4.63241 3.73308 46.9948 
v -4.57681 1.48922 47.1201 
v -4.47441 1.72781 47.1268 
v -4.61984 3.68914 46.8766 
v -4.69475 3.62612 46.7902 
v -4.60086 1.70689 46.9375 
v -4.61625 1.50807 46.9608 
v -4.4608 2.02878 47.1161 
v -4.54773 3.43925 46.9289 
v -4.47087 3.30456 47.0756 
v -4.61233 1.96436 46.9141 
v -4.40665 3.0649 47.0911 
v -4.48626 3.22795 46.9642 
v -4.43802 2.99823 46.9957 
v -5.11283 3.86111 46.2831 
v -4.48744 2.92769 46.91 
v -4.46423 2.6597 46.9669 
v -4.53771 2.86112 46.8167 
v -4.60154 2.80835 46.7307 
v -4.71192 3.0028 46.6197 
v -4.8365 3.01272 46.6092 
v -4.62009 3.03406 46.6877 
v -4.72856 3.1628 46.5653 
v -4.7583 3.29608 46.5034 
v -4.65129 3.19895 46.6407 
v -4.96392 3.93626 46.4071 
v -5.01911 3.90673 46.4755 
v -4.95802 3.89572 46.3123 
v -4.91095 3.69982 46.31 
v -4.79742 3.42675 46.4413 
v -4.69139 3.34517 46.5791 
v -4.87137 3.81943 46.4755 
v -4.85899 3.77541 46.3707 
v -4.84681 3.57171 46.3736 
v -4.73621 3.4875 46.5137 
v -4.74931 3.54354 46.6172 
v -4.82315 3.55812 46.6876 
v -4.80423 3.6875 46.5455 
v -4.88115 3.69522 46.6105 
v -4.78859 3.63661 46.4426 
v -4.94222 3.02747 48.2282 
v -5.04274 2.67548 48.3275 
v -4.9176 2.72592 48.3146 
v -4.94473 2.8392 48.3872 
v -4.90105 2.93684 48.3076 
v -4.62364 3.258 46.8378 
v -4.61908 3.3584 46.8439 
v -4.54975 3.167 46.868 
v -4.74808 3.60527 47.5348 
v -4.71777 3.85632 47.5351 
v -4.60224 3.79664 47.507 
v -4.57274 3.60296 47.4949 
v -5.03399 4.26024 46.6651 
v -5.11133 4.19755 46.6702 
v -5.1603 4.32919 46.6805 
v -5.09357 4.35887 46.6652 
v -4.83945 2.88124 47.996 
v -4.77862 4.59169 47.5853 
v -4.84407 4.56375 47.5624 
v -4.85938 4.5684 47.7414 
v -4.84407 4.56375 47.5624 
v -4.90238 4.50771 47.5648 
v -5.07546 4.42506 46.7281 
v -5.1603 4.32919 46.6805 
v -5.20485 4.27481 46.7247 
v -5.06003 4.44459 46.8146 
v -5.16306 4.15253 46.7365 
v -4.93764 3.69721 46.8051 
v -4.88957 3.43319 46.8718 
v -5.06476 3.97503 46.7515 
v -4.7181 3.32125 46.7976 
v -4.8791 3.36718 46.8076 
v -4.7181 3.32125 46.7976 
v -4.61493 2.32659 46.8463 
v -4.60239 2.53647 46.7818 
v -4.44345 3.34158 47.1711 
v -4.47553 3.49195 47.4953 
v -4.57274 3.60296 47.4949 
v -4.46733 3.55789 47.5393 
v -4.41249 3.36718 47.5279 
v -4.52247 3.44369 47.1343 
v -4.62794 3.5655 47.126 
v -4.51077 3.52698 47.1625 
v -4.72757 3.37118 46.8248 
v -4.64507 3.54489 47.0975 
v -4.96687 1.73178 47.0153 
v -5.0002 1.94211 46.9347 
v -4.97534 3.95752 46.7023 
v -4.8776 3.7733 46.7374 
v -4.80901 3.60905 46.7738 
v -5.04055 4.06449 46.6832 
v -5.11133 4.19755 46.6702 
v -4.96027 4.14038 46.6813 
v -5.04055 4.06449 46.6832 
v -5.08451 3.19659 48.345 
v -5.20272 3.13077 48.3477 
v -5.227 3.20154 48.4112 
v -4.90721 4.34018 47.6431 
v -4.78839 4.44439 47.5301 
v -4.87903 4.41884 47.5574 
v -5.01754 4.66159 47.076 
v -5.06201 4.59375 47.0972 
v -4.71515 4.4961 47.5744 
v -4.78839 4.44439 47.5301 
v -4.71642 4.27216 47.5199 
v -4.75215 4.10583 47.54 
v -4.95595 4.70162 47.0816 
v -5.01754 4.66159 47.076 
v -4.79269 3.57468 47.6781 
v -4.6474 4.34634 47.5711 
v -4.71642 4.27216 47.5199 
v -4.58948 4.17381 47.5692 
v -4.67211 4.13467 47.517 
v -4.62886 3.94042 47.5122 
v -4.67211 4.13467 47.517 
v -4.88271 4.60733 47.0749 
v -4.95226 4.53531 47.05 
v -4.79878 4.25444 47.0671 
v -4.89928 4.25229 47.1017 
v -4.86372 4.38875 47.055 
v -4.53826 3.97423 47.5666 
v -4.62886 3.94042 47.5122 
v -4.95226 4.53531 47.05 
v -5.01165 4.4573 47.0957 
v -4.79094 4.46831 47.088 
v -4.86372 4.38875 47.055 
v -4.50226 3.78579 47.5598 
v -4.60224 3.79664 47.507 
v -4.65978 4.3286 47.2141 
v -4.70518 4.29934 47.1053 
v -4.79878 4.25444 47.0671 
v -4.71992 4.00948 47.0871 
v -4.79812 3.90925 47.1334 
v -4.62049 4.05383 47.1244 
v -4.71992 4.00948 47.0871 
v -4.9819 4.33641 46.7353 
v -4.56175 3.80697 47.1454 
v -4.67488 3.81657 47.1053 
v -4.67488 3.81657 47.1053 
v -4.89488 4.21888 46.7546 
v -4.7964 3.60623 47.1707 
v -4.8047 4.08066 46.7845 
v -4.8767 4.00996 46.7069 
v -4.62794 3.5655 47.126 
v -4.71577 3.93999 46.9467 
v -4.97534 3.95752 46.7023 
v -4.70594 3.90252 46.8266 
v -4.77874 3.83437 46.7432 
v -4.64507 3.54489 47.0975 
v -4.85282 1.49127 47.073 
v -4.69475 3.62612 46.7902 
v -4.8776 3.7733 46.7374 
v -4.60086 1.70689 46.9375 
v -4.61625 1.50807 46.9608 
v -4.79655 1.70228 46.8958 
v -4.54773 3.43925 46.9289 
v -4.80901 3.60905 46.7738 
v -4.47087 3.30456 47.0756 
v -4.77344 1.50727 46.9349 
v -4.79655 1.70228 46.8958 
v -4.61233 1.96436 46.9141 
v -4.81502 1.9265 46.8548 
v -5.0244 2.19478 46.8689 
v -4.81502 1.9265 46.8548 
v -4.83415 2.19266 46.796 
v -5.01891 2.52185 46.8116 
v -4.72757 3.37118 46.8248 
v -4.43802 2.99823 46.9957 
v -4.83415 2.19266 46.796 
v -4.85202 2.48579 46.7228 
v -4.98324 2.84009 46.7609 
v -5.11283 3.86111 46.2831 
v -5.14079 3.8264 46.328 
v -4.85202 2.48579 46.7228 
v -4.68862 2.50817 46.7383 
v -4.95009 3.08223 46.7003 
v -4.845 2.78425 46.6647 
v -5.06591 3.89164 46.257 
v -5.11283 3.86111 46.2831 
v -5.05294 3.95192 46.2985 
v -4.95404 3.37146 46.5052 
v -4.8624 3.29104 46.4831 
v -4.84076 3.16404 46.5484 
v -4.845 2.78425 46.6647 
v -4.70359 2.77835 46.6726 
v -4.8365 3.01272 46.6092 
v -4.60154 2.80835 46.7307 
v -4.71192 3.0028 46.6197 
v -4.8365 3.01272 46.6092 
v -5.10397 3.72955 46.3552 
v -4.62009 3.03406 46.6877 
v -4.72856 3.1628 46.5653 
v -4.84076 3.16404 46.5484 
v -5.01905 3.56953 46.4083 
v -4.99843 3.81929 46.262 
v -5.06101 3.76066 46.2844 
v -4.8624 3.29104 46.4831 
v -4.7583 3.29608 46.5034 
v -4.65129 3.19895 46.6407 
v -4.95802 3.89572 46.3123 
v -4.91095 3.69982 46.31 
v -4.98518 3.63475 46.3249 
v -4.93809 3.53473 46.3699 
v -4.89146 3.3922 46.435 
v -4.79742 3.42675 46.4413 
v -4.89146 3.3922 46.435 
v -4.85899 3.77541 46.3707 
v -4.84681 3.57171 46.3736 
v -4.93809 3.53473 46.3699 
v -4.98518 3.63475 46.3249 
v -4.62364 3.258 46.8378 
v -4.54975 3.167 46.868 
v -4.74808 3.60527 47.5348 
v -4.57274 3.60296 47.4949 
v -4.51401 2.98175 47.815 
v -5.1419 2.7806 48.0537 
v -5.1087 2.94633 48.1214 
v -5.04569 2.89878 48.0311 
v -5.1603 4.32919 46.6805 
v -5.09357 4.35887 46.6652 
v -4.76348 3.63494 47.4386 
v -5.0854 2.78989 47.8836 
v -5.11825 3.25958 48.6814 
v -5.16508 3.20073 48.6914 
v -5.1014 3.17493 48.717 
v -5.02425 3.23827 48.6713 
v -5.06413 3.28956 48.6371 
v -5.17678 3.27755 48.6097 
v -5.21371 3.22045 48.6337 
v -5.1179 3.3109 48.5849 
v -4.83945 2.88124 47.996 
v -4.96103 2.89923 47.945 
v -4.83945 2.88124 47.996 
v -4.73955 2.93291 47.9348 
v -4.86047 2.9847 47.8567 
v -4.92785 2.90974 48.0506 
v -4.83495 2.83092 48.1009 
v -4.92785 2.90974 48.0506 
v -4.78204 4.61822 47.6615 
v -4.8696 4.60329 47.648 
v -4.85938 4.5684 47.7414 
v -4.78901 4.59899 47.7394 
v -4.77862 4.59169 47.5853 
v -4.84407 4.56375 47.5624 
v -4.8696 4.60329 47.648 
v -4.92727 4.50748 47.6373 
v -4.84407 4.56375 47.5624 
v -4.90238 4.50771 47.5648 
v -5.16243 4.41078 46.7569 
v -5.07546 4.42506 46.7281 
v -5.06003 4.44459 46.8146 
v -5.12411 4.42 46.8531 
v -4.82526 3.56926 47.1045 
v -4.92298 3.51063 47 
v -4.88957 3.43319 46.8718 
v -5.01911 3.90673 46.4755 
v -4.7181 3.32125 46.7976 
v -4.63744 3.24817 46.7499 
v -4.8791 3.36718 46.8076 
v -4.7181 3.32125 46.7976 
v -5.1194 3.90492 46.4298 
v -4.94187 3.31216 46.8544 
v -4.98701 2.96599 47.6407 
v -4.47767 3.49159 47.4484 
v -4.57274 3.60296 47.4949 
v -4.46733 3.55789 47.5393 
v -4.62606 3.22213 46.8028 
v -4.89578 2.92152 48.1565 
v -4.9919 2.97852 48.1168 
v -4.9919 2.97852 48.1168 
v -5.1068 3.27991 48.4812 
v -5.20815 3.24071 48.5034 
v -5.1179 3.3109 48.5849 
v -5.06413 3.28956 48.6371 
v -5.0202 3.25971 48.5358 
v -5.1068 3.27991 48.4812 
v -5.08451 3.19659 48.345 
v -5.20272 3.13077 48.3477 
v -5.227 3.20154 48.4112 
v -5.02425 3.23827 48.6713 
v -4.98978 3.18468 48.4064 
v -5.08451 3.19659 48.345 
v -4.96474 3.09943 48.2947 
v -4.69492 4.52433 47.6713 
v -4.95595 4.70162 47.0816 
v -5.01754 4.66159 47.076 
v -5.03689 4.71946 47.1662 
v -4.95413 4.74518 47.1596 
v -4.95413 3.31081 46.7641 
v -4.5815 3.61513 47.452 
v -4.95211 4.73913 47.2494 
v -5.01232 4.70512 47.2705 
v -4.87785 4.65197 47.2816 
v -4.85443 4.65731 47.1711 
v -4.89846 2.59176 48.2431 
v -4.65978 4.3286 47.2141 
v -4.65296 3.08717 47.8766 
v -5.04852 4.33 46.9137 
v -4.9836 4.36505 46.8447 
v -4.9819 4.33641 46.7353 
v -4.40669 3.32428 47.6644 
v -4.89814 4.2501 46.8706 
v -4.96075 4.21322 46.9499 
v -4.7964 3.60623 47.1707 
v -4.62794 3.5655 47.126 
v -4.64507 3.54489 47.0975 
v -4.72757 3.37118 46.8248 
v -4.43802 2.99823 46.9957 
v -5.11283 3.86111 46.2831 
v -5.06591 3.89164 46.257 
v -5.11283 3.86111 46.2831 
v -5.11593 3.92926 46.3319 
v -5.05294 3.95192 46.2985 
v -5.03989 3.9829 46.3658 
v -5.08626 3.95695 46.4033 
v -4.96392 3.93626 46.4071 
v -5.01911 3.90673 46.4755 
v -4.95802 3.89572 46.3123 
v -4.87137 3.81943 46.4755 
v -4.93364 3.79457 46.5535 
v -4.80423 3.6875 46.5455 
v -4.88115 3.69522 46.6105 
v -4.78859 3.63661 46.4426 
v -4.94222 3.02747 48.2282 
v -5.03438 3.0876 48.2231 
v -5.16368 3.03208 48.2397 
v -5.03438 3.0876 48.2231 
v -4.74808 3.60527 47.5348 
v -4.71777 3.85632 47.5351 
v -5.1419 2.7806 48.0537 
v -5.18269 2.82708 48.18 
v -5.1087 2.94633 48.1214 
v -5.04569 2.89878 48.0311 
v -5.11554 4.24839 46.9198 
v -5.05563 4.63211 47.2714 
v -5.01232 4.70512 47.2705 
v -5.03689 4.71946 47.1662 
v -5.08024 4.62015 47.182 
v -4.76348 3.63494 47.4386 
v -4.85211 3.44228 47.4633 
v -4.84124 3.41534 47.5576 
v -4.83513 3.63418 47.3005 
v -4.87943 3.46114 47.306 
v -4.92991 3.31851 47.2144 
v -4.90345 3.26267 47.5202 
v -5.0854 2.78989 47.8836 
v -5.15807 2.52068 47.8927 
v -5.14961 2.62571 48.1331 
v -5.15886 2.70954 48.2628 
v -5.11825 3.25958 48.6814 
v -5.16508 3.20073 48.6914 
v -5.1014 3.17493 48.717 
v -5.02425 3.23827 48.6713 
v -5.17678 3.27755 48.6097 
v -5.21371 3.22045 48.6337 
v -5.1179 3.3109 48.5849 
v -4.83945 2.88124 47.996 
v -4.96103 2.89923 47.945 
v -4.83945 2.88124 47.996 
v -4.86047 2.9847 47.8567 
v -4.8696 4.60329 47.648 
v -4.92727 4.50748 47.6373 
v -4.91574 4.49847 47.7195 
v -4.85938 4.5684 47.7414 
v -4.84407 4.56375 47.5624 
v -4.90238 4.50771 47.5648 
v -5.1603 4.32919 46.6805 
v -5.20485 4.27481 46.7247 
v -5.2073 4.32063 46.801 
v -5.16243 4.41078 46.7569 
v -5.12411 4.42 46.8531 
v -5.17151 4.34993 46.8749 
v -5.16306 4.15253 46.7365 
v -5.17053 4.18307 46.8414 
v -4.89259 3.43096 47.1539 
v -4.82526 3.56926 47.1045 
v -4.92298 3.51063 47 
v -4.94084 3.36736 47.0476 
v -4.97611 3.75103 46.9397 
v -4.93764 3.69721 46.8051 
v -4.88957 3.43319 46.8718 
v -5.08424 4.00566 46.8815 
v -5.06476 3.97503 46.7515 
v -4.86822 3.82679 47.0393 
v -4.89392 3.50557 46.7097 
v -5.07415 3.83274 46.4952 
v -4.97541 3.69505 46.5935 
v -5.01911 3.90673 46.4755 
v -4.8791 3.36718 46.8076 
v -4.7181 3.32125 46.7976 
v -5.08626 3.95695 46.4033 
v -5.1194 3.90492 46.4298 
v -4.94187 3.31216 46.8544 
v -4.96947 3.24074 46.9222 
v -4.94353 3.33456 46.9224 
v -4.98701 2.96599 47.6407 
v -4.87682 3.17789 47.6858 
v -4.87628 3.45531 47.2147 
v -4.83143 1.86617 47.7729 
v -4.8125 2.04309 47.8815 
v -5.02306 2.02764 47.7991 
v -5.16972 2.03649 47.4141 
v -5.09121 1.83898 47.2812 
v -5.0185 1.80578 47.5771 
v -5.13183 2.02698 47.6271 
v -5.15712 2.0184 47.2664 
v -5.11632 1.98912 47.1177 
v -4.96687 1.73178 47.0153 
v -5.0002 1.94211 46.9347 
v -4.8776 3.7733 46.7374 
v -5.20815 3.24071 48.5034 
v -5.08451 3.19659 48.345 
v -5.20272 3.13077 48.3477 
v -5.227 3.20154 48.4112 
v -5.24626 3.14817 48.5586 
v -5.19834 3.10297 48.641 
v -5.25273 3.03053 48.4437 
v -4.87901 4.35808 47.7485 
v -5.21048 2.97431 48.545 
v -4.90721 4.34018 47.6431 
v -4.78839 4.44439 47.5301 
v -4.87903 4.41884 47.5574 
v -4.79762 4.14907 47.7852 
v -5.01754 4.66159 47.076 
v -5.06201 4.59375 47.0972 
v -4.83975 4.10878 47.6544 
v -4.75215 4.10583 47.54 
v -4.95413 3.31081 46.7641 
v -4.79609 3.83853 47.6652 
v -4.79269 3.57468 47.6781 
v -4.73647 3.84472 47.8028 
v -4.65646 3.93455 47.841 
v -4.82333 3.36576 47.6956 
v -4.72874 3.55739 47.8002 
v -4.79878 4.25444 47.0671 
v -4.89928 4.25229 47.1017 
v -4.73826 3.33397 47.814 
v -5.01165 4.4573 47.0957 
v -5.04179 4.45312 47.2079 
v -5.00318 4.50329 47.3124 
v -4.89846 2.59176 48.2431 
v -4.77909 3.94923 47.4019 
v -4.77815 3.13997 47.8314 
v -4.89165 4.29736 47.3577 
v -4.79812 3.90925 47.1334 
v -4.94873 4.23092 47.2367 
v -5.03926 2.55804 48.2299 
v -5.05272 2.39435 48.0679 
v -4.65296 3.08717 47.8766 
v -4.85881 3.91705 47.2717 
v -5.05447 2.17004 47.902 
v -4.40669 3.32428 47.6644 
v -5.17701 2.23899 47.7283 
v -4.7964 3.60623 47.1707 
v -4.78814 1.56443 47.7174 
v -4.87102 1.51917 47.5794 
v -5.14327 2.59754 47.5795 
v -5.19897 2.27579 47.4938 
v -4.91039 1.50666 47.3307 
v -5.12571 2.61108 47.2872 
v -5.17731 2.26624 47.2707 
v -4.64507 3.54489 47.0975 
v -4.85282 1.49127 47.073 
v -5.10559 2.58028 47.0195 
v -5.13553 2.23433 47.0523 
v -4.79655 1.70228 46.8958 
v -4.77344 1.50727 46.9349 
v -5.0244 2.19478 46.8689 
v -5.01926 2.97013 47.2844 
v -5.03496 2.92644 46.9852 
v -5.01891 2.52185 46.8116 
v -4.85202 2.48579 46.7228 
v -4.98324 2.84009 46.7609 
v -5.11593 3.92926 46.3319 
v -5.11283 3.86111 46.2831 
v -5.14079 3.8264 46.328 
v -5.14346 3.86896 46.3792 
v -4.95009 3.08223 46.7003 
v -5.06591 3.89164 46.257 
v -5.11283 3.86111 46.2831 
v -5.11593 3.92926 46.3319 
v -4.94005 3.22179 46.612 
v -4.95404 3.37146 46.5052 
v -4.8624 3.29104 46.4831 
v -4.84076 3.16404 46.5484 
v -4.8365 3.01272 46.6092 
v -5.03989 3.9829 46.3658 
v -5.10397 3.72955 46.3552 
v -5.11377 3.76554 46.4411 
v -4.97983 3.4454 46.6326 
v -5.01905 3.56953 46.4083 
v -5.04179 3.6154 46.5254 
v -5.01911 3.90673 46.4755 
v -5.06101 3.76066 46.2844 
v -4.98518 3.63475 46.3249 
v -5.19911 2.86748 48.4454 
v -5.18362 2.79728 48.3713 
v -5.2259 2.90316 48.3305 
v -5.16368 3.03208 48.2397 

vn -0.220472 0.0314961 -0.976378 
vn -0.220472 0.023622 -0.976378 
vn 0.661417 0.0393701 0.748031 
vn 0.456693 0.0787402 0.889764 
vn 0.401575 0.338583 0.850394 
vn 0.606299 0.188976 0.779528 
vn -0.92126 0.244094 -0.299213 
vn -0.141732 -0.0393701 -0.992126 
vn -0.125984 0.19685 0.968504 
vn -0.19685 0.267717 0.944882 
vn -0.141732 0.19685 0.968504 
vn -0.110236 0.212598 0.968504 
vn -0.858268 0.456693 0.228346 
vn -0.826772 0.496063 0.259843 
vn -0.874016 0.377953 0.299213 
vn -0.818898 -0.496063 0.275591 
vn -0.181102 0.637795 0.748031 
vn -0.417323 0.480315 0.771654 
vn -0.110236 0.362205 0.92126 
vn 0.102362 0.496063 0.866142 
vn 0.220472 0.614173 0.755906 
vn -0.425197 0.724409 0.543307 
vn -0.503937 0.590551 0.629921 
vn 0.267717 0.472441 0.84252 
vn 0.685039 0.322835 0.653543 
vn 0.267717 0.472441 0.84252 
vn 0.401575 0.338583 0.850394 
vn -0.0944882 0.795276 0.606299 
vn -0.299213 0.913386 0.275591 
vn -0.385827 0.905512 0.188976 
vn -0.818898 0.519685 0.228346 
vn -0.299213 0.913386 0.275591 
vn -0.283465 0.96063 -0.0551181 
vn -0.338583 0.944882 0.0393701 
vn -0.338583 0.944882 0.0393701 
vn -0.795276 0.582677 0.149606 
vn -0.889764 -0.267717 0.370079 
vn -0.748031 0.511811 0.417323 
vn -0.952756 -0.251969 -0.173228 
vn -0.905512 -0.433071 -0.015748 
vn -0.0708661 0.204724 0.976378 
vn -0.0787402 0.204724 0.976378 
vn -0.0866142 0.212598 0.976378 
vn -0.023622 0.417323 0.905512 
vn -0.0551181 0.448819 0.889764 
vn 0.023622 0.496063 0.866142 
vn -0.291339 0.448819 0.84252 
vn -0.19685 0.433071 0.88189 
vn -0.220472 0.433071 0.874016 
vn -0.314961 0.480315 0.818898 
vn -0.149606 0.456693 0.88189 
vn 0.708661 0.511811 0.480315 
vn 0.141732 0.527559 0.834646 
vn 0.708661 0.511811 0.480315 
vn -0.346457 0.590551 0.732283 
vn -0.354331 0.551181 0.755906 
vn 0.818898 0.496063 0.283465 
vn 0.80315 0.330709 0.496063 
vn 0.551181 0.448819 0.700787 
vn -0.220472 0.023622 -0.976378 
vn 0.968504 0.244094 -0.0393701 
vn 0.645669 0.582677 0.496063 
vn 0.866142 0.440945 0.244094 
vn 0.874016 -0.220472 0.425197 
vn -0.204724 -0.425197 0.88189 
vn 0.409449 -0.385827 0.826772 
vn 0.0944882 -0.551181 0.826772 
vn -0.574803 -0.559055 0.598425 
vn -0.299213 -0.637795 0.708661 
vn -0.0551181 0.188976 0.976378 
vn 0.220472 0.614173 0.755906 
vn -0.866142 -0.133858 0.480315 
vn -0.551181 0.0314961 0.834646 
vn -0.19685 0.15748 0.968504 
vn 0.102362 0.496063 0.866142 
vn 0.661417 -0.299213 0.692913 
vn -0.92126 -0.212598 0.322835 
vn -0.425197 -0.330709 0.84252 
vn -0.472441 -0.0314961 0.88189 
vn -0.472441 -0.0314961 0.88189 
vn -0.19685 0.15748 0.968504 
vn -0.00787402 0.330709 0.944882 
vn -0.850394 0.377953 -0.354331 
vn 0.905512 -0.15748 0.393701 
vn -0.354331 -0.535433 0.76378 
vn -0.472441 -0.0314961 0.88189 
vn 0.220472 0.220472 0.952756 
vn 0.92126 -0.141732 0.362205 
vn -0.716535 0.685039 0.0866142 
vn -0.913386 -0.141732 0.377953 
vn 0.551181 0.448819 0.700787 
vn 0.330709 0.173228 0.929134 
vn 0.322835 0.15748 0.929134 
vn -0.409449 -0.0314961 0.913386 
vn 0.330709 0.173228 0.929134 
vn -0.370079 0.913386 0.165354 
vn -0.826772 0.496063 0.259843 
vn 0.456693 -0.574803 0.677165 
vn -0.866142 0.0551181 0.496063 
vn -0.409449 -0.0314961 0.913386 
vn 0.362205 0.102362 0.929134 
vn 0.267717 0.456693 0.850394 
vn 0.133858 0.511811 0.850394 
vn -0.535433 0.125984 0.834646 
vn -0.283465 0.015748 0.96063 
vn -0.330709 -0.023622 0.944882 
vn -0.330709 -0.023622 0.944882 
vn 0.385827 0.0393701 0.92126 
vn 0.346457 0.385827 0.858268 
vn 0.354331 0.393701 0.850394 
vn -0.850394 -0.283465 0.448819 
vn 0.685039 -0.141732 0.716535 
vn 0.433071 -0.417323 0.795276 
vn 0.188976 -0.519685 0.834646 
vn -0.23622 0.023622 0.968504 
vn -0.149606 0.0708661 0.984252 
vn -0.251969 0.023622 0.968504 
vn -0.503937 0.314961 0.80315 
vn -0.283465 0.015748 0.96063 
vn -0.283465 0.015748 0.96063 
vn 0.354331 0.393701 0.850394 
vn -0.251969 0.102362 0.96063 
vn -0.283465 0.015748 0.96063 
vn 0.685039 0.0551181 0.724409 
vn 0.417323 0.322835 0.850394 
vn -0.283465 0.015748 0.96063 
vn 0.818898 0.370079 -0.440945 
vn -0.346457 -0.622047 0.700787 
vn -0.622047 -0.511811 0.598425 
vn 0.456693 0.0787402 0.889764 
vn -0.251969 0.102362 0.96063 
vn 0.661417 0.023622 0.755906 
vn 0.267717 0.456693 0.850394 
vn -0.251969 0.023622 0.968504 
vn 0.464567 0.23622 0.858268 
vn -0.19685 0.267717 0.944882 
vn 0.299213 0.645669 0.700787 
vn -0.0944882 -0.551181 0.826772 
vn 0.417323 -0.409449 0.811024 
vn 0.740157 -0.023622 0.669291 
vn -0.661417 -0.448819 0.598425 
vn 0.952756 0.0787402 0.291339 
vn -0.149606 0.0708661 0.984252 
vn 0.488189 0.188976 0.850394 
vn 0.511811 0.535433 0.669291 
vn -0.125984 0.19685 0.968504 
vn 0.661417 -0.244094 0.708661 
vn -0.937008 0.125984 -0.330709 
vn -0.0787402 0.204724 0.976378 
vn 0.566929 0.496063 0.653543 
vn 0.472441 -0.204724 0.858268 
vn 0.708661 -0.19685 0.677165 
vn 0.11811 -0.11811 0.984252 
vn 0.0787402 -0.0866142 0.992126 
vn -0.826772 -0.425197 0.377953 
vn -0.0708661 0.204724 0.976378 
vn 0.598425 0.440945 0.669291 
vn 0.645669 0.582677 0.496063 
vn -0.0551181 0.188976 0.976378 
vn 0.84252 0.385827 0.370079 
vn 0.905512 0.307087 -0.291339 
vn -0.314961 0.480315 0.818898 
vn 0.464567 0.653543 0.598425 
vn -0.102362 -0.629921 0.76378 
vn 0.606299 -0.299213 0.732283 
vn -0.307087 -0.708661 0.637795 
vn 0.433071 -0.535433 0.724409 
vn -0.818898 -0.496063 0.275591 
vn -0.110236 0.362205 0.92126 
vn -0.748031 0.511811 0.417323 
vn -0.850394 0.377953 0.362205 
vn -0.204724 -0.425197 0.88189 
vn 0.0944882 -0.551181 0.826772 
vn -0.574803 -0.559055 0.598425 
vn -0.299213 -0.637795 0.708661 
vn -0.795276 -0.464567 0.385827 
vn -0.866142 -0.133858 0.480315 
vn -0.92126 -0.212598 0.322835 
vn -0.96063 -0.19685 -0.188976 
vn -0.251969 0.0787402 -0.968504 
vn -0.291339 0 -0.96063 
vn 0.905512 -0.15748 0.393701 
vn -0.354331 -0.535433 0.76378 
vn 0.92126 -0.141732 0.362205 
vn -0.716535 0.685039 0.0866142 
vn 0.456693 -0.574803 0.677165 
vn 0.433071 -0.417323 0.795276 
vn 0.188976 -0.519685 0.834646 
vn -0.346457 -0.622047 0.700787 
vn -0.622047 -0.511811 0.598425 
vn -0.661417 -0.448819 0.598425 
vn -0.944882 -0.181102 0.259843 
vn -0.937008 0.125984 -0.330709 
vn 0.0787402 -0.0866142 0.992126 
vn 0.874016 -0.401575 0.275591 
vn 0.897638 -0.448819 0.0393701 
vn 0.92126 -0.322835 -0.212598 
vn 0.96063 -0.102362 -0.251969 
vn -0.307087 -0.692913 0.653543 
vn -0.102362 -0.629921 0.76378 
vn -0.322835 -0.716535 0.614173 
vn -0.307087 -0.708661 0.637795 
vn -0.874016 -0.456693 -0.165354 
vn -0.84252 -0.204724 -0.503937 
vn 0.11811 -0.11811 0.984252 
vn -0.826772 -0.425197 0.377953 
vn -0.88189 -0.472441 0 
vn 0.354331 0.0393701 -0.937008 
vn 0.488189 0.0393701 -0.874016 
vn 0.787402 0.204724 -0.582677 
vn 0.661417 0.0393701 0.748031 
vn 0.456693 0.0787402 0.889764 
vn 0.606299 0.188976 0.779528 
vn -0.141732 -0.0393701 -0.992126 
vn -0.181102 -0.102362 -0.976378 
vn -0.818898 -0.496063 0.275591 
vn -0.110236 0.362205 0.92126 
vn 0.267717 0.472441 0.84252 
vn 0.685039 0.322835 0.653543 
vn 0.267717 0.472441 0.84252 
vn 0.480315 0.795276 0.362205 
vn 0.795276 0.559055 0.244094 
vn -0.283465 0.913386 0.299213 
vn -0.299213 0.913386 0.275591 
vn -0.385827 0.905512 0.188976 
vn -0.165354 0.897638 -0.401575 
vn -0.204724 0.866142 -0.456693 
vn -0.283465 0.850394 -0.440945 
vn -0.283465 0.96063 -0.0551181 
vn -0.338583 0.944882 0.0393701 
vn 0.700787 0.527559 0.488189 
vn -0.023622 0.417323 0.905512 
vn 0.708661 0.511811 0.480315 
vn 0.897638 0.448819 0 
vn 0.708661 0.511811 0.480315 
vn 0.826772 -0.149606 -0.543307 
vn 0.598425 -0.212598 -0.771654 
vn 0.661417 -0.204724 -0.724409 
vn 0.992126 -0.0314961 0.11811 
vn 0.992126 -0.102362 -0.0393701 
vn 1 -0.023622 -0.0629921 
vn 0.952756 -0.0472441 -0.291339 
vn 0.92126 -0.125984 -0.377953 
vn 0.913386 -0.0708661 -0.401575 
vn 0.905512 -0.0393701 0.417323 
vn 0.944882 -0.0866142 0.307087 
vn 0.976378 -0.0393701 0.220472 
vn 0.976378 -0.0393701 -0.220472 
vn 0.952756 0.133858 -0.283465 
vn 0.866142 0.283465 -0.409449 
vn 0.96063 0.228346 -0.133858 
vn 0.984252 0.125984 -0.0944882 
vn 0.818898 0.496063 0.283465 
vn 0.952756 0.307087 0.0787402 
vn 0.80315 0.330709 0.496063 
vn 0.551181 0.448819 0.700787 
vn 0.708661 0.330709 -0.622047 
vn -0.220472 0.023622 -0.976378 
vn 0.779528 0.283465 -0.559055 
vn 0.968504 0.244094 -0.0393701 
vn 0.637795 0.370079 -0.677165 
vn 0.645669 0.188976 -0.740157 
vn 0.818898 0.496063 -0.291339 
vn 0.889764 0.188976 -0.425197 
vn 0.645669 0.582677 0.496063 
vn 0.645669 0.582677 0.496063 
vn 0.866142 0.440945 0.244094 
vn 0.992126 -0.0944882 -0.015748 
vn 0.929134 -0.11811 0.354331 
vn 0.874016 -0.220472 0.425197 
vn 0.96063 -0.259843 0.0393701 
vn 0.80315 0.574803 -0.15748 
vn 0.0551181 0.795276 0.606299 
vn 0.385827 0.905512 -0.173228 
vn -0.330709 0.566929 -0.755906 
vn 0.220472 0.614173 0.755906 
vn 0.80315 0.582677 0.11811 
vn 0.401575 0.818898 -0.417323 
vn -0.330709 0.566929 -0.755906 
vn 0.102362 0.496063 0.866142 
vn 0.661417 -0.299213 0.692913 
vn 0.92126 0.385827 -0.015748 
vn -0.00787402 0.330709 0.944882 
vn 0.92126 0.173228 0.346457 
vn 0.834646 0.0551181 0.543307 
vn 0.905512 -0.15748 0.393701 
vn 0.937008 0.354331 -0.0472441 
vn 0.929134 0.354331 -0.0629921 
vn 0.259843 0.330709 -0.905512 
vn 0.834646 0.543307 0.0393701 
vn 0.220472 0.220472 0.952756 
vn -0.370079 0.771654 -0.519685 
vn -0.850394 0.377953 -0.354331 
vn -0.307087 0.929134 -0.204724 
vn 0.92126 -0.141732 0.362205 
vn 0.409449 0.220472 -0.889764 
vn 0.826772 0.409449 0.393701 
vn 0.322835 0.15748 0.929134 
vn -0.370079 0.913386 0.165354 
vn 0.464567 0.165354 -0.866142 
vn 0.866142 0.299213 0.401575 
vn -0.409449 -0.0314961 0.913386 
vn 0.362205 0.102362 0.929134 
vn 0.133858 0.511811 0.850394 
vn 0.76378 0.622047 -0.15748 
vn 0.669291 0.559055 -0.488189 
vn 0.385827 0.0393701 0.92126 
vn 0.480315 0.125984 -0.866142 
vn 0.889764 0.204724 0.409449 
vn 0.346457 0.385827 0.858268 
vn 0.755906 0.456693 -0.464567 
vn 0.755906 0.456693 -0.464567 
vn 0.685039 -0.141732 0.716535 
vn 0.433071 -0.417323 0.795276 
vn 0.685039 0.0551181 0.724409 
vn 0.472441 0.125984 -0.874016 
vn 0.984252 0.15748 0.0629921 
vn 0.417323 0.322835 0.850394 
vn 0.818898 0.370079 -0.440945 
vn 0.818898 0.370079 -0.440945 
vn 0.661417 0.023622 0.755906 
vn 0.984252 0.149606 0.11811 
vn 0.464567 0.23622 0.858268 
vn 0.850394 0.267717 -0.456693 
vn 0.850394 0.267717 -0.448819 
vn 0.299213 0.645669 0.700787 
vn 0.740157 -0.023622 0.669291 
vn 0.700787 0.519685 -0.496063 
vn 0.952756 0.0787402 0.291339 
vn 0.488189 0.188976 0.850394 
vn 0.866142 0.173228 -0.464567 
vn 0.968504 0.204724 -0.133858 
vn 0.511811 0.535433 0.669291 
vn 0.661417 -0.244094 0.708661 
vn -0.944882 -0.181102 0.259843 
vn 0.574803 0.275591 -0.771654 
vn 0.897638 0 0.433071 
vn 0.96063 0.23622 -0.15748 
vn 0.566929 0.496063 0.653543 
vn 0.472441 -0.204724 0.858268 
vn 0.708661 -0.19685 0.677165 
vn 0.834646 -0.11811 0.535433 
vn 0.834646 -0.0314961 0.551181 
vn 0.0787402 -0.0866142 0.992126 
vn 0.598425 0.228346 -0.771654 
vn 0.984252 0.0708661 0.173228 
vn 0.598425 0.440945 0.669291 
vn 0.874016 -0.401575 0.275591 
vn 0.897638 -0.448819 0.0393701 
vn 0.653543 0.188976 -0.732283 
vn 0.677165 0.15748 -0.724409 
vn 0.984252 0.125984 0.0866142 
vn 0.84252 0.385827 0.370079 
vn 0.92126 -0.322835 -0.212598 
vn 0.92126 -0.220472 -0.322835 
vn 0.889764 0.228346 -0.393701 
vn 0.716535 0.0944882 -0.692913 
vn 0.88189 -0.244094 -0.401575 
vn 0.96063 -0.102362 -0.251969 
vn 0.913386 -0.0787402 -0.393701 
vn 0.88189 0.19685 -0.433071 
vn 0.905512 0.307087 -0.291339 
vn 0.818898 -0.0393701 -0.574803 
vn 0.937008 0.110236 -0.330709 
vn 0.866142 0.173228 -0.472441 
vn 0.889764 0.0629921 -0.448819 
vn -0.779528 0.338583 -0.527559 
vn 0.866142 0.0393701 -0.503937 
vn 0.874016 -0.102362 -0.480315 
vn 0.850394 -0.015748 -0.519685 
vn 0.692913 -0.11811 -0.716535 
vn 0.362205 -0.204724 -0.905512 
vn -0.669291 -0.19685 -0.716535 
vn 0.779528 -0.023622 -0.629921 
vn 0.110236 -0.362205 -0.92126 
vn 0.181102 -0.393701 -0.897638 
vn 0.866142 0.0629921 -0.496063 
vn 0.251969 0.771654 0.582677 
vn -0.314961 0.480315 0.818898 
vn 0.645669 0.488189 -0.582677 
vn 0.0393701 -0.307087 -0.952756 
vn 0.19685 -0.370079 -0.913386 
vn 0.755906 -0.102362 -0.645669 
vn 0.464567 0.653543 0.598425 
vn 0.637795 0.165354 -0.755906 
vn 0.173228 -0.354331 -0.92126 
vn 0.779528 -0.0393701 -0.629921 
vn 0.653543 0.511811 0.551181 
vn -0.0551181 0.448819 0.889764 
vn 0.559055 0.566929 0.606299 
vn -0.149606 0.456693 0.88189 
vn 0.76378 0 -0.645669 
vn 0.472441 0.677165 -0.566929 
vn -0.102362 -0.629921 0.76378 
vn 0.606299 -0.299213 0.732283 
vn 0.433071 -0.535433 0.724409 
vn 0.913386 -0.0866142 0.401575 
vn 0.354331 0.0393701 -0.937008 
vn 0.488189 0.0393701 -0.874016 
vn 0.787402 0.204724 -0.582677 
vn -0.220472 0.0314961 -0.976378 
vn -0.220472 0.0314961 -0.976378 
vn -0.220472 0.0314961 -0.976378 
vn -0.220472 0.023622 -0.976378 
vn -0.0551181 -0.0629921 -1 
vn -0.102362 0.0393701 -0.992126 
vn -0.141732 -0.0393701 -0.992126 
vn -0.181102 -0.102362 -0.976378 
vn 0.267717 0.472441 0.84252 
vn -0.165354 0.897638 -0.401575 
vn -0.204724 0.866142 -0.456693 
vn -0.299213 0.913386 0.275591 
vn -0.204724 0.866142 -0.456693 
vn -0.677165 0.700787 -0.228346 
vn -0.283465 0.850394 -0.440945 
vn -0.141732 -0.0393701 -0.992126 
vn -0.84252 0.448819 -0.299213 
vn -0.283465 0.96063 -0.0551181 
vn -0.92126 -0.393701 0.0314961 
vn -0.937008 -0.322835 -0.125984 
vn -0.968504 -0.204724 -0.125984 
vn -0.897638 -0.440945 -0.0393701 
vn 0.708661 0.511811 0.480315 
vn 0.141732 0.527559 0.834646 
vn 0.708661 0.511811 0.480315 
vn 0.598425 -0.212598 -0.771654 
vn 0.661417 -0.204724 -0.724409 
vn 0.866142 0.283465 -0.409449 
vn 0.708661 0.330709 -0.622047 
vn -0.220472 0.023622 -0.976378 
vn 0.779528 0.283465 -0.559055 
vn 0.968504 0.244094 -0.0393701 
vn 0.637795 0.370079 -0.677165 
vn 0.322835 0.0472441 -0.944882 
vn 0.645669 0.188976 -0.740157 
vn 0.165354 -0.102362 -0.984252 
vn 0.645669 0.582677 0.496063 
vn -0.866142 -0.425197 -0.267717 
vn -0.834646 -0.307087 -0.456693 
vn -0.496063 -0.417323 -0.755906 
vn -0.456693 -0.370079 -0.811024 
vn -0.448819 -0.370079 -0.811024 
vn -0.559055 -0.401575 -0.724409 
vn -0.102362 0.0393701 -0.992126 
vn 0.0393701 -0.0866142 -0.992126 
vn -0.559055 -0.401575 -0.724409 
vn -0.330709 0.566929 -0.755906 
vn -0.330709 0.566929 -0.755906 
vn -0.330709 0.566929 -0.755906 
vn -0.96063 -0.19685 -0.188976 
vn -0.251969 0.0787402 -0.968504 
vn -0.291339 0 -0.96063 
vn -0.850394 0.377953 -0.354331 
vn -0.834646 0.448819 -0.322835 
vn 0.259843 0.330709 -0.905512 
vn -0.251969 0.0787402 -0.968504 
vn -0.275591 -0.0551181 -0.96063 
vn -0.543307 -0.102362 -0.834646 
vn -0.370079 0.771654 -0.519685 
vn -0.850394 0.377953 -0.354331 
vn -0.976378 0.125984 0.165354 
vn 0.409449 0.220472 -0.889764 
vn -0.275591 -0.0551181 -0.96063 
vn 0.464567 0.165354 -0.866142 
vn 0.464567 0.165354 -0.866142 
vn -0.244094 -0.015748 -0.968504 
vn 0.464567 0.165354 -0.866142 
vn 0.669291 0.559055 -0.488189 
vn 0.0944882 0.244094 -0.968504 
vn -0.314961 -0.23622 -0.92126 
vn -0.322835 -0.204724 -0.92126 
vn -0.346457 -0.228346 -0.913386 
vn 0.480315 0.125984 -0.866142 
vn -0.244094 -0.015748 -0.968504 
vn 0.0944882 0.244094 -0.968504 
vn -0.401575 -0.212598 -0.889764 
vn 0.755906 0.456693 -0.464567 
vn -0.346457 -0.228346 -0.913386 
vn 0.472441 0.125984 -0.874016 
vn -0.220472 0.0314961 -0.976378 
vn 0.818898 0.370079 -0.440945 
vn 0.818898 0.370079 -0.440945 
vn -0.314961 -0.23622 -0.92126 
vn -0.322835 -0.181102 -0.929134 
vn -0.322835 -0.181102 -0.929134 
vn 0.850394 0.267717 -0.448819 
vn -0.322835 -0.181102 -0.929134 
vn 0.700787 0.519685 -0.496063 
vn 0.866142 0.173228 -0.464567 
vn 0.338583 0 -0.937008 
vn 0.338583 0 -0.937008 
vn 0.574803 0.275591 -0.771654 
vn -0.937008 0.125984 -0.330709 
vn 0.598425 0.228346 -0.771654 
vn 0.598425 0.23622 -0.76378 
vn 0.322835 0.0472441 -0.944882 
vn 0.598425 0.440945 0.669291 
vn -0.496063 -0.417323 -0.755906 
vn 0.653543 0.188976 -0.732283 
vn 0.677165 0.15748 -0.724409 
vn 0.645669 0.582677 0.496063 
vn -0.874016 -0.456693 -0.165354 
vn 0.716535 0.0944882 -0.692913 
vn -0.456693 -0.370079 -0.811024 
vn 0.88189 -0.244094 -0.401575 
vn 0.96063 -0.102362 -0.251969 
vn -0.677165 -0.354331 -0.637795 
vn 0.88189 0.19685 -0.433071 
vn -0.448819 -0.370079 -0.811024 
vn 0.905512 0.307087 -0.291339 
vn -0.84252 -0.204724 -0.503937 
vn -0.677165 -0.354331 -0.637795 
vn 0.818898 -0.0393701 -0.574803 
vn -0.496063 -0.291339 -0.818898 
vn -0.858268 -0.204724 -0.472441 
vn -0.496063 -0.291339 -0.818898 
vn -0.370079 -0.251969 -0.897638 
vn -0.897638 0 -0.440945 
vn 0.165354 -0.102362 -0.984252 
vn 0.889764 0.0629921 -0.448819 
vn -0.370079 -0.251969 -0.897638 
vn -0.440945 -0.181102 -0.88189 
vn -0.952756 0.0944882 -0.291339 
vn -0.779528 0.338583 -0.527559 
vn -0.92126 0.23622 -0.314961 
vn -0.440945 -0.181102 -0.88189 
vn 0.291339 -0.299213 -0.905512 
vn -0.984252 0.0708661 -0.165354 
vn -0.551181 -0.0944882 -0.826772 
vn -0.590551 0.488189 -0.637795 
vn -0.779528 0.338583 -0.527559 
vn -0.511811 0.700787 -0.488189 
vn -0.590551 -0.503937 -0.629921 
vn -0.614173 -0.472441 -0.629921 
vn -0.661417 -0.377953 -0.645669 
vn -0.551181 -0.0944882 -0.826772 
vn 0.291339 -0.204724 -0.937008 
vn -0.669291 -0.19685 -0.716535 
vn 0.692913 -0.11811 -0.716535 
vn 0.362205 -0.204724 -0.905512 
vn -0.669291 -0.19685 -0.716535 
vn -0.913386 -0.393701 0.0629921 
vn 0.779528 -0.023622 -0.629921 
vn 0.110236 -0.362205 -0.92126 
vn -0.661417 -0.377953 -0.645669 
vn -0.92126 -0.385827 -0.015748 
vn -0.244094 -0.19685 -0.952756 
vn -0.0866142 -0.251969 -0.968504 
vn -0.614173 -0.472441 -0.629921 
vn 0.181102 -0.393701 -0.897638 
vn 0.866142 0.0629921 -0.496063 
vn 0.645669 0.488189 -0.582677 
vn 0.0393701 -0.307087 -0.952756 
vn 0.110236 -0.330709 -0.937008 
vn -0.543307 -0.503937 -0.669291 
vn -0.574803 -0.488189 -0.653543 
vn 0.19685 -0.370079 -0.913386 
vn -0.574803 -0.488189 -0.653543 
vn 0.637795 0.165354 -0.755906 
vn 0.173228 -0.354331 -0.92126 
vn -0.543307 -0.503937 -0.669291 
vn 0.110236 -0.330709 -0.937008 
vn 0.354331 0.0393701 -0.937008 
vn 0.787402 0.204724 -0.582677 
vn -0.220472 0.0314961 -0.976378 
vn -0.220472 0.023622 -0.976378 
vn 0.661417 0.0393701 0.748031 
vn -0.92126 0.244094 -0.299213 
vn -0.755906 0.370079 -0.543307 
vn -0.653543 0.590551 -0.472441 
vn -0.141732 -0.0393701 -0.992126 
vn -0.181102 -0.102362 -0.976378 
vn -0.874016 0.377953 0.299213 
vn -0.850394 0.503937 -0.11811 
vn -0.181102 0.637795 0.748031 
vn -0.417323 0.480315 0.771654 
vn -0.110236 0.362205 0.92126 
vn 0.220472 0.614173 0.755906 
vn 0.0551181 0.795276 0.606299 
vn -0.425197 0.724409 0.543307 
vn -0.503937 0.590551 0.629921 
vn -0.212598 0.866142 0.456693 
vn 0.267717 0.472441 0.84252 
vn -0.456693 0.771654 -0.448819 
vn 0.267717 0.472441 0.84252 
vn 0.401575 0.338583 0.850394 
vn -0.0944882 0.795276 0.606299 
vn 0.480315 0.795276 0.362205 
vn 0.795276 0.559055 0.244094 
vn 0.480315 0.795276 0.362205 
vn -0.283465 0.913386 0.299213 
vn -0.212598 0.905512 0.362205 
vn -0.299213 0.913386 0.275591 
vn -0.385827 0.905512 0.188976 
vn -0.165354 0.897638 -0.401575 
vn -0.204724 0.866142 -0.456693 
vn -0.212598 0.905512 0.362205 
vn -0.850394 0.496063 0.173228 
vn -0.204724 0.866142 -0.456693 
vn -0.677165 0.700787 -0.228346 
vn -0.370079 0.661417 -0.653543 
vn -0.283465 0.850394 -0.440945 
vn -0.283465 0.96063 -0.0551181 
vn -0.338583 0.944882 0.0393701 
vn -0.748031 0.511811 0.417323 
vn -0.850394 0.377953 0.362205 
vn -0.968504 -0.204724 -0.125984 
vn -0.314961 0.480315 0.818898 
vn 0.708661 0.511811 0.480315 
vn 0.897638 0.448819 0 
vn 0.141732 0.527559 0.834646 
vn 0.708661 0.511811 0.480315 
vn -0.354331 0.551181 0.755906 
vn -0.874016 0.480315 -0.0708661 
vn -0.88189 0.433071 0.181102 
vn 0.818898 0.496063 0.283465 
vn -0.220472 0.023622 -0.976378 
vn 0.779528 0.283465 -0.559055 
vn 0.818898 0.496063 -0.291339 
vn 0.80315 0.574803 -0.15748 
vn 0.566929 0.779528 -0.259843 
vn 0.566929 0.779528 -0.259843 
vn -0.401575 0.866142 -0.299213 
vn -0.700787 0.692913 -0.173228 
vn -0.212598 0.866142 0.456693 
vn 0.0551181 0.795276 0.606299 
vn 0.385827 0.905512 -0.173228 
vn -0.401575 0.866142 -0.299213 
vn -0.330709 0.566929 -0.755906 
vn -0.330709 0.566929 -0.755906 
vn -0.330709 0.566929 -0.755906 
vn 0.220472 0.614173 0.755906 
vn 0.401575 0.818898 -0.417323 
vn -0.330709 0.566929 -0.755906 
vn 0.929134 0.354331 -0.0629921 
vn 0.834646 0.543307 0.0393701 
vn -0.370079 0.771654 -0.519685 
vn -0.850394 0.377953 -0.354331 
vn -0.866142 0.448819 0.220472 
vn -0.307087 0.929134 -0.204724 
vn -0.716535 0.685039 0.0866142 
vn 0.551181 0.448819 0.700787 
vn -0.370079 0.913386 0.165354 
vn -0.826772 0.496063 0.259843 
vn 0.133858 0.511811 0.850394 
vn 0.76378 0.622047 -0.15748 
vn 0.433071 -0.417323 0.795276 
vn 0.818898 0.370079 -0.440945 
vn 0.456693 0.0787402 0.889764 
vn -0.19685 0.267717 0.944882 
vn 0.299213 0.645669 0.700787 
vn 0.700787 0.519685 -0.496063 
vn 0.952756 0.0787402 0.291339 
vn 0.511811 0.535433 0.669291 
vn -0.125984 0.19685 0.968504 
vn -0.937008 0.125984 -0.330709 
vn 0.322835 0.0472441 -0.944882 
vn 0.645669 0.582677 0.496063 
vn 0.165354 -0.102362 -0.984252 
vn 0.889764 0.0629921 -0.448819 
vn -0.779528 0.338583 -0.527559 
vn -0.590551 0.488189 -0.637795 
vn -0.779528 0.338583 -0.527559 
vn -0.771654 0.574803 -0.283465 
vn -0.511811 0.700787 -0.488189 
vn -0.511811 0.84252 -0.188976 
vn -0.346457 0.590551 0.732283 
vn 0.251969 0.771654 0.582677 
vn -0.314961 0.480315 0.818898 
vn 0.645669 0.488189 -0.582677 
vn 0.464567 0.653543 0.598425 
vn -0.220472 0.433071 0.874016 
vn 0.559055 0.566929 0.606299 
vn -0.149606 0.456693 0.88189 
vn 0.76378 0 -0.645669 
vn 0.472441 0.677165 -0.566929 
vn 0.433071 0.716535 -0.543307 
vn -0.889764 0.125984 -0.433071 
vn 0.433071 0.716535 -0.543307 
vn -0.220472 0.0314961 -0.976378 
vn -0.220472 0.0314961 -0.976378 
vn -0.92126 0.244094 -0.299213 
vn -0.96063 0.0314961 -0.283465 
vn -0.755906 0.370079 -0.543307 
vn -0.653543 0.590551 -0.472441 
vn -0.141732 0.19685 0.968504 
vn -0.858268 0.456693 0.228346 
vn -0.826772 0.496063 0.259843 
vn -0.866142 0.448819 0.220472 
vn -0.889764 0.417323 0.188976 
vn -0.874016 0.377953 0.299213 
vn -0.897638 0.385827 0.212598 
vn -0.929134 0.338583 0.165354 
vn -0.984252 0.11811 0.133858 
vn -0.944882 0.307087 0.11811 
vn -0.952756 0.283465 0.0944882 
vn -0.929134 0.307087 0.19685 
vn -0.850394 0.503937 -0.11811 
vn -0.992126 -0.0314961 0.11811 
vn -0.937008 -0.307087 0.181102 
vn -0.818898 -0.496063 0.275591 
vn -0.181102 0.637795 0.748031 
vn -0.417323 0.480315 0.771654 
vn -0.110236 0.362205 0.92126 
vn 0.220472 0.614173 0.755906 
vn -0.425197 0.724409 0.543307 
vn -0.503937 0.590551 0.629921 
vn -0.212598 0.866142 0.456693 
vn 0.267717 0.472441 0.84252 
vn -0.456693 0.771654 -0.448819 
vn 0.267717 0.472441 0.84252 
vn -0.0944882 0.795276 0.606299 
vn -0.212598 0.905512 0.362205 
vn -0.850394 0.496063 0.173228 
vn -0.818898 0.519685 0.228346 
vn -0.299213 0.913386 0.275591 
vn -0.204724 0.866142 -0.456693 
vn -0.677165 0.700787 -0.228346 
vn -0.141732 -0.0393701 -0.992126 
vn -0.84252 0.448819 -0.299213 
vn -0.88189 0.354331 -0.314961 
vn -0.370079 0.661417 -0.653543 
vn -0.338583 0.944882 0.0393701 
vn -0.795276 0.582677 0.149606 
vn -0.92126 -0.393701 0.0314961 
vn -0.889764 -0.267717 0.370079 
vn -0.897638 0.401575 0.188976 
vn -0.748031 0.511811 0.417323 
vn -0.850394 0.377953 0.362205 
vn -0.976378 0.188976 0.11811 
vn -0.952756 -0.251969 -0.173228 
vn -0.937008 -0.322835 -0.125984 
vn -0.968504 -0.204724 -0.125984 
vn -0.905512 -0.433071 -0.015748 
vn -0.897638 -0.440945 -0.0393701 
vn -0.0866142 0.212598 0.976378 
vn 0.023622 0.496063 0.866142 
vn -0.291339 0.448819 0.84252 
vn -0.19685 0.433071 0.88189 
vn -0.314961 0.480315 0.818898 
vn 0.141732 0.527559 0.834646 
vn 0.708661 0.511811 0.480315 
vn -0.346457 0.590551 0.732283 
vn -0.354331 0.551181 0.755906 
vn -0.874016 0.480315 -0.0708661 
vn -0.976378 0.19685 -0.0393701 
vn -0.952756 0.283465 -0.133858 
vn -0.88189 0.433071 0.181102 
vn -0.84252 0.314961 0.440945 
vn -0.929134 0.377953 -0.0314961 
vn -0.204724 -0.425197 0.88189 
vn 0.0944882 -0.551181 0.826772 
vn -0.574803 -0.559055 0.598425 
vn -0.96063 -0.267717 0.0551181 
vn -0.897638 -0.433071 -0.0472441 
vn -0.795276 -0.464567 0.385827 
vn -0.874016 -0.385827 0.291339 
vn -0.968504 -0.220472 -0.125984 
vn -0.905512 -0.267717 -0.322835 
vn -0.866142 -0.425197 -0.267717 
vn -0.834646 -0.307087 -0.456693 
vn -0.456693 -0.370079 -0.811024 
vn -0.700787 0.692913 -0.173228 
vn -0.330709 0.566929 -0.755906 
vn -0.330709 0.566929 -0.755906 
vn -0.330709 0.566929 -0.755906 
vn -0.976378 0.0708661 0.19685 
vn -0.866142 -0.133858 0.480315 
vn -1 -0.0787402 -0.0393701 
vn -0.551181 0.0314961 0.834646 
vn -0.92126 -0.212598 0.322835 
vn -0.96063 -0.19685 -0.188976 
vn -0.251969 0.0787402 -0.968504 
vn -0.291339 0 -0.96063 
vn -0.472441 -0.0314961 0.88189 
vn -0.850394 0.377953 -0.354331 
vn -0.834646 0.448819 -0.322835 
vn -0.897638 -0.267717 0.346457 
vn -0.543307 -0.102362 -0.834646 
vn -0.716535 0.685039 0.0866142 
vn -0.897638 0.0551181 -0.433071 
vn -0.976378 0.125984 0.165354 
vn -0.913386 -0.141732 0.377953 
vn -0.409449 -0.0314961 0.913386 
vn -0.88189 0.188976 0.425197 
vn -0.866142 0.0551181 0.496063 
vn -0.314961 -0.23622 -0.92126 
vn -0.322835 -0.204724 -0.92126 
vn -0.535433 0.125984 0.834646 
vn -0.401575 -0.212598 -0.889764 
vn -0.937008 -0.338583 0.102362 
vn -0.850394 -0.283465 0.448819 
vn 0.433071 -0.417323 0.795276 
vn -0.23622 0.023622 0.968504 
vn -0.503937 0.314961 0.80315 
vn -0.283465 0.015748 0.96063 
vn -0.322835 -0.181102 -0.929134 
vn -0.80315 -0.267717 0.527559 
vn -0.346457 -0.622047 0.700787 
vn -0.622047 -0.511811 0.598425 
vn 0.456693 0.0787402 0.889764 
vn -0.818898 -0.173228 0.543307 
vn -0.661417 -0.448819 0.598425 
vn 0.952756 0.0787402 0.291339 
vn -0.944882 -0.181102 0.259843 
vn -0.937008 0.125984 -0.330709 
vn 0.11811 -0.11811 0.984252 
vn -0.826772 -0.425197 0.377953 
vn -0.968504 0.244094 0 
vn -1 0.00787402 0.015748 
vn -0.88189 -0.472441 0 
vn -0.976378 0.212598 -0.0629921 
vn -0.992126 0.023622 -0.125984 
vn 0.645669 0.582677 0.496063 
vn -0.874016 -0.456693 -0.165354 
vn -0.96063 0.110236 -0.244094 
vn -0.937008 -0.0708661 -0.346457 
vn -0.677165 -0.354331 -0.637795 
vn -0.84252 -0.204724 -0.503937 
vn -0.858268 -0.204724 -0.472441 
vn -0.952756 0.291339 0.0472441 
vn -0.976378 0.19685 -0.11811 
vn -0.897638 0 -0.440945 
vn -0.440945 -0.181102 -0.88189 
vn -0.952756 0.0944882 -0.291339 
vn -0.771654 0.574803 -0.283465 
vn -0.779528 0.338583 -0.527559 
vn -0.92126 0.23622 -0.314961 
vn -0.937008 0.23622 -0.244094 
vn -0.984252 0.0708661 -0.165354 
vn -0.590551 0.488189 -0.637795 
vn -0.779528 0.338583 -0.527559 
vn -0.771654 0.574803 -0.283465 
vn -0.629921 -0.464567 -0.622047 
vn -0.590551 -0.503937 -0.629921 
vn -0.614173 -0.472441 -0.629921 
vn -0.661417 -0.377953 -0.645669 
vn -0.669291 -0.19685 -0.716535 
vn -0.511811 0.84252 -0.188976 
vn -0.913386 -0.393701 0.0629921 
vn -0.92126 -0.204724 0.338583 
vn -0.984252 -0.173228 -0.0472441 
vn -0.92126 -0.385827 -0.015748 
vn -0.92126 -0.377953 -0.015748 
vn -0.314961 0.480315 0.818898 
vn -0.0866142 -0.251969 -0.968504 
vn 0.110236 -0.330709 -0.937008 
vn -0.307087 -0.692913 0.653543 
vn -0.322835 -0.716535 0.614173 
vn -0.984252 -0.110236 -0.149606 
vn -0.889764 0.125984 -0.433071 

vt 5.99416 -19.061 
vt 5.97224 -19.0607 
vt 5.9649 -18.9831 
vt 5.98227 -18.9962 
vt 5.99309 -18.977 
vt 5.98022 -18.9608 
vt 6.04339 -18.9579 
vt 6.04569 -19.1515 
vt 6.02075 -19.137 
vt 6.03172 -19.1516 
vt 6.0401 -19.1414 
vt 6.0257 -19.1222 
vt 6.03261 -19.1894 
vt 6.02719 -19.1985 
vt 5.99609 -19.0647 
vt 6.04551 -18.949 
vt 6.04043 -19.0178 
vt 6.04628 -19.0104 
vt 6.03832 -19.0072 
vt 6.03281 -19.011 
vt 6.02868 -19.0151 
vt 6.04775 -19.02 
vt 6.05236 -19.0129 
vt 6.00558 -18.9705 
vt 5.99423 -18.9555 
vt 6.00558 -18.9705 
vt 5.99309 -18.977 
vt 6.00821 -18.9834 
vt 6.00808 -19.1814 
vt 5.99928 -19.1852 
vt 6.01512 -19.1727 
vt 6.00808 -19.1814 
vt 6.03316 -19.1659 
vt 6.04117 -19.1628 
vt 6.04117 -19.1628 
vt 6.04709 -19.1541 
vt 6.04697 -19.1332 
vt 6.00381 -19.0565 
vt 6.02267 -19.0792 
vt 6.03618 -19.1111 
vt 5.99965 -19.1012 
vt 6.01205 -19.1238 
vt 6.00918 -19.0887 
vt 5.99788 -19.0417 
vt 6.00355 -19.0551 
vt 6.01239 -19.0485 
vt 6.03492 -19.0894 
vt 6.02258 -19.0722 
vt 6.01736 -19.0847 
vt 6.02804 -19.0987 
vt 6.0108 -19.0723 
vt 5.99042 -19.0255 
vt 6.01054 -19.0312 
vt 5.99042 -19.0255 
vt 6.03644 -19.105 
vt 6.04058 -19.0985 
vt 5.96036 -19.0468 
vt 5.96044 -19.0555 
vt 5.97334 -19.0622 
vt 5.97224 -19.0607 
vt 5.95221 -19.0312 
vt 5.98129 -19.0535 
vt 5.96945 -19.0457 
vt 5.96082 -18.8334 
vt 6.00458 -18.8436 
vt 5.98707 -18.8662 
vt 6.00221 -18.8657 
vt 6.02853 -18.8638 
vt 6.02163 -18.8717 
vt 5.99127 -19.0811 
vt 6.02868 -19.0151 
vt 6.05044 -18.9982 
vt 6.01053 -19.1551 
vt 6.00161 -19.1657 
vt 6.03281 -19.011 
vt 6.02866 -19.0013 
vt 6.05196 -18.9821 
vt 6.03857 -18.9973 
vt 6.00035 -19.129 
vt 5.99366 -19.1456 
vt 6.00161 -19.1657 
vt 5.99154 -19.1733 
vt 6.02785 -19.193 
vt 6.02573 -18.9881 
vt 6.03836 -18.9821 
vt 5.99366 -19.1456 
vt 5.98314 -19.1544 
vt 6.02226 -18.9766 
vt 6.01992 -19.0242 
vt 5.99271 -19.0909 
vt 5.97334 -19.0622 
vt 5.98856 -19.1283 
vt 5.97611 -19.1327 
vt 5.98271 -19.1022 
vt 5.98856 -19.1283 
vt 6.01967 -19.2027 
vt 6.02719 -19.1985 
vt 6.03625 -18.9691 
vt 5.99174 -19.055 
vt 5.98271 -19.1022 
vt 5.96969 -19.1071 
vt 6.01874 -19.185 
vt 6.01039 -19.1918 
vt 5.99293 -19.0271 
vt 5.97664 -19.0526 
vt 5.97916 -19.0819 
vt 5.97916 -19.0819 
vt 5.96496 -19.0823 
vt 5.99906 -19.1736 
vt 6.00801 -19.1661 
vt 6.02605 -19.1733 
vt 5.9928 -18.9252 
vt 6.01296 -18.9343 
vt 6.01195 -18.9109 
vt 5.99804 -19.104 
vt 5.98108 -19.0933 
vt 5.98809 -19.117 
vt 5.99792 -19.0028 
vt 6.01211 -19.1475 
vt 5.99944 -19.148 
vt 6.00801 -19.1661 
vt 5.97719 -19.0241 
vt 5.97664 -19.0526 
vt 5.96163 -19.0531 
vt 5.98794 -19.1513 
vt 5.99944 -19.148 
vt 5.98313 -19.1514 
vt 6.03056 -18.9301 
vt 6.03224 -18.9096 
vt 5.98227 -18.9962 
vt 5.97719 -19.0241 
vt 5.96123 -19.022 
vt 6.01874 -19.185 
vt 5.98809 -19.117 
vt 5.97623 -19.1205 
vt 6.03172 -19.1516 
vt 6.0236 -19.156 
vt 6.0153 -18.8848 
vt 5.99495 -18.8893 
vt 5.97484 -18.929 
vt 6.03246 -18.8816 
vt 5.95149 -19.0259 
vt 5.98108 -19.0933 
vt 5.96783 -19.0901 
vt 6.01292 -19.1416 
vt 6.02075 -19.137 
vt 5.97732 -18.8946 
vt 6.0002 -19.0611 
vt 6.01205 -19.1238 
vt 6.00219 -19.1249 
vt 5.97573 -18.8356 
vt 5.96815 -18.8689 
vt 5.99917 -18.8059 
vt 5.97943 -18.8041 
vt 6.00953 -18.8002 
vt 5.99965 -19.1012 
vt 5.99012 -19.1028 
vt 5.98129 -19.0535 
vt 5.99127 -19.0811 
vt 5.9797 -19.077 
vt 5.95951 -19.0234 
vt 6.02804 -19.0987 
vt 6.00958 -19.0878 
vt 6.03099 -18.9448 
vt 6.01535 -18.9511 
vt 6.03352 -18.9579 
vt 6.01874 -18.9653 
vt 5.90302 -19.0455 
vt 5.84625 -19.0383 
vt 6.04781 -19.0038 
vt 6.06087 -19.016 
vt 5.96425 -19.0046 
vt 5.95069 -19.0022 
vt 5.96099 -19.0285 
vt 5.94883 -19.0216 
vt 5.98873 -19.028 
vt 5.85574 -19.0504 
vt 5.86774 -19.052 
vt 5.98048 -19.0141 
vt 5.99461 -18.9992 
vt 5.99119 -19.0105 
vt 5.86444 -19.0257 
vt 5.86148 -19.0384 
vt 5.87694 -19.0223 
vt 6.09035 -19.0199 
vt 5.87353 -19.0362 
vt 5.90549 -19.013 
vt 5.92026 -19.012 
vt 5.90714 -19.0306 
vt 5.92738 -19.0322 
vt 5.94812 -19.0325 
vt 5.96984 -19.0478 
vt 6.03954 -19.0002 
vt 5.97294 -18.9794 
vt 5.98743 -18.9751 
vt 6.01429 -18.9723 
vt 6.04585 -18.9727 
vt 6.06577 -18.9777 
vt 5.8802 -19.0505 
vt 5.89493 -19.031 
vt 5.88946 -19.0486 
vt 5.88411 -19.0335 
vt 6.05174 -19.0073 
vt 6.06901 -18.9973 
vt 5.9712 -18.9992 
vt 5.98845 -19.0095 
vt 6.01954 -19.0144 
vt 5.91886 -19.0176 
vt 5.91961 -19.0301 
vt 5.92263 -19.0062 
vt 6.041 -18.9831 
vt 6.0487 -18.9962 
vt 6.05647 -18.9608 
vt 5.89919 -19.1515 
vt 5.89728 -19.1552 
vt 6.09698 -18.949 
vt 6.15375 -19.0072 
vt 6.06363 -18.9705 
vt 6.06837 -18.9555 
vt 6.06363 -18.9705 
vt 6.07045 -18.9741 
vt 6.07674 -18.9642 
vt 6.02182 -19.1876 
vt 6.0318 -19.1814 
vt 6.03156 -19.1852 
vt 6.01229 -19.1843 
vt 6.00943 -19.1808 
vt 5.90514 -19.1635 
vt 5.91595 -19.1659 
vt 5.92077 -19.1628 
vt 5.89927 -19.0357 
vt 5.9064 -19.0417 
vt 5.91383 -19.0255 
vt 5.90787 -19.0164 
vt 5.91383 -19.0255 
vt 5.92034 -18.9328 
vt 5.91992 -18.9012 
vt 5.91185 -18.9274 
vt 5.99211 -18.9669 
vt 5.9835 -18.9328 
vt 5.98127 -18.9678 
vt 5.95272 -18.957 
vt 5.94819 -18.9192 
vt 5.94344 -18.9502 
vt 6.02024 -18.9572 
vt 6.01618 -18.9271 
vt 6.0087 -18.9636 
vt 5.97006 -18.9655 
vt 5.96421 -18.9998 
vt 5.96052 -19.028 
vt 5.97636 -19.0288 
vt 5.97847 -19.0019 
vt 5.99517 -19.0468 
vt 5.99212 -19.0318 
vt 5.98972 -19.0555 
vt 5.99562 -19.0622 
vt 6.00104 -19.0468 
vt 6.001 -19.0607 
vt 6.00654 -19.0551 
vt 6.00512 -19.0312 
vt 5.95592 -19.0408 
vt 5.95944 -19.0512 
vt 5.91449 -19.0131 
vt 5.9125 -18.9984 
vt 5.95131 -19.0535 
vt 5.95101 -19.0386 
vt 5.94502 -19.0457 
vt 5.98609 -18.872 
vt 6.01343 -18.8737 
vt 6.01316 -18.8334 
vt 5.98697 -18.8304 
vt 6.08369 -18.9755 
vt 6.14377 -19.0215 
vt 6.1311 -19.0178 
vt 6.10725 -19.0099 
vt 6.14805 -19.0151 
vt 6.14005 -19.0091 
vt 6.11493 -19.0084 
vt 6.10725 -19.0099 
vt 6.15223 -19.011 
vt 6.14701 -19.0013 
vt 6.12638 -18.9985 
vt 6.03482 -19.1733 
vt 6.09397 -18.9633 
vt 6.08614 -18.9475 
vt 6.13556 -18.9881 
vt 6.11293 -18.9882 
vt 6.10097 -18.9978 
vt 6.01094 -19.1724 
vt 6.02304 -19.1759 
vt 6.03645 -19.1544 
vt 5.94933 -19.1981 
vt 5.94863 -19.193 
vt 5.95908 -19.2035 
vt 6.12306 -18.9766 
vt 6.01051 -19.1536 
vt 6.02354 -19.1572 
vt 6.03752 -19.1327 
vt 5.97031 -19.2027 
vt 6.01028 -19.1321 
vt 6.02388 -19.1345 
vt 6.04425 -19.1022 
vt 6.03858 -19.1071 
vt 5.97433 -19.1918 
vt 5.96052 -19.1925 
vt 5.9485 -19.1863 
vt 6.03831 -19.0823 
vt 6.00995 -19.1071 
vt 6.02431 -19.1087 
vt 5.97763 -19.1736 
vt 5.96311 -19.1743 
vt 5.95014 -19.1689 
vt 6.07247 -18.9252 
vt 6.09451 -18.9343 
vt 6.03732 -19.0531 
vt 6.00911 -19.0836 
vt 6.0239 -19.0836 
vt 5.98072 -19.1513 
vt 5.96589 -19.1514 
vt 5.9523 -19.1478 
vt 6.0378 -19.022 
vt 6.02262 -19.0549 
vt 5.98416 -19.1205 
vt 5.96878 -19.1201 
vt 5.95468 -19.1171 
vt 5.91972 -19.156 
vt 6.05456 -18.929 
vt 5.90604 -19.1524 
vt 6.02218 -19.0259 
vt 5.98645 -19.0901 
vt 5.95731 -19.0862 
vt 5.97135 -19.0883 
vt 5.92296 -19.1416 
vt 6.04957 -18.8946 
vt 6.03016 -18.8902 
vt 5.90845 -19.1377 
vt 6.02257 -18.9929 
vt 5.97413 -19.0546 
vt 5.92682 -19.1249 
vt 6.0295 -18.8356 
vt 6.03167 -18.8689 
vt 6.03363 -18.9057 
vt 6.0337 -18.9403 
vt 6.02706 -18.8041 
vt 5.91219 -19.1204 
vt 6.00681 -18.9987 
vt 5.93247 -19.1028 
vt 6.01257 -18.7994 
vt 5.98571 -18.7971 
vt 5.91745 -19.0982 
vt 5.90703 -19.0896 
vt 5.99255 -19.0014 
vt 5.93848 -19.077 
vt 5.95415 -18.7965 
vt 5.95497 -18.8263 
vt 5.9237 -19.0715 
vt 5.9129 -19.0636 
vt 5.93132 -18.8237 
vt 5.93423 -18.7989 
vt 5.95365 -18.8639 
vt 5.93025 -19.0403 
vt 5.94858 -19.0234 
vt 5.92839 -18.8559 
vt 5.95052 -18.9935 
vt 5.93465 -19.0138 
vt 5.93859 -18.9851 
vt 5.84952 -19.093 
vt 5.92788 -18.9763 
vt 5.93499 -18.9428 
vt 5.91622 -18.968 
vt 5.90547 -18.9614 
vt 5.89159 -18.9857 
vt 5.89028 -18.9869 
vt 5.90009 -18.9896 
vt 5.88479 -19.0057 
vt 5.87705 -19.0224 
vt 5.89422 -19.0102 
vt 5.86502 -19.1024 
vt 5.87357 -19.0987 
vt 5.85317 -19.0973 
vt 5.85288 -19.0728 
vt 5.86929 -19.0387 
vt 5.88652 -19.0285 
vt 5.87357 -19.0878 
vt 5.86047 -19.0823 
vt 5.86083 -19.0568 
vt 5.87835 -19.0463 
vt 5.89128 -19.0533 
vt 5.90008 -19.0551 
vt 5.88232 -19.0713 
vt 5.89044 -19.0723 
vt 5.86946 -19.0649 
vt 6.09265 -18.9888 
vt 6.10507 -18.9448 
vt 6.10346 -18.9511 
vt 6.11253 -18.9653 
vt 6.10258 -18.9775 
vt 6.02139 -19.0176 
vt 6.02196 -19.0301 
vt 6.03063 -19.0062 
vt 6.00584 -19.061 
vt 6.00963 -19.0924 
vt 6.02407 -19.0849 
vt 6.02776 -19.0607 
vt 5.9701 -19.1429 
vt 5.96043 -19.135 
vt 5.95431 -19.1515 
vt 5.96265 -19.1552 
vt 5.99442 -18.9705 
vt 6.00202 -19.1843 
vt 5.99384 -19.1808 
vt 5.99192 -19.1814 
vt 5.99384 -19.1808 
vt 5.98655 -19.1738 
vt 5.96491 -19.1635 
vt 5.95431 -19.1515 
vt 5.94874 -19.1447 
vt 5.96684 -19.1659 
vt 5.95396 -19.1294 
vt 5.98214 -19.0725 
vt 5.98815 -19.0395 
vt 5.96625 -19.1072 
vt 6.00958 -19.0255 
vt 5.98946 -19.0312 
vt 6.00958 -19.0255 
vt 6.02248 -18.9012 
vt 6.02405 -18.9274 
vt 6.04392 -19.028 
vt 6.03991 -19.0468 
vt 6.02776 -19.0607 
vt 6.04093 -19.0551 
vt 6.04779 -19.0312 
vt 6.03404 -19.0408 
vt 6.02086 -19.056 
vt 6.0355 -19.0512 
vt 6.0084 -19.0317 
vt 6.01871 -19.0535 
vt 5.97849 -18.8268 
vt 5.97433 -18.8531 
vt 5.97743 -19.105 
vt 5.98965 -19.082 
vt 5.99822 -19.0615 
vt 5.96928 -19.1184 
vt 5.96043 -19.135 
vt 5.97931 -19.1279 
vt 5.96928 -19.1184 
vt 5.96379 -19.0099 
vt 5.94901 -19.0017 
vt 5.94598 -19.0105 
vt 5.98595 -19.1529 
vt 6.0008 -19.1659 
vt 5.98947 -19.1627 
vt 5.97215 -19.193 
vt 5.96659 -19.1846 
vt 6.00995 -19.1724 
vt 6.0008 -19.1659 
vt 6.0098 -19.1444 
vt 6.00533 -19.1236 
vt 5.97985 -19.1981 
vt 5.97215 -19.193 
vt 6.00026 -19.0572 
vt 6.01842 -19.1536 
vt 6.0098 -19.1444 
vt 6.02566 -19.1321 
vt 6.01533 -19.1272 
vt 6.02074 -19.1029 
vt 6.01533 -19.1272 
vt 5.98901 -19.1863 
vt 5.98031 -19.1773 
vt 5.9995 -19.1422 
vt 5.98694 -19.1419 
vt 5.99138 -19.1589 
vt 6.03207 -19.1071 
vt 6.02074 -19.1029 
vt 5.98031 -19.1773 
vt 5.97289 -19.1675 
vt 6.00048 -19.1689 
vt 5.99138 -19.1589 
vt 6.03657 -19.0836 
vt 6.02407 -19.0849 
vt 6.01687 -19.1514 
vt 6.0112 -19.1478 
vt 5.9995 -19.1422 
vt 6.00936 -19.1115 
vt 5.99958 -19.099 
vt 6.02179 -19.1171 
vt 6.00936 -19.1115 
vt 5.97661 -19.1524 
vt 6.02913 -19.0862 
vt 6.01499 -19.0874 
vt 6.01499 -19.0874 
vt 5.98749 -19.1377 
vt 5.9998 -19.0611 
vt 5.99876 -19.1204 
vt 5.98976 -19.1116 
vt 6.02086 -19.056 
vt 6.00988 -19.1028 
vt 5.97743 -19.105 
vt 6.0111 -19.0982 
vt 6.002 -19.0896 
vt 6.01871 -19.0535 
vt 5.99275 -18.7968 
vt 6.0125 -19.0636 
vt 5.98965 -19.082 
vt 6.02424 -18.8237 
vt 6.02232 -18.7989 
vt 5.99978 -18.8231 
vt 6.03088 -19.0403 
vt 5.99822 -19.0615 
vt 6.04049 -19.0234 
vt 6.00267 -18.7988 
vt 5.99978 -18.8231 
vt 6.02281 -18.8559 
vt 5.99747 -18.8512 
vt 5.9713 -18.8847 
vt 5.99747 -18.8512 
vt 5.99508 -18.8844 
vt 5.97199 -18.9256 
vt 6.0084 -19.0317 
vt 6.0446 -18.9851 
vt 5.99508 -18.8844 
vt 5.99285 -18.9211 
vt 5.97644 -18.9654 
vt 5.96024 -19.093 
vt 5.95675 -19.0886 
vt 5.99285 -18.9211 
vt 6.01327 -18.9239 
vt 5.98059 -18.9956 
vt 5.99372 -18.9584 
vt 5.96611 -19.0968 
vt 5.96024 -19.093 
vt 5.96773 -19.1043 
vt 5.98009 -19.0318 
vt 5.99155 -19.0217 
vt 5.99425 -19.0059 
vt 5.99372 -18.9584 
vt 6.0114 -18.9576 
vt 5.99478 -18.9869 
vt 6.02416 -18.9614 
vt 6.01036 -18.9857 
vt 5.99478 -18.9869 
vt 5.96135 -19.0765 
vt 6.02184 -18.9896 
vt 6.00828 -19.0057 
vt 5.99425 -19.0059 
vt 5.97196 -19.0565 
vt 5.97454 -19.0878 
vt 5.96672 -19.0804 
vt 5.99155 -19.0217 
vt 6.00456 -19.0224 
vt 6.01794 -19.0102 
vt 5.97959 -19.0973 
vt 5.98548 -19.0728 
vt 5.9762 -19.0647 
vt 5.98209 -19.0522 
vt 5.98791 -19.0344 
vt 5.99967 -19.0387 
vt 5.98791 -19.0344 
vt 5.99197 -19.0823 
vt 5.99349 -19.0568 
vt 5.98209 -19.0522 
vt 5.9762 -19.0647 
vt 5.91886 -18.9786 
vt 5.92263 -18.9694 
vt 6.00597 -18.9942 
vt 6.001 -18.9722 
vt 6.041 -18.9649 
vt 6.07084 -19.0434 
vt 6.0793 -19.0392 
vt 6.06802 -19.0314 
vt 5.89919 -19.0457 
vt 5.89728 -19.0374 
vt 5.99396 -18.9961 
vt 6.04958 -19.0363 
vt 6.14931 -19.0404 
vt 6.15055 -19.0463 
vt 6.15375 -19.0383 
vt 6.14805 -19.0287 
vt 6.14377 -19.0337 
vt 6.14034 -19.0477 
vt 6.14335 -19.0524 
vt 6.13724 -19.0404 
vt 6.06363 -19.0056 
vt 6.05725 -19.0208 
vt 6.06363 -19.0056 
vt 6.05597 -18.9931 
vt 6.04622 -19.0082 
vt 6.07045 -19.0166 
vt 6.07674 -19.005 
vt 6.07045 -19.0166 
vt 6.02182 -18.9984 
vt 6.02013 -19.0094 
vt 6.0318 -19.0081 
vt 6.03156 -18.9993 
vt 6.01229 -18.998 
vt 6.00943 -19.0062 
vt 6.02013 -19.0094 
vt 6.0188 -19.0166 
vt 6.00943 -19.0062 
vt 6.00973 -19.0135 
vt 5.90874 -19.046 
vt 5.90514 -19.0351 
vt 5.91595 -19.0332 
vt 5.92077 -19.0412 
vt 5.95219 -19.0038 
vt 5.93913 -19.016 
vt 5.92311 -19.0118 
vt 5.87357 -19.028 
vt 5.91383 -18.9904 
vt 5.90787 -18.9803 
vt 5.91507 -19.0105 
vt 5.91383 -18.9904 
vt 5.86786 -19.0406 
vt 5.92093 -19.0184 
vt 6.01922 -19.024 
vt 5.99517 -18.9604 
vt 6.001 -18.9722 
vt 6.00654 -18.9591 
vt 5.91449 -18.9789 
vt 6.08369 -19.0126 
vt 6.07872 -19.0246 
vt 6.07872 -19.0246 
vt 6.12429 -19.039 
vt 6.12706 -19.0517 
vt 6.13724 -19.0404 
vt 6.14377 -19.0337 
vt 6.1311 -19.0282 
vt 6.12429 -19.039 
vt 6.10725 -19.0362 
vt 6.1076 -19.051 
vt 6.11553 -19.054 
vt 6.14805 -19.0287 
vt 6.11493 -19.0244 
vt 6.10725 -19.0362 
vt 6.10097 -19.0212 
vt 6.02304 -18.9875 
vt 5.94933 -19.0201 
vt 5.94863 -19.0278 
vt 5.9599 -19.0303 
vt 5.95908 -19.0199 
vt 5.90965 -19.0199 
vt 5.99562 -18.9733 
vt 5.97031 -19.0197 
vt 5.97295 -19.0272 
vt 5.97433 -19.0104 
vt 5.96052 -19.0075 
vt 6.09451 -19.013 
vt 5.96589 -18.9831 
vt 6.0487 -18.9823 
vt 5.92834 -19.0317 
vt 5.91972 -19.0236 
vt 5.90604 -19.0234 
vt 6.02218 -18.9515 
vt 5.92296 -19.0129 
vt 5.93286 -19.0207 
vt 5.96046 -19.0002 
vt 5.95489 -18.9791 
vt 5.95131 -18.9813 
vt 5.91723 -18.9916 
vt 5.93859 -18.9554 
vt 5.84952 -19.0398 
vt 5.84625 -19.0339 
vt 5.84952 -19.0398 
vt 5.85562 -19.0401 
vt 5.85145 -19.0323 
vt 5.85986 -19.0306 
vt 5.86455 -19.0364 
vt 5.86502 -19.0211 
vt 5.87357 -19.028 
vt 5.85317 -19.0204 
vt 5.87357 -19.0096 
vt 5.88332 -19.0174 
vt 5.88232 -19.0012 
vt 5.89044 -19.0108 
vt 5.86946 -18.9992 
vt 6.09265 -19.0184 
vt 6.09201 -19.0299 
vt 6.09409 -19.0461 
vt 6.09201 -19.0299 
vt 5.99403 -19.061 
vt 5.99398 -19.0924 
vt 5.92916 -18.9579 
vt 5.91338 -18.9637 
vt 5.9207 -18.9786 
vt 5.93198 -18.9727 
vt 6.0709 -19.1414 
vt 6.02695 -19.1894 
vt 6.02705 -19.1985 
vt 6.0401 -19.2003 
vt 6.03812 -19.1879 
vt 6.00604 -19.0647 
vt 6.00296 -19.0406 
vt 5.99117 -19.0373 
vt 6.02331 -19.0646 
vt 6.02262 -19.043 
vt 6.03407 -19.0252 
vt 5.99584 -19.0182 
vt 5.95042 -18.9591 
vt 5.94929 -18.9254 
vt 5.91923 -18.9386 
vt 5.90302 -18.949 
vt 5.85069 -19.0178 
vt 5.84945 -19.0104 
vt 5.84625 -19.0072 
vt 5.85195 -19.0151 
vt 5.85966 -19.02 
vt 5.85665 -19.0129 
vt 5.86276 -19.0242 
vt 5.93637 -18.9705 
vt 5.94275 -18.9728 
vt 5.93637 -18.9705 
vt 5.95378 -18.9834 
vt 5.97987 -19.1858 
vt 5.9812 -19.1738 
vt 5.97093 -19.1727 
vt 5.9682 -19.1814 
vt 5.99057 -19.1808 
vt 5.99027 -19.1738 
vt 6.10081 -19.1515 
vt 6.09529 -19.1447 
vt 6.08574 -19.1504 
vt 6.09126 -19.1617 
vt 6.07923 -19.1628 
vt 6.0765 -19.1541 
vt 6.0938 -19.1294 
vt 6.08069 -19.1332 
vt 6.04163 -19.0392 
vt 6.04781 -19.0565 
vt 6.06087 -19.0492 
vt 6.05493 -19.0313 
vt 6.0684 -19.0792 
vt 6.08523 -19.0725 
vt 6.07689 -19.0395 
vt 6.07568 -19.1111 
vt 6.09193 -19.1072 
vt 6.05596 -19.0887 
vt 6.09715 -19.0485 
vt 6.12397 -19.0894 
vt 6.11168 -19.0722 
vt 6.12643 -19.0987 
vt 6.08493 -19.0312 
vt 6.08617 -19.0255 
vt 6.13545 -19.105 
vt 6.13214 -19.0985 
vt 6.07907 -19.0244 
vt 6.07059 -19.0154 
vt 6.07057 -19.0272 
vt 5.98078 -18.9811 
vt 5.97515 -19.0076 
vt 6.03403 -19.0423 
vt 5.96425 -18.8436 
vt 5.95069 -18.8657 
vt 5.96099 -18.8638 
vt 6.00911 -18.8649 
vt 6.02572 -18.8402 
vt 5.98873 -18.8361 
vt 5.98248 -18.8637 
vt 6.02757 -18.8626 
vt 6.04616 -18.859 
vt 6.05896 -18.8268 
vt 6.06903 -18.8531 
vt 6.0937 -19.082 
vt 5.87294 -19.0154 
vt 5.89275 -19.0099 
vt 5.8924 -19.0017 
vt 5.88447 -19.0105 
vt 5.86604 -19.0039 
vt 5.85574 -18.9982 
vt 5.8804 -18.9892 
vt 5.9673 -19.1551 
vt 5.86774 -18.9821 
vt 5.98048 -19.1529 
vt 5.99461 -19.1659 
vt 5.99119 -19.1627 
vt 5.96272 -19.129 
vt 6.05137 -19.193 
vt 6.04872 -19.1846 
vt 5.97907 -19.1239 
vt 5.99336 -19.1236 
vt 6.09035 -19.0242 
vt 5.97772 -19.0902 
vt 5.97611 -19.0572 
vt 5.96052 -19.0909 
vt 5.95575 -19.1022 
vt 5.97392 -19.0311 
vt 5.96084 -19.055 
vt 6.05249 -19.1422 
vt 6.04816 -19.1419 
vt 5.95912 -19.0271 
vt 6.0489 -19.1675 
vt 6.03488 -19.167 
vt 6.02182 -19.1733 
vt 5.90549 -18.9343 
vt 6.01064 -19.104 
vt 5.95694 -19.0028 
vt 6.01616 -19.1475 
vt 6.04419 -19.099 
vt 6.03128 -19.1392 
vt 5.90714 -18.9301 
vt 5.92738 -18.9096 
vt 5.9513 -18.9962 
vt 6.0269 -19.1 
vt 5.94812 -18.8816 
vt 5.97782 -19.0259 
vt 5.96984 -18.8902 
vt 6.03954 -19.0611 
vt 5.9712 -18.8059 
vt 5.98845 -18.8002 
vt 5.98844 -18.935 
vt 5.99915 -18.8948 
vt 6.01954 -18.7987 
vt 6.02497 -18.9367 
vt 6.02704 -18.8936 
vt 6.04869 -19.0535 
vt 6.05174 -18.7968 
vt 6.05843 -18.9329 
vt 6.05433 -18.8896 
vt 6.07389 -18.8231 
vt 6.06901 -18.7988 
vt 6.07726 -18.8847 
vt 6.02531 -18.9816 
vt 6.06272 -18.9762 
vt 6.08442 -18.9256 
vt 6.09552 -18.9211 
vt 6.09076 -18.9654 
vt 6.14438 -19.1015 
vt 6.15048 -19.093 
vt 6.14487 -19.0886 
vt 6.13847 -19.094 
vt 6.09834 -18.9956 
vt 6.15375 -19.0968 
vt 6.15048 -19.093 
vt 6.14438 -19.1015 
vt 6.10937 -19.0131 
vt 6.12272 -19.0318 
vt 6.12549 -19.0217 
vt 6.11732 -19.0059 
vt 6.10972 -18.9869 
vt 6.14014 -19.1082 
vt 6.14146 -19.0765 
vt 6.13073 -19.081 
vt 6.10679 -19.041 
vt 6.13483 -19.0565 
vt 6.1202 -19.0623 
vt 6.12643 -19.0987 
vt 6.15032 -19.0804 
vt 6.14526 -19.0647 
vt 5.8802 -18.9688 
vt 5.88946 -18.96 
vt 5.89455 -18.9732 
vt 5.90591 -18.9894 

usemtl Handle1Mtl

f 3/3/3 4/4/4 5/5/5 
f 5/5/5 6/6/6 3/3/3 
f 9/9/9 10/10/10 11/11/11 
f 11/11/11 12/12/12 9/9/9 
f 17/17/17 18/18/18 19/19/19 
f 19/19/19 20/20/20 17/17/17 
f 17/17/17 20/20/20 21/21/21 
f 5/5/5 24/24/24 25/25/25 
f 25/25/25 6/6/6 5/5/5 
f 41/41/41 42/42/42 12/12/12 
f 12/12/12 43/43/43 41/41/41 
f 40/40/40 12/12/12 11/11/11 
f 39/39/39 43/43/43 12/12/12 
f 12/12/12 40/40/40 39/39/39 
f 44/44/44 45/45/45 46/46/46 
f 47/47/47 48/48/48 49/49/49 
f 49/49/49 50/50/50 47/47/47 
f 51/51/51 49/49/49 48/48/48 
f 44/44/44 46/46/46 53/53/53 
f 53/53/53 54/54/54 44/44/44 
f 50/50/50 55/55/55 56/56/56 
f 56/56/56 47/47/47 50/50/50 
f 59/59/59 57/57/57 58/58/58 
f 65/65/65 66/66/66 67/67/67 
f 68/68/68 65/65/65 67/67/67 
f 43/43/43 70/70/70 41/41/41 
f 31/31/31 73/73/73 74/74/74 
f 74/74/74 32/32/32 31/31/31 
f 12/12/12 42/42/42 9/9/9 
f 78/78/78 19/19/19 18/18/18 
f 18/18/18 72/72/72 78/78/78 
f 73/73/73 79/79/79 80/80/80 
f 80/80/80 74/74/74 73/73/73 
f 29/29/29 81/81/81 82/82/82 
f 82/82/82 30/30/30 29/29/29 
f 76/76/76 75/75/75 19/19/19 
f 19/19/19 78/78/78 76/76/76 
f 10/10/10 35/35/35 36/36/36 
f 36/36/36 11/11/11 10/10/10 
f 85/85/85 78/78/78 72/72/72 
f 72/72/72 77/77/77 85/85/85 
f 81/81/81 86/86/86 87/87/87 
f 87/87/87 82/82/82 81/81/81 
f 84/84/84 76/76/76 78/78/78 
f 78/78/78 85/85/85 84/84/84 
f 86/86/86 92/92/92 93/93/93 
f 93/93/93 87/87/87 86/86/86 
f 79/79/79 90/90/90 94/94/94 
f 94/94/94 95/95/95 79/79/79 
f 84/84/84 85/85/85 98/98/98 
f 92/92/92 100/100/100 101/101/101 
f 101/101/101 93/93/93 92/92/92 
f 97/97/97 102/102/102 103/103/103 
f 103/103/103 96/96/96 97/97/97 
f 99/99/99 105/105/105 106/106/106 
f 106/106/106 90/90/90 99/99/99 
f 107/107/107 108/108/108 101/101/101 
f 101/101/101 100/100/100 107/107/107 
f 109/109/109 103/103/103 102/102/102 
f 102/102/102 110/110/110 109/109/109 
f 113/113/113 114/114/114 112/112/112 
f 115/115/115 116/116/116 117/117/117 
f 119/119/119 120/120/120 121/121/121 
f 104/104/104 122/122/122 105/105/105 
f 105/105/105 99/99/99 104/104/104 
f 123/123/123 124/124/124 108/108/108 
f 108/108/108 107/107/107 123/123/123 
f 125/125/125 109/109/109 110/110/110 
f 110/110/110 126/126/126 125/125/125 
f 117/117/117 120/120/120 119/119/119 
f 119/119/119 115/115/115 117/117/117 
f 114/114/114 113/113/113 128/128/128 
f 118/118/118 130/130/130 122/122/122 
f 122/122/122 104/104/104 118/118/118 
f 131/131/131 132/132/132 124/124/124 
f 124/124/124 123/123/123 131/131/131 
f 111/111/111 119/119/119 121/121/121 
f 121/121/121 133/133/133 111/111/111 
f 134/134/134 135/135/135 125/125/125 
f 125/125/125 126/126/126 134/134/134 
f 137/137/137 33/33/33 34/34/34 
f 114/114/114 138/138/138 139/139/139 
f 139/139/139 112/112/112 114/114/114 
f 13/13/13 111/111/111 133/133/133 
f 133/133/133 14/14/14 13/13/13 
f 140/140/140 6/6/6 25/25/25 
f 129/129/129 141/141/141 138/138/138 
f 138/138/138 114/114/114 129/129/129 
f 132/132/132 131/131/131 4/4/4 
f 4/4/4 3/3/3 132/132/132 
f 116/116/116 115/115/115 15/15/15 
f 15/15/15 91/91/91 116/116/116 
f 143/143/143 144/144/144 135/135/135 
f 135/135/135 134/134/134 143/143/143 
f 145/145/145 137/137/137 136/136/136 
f 112/112/112 139/139/139 147/147/147 
f 144/144/144 143/143/143 59/59/59 
f 59/59/59 58/58/58 144/144/144 
f 149/149/149 150/150/150 145/145/145 
f 145/145/145 146/146/146 149/149/149 
f 151/151/151 152/152/152 66/66/66 
f 66/66/66 65/65/65 151/151/151 
f 66/66/66 147/147/147 139/139/139 
f 139/139/139 67/67/67 66/66/66 
f 151/151/151 65/65/65 153/153/153 
f 153/153/153 154/154/154 151/151/151 
f 150/150/150 149/149/149 156/156/156 
f 156/156/156 157/157/157 150/150/150 
f 147/147/147 66/66/66 152/152/152 
f 79/79/79 95/95/95 80/80/80 
f 157/157/157 156/156/156 159/159/159 
f 159/159/159 160/160/160 157/157/157 
f 70/70/70 43/43/43 38/38/38 
f 38/38/38 158/158/158 70/70/70 
f 160/160/160 159/159/159 62/62/62 
f 62/62/62 63/63/63 160/160/160 
f 90/90/90 106/106/106 94/94/94 
f 46/46/46 45/45/45 51/51/51 
f 51/51/51 48/48/48 46/46/46 
f 118/118/118 28/28/28 27/27/27 
f 27/27/27 130/130/130 118/118/118 
f 128/128/128 164/164/164 16/16/16 
f 113/113/113 165/165/165 164/164/164 
f 164/164/164 128/128/128 113/113/113 
f 88/88/88 98/98/98 166/166/166 
f 166/166/166 167/167/167 88/88/88 
f 166/166/166 164/164/164 165/165/165 
f 165/165/165 167/167/167 166/166/166 
f 138/138/138 69/69/69 67/67/67 
f 67/67/67 139/139/139 138/138/138 
f 141/141/141 69/69/69 138/138/138 
f 173/173/173 175/175/175 174/174/174 
f 181/181/181 180/180/180 179/179/179 
f 186/186/186 184/184/184 182/182/182 
f 189/189/189 190/190/190 188/188/188 
f 176/176/176 172/172/172 174/174/174 
f 178/178/178 199/199/199 186/186/186 
f 186/186/186 183/183/183 178/178/178 
f 199/199/199 201/201/201 202/202/202 
f 202/202/202 186/186/186 199/199/199 
f 200/200/200 202/202/202 201/201/201 
f 201/201/201 168/168/168 200/200/200 
f 174/174/174 175/175/175 191/191/191 
f 203/203/203 204/204/204 198/198/198 
f 198/198/198 197/197/197 203/203/203 
f 195/195/195 194/194/194 205/205/205 
f 205/205/205 206/206/206 195/195/195 
f 207/207/207 203/203/203 197/197/197 
f 197/197/197 196/196/196 207/207/207 
f 196/196/196 195/195/195 206/206/206 
f 206/206/206 207/207/207 196/196/196 
f 222/222/222 219/219/219 218/218/218 
f 231/231/231 232/232/232 233/233/233 
f 233/233/233 234/234/234 231/231/231 
f 236/236/236 237/237/237 238/238/238 
f 239/239/239 240/240/240 241/241/241 
f 242/242/242 243/243/243 244/244/244 
f 245/245/245 246/246/246 247/247/247 
f 241/241/241 240/240/240 248/248/248 
f 249/249/249 250/250/250 251/251/251 
f 251/251/251 252/252/252 249/249/249 
f 253/253/253 254/254/254 255/255/255 
f 260/260/260 257/257/257 259/259/259 
f 263/263/263 264/264/264 234/234/234 
f 265/265/265 266/266/266 267/267/267 
f 268/268/268 269/269/269 270/270/270 
f 270/270/270 271/271/271 268/268/268 
f 272/272/272 222/222/222 221/221/221 
f 273/273/273 276/276/276 277/277/277 
f 277/277/277 274/274/274 273/273/273 
f 276/276/276 280/280/280 281/281/281 
f 281/281/281 277/277/277 276/276/276 
f 282/282/282 278/278/278 274/274/274 
f 274/274/274 277/277/277 282/282/282 
f 222/222/222 272/272/272 284/284/284 
f 284/284/284 285/285/285 222/222/222 
f 277/277/277 281/281/281 286/286/286 
f 286/286/286 282/282/282 277/277/277 
f 287/287/287 288/288/288 278/278/278 
f 278/278/278 282/282/282 287/287/287 
f 225/225/225 283/283/283 290/290/290 
f 282/282/282 286/286/286 295/295/295 
f 295/295/295 287/287/287 282/282/282 
f 290/290/290 289/289/289 226/226/226 
f 226/226/226 223/223/223 290/290/290 
f 283/283/283 291/291/291 297/297/297 
f 297/297/297 290/290/290 283/283/283 
f 297/297/297 296/296/296 289/289/289 
f 289/289/289 290/290/290 297/297/297 
f 301/301/301 297/297/297 291/291/291 
f 291/291/291 298/298/298 301/301/301 
f 305/305/305 306/306/306 292/292/292 
f 301/301/301 300/300/300 296/296/296 
f 296/296/296 297/297/297 301/301/301 
f 298/298/298 303/303/303 309/309/309 
f 309/309/309 301/301/301 298/298/298 
f 311/311/311 312/312/312 306/306/306 
f 306/306/306 305/305/305 311/311/311 
f 313/313/313 285/285/285 314/314/314 
f 307/307/307 317/317/317 309/309/309 
f 309/309/309 303/303/303 307/307/307 
f 309/309/309 308/308/308 300/300/300 
f 300/300/300 301/301/301 309/309/309 
f 304/304/304 310/310/310 311/311/311 
f 311/311/311 305/305/305 304/304/304 
f 311/311/311 319/319/319 320/320/320 
f 320/320/320 312/312/312 311/311/311 
f 315/315/315 322/322/322 317/317/317 
f 317/317/317 307/307/307 315/315/315 
f 317/317/317 316/316/316 308/308/308 
f 308/308/308 309/309/309 317/317/317 
f 310/310/310 318/318/318 319/319/319 
f 319/319/319 311/311/311 310/310/310 
f 319/319/319 324/324/324 325/325/325 
f 325/325/325 320/320/320 319/319/319 
f 219/219/219 313/313/313 327/327/327 
f 315/315/315 321/321/321 329/329/329 
f 329/329/329 322/322/322 315/315/315 
f 322/322/322 259/259/259 316/316/316 
f 316/316/316 317/317/317 322/322/322 
f 324/324/324 319/319/319 318/318/318 
f 318/318/318 323/323/323 324/324/324 
f 331/331/331 325/325/325 324/324/324 
f 324/324/324 332/332/332 331/331/331 
f 229/229/229 326/326/326 328/328/328 
f 334/334/334 327/327/327 313/313/313 
f 321/321/321 211/211/211 337/337/337 
f 337/337/337 329/329/329 321/321/321 
f 260/260/260 259/259/259 322/322/322 
f 322/322/322 329/329/329 260/260/260 
f 258/258/258 257/257/257 253/253/253 
f 253/253/253 256/256/256 258/258/258 
f 330/330/330 332/332/332 324/324/324 
f 324/324/324 323/323/323 330/330/330 
f 262/262/262 331/331/331 332/332/332 
f 332/332/332 338/338/338 262/262/262 
f 333/333/333 336/336/336 328/328/328 
f 328/328/328 326/326/326 333/333/333 
f 342/342/342 343/343/343 327/327/327 
f 327/327/327 334/334/334 342/342/342 
f 211/211/211 343/343/343 245/245/245 
f 245/245/245 337/337/337 211/211/211 
f 346/346/346 260/260/260 329/329/329 
f 329/329/329 337/337/337 346/346/346 
f 257/257/257 260/260/260 254/254/254 
f 254/254/254 253/253/253 257/257/257 
f 332/332/332 330/330/330 255/255/255 
f 255/255/255 338/338/338 332/332/332 
f 339/339/339 345/345/345 336/336/336 
f 336/336/336 333/333/333 339/339/339 
f 341/341/341 342/342/342 334/334/334 
f 246/246/246 343/343/343 342/342/342 
f 271/271/271 270/270/270 348/348/348 
f 348/348/348 349/349/349 271/271/271 
f 247/247/247 346/346/346 337/337/337 
f 337/337/337 245/245/245 247/247/247 
f 260/260/260 346/346/346 352/352/352 
f 352/352/352 254/254/254 260/260/260 
f 338/338/338 255/255/255 254/254/254 
f 254/254/254 251/251/251 338/338/338 
f 345/345/345 339/339/339 347/347/347 
f 347/347/347 350/350/350 345/345/345 
f 269/269/269 246/246/246 342/342/342 
f 342/342/342 341/341/341 269/269/269 
f 247/247/247 246/246/246 240/240/240 
f 240/240/240 239/239/239 247/247/247 
f 349/349/349 354/354/354 355/355/355 
f 355/355/355 271/271/271 349/349/349 
f 351/351/351 350/350/350 356/356/356 
f 356/356/356 357/357/357 351/351/351 
f 346/346/346 247/247/247 239/239/239 
f 239/239/239 352/352/352 346/346/346 
f 251/251/251 254/254/254 352/352/352 
f 352/352/352 252/252/252 251/251/251 
f 261/261/261 266/266/266 265/265/265 
f 350/350/350 347/347/347 353/353/353 
f 353/353/353 356/356/356 350/350/350 
f 268/268/268 240/240/240 246/246/246 
f 246/246/246 269/269/269 268/268/268 
f 358/358/358 355/355/355 354/354/354 
f 354/354/354 359/359/359 358/358/358 
f 360/360/360 268/268/268 271/271/271 
f 271/271/271 355/355/355 360/360/360 
f 357/357/357 356/356/356 361/361/361 
f 361/361/361 209/209/209 357/357/357 
f 241/241/241 252/252/252 352/352/352 
f 352/352/352 239/239/239 241/241/241 
f 266/266/266 261/261/261 250/250/250 
f 250/250/250 362/362/362 266/266/266 
f 356/356/356 353/353/353 267/267/267 
f 267/267/267 361/361/361 356/356/356 
f 243/243/243 240/240/240 268/268/268 
f 268/268/268 360/360/360 243/243/243 
f 363/363/363 360/360/360 355/355/355 
f 355/355/355 358/358/358 363/363/363 
f 242/242/242 248/248/248 240/240/240 
f 240/240/240 243/243/243 242/242/242 
f 248/248/248 249/249/249 252/252/252 
f 252/252/252 241/241/241 248/248/248 
f 362/362/362 250/250/250 249/249/249 
f 249/249/249 364/364/364 362/362/362 
f 361/361/361 267/267/267 362/362/362 
f 362/362/362 365/365/365 361/361/361 
f 237/237/237 243/243/243 360/360/360 
f 360/360/360 363/363/363 237/237/237 
f 364/364/364 249/249/249 248/248/248 
f 248/248/248 242/242/242 364/364/364 
f 365/365/365 362/362/362 364/364/364 
f 364/364/364 366/366/366 365/365/365 
f 213/213/213 327/327/327 343/343/343 
f 343/343/343 211/211/211 213/213/213 
f 366/366/366 364/364/364 242/242/242 
f 242/242/242 244/244/244 366/366/366 
f 208/208/208 263/263/263 233/233/233 
f 368/368/368 366/366/366 244/244/244 
f 244/244/244 369/369/369 368/368/368 
f 236/236/236 369/369/369 243/243/243 
f 243/243/243 237/237/237 236/236/236 
f 263/263/263 208/208/208 210/210/210 
f 210/210/210 264/264/264 263/263/263 
f 370/370/370 368/368/368 369/369/369 
f 369/369/369 236/236/236 370/370/370 
f 371/371/371 370/370/370 236/236/236 
f 236/236/236 238/238/238 371/371/371 
f 264/264/264 210/210/210 368/368/368 
f 368/368/368 370/370/370 264/264/264 
f 374/374/374 264/264/264 370/370/370 
f 370/370/370 371/371/371 374/374/374 
f 372/372/372 375/375/375 377/377/377 
f 264/264/264 374/374/374 377/377/377 
f 377/377/377 234/234/234 264/264/264 
f 375/375/375 376/376/376 383/383/383 
f 383/383/383 377/377/377 375/375/375 
f 250/250/250 262/262/262 338/338/338 
f 338/338/338 251/251/251 250/250/250 
f 362/362/362 267/267/267 266/266/266 
f 377/377/377 383/383/383 231/231/231 
f 231/231/231 234/234/234 377/377/377 
f 376/376/376 382/382/382 387/387/387 
f 387/387/387 383/383/383 376/376/376 
f 232/232/232 231/231/231 388/388/388 
f 388/388/388 389/389/389 232/232/232 
f 385/385/385 380/380/380 378/378/378 
f 378/378/378 384/384/384 385/385/385 
f 386/386/386 381/381/381 385/385/385 
f 385/385/385 392/392/392 386/386/386 
f 382/382/382 386/386/386 392/392/392 
f 392/392/392 387/387/387 382/382/382 
f 383/383/383 387/387/387 388/388/388 
f 388/388/388 231/231/231 383/383/383 
f 388/388/388 390/390/390 391/391/391 
f 391/391/391 389/389/389 388/388/388 
f 392/392/392 385/385/385 384/384/384 
f 384/384/384 390/390/390 392/392/392 
f 387/387/387 392/392/392 390/390/390 
f 390/390/390 388/388/388 387/387/387 
f 366/366/366 368/368/368 210/210/210 
f 210/210/210 365/365/365 366/366/366 
f 243/243/243 369/369/369 244/244/244 
f 285/285/285 313/313/313 219/219/219 
f 219/219/219 222/222/222 285/285/285 
f 365/365/365 210/210/210 209/209/209 
f 209/209/209 361/361/361 365/365/365 
f 245/245/245 343/343/343 246/246/246 
f 270/270/270 269/269/269 341/341/341 
f 341/341/341 340/340/340 270/270/270 
f 270/270/270 340/340/340 344/344/344 
f 344/344/344 348/348/348 270/270/270 
f 285/285/285 284/284/284 395/395/395 
f 395/395/395 314/314/314 285/285/285 
f 287/287/287 295/295/295 396/396/396 
f 396/396/396 397/397/397 287/287/287 
f 288/288/288 287/287/287 397/397/397 
f 397/397/397 393/393/393 288/288/288 
f 272/272/272 393/393/393 397/397/397 
f 397/397/397 284/284/284 272/272/272 
f 284/284/284 397/397/397 396/396/396 
f 396/396/396 395/395/395 284/284/284 
f 398/398/398 399/399/399 400/400/400 
f 401/401/401 402/402/402 403/403/403 
f 403/403/403 404/404/404 401/401/401 
f 405/405/405 406/406/406 407/407/407 
f 407/407/407 408/408/408 405/405/405 
f 429/429/429 430/430/430 431/431/431 
f 433/433/433 434/434/434 435/435/435 
f 428/428/428 433/433/433 435/435/435 
f 398/398/398 436/436/436 399/399/399 
f 422/422/422 440/440/440 441/441/441 
f 441/441/441 420/420/420 422/422/422 
f 442/442/442 420/420/420 441/441/441 
f 440/440/440 422/422/422 443/443/443 
f 443/443/443 422/422/422 419/419/419 
f 419/419/419 444/444/444 443/443/443 
f 444/444/444 419/419/419 417/417/417 
f 417/417/417 416/416/416 444/444/444 
f 445/445/445 446/446/446 406/406/406 
f 406/406/406 405/405/405 445/445/445 
f 447/447/447 448/448/448 449/449/449 
f 414/414/414 413/413/413 451/451/451 
f 451/451/451 452/452/452 414/414/414 
f 411/411/411 410/410/410 455/455/455 
f 455/455/455 456/456/456 411/411/411 
f 451/451/451 457/457/457 458/458/458 
f 451/451/451 458/458/458 450/450/450 
f 462/462/462 463/463/463 456/456/456 
f 456/456/456 455/455/455 462/462/462 
f 464/464/464 465/465/465 463/463/463 
f 463/463/463 462/462/462 464/464/464 
f 466/466/466 402/402/402 458/458/458 
f 458/458/458 467/467/467 466/466/466 
f 468/468/468 469/469/469 460/460/460 
f 460/460/460 459/459/459 468/468/468 
f 470/470/470 471/471/471 472/472/472 
f 473/473/473 474/474/474 465/465/465 
f 465/465/465 464/464/464 473/473/473 
f 454/454/454 453/453/453 475/475/475 
f 475/475/475 476/476/476 454/454/454 
f 472/472/472 471/471/471 476/476/476 
f 476/476/476 475/475/475 472/472/472 
f 477/477/477 478/478/478 469/469/469 
f 469/469/469 468/468/468 477/477/477 
f 473/473/473 479/479/479 480/480/480 
f 480/480/480 474/474/474 473/473/473 
f 482/482/482 483/483/483 478/478/478 
f 478/478/478 477/477/477 482/482/482 
f 484/484/484 485/485/485 471/471/471 
f 471/471/471 470/470/470 484/484/484 
f 430/430/430 480/480/480 479/479/479 
f 479/479/479 431/431/431 430/430/430 
f 486/486/486 487/487/487 483/483/483 
f 483/483/483 482/482/482 486/486/486 
f 488/488/488 405/405/405 408/408/408 
f 408/408/408 415/415/415 488/488/488 
f 486/486/486 489/489/489 490/490/490 
f 490/490/490 487/487/487 486/486/486 
f 491/491/491 485/485/485 484/484/484 
f 405/405/405 488/488/488 492/492/492 
f 492/492/492 445/445/445 405/405/405 
f 434/434/434 490/490/490 489/489/489 
f 489/489/489 435/435/435 434/434/434 
f 445/445/445 492/492/492 494/494/494 
f 494/494/494 495/495/495 445/445/445 
f 493/493/493 485/485/485 491/491/491 
f 491/491/491 496/496/496 493/493/493 
f 467/467/467 458/458/458 457/457/457 
f 446/446/446 445/445/445 495/495/495 
f 495/495/495 498/498/498 446/446/446 
f 494/494/494 499/499/499 500/500/500 
f 500/500/500 495/495/495 494/494/494 
f 495/495/495 500/500/500 504/504/504 
f 504/504/504 498/498/498 495/495/495 
f 437/437/437 434/434/434 433/433/433 
f 502/502/502 438/438/438 507/507/507 
f 500/500/500 503/503/503 509/509/509 
f 509/509/509 504/504/504 500/500/500 
f 403/403/403 402/402/402 466/466/466 
f 505/505/505 506/506/506 511/511/511 
f 511/511/511 512/512/512 505/505/505 
f 438/438/438 439/439/439 514/514/514 
f 514/514/514 507/507/507 438/438/438 
f 436/436/436 509/509/509 503/503/503 
f 503/503/503 399/399/399 436/436/436 
f 512/512/512 516/516/516 513/513/513 
f 513/513/513 505/505/505 512/512/512 
f 439/439/439 515/515/515 517/517/517 
f 517/517/517 514/514/514 439/439/439 
f 421/421/421 420/420/420 442/442/442 
f 442/442/442 519/519/519 421/421/421 
f 513/513/513 516/516/516 521/521/521 
f 521/521/521 426/426/426 513/513/513 
f 522/522/522 517/517/517 515/515/515 
f 515/515/515 518/518/518 522/522/522 
f 519/519/519 425/425/425 424/424/424 
f 526/526/526 527/527/527 426/426/426 
f 426/426/426 521/521/521 526/526/526 
f 529/529/529 522/522/522 518/518/518 
f 518/518/518 523/523/523 529/529/529 
f 423/423/423 436/436/436 398/398/398 
f 536/536/536 537/537/537 527/527/527 
f 527/527/527 526/526/526 536/536/536 
f 538/538/538 529/529/529 523/523/523 
f 523/523/523 528/528/528 538/538/538 
f 427/427/427 527/527/527 537/537/537 
f 537/537/537 539/539/539 427/427/427 
f 540/540/540 537/537/537 536/536/536 
f 536/536/536 541/541/541 540/540/540 
f 539/539/539 537/537/537 540/540/540 
f 540/540/540 543/543/543 539/539/539 
f 544/544/544 540/540/540 541/541/541 
f 541/541/541 545/545/545 544/544/544 
f 531/531/531 530/530/530 547/547/547 
f 547/547/547 548/548/548 531/531/531 
f 545/545/545 549/549/549 550/550/550 
f 550/550/550 544/544/544 545/545/545 
f 551/551/551 543/543/543 540/540/540 
f 552/552/552 547/547/547 530/530/530 
f 530/530/530 532/532/532 552/552/552 
f 548/548/548 547/547/547 553/553/553 
f 553/553/553 554/554/554 548/548/548 
f 555/555/555 556/556/556 533/533/533 
f 533/533/533 546/546/546 555/555/555 
f 557/557/557 550/550/550 549/549/549 
f 549/549/549 558/558/558 557/557/557 
f 559/559/559 553/553/553 547/547/547 
f 547/547/547 552/552/552 559/559/559 
f 554/554/554 553/553/553 560/560/560 
f 560/560/560 561/561/561 554/554/554 
f 560/560/560 557/557/557 558/558/558 
f 558/558/558 561/561/561 560/560/560 
f 527/527/527 427/427/427 426/426/426 
f 534/534/534 533/533/533 556/556/556 
f 562/562/562 546/546/546 542/542/542 
f 555/555/555 546/546/546 562/562/562 
f 578/578/578 579/579/579 575/575/575 
f 576/576/576 575/575/575 580/580/580 
f 580/580/580 581/581/581 576/576/576 
f 575/575/575 579/579/579 582/582/582 
f 582/582/582 580/580/580 575/575/575 
f 570/570/570 584/584/584 574/574/574 
f 585/585/585 586/586/586 587/587/587 
f 587/587/587 584/584/584 585/585/585 
f 583/583/583 588/588/588 589/589/589 
f 590/590/590 585/585/585 584/584/584 
f 584/584/584 570/570/570 590/590/590 
f 591/591/591 592/592/592 593/593/593 
f 593/593/593 594/594/594 591/591/591 
f 595/595/595 596/596/596 592/592/592 
f 592/592/592 591/591/591 595/595/595 
f 599/599/599 600/600/600 598/598/598 
f 601/601/601 602/602/602 572/572/572 
f 572/572/572 571/571/571 601/601/601 
f 603/603/603 602/602/602 601/601/601 
f 601/601/601 604/604/604 603/603/603 
f 588/588/588 621/621/621 620/620/620 
f 570/570/570 569/569/569 622/622/622 
f 622/622/622 590/590/590 570/570/570 
f 582/582/582 623/623/623 624/624/624 
f 624/624/624 580/580/580 582/582/582 
f 625/625/625 626/626/626 627/627/627 
f 627/627/627 628/628/628 625/625/625 
f 629/629/629 631/631/631 624/624/624 
f 623/623/623 629/629/629 624/624/624 
f 628/628/628 627/627/627 633/633/633 
f 633/633/633 634/634/634 628/628/628 
f 636/636/636 591/591/591 594/594/594 
f 637/637/637 638/638/638 639/639/639 
f 639/639/639 640/640/640 637/637/637 
f 614/614/614 611/611/611 641/641/641 
f 642/642/642 573/573/573 565/565/565 
f 565/565/565 566/566/566 642/642/642 
f 643/643/643 640/640/640 639/639/639 
f 639/639/639 644/644/644 643/643/643 
f 637/637/637 640/640/640 646/646/646 
f 643/643/643 645/645/645 646/646/646 
f 646/646/646 640/640/640 643/643/643 
f 604/604/604 650/650/650 651/651/651 
f 652/652/652 602/602/602 603/603/603 
f 650/650/650 655/655/655 654/654/654 
f 658/658/658 605/605/605 656/656/656 
f 656/656/656 657/657/657 658/658/658 
f 611/611/611 607/607/607 659/659/659 
f 664/664/664 665/665/665 662/662/662 
f 666/666/666 665/665/665 664/664/664 
f 664/664/664 667/667/667 666/666/666 
f 668/668/668 666/666/666 667/667/667 
f 667/667/667 669/669/669 668/668/668 
f 587/587/587 615/615/615 574/574/574 
f 574/574/574 584/584/584 587/587/587 
f 671/671/671 668/668/668 669/669/669 
f 669/669/669 672/672/672 671/671/671 
f 670/670/670 665/665/665 666/666/666 
f 666/666/666 668/668/668 670/670/670 
f 610/610/610 609/609/609 619/619/619 
f 673/673/673 671/671/671 672/672/672 
f 672/672/672 674/674/674 673/673/673 
f 635/635/635 676/676/676 677/677/677 
f 634/634/634 633/633/633 635/635/635 
f 635/635/635 677/677/677 634/634/634 
f 678/678/678 630/630/630 629/629/629 
f 629/629/629 679/679/679 678/678/678 
f 569/569/569 678/678/678 679/679/679 
f 679/679/679 622/622/622 569/569/569 
f 676/676/676 620/620/620 621/621/621 
f 621/621/621 677/677/677 676/676/676 
f 682/682/682 683/683/683 684/684/684 
f 684/684/684 685/685/685 682/682/682 
f 687/687/687 688/688/688 689/689/689 
f 689/689/689 690/690/690 687/687/687 
f 680/680/680 691/691/691 692/692/692 
f 692/692/692 693/693/693 680/680/680 
f 691/691/691 694/694/694 695/695/695 
f 695/695/695 692/692/692 691/691/691 
f 695/695/695 696/696/696 697/697/697 
f 697/697/697 692/692/692 695/695/695 
f 682/682/682 698/698/698 699/699/699 
f 699/699/699 700/700/700 682/682/682 
f 700/700/700 701/701/701 683/683/683 
f 683/683/683 682/682/682 700/700/700 
f 698/698/698 682/682/682 685/685/685 
f 713/713/713 714/714/714 715/715/715 
f 715/715/715 716/716/716 713/713/713 
f 714/714/714 713/713/713 717/717/717 
f 719/719/719 720/720/720 721/721/721 
f 721/721/721 722/722/722 719/719/719 
f 723/723/723 722/722/722 721/721/721 
f 721/721/721 724/724/724 723/723/723 
f 720/720/720 725/725/725 726/726/726 
f 726/726/726 721/721/721 720/720/720 
f 727/727/727 728/728/728 729/729/729 
f 729/729/729 730/730/730 727/727/727 
f 729/729/729 731/731/731 732/732/732 
f 732/732/732 733/733/733 729/729/729 
f 734/734/734 726/726/726 725/725/725 
f 725/725/725 735/735/735 734/734/734 
f 726/726/726 686/686/686 724/724/724 
f 724/724/724 721/721/721 726/726/726 
f 731/731/731 729/729/729 728/728/728 
f 728/728/728 736/736/736 731/731/731 
f 731/731/731 734/734/734 735/735/735 
f 735/735/735 732/732/732 731/731/731 
f 686/686/686 726/726/726 734/734/734 
f 745/745/745 746/746/746 747/747/747 
f 746/746/746 696/696/696 730/730/730 
f 730/730/730 747/747/747 746/746/746 
f 729/729/729 733/733/733 747/747/747 
f 747/747/747 730/730/730 729/729/729 
f 697/697/697 748/748/748 749/749/749 
f 692/692/692 697/697/697 693/693/693 
f 750/750/750 696/696/696 695/695/695 
f 754/754/754 755/755/755 756/756/756 
f 756/756/756 757/757/757 754/754/754 
f 758/758/758 755/755/755 754/754/754 
f 758/758/758 759/759/759 755/755/755 
f 760/760/760 755/755/755 759/759/759 
f 759/759/759 761/761/761 760/760/760 
f 763/763/763 767/767/767 707/707/707 
f 707/707/707 706/706/706 763/763/763 
f 768/768/768 703/703/703 707/707/707 
f 707/707/707 767/767/767 768/768/768 
f 766/766/766 765/765/765 769/769/769 
f 766/766/766 769/769/769 767/767/767 
f 763/763/763 766/766/766 767/767/767 
f 771/771/771 768/768/768 767/767/767 
f 767/767/767 769/769/769 771/771/771 
f 772/772/772 770/770/770 715/715/715 
f 715/715/715 714/714/714 772/772/772 
f 774/774/774 772/772/772 714/714/714 
f 714/714/714 718/718/718 774/774/774 
f 776/776/776 777/777/777 690/690/690 
f 690/690/690 689/689/689 776/776/776 
f 778/778/778 775/775/775 770/770/770 
f 770/770/770 772/772/772 778/778/778 
f 779/779/779 778/778/778 772/772/772 
f 746/746/746 745/745/745 780/780/780 
f 781/781/781 681/681/681 680/680/680 
f 680/680/680 782/782/782 781/781/781 
f 778/778/778 781/781/781 783/783/783 
f 783/783/783 775/775/775 778/778/778 
f 696/696/696 727/727/727 730/730/730 
f 696/696/696 750/750/750 727/727/727 
f 781/781/781 778/778/778 779/779/779 
f 779/779/779 681/681/681 781/781/781 
f 782/782/782 680/680/680 693/693/693 
f 693/693/693 785/785/785 782/782/782 
f 782/782/782 786/786/786 783/783/783 
f 783/783/783 781/781/781 782/782/782 
f 785/785/785 693/693/693 697/697/697 
f 697/697/697 749/749/749 785/785/785 
f 785/785/785 789/789/789 786/786/786 
f 786/786/786 782/782/782 785/785/785 
f 791/791/791 792/792/792 687/687/687 
f 687/687/687 690/690/690 791/791/791 
f 749/749/749 795/795/795 789/789/789 
f 789/789/789 785/785/785 749/749/749 
f 777/777/777 790/790/790 791/791/791 
f 791/791/791 690/690/690 777/777/777 
f 796/796/796 792/792/792 791/791/791 
f 791/791/791 798/798/798 796/796/796 
f 788/788/788 798/798/798 791/791/791 
f 791/791/791 790/790/790 788/788/788 
f 798/798/798 802/802/802 794/794/794 
f 794/794/794 796/796/796 798/798/798 
f 797/797/797 802/802/802 798/798/798 
f 798/798/798 788/788/788 797/797/797 
f 794/794/794 802/802/802 694/694/694 
f 694/694/694 691/691/691 794/794/794 
f 753/753/753 757/757/757 756/756/756 
f 699/699/699 805/805/805 803/803/803 
f 803/803/803 800/800/800 699/699/699 
f 802/802/802 797/797/797 806/806/806 
f 806/806/806 694/694/694 802/802/802 
f 750/750/750 695/695/695 694/694/694 
f 694/694/694 806/806/806 750/750/750 
f 807/807/807 751/751/751 756/756/756 
f 756/756/756 808/808/808 807/807/807 
f 809/809/809 810/810/810 805/805/805 
f 805/805/805 699/699/699 809/809/809 
f 728/728/728 727/727/727 750/750/750 
f 750/750/750 806/806/806 728/728/728 
f 811/811/811 808/808/808 756/756/756 
f 756/756/756 755/755/755 811/811/811 
f 812/812/812 813/813/813 810/810/810 
f 810/810/810 809/809/809 812/812/812 
f 757/757/757 805/805/805 810/810/810 
f 810/810/810 754/754/754 757/757/757 
f 811/811/811 755/755/755 760/760/760 
f 760/760/760 815/815/815 811/811/811 
f 816/816/816 817/817/817 813/813/813 
f 813/813/813 812/812/812 816/816/816 
f 754/754/754 810/810/810 813/813/813 
f 813/813/813 758/758/758 754/754/754 
f 818/818/818 819/819/819 815/815/815 
f 758/758/758 813/813/813 817/817/817 
f 817/817/817 759/759/759 758/758/758 
f 817/817/817 820/820/820 761/761/761 
f 761/761/761 759/759/759 817/817/817 
f 697/697/697 696/696/696 821/821/821 
f 821/821/821 748/748/748 697/697/697 
f 822/822/822 816/816/816 812/812/812 
f 812/812/812 821/821/821 822/822/822 
f 817/817/817 816/816/816 823/823/823 
f 823/823/823 820/820/820 817/817/817 
f 733/733/733 741/741/741 745/745/745 
f 745/745/745 747/747/747 733/733/733 
f 822/822/822 821/821/821 696/696/696 
f 696/696/696 746/746/746 822/822/822 
f 700/700/700 699/699/699 800/800/800 
f 800/800/800 799/799/799 700/700/700 
f 825/825/825 823/823/823 816/816/816 
f 816/816/816 822/822/822 825/825/825 
f 826/826/826 827/827/827 828/828/828 
f 828/828/828 829/829/829 826/826/826 
f 830/830/830 825/825/825 822/822/822 
f 822/822/822 746/746/746 830/830/830 
f 831/831/831 832/832/832 833/833/833 
f 753/753/753 803/803/803 805/805/805 
f 805/805/805 757/757/757 753/753/753 
f 834/834/834 835/835/835 836/836/836 
f 836/836/836 837/837/837 834/834/834 
f 780/780/780 834/834/834 830/830/830 
f 830/830/830 746/746/746 780/780/780 
f 809/809/809 699/699/699 698/698/698 
f 698/698/698 748/748/748 809/809/809 
f 837/837/837 838/838/838 830/830/830 
f 830/830/830 834/834/834 837/837/837 
f 828/828/828 840/840/840 841/841/841 
f 841/841/841 829/829/829 828/828/828 
f 743/743/743 826/826/826 829/829/829 
f 829/829/829 744/744/744 743/743/743 
f 842/842/842 835/835/835 834/834/834 
f 834/834/834 780/780/780 842/842/842 
f 841/841/841 840/840/840 843/843/843 
f 843/843/843 844/844/844 841/841/841 
f 841/841/841 738/738/738 744/744/744 
f 744/744/744 829/829/829 841/841/841 
f 821/821/821 812/812/812 809/809/809 
f 809/809/809 748/748/748 821/821/821 
f 737/737/737 842/842/842 780/780/780 
f 780/780/780 741/741/741 737/737/737 
f 844/844/844 843/843/843 835/835/835 
f 835/835/835 842/842/842 844/844/844 
f 844/844/844 739/739/739 738/738/738 
f 738/738/738 841/841/841 844/844/844 
f 749/749/749 748/748/748 712/712/712 
f 712/712/712 795/795/795 749/749/749 
f 739/739/739 844/844/844 842/842/842 
f 842/842/842 737/737/737 739/739/739 
f 840/840/840 846/846/846 847/847/847 
f 846/846/846 840/840/840 828/828/828 
f 828/828/828 827/827/827 846/846/846 
f 701/701/701 700/700/700 799/799/799 
f 849/849/849 848/848/848 850/850/850 
f 769/769/769 850/850/850 848/848/848 
f 848/848/848 771/771/771 769/769/769 
f 850/850/850 769/769/769 765/765/765 
f 765/765/765 851/851/851 850/850/850 
f 850/850/850 683/683/683 701/701/701 
f 701/701/701 849/849/849 850/850/850 
f 851/851/851 684/684/684 683/683/683 
f 683/683/683 850/850/850 851/851/851 

g Stick1

v -4.67172 1.61049 47.4397 
v -4.67175 0.047596 47.4397 
v -4.67172 1.61049 47.2776 
v -4.67174 0.0475957 47.2776 
v -4.88627 0.0475992 47.4397 
v -4.67175 0.047596 47.4397 
v -4.88624 1.6105 47.4397 
v -4.67172 1.61049 47.4397 
v -4.67175 0.047596 47.4397 
v -4.88627 0.0475992 47.4397 
v -4.67174 0.0475957 47.2776 
v -4.88626 0.047599 47.2776 
v -4.88627 0.0475992 47.4397 
v -4.88624 1.6105 47.4397 
v -4.88626 0.047599 47.2776 
v -4.88624 1.6105 47.2776 
v -4.88624 1.6105 47.2776 
v -4.67172 1.61049 47.2776 
v -4.88626 0.047599 47.2776 
v -4.67174 0.0475957 47.2776 
v -4.88624 1.6105 47.4397 
v -4.67172 1.61049 47.4397 
v -4.88624 1.6105 47.2776 
v -4.67172 1.61049 47.2776 

vn 1 0 0 
vn 1 0 0 
vn 1 0 0 
vn 1 0 0 
vn 0 0 1 
vn 0 0 1 
vn 0 0 1 
vn 0 0 1 
vn 0 -1 0 
vn 0 -1 0 
vn 0 -1 0 
vn 0 -1 0 
vn -1 0 0 
vn -1 0 0 
vn -1 0 0 
vn -1 0 0 
vn 0 0 -1 
vn 0 0 -1 
vn 0 0 -1 
vn 0 0 -1 
vn 0 1 0 
vn 0 1 0 
vn 0 1 0 
vn 0 1 0 

vt 4.94536 -0.25 
vt 4.75 -0.25 
vt 4.94536 -0.270267 
vt 4.75 -0.270267 
vt 4.77682 -0.25 
vt 4.75 -0.25 
vt 4.77682 -0.445362 
vt 4.75 -0.445362 
vt 4.77682 -0.25 
vt 4.75 -0.25 
vt 4.77682 -0.270267 
vt 4.75 -0.270267 
vt 4.94536 -0.25 
vt 4.75 -0.25 
vt 4.94536 -0.270267 
vt 4.75 -0.270267 
vt 4.77682 -0.25 
vt 4.75 -0.25 
vt 4.77682 -0.445362 
vt 4.75 -0.445362 
vt 4.77682 -0.25 
vt 4.75 -0.25 
vt 4.77682 -0.270267 
vt 4.75 -0.270267 

usemtl Stick1Mtl

f 852/852/852 853/853/853 854/854/854 
f 854/854/854 853/853/853 855/855/855 
f 856/856/856 857/857/857 858/858/858 
f 858/858/858 857/857/857 859/859/859 
f 860/860/860 861/861/861 862/862/862 
f 862/862/862 861/861/861 863/863/863 
f 864/864/864 865/865/865 866/866/866 
f 866/866/866 865/865/865 867/867/867 
f 868/868/868 869/869/869 870/870/870 
f 870/870/870 869/869/869 871/871/871 
f 872/872/872 873/873/873 874/874/874 
f 874/874/874 873/873/873 875/875/875 

