# This file is brought to you by Roblox Corporation
# Generated by Roblox Studio

mtllib Slap_11.mtl

g Handle1

v -355.694 3.60494 0.677232 
v -355.869 3.60263 0.717044 
v -355.928 2.98142 0.397004 
v -355.789 3.08684 0.33543 
v -355.702 2.93258 0.277232 
v -355.805 2.80287 0.273269 
v -355.3 2.78026 0.158267 
v -355.282 4.32885 1.53148 
v -355.481 4.21288 1.26211 
v -355.393 4.32966 1.29828 
v -355.326 4.24805 1.2922 
v -355.442 4.09441 1.24228 
v -355.386 4.63177 0.940592 
v -355.43 4.70478 0.941448 
v -355.678 3.63461 0.773381 
v -355.283 2.7092 -0.0508416 
v -355.324 3.25924 -0.469425 
v -355.277 3.20039 -0.479382 
v -355.341 3.17459 -0.504975 
v -355.385 3.20525 -0.492781 
v -355.418 3.23793 -0.459338 
v -355.265 3.27721 -0.397711 
v -355.228 3.22011 -0.421765 
v -355.602 2.8809 0.216024 
v -355.693 2.76118 0.178103 
v -355.602 2.8809 0.216024 
v -355.702 2.93258 0.277232 
v -355.581 2.98436 0.355303 
v -355.583 4.56807 0.470612 
v -355.653 4.59865 0.472561 
v -355.526 4.49813 0.492433 
v -355.583 4.56807 0.470612 
v -355.382 4.44426 1.39742 
v -355.318 4.41966 1.35888 
v -355.318 4.41966 1.35888 
v -355.27 4.34959 1.33704 
v -355.271 4.18273 1.37053 
v -355.617 3.56893 1.10753 
v -355.466 3.75069 1.27224 
v -355.358 4.00532 1.33043 
v -355.65 3.92669 1.18785 
v -355.551 4.10705 1.23568 
v -355.574 3.82645 1.17272 
v -355.664 3.4503 1.47383 
v -355.619 3.55779 1.52441 
v -355.548 3.50523 1.50224 
v -355.368 3.83241 1.7168 
v -355.466 3.69471 1.61845 
v -355.508 3.79423 1.65846 
v -355.423 3.90639 1.73645 
v -355.561 3.69488 1.60147 
v -355.724 3.32092 1.41442 
v -355.563 3.36684 1.40443 
v -355.724 3.32092 1.41442 
v -355.356 3.95662 1.80865 
v -355.322 3.90459 1.78214 
v -355.964 3.49126 0.763625 
v -355.964 3.56094 0.807272 
v -355.86 3.6148 0.760029 
v -355.869 3.60263 0.717044 
v -356.029 3.36685 0.684058 
v -355.797 3.54456 1.11454 
v -355.892 3.48261 1.16488 
v -355.961 1.78418 0.619764 
v -355.611 1.86584 0.43906 
v -355.751 2.04682 0.376907 
v -355.629 2.04276 0.330529 
v -355.419 2.02731 0.412929 
v -355.474 2.09019 0.315637 
v -355.717 3.76536 1.15271 
v -355.418 3.23793 -0.459338 
v -355.244 3.10263 -0.429046 
v -355.563 4.35774 0.463461 
v -355.634 4.44261 0.419686 
v -355.385 3.20525 -0.492781 
v -355.418 3.12743 -0.451055 
v -355.231 2.97396 -0.333064 
v -355.339 3.09557 -0.469581 
v -355.644 4.14874 0.426813 
v -355.698 4.28198 0.394083 
v -355.634 4.44261 0.419686 
v -355.715 4.50321 0.446453 
v -355.424 4.66126 1.13598 
v -355.441 3.02145 -0.359467 
v -355.34 2.97331 -0.383124 
v -355.698 4.28198 0.394083 
v -355.782 4.35235 0.433422 
v -355.469 2.92943 -0.259472 
v -355.488 3.31047 1.44786 
v -355.705 3.84438 0.409186 
v -355.86 3.6148 0.760029 
v -355.739 4.14338 0.382944 
v -355.838 4.17879 0.424835 
v -355.785 3.93422 0.371035 
v -355.739 4.14338 0.382944 
v -355.49 4.7388 0.962551 
v -355.43 4.70478 0.941448 
v -355.357 2.86952 -0.286711 
v -355.713 3.55706 0.411756 
v -355.785 3.93422 0.371035 
v -355.89 3.97345 0.416371 
v -355.497 4.59686 0.88107 
v -355.564 4.65163 0.930406 
v -355.704 3.33363 0.397985 
v -355.834 3.53796 0.374058 
v -355.814 3.77241 0.370737 
v -355.814 3.77241 0.370737 
v -355.927 3.77488 0.418544 
v -355.655 4.50592 0.903983 
v -355.583 4.44599 0.846685 
v -355.439 4.50296 0.899572 
v -355.705 2.51852 0.145284 
v -355.543 2.59143 -0.0310804 
v -355.552 2.404 0.0871272 
v -355.663 3.9489 0.810112 
v -355.799 3.86332 0.779162 
v -355.742 4.05291 0.792918 
v -355.664 3.13964 0.380585 
v -355.55 4.29703 0.854316 
v -355.652 4.30067 0.82421 
v -355.583 4.44599 0.846685 
v -355.83 3.30966 0.364077 
v -355.834 3.53796 0.374058 
v -355.954 3.54138 0.426486 
v -355.744 4.327 0.879288 
v -355.652 4.30067 0.82421 
v -355.782 4.32826 0.997929 
v -355.403 2.5577 -0.0178865 
v -355.389 2.39401 0.144083 
v -355.789 3.08684 0.33543 
v -355.83 3.30966 0.364077 
v -355.957 3.29288 0.422635 
v -355.497 4.59686 0.88107 
v -355.742 4.05291 0.792918 
v -355.837 4.08069 0.851742 
v -355.393 4.32966 1.29828 
v -355.458 4.36471 1.36727 
v -355.525 2.19507 0.224069 
v -355.688 2.23116 0.241502 
v -355.848 2.54858 0.288576 
v -355.387 2.1697 0.309951 
v -356.035 3.32395 0.547584 
v -355.799 3.86332 0.779162 
v -355.904 3.83732 0.833451 
v -355.544 4.24977 1.34135 
v -355.481 4.21288 1.26211 
v -355.829 2.27337 0.328456 
v -355.646 3.60589 1.04132 
v -355.551 4.10705 1.23568 
v -355.63 4.11642 1.3105 
v -355.841 1.80163 0.489054 
v -355.902 2.06787 0.471645 
v -355.654 1.5641 0.494629 
v -355.812 1.54973 0.508574 
v -355.571 1.51884 0.63261 
v -355.65 3.92669 1.18785 
v -355.726 3.93965 1.26524 
v -355.797 3.54456 1.11454 
v -355.717 3.76536 1.15271 
v -355.81 3.73275 1.21718 
v -355.971 3.30423 1.13639 
v -355.423 3.90639 1.73645 
v -355.571 3.8191 1.73644 
v -355.399 2.67514 -0.115538 
v -355.524 2.72558 -0.102649 
v -355.379 2.77971 -0.202113 
v -355.497 2.83887 -0.175182 
v -355.283 2.7092 -0.0508416 
v -355.341 3.17459 -0.504975 
v -355.617 3.56893 1.10753 
v -355.519 3.51029 1.21202 
v -355.611 1.86584 0.43906 
v -355.629 2.04276 0.330529 
v -355.419 2.02731 0.412929 
v -355.474 2.09019 0.315637 
v -355.423 1.80545 0.63487 
v -355.244 3.10263 -0.429046 
v -355.231 2.97396 -0.333064 
v -355.535 4.33984 0.568896 
v -355.654 4.44406 0.681879 
v -355.563 4.4185 0.654537 
v -355.441 3.02145 -0.359467 
v -355.34 2.97331 -0.383124 
v -355.469 2.92943 -0.259472 
v -355.488 3.31047 1.44786 
v -355.357 2.86952 -0.286711 
v -355.543 2.59143 -0.0310804 
v -355.552 2.404 0.0871272 
v -355.403 2.5577 -0.0178865 
v -355.389 2.39401 0.144083 
v -355.387 2.1697 0.309951 
v -355.265 2.23865 0.483709 
v -355.646 3.60589 1.04132 
v -355.812 1.54973 0.508574 
v -355.847 1.51228 0.624449 
v -355.869 1.49352 0.839315 
v -355.865 1.48889 1.09185 
v -355.826 1.50774 1.25118 
v -355.243 2.86714 -0.233414 
v -355.399 2.67514 -0.115538 
v -355.258 2.79694 -0.159273 
v -355.379 2.77971 -0.202113 
v -355.589 1.49093 1.13898 
v -355.668 1.50694 1.27712 
v -355.654 1.5641 0.494629 
v -355.571 1.51884 0.63261 
v -355.532 1.50632 0.881324 
v -355.818 3.25767 1.37418 
v -355.823 3.35807 1.36811 
v -355.892 3.16667 1.34402 
v -355.928 2.98142 0.397004 
v -355.789 3.08684 0.33543 
v -355.805 2.80287 0.273269 
v -355.282 4.32885 1.53148 
v -355.348 4.35854 1.54679 
v -355.283 2.7092 -0.0508416 
v -355.341 3.17459 -0.504975 
v -355.602 2.8809 0.216024 
v -355.693 2.76118 0.178103 
v -355.602 2.8809 0.216024 
v -355.514 2.90941 0.161393 
v -355.607 2.83058 0.111128 
v -355.66 4.61788 0.550453 
v -355.583 4.56807 0.470612 
v -355.653 4.59865 0.472561 
v -355.663 4.59135 0.626692 
v -355.598 4.56341 0.64955 
v -355.366 4.42473 1.48387 
v -355.382 4.44426 1.39742 
v -355.318 4.41966 1.35888 
v -355.744 3.40235 1.53084 
v -355.664 3.4503 1.47383 
v -355.724 3.32092 1.41442 
v -355.804 3.24784 1.46205 
v -355.724 3.32092 1.41442 
v -355.898 2.57922 1.36231 
v -355.827 2.32626 1.36565 
v -355.84 2.53614 1.4302 
v -356.1 2.85197 0.788113 
v -356.078 2.57945 0.857023 
v -356.105 2.8593 0.874903 
v -356.049 2.77321 1.10329 
v -356.001 2.47013 1.13953 
v -356.02 2.71813 1.17748 
v -356.047 2.77427 0.563111 
v -356.036 2.53381 0.595612 
v -356.076 2.82542 0.655446 
v -356.089 2.84056 0.964514 
v -356.065 3.11561 1.01132 
v -355.998 3.34125 1.04089 
v -356.044 3.3471 0.91416 
v -356.09 3.1324 0.897258 
v -355.964 3.49126 0.763625 
v -356.03 3.37133 0.788046 
v -355.964 3.56094 0.807272 
v -355.86 3.6148 0.760029 
v -355.966 3.49162 0.7167 
v -355.869 3.60263 0.717044 
v -355.975 3.55756 0.672717 
v -356.029 3.36685 0.684058 
v -355.919 3.44336 1.07766 
v -355.931 3.52665 1.04951 
v -355.816 3.2218 1.40914 
v -355.863 3.10434 1.42499 
v -355.797 3.54456 1.11454 
v -355.906 3.42579 1.11694 
v -355.892 3.48261 1.16488 
v -356.042 2.09257 0.836323 
v -356.004 2.10652 0.617591 
v -355.961 1.78418 0.619764 
v -356.008 1.76017 0.829243 
v -355.546 2.92118 0.0555285 
v -355.378 3.28922 -0.425164 
v -355.422 3.25937 -0.323803 
v -355.357 3.19625 -0.133012 
v -355.418 3.23793 -0.459338 
v -355.455 3.18997 -0.395405 
v -355.452 3.18435 -0.1944 
v -355.357 3.19625 -0.133012 
v -355.385 3.20525 -0.492781 
v -355.418 3.12743 -0.451055 
v -355.486 3.10523 -0.286031 
v -355.715 4.50321 0.446453 
v -355.581 2.8232 -0.0267041 
v -355.629 2.69648 0.0358757 
v -355.441 3.02145 -0.359467 
v -355.513 3.0228 -0.178398 
v -355.477 3.0991 -0.0827384 
v -355.727 4.49577 0.637542 
v -355.747 4.524 0.540731 
v -355.782 4.35235 0.433422 
v -355.486 4.70129 1.13041 
v -355.424 4.66126 1.13598 
v -355.488 4.74485 1.05238 
v -355.469 2.92943 -0.259472 
v -355.794 4.346 0.640909 
v -355.822 4.37423 0.536697 
v -355.838 4.17879 0.424835 
v -355.49 4.7388 0.962551 
v -355.852 4.17348 0.642803 
v -355.884 4.1929 0.533982 
v -355.785 3.93422 0.371035 
v -355.89 3.97345 0.416371 
v -355.564 4.65163 0.930406 
v -355.587 4.65697 1.04086 
v -355.559 4.607 1.13705 
v -355.927 3.77488 0.418544 
v -355.904 3.97389 0.645402 
v -355.939 3.98674 0.530574 
v -355.655 4.50592 0.903983 
v -355.688 4.51149 1.02014 
v -355.651 4.46798 1.12394 
v -355.705 2.51852 0.145284 
v -355.543 2.59143 -0.0310804 
v -355.954 3.54138 0.426486 
v -355.94 3.78546 0.652151 
v -355.979 3.78596 0.533822 
v -355.744 4.327 0.879288 
v -355.782 4.32826 0.997929 
v -355.737 4.299 1.10664 
v -355.957 3.29288 0.422635 
v -356.011 3.55615 0.544051 
v -355.837 4.08069 0.851742 
v -355.874 4.07745 0.97478 
v -355.821 4.0535 1.08758 
v -355.458 4.36471 1.36727 
v -355.848 2.54858 0.288576 
v -355.46 4.33608 1.47672 
v -356.035 3.32395 0.547584 
v -355.904 3.83732 0.833451 
v -355.88 3.80664 1.06656 
v -355.938 3.82354 0.954238 
v -355.544 4.24977 1.34135 
v -355.829 2.27337 0.328456 
v -355.265 2.23865 0.483709 
v -355.547 4.21855 1.45743 
v -356.041 3.05985 0.544464 
v -355.989 3.55393 0.932004 
v -355.63 4.11642 1.3105 
v -355.841 1.80163 0.489054 
v -355.902 2.06787 0.471645 
v -355.951 2.3621 0.455958 
v -355.976 2.63907 0.455456 
v -355.812 1.54973 0.508574 
v -355.637 4.08033 1.42748 
v -356.072 3.10684 0.670578 
v -355.726 3.93965 1.26524 
v -355.847 1.51228 0.624449 
v -355.869 1.49352 0.839315 
v -355.736 3.90219 1.38542 
v -355.663 3.83404 1.46875 
v -356.086 3.12841 0.784627 
v -355.81 3.73275 1.21718 
v -355.865 1.48889 1.09185 
v -355.968 1.72748 1.08523 
v -355.822 3.68881 1.33539 
v -355.747 3.62579 1.42182 
v -355.841 1.70656 1.27445 
v -355.826 1.50774 1.25118 
v -355.981 2.02845 1.09586 
v -355.894 3.43892 1.28305 
v -355.971 3.30423 1.13639 
v -355.83 1.96403 1.29789 
v -356.035 3.06458 1.12089 
v -355.956 3.22762 1.24779 
v -356.004 2.9979 1.21633 
v -355.329 3.86077 1.92889 
v -355.954 2.92736 1.30201 
v -355.978 2.65937 1.24512 
v -355.904 2.86079 1.3953 
v -355.84 2.80802 1.48124 
v -355.73 3.00247 1.59231 
v -355.605 3.01238 1.6028 
v -355.822 3.03373 1.5243 
v -355.713 3.16247 1.64672 
v -355.684 3.29575 1.7086 
v -355.791 3.19862 1.57124 
v -355.478 3.93593 1.80484 
v -355.423 3.90639 1.73645 
v -355.484 3.89538 1.89965 
v -355.531 3.69949 1.90202 
v -355.644 3.42642 1.7707 
v -355.751 3.34484 1.63287 
v -355.571 3.8191 1.73644 
v -355.583 3.77508 1.84129 
v -355.595 3.57137 1.83838 
v -355.706 3.48717 1.69824 
v -355.693 3.54321 1.59475 
v -355.619 3.55779 1.52441 
v -355.638 3.68716 1.66648 
v -355.561 3.69488 1.60147 
v -355.653 3.63628 1.76934 
v -355.5 3.02713 -0.0161826 
v -355.399 2.67514 -0.115538 
v -355.524 2.72558 -0.102649 
v -355.497 2.83887 -0.175182 
v -355.541 2.9365 -0.095597 
v -355.818 3.25767 1.37418 
v -355.823 3.35807 1.36811 
v -355.892 3.16667 1.34402 
v -355.694 3.60494 0.677232 
v -355.724 3.85599 0.676889 
v -355.84 3.79631 0.705006 
v -355.869 3.60263 0.717044 
v -355.408 4.2599 1.54691 
v -355.331 4.19721 1.54178 
v -355.282 4.32885 1.53148 
v -355.348 4.35854 1.54679 
v -355.602 2.8809 0.216024 
v -355.663 4.59135 0.626692 
v -355.598 4.56341 0.64955 
v -355.583 4.56807 0.470612 
v -355.598 4.56341 0.64955 
v -355.54 4.50738 0.647226 
v -355.366 4.42473 1.48387 
v -355.282 4.32885 1.53148 
v -355.237 4.27447 1.48731 
v -355.382 4.44426 1.39742 
v -355.279 4.1522 1.47545 
v -355.504 3.69687 1.4069 
v -355.552 3.43286 1.34015 
v -355.377 3.97469 1.46044 
v -355.724 3.32092 1.41442 
v -355.563 3.36684 1.40443 
v -355.724 3.32092 1.41442 
v -355.827 2.32626 1.36565 
v -355.84 2.53614 1.4302 
v -355.998 3.34125 1.04089 
v -355.966 3.49162 0.7167 
v -355.869 3.60263 0.717044 
v -355.975 3.55756 0.672717 
v -356.029 3.36685 0.684058 
v -355.919 3.44336 1.07766 
v -355.814 3.56517 1.08594 
v -355.931 3.52665 1.04951 
v -355.714 3.37085 1.38717 
v -355.797 3.54456 1.11454 
v -355.475 1.73145 1.19673 
v -355.442 1.94177 1.27728 
v -355.467 3.95719 1.50963 
v -355.564 3.77297 1.4746 
v -355.633 3.60872 1.43813 
v -355.401 4.06416 1.5288 
v -355.331 4.19721 1.54178 
v -355.482 4.14004 1.53066 
v -355.401 4.06416 1.5288 
v -355.357 3.19625 -0.133012 
v -355.239 3.13043 -0.13574 
v -355.215 3.2012 -0.199248 
v -355.535 4.33984 0.568896 
v -355.654 4.44406 0.681879 
v -355.563 4.4185 0.654537 
v -355.424 4.66126 1.13598 
v -355.38 4.59341 1.1148 
v -355.727 4.49577 0.637542 
v -355.654 4.44406 0.681879 
v -355.725 4.27183 0.692054 
v -355.69 4.10549 0.671941 
v -355.486 4.70129 1.13041 
v -355.424 4.66126 1.13598 
v -355.649 3.57434 0.533877 
v -355.794 4.346 0.640909 
v -355.725 4.27183 0.692054 
v -355.852 4.17348 0.642803 
v -355.77 4.13433 0.694993 
v -355.813 3.94009 0.699833 
v -355.77 4.13433 0.694993 
v -355.559 4.607 1.13705 
v -355.49 4.53498 1.162 
v -355.643 4.25411 1.14492 
v -355.543 4.25196 1.11033 
v -355.578 4.38842 1.157 
v -355.904 3.97389 0.645402 
v -355.813 3.94009 0.699833 
v -355.49 4.53498 1.162 
v -355.43 4.45696 1.11626 
v -355.651 4.46798 1.12394 
v -355.578 4.38842 1.157 
v -355.94 3.78546 0.652151 
v -355.84 3.79631 0.705006 
v -355.782 4.32826 0.997929 
v -355.737 4.299 1.10664 
v -355.643 4.25411 1.14492 
v -355.722 4.00914 1.12493 
v -355.644 3.90892 1.07854 
v -355.821 4.0535 1.08758 
v -355.722 4.00914 1.12493 
v -355.46 4.33608 1.47672 
v -355.88 3.80664 1.06656 
v -355.767 3.81623 1.10674 
v -355.767 3.81623 1.10674 
v -355.547 4.21855 1.45743 
v -355.646 3.60589 1.04132 
v -355.637 4.08033 1.42748 
v -355.565 4.00963 1.50508 
v -355.814 3.56517 1.08594 
v -355.726 3.93965 1.26524 
v -355.467 3.95719 1.50963 
v -355.736 3.90219 1.38542 
v -355.663 3.83404 1.46875 
v -355.797 3.54456 1.11454 
v -355.589 1.49093 1.13898 
v -355.747 3.62579 1.42182 
v -355.564 3.77297 1.4746 
v -355.841 1.70656 1.27445 
v -355.826 1.50774 1.25118 
v -355.645 1.70194 1.31618 
v -355.894 3.43892 1.28305 
v -355.633 3.60872 1.43813 
v -355.971 3.30423 1.13639 
v -355.668 1.50694 1.27712 
v -355.645 1.70194 1.31618 
v -355.83 1.96403 1.29789 
v -355.627 1.92617 1.35721 
v -355.418 2.19444 1.34309 
v -355.627 1.92617 1.35721 
v -355.608 2.19232 1.416 
v -355.423 2.52152 1.40038 
v -355.714 3.37085 1.38717 
v -356.004 2.9979 1.21633 
v -355.608 2.19232 1.416 
v -355.59 2.48546 1.48922 
v -355.459 2.83975 1.45108 
v -355.329 3.86077 1.92889 
v -355.301 3.82606 1.88398 
v -355.59 2.48546 1.48922 
v -355.753 2.50784 1.47367 
v -355.492 3.08189 1.51172 
v -355.597 2.78392 1.5473 
v -355.376 3.89131 1.95502 
v -355.329 3.86077 1.92889 
v -355.389 3.95158 1.91345 
v -355.488 3.37113 1.70678 
v -355.579 3.29071 1.72891 
v -355.601 3.16371 1.66355 
v -355.597 2.78392 1.5473 
v -355.738 2.77802 1.53936 
v -355.605 3.01238 1.6028 
v -355.84 2.80802 1.48124 
v -355.73 3.00247 1.59231 
v -355.605 3.01238 1.6028 
v -355.338 3.72922 1.85674 
v -355.822 3.03373 1.5243 
v -355.713 3.16247 1.64672 
v -355.601 3.16371 1.66355 
v -355.423 3.5692 1.80367 
v -355.443 3.81895 1.94999 
v -355.381 3.76033 1.92756 
v -355.579 3.29071 1.72891 
v -355.684 3.29575 1.7086 
v -355.791 3.19862 1.57124 
v -355.484 3.89538 1.89965 
v -355.531 3.69949 1.90202 
v -355.457 3.63441 1.88712 
v -355.504 3.5344 1.84208 
v -355.55 3.39187 1.77697 
v -355.644 3.42642 1.7707 
v -355.55 3.39187 1.77697 
v -355.583 3.77508 1.84129 
v -355.595 3.57137 1.83838 
v -355.504 3.5344 1.84208 
v -355.457 3.63441 1.88712 
v -355.818 3.25767 1.37418 
v -355.892 3.16667 1.34402 
v -355.694 3.60494 0.677232 
v -355.869 3.60263 0.717044 
v -355.928 2.98142 0.397004 
v -355.3 2.78026 0.158267 
v -355.333 2.94599 0.0906003 
v -355.396 2.89844 0.180902 
v -355.282 4.32885 1.53148 
v -355.348 4.35854 1.54679 
v -355.678 3.63461 0.773381 
v -355.357 2.78956 0.328381 
v -355.324 3.25924 -0.469425 
v -355.277 3.20039 -0.479382 
v -355.341 3.17459 -0.504975 
v -355.418 3.23793 -0.459338 
v -355.378 3.28922 -0.425164 
v -355.265 3.27721 -0.397711 
v -355.228 3.22011 -0.421765 
v -355.324 3.31056 -0.372919 
v -355.602 2.8809 0.216024 
v -355.481 2.8989 0.267024 
v -355.602 2.8809 0.216024 
v -355.702 2.93258 0.277232 
v -355.581 2.98436 0.355303 
v -355.514 2.90941 0.161393 
v -355.607 2.83058 0.111128 
v -355.514 2.90941 0.161393 
v -355.66 4.61788 0.550453 
v -355.572 4.60296 0.564009 
v -355.583 4.56807 0.470612 
v -355.653 4.59865 0.472561 
v -355.663 4.59135 0.626692 
v -355.598 4.56341 0.64955 
v -355.572 4.60296 0.564009 
v -355.515 4.50714 0.574646 
v -355.598 4.56341 0.64955 
v -355.54 4.50738 0.647226 
v -355.279 4.41044 1.45507 
v -355.366 4.42473 1.48387 
v -355.382 4.44426 1.39742 
v -355.318 4.41966 1.35888 
v -355.617 3.56893 1.10753 
v -355.519 3.51029 1.21202 
v -355.552 3.43286 1.34015 
v -355.423 3.90639 1.73645 
v -355.724 3.32092 1.41442 
v -355.804 3.24784 1.46205 
v -355.563 3.36684 1.40443 
v -355.724 3.32092 1.41442 
v -355.322 3.90459 1.78214 
v -355.5 3.31183 1.35756 
v -355.455 2.96565 0.571244 
v -355.964 3.49126 0.763625 
v -355.869 3.60263 0.717044 
v -355.975 3.55756 0.672717 
v -355.816 3.2218 1.40914 
v -355.546 2.92118 0.0555285 
v -355.45 2.97818 0.0952278 
v -355.45 2.97818 0.0952278 
v -355.335 3.27957 -0.269262 
v -355.234 3.24036 -0.291419 
v -355.324 3.31056 -0.372919 
v -355.378 3.28922 -0.425164 
v -355.422 3.25937 -0.323803 
v -355.335 3.27957 -0.269262 
v -355.357 3.19625 -0.133012 
v -355.239 3.13043 -0.13574 
v -355.215 3.2012 -0.199248 
v -355.418 3.23793 -0.459338 
v -355.452 3.18435 -0.1944 
v -355.357 3.19625 -0.133012 
v -355.477 3.0991 -0.0827384 
v -355.747 4.524 0.540731 
v -355.486 4.70129 1.13041 
v -355.424 4.66126 1.13598 
v -355.405 4.71912 1.04579 
v -355.488 4.74485 1.05238 
v -355.488 3.31047 1.44786 
v -355.86 3.6148 0.760029 
v -355.49 4.7388 0.962551 
v -355.43 4.70478 0.941448 
v -355.564 4.65163 0.930406 
v -355.587 4.65697 1.04086 
v -355.543 2.59143 -0.0310804 
v -355.782 4.32826 0.997929 
v -355.789 3.08684 0.33543 
v -355.393 4.32966 1.29828 
v -355.458 4.36471 1.36727 
v -355.46 4.33608 1.47672 
v -356.035 3.32395 0.547584 
v -355.544 4.24977 1.34135 
v -355.481 4.21288 1.26211 
v -355.646 3.60589 1.04132 
v -355.814 3.56517 1.08594 
v -355.797 3.54456 1.11454 
v -355.714 3.37085 1.38717 
v -356.004 2.9979 1.21633 
v -355.329 3.86077 1.92889 
v -355.376 3.89131 1.95502 
v -355.329 3.86077 1.92889 
v -355.326 3.92892 1.88005 
v -355.389 3.95158 1.91345 
v -355.402 3.98256 1.84618 
v -355.356 3.95662 1.80865 
v -355.478 3.93593 1.80484 
v -355.423 3.90639 1.73645 
v -355.484 3.89538 1.89965 
v -355.571 3.8191 1.73644 
v -355.508 3.79423 1.65846 
v -355.638 3.68716 1.66648 
v -355.561 3.69488 1.60147 
v -355.653 3.63628 1.76934 
v -355.5 3.02713 -0.0161826 
v -355.408 3.08726 -0.0110708 
v -355.278 3.03174 -0.0276725 
v -355.408 3.08726 -0.0110708 
v -355.694 3.60494 0.677232 
v -355.724 3.85599 0.676889 
v -355.3 2.78026 0.158267 
v -355.259 2.82673 0.0320303 
v -355.333 2.94599 0.0906003 
v -355.396 2.89844 0.180902 
v -355.326 4.24805 1.2922 
v -355.386 4.63177 0.940592 
v -355.43 4.70478 0.941448 
v -355.405 4.71912 1.04579 
v -355.362 4.61982 1.03 
v -355.678 3.63461 0.773381 
v -355.59 3.44195 0.748694 
v -355.601 3.41501 0.654372 
v -355.607 3.63384 0.911517 
v -355.562 3.46081 0.906026 
v -355.512 3.31817 0.997563 
v -355.538 3.26234 0.691781 
v -355.357 2.78956 0.328381 
v -355.284 2.52034 0.319328 
v -355.292 2.62537 0.0788962 
v -355.283 2.7092 -0.0508416 
v -355.324 3.25924 -0.469425 
v -355.277 3.20039 -0.479382 
v -355.341 3.17459 -0.504975 
v -355.418 3.23793 -0.459338 
v -355.265 3.27721 -0.397711 
v -355.228 3.22011 -0.421765 
v -355.324 3.31056 -0.372919 
v -355.602 2.8809 0.216024 
v -355.481 2.8989 0.267024 
v -355.602 2.8809 0.216024 
v -355.581 2.98436 0.355303 
v -355.572 4.60296 0.564009 
v -355.515 4.50714 0.574646 
v -355.526 4.49813 0.492433 
v -355.583 4.56807 0.470612 
v -355.598 4.56341 0.64955 
v -355.54 4.50738 0.647226 
v -355.282 4.32885 1.53148 
v -355.237 4.27447 1.48731 
v -355.235 4.32029 1.41094 
v -355.279 4.41044 1.45507 
v -355.318 4.41966 1.35888 
v -355.27 4.34959 1.33704 
v -355.279 4.1522 1.47545 
v -355.271 4.18273 1.37053 
v -355.549 3.43063 1.05804 
v -355.617 3.56893 1.10753 
v -355.519 3.51029 1.21202 
v -355.501 3.36703 1.16443 
v -355.466 3.75069 1.27224 
v -355.504 3.69687 1.4069 
v -355.552 3.43286 1.34015 
v -355.358 4.00532 1.33043 
v -355.377 3.97469 1.46044 
v -355.574 3.82645 1.17272 
v -355.548 3.50523 1.50224 
v -355.368 3.83241 1.7168 
v -355.466 3.69471 1.61845 
v -355.423 3.90639 1.73645 
v -355.563 3.36684 1.40443 
v -355.724 3.32092 1.41442 
v -355.356 3.95662 1.80865 
v -355.322 3.90459 1.78214 
v -355.5 3.31183 1.35756 
v -355.472 3.2404 1.28975 
v -355.498 3.33422 1.28958 
v -355.455 2.96565 0.571244 
v -355.565 3.17755 0.526217 
v -355.566 3.45498 0.997303 
v -355.611 1.86584 0.43906 
v -355.629 2.04276 0.330529 
v -355.419 2.02731 0.412929 
v -355.272 2.03615 0.797903 
v -355.351 1.83864 0.930796 
v -355.423 1.80545 0.63487 
v -355.31 2.02664 0.584859 
v -355.285 2.01806 0.945562 
v -355.326 1.98878 1.09428 
v -355.475 1.73145 1.19673 
v -355.442 1.94177 1.27728 
v -355.564 3.77297 1.4746 
v -355.234 3.24036 -0.291419 
v -355.357 3.19625 -0.133012 
v -355.239 3.13043 -0.13574 
v -355.215 3.2012 -0.199248 
v -355.196 3.14783 -0.34664 
v -355.244 3.10263 -0.429046 
v -355.189 3.03019 -0.231769 
v -355.563 4.35774 0.463461 
v -355.231 2.97396 -0.333064 
v -355.535 4.33984 0.568896 
v -355.654 4.44406 0.681879 
v -355.563 4.4185 0.654537 
v -355.644 4.14874 0.426813 
v -355.424 4.66126 1.13598 
v -355.38 4.59341 1.1148 
v -355.602 4.10844 0.557556 
v -355.69 4.10549 0.671941 
v -355.488 3.31047 1.44786 
v -355.646 3.8382 0.546775 
v -355.649 3.57434 0.533877 
v -355.705 3.84438 0.409186 
v -355.785 3.93422 0.371035 
v -355.619 3.36542 0.516385 
v -355.713 3.55706 0.411756 
v -355.643 4.25411 1.14492 
v -355.543 4.25196 1.11033 
v -355.704 3.33363 0.397985 
v -355.43 4.45696 1.11626 
v -355.4 4.45278 1.0041 
v -355.439 4.50296 0.899572 
v -355.543 2.59143 -0.0310804 
v -355.663 3.9489 0.810112 
v -355.664 3.13964 0.380585 
v -355.55 4.29703 0.854316 
v -355.644 3.90892 1.07854 
v -355.493 4.23058 0.975304 
v -355.403 2.5577 -0.0178865 
v -355.389 2.39401 0.144083 
v -355.789 3.08684 0.33543 
v -355.583 3.91671 0.940236 
v -355.387 2.1697 0.309951 
v -356.035 3.32395 0.547584 
v -355.265 2.23865 0.483709 
v -355.646 3.60589 1.04132 
v -355.654 1.5641 0.494629 
v -355.571 1.51884 0.63261 
v -355.299 2.5972 0.632527 
v -355.243 2.27545 0.718211 
v -355.532 1.50632 0.881324 
v -355.316 2.61074 0.924764 
v -355.265 2.2659 0.941323 
v -355.797 3.54456 1.11454 
v -355.589 1.49093 1.13898 
v -355.336 2.57995 1.1925 
v -355.306 2.23399 1.15969 
v -355.645 1.70194 1.31618 
v -355.668 1.50694 1.27712 
v -355.418 2.19444 1.34309 
v -355.423 2.96979 0.927545 
v -355.407 2.92611 1.22675 
v -355.423 2.52152 1.40038 
v -355.59 2.48546 1.48922 
v -355.459 2.83975 1.45108 
v -355.326 3.92892 1.88005 
v -355.329 3.86077 1.92889 
v -355.301 3.82606 1.88398 
v -355.298 3.86862 1.83278 
v -355.492 3.08189 1.51172 
v -355.376 3.89131 1.95502 
v -355.329 3.86077 1.92889 
v -355.326 3.92892 1.88005 
v -355.502 3.22145 1.6 
v -355.488 3.37113 1.70678 
v -355.579 3.29071 1.72891 
v -355.601 3.16371 1.66355 
v -355.605 3.01238 1.6028 
v -355.402 3.98256 1.84618 
v -355.338 3.72922 1.85674 
v -355.328 3.7652 1.7709 
v -355.462 3.44506 1.57935 
v -355.423 3.5692 1.80367 
v -355.4 3.61507 1.6866 
v -355.423 3.90639 1.73645 
v -355.381 3.76033 1.92756 
v -355.457 3.63441 1.88712 
v -355.243 2.86714 -0.233414 
v -355.258 2.79694 -0.159273 
v -355.216 2.90282 -0.118543 
v -355.278 3.03174 -0.0276725 

vn 0.220472 0.0314961 0.976378 
vn 0.220472 0.023622 0.976378 
vn -0.661417 0.0393701 -0.748031 
vn -0.456693 0.0787402 -0.889764 
vn -0.401575 0.338583 -0.850394 
vn -0.606299 0.188976 -0.779528 
vn 0.92126 0.244094 0.299213 
vn 0.141732 -0.0393701 0.992126 
vn 0.125984 0.19685 -0.968504 
vn 0.19685 0.267717 -0.944882 
vn 0.141732 0.19685 -0.968504 
vn 0.110236 0.212598 -0.968504 
vn 0.858268 0.456693 -0.228346 
vn 0.826772 0.496063 -0.259843 
vn 0.874016 0.377953 -0.299213 
vn 0.818898 -0.496063 -0.275591 
vn 0.181102 0.637795 -0.748031 
vn 0.417323 0.480315 -0.771654 
vn 0.110236 0.362205 -0.92126 
vn -0.102362 0.496063 -0.866142 
vn -0.220472 0.614173 -0.755906 
vn 0.425197 0.724409 -0.543307 
vn 0.503937 0.590551 -0.629921 
vn -0.267717 0.472441 -0.84252 
vn -0.685039 0.322835 -0.653543 
vn -0.267717 0.472441 -0.84252 
vn -0.401575 0.338583 -0.850394 
vn 0.0944882 0.795276 -0.606299 
vn 0.299213 0.913386 -0.275591 
vn 0.385827 0.905512 -0.188976 
vn 0.818898 0.519685 -0.228346 
vn 0.299213 0.913386 -0.275591 
vn 0.283465 0.96063 0.0551181 
vn 0.338583 0.944882 -0.0393701 
vn 0.338583 0.944882 -0.0393701 
vn 0.795276 0.582677 -0.149606 
vn 0.889764 -0.267717 -0.370079 
vn 0.748031 0.511811 -0.417323 
vn 0.952756 -0.251969 0.173228 
vn 0.905512 -0.433071 0.015748 
vn 0.0708661 0.204724 -0.976378 
vn 0.0787402 0.204724 -0.976378 
vn 0.0866142 0.212598 -0.976378 
vn 0.023622 0.417323 -0.905512 
vn 0.0551181 0.448819 -0.889764 
vn -0.023622 0.496063 -0.866142 
vn 0.291339 0.448819 -0.84252 
vn 0.19685 0.433071 -0.88189 
vn 0.220472 0.433071 -0.874016 
vn 0.314961 0.480315 -0.818898 
vn 0.149606 0.456693 -0.88189 
vn -0.708661 0.511811 -0.480315 
vn -0.141732 0.527559 -0.834646 
vn -0.708661 0.511811 -0.480315 
vn 0.346457 0.590551 -0.732283 
vn 0.354331 0.551181 -0.755906 
vn -0.818898 0.496063 -0.283465 
vn -0.80315 0.330709 -0.496063 
vn -0.551181 0.448819 -0.700787 
vn 0.220472 0.023622 0.976378 
vn -0.968504 0.244094 0.0393701 
vn -0.645669 0.582677 -0.496063 
vn -0.866142 0.440945 -0.244094 
vn -0.874016 -0.220472 -0.425197 
vn 0.204724 -0.425197 -0.88189 
vn -0.409449 -0.385827 -0.826772 
vn -0.0944882 -0.551181 -0.826772 
vn 0.574803 -0.559055 -0.598425 
vn 0.299213 -0.637795 -0.708661 
vn 0.0551181 0.188976 -0.976378 
vn -0.220472 0.614173 -0.755906 
vn 0.866142 -0.133858 -0.480315 
vn 0.551181 0.0314961 -0.834646 
vn 0.19685 0.15748 -0.968504 
vn -0.102362 0.496063 -0.866142 
vn -0.661417 -0.299213 -0.692913 
vn 0.92126 -0.212598 -0.322835 
vn 0.425197 -0.330709 -0.84252 
vn 0.472441 -0.0314961 -0.88189 
vn 0.472441 -0.0314961 -0.88189 
vn 0.19685 0.15748 -0.968504 
vn 0.00787402 0.330709 -0.944882 
vn 0.850394 0.377953 0.354331 
vn -0.905512 -0.15748 -0.393701 
vn 0.354331 -0.535433 -0.76378 
vn 0.472441 -0.0314961 -0.88189 
vn -0.220472 0.220472 -0.952756 
vn -0.92126 -0.141732 -0.362205 
vn 0.716535 0.685039 -0.0866142 
vn 0.913386 -0.141732 -0.377953 
vn -0.551181 0.448819 -0.700787 
vn -0.330709 0.173228 -0.929134 
vn -0.322835 0.15748 -0.929134 
vn 0.409449 -0.0314961 -0.913386 
vn -0.330709 0.173228 -0.929134 
vn 0.370079 0.913386 -0.165354 
vn 0.826772 0.496063 -0.259843 
vn -0.456693 -0.574803 -0.677165 
vn 0.866142 0.0551181 -0.496063 
vn 0.409449 -0.0314961 -0.913386 
vn -0.362205 0.102362 -0.929134 
vn -0.267717 0.456693 -0.850394 
vn -0.133858 0.511811 -0.850394 
vn 0.535433 0.125984 -0.834646 
vn 0.283465 0.015748 -0.96063 
vn 0.330709 -0.023622 -0.944882 
vn 0.330709 -0.023622 -0.944882 
vn -0.385827 0.0393701 -0.92126 
vn -0.346457 0.385827 -0.858268 
vn -0.354331 0.393701 -0.850394 
vn 0.850394 -0.283465 -0.448819 
vn -0.685039 -0.141732 -0.716535 
vn -0.433071 -0.417323 -0.795276 
vn -0.188976 -0.519685 -0.834646 
vn 0.23622 0.023622 -0.968504 
vn 0.149606 0.0708661 -0.984252 
vn 0.251969 0.023622 -0.968504 
vn 0.503937 0.314961 -0.80315 
vn 0.283465 0.015748 -0.96063 
vn 0.283465 0.015748 -0.96063 
vn -0.354331 0.393701 -0.850394 
vn 0.251969 0.102362 -0.96063 
vn 0.283465 0.015748 -0.96063 
vn -0.685039 0.0551181 -0.724409 
vn -0.417323 0.322835 -0.850394 
vn 0.283465 0.015748 -0.96063 
vn -0.818898 0.370079 0.440945 
vn 0.346457 -0.622047 -0.700787 
vn 0.622047 -0.511811 -0.598425 
vn -0.456693 0.0787402 -0.889764 
vn 0.251969 0.102362 -0.96063 
vn -0.661417 0.023622 -0.755906 
vn -0.267717 0.456693 -0.850394 
vn 0.251969 0.023622 -0.968504 
vn -0.464567 0.23622 -0.858268 
vn 0.19685 0.267717 -0.944882 
vn -0.299213 0.645669 -0.700787 
vn 0.0944882 -0.551181 -0.826772 
vn -0.417323 -0.409449 -0.811024 
vn -0.740157 -0.023622 -0.669291 
vn 0.661417 -0.448819 -0.598425 
vn -0.952756 0.0787402 -0.291339 
vn 0.149606 0.0708661 -0.984252 
vn -0.488189 0.188976 -0.850394 
vn -0.511811 0.535433 -0.669291 
vn 0.125984 0.19685 -0.968504 
vn -0.661417 -0.244094 -0.708661 
vn 0.937008 0.125984 0.330709 
vn 0.0787402 0.204724 -0.976378 
vn -0.566929 0.496063 -0.653543 
vn -0.472441 -0.204724 -0.858268 
vn -0.708661 -0.19685 -0.677165 
vn -0.11811 -0.11811 -0.984252 
vn -0.0787402 -0.0866142 -0.992126 
vn 0.826772 -0.425197 -0.377953 
vn 0.0708661 0.204724 -0.976378 
vn -0.598425 0.440945 -0.669291 
vn -0.645669 0.582677 -0.496063 
vn 0.0551181 0.188976 -0.976378 
vn -0.84252 0.385827 -0.370079 
vn -0.905512 0.307087 0.291339 
vn 0.314961 0.480315 -0.818898 
vn -0.464567 0.653543 -0.598425 
vn 0.102362 -0.629921 -0.76378 
vn -0.606299 -0.299213 -0.732283 
vn 0.307087 -0.708661 -0.637795 
vn -0.433071 -0.535433 -0.724409 
vn 0.818898 -0.496063 -0.275591 
vn 0.110236 0.362205 -0.92126 
vn 0.748031 0.511811 -0.417323 
vn 0.850394 0.377953 -0.362205 
vn 0.204724 -0.425197 -0.88189 
vn -0.0944882 -0.551181 -0.826772 
vn 0.574803 -0.559055 -0.598425 
vn 0.299213 -0.637795 -0.708661 
vn 0.795276 -0.464567 -0.385827 
vn 0.866142 -0.133858 -0.480315 
vn 0.92126 -0.212598 -0.322835 
vn 0.96063 -0.19685 0.188976 
vn 0.251969 0.0787402 0.968504 
vn 0.291339 0 0.96063 
vn -0.905512 -0.15748 -0.393701 
vn 0.354331 -0.535433 -0.76378 
vn -0.92126 -0.141732 -0.362205 
vn 0.716535 0.685039 -0.0866142 
vn -0.456693 -0.574803 -0.677165 
vn -0.433071 -0.417323 -0.795276 
vn -0.188976 -0.519685 -0.834646 
vn 0.346457 -0.622047 -0.700787 
vn 0.622047 -0.511811 -0.598425 
vn 0.661417 -0.448819 -0.598425 
vn 0.944882 -0.181102 -0.259843 
vn 0.937008 0.125984 0.330709 
vn -0.0787402 -0.0866142 -0.992126 
vn -0.874016 -0.401575 -0.275591 
vn -0.897638 -0.448819 -0.0393701 
vn -0.92126 -0.322835 0.212598 
vn -0.96063 -0.102362 0.251969 
vn 0.307087 -0.692913 -0.653543 
vn 0.102362 -0.629921 -0.76378 
vn 0.322835 -0.716535 -0.614173 
vn 0.307087 -0.708661 -0.637795 
vn 0.874016 -0.456693 0.165354 
vn 0.84252 -0.204724 0.503937 
vn -0.11811 -0.11811 -0.984252 
vn 0.826772 -0.425197 -0.377953 
vn 0.88189 -0.472441 0 
vn -0.354331 0.0393701 0.937008 
vn -0.488189 0.0393701 0.874016 
vn -0.787402 0.204724 0.582677 
vn -0.661417 0.0393701 -0.748031 
vn -0.456693 0.0787402 -0.889764 
vn -0.606299 0.188976 -0.779528 
vn 0.141732 -0.0393701 0.992126 
vn 0.181102 -0.102362 0.976378 
vn 0.818898 -0.496063 -0.275591 
vn 0.110236 0.362205 -0.92126 
vn -0.267717 0.472441 -0.84252 
vn -0.685039 0.322835 -0.653543 
vn -0.267717 0.472441 -0.84252 
vn -0.480315 0.795276 -0.362205 
vn -0.795276 0.559055 -0.244094 
vn 0.283465 0.913386 -0.299213 
vn 0.299213 0.913386 -0.275591 
vn 0.385827 0.905512 -0.188976 
vn 0.165354 0.897638 0.401575 
vn 0.204724 0.866142 0.456693 
vn 0.283465 0.850394 0.440945 
vn 0.283465 0.96063 0.0551181 
vn 0.338583 0.944882 -0.0393701 
vn -0.700787 0.527559 -0.488189 
vn 0.023622 0.417323 -0.905512 
vn -0.708661 0.511811 -0.480315 
vn -0.897638 0.448819 0 
vn -0.708661 0.511811 -0.480315 
vn -0.826772 -0.149606 0.543307 
vn -0.598425 -0.212598 0.771654 
vn -0.661417 -0.204724 0.724409 
vn -0.992126 -0.0314961 -0.11811 
vn -0.992126 -0.102362 0.0393701 
vn -1 -0.023622 0.0629921 
vn -0.952756 -0.0472441 0.291339 
vn -0.92126 -0.125984 0.377953 
vn -0.913386 -0.0708661 0.401575 
vn -0.905512 -0.0393701 -0.417323 
vn -0.944882 -0.0866142 -0.307087 
vn -0.976378 -0.0393701 -0.220472 
vn -0.976378 -0.0393701 0.220472 
vn -0.952756 0.133858 0.283465 
vn -0.866142 0.283465 0.409449 
vn -0.96063 0.228346 0.133858 
vn -0.984252 0.125984 0.0944882 
vn -0.818898 0.496063 -0.283465 
vn -0.952756 0.307087 -0.0787402 
vn -0.80315 0.330709 -0.496063 
vn -0.551181 0.448819 -0.700787 
vn -0.708661 0.330709 0.622047 
vn 0.220472 0.023622 0.976378 
vn -0.779528 0.283465 0.559055 
vn -0.968504 0.244094 0.0393701 
vn -0.637795 0.370079 0.677165 
vn -0.645669 0.188976 0.740157 
vn -0.818898 0.496063 0.291339 
vn -0.889764 0.188976 0.425197 
vn -0.645669 0.582677 -0.496063 
vn -0.645669 0.582677 -0.496063 
vn -0.866142 0.440945 -0.244094 
vn -0.992126 -0.0944882 0.015748 
vn -0.929134 -0.11811 -0.354331 
vn -0.874016 -0.220472 -0.425197 
vn -0.96063 -0.259843 -0.0393701 
vn -0.80315 0.574803 0.15748 
vn -0.0551181 0.795276 -0.606299 
vn -0.385827 0.905512 0.173228 
vn 0.330709 0.566929 0.755906 
vn -0.220472 0.614173 -0.755906 
vn -0.80315 0.582677 -0.11811 
vn -0.401575 0.818898 0.417323 
vn 0.330709 0.566929 0.755906 
vn -0.102362 0.496063 -0.866142 
vn -0.661417 -0.299213 -0.692913 
vn -0.92126 0.385827 0.015748 
vn 0.00787402 0.330709 -0.944882 
vn -0.92126 0.173228 -0.346457 
vn -0.834646 0.0551181 -0.543307 
vn -0.905512 -0.15748 -0.393701 
vn -0.937008 0.354331 0.0472441 
vn -0.929134 0.354331 0.0629921 
vn -0.259843 0.330709 0.905512 
vn -0.834646 0.543307 -0.0393701 
vn -0.220472 0.220472 -0.952756 
vn 0.370079 0.771654 0.519685 
vn 0.850394 0.377953 0.354331 
vn 0.307087 0.929134 0.204724 
vn -0.92126 -0.141732 -0.362205 
vn -0.409449 0.220472 0.889764 
vn -0.826772 0.409449 -0.393701 
vn -0.322835 0.15748 -0.929134 
vn 0.370079 0.913386 -0.165354 
vn -0.464567 0.165354 0.866142 
vn -0.866142 0.299213 -0.401575 
vn 0.409449 -0.0314961 -0.913386 
vn -0.362205 0.102362 -0.929134 
vn -0.133858 0.511811 -0.850394 
vn -0.76378 0.622047 0.15748 
vn -0.669291 0.559055 0.488189 
vn -0.385827 0.0393701 -0.92126 
vn -0.480315 0.125984 0.866142 
vn -0.889764 0.204724 -0.409449 
vn -0.346457 0.385827 -0.858268 
vn -0.755906 0.456693 0.464567 
vn -0.755906 0.456693 0.464567 
vn -0.685039 -0.141732 -0.716535 
vn -0.433071 -0.417323 -0.795276 
vn -0.685039 0.0551181 -0.724409 
vn -0.472441 0.125984 0.874016 
vn -0.984252 0.15748 -0.0629921 
vn -0.417323 0.322835 -0.850394 
vn -0.818898 0.370079 0.440945 
vn -0.818898 0.370079 0.440945 
vn -0.661417 0.023622 -0.755906 
vn -0.984252 0.149606 -0.11811 
vn -0.464567 0.23622 -0.858268 
vn -0.850394 0.267717 0.456693 
vn -0.850394 0.267717 0.448819 
vn -0.299213 0.645669 -0.700787 
vn -0.740157 -0.023622 -0.669291 
vn -0.700787 0.519685 0.496063 
vn -0.952756 0.0787402 -0.291339 
vn -0.488189 0.188976 -0.850394 
vn -0.866142 0.173228 0.464567 
vn -0.968504 0.204724 0.133858 
vn -0.511811 0.535433 -0.669291 
vn -0.661417 -0.244094 -0.708661 
vn 0.944882 -0.181102 -0.259843 
vn -0.574803 0.275591 0.771654 
vn -0.897638 0 -0.433071 
vn -0.96063 0.23622 0.15748 
vn -0.566929 0.496063 -0.653543 
vn -0.472441 -0.204724 -0.858268 
vn -0.708661 -0.19685 -0.677165 
vn -0.834646 -0.11811 -0.535433 
vn -0.834646 -0.0314961 -0.551181 
vn -0.0787402 -0.0866142 -0.992126 
vn -0.598425 0.228346 0.771654 
vn -0.984252 0.0708661 -0.173228 
vn -0.598425 0.440945 -0.669291 
vn -0.874016 -0.401575 -0.275591 
vn -0.897638 -0.448819 -0.0393701 
vn -0.653543 0.188976 0.732283 
vn -0.677165 0.15748 0.724409 
vn -0.984252 0.125984 -0.0866142 
vn -0.84252 0.385827 -0.370079 
vn -0.92126 -0.322835 0.212598 
vn -0.92126 -0.220472 0.322835 
vn -0.889764 0.228346 0.393701 
vn -0.716535 0.0944882 0.692913 
vn -0.88189 -0.244094 0.401575 
vn -0.96063 -0.102362 0.251969 
vn -0.913386 -0.0787402 0.393701 
vn -0.88189 0.19685 0.433071 
vn -0.905512 0.307087 0.291339 
vn -0.818898 -0.0393701 0.574803 
vn -0.937008 0.110236 0.330709 
vn -0.866142 0.173228 0.472441 
vn -0.889764 0.0629921 0.448819 
vn 0.779528 0.338583 0.527559 
vn -0.866142 0.0393701 0.503937 
vn -0.874016 -0.102362 0.480315 
vn -0.850394 -0.015748 0.519685 
vn -0.692913 -0.11811 0.716535 
vn -0.362205 -0.204724 0.905512 
vn 0.669291 -0.19685 0.716535 
vn -0.779528 -0.023622 0.629921 
vn -0.110236 -0.362205 0.92126 
vn -0.181102 -0.393701 0.897638 
vn -0.866142 0.0629921 0.496063 
vn -0.251969 0.771654 -0.582677 
vn 0.314961 0.480315 -0.818898 
vn -0.645669 0.488189 0.582677 
vn -0.0393701 -0.307087 0.952756 
vn -0.19685 -0.370079 0.913386 
vn -0.755906 -0.102362 0.645669 
vn -0.464567 0.653543 -0.598425 
vn -0.637795 0.165354 0.755906 
vn -0.173228 -0.354331 0.92126 
vn -0.779528 -0.0393701 0.629921 
vn -0.653543 0.511811 -0.551181 
vn 0.0551181 0.448819 -0.889764 
vn -0.559055 0.566929 -0.606299 
vn 0.149606 0.456693 -0.88189 
vn -0.76378 0 0.645669 
vn -0.472441 0.677165 0.566929 
vn 0.102362 -0.629921 -0.76378 
vn -0.606299 -0.299213 -0.732283 
vn -0.433071 -0.535433 -0.724409 
vn -0.913386 -0.0866142 -0.401575 
vn -0.354331 0.0393701 0.937008 
vn -0.488189 0.0393701 0.874016 
vn -0.787402 0.204724 0.582677 
vn 0.220472 0.0314961 0.976378 
vn 0.220472 0.0314961 0.976378 
vn 0.220472 0.0314961 0.976378 
vn 0.220472 0.023622 0.976378 
vn 0.0551181 -0.0629921 1 
vn 0.102362 0.0393701 0.992126 
vn 0.141732 -0.0393701 0.992126 
vn 0.181102 -0.102362 0.976378 
vn -0.267717 0.472441 -0.84252 
vn 0.165354 0.897638 0.401575 
vn 0.204724 0.866142 0.456693 
vn 0.299213 0.913386 -0.275591 
vn 0.204724 0.866142 0.456693 
vn 0.677165 0.700787 0.228346 
vn 0.283465 0.850394 0.440945 
vn 0.141732 -0.0393701 0.992126 
vn 0.84252 0.448819 0.299213 
vn 0.283465 0.96063 0.0551181 
vn 0.92126 -0.393701 -0.0314961 
vn 0.937008 -0.322835 0.125984 
vn 0.968504 -0.204724 0.125984 
vn 0.897638 -0.440945 0.0393701 
vn -0.708661 0.511811 -0.480315 
vn -0.141732 0.527559 -0.834646 
vn -0.708661 0.511811 -0.480315 
vn -0.598425 -0.212598 0.771654 
vn -0.661417 -0.204724 0.724409 
vn -0.866142 0.283465 0.409449 
vn -0.708661 0.330709 0.622047 
vn 0.220472 0.023622 0.976378 
vn -0.779528 0.283465 0.559055 
vn -0.968504 0.244094 0.0393701 
vn -0.637795 0.370079 0.677165 
vn -0.322835 0.0472441 0.944882 
vn -0.645669 0.188976 0.740157 
vn -0.165354 -0.102362 0.984252 
vn -0.645669 0.582677 -0.496063 
vn 0.866142 -0.425197 0.267717 
vn 0.834646 -0.307087 0.456693 
vn 0.496063 -0.417323 0.755906 
vn 0.456693 -0.370079 0.811024 
vn 0.448819 -0.370079 0.811024 
vn 0.559055 -0.401575 0.724409 
vn 0.102362 0.0393701 0.992126 
vn -0.0393701 -0.0866142 0.992126 
vn 0.559055 -0.401575 0.724409 
vn 0.330709 0.566929 0.755906 
vn 0.330709 0.566929 0.755906 
vn 0.330709 0.566929 0.755906 
vn 0.96063 -0.19685 0.188976 
vn 0.251969 0.0787402 0.968504 
vn 0.291339 0 0.96063 
vn 0.850394 0.377953 0.354331 
vn 0.834646 0.448819 0.322835 
vn -0.259843 0.330709 0.905512 
vn 0.251969 0.0787402 0.968504 
vn 0.275591 -0.0551181 0.96063 
vn 0.543307 -0.102362 0.834646 
vn 0.370079 0.771654 0.519685 
vn 0.850394 0.377953 0.354331 
vn 0.976378 0.125984 -0.165354 
vn -0.409449 0.220472 0.889764 
vn 0.275591 -0.0551181 0.96063 
vn -0.464567 0.165354 0.866142 
vn -0.464567 0.165354 0.866142 
vn 0.244094 -0.015748 0.968504 
vn -0.464567 0.165354 0.866142 
vn -0.669291 0.559055 0.488189 
vn -0.0944882 0.244094 0.968504 
vn 0.314961 -0.23622 0.92126 
vn 0.322835 -0.204724 0.92126 
vn 0.346457 -0.228346 0.913386 
vn -0.480315 0.125984 0.866142 
vn 0.244094 -0.015748 0.968504 
vn -0.0944882 0.244094 0.968504 
vn 0.401575 -0.212598 0.889764 
vn -0.755906 0.456693 0.464567 
vn 0.346457 -0.228346 0.913386 
vn -0.472441 0.125984 0.874016 
vn 0.220472 0.0314961 0.976378 
vn -0.818898 0.370079 0.440945 
vn -0.818898 0.370079 0.440945 
vn 0.314961 -0.23622 0.92126 
vn 0.322835 -0.181102 0.929134 
vn 0.322835 -0.181102 0.929134 
vn -0.850394 0.267717 0.448819 
vn 0.322835 -0.181102 0.929134 
vn -0.700787 0.519685 0.496063 
vn -0.866142 0.173228 0.464567 
vn -0.338583 0 0.937008 
vn -0.338583 0 0.937008 
vn -0.574803 0.275591 0.771654 
vn 0.937008 0.125984 0.330709 
vn -0.598425 0.228346 0.771654 
vn -0.598425 0.23622 0.76378 
vn -0.322835 0.0472441 0.944882 
vn -0.598425 0.440945 -0.669291 
vn 0.496063 -0.417323 0.755906 
vn -0.653543 0.188976 0.732283 
vn -0.677165 0.15748 0.724409 
vn -0.645669 0.582677 -0.496063 
vn 0.874016 -0.456693 0.165354 
vn -0.716535 0.0944882 0.692913 
vn 0.456693 -0.370079 0.811024 
vn -0.88189 -0.244094 0.401575 
vn -0.96063 -0.102362 0.251969 
vn 0.677165 -0.354331 0.637795 
vn -0.88189 0.19685 0.433071 
vn 0.448819 -0.370079 0.811024 
vn -0.905512 0.307087 0.291339 
vn 0.84252 -0.204724 0.503937 
vn 0.677165 -0.354331 0.637795 
vn -0.818898 -0.0393701 0.574803 
vn 0.496063 -0.291339 0.818898 
vn 0.858268 -0.204724 0.472441 
vn 0.496063 -0.291339 0.818898 
vn 0.370079 -0.251969 0.897638 
vn 0.897638 0 0.440945 
vn -0.165354 -0.102362 0.984252 
vn -0.889764 0.0629921 0.448819 
vn 0.370079 -0.251969 0.897638 
vn 0.440945 -0.181102 0.88189 
vn 0.952756 0.0944882 0.291339 
vn 0.779528 0.338583 0.527559 
vn 0.92126 0.23622 0.314961 
vn 0.440945 -0.181102 0.88189 
vn -0.291339 -0.299213 0.905512 
vn 0.984252 0.0708661 0.165354 
vn 0.551181 -0.0944882 0.826772 
vn 0.590551 0.488189 0.637795 
vn 0.779528 0.338583 0.527559 
vn 0.511811 0.700787 0.488189 
vn 0.590551 -0.503937 0.629921 
vn 0.614173 -0.472441 0.629921 
vn 0.661417 -0.377953 0.645669 
vn 0.551181 -0.0944882 0.826772 
vn -0.291339 -0.204724 0.937008 
vn 0.669291 -0.19685 0.716535 
vn -0.692913 -0.11811 0.716535 
vn -0.362205 -0.204724 0.905512 
vn 0.669291 -0.19685 0.716535 
vn 0.913386 -0.393701 -0.0629921 
vn -0.779528 -0.023622 0.629921 
vn -0.110236 -0.362205 0.92126 
vn 0.661417 -0.377953 0.645669 
vn 0.92126 -0.385827 0.015748 
vn 0.244094 -0.19685 0.952756 
vn 0.0866142 -0.251969 0.968504 
vn 0.614173 -0.472441 0.629921 
vn -0.181102 -0.393701 0.897638 
vn -0.866142 0.0629921 0.496063 
vn -0.645669 0.488189 0.582677 
vn -0.0393701 -0.307087 0.952756 
vn -0.110236 -0.330709 0.937008 
vn 0.543307 -0.503937 0.669291 
vn 0.574803 -0.488189 0.653543 
vn -0.19685 -0.370079 0.913386 
vn 0.574803 -0.488189 0.653543 
vn -0.637795 0.165354 0.755906 
vn -0.173228 -0.354331 0.92126 
vn 0.543307 -0.503937 0.669291 
vn -0.110236 -0.330709 0.937008 
vn -0.354331 0.0393701 0.937008 
vn -0.787402 0.204724 0.582677 
vn 0.220472 0.0314961 0.976378 
vn 0.220472 0.023622 0.976378 
vn -0.661417 0.0393701 -0.748031 
vn 0.92126 0.244094 0.299213 
vn 0.755906 0.370079 0.543307 
vn 0.653543 0.590551 0.472441 
vn 0.141732 -0.0393701 0.992126 
vn 0.181102 -0.102362 0.976378 
vn 0.874016 0.377953 -0.299213 
vn 0.850394 0.503937 0.11811 
vn 0.181102 0.637795 -0.748031 
vn 0.417323 0.480315 -0.771654 
vn 0.110236 0.362205 -0.92126 
vn -0.220472 0.614173 -0.755906 
vn -0.0551181 0.795276 -0.606299 
vn 0.425197 0.724409 -0.543307 
vn 0.503937 0.590551 -0.629921 
vn 0.212598 0.866142 -0.456693 
vn -0.267717 0.472441 -0.84252 
vn 0.456693 0.771654 0.448819 
vn -0.267717 0.472441 -0.84252 
vn -0.401575 0.338583 -0.850394 
vn 0.0944882 0.795276 -0.606299 
vn -0.480315 0.795276 -0.362205 
vn -0.795276 0.559055 -0.244094 
vn -0.480315 0.795276 -0.362205 
vn 0.283465 0.913386 -0.299213 
vn 0.212598 0.905512 -0.362205 
vn 0.299213 0.913386 -0.275591 
vn 0.385827 0.905512 -0.188976 
vn 0.165354 0.897638 0.401575 
vn 0.204724 0.866142 0.456693 
vn 0.212598 0.905512 -0.362205 
vn 0.850394 0.496063 -0.173228 
vn 0.204724 0.866142 0.456693 
vn 0.677165 0.700787 0.228346 
vn 0.370079 0.661417 0.653543 
vn 0.283465 0.850394 0.440945 
vn 0.283465 0.96063 0.0551181 
vn 0.338583 0.944882 -0.0393701 
vn 0.748031 0.511811 -0.417323 
vn 0.850394 0.377953 -0.362205 
vn 0.968504 -0.204724 0.125984 
vn 0.314961 0.480315 -0.818898 
vn -0.708661 0.511811 -0.480315 
vn -0.897638 0.448819 0 
vn -0.141732 0.527559 -0.834646 
vn -0.708661 0.511811 -0.480315 
vn 0.354331 0.551181 -0.755906 
vn 0.874016 0.480315 0.0629921 
vn 0.88189 0.433071 -0.181102 
vn -0.818898 0.496063 -0.283465 
vn 0.220472 0.023622 0.976378 
vn -0.779528 0.283465 0.559055 
vn -0.818898 0.496063 0.291339 
vn -0.80315 0.574803 0.15748 
vn -0.566929 0.779528 0.259843 
vn -0.566929 0.779528 0.259843 
vn 0.401575 0.866142 0.299213 
vn 0.700787 0.692913 0.173228 
vn 0.212598 0.866142 -0.456693 
vn -0.0551181 0.795276 -0.606299 
vn -0.385827 0.905512 0.173228 
vn 0.401575 0.866142 0.299213 
vn 0.330709 0.566929 0.755906 
vn 0.330709 0.566929 0.755906 
vn 0.330709 0.566929 0.755906 
vn -0.220472 0.614173 -0.755906 
vn -0.401575 0.818898 0.417323 
vn 0.330709 0.566929 0.755906 
vn -0.929134 0.354331 0.0629921 
vn -0.834646 0.543307 -0.0393701 
vn 0.370079 0.771654 0.519685 
vn 0.850394 0.377953 0.354331 
vn 0.866142 0.448819 -0.220472 
vn 0.307087 0.929134 0.204724 
vn 0.716535 0.685039 -0.0866142 
vn -0.551181 0.448819 -0.700787 
vn 0.370079 0.913386 -0.165354 
vn 0.826772 0.496063 -0.259843 
vn -0.133858 0.511811 -0.850394 
vn -0.76378 0.622047 0.15748 
vn -0.433071 -0.417323 -0.795276 
vn -0.818898 0.370079 0.440945 
vn -0.456693 0.0787402 -0.889764 
vn 0.19685 0.267717 -0.944882 
vn -0.299213 0.645669 -0.700787 
vn -0.700787 0.519685 0.496063 
vn -0.952756 0.0787402 -0.291339 
vn -0.511811 0.535433 -0.669291 
vn 0.125984 0.19685 -0.968504 
vn 0.937008 0.125984 0.330709 
vn -0.322835 0.0472441 0.944882 
vn -0.645669 0.582677 -0.496063 
vn -0.165354 -0.102362 0.984252 
vn -0.889764 0.0629921 0.448819 
vn 0.779528 0.338583 0.527559 
vn 0.590551 0.488189 0.637795 
vn 0.779528 0.338583 0.527559 
vn 0.771654 0.574803 0.283465 
vn 0.511811 0.700787 0.488189 
vn 0.511811 0.84252 0.188976 
vn 0.346457 0.590551 -0.732283 
vn -0.251969 0.771654 -0.582677 
vn 0.314961 0.480315 -0.818898 
vn -0.645669 0.488189 0.582677 
vn -0.464567 0.653543 -0.598425 
vn 0.220472 0.433071 -0.874016 
vn -0.559055 0.566929 -0.606299 
vn 0.149606 0.456693 -0.88189 
vn -0.76378 0 0.645669 
vn -0.472441 0.677165 0.566929 
vn -0.433071 0.716535 0.543307 
vn 0.889764 0.125984 0.433071 
vn -0.433071 0.716535 0.543307 
vn 0.220472 0.0314961 0.976378 
vn 0.220472 0.0314961 0.976378 
vn 0.92126 0.244094 0.299213 
vn 0.96063 0.0314961 0.283465 
vn 0.755906 0.370079 0.543307 
vn 0.653543 0.590551 0.472441 
vn 0.141732 0.19685 -0.968504 
vn 0.858268 0.456693 -0.228346 
vn 0.826772 0.496063 -0.259843 
vn 0.866142 0.448819 -0.220472 
vn 0.889764 0.417323 -0.188976 
vn 0.874016 0.377953 -0.299213 
vn 0.897638 0.385827 -0.212598 
vn 0.929134 0.338583 -0.165354 
vn 0.984252 0.11811 -0.133858 
vn 0.944882 0.307087 -0.11811 
vn 0.952756 0.283465 -0.0944882 
vn 0.929134 0.307087 -0.19685 
vn 0.850394 0.503937 0.11811 
vn 0.992126 -0.0314961 -0.11811 
vn 0.937008 -0.307087 -0.181102 
vn 0.818898 -0.496063 -0.275591 
vn 0.181102 0.637795 -0.748031 
vn 0.417323 0.480315 -0.771654 
vn 0.110236 0.362205 -0.92126 
vn -0.220472 0.614173 -0.755906 
vn 0.425197 0.724409 -0.543307 
vn 0.503937 0.590551 -0.629921 
vn 0.212598 0.866142 -0.456693 
vn -0.267717 0.472441 -0.84252 
vn 0.456693 0.771654 0.448819 
vn -0.267717 0.472441 -0.84252 
vn 0.0944882 0.795276 -0.606299 
vn 0.212598 0.905512 -0.362205 
vn 0.850394 0.496063 -0.173228 
vn 0.818898 0.519685 -0.228346 
vn 0.299213 0.913386 -0.275591 
vn 0.204724 0.866142 0.456693 
vn 0.677165 0.700787 0.228346 
vn 0.141732 -0.0393701 0.992126 
vn 0.84252 0.448819 0.299213 
vn 0.88189 0.354331 0.314961 
vn 0.370079 0.661417 0.653543 
vn 0.338583 0.944882 -0.0393701 
vn 0.795276 0.582677 -0.149606 
vn 0.92126 -0.393701 -0.0314961 
vn 0.889764 -0.267717 -0.370079 
vn 0.897638 0.401575 -0.188976 
vn 0.748031 0.511811 -0.417323 
vn 0.850394 0.377953 -0.362205 
vn 0.976378 0.188976 -0.11811 
vn 0.952756 -0.251969 0.173228 
vn 0.937008 -0.322835 0.125984 
vn 0.968504 -0.204724 0.125984 
vn 0.905512 -0.433071 0.015748 
vn 0.897638 -0.440945 0.0393701 
vn 0.0866142 0.212598 -0.976378 
vn -0.023622 0.496063 -0.866142 
vn 0.291339 0.448819 -0.84252 
vn 0.19685 0.433071 -0.88189 
vn 0.314961 0.480315 -0.818898 
vn -0.141732 0.527559 -0.834646 
vn -0.708661 0.511811 -0.480315 
vn 0.346457 0.590551 -0.732283 
vn 0.354331 0.551181 -0.755906 
vn 0.874016 0.480315 0.0629921 
vn 0.976378 0.19685 0.0393701 
vn 0.952756 0.283465 0.133858 
vn 0.88189 0.433071 -0.181102 
vn 0.84252 0.314961 -0.440945 
vn 0.929134 0.377953 0.0314961 
vn 0.204724 -0.425197 -0.88189 
vn -0.0944882 -0.551181 -0.826772 
vn 0.574803 -0.559055 -0.598425 
vn 0.96063 -0.267717 -0.0551181 
vn 0.897638 -0.433071 0.0472441 
vn 0.795276 -0.464567 -0.385827 
vn 0.874016 -0.385827 -0.291339 
vn 0.968504 -0.220472 0.125984 
vn 0.905512 -0.267717 0.322835 
vn 0.866142 -0.425197 0.267717 
vn 0.834646 -0.307087 0.456693 
vn 0.456693 -0.370079 0.811024 
vn 0.700787 0.692913 0.173228 
vn 0.330709 0.566929 0.755906 
vn 0.330709 0.566929 0.755906 
vn 0.330709 0.566929 0.755906 
vn 0.976378 0.0708661 -0.19685 
vn 0.866142 -0.133858 -0.480315 
vn 1 -0.0787402 0.0393701 
vn 0.551181 0.0314961 -0.834646 
vn 0.92126 -0.212598 -0.322835 
vn 0.96063 -0.19685 0.188976 
vn 0.251969 0.0787402 0.968504 
vn 0.291339 0 0.96063 
vn 0.472441 -0.0314961 -0.88189 
vn 0.850394 0.377953 0.354331 
vn 0.834646 0.448819 0.322835 
vn 0.897638 -0.267717 -0.346457 
vn 0.543307 -0.102362 0.834646 
vn 0.716535 0.685039 -0.0866142 
vn 0.897638 0.0551181 0.433071 
vn 0.976378 0.125984 -0.165354 
vn 0.913386 -0.141732 -0.377953 
vn 0.409449 -0.0314961 -0.913386 
vn 0.88189 0.188976 -0.425197 
vn 0.866142 0.0551181 -0.496063 
vn 0.314961 -0.23622 0.92126 
vn 0.322835 -0.204724 0.92126 
vn 0.535433 0.125984 -0.834646 
vn 0.401575 -0.212598 0.889764 
vn 0.937008 -0.338583 -0.102362 
vn 0.850394 -0.283465 -0.448819 
vn -0.433071 -0.417323 -0.795276 
vn 0.23622 0.023622 -0.968504 
vn 0.503937 0.314961 -0.80315 
vn 0.283465 0.015748 -0.96063 
vn 0.322835 -0.181102 0.929134 
vn 0.80315 -0.267717 -0.527559 
vn 0.346457 -0.622047 -0.700787 
vn 0.622047 -0.511811 -0.598425 
vn -0.456693 0.0787402 -0.889764 
vn 0.818898 -0.173228 -0.543307 
vn 0.661417 -0.448819 -0.598425 
vn -0.952756 0.0787402 -0.291339 
vn 0.944882 -0.181102 -0.259843 
vn 0.937008 0.125984 0.330709 
vn -0.11811 -0.11811 -0.984252 
vn 0.826772 -0.425197 -0.377953 
vn 0.968504 0.244094 0 
vn 1 0.00787402 -0.015748 
vn 0.88189 -0.472441 0 
vn 0.976378 0.212598 0.0629921 
vn 0.992126 0.023622 0.125984 
vn -0.645669 0.582677 -0.496063 
vn 0.874016 -0.456693 0.165354 
vn 0.96063 0.110236 0.244094 
vn 0.937008 -0.0708661 0.346457 
vn 0.677165 -0.354331 0.637795 
vn 0.84252 -0.204724 0.503937 
vn 0.858268 -0.204724 0.472441 
vn 0.952756 0.291339 -0.0472441 
vn 0.976378 0.19685 0.11811 
vn 0.897638 0 0.440945 
vn 0.440945 -0.181102 0.88189 
vn 0.952756 0.0944882 0.291339 
vn 0.771654 0.574803 0.283465 
vn 0.779528 0.338583 0.527559 
vn 0.92126 0.23622 0.314961 
vn 0.937008 0.23622 0.244094 
vn 0.984252 0.0708661 0.165354 
vn 0.590551 0.488189 0.637795 
vn 0.779528 0.338583 0.527559 
vn 0.771654 0.574803 0.283465 
vn 0.629921 -0.464567 0.622047 
vn 0.590551 -0.503937 0.629921 
vn 0.614173 -0.472441 0.629921 
vn 0.661417 -0.377953 0.645669 
vn 0.669291 -0.19685 0.716535 
vn 0.511811 0.84252 0.188976 
vn 0.913386 -0.393701 -0.0629921 
vn 0.92126 -0.204724 -0.338583 
vn 0.984252 -0.173228 0.0472441 
vn 0.92126 -0.385827 0.015748 
vn 0.92126 -0.377953 0.015748 
vn 0.314961 0.480315 -0.818898 
vn 0.0866142 -0.251969 0.968504 
vn -0.110236 -0.330709 0.937008 
vn 0.307087 -0.692913 -0.653543 
vn 0.322835 -0.716535 -0.614173 
vn 0.984252 -0.110236 0.149606 
vn 0.889764 0.125984 0.433071 

vt 2.30233 -2.17625 
vt 2.28041 -2.17596 
vt 2.27307 -2.09831 
vt 2.29043 -2.11149 
vt 2.30126 -2.09221 
vt 2.28839 -2.07599 
vt 2.35155 -2.07317 
vt 2.35386 -2.26674 
vt 2.32891 -2.25224 
vt 2.33988 -2.26684 
vt 2.34826 -2.25664 
vt 2.33386 -2.23743 
vt 2.34077 -2.3046 
vt 2.33536 -2.31373 
vt 2.30425 -2.17996 
vt 2.35367 -2.06428 
vt 2.34859 -2.13304 
vt 2.35445 -2.12568 
vt 2.34649 -2.12246 
vt 2.34098 -2.12629 
vt 2.33684 -2.13037 
vt 2.35591 -2.13528 
vt 2.36053 -2.12815 
vt 2.31375 -2.08575 
vt 2.3024 -2.07078 
vt 2.31375 -2.08575 
vt 2.30126 -2.09221 
vt 2.31637 -2.09868 
vt 2.31624 -2.29664 
vt 2.30744 -2.30046 
vt 2.32328 -2.2879 
vt 2.31624 -2.29664 
vt 2.34132 -2.28116 
vt 2.34933 -2.27809 
vt 2.34933 -2.27809 
vt 2.35526 -2.26933 
vt 2.35513 -2.24847 
vt 2.31198 -2.17175 
vt 2.33083 -2.19447 
vt 2.34435 -2.2263 
vt 2.30782 -2.21647 
vt 2.32021 -2.23901 
vt 2.31734 -2.20394 
vt 2.30605 -2.15692 
vt 2.31171 -2.17036 
vt 2.32056 -2.16379 
vt 2.34309 -2.20468 
vt 2.33074 -2.18747 
vt 2.32552 -2.19991 
vt 2.33621 -2.21393 
vt 2.31896 -2.18749 
vt 2.29858 -2.14075 
vt 2.31871 -2.14649 
vt 2.29858 -2.14075 
vt 2.3446 -2.22021 
vt 2.34874 -2.21371 
vt 2.26853 -2.16204 
vt 2.26861 -2.17075 
vt 2.2815 -2.17748 
vt 2.28041 -2.17596 
vt 2.26038 -2.14649 
vt 2.28945 -2.1687 
vt 2.27761 -2.16096 
vt 2.26899 -1.94866 
vt 2.31274 -1.95886 
vt 2.29523 -1.98149 
vt 2.31038 -1.98098 
vt 2.3367 -1.97905 
vt 2.3298 -1.98691 
vt 2.29943 -2.1963 
vt 2.33684 -2.13037 
vt 2.35861 -2.11346 
vt 2.31869 -2.27035 
vt 2.30978 -2.28096 
vt 2.34098 -2.12629 
vt 2.33682 -2.11656 
vt 2.36012 -2.09738 
vt 2.34674 -2.11258 
vt 2.30852 -2.24423 
vt 2.30182 -2.26088 
vt 2.30978 -2.28096 
vt 2.29971 -2.28853 
vt 2.33601 -2.30829 
vt 2.3339 -2.10331 
vt 2.34652 -2.0973 
vt 2.30182 -2.26088 
vt 2.2913 -2.26968 
vt 2.33042 -2.09181 
vt 2.32808 -2.13944 
vt 2.30087 -2.20618 
vt 2.2815 -2.17748 
vt 2.29672 -2.24356 
vt 2.28428 -2.24798 
vt 2.29087 -2.21741 
vt 2.29672 -2.24356 
vt 2.32783 -2.31798 
vt 2.33536 -2.31373 
vt 2.34441 -2.08432 
vt 2.29991 -2.17026 
vt 2.29087 -2.21741 
vt 2.27785 -2.22231 
vt 2.32691 -2.30024 
vt 2.31855 -2.30709 
vt 2.3011 -2.14234 
vt 2.28481 -2.16788 
vt 2.28732 -2.19718 
vt 2.28732 -2.19718 
vt 2.27313 -2.19749 
vt 2.30723 -2.28887 
vt 2.31617 -2.28138 
vt 2.33422 -2.2885 
vt 2.30097 -2.04045 
vt 2.32112 -2.04956 
vt 2.32012 -2.02613 
vt 2.3062 -2.21924 
vt 2.28924 -2.20855 
vt 2.29626 -2.23225 
vt 2.30608 -2.11809 
vt 2.32027 -2.26276 
vt 2.3076 -2.26322 
vt 2.31617 -2.28138 
vt 2.28535 -2.13934 
vt 2.28481 -2.16788 
vt 2.2698 -2.16831 
vt 2.2961 -2.26651 
vt 2.3076 -2.26322 
vt 2.29129 -2.26667 
vt 2.33872 -2.04535 
vt 2.3404 -2.02488 
vt 2.29043 -2.11149 
vt 2.28535 -2.13934 
vt 2.26939 -2.13724 
vt 2.32691 -2.30024 
vt 2.29626 -2.23225 
vt 2.2844 -2.23572 
vt 2.33988 -2.26684 
vt 2.33177 -2.27122 
vt 2.32346 -2.00002 
vt 2.30312 -2.00453 
vt 2.283 -2.0442 
vt 2.34062 -1.99685 
vt 2.25965 -2.14113 
vt 2.28924 -2.20855 
vt 2.276 -2.2053 
vt 2.32109 -2.25685 
vt 2.32891 -2.25224 
vt 2.28549 -2.0098 
vt 2.30837 -2.17637 
vt 2.32021 -2.23901 
vt 2.31036 -2.24019 
vt 2.28389 -1.95084 
vt 2.27631 -1.98412 
vt 2.30733 -1.92115 
vt 2.28759 -1.91935 
vt 2.31769 -1.91549 
vt 2.30782 -2.21647 
vt 2.29829 -2.21809 
vt 2.28945 -2.1687 
vt 2.29943 -2.1963 
vt 2.28787 -2.19223 
vt 2.26768 -2.13866 
vt 2.33621 -2.21393 
vt 2.31774 -2.20302 
vt 2.33916 -2.06003 
vt 2.32351 -2.06633 
vt 2.34168 -2.0731 
vt 2.3269 -2.08049 
vt 2.21118 -2.16075 
vt 2.15441 -2.15357 
vt 2.35598 -2.11905 
vt 2.36904 -2.13127 
vt 2.27242 -2.11982 
vt 2.25885 -2.11745 
vt 2.26915 -2.14377 
vt 2.25699 -2.13687 
vt 2.2969 -2.1432 
vt 2.16391 -2.16568 
vt 2.1759 -2.1672 
vt 2.28865 -2.1293 
vt 2.30277 -2.11444 
vt 2.29935 -2.12577 
vt 2.1726 -2.14097 
vt 2.16965 -2.1536 
vt 2.1851 -2.1375 
vt 2.39852 -2.13516 
vt 2.1817 -2.15149 
vt 2.21365 -2.1282 
vt 2.22843 -2.12719 
vt 2.2153 -2.1458 
vt 2.23555 -2.14748 
vt 2.25628 -2.1477 
vt 2.278 -2.16302 
vt 2.3477 -2.11544 
vt 2.28111 -2.09467 
vt 2.29559 -2.0903 
vt 2.32245 -2.0875 
vt 2.35402 -2.08799 
vt 2.37393 -2.09292 
vt 2.18836 -2.16578 
vt 2.20309 -2.14623 
vt 2.19763 -2.16384 
vt 2.19227 -2.14876 
vt 2.35991 -2.12249 
vt 2.37718 -2.11257 
vt 2.27937 -2.11441 
vt 2.29661 -2.12477 
vt 2.3277 -2.12969 
vt 2.22702 -2.13284 
vt 2.22778 -2.14539 
vt 2.23079 -2.12147 
vt 2.34917 -2.09831 
vt 2.35686 -2.11149 
vt 2.36463 -2.07599 
vt 2.20736 -2.26674 
vt 2.20544 -2.27045 
vt 2.40515 -2.06428 
vt 2.46191 -2.12246 
vt 2.37179 -2.08575 
vt 2.37653 -2.07078 
vt 2.37179 -2.08575 
vt 2.37862 -2.08931 
vt 2.3849 -2.07946 
vt 2.32999 -2.30287 
vt 2.33997 -2.29664 
vt 2.33972 -2.30046 
vt 2.32046 -2.29955 
vt 2.3176 -2.29606 
vt 2.21331 -2.27872 
vt 2.22411 -2.28116 
vt 2.22893 -2.27809 
vt 2.20744 -2.15093 
vt 2.21456 -2.15692 
vt 2.22199 -2.14075 
vt 2.21604 -2.13161 
vt 2.22199 -2.14075 
vt 2.2285 -2.04803 
vt 2.22809 -2.01641 
vt 2.22002 -2.04265 
vt 2.30028 -2.08213 
vt 2.29166 -2.04806 
vt 2.28943 -2.08305 
vt 2.26088 -2.07228 
vt 2.25635 -2.0344 
vt 2.25161 -2.0654 
vt 2.3284 -2.07242 
vt 2.32434 -2.04236 
vt 2.31686 -2.07881 
vt 2.27823 -2.0807 
vt 2.27238 -2.11508 
vt 2.26868 -2.14329 
vt 2.28452 -2.14402 
vt 2.28664 -2.11718 
vt 2.30334 -2.16204 
vt 2.30029 -2.14705 
vt 2.29788 -2.17075 
vt 2.30379 -2.17748 
vt 2.30921 -2.16208 
vt 2.30916 -2.17596 
vt 2.3147 -2.17033 
vt 2.31329 -2.14649 
vt 2.26409 -2.15605 
vt 2.2676 -2.16646 
vt 2.22265 -2.12836 
vt 2.22067 -2.11367 
vt 2.25948 -2.1687 
vt 2.25918 -2.15386 
vt 2.25318 -2.16096 
vt 2.29425 -1.9872 
vt 2.32159 -1.98895 
vt 2.32132 -1.94866 
vt 2.29514 -1.94565 
vt 2.39185 -2.09078 
vt 2.45194 -2.13678 
vt 2.43927 -2.13305 
vt 2.41542 -2.12516 
vt 2.45621 -2.13037 
vt 2.44822 -2.12438 
vt 2.42309 -2.12368 
vt 2.41542 -2.12516 
vt 2.46039 -2.12629 
vt 2.45517 -2.11656 
vt 2.43455 -2.11379 
vt 2.34299 -2.28853 
vt 2.40213 -2.07853 
vt 2.39431 -2.06269 
vt 2.44373 -2.10331 
vt 2.42109 -2.10348 
vt 2.40914 -2.11302 
vt 2.3191 -2.2876 
vt 2.3312 -2.29113 
vt 2.34461 -2.26968 
vt 2.25749 -2.31329 
vt 2.25679 -2.30829 
vt 2.26725 -2.31874 
vt 2.43123 -2.09181 
vt 2.31868 -2.26888 
vt 2.33171 -2.27241 
vt 2.34569 -2.24798 
vt 2.27847 -2.31798 
vt 2.31844 -2.24732 
vt 2.33205 -2.24975 
vt 2.35241 -2.21741 
vt 2.34675 -2.22231 
vt 2.28249 -2.30709 
vt 2.26869 -2.30775 
vt 2.25666 -2.30151 
vt 2.34647 -2.19749 
vt 2.31812 -2.22237 
vt 2.33247 -2.22398 
vt 2.28579 -2.28887 
vt 2.27128 -2.28957 
vt 2.2583 -2.28413 
vt 2.38063 -2.04045 
vt 2.40268 -2.04956 
vt 2.34548 -2.16831 
vt 2.31727 -2.19882 
vt 2.33207 -2.19888 
vt 2.28888 -2.26651 
vt 2.27405 -2.26667 
vt 2.26046 -2.26301 
vt 2.34596 -2.13724 
vt 2.33079 -2.17015 
vt 2.29232 -2.23572 
vt 2.27695 -2.23531 
vt 2.26285 -2.23232 
vt 2.22788 -2.27122 
vt 2.36272 -2.0442 
vt 2.2142 -2.26764 
vt 2.33034 -2.14113 
vt 2.29461 -2.2053 
vt 2.26547 -2.20146 
vt 2.27951 -2.20358 
vt 2.23112 -2.25685 
vt 2.35774 -2.0098 
vt 2.33833 -2.00546 
vt 2.21661 -2.25295 
vt 2.33073 -2.10811 
vt 2.28229 -2.16987 
vt 2.23498 -2.24019 
vt 2.33766 -1.95084 
vt 2.33984 -1.98412 
vt 2.3418 -2.02089 
vt 2.34186 -2.05552 
vt 2.33522 -1.91935 
vt 2.22036 -2.23567 
vt 2.31497 -2.11399 
vt 2.24064 -2.21809 
vt 2.32074 -1.91467 
vt 2.29388 -1.91232 
vt 2.22562 -2.21341 
vt 2.2152 -2.20489 
vt 2.30071 -2.11668 
vt 2.24664 -2.19223 
vt 2.26231 -1.91174 
vt 2.26314 -1.94157 
vt 2.23187 -2.18673 
vt 2.22107 -2.17886 
vt 2.23949 -1.93895 
vt 2.24239 -1.9141 
vt 2.26181 -1.97919 
vt 2.23841 -2.1555 
vt 2.25674 -2.13866 
vt 2.23656 -1.97114 
vt 2.25868 -2.1087 
vt 2.24282 -2.12908 
vt 2.24675 -2.10037 
vt 2.15768 -2.20823 
vt 2.23604 -2.09155 
vt 2.24315 -2.05805 
vt 2.22438 -2.08323 
vt 2.21364 -2.07663 
vt 2.19975 -2.10094 
vt 2.19844 -2.10218 
vt 2.20825 -2.10485 
vt 2.19295 -2.12094 
vt 2.18522 -2.1376 
vt 2.20239 -2.12546 
vt 2.17319 -2.21762 
vt 2.18174 -2.21393 
vt 2.16134 -2.21256 
vt 2.16104 -2.18807 
vt 2.17745 -2.15393 
vt 2.19468 -2.14374 
vt 2.18174 -2.20302 
vt 2.16863 -2.19752 
vt 2.16899 -2.17205 
vt 2.18651 -2.16153 
vt 2.19945 -2.16853 
vt 2.20824 -2.17036 
vt 2.19048 -2.18653 
vt 2.19861 -2.18749 
vt 2.17763 -2.18017 
vt 2.40082 -2.10402 
vt 2.41323 -2.06003 
vt 2.41162 -2.06633 
vt 2.42069 -2.08049 
vt 2.41074 -2.0927 
vt 2.32956 -2.13284 
vt 2.33013 -2.14539 
vt 2.33879 -2.12147 
vt 2.314 -2.17625 
vt 2.31779 -2.20763 
vt 2.33223 -2.20017 
vt 2.33592 -2.17596 
vt 2.27826 -2.25812 
vt 2.26859 -2.25028 
vt 2.26247 -2.26674 
vt 2.27081 -2.27045 
vt 2.30258 -2.08575 
vt 2.31018 -2.29955 
vt 2.302 -2.29606 
vt 2.30009 -2.29664 
vt 2.302 -2.29606 
vt 2.29471 -2.28905 
vt 2.27308 -2.27872 
vt 2.26247 -2.26674 
vt 2.2569 -2.25994 
vt 2.27501 -2.28116 
vt 2.26213 -2.24466 
vt 2.29031 -2.18774 
vt 2.29632 -2.15474 
vt 2.27442 -2.22247 
vt 2.31775 -2.14075 
vt 2.29762 -2.14649 
vt 2.31775 -2.14075 
vt 2.33065 -2.01641 
vt 2.33222 -2.04265 
vt 2.35208 -2.14329 
vt 2.34807 -2.16208 
vt 2.33592 -2.17596 
vt 2.3491 -2.17033 
vt 2.35595 -2.14649 
vt 2.3422 -2.15605 
vt 2.32902 -2.17128 
vt 2.34367 -2.16646 
vt 2.31657 -2.14699 
vt 2.32688 -2.1687 
vt 2.28666 -1.94206 
vt 2.28249 -1.96835 
vt 2.28559 -2.22028 
vt 2.29781 -2.19725 
vt 2.30639 -2.17672 
vt 2.27744 -2.23365 
vt 2.26859 -2.25028 
vt 2.28748 -2.24314 
vt 2.27744 -2.23365 
vt 2.27195 -2.12516 
vt 2.25717 -2.11694 
vt 2.25414 -2.12578 
vt 2.29411 -2.26811 
vt 2.30896 -2.28114 
vt 2.29763 -2.27795 
vt 2.28032 -2.30829 
vt 2.27476 -2.29981 
vt 2.31812 -2.2876 
vt 2.30896 -2.28114 
vt 2.31796 -2.25961 
vt 2.31349 -2.23882 
vt 2.28802 -2.31329 
vt 2.28032 -2.30829 
vt 2.30843 -2.17243 
vt 2.32659 -2.26888 
vt 2.31796 -2.25961 
vt 2.33383 -2.24732 
vt 2.3235 -2.24242 
vt 2.3289 -2.21814 
vt 2.3235 -2.24242 
vt 2.29717 -2.30151 
vt 2.28848 -2.29251 
vt 2.30766 -2.2574 
vt 2.2951 -2.25713 
vt 2.29955 -2.27418 
vt 2.34023 -2.22237 
vt 2.3289 -2.21814 
vt 2.28848 -2.29251 
vt 2.28105 -2.28275 
vt 2.30864 -2.28413 
vt 2.29955 -2.27418 
vt 2.34473 -2.19882 
vt 2.33223 -2.20017 
vt 2.32504 -2.26667 
vt 2.31936 -2.26301 
vt 2.30766 -2.2574 
vt 2.31752 -2.22678 
vt 2.30775 -2.21425 
vt 2.32995 -2.23232 
vt 2.31752 -2.22678 
vt 2.28477 -2.26764 
vt 2.33729 -2.20146 
vt 2.32315 -2.20266 
vt 2.32315 -2.20266 
vt 2.29565 -2.25295 
vt 2.30796 -2.17637 
vt 2.30692 -2.23567 
vt 2.29792 -2.22684 
vt 2.32902 -2.17128 
vt 2.31804 -2.21809 
vt 2.28559 -2.22028 
vt 2.31927 -2.21341 
vt 2.31017 -2.20489 
vt 2.32688 -2.1687 
vt 2.30091 -1.912 
vt 2.32067 -2.17886 
vt 2.29781 -2.19725 
vt 2.33241 -1.93895 
vt 2.33048 -1.9141 
vt 2.30795 -1.93838 
vt 2.33905 -2.1555 
vt 2.30639 -2.17672 
vt 2.34865 -2.13866 
vt 2.31084 -1.914 
vt 2.30795 -1.93838 
vt 2.33097 -1.97114 
vt 2.30564 -1.9664 
vt 2.27946 -1.99994 
vt 2.30564 -1.9664 
vt 2.30325 -1.99967 
vt 2.28015 -2.04082 
vt 2.31657 -2.14699 
vt 2.35276 -2.10037 
vt 2.30325 -1.99967 
vt 2.30101 -2.03631 
vt 2.28461 -2.0806 
vt 2.26841 -2.20823 
vt 2.26491 -2.20389 
vt 2.30101 -2.03631 
vt 2.32144 -2.03911 
vt 2.28875 -2.11087 
vt 2.30189 -2.07362 
vt 2.27427 -2.21205 
vt 2.26841 -2.20823 
vt 2.27589 -2.21958 
vt 2.28826 -2.14702 
vt 2.29971 -2.13697 
vt 2.30242 -2.1211 
vt 2.30189 -2.07362 
vt 2.31956 -2.07289 
vt 2.30295 -2.10218 
vt 2.33232 -2.07663 
vt 2.31852 -2.10094 
vt 2.30295 -2.10218 
vt 2.26951 -2.19178 
vt 2.33 -2.10485 
vt 2.31644 -2.12094 
vt 2.30242 -2.1211 
vt 2.28013 -2.17178 
vt 2.28271 -2.203 
vt 2.27488 -2.19567 
vt 2.29971 -2.13697 
vt 2.31272 -2.1376 
vt 2.3261 -2.12546 
vt 2.28776 -2.21256 
vt 2.29364 -2.18807 
vt 2.28436 -2.17993 
vt 2.29025 -2.16743 
vt 2.29608 -2.14962 
vt 2.30783 -2.15393 
vt 2.29608 -2.14962 
vt 2.30014 -2.19752 
vt 2.30166 -2.17205 
vt 2.29025 -2.16743 
vt 2.28436 -2.17993 
vt 2.22702 -2.09385 
vt 2.23079 -2.08461 
vt 2.31414 -2.1094 
vt 2.30916 -2.08749 
vt 2.34917 -2.08014 
vt 2.37901 -2.15863 
vt 2.38747 -2.15448 
vt 2.37618 -2.1466 
vt 2.20736 -2.16093 
vt 2.20544 -2.15259 
vt 2.30212 -2.11133 
vt 2.35775 -2.15157 
vt 2.45747 -2.15567 
vt 2.45872 -2.16153 
vt 2.46191 -2.15357 
vt 2.45621 -2.14392 
vt 2.45194 -2.14891 
vt 2.44851 -2.16299 
vt 2.45151 -2.1676 
vt 2.44541 -2.15563 
vt 2.37179 -2.12082 
vt 2.36541 -2.13602 
vt 2.37179 -2.12082 
vt 2.36414 -2.10833 
vt 2.35438 -2.12345 
vt 2.37862 -2.13187 
vt 2.3849 -2.12026 
vt 2.37862 -2.13187 
vt 2.32999 -2.11365 
vt 2.32829 -2.12459 
vt 2.33997 -2.12332 
vt 2.33972 -2.11452 
vt 2.32046 -2.11322 
vt 2.3176 -2.1214 
vt 2.32829 -2.12459 
vt 2.32696 -2.1318 
vt 2.3176 -2.1214 
vt 2.31789 -2.12869 
vt 2.21691 -2.1612 
vt 2.21331 -2.15033 
vt 2.22411 -2.1484 
vt 2.22893 -2.15641 
vt 2.26035 -2.11905 
vt 2.24729 -2.13127 
vt 2.23127 -2.12709 
vt 2.18174 -2.14328 
vt 2.22199 -2.10566 
vt 2.21604 -2.09557 
vt 2.22324 -2.12578 
vt 2.22199 -2.10566 
vt 2.17602 -2.15582 
vt 2.2291 -2.13363 
vt 2.32739 -2.13927 
vt 2.30334 -2.0756 
vt 2.30916 -2.08749 
vt 2.3147 -2.07431 
vt 2.22265 -2.09415 
vt 2.39185 -2.12786 
vt 2.38689 -2.13988 
vt 2.38689 -2.13988 
vt 2.43245 -2.15424 
vt 2.43522 -2.16691 
vt 2.44541 -2.15563 
vt 2.45194 -2.14891 
vt 2.43927 -2.14342 
vt 2.43245 -2.15424 
vt 2.41542 -2.15145 
vt 2.41576 -2.16623 
vt 2.4237 -2.16927 
vt 2.45621 -2.14392 
vt 2.42309 -2.13961 
vt 2.41542 -2.15145 
vt 2.40914 -2.13648 
vt 2.3312 -2.10276 
vt 2.25749 -2.13539 
vt 2.25679 -2.14309 
vt 2.26807 -2.14551 
vt 2.26725 -2.13516 
vt 2.21781 -2.13516 
vt 2.30379 -2.08858 
vt 2.27847 -2.13491 
vt 2.28111 -2.14244 
vt 2.28249 -2.12563 
vt 2.26869 -2.1227 
vt 2.40268 -2.1282 
vt 2.27405 -2.09837 
vt 2.35686 -2.09751 
vt 2.23651 -2.14696 
vt 2.22788 -2.13885 
vt 2.2142 -2.13863 
vt 2.33034 -2.06673 
vt 2.23112 -2.12816 
vt 2.24103 -2.13599 
vt 2.26863 -2.11544 
vt 2.26305 -2.09439 
vt 2.25948 -2.09653 
vt 2.2254 -2.10684 
vt 2.24675 -2.07065 
vt 2.15768 -2.155 
vt 2.15441 -2.14913 
vt 2.15768 -2.155 
vt 2.16379 -2.15539 
vt 2.15961 -2.14751 
vt 2.16802 -2.14588 
vt 2.17271 -2.15168 
vt 2.17319 -2.13639 
vt 2.18174 -2.14328 
vt 2.16134 -2.13565 
vt 2.18174 -2.12482 
vt 2.19148 -2.1326 
vt 2.19048 -2.11642 
vt 2.19861 -2.12604 
vt 2.17763 -2.11447 
vt 2.40082 -2.13367 
vt 2.40018 -2.14519 
vt 2.40225 -2.16135 
vt 2.40018 -2.14519 
vt 2.30219 -2.17625 
vt 2.30215 -2.20763 
vt 2.23732 -2.07317 
vt 2.22154 -2.07897 
vt 2.22886 -2.09388 
vt 2.24015 -2.08794 
vt 2.37906 -2.25664 
vt 2.33511 -2.3046 
vt 2.33522 -2.31373 
vt 2.34826 -2.31552 
vt 2.34629 -2.30311 
vt 2.31421 -2.17996 
vt 2.31112 -2.15588 
vt 2.29933 -2.15251 
vt 2.33148 -2.17986 
vt 2.33079 -2.15823 
vt 2.34223 -2.1404 
vt 2.30401 -2.13342 
vt 2.25858 -2.07433 
vt 2.25745 -2.04068 
vt 2.2274 -2.0538 
vt 2.21118 -2.06428 
vt 2.15886 -2.13304 
vt 2.15761 -2.12568 
vt 2.15441 -2.12246 
vt 2.16012 -2.13037 
vt 2.16782 -2.13528 
vt 2.16482 -2.12815 
vt 2.17092 -2.13945 
vt 2.24454 -2.08575 
vt 2.25091 -2.08799 
vt 2.24454 -2.08575 
vt 2.26195 -2.09868 
vt 2.28804 -2.301 
vt 2.28937 -2.28903 
vt 2.27909 -2.2879 
vt 2.27636 -2.29664 
vt 2.29873 -2.29606 
vt 2.29844 -2.28905 
vt 2.40897 -2.26674 
vt 2.40345 -2.25994 
vt 2.3939 -2.26567 
vt 2.39942 -2.27694 
vt 2.3874 -2.27809 
vt 2.38467 -2.26933 
vt 2.40197 -2.24466 
vt 2.38885 -2.24847 
vt 2.34979 -2.15446 
vt 2.35598 -2.17175 
vt 2.36904 -2.16442 
vt 2.36309 -2.14651 
vt 2.37657 -2.19447 
vt 2.3934 -2.18774 
vt 2.38505 -2.15474 
vt 2.38384 -2.2263 
vt 2.40009 -2.22247 
vt 2.36413 -2.20394 
vt 2.40532 -2.16379 
vt 2.43214 -2.20468 
vt 2.41984 -2.18747 
vt 2.43459 -2.21393 
vt 2.39309 -2.14649 
vt 2.39434 -2.14075 
vt 2.44362 -2.22021 
vt 2.4403 -2.21371 
vt 2.38723 -2.13961 
vt 2.37876 -2.13068 
vt 2.37873 -2.14241 
vt 2.28894 -2.09634 
vt 2.28331 -2.12283 
vt 2.3422 -2.1575 
vt 2.27242 -1.95886 
vt 2.25885 -1.98098 
vt 2.26915 -1.97905 
vt 2.31727 -1.98015 
vt 2.33389 -1.95546 
vt 2.2969 -1.95131 
vt 2.29064 -1.97896 
vt 2.33573 -1.97789 
vt 2.35432 -1.97423 
vt 2.36713 -1.94206 
vt 2.3772 -1.96835 
vt 2.40186 -2.19725 
vt 2.18111 -2.13068 
vt 2.20091 -2.12516 
vt 2.20057 -2.11694 
vt 2.19263 -2.12578 
vt 2.17421 -2.11911 
vt 2.16391 -2.11346 
vt 2.18857 -2.10441 
vt 2.27547 -2.27035 
vt 2.1759 -2.09738 
vt 2.28865 -2.26811 
vt 2.30277 -2.28114 
vt 2.29935 -2.27795 
vt 2.27089 -2.24423 
vt 2.35953 -2.30829 
vt 2.35689 -2.29981 
vt 2.28723 -2.23919 
vt 2.30153 -2.23882 
vt 2.39852 -2.13944 
vt 2.28588 -2.20541 
vt 2.28427 -2.17243 
vt 2.26868 -2.20618 
vt 2.26392 -2.21741 
vt 2.28208 -2.14631 
vt 2.26901 -2.17026 
vt 2.36065 -2.2574 
vt 2.35633 -2.25713 
vt 2.26728 -2.14234 
vt 2.35707 -2.28275 
vt 2.34305 -2.28223 
vt 2.32998 -2.2885 
vt 2.21365 -2.04956 
vt 2.3188 -2.21924 
vt 2.26511 -2.11809 
vt 2.32433 -2.26276 
vt 2.35235 -2.21425 
vt 2.33945 -2.25446 
vt 2.2153 -2.04535 
vt 2.23555 -2.02488 
vt 2.25947 -2.11149 
vt 2.33507 -2.21522 
vt 2.25628 -1.99685 
vt 2.28598 -2.14113 
vt 2.278 -2.00546 
vt 2.3477 -2.17637 
vt 2.27937 -1.92115 
vt 2.29661 -1.91549 
vt 2.2966 -2.05028 
vt 2.30731 -2.01006 
vt 2.3277 -1.91392 
vt 2.33313 -2.05198 
vt 2.3352 -2.00887 
vt 2.35685 -2.1687 
vt 2.35991 -1.912 
vt 2.3666 -2.04813 
vt 2.3625 -2.00488 
vt 2.38206 -1.93838 
vt 2.37718 -1.914 
vt 2.38542 -1.99994 
vt 2.33348 -2.09686 
vt 2.37088 -2.0914 
vt 2.39258 -2.04082 
vt 2.40369 -2.03631 
vt 2.39892 -2.0806 
vt 2.45254 -2.21675 
vt 2.45865 -2.20823 
vt 2.45303 -2.20389 
vt 2.44663 -2.20921 
vt 2.4065 -2.11087 
vt 2.46191 -2.21205 
vt 2.45865 -2.20823 
vt 2.45254 -2.21675 
vt 2.41754 -2.12831 
vt 2.43088 -2.14702 
vt 2.43365 -2.13697 
vt 2.42548 -2.1211 
vt 2.41789 -2.10218 
vt 2.44831 -2.22345 
vt 2.44963 -2.19178 
vt 2.4389 -2.19628 
vt 2.41496 -2.15627 
vt 2.44299 -2.17178 
vt 2.42836 -2.17752 
vt 2.43459 -2.21393 
vt 2.45848 -2.19567 
vt 2.45343 -2.17993 
vt 2.18836 -2.08402 
vt 2.19763 -2.07525 
vt 2.20272 -2.08849 
vt 2.21408 -2.1046 

usemtl Handle1Mtl

f 3/3/3 4/4/4 5/5/5 
f 5/5/5 6/6/6 3/3/3 
f 9/9/9 10/10/10 11/11/11 
f 11/11/11 12/12/12 9/9/9 
f 17/17/17 18/18/18 19/19/19 
f 19/19/19 20/20/20 17/17/17 
f 17/17/17 20/20/20 21/21/21 
f 5/5/5 24/24/24 25/25/25 
f 25/25/25 6/6/6 5/5/5 
f 41/41/41 42/42/42 12/12/12 
f 12/12/12 43/43/43 41/41/41 
f 40/40/40 12/12/12 11/11/11 
f 39/39/39 43/43/43 12/12/12 
f 12/12/12 40/40/40 39/39/39 
f 44/44/44 45/45/45 46/46/46 
f 47/47/47 48/48/48 49/49/49 
f 49/49/49 50/50/50 47/47/47 
f 51/51/51 49/49/49 48/48/48 
f 44/44/44 46/46/46 53/53/53 
f 53/53/53 54/54/54 44/44/44 
f 50/50/50 55/55/55 56/56/56 
f 56/56/56 47/47/47 50/50/50 
f 59/59/59 57/57/57 58/58/58 
f 65/65/65 66/66/66 67/67/67 
f 68/68/68 65/65/65 67/67/67 
f 43/43/43 70/70/70 41/41/41 
f 31/31/31 73/73/73 74/74/74 
f 74/74/74 32/32/32 31/31/31 
f 12/12/12 42/42/42 9/9/9 
f 78/78/78 19/19/19 18/18/18 
f 18/18/18 72/72/72 78/78/78 
f 73/73/73 79/79/79 80/80/80 
f 80/80/80 74/74/74 73/73/73 
f 29/29/29 81/81/81 82/82/82 
f 82/82/82 30/30/30 29/29/29 
f 76/76/76 75/75/75 19/19/19 
f 19/19/19 78/78/78 76/76/76 
f 10/10/10 35/35/35 36/36/36 
f 36/36/36 11/11/11 10/10/10 
f 85/85/85 78/78/78 72/72/72 
f 72/72/72 77/77/77 85/85/85 
f 81/81/81 86/86/86 87/87/87 
f 87/87/87 82/82/82 81/81/81 
f 84/84/84 76/76/76 78/78/78 
f 78/78/78 85/85/85 84/84/84 
f 86/86/86 92/92/92 93/93/93 
f 93/93/93 87/87/87 86/86/86 
f 79/79/79 90/90/90 94/94/94 
f 94/94/94 95/95/95 79/79/79 
f 84/84/84 85/85/85 98/98/98 
f 92/92/92 100/100/100 101/101/101 
f 101/101/101 93/93/93 92/92/92 
f 97/97/97 102/102/102 103/103/103 
f 103/103/103 96/96/96 97/97/97 
f 99/99/99 105/105/105 106/106/106 
f 106/106/106 90/90/90 99/99/99 
f 107/107/107 108/108/108 101/101/101 
f 101/101/101 100/100/100 107/107/107 
f 109/109/109 103/103/103 102/102/102 
f 102/102/102 110/110/110 109/109/109 
f 113/113/113 114/114/114 112/112/112 
f 115/115/115 116/116/116 117/117/117 
f 119/119/119 120/120/120 121/121/121 
f 104/104/104 122/122/122 105/105/105 
f 105/105/105 99/99/99 104/104/104 
f 123/123/123 124/124/124 108/108/108 
f 108/108/108 107/107/107 123/123/123 
f 125/125/125 109/109/109 110/110/110 
f 110/110/110 126/126/126 125/125/125 
f 117/117/117 120/120/120 119/119/119 
f 119/119/119 115/115/115 117/117/117 
f 114/114/114 113/113/113 128/128/128 
f 118/118/118 130/130/130 122/122/122 
f 122/122/122 104/104/104 118/118/118 
f 131/131/131 132/132/132 124/124/124 
f 124/124/124 123/123/123 131/131/131 
f 111/111/111 119/119/119 121/121/121 
f 121/121/121 133/133/133 111/111/111 
f 134/134/134 135/135/135 125/125/125 
f 125/125/125 126/126/126 134/134/134 
f 137/137/137 33/33/33 34/34/34 
f 114/114/114 138/138/138 139/139/139 
f 139/139/139 112/112/112 114/114/114 
f 13/13/13 111/111/111 133/133/133 
f 133/133/133 14/14/14 13/13/13 
f 140/140/140 6/6/6 25/25/25 
f 129/129/129 141/141/141 138/138/138 
f 138/138/138 114/114/114 129/129/129 
f 132/132/132 131/131/131 4/4/4 
f 4/4/4 3/3/3 132/132/132 
f 116/116/116 115/115/115 15/15/15 
f 15/15/15 91/91/91 116/116/116 
f 143/143/143 144/144/144 135/135/135 
f 135/135/135 134/134/134 143/143/143 
f 145/145/145 137/137/137 136/136/136 
f 112/112/112 139/139/139 147/147/147 
f 144/144/144 143/143/143 59/59/59 
f 59/59/59 58/58/58 144/144/144 
f 149/149/149 150/150/150 145/145/145 
f 145/145/145 146/146/146 149/149/149 
f 151/151/151 152/152/152 66/66/66 
f 66/66/66 65/65/65 151/151/151 
f 66/66/66 147/147/147 139/139/139 
f 139/139/139 67/67/67 66/66/66 
f 151/151/151 65/65/65 153/153/153 
f 153/153/153 154/154/154 151/151/151 
f 150/150/150 149/149/149 156/156/156 
f 156/156/156 157/157/157 150/150/150 
f 147/147/147 66/66/66 152/152/152 
f 79/79/79 95/95/95 80/80/80 
f 157/157/157 156/156/156 159/159/159 
f 159/159/159 160/160/160 157/157/157 
f 70/70/70 43/43/43 38/38/38 
f 38/38/38 158/158/158 70/70/70 
f 160/160/160 159/159/159 62/62/62 
f 62/62/62 63/63/63 160/160/160 
f 90/90/90 106/106/106 94/94/94 
f 46/46/46 45/45/45 51/51/51 
f 51/51/51 48/48/48 46/46/46 
f 118/118/118 28/28/28 27/27/27 
f 27/27/27 130/130/130 118/118/118 
f 128/128/128 164/164/164 16/16/16 
f 113/113/113 165/165/165 164/164/164 
f 164/164/164 128/128/128 113/113/113 
f 88/88/88 98/98/98 166/166/166 
f 166/166/166 167/167/167 88/88/88 
f 166/166/166 164/164/164 165/165/165 
f 165/165/165 167/167/167 166/166/166 
f 138/138/138 69/69/69 67/67/67 
f 67/67/67 139/139/139 138/138/138 
f 141/141/141 69/69/69 138/138/138 
f 173/173/173 175/175/175 174/174/174 
f 181/181/181 180/180/180 179/179/179 
f 186/186/186 184/184/184 182/182/182 
f 189/189/189 190/190/190 188/188/188 
f 176/176/176 172/172/172 174/174/174 
f 178/178/178 199/199/199 186/186/186 
f 186/186/186 183/183/183 178/178/178 
f 199/199/199 201/201/201 202/202/202 
f 202/202/202 186/186/186 199/199/199 
f 200/200/200 202/202/202 201/201/201 
f 201/201/201 168/168/168 200/200/200 
f 174/174/174 175/175/175 191/191/191 
f 203/203/203 204/204/204 198/198/198 
f 198/198/198 197/197/197 203/203/203 
f 195/195/195 194/194/194 205/205/205 
f 205/205/205 206/206/206 195/195/195 
f 207/207/207 203/203/203 197/197/197 
f 197/197/197 196/196/196 207/207/207 
f 196/196/196 195/195/195 206/206/206 
f 206/206/206 207/207/207 196/196/196 
f 222/222/222 219/219/219 218/218/218 
f 231/231/231 232/232/232 233/233/233 
f 233/233/233 234/234/234 231/231/231 
f 236/236/236 237/237/237 238/238/238 
f 239/239/239 240/240/240 241/241/241 
f 242/242/242 243/243/243 244/244/244 
f 245/245/245 246/246/246 247/247/247 
f 241/241/241 240/240/240 248/248/248 
f 249/249/249 250/250/250 251/251/251 
f 251/251/251 252/252/252 249/249/249 
f 253/253/253 254/254/254 255/255/255 
f 260/260/260 257/257/257 259/259/259 
f 263/263/263 264/264/264 234/234/234 
f 265/265/265 266/266/266 267/267/267 
f 268/268/268 269/269/269 270/270/270 
f 270/270/270 271/271/271 268/268/268 
f 272/272/272 222/222/222 221/221/221 
f 273/273/273 276/276/276 277/277/277 
f 277/277/277 274/274/274 273/273/273 
f 276/276/276 280/280/280 281/281/281 
f 281/281/281 277/277/277 276/276/276 
f 282/282/282 278/278/278 274/274/274 
f 274/274/274 277/277/277 282/282/282 
f 222/222/222 272/272/272 284/284/284 
f 284/284/284 285/285/285 222/222/222 
f 277/277/277 281/281/281 286/286/286 
f 286/286/286 282/282/282 277/277/277 
f 287/287/287 288/288/288 278/278/278 
f 278/278/278 282/282/282 287/287/287 
f 225/225/225 283/283/283 290/290/290 
f 282/282/282 286/286/286 295/295/295 
f 295/295/295 287/287/287 282/282/282 
f 290/290/290 289/289/289 226/226/226 
f 226/226/226 223/223/223 290/290/290 
f 283/283/283 291/291/291 297/297/297 
f 297/297/297 290/290/290 283/283/283 
f 297/297/297 296/296/296 289/289/289 
f 289/289/289 290/290/290 297/297/297 
f 301/301/301 297/297/297 291/291/291 
f 291/291/291 298/298/298 301/301/301 
f 305/305/305 306/306/306 292/292/292 
f 301/301/301 300/300/300 296/296/296 
f 296/296/296 297/297/297 301/301/301 
f 298/298/298 303/303/303 309/309/309 
f 309/309/309 301/301/301 298/298/298 
f 311/311/311 312/312/312 306/306/306 
f 306/306/306 305/305/305 311/311/311 
f 313/313/313 285/285/285 314/314/314 
f 307/307/307 317/317/317 309/309/309 
f 309/309/309 303/303/303 307/307/307 
f 309/309/309 308/308/308 300/300/300 
f 300/300/300 301/301/301 309/309/309 
f 304/304/304 310/310/310 311/311/311 
f 311/311/311 305/305/305 304/304/304 
f 311/311/311 319/319/319 320/320/320 
f 320/320/320 312/312/312 311/311/311 
f 315/315/315 322/322/322 317/317/317 
f 317/317/317 307/307/307 315/315/315 
f 317/317/317 316/316/316 308/308/308 
f 308/308/308 309/309/309 317/317/317 
f 310/310/310 318/318/318 319/319/319 
f 319/319/319 311/311/311 310/310/310 
f 319/319/319 324/324/324 325/325/325 
f 325/325/325 320/320/320 319/319/319 
f 219/219/219 313/313/313 327/327/327 
f 315/315/315 321/321/321 329/329/329 
f 329/329/329 322/322/322 315/315/315 
f 322/322/322 259/259/259 316/316/316 
f 316/316/316 317/317/317 322/322/322 
f 324/324/324 319/319/319 318/318/318 
f 318/318/318 323/323/323 324/324/324 
f 331/331/331 325/325/325 324/324/324 
f 324/324/324 332/332/332 331/331/331 
f 229/229/229 326/326/326 328/328/328 
f 334/334/334 327/327/327 313/313/313 
f 321/321/321 211/211/211 337/337/337 
f 337/337/337 329/329/329 321/321/321 
f 260/260/260 259/259/259 322/322/322 
f 322/322/322 329/329/329 260/260/260 
f 258/258/258 257/257/257 253/253/253 
f 253/253/253 256/256/256 258/258/258 
f 330/330/330 332/332/332 324/324/324 
f 324/324/324 323/323/323 330/330/330 
f 262/262/262 331/331/331 332/332/332 
f 332/332/332 338/338/338 262/262/262 
f 333/333/333 336/336/336 328/328/328 
f 328/328/328 326/326/326 333/333/333 
f 342/342/342 343/343/343 327/327/327 
f 327/327/327 334/334/334 342/342/342 
f 211/211/211 343/343/343 245/245/245 
f 245/245/245 337/337/337 211/211/211 
f 346/346/346 260/260/260 329/329/329 
f 329/329/329 337/337/337 346/346/346 
f 257/257/257 260/260/260 254/254/254 
f 254/254/254 253/253/253 257/257/257 
f 332/332/332 330/330/330 255/255/255 
f 255/255/255 338/338/338 332/332/332 
f 339/339/339 345/345/345 336/336/336 
f 336/336/336 333/333/333 339/339/339 
f 341/341/341 342/342/342 334/334/334 
f 246/246/246 343/343/343 342/342/342 
f 271/271/271 270/270/270 348/348/348 
f 348/348/348 349/349/349 271/271/271 
f 247/247/247 346/346/346 337/337/337 
f 337/337/337 245/245/245 247/247/247 
f 260/260/260 346/346/346 352/352/352 
f 352/352/352 254/254/254 260/260/260 
f 338/338/338 255/255/255 254/254/254 
f 254/254/254 251/251/251 338/338/338 
f 345/345/345 339/339/339 347/347/347 
f 347/347/347 350/350/350 345/345/345 
f 269/269/269 246/246/246 342/342/342 
f 342/342/342 341/341/341 269/269/269 
f 247/247/247 246/246/246 240/240/240 
f 240/240/240 239/239/239 247/247/247 
f 349/349/349 354/354/354 355/355/355 
f 355/355/355 271/271/271 349/349/349 
f 351/351/351 350/350/350 356/356/356 
f 356/356/356 357/357/357 351/351/351 
f 346/346/346 247/247/247 239/239/239 
f 239/239/239 352/352/352 346/346/346 
f 251/251/251 254/254/254 352/352/352 
f 352/352/352 252/252/252 251/251/251 
f 261/261/261 266/266/266 265/265/265 
f 350/350/350 347/347/347 353/353/353 
f 353/353/353 356/356/356 350/350/350 
f 268/268/268 240/240/240 246/246/246 
f 246/246/246 269/269/269 268/268/268 
f 358/358/358 355/355/355 354/354/354 
f 354/354/354 359/359/359 358/358/358 
f 360/360/360 268/268/268 271/271/271 
f 271/271/271 355/355/355 360/360/360 
f 357/357/357 356/356/356 361/361/361 
f 361/361/361 209/209/209 357/357/357 
f 241/241/241 252/252/252 352/352/352 
f 352/352/352 239/239/239 241/241/241 
f 266/266/266 261/261/261 250/250/250 
f 250/250/250 362/362/362 266/266/266 
f 356/356/356 353/353/353 267/267/267 
f 267/267/267 361/361/361 356/356/356 
f 243/243/243 240/240/240 268/268/268 
f 268/268/268 360/360/360 243/243/243 
f 363/363/363 360/360/360 355/355/355 
f 355/355/355 358/358/358 363/363/363 
f 242/242/242 248/248/248 240/240/240 
f 240/240/240 243/243/243 242/242/242 
f 248/248/248 249/249/249 252/252/252 
f 252/252/252 241/241/241 248/248/248 
f 362/362/362 250/250/250 249/249/249 
f 249/249/249 364/364/364 362/362/362 
f 361/361/361 267/267/267 362/362/362 
f 362/362/362 365/365/365 361/361/361 
f 237/237/237 243/243/243 360/360/360 
f 360/360/360 363/363/363 237/237/237 
f 364/364/364 249/249/249 248/248/248 
f 248/248/248 242/242/242 364/364/364 
f 365/365/365 362/362/362 364/364/364 
f 364/364/364 366/366/366 365/365/365 
f 213/213/213 327/327/327 343/343/343 
f 343/343/343 211/211/211 213/213/213 
f 366/366/366 364/364/364 242/242/242 
f 242/242/242 244/244/244 366/366/366 
f 208/208/208 263/263/263 233/233/233 
f 368/368/368 366/366/366 244/244/244 
f 244/244/244 369/369/369 368/368/368 
f 236/236/236 369/369/369 243/243/243 
f 243/243/243 237/237/237 236/236/236 
f 263/263/263 208/208/208 210/210/210 
f 210/210/210 264/264/264 263/263/263 
f 370/370/370 368/368/368 369/369/369 
f 369/369/369 236/236/236 370/370/370 
f 371/371/371 370/370/370 236/236/236 
f 236/236/236 238/238/238 371/371/371 
f 264/264/264 210/210/210 368/368/368 
f 368/368/368 370/370/370 264/264/264 
f 374/374/374 264/264/264 370/370/370 
f 370/370/370 371/371/371 374/374/374 
f 372/372/372 375/375/375 377/377/377 
f 264/264/264 374/374/374 377/377/377 
f 377/377/377 234/234/234 264/264/264 
f 375/375/375 376/376/376 383/383/383 
f 383/383/383 377/377/377 375/375/375 
f 250/250/250 262/262/262 338/338/338 
f 338/338/338 251/251/251 250/250/250 
f 362/362/362 267/267/267 266/266/266 
f 377/377/377 383/383/383 231/231/231 
f 231/231/231 234/234/234 377/377/377 
f 376/376/376 382/382/382 387/387/387 
f 387/387/387 383/383/383 376/376/376 
f 232/232/232 231/231/231 388/388/388 
f 388/388/388 389/389/389 232/232/232 
f 385/385/385 380/380/380 378/378/378 
f 378/378/378 384/384/384 385/385/385 
f 386/386/386 381/381/381 385/385/385 
f 385/385/385 392/392/392 386/386/386 
f 382/382/382 386/386/386 392/392/392 
f 392/392/392 387/387/387 382/382/382 
f 383/383/383 387/387/387 388/388/388 
f 388/388/388 231/231/231 383/383/383 
f 388/388/388 390/390/390 391/391/391 
f 391/391/391 389/389/389 388/388/388 
f 392/392/392 385/385/385 384/384/384 
f 384/384/384 390/390/390 392/392/392 
f 387/387/387 392/392/392 390/390/390 
f 390/390/390 388/388/388 387/387/387 
f 366/366/366 368/368/368 210/210/210 
f 210/210/210 365/365/365 366/366/366 
f 243/243/243 369/369/369 244/244/244 
f 285/285/285 313/313/313 219/219/219 
f 219/219/219 222/222/222 285/285/285 
f 365/365/365 210/210/210 209/209/209 
f 209/209/209 361/361/361 365/365/365 
f 245/245/245 343/343/343 246/246/246 
f 270/270/270 269/269/269 341/341/341 
f 341/341/341 340/340/340 270/270/270 
f 270/270/270 340/340/340 344/344/344 
f 344/344/344 348/348/348 270/270/270 
f 285/285/285 284/284/284 395/395/395 
f 395/395/395 314/314/314 285/285/285 
f 287/287/287 295/295/295 396/396/396 
f 396/396/396 397/397/397 287/287/287 
f 288/288/288 287/287/287 397/397/397 
f 397/397/397 393/393/393 288/288/288 
f 272/272/272 393/393/393 397/397/397 
f 397/397/397 284/284/284 272/272/272 
f 284/284/284 397/397/397 396/396/396 
f 396/396/396 395/395/395 284/284/284 
f 398/398/398 399/399/399 400/400/400 
f 401/401/401 402/402/402 403/403/403 
f 403/403/403 404/404/404 401/401/401 
f 405/405/405 406/406/406 407/407/407 
f 407/407/407 408/408/408 405/405/405 
f 429/429/429 430/430/430 431/431/431 
f 433/433/433 434/434/434 435/435/435 
f 428/428/428 433/433/433 435/435/435 
f 398/398/398 436/436/436 399/399/399 
f 422/422/422 440/440/440 441/441/441 
f 441/441/441 420/420/420 422/422/422 
f 442/442/442 420/420/420 441/441/441 
f 440/440/440 422/422/422 443/443/443 
f 443/443/443 422/422/422 419/419/419 
f 419/419/419 444/444/444 443/443/443 
f 444/444/444 419/419/419 417/417/417 
f 417/417/417 416/416/416 444/444/444 
f 445/445/445 446/446/446 406/406/406 
f 406/406/406 405/405/405 445/445/445 
f 447/447/447 448/448/448 449/449/449 
f 414/414/414 413/413/413 451/451/451 
f 451/451/451 452/452/452 414/414/414 
f 411/411/411 410/410/410 455/455/455 
f 455/455/455 456/456/456 411/411/411 
f 451/451/451 457/457/457 458/458/458 
f 451/451/451 458/458/458 450/450/450 
f 462/462/462 463/463/463 456/456/456 
f 456/456/456 455/455/455 462/462/462 
f 464/464/464 465/465/465 463/463/463 
f 463/463/463 462/462/462 464/464/464 
f 466/466/466 402/402/402 458/458/458 
f 458/458/458 467/467/467 466/466/466 
f 468/468/468 469/469/469 460/460/460 
f 460/460/460 459/459/459 468/468/468 
f 470/470/470 471/471/471 472/472/472 
f 473/473/473 474/474/474 465/465/465 
f 465/465/465 464/464/464 473/473/473 
f 454/454/454 453/453/453 475/475/475 
f 475/475/475 476/476/476 454/454/454 
f 472/472/472 471/471/471 476/476/476 
f 476/476/476 475/475/475 472/472/472 
f 477/477/477 478/478/478 469/469/469 
f 469/469/469 468/468/468 477/477/477 
f 473/473/473 479/479/479 480/480/480 
f 480/480/480 474/474/474 473/473/473 
f 482/482/482 483/483/483 478/478/478 
f 478/478/478 477/477/477 482/482/482 
f 484/484/484 485/485/485 471/471/471 
f 471/471/471 470/470/470 484/484/484 
f 430/430/430 480/480/480 479/479/479 
f 479/479/479 431/431/431 430/430/430 
f 486/486/486 487/487/487 483/483/483 
f 483/483/483 482/482/482 486/486/486 
f 488/488/488 405/405/405 408/408/408 
f 408/408/408 415/415/415 488/488/488 
f 486/486/486 489/489/489 490/490/490 
f 490/490/490 487/487/487 486/486/486 
f 491/491/491 485/485/485 484/484/484 
f 405/405/405 488/488/488 492/492/492 
f 492/492/492 445/445/445 405/405/405 
f 434/434/434 490/490/490 489/489/489 
f 489/489/489 435/435/435 434/434/434 
f 445/445/445 492/492/492 494/494/494 
f 494/494/494 495/495/495 445/445/445 
f 493/493/493 485/485/485 491/491/491 
f 491/491/491 496/496/496 493/493/493 
f 467/467/467 458/458/458 457/457/457 
f 446/446/446 445/445/445 495/495/495 
f 495/495/495 498/498/498 446/446/446 
f 494/494/494 499/499/499 500/500/500 
f 500/500/500 495/495/495 494/494/494 
f 495/495/495 500/500/500 504/504/504 
f 504/504/504 498/498/498 495/495/495 
f 437/437/437 434/434/434 433/433/433 
f 502/502/502 438/438/438 507/507/507 
f 500/500/500 503/503/503 509/509/509 
f 509/509/509 504/504/504 500/500/500 
f 403/403/403 402/402/402 466/466/466 
f 505/505/505 506/506/506 511/511/511 
f 511/511/511 512/512/512 505/505/505 
f 438/438/438 439/439/439 514/514/514 
f 514/514/514 507/507/507 438/438/438 
f 436/436/436 509/509/509 503/503/503 
f 503/503/503 399/399/399 436/436/436 
f 512/512/512 516/516/516 513/513/513 
f 513/513/513 505/505/505 512/512/512 
f 439/439/439 515/515/515 517/517/517 
f 517/517/517 514/514/514 439/439/439 
f 421/421/421 420/420/420 442/442/442 
f 442/442/442 519/519/519 421/421/421 
f 513/513/513 516/516/516 521/521/521 
f 521/521/521 426/426/426 513/513/513 
f 522/522/522 517/517/517 515/515/515 
f 515/515/515 518/518/518 522/522/522 
f 519/519/519 425/425/425 424/424/424 
f 526/526/526 527/527/527 426/426/426 
f 426/426/426 521/521/521 526/526/526 
f 529/529/529 522/522/522 518/518/518 
f 518/518/518 523/523/523 529/529/529 
f 423/423/423 436/436/436 398/398/398 
f 536/536/536 537/537/537 527/527/527 
f 527/527/527 526/526/526 536/536/536 
f 538/538/538 529/529/529 523/523/523 
f 523/523/523 528/528/528 538/538/538 
f 427/427/427 527/527/527 537/537/537 
f 537/537/537 539/539/539 427/427/427 
f 540/540/540 537/537/537 536/536/536 
f 536/536/536 541/541/541 540/540/540 
f 539/539/539 537/537/537 540/540/540 
f 540/540/540 543/543/543 539/539/539 
f 544/544/544 540/540/540 541/541/541 
f 541/541/541 545/545/545 544/544/544 
f 531/531/531 530/530/530 547/547/547 
f 547/547/547 548/548/548 531/531/531 
f 545/545/545 549/549/549 550/550/550 
f 550/550/550 544/544/544 545/545/545 
f 551/551/551 543/543/543 540/540/540 
f 552/552/552 547/547/547 530/530/530 
f 530/530/530 532/532/532 552/552/552 
f 548/548/548 547/547/547 553/553/553 
f 553/553/553 554/554/554 548/548/548 
f 555/555/555 556/556/556 533/533/533 
f 533/533/533 546/546/546 555/555/555 
f 557/557/557 550/550/550 549/549/549 
f 549/549/549 558/558/558 557/557/557 
f 559/559/559 553/553/553 547/547/547 
f 547/547/547 552/552/552 559/559/559 
f 554/554/554 553/553/553 560/560/560 
f 560/560/560 561/561/561 554/554/554 
f 560/560/560 557/557/557 558/558/558 
f 558/558/558 561/561/561 560/560/560 
f 527/527/527 427/427/427 426/426/426 
f 534/534/534 533/533/533 556/556/556 
f 562/562/562 546/546/546 542/542/542 
f 555/555/555 546/546/546 562/562/562 
f 578/578/578 579/579/579 575/575/575 
f 576/576/576 575/575/575 580/580/580 
f 580/580/580 581/581/581 576/576/576 
f 575/575/575 579/579/579 582/582/582 
f 582/582/582 580/580/580 575/575/575 
f 570/570/570 584/584/584 574/574/574 
f 585/585/585 586/586/586 587/587/587 
f 587/587/587 584/584/584 585/585/585 
f 583/583/583 588/588/588 589/589/589 
f 590/590/590 585/585/585 584/584/584 
f 584/584/584 570/570/570 590/590/590 
f 591/591/591 592/592/592 593/593/593 
f 593/593/593 594/594/594 591/591/591 
f 595/595/595 596/596/596 592/592/592 
f 592/592/592 591/591/591 595/595/595 
f 599/599/599 600/600/600 598/598/598 
f 601/601/601 602/602/602 572/572/572 
f 572/572/572 571/571/571 601/601/601 
f 603/603/603 602/602/602 601/601/601 
f 601/601/601 604/604/604 603/603/603 
f 588/588/588 621/621/621 620/620/620 
f 570/570/570 569/569/569 622/622/622 
f 622/622/622 590/590/590 570/570/570 
f 582/582/582 623/623/623 624/624/624 
f 624/624/624 580/580/580 582/582/582 
f 625/625/625 626/626/626 627/627/627 
f 627/627/627 628/628/628 625/625/625 
f 629/629/629 631/631/631 624/624/624 
f 623/623/623 629/629/629 624/624/624 
f 628/628/628 627/627/627 633/633/633 
f 633/633/633 634/634/634 628/628/628 
f 636/636/636 591/591/591 594/594/594 
f 637/637/637 638/638/638 639/639/639 
f 639/639/639 640/640/640 637/637/637 
f 614/614/614 611/611/611 641/641/641 
f 642/642/642 573/573/573 565/565/565 
f 565/565/565 566/566/566 642/642/642 
f 643/643/643 640/640/640 639/639/639 
f 639/639/639 644/644/644 643/643/643 
f 637/637/637 640/640/640 646/646/646 
f 643/643/643 645/645/645 646/646/646 
f 646/646/646 640/640/640 643/643/643 
f 604/604/604 650/650/650 651/651/651 
f 652/652/652 602/602/602 603/603/603 
f 650/650/650 655/655/655 654/654/654 
f 658/658/658 605/605/605 656/656/656 
f 656/656/656 657/657/657 658/658/658 
f 611/611/611 607/607/607 659/659/659 
f 664/664/664 665/665/665 662/662/662 
f 666/666/666 665/665/665 664/664/664 
f 664/664/664 667/667/667 666/666/666 
f 668/668/668 666/666/666 667/667/667 
f 667/667/667 669/669/669 668/668/668 
f 587/587/587 615/615/615 574/574/574 
f 574/574/574 584/584/584 587/587/587 
f 671/671/671 668/668/668 669/669/669 
f 669/669/669 672/672/672 671/671/671 
f 670/670/670 665/665/665 666/666/666 
f 666/666/666 668/668/668 670/670/670 
f 610/610/610 609/609/609 619/619/619 
f 673/673/673 671/671/671 672/672/672 
f 672/672/672 674/674/674 673/673/673 
f 635/635/635 676/676/676 677/677/677 
f 634/634/634 633/633/633 635/635/635 
f 635/635/635 677/677/677 634/634/634 
f 678/678/678 630/630/630 629/629/629 
f 629/629/629 679/679/679 678/678/678 
f 569/569/569 678/678/678 679/679/679 
f 679/679/679 622/622/622 569/569/569 
f 676/676/676 620/620/620 621/621/621 
f 621/621/621 677/677/677 676/676/676 
f 682/682/682 683/683/683 684/684/684 
f 684/684/684 685/685/685 682/682/682 
f 687/687/687 688/688/688 689/689/689 
f 689/689/689 690/690/690 687/687/687 
f 680/680/680 691/691/691 692/692/692 
f 692/692/692 693/693/693 680/680/680 
f 691/691/691 694/694/694 695/695/695 
f 695/695/695 692/692/692 691/691/691 
f 695/695/695 696/696/696 697/697/697 
f 697/697/697 692/692/692 695/695/695 
f 682/682/682 698/698/698 699/699/699 
f 699/699/699 700/700/700 682/682/682 
f 700/700/700 701/701/701 683/683/683 
f 683/683/683 682/682/682 700/700/700 
f 698/698/698 682/682/682 685/685/685 
f 713/713/713 714/714/714 715/715/715 
f 715/715/715 716/716/716 713/713/713 
f 714/714/714 713/713/713 717/717/717 
f 719/719/719 720/720/720 721/721/721 
f 721/721/721 722/722/722 719/719/719 
f 723/723/723 722/722/722 721/721/721 
f 721/721/721 724/724/724 723/723/723 
f 720/720/720 725/725/725 726/726/726 
f 726/726/726 721/721/721 720/720/720 
f 727/727/727 728/728/728 729/729/729 
f 729/729/729 730/730/730 727/727/727 
f 729/729/729 731/731/731 732/732/732 
f 732/732/732 733/733/733 729/729/729 
f 734/734/734 726/726/726 725/725/725 
f 725/725/725 735/735/735 734/734/734 
f 726/726/726 686/686/686 724/724/724 
f 724/724/724 721/721/721 726/726/726 
f 731/731/731 729/729/729 728/728/728 
f 728/728/728 736/736/736 731/731/731 
f 731/731/731 734/734/734 735/735/735 
f 735/735/735 732/732/732 731/731/731 
f 686/686/686 726/726/726 734/734/734 
f 745/745/745 746/746/746 747/747/747 
f 746/746/746 696/696/696 730/730/730 
f 730/730/730 747/747/747 746/746/746 
f 729/729/729 733/733/733 747/747/747 
f 747/747/747 730/730/730 729/729/729 
f 697/697/697 748/748/748 749/749/749 
f 692/692/692 697/697/697 693/693/693 
f 750/750/750 696/696/696 695/695/695 
f 754/754/754 755/755/755 756/756/756 
f 756/756/756 757/757/757 754/754/754 
f 758/758/758 755/755/755 754/754/754 
f 758/758/758 759/759/759 755/755/755 
f 760/760/760 755/755/755 759/759/759 
f 759/759/759 761/761/761 760/760/760 
f 763/763/763 767/767/767 707/707/707 
f 707/707/707 706/706/706 763/763/763 
f 768/768/768 703/703/703 707/707/707 
f 707/707/707 767/767/767 768/768/768 
f 766/766/766 765/765/765 769/769/769 
f 766/766/766 769/769/769 767/767/767 
f 763/763/763 766/766/766 767/767/767 
f 771/771/771 768/768/768 767/767/767 
f 767/767/767 769/769/769 771/771/771 
f 772/772/772 770/770/770 715/715/715 
f 715/715/715 714/714/714 772/772/772 
f 774/774/774 772/772/772 714/714/714 
f 714/714/714 718/718/718 774/774/774 
f 776/776/776 777/777/777 690/690/690 
f 690/690/690 689/689/689 776/776/776 
f 778/778/778 775/775/775 770/770/770 
f 770/770/770 772/772/772 778/778/778 
f 779/779/779 778/778/778 772/772/772 
f 746/746/746 745/745/745 780/780/780 
f 781/781/781 681/681/681 680/680/680 
f 680/680/680 782/782/782 781/781/781 
f 778/778/778 781/781/781 783/783/783 
f 783/783/783 775/775/775 778/778/778 
f 696/696/696 727/727/727 730/730/730 
f 696/696/696 750/750/750 727/727/727 
f 781/781/781 778/778/778 779/779/779 
f 779/779/779 681/681/681 781/781/781 
f 782/782/782 680/680/680 693/693/693 
f 693/693/693 785/785/785 782/782/782 
f 782/782/782 786/786/786 783/783/783 
f 783/783/783 781/781/781 782/782/782 
f 785/785/785 693/693/693 697/697/697 
f 697/697/697 749/749/749 785/785/785 
f 785/785/785 789/789/789 786/786/786 
f 786/786/786 782/782/782 785/785/785 
f 791/791/791 792/792/792 687/687/687 
f 687/687/687 690/690/690 791/791/791 
f 749/749/749 795/795/795 789/789/789 
f 789/789/789 785/785/785 749/749/749 
f 777/777/777 790/790/790 791/791/791 
f 791/791/791 690/690/690 777/777/777 
f 796/796/796 792/792/792 791/791/791 
f 791/791/791 798/798/798 796/796/796 
f 788/788/788 798/798/798 791/791/791 
f 791/791/791 790/790/790 788/788/788 
f 798/798/798 802/802/802 794/794/794 
f 794/794/794 796/796/796 798/798/798 
f 797/797/797 802/802/802 798/798/798 
f 798/798/798 788/788/788 797/797/797 
f 794/794/794 802/802/802 694/694/694 
f 694/694/694 691/691/691 794/794/794 
f 753/753/753 757/757/757 756/756/756 
f 699/699/699 805/805/805 803/803/803 
f 803/803/803 800/800/800 699/699/699 
f 802/802/802 797/797/797 806/806/806 
f 806/806/806 694/694/694 802/802/802 
f 750/750/750 695/695/695 694/694/694 
f 694/694/694 806/806/806 750/750/750 
f 807/807/807 751/751/751 756/756/756 
f 756/756/756 808/808/808 807/807/807 
f 809/809/809 810/810/810 805/805/805 
f 805/805/805 699/699/699 809/809/809 
f 728/728/728 727/727/727 750/750/750 
f 750/750/750 806/806/806 728/728/728 
f 811/811/811 808/808/808 756/756/756 
f 756/756/756 755/755/755 811/811/811 
f 812/812/812 813/813/813 810/810/810 
f 810/810/810 809/809/809 812/812/812 
f 757/757/757 805/805/805 810/810/810 
f 810/810/810 754/754/754 757/757/757 
f 811/811/811 755/755/755 760/760/760 
f 760/760/760 815/815/815 811/811/811 
f 816/816/816 817/817/817 813/813/813 
f 813/813/813 812/812/812 816/816/816 
f 754/754/754 810/810/810 813/813/813 
f 813/813/813 758/758/758 754/754/754 
f 818/818/818 819/819/819 815/815/815 
f 758/758/758 813/813/813 817/817/817 
f 817/817/817 759/759/759 758/758/758 
f 817/817/817 820/820/820 761/761/761 
f 761/761/761 759/759/759 817/817/817 
f 697/697/697 696/696/696 821/821/821 
f 821/821/821 748/748/748 697/697/697 
f 822/822/822 816/816/816 812/812/812 
f 812/812/812 821/821/821 822/822/822 
f 817/817/817 816/816/816 823/823/823 
f 823/823/823 820/820/820 817/817/817 
f 733/733/733 741/741/741 745/745/745 
f 745/745/745 747/747/747 733/733/733 
f 822/822/822 821/821/821 696/696/696 
f 696/696/696 746/746/746 822/822/822 
f 700/700/700 699/699/699 800/800/800 
f 800/800/800 799/799/799 700/700/700 
f 825/825/825 823/823/823 816/816/816 
f 816/816/816 822/822/822 825/825/825 
f 826/826/826 827/827/827 828/828/828 
f 828/828/828 829/829/829 826/826/826 
f 830/830/830 825/825/825 822/822/822 
f 822/822/822 746/746/746 830/830/830 
f 831/831/831 832/832/832 833/833/833 
f 753/753/753 803/803/803 805/805/805 
f 805/805/805 757/757/757 753/753/753 
f 834/834/834 835/835/835 836/836/836 
f 836/836/836 837/837/837 834/834/834 
f 780/780/780 834/834/834 830/830/830 
f 830/830/830 746/746/746 780/780/780 
f 809/809/809 699/699/699 698/698/698 
f 698/698/698 748/748/748 809/809/809 
f 837/837/837 838/838/838 830/830/830 
f 830/830/830 834/834/834 837/837/837 
f 828/828/828 840/840/840 841/841/841 
f 841/841/841 829/829/829 828/828/828 
f 743/743/743 826/826/826 829/829/829 
f 829/829/829 744/744/744 743/743/743 
f 842/842/842 835/835/835 834/834/834 
f 834/834/834 780/780/780 842/842/842 
f 841/841/841 840/840/840 843/843/843 
f 843/843/843 844/844/844 841/841/841 
f 841/841/841 738/738/738 744/744/744 
f 744/744/744 829/829/829 841/841/841 
f 821/821/821 812/812/812 809/809/809 
f 809/809/809 748/748/748 821/821/821 
f 737/737/737 842/842/842 780/780/780 
f 780/780/780 741/741/741 737/737/737 
f 844/844/844 843/843/843 835/835/835 
f 835/835/835 842/842/842 844/844/844 
f 844/844/844 739/739/739 738/738/738 
f 738/738/738 841/841/841 844/844/844 
f 749/749/749 748/748/748 712/712/712 
f 712/712/712 795/795/795 749/749/749 
f 739/739/739 844/844/844 842/842/842 
f 842/842/842 737/737/737 739/739/739 
f 840/840/840 846/846/846 847/847/847 
f 846/846/846 840/840/840 828/828/828 
f 828/828/828 827/827/827 846/846/846 
f 701/701/701 700/700/700 799/799/799 
f 849/849/849 848/848/848 850/850/850 
f 769/769/769 850/850/850 848/848/848 
f 848/848/848 771/771/771 769/769/769 
f 850/850/850 769/769/769 765/765/765 
f 765/765/765 851/851/851 850/850/850 
f 850/850/850 683/683/683 701/701/701 
f 701/701/701 849/849/849 850/850/850 
f 851/851/851 684/684/684 683/683/683 
f 683/683/683 850/850/850 851/851/851 

g Stick1

v -355.77 1.61016 0.772291 
v -355.77 0.0472647 0.772291 
v -355.77 1.61016 0.934426 
v -355.77 0.0472647 0.934427 
v -355.556 0.0472647 0.772292 
v -355.77 0.0472647 0.772291 
v -355.556 1.61016 0.772292 
v -355.77 1.61016 0.772291 
v -355.77 0.0472647 0.772291 
v -355.556 0.0472647 0.772292 
v -355.77 0.0472647 0.934427 
v -355.556 0.0472647 0.934428 
v -355.556 0.0472647 0.772292 
v -355.556 1.61016 0.772292 
v -355.556 0.0472647 0.934428 
v -355.556 1.61016 0.934428 
v -355.556 1.61016 0.934428 
v -355.77 1.61016 0.934426 
v -355.556 0.0472647 0.934428 
v -355.77 0.0472647 0.934427 
v -355.556 1.61016 0.772292 
v -355.77 1.61016 0.772291 
v -355.556 1.61016 0.934428 
v -355.77 1.61016 0.934426 

vn -1 0 0 
vn -1 0 0 
vn -1 0 0 
vn -1 0 0 
vn 0 0 -1 
vn 0 0 -1 
vn 0 0 -1 
vn 0 0 -1 
vn 0 -1 0 
vn 0 -1 0 
vn 0 -1 0 
vn 0 -1 0 
vn 1 0 0 
vn 1 0 0 
vn 1 0 0 
vn 1 0 0 
vn 0 0 1 
vn 0 0 1 
vn 0 0 1 
vn 0 0 1 
vn 0 1 0 
vn 0 1 0 
vn 0 1 0 
vn 0 1 0 

vt 0.312252 0.968646 
vt 0.11689 0.968646 
vt 0.312252 0.948379 
vt 0.11689 0.948379 
vt 0.143705 0.968646 
vt 0.11689 0.968646 
vt 0.143705 0.773284 
vt 0.11689 0.773284 
vt 0.143705 0.968646 
vt 0.11689 0.968646 
vt 0.143705 0.948379 
vt 0.11689 0.948379 
vt 0.312252 0.968646 
vt 0.11689 0.968646 
vt 0.312252 0.948379 
vt 0.11689 0.948379 
vt 0.143705 0.968646 
vt 0.11689 0.968646 
vt 0.143705 0.773284 
vt 0.11689 0.773284 
vt 0.143705 0.968646 
vt 0.11689 0.968646 
vt 0.143705 0.948379 
vt 0.11689 0.948379 

usemtl Handle1Mtl

f 852/852/852 853/853/853 854/854/854 
f 854/854/854 853/853/853 855/855/855 
f 856/856/856 857/857/857 858/858/858 
f 858/858/858 857/857/857 859/859/859 
f 860/860/860 861/861/861 862/862/862 
f 862/862/862 861/861/861 863/863/863 
f 864/864/864 865/865/865 866/866/866 
f 866/866/866 865/865/865 867/867/867 
f 868/868/868 869/869/869 870/870/870 
f 870/870/870 869/869/869 871/871/871 
f 872/872/872 873/873/873 874/874/874 
f 874/874/874 873/873/873 875/875/875 

g Stick2

v -355.77 0.0472647 0.954427 
v -355.556 0.0472647 0.954428 
v -355.77 1.61016 0.954426 
v -355.556 1.61016 0.954428 

vn 0 0 1 
vn 0 0 1 
vn 0 0 1 
vn 0 0 1 

vt 1 1 
vt 0 1 
vt 1 0 
vt 0 0 

usemtl Stick2Mtl

f 876/876/876 877/877/877 878/878/878 
f 878/878/878 877/877/877 879/879/879 

