# This file is brought to you by Roblox Corporation
# Generated by Roblox Studio

mtllib Slap_13.mtl

g Hand1

v 38.5385 117.925 30.6716 
v 38.7632 117.922 30.6238 
v 38.8385 117.21 31.008 
v 38.6604 117.331 31.082 
v 38.5494 117.154 31.1518 
v 38.6814 117.005 31.1566 
v 38.0338 116.979 31.2946 
v 38.0102 118.755 29.6462 
v 38.2659 118.622 29.9695 
v 38.1534 118.756 29.9261 
v 38.0675 118.663 29.9334 
v 38.2152 118.487 29.9933 
v 38.1443 119.103 30.3555 
v 38.1998 119.187 30.3545 
v 38.5187 117.959 30.5562 
v 38.0121 116.897 31.5457 
v 38.0641 117.528 32.0481 
v 38.0041 117.461 32.0601 
v 38.0857 117.431 32.0908 
v 38.1422 117.467 32.0762 
v 38.1846 117.504 32.036 
v 37.9891 117.549 31.9621 
v 37.9418 117.484 31.9909 
v 38.4214 117.094 31.2253 
v 38.5378 116.957 31.2708 
v 38.4214 117.094 31.2253 
v 38.5494 117.154 31.1518 
v 38.3945 117.213 31.0581 
v 38.3958 119.03 30.9197 
v 38.486 119.065 30.9173 
v 38.3236 118.95 30.8935 
v 38.3958 119.03 30.9197 
v 38.1387 118.888 29.8071 
v 38.0566 118.86 29.8534 
v 38.0566 118.86 29.8534 
v 37.9958 118.779 29.8796 
v 37.9971 118.588 29.8394 
v 38.4396 117.884 30.1551 
v 38.2462 118.092 29.9574 
v 38.1077 118.384 29.8875 
v 38.4822 118.294 30.0587 
v 38.3551 118.501 30.0013 
v 38.3845 118.179 30.0768 
v 38.5003 117.748 29.7154 
v 38.4423 117.871 29.6546 
v 38.3516 117.811 29.6813 
v 38.1206 118.186 29.4237 
v 38.2471 118.028 29.5418 
v 38.3007 118.142 29.4937 
v 38.1911 118.271 29.4001 
v 38.3679 118.028 29.5621 
v 38.5769 117.599 29.7867 
v 38.3706 117.652 29.7987 
v 38.5769 117.599 29.7867 
v 38.1051 118.328 29.3134 
v 38.0626 118.269 29.3452 
v 38.885 117.795 30.5679 
v 38.8842 117.875 30.5155 
v 38.752 117.936 30.5722 
v 38.7632 117.922 30.6238 
v 38.9686 117.652 30.6634 
v 38.6705 117.856 30.1467 
v 38.7919 117.785 30.0863 
v 38.8803 115.836 30.7406 
v 38.4317 115.93 30.9576 
v 38.6112 116.138 31.0322 
v 38.456 116.133 31.0878 
v 38.1861 116.115 30.9889 
v 38.2569 116.187 31.1057 
v 38.5682 118.109 30.1009 
v 38.1846 117.504 32.036 
v 37.9615 117.349 31.9997 
v 38.3707 118.789 30.9283 
v 38.4621 118.886 30.9808 
v 38.1422 117.467 32.0762 
v 38.1848 117.377 32.0261 
v 37.9459 117.201 31.8845 
v 38.0832 117.341 32.0483 
v 38.475 118.549 30.9723 
v 38.5437 118.702 31.0115 
v 38.4621 118.886 30.9808 
v 38.5653 118.955 30.9487 
v 38.1931 119.137 30.1209 
v 38.2148 117.256 31.9162 
v 38.0854 117.2 31.9445 
v 38.5437 118.702 31.0115 
v 38.6515 118.782 30.9643 
v 38.2505 117.15 31.7961 
v 38.2744 117.587 29.7465 
v 38.5534 118.2 30.9934 
v 38.752 117.936 30.5722 
v 38.5959 118.543 31.0249 
v 38.7235 118.583 30.9746 
v 38.6559 118.303 31.0392 
v 38.5959 118.543 31.0249 
v 38.277 119.226 30.3291 
v 38.1998 119.187 30.3545 
v 38.107 117.081 31.8288 
v 38.5633 117.87 30.9903 
v 38.6559 118.303 31.0392 
v 38.7894 118.348 30.9848 
v 38.2865 119.063 30.4269 
v 38.3722 119.126 30.3677 
v 38.5511 117.614 31.0069 
v 38.7181 117.848 31.0356 
v 38.6923 118.117 31.0396 
v 38.6923 118.117 31.0396 
v 38.8379 118.12 30.9822 
v 38.4882 118.959 30.3994 
v 38.3965 118.89 30.4682 
v 38.2115 118.955 30.4047 
v 38.5524 116.679 31.3102 
v 38.3458 116.762 31.5219 
v 38.3561 116.547 31.38 
v 38.4987 118.32 30.5121 
v 38.6727 118.221 30.5493 
v 38.6007 118.439 30.5328 
v 38.5 117.391 31.0278 
v 38.3545 118.719 30.4591 
v 38.4844 118.723 30.4952 
v 38.3965 118.89 30.4682 
v 38.7125 117.586 31.0476 
v 38.7181 117.848 31.0356 
v 38.872 117.852 30.9727 
v 38.6023 118.753 30.4291 
v 38.4844 118.723 30.4952 
v 38.6516 118.755 30.2867 
v 38.1654 116.724 31.5061 
v 38.1481 116.536 31.3117 
v 38.6604 117.331 31.082 
v 38.7125 117.586 31.0476 
v 38.8762 117.567 30.9773 
v 38.2865 119.063 30.4269 
v 38.6007 118.439 30.5328 
v 38.7223 118.471 30.4622 
v 38.1534 118.756 29.9261 
v 38.2366 118.797 29.8433 
v 38.3218 116.308 31.2156 
v 38.5304 116.349 31.1947 
v 38.7366 116.713 31.1382 
v 38.1459 116.279 31.1125 
v 38.976 117.603 30.8273 
v 38.6727 118.221 30.5493 
v 38.8084 118.192 30.4841 
v 38.3462 118.665 29.8744 
v 38.2659 118.622 29.9695 
v 38.7112 116.398 31.0903 
v 38.4766 117.926 30.2346 
v 38.3551 118.501 30.0013 
v 38.4562 118.512 29.9114 
v 38.7275 115.856 30.8975 
v 38.8052 116.162 30.9184 
v 38.4872 115.584 30.8908 
v 38.6895 115.567 30.8741 
v 38.381 115.532 30.7252 
v 38.4822 118.294 30.0587 
v 38.5799 118.309 29.9658 
v 38.6705 117.856 30.1467 
v 38.5682 118.109 30.1009 
v 38.6867 118.072 30.0235 
v 38.8938 117.58 30.1204 
v 38.1911 118.271 29.4001 
v 38.3805 118.171 29.4001 
v 38.1609 116.858 31.6233 
v 38.3213 116.916 31.6079 
v 38.135 116.978 31.7273 
v 38.2865 117.046 31.6949 
v 38.0121 116.897 31.5457 
v 38.0857 117.431 32.0908 
v 38.4396 117.884 30.1551 
v 38.3143 117.816 30.0297 
v 38.4317 115.93 30.9576 
v 38.456 116.133 31.0878 
v 38.1861 116.115 30.9889 
v 38.2569 116.187 31.1057 
v 38.192 115.861 30.7225 
v 37.9615 117.349 31.9997 
v 37.9459 117.201 31.8845 
v 38.3345 118.768 30.8017 
v 38.4868 118.888 30.6661 
v 38.3707 118.858 30.6989 
v 38.2148 117.256 31.9162 
v 38.0854 117.2 31.9445 
v 38.2505 117.15 31.7961 
v 38.2744 117.587 29.7465 
v 38.107 117.081 31.8288 
v 38.3458 116.762 31.5219 
v 38.3561 116.547 31.38 
v 38.1654 116.724 31.5061 
v 38.1481 116.536 31.3117 
v 38.1459 116.279 31.1125 
v 37.9888 116.358 30.904 
v 38.4766 117.926 30.2346 
v 38.6895 115.567 30.8741 
v 38.7343 115.524 30.735 
v 38.763 115.503 30.4771 
v 38.758 115.498 30.1739 
v 38.7075 115.519 29.9826 
v 37.9605 117.079 31.7648 
v 38.1609 116.858 31.6233 
v 37.9803 116.998 31.6758 
v 38.135 116.978 31.7273 
v 38.4043 115.5 30.1173 
v 38.506 115.518 29.9515 
v 38.4872 115.584 30.8908 
v 38.381 115.532 30.7252 
v 38.3305 115.518 30.4266 
v 38.698 117.527 29.835 
v 38.7038 117.642 29.8423 
v 38.7927 117.422 29.8712 
v 38.8385 117.21 31.008 
v 38.6604 117.331 31.082 
v 38.6814 117.005 31.1566 
v 38.0102 118.755 29.6462 
v 38.0957 118.79 29.6278 
v 38.0121 116.897 31.5457 
v 38.0857 117.431 32.0908 
v 38.4214 117.094 31.2253 
v 38.5378 116.957 31.2708 
v 38.4214 117.094 31.2253 
v 38.3081 117.127 31.2909 
v 38.4272 117.037 31.3512 
v 38.4949 119.087 30.8238 
v 38.3958 119.03 30.9197 
v 38.486 119.065 30.9173 
v 38.4993 119.057 30.7323 
v 38.4155 119.025 30.7049 
v 38.1189 118.865 29.7033 
v 38.1387 118.888 29.8071 
v 38.0566 118.86 29.8534 
v 38.603 117.693 29.6469 
v 38.5003 117.748 29.7154 
v 38.5769 117.599 29.7867 
v 38.6803 117.515 29.7295 
v 38.5769 117.599 29.7867 
v 38.8003 116.748 29.8492 
v 38.7091 116.458 29.8452 
v 38.7252 116.699 29.7677 
v 39.059 117.061 30.5385 
v 39.0315 116.749 30.4558 
v 39.0655 117.07 30.4343 
v 38.9942 116.971 30.1602 
v 38.9323 116.623 30.1167 
v 38.9561 116.908 30.0711 
v 38.9905 116.972 30.8086 
v 38.9766 116.696 30.7696 
v 39.0281 117.031 30.6978 
v 39.0445 117.048 30.3268 
v 39.0146 117.364 30.2706 
v 38.9289 117.623 30.2351 
v 38.9873 117.629 30.3872 
v 39.0465 117.383 30.4075 
v 38.885 117.795 30.5679 
v 38.9698 117.657 30.5386 
v 38.8842 117.875 30.5155 
v 38.752 117.936 30.5722 
v 38.8878 117.795 30.6243 
v 38.7632 117.922 30.6238 
v 38.8983 117.871 30.6771 
v 38.9686 117.652 30.6634 
v 38.8276 117.74 30.191 
v 38.8426 117.835 30.2247 
v 38.6949 117.486 29.793 
v 38.7554 117.351 29.774 
v 38.6705 117.856 30.1467 
v 38.8098 117.72 30.1438 
v 38.7919 117.785 30.0863 
v 38.9843 116.19 30.4807 
v 38.9358 116.206 30.7432 
v 38.8803 115.836 30.7406 
v 38.9409 115.809 30.4892 
v 38.3492 117.141 31.418 
v 38.1335 117.563 31.995 
v 38.1898 117.529 31.8733 
v 38.1074 117.456 31.6443 
v 38.1846 117.504 32.036 
v 38.2319 117.449 31.9593 
v 38.2288 117.443 31.718 
v 38.1074 117.456 31.6443 
v 38.1422 117.467 32.0762 
v 38.1848 117.377 32.0261 
v 38.2715 117.352 31.828 
v 38.5653 118.955 30.9487 
v 38.3934 117.028 31.5167 
v 38.456 116.883 31.4416 
v 38.2148 117.256 31.9162 
v 38.3062 117.257 31.6988 
v 38.2608 117.345 31.584 
v 38.5807 118.947 30.7193 
v 38.6066 118.979 30.8355 
v 38.6515 118.782 30.9643 
v 38.2721 119.183 30.1276 
v 38.1931 119.137 30.1209 
v 38.2744 119.233 30.2213 
v 38.2505 117.15 31.7961 
v 38.6675 118.775 30.7152 
v 38.7022 118.808 30.8403 
v 38.7235 118.583 30.9746 
v 38.277 119.226 30.3291 
v 38.7417 118.577 30.713 
v 38.7827 118.6 30.8436 
v 38.6559 118.303 31.0392 
v 38.7894 118.348 30.9848 
v 38.3722 119.126 30.3677 
v 38.4022 119.132 30.2351 
v 38.3659 119.075 30.1197 
v 38.8379 118.12 30.9822 
v 38.8074 118.348 30.7099 
v 38.8528 118.363 30.8477 
v 38.4882 118.959 30.3994 
v 38.5308 118.965 30.26 
v 38.4835 118.915 30.1354 
v 38.5524 116.679 31.3102 
v 38.3458 116.762 31.5219 
v 38.872 117.852 30.9727 
v 38.8535 118.132 30.7017 
v 38.9039 118.133 30.8438 
v 38.6023 118.753 30.4291 
v 38.6516 118.755 30.2867 
v 38.5934 118.721 30.1562 
v 38.8762 117.567 30.9773 
v 38.9451 117.869 30.8315 
v 38.7223 118.471 30.4622 
v 38.7694 118.467 30.3144 
v 38.702 118.44 30.179 
v 38.2366 118.797 29.8433 
v 38.7366 116.713 31.1382 
v 38.2388 118.764 29.7119 
v 38.976 117.603 30.8273 
v 38.8084 118.192 30.4841 
v 38.7773 118.156 30.2043 
v 38.8517 118.176 30.3391 
v 38.3462 118.665 29.8744 
v 38.7112 116.398 31.0903 
v 37.9888 116.358 30.904 
v 38.3503 118.629 29.7351 
v 38.9832 117.3 30.831 
v 38.9167 117.867 30.3658 
v 38.4562 118.512 29.9114 
v 38.7275 115.856 30.8975 
v 38.8052 116.162 30.9184 
v 38.8681 116.499 30.9373 
v 38.8999 116.817 30.9379 
v 38.6895 115.567 30.8741 
v 38.4659 118.47 29.771 
v 39.0235 117.354 30.6796 
v 38.5799 118.309 29.9658 
v 38.7343 115.524 30.735 
v 38.763 115.503 30.4771 
v 38.5925 118.266 29.8215 
v 38.4992 118.188 29.7215 
v 39.0411 117.378 30.5427 
v 38.6867 118.072 30.0235 
v 38.758 115.498 30.1739 
v 38.8892 115.771 30.1819 
v 38.7028 118.021 29.8816 
v 38.6068 117.949 29.7778 
v 38.7272 115.747 29.9547 
v 38.7075 115.519 29.9826 
v 38.9067 116.117 30.1691 
v 38.7952 117.735 29.9444 
v 38.8938 117.58 30.1204 
v 38.7125 116.043 29.9266 
v 38.9761 117.305 30.1391 
v 38.874 117.492 29.9867 
v 38.9358 117.229 30.0245 
v 38.071 118.218 29.1691 
v 38.8725 117.148 29.9216 
v 38.9023 116.84 29.9899 
v 38.8081 117.071 29.8096 
v 38.7263 117.011 29.7065 
v 38.5848 117.234 29.5731 
v 38.4252 117.245 29.5605 
v 38.7025 117.27 29.6548 
v 38.5635 117.417 29.5078 
v 38.5254 117.57 29.4335 
v 38.6625 117.459 29.5984 
v 38.2618 118.305 29.318 
v 38.1911 118.271 29.4001 
v 38.2694 118.258 29.2042 
v 38.3297 118.033 29.2013 
v 38.4752 117.72 29.359 
v 38.6111 117.627 29.5244 
v 38.3805 118.171 29.4001 
v 38.3963 118.12 29.2742 
v 38.4119 117.887 29.2777 
v 38.5537 117.79 29.446 
v 38.5369 117.854 29.5702 
v 38.4423 117.871 29.6546 
v 38.4665 118.019 29.4841 
v 38.3679 118.028 29.5621 
v 38.4865 117.961 29.3606 
v 38.2897 117.262 31.5041 
v 38.1609 116.858 31.6233 
v 38.3213 116.916 31.6079 
v 38.2865 117.046 31.6949 
v 38.3425 117.158 31.5994 
v 38.698 117.527 29.835 
v 38.7038 117.642 29.8423 
v 38.7927 117.422 29.8712 
v 38.5385 117.925 30.6716 
v 38.5773 118.213 30.6721 
v 38.7254 118.145 30.6383 
v 38.7632 117.922 30.6238 
v 38.172 118.676 29.6276 
v 38.0729 118.604 29.6338 
v 38.0102 118.755 29.6462 
v 38.0957 118.79 29.6278 
v 38.4214 117.094 31.2253 
v 38.4993 119.057 30.7323 
v 38.4155 119.025 30.7049 
v 38.3958 119.03 30.9197 
v 38.4155 119.025 30.7049 
v 38.3407 118.96 30.7077 
v 38.1189 118.865 29.7033 
v 38.0102 118.755 29.6462 
v 37.9531 118.693 29.6992 
v 38.1387 118.888 29.8071 
v 38.0066 118.553 29.7134 
v 38.2955 118.03 29.7957 
v 38.3572 117.728 29.8758 
v 38.1326 118.349 29.7314 
v 38.5769 117.599 29.7867 
v 38.3706 117.652 29.7987 
v 38.5769 117.599 29.7867 
v 38.7091 116.458 29.8452 
v 38.7252 116.699 29.7677 
v 38.9289 117.623 30.2351 
v 38.8878 117.795 30.6243 
v 38.7632 117.922 30.6238 
v 38.8983 117.871 30.6771 
v 38.9686 117.652 30.6634 
v 38.8276 117.74 30.191 
v 38.6925 117.879 30.181 
v 38.8426 117.835 30.2247 
v 38.5648 117.657 29.8194 
v 38.6705 117.856 30.1467 
v 38.2581 115.776 30.048 
v 38.2154 116.017 29.9513 
v 38.2472 118.329 29.6724 
v 38.3725 118.118 29.7144 
v 38.4604 117.929 29.7582 
v 38.1636 118.452 29.6494 
v 38.0729 118.604 29.6338 
v 38.2665 118.539 29.6471 
v 38.1636 118.452 29.6494 
v 38.1074 117.456 31.6443 
v 37.9559 117.381 31.6476 
v 37.9247 117.462 31.7238 
v 38.3345 118.768 30.8017 
v 38.4868 118.888 30.6661 
v 38.3707 118.858 30.6989 
v 38.1931 119.137 30.1209 
v 38.1361 119.059 30.1464 
v 38.5807 118.947 30.7193 
v 38.4868 118.888 30.6661 
v 38.5791 118.69 30.6538 
v 38.5333 118.499 30.678 
v 38.2721 119.183 30.1276 
v 38.1931 119.137 30.1209 
v 38.4813 117.89 30.8437 
v 38.6675 118.775 30.7152 
v 38.5791 118.69 30.6538 
v 38.7417 118.577 30.713 
v 38.6358 118.532 30.6503 
v 38.6913 118.309 30.6445 
v 38.6358 118.532 30.6503 
v 38.3659 119.075 30.1197 
v 38.2768 118.992 30.0897 
v 38.4735 118.67 30.1102 
v 38.3447 118.667 30.1517 
v 38.3903 118.824 30.0957 
v 38.8074 118.348 30.7099 
v 38.6913 118.309 30.6445 
v 38.2768 118.992 30.0897 
v 38.2007 118.902 30.1446 
v 38.4835 118.915 30.1354 
v 38.3903 118.824 30.0957 
v 38.8535 118.132 30.7017 
v 38.7254 118.145 30.6383 
v 38.6516 118.755 30.2867 
v 38.5934 118.721 30.1562 
v 38.4735 118.67 30.1102 
v 38.5746 118.389 30.1342 
v 38.4743 118.274 30.1899 
v 38.702 118.44 30.179 
v 38.5746 118.389 30.1342 
v 38.2388 118.764 29.7119 
v 38.7773 118.156 30.2043 
v 38.6323 118.167 30.156 
v 38.6323 118.167 30.156 
v 38.3503 118.629 29.7351 
v 38.4766 117.926 30.2346 
v 38.4659 118.47 29.771 
v 38.3736 118.389 29.6778 
v 38.6925 117.879 30.181 
v 38.5799 118.309 29.9658 
v 38.2472 118.329 29.6724 
v 38.5925 118.266 29.8215 
v 38.4992 118.188 29.7215 
v 38.6705 117.856 30.1467 
v 38.4043 115.5 30.1173 
v 38.6068 117.949 29.7778 
v 38.3725 118.118 29.7144 
v 38.7272 115.747 29.9547 
v 38.7075 115.519 29.9826 
v 38.4764 115.742 29.9046 
v 38.7952 117.735 29.9444 
v 38.4604 117.929 29.7582 
v 38.8938 117.58 30.1204 
v 38.506 115.518 29.9515 
v 38.4764 115.742 29.9046 
v 38.7125 116.043 29.9266 
v 38.4527 115.999 29.8554 
v 38.1844 116.307 29.8723 
v 38.4527 115.999 29.8554 
v 38.4282 116.305 29.7848 
v 38.1914 116.682 29.8035 
v 38.5648 117.657 29.8194 
v 38.9358 117.229 30.0245 
v 38.4282 116.305 29.7848 
v 38.4053 116.641 29.6969 
v 38.2371 117.047 29.7427 
v 38.071 118.218 29.1691 
v 38.0352 118.179 29.223 
v 38.4053 116.641 29.6969 
v 38.6147 116.667 29.7155 
v 38.2796 117.325 29.6699 
v 38.4143 116.983 29.6272 
v 38.1311 118.254 29.1377 
v 38.071 118.218 29.1691 
v 38.1478 118.323 29.1876 
v 38.2745 117.657 29.4357 
v 38.392 117.565 29.4091 
v 38.4197 117.419 29.4876 
v 38.4143 116.983 29.6272 
v 38.5955 116.976 29.6367 
v 38.4252 117.245 29.5605 
v 38.7263 117.011 29.7065 
v 38.5848 117.234 29.5731 
v 38.4252 117.245 29.5605 
v 38.0824 118.068 29.2557 
v 38.7025 117.27 29.6548 
v 38.5635 117.417 29.5078 
v 38.4197 117.419 29.4876 
v 38.1912 117.884 29.3194 
v 38.2176 118.171 29.1438 
v 38.1374 118.103 29.1707 
v 38.392 117.565 29.4091 
v 38.5254 117.57 29.4335 
v 38.6625 117.459 29.5984 
v 38.2694 118.258 29.2042 
v 38.3297 118.033 29.2013 
v 38.2346 117.959 29.2192 
v 38.295 117.844 29.2733 
v 38.3547 117.681 29.3515 
v 38.4752 117.72 29.359 
v 38.3547 117.681 29.3515 
v 38.3963 118.12 29.2742 
v 38.4119 117.887 29.2777 
v 38.295 117.844 29.2733 
v 38.2346 117.959 29.2192 
v 38.698 117.527 29.835 
v 38.7927 117.422 29.8712 
v 38.5385 117.925 30.6716 
v 38.7632 117.922 30.6238 
v 38.8385 117.21 31.008 
v 38.0338 116.979 31.2946 
v 38.0764 117.169 31.3759 
v 38.1571 117.115 31.2675 
v 38.0102 118.755 29.6462 
v 38.0957 118.79 29.6278 
v 38.5187 117.959 30.5562 
v 38.1062 116.99 31.0904 
v 38.0641 117.528 32.0481 
v 38.0041 117.461 32.0601 
v 38.0857 117.431 32.0908 
v 38.1846 117.504 32.036 
v 38.1335 117.563 31.995 
v 37.9891 117.549 31.9621 
v 37.9418 117.484 31.9909 
v 38.0646 117.587 31.9323 
v 38.4214 117.094 31.2253 
v 38.2656 117.115 31.1641 
v 38.4214 117.094 31.2253 
v 38.5494 117.154 31.1518 
v 38.3945 117.213 31.0581 
v 38.3081 117.127 31.2909 
v 38.4272 117.037 31.3512 
v 38.3081 117.127 31.2909 
v 38.4949 119.087 30.8238 
v 38.3827 119.07 30.8076 
v 38.3958 119.03 30.9197 
v 38.486 119.065 30.9173 
v 38.4993 119.057 30.7323 
v 38.4155 119.025 30.7049 
v 38.3827 119.07 30.8076 
v 38.3088 118.96 30.7948 
v 38.4155 119.025 30.7049 
v 38.3407 118.96 30.7077 
v 38.0075 118.849 29.7379 
v 38.1189 118.865 29.7033 
v 38.1387 118.888 29.8071 
v 38.0566 118.86 29.8534 
v 38.4396 117.884 30.1551 
v 38.3143 117.816 30.0297 
v 38.3572 117.728 29.8758 
v 38.1911 118.271 29.4001 
v 38.5769 117.599 29.7867 
v 38.6803 117.515 29.7295 
v 38.3706 117.652 29.7987 
v 38.5769 117.599 29.7867 
v 38.0626 118.269 29.3452 
v 38.2901 117.589 29.8549 
v 38.2323 117.192 30.7989 
v 38.885 117.795 30.5679 
v 38.7632 117.922 30.6238 
v 38.8983 117.871 30.6771 
v 38.6949 117.486 29.793 
v 38.3492 117.141 31.418 
v 38.226 117.206 31.3703 
v 38.226 117.206 31.3703 
v 38.0788 117.552 31.8079 
v 37.9489 117.507 31.8345 
v 38.0646 117.587 31.9323 
v 38.1335 117.563 31.995 
v 38.1898 117.529 31.8733 
v 38.0788 117.552 31.8079 
v 38.1074 117.456 31.6443 
v 37.9559 117.381 31.6476 
v 37.9247 117.462 31.7238 
v 38.1846 117.504 32.036 
v 38.2288 117.443 31.718 
v 38.1074 117.456 31.6443 
v 38.2608 117.345 31.584 
v 38.6066 118.979 30.8355 
v 38.2721 119.183 30.1276 
v 38.1931 119.137 30.1209 
v 38.1683 119.203 30.2292 
v 38.2744 119.233 30.2213 
v 38.2744 117.587 29.7465 
v 38.752 117.936 30.5722 
v 38.277 119.226 30.3291 
v 38.1998 119.187 30.3545 
v 38.3722 119.126 30.3677 
v 38.4022 119.132 30.2351 
v 38.3458 116.762 31.5219 
v 38.6516 118.755 30.2867 
v 38.6604 117.331 31.082 
v 38.1534 118.756 29.9261 
v 38.2366 118.797 29.8433 
v 38.2388 118.764 29.7119 
v 38.976 117.603 30.8273 
v 38.3462 118.665 29.8744 
v 38.2659 118.622 29.9695 
v 38.4766 117.926 30.2346 
v 38.6925 117.879 30.181 
v 38.6705 117.856 30.1467 
v 38.5648 117.657 29.8194 
v 38.9358 117.229 30.0245 
v 38.071 118.218 29.1691 
v 38.1311 118.254 29.1377 
v 38.071 118.218 29.1691 
v 38.067 118.297 29.2277 
v 38.1478 118.323 29.1876 
v 38.1645 118.358 29.2684 
v 38.1051 118.328 29.3134 
v 38.2618 118.305 29.318 
v 38.1911 118.271 29.4001 
v 38.2694 118.258 29.2042 
v 38.3805 118.171 29.4001 
v 38.3007 118.142 29.4937 
v 38.4665 118.019 29.4841 
v 38.3679 118.028 29.5621 
v 38.4865 117.961 29.3606 
v 38.2897 117.262 31.5041 
v 38.1716 117.331 31.4979 
v 38.0059 117.267 31.5178 
v 38.1716 117.331 31.4979 
v 38.5385 117.925 30.6716 
v 38.5773 118.213 30.6721 
v 38.0338 116.979 31.2946 
v 37.9815 117.032 31.4462 
v 38.0764 117.169 31.3759 
v 38.1571 117.115 31.2675 
v 38.0675 118.663 29.9334 
v 38.1443 119.103 30.3555 
v 38.1998 119.187 30.3545 
v 38.1683 119.203 30.2292 
v 38.1128 119.089 30.2482 
v 38.5187 117.959 30.5562 
v 38.4052 117.738 30.5859 
v 38.4191 117.707 30.6991 
v 38.4269 117.958 30.3904 
v 38.3702 117.76 30.397 
v 38.3055 117.596 30.2871 
v 38.3394 117.532 30.6542 
v 38.1062 116.99 31.0904 
v 38.0131 116.681 31.1013 
v 38.0239 116.801 31.3899 
v 38.0121 116.897 31.5457 
v 38.0641 117.528 32.0481 
v 38.0041 117.461 32.0601 
v 38.0857 117.431 32.0908 
v 38.1846 117.504 32.036 
v 37.9891 117.549 31.9621 
v 37.9418 117.484 31.9909 
v 38.0646 117.587 31.9323 
v 38.4214 117.094 31.2253 
v 38.2656 117.115 31.1641 
v 38.4214 117.094 31.2253 
v 38.3945 117.213 31.0581 
v 38.3827 119.07 30.8076 
v 38.3088 118.96 30.7948 
v 38.3236 118.95 30.8935 
v 38.3958 119.03 30.9197 
v 38.4155 119.025 30.7049 
v 38.3407 118.96 30.7077 
v 38.0102 118.755 29.6462 
v 37.9531 118.693 29.6992 
v 37.9499 118.746 29.7909 
v 38.0075 118.849 29.7379 
v 38.0566 118.86 29.8534 
v 37.9958 118.779 29.8796 
v 38.0066 118.553 29.7134 
v 37.9971 118.588 29.8394 
v 38.3533 117.725 30.2145 
v 38.4396 117.884 30.1551 
v 38.3143 117.816 30.0297 
v 38.2915 117.652 30.0868 
v 38.2462 118.092 29.9574 
v 38.2955 118.03 29.7957 
v 38.3572 117.728 29.8758 
v 38.1077 118.384 29.8875 
v 38.1326 118.349 29.7314 
v 38.3845 118.179 30.0768 
v 38.3516 117.811 29.6813 
v 38.1206 118.186 29.4237 
v 38.2471 118.028 29.5418 
v 38.1911 118.271 29.4001 
v 38.3706 117.652 29.7987 
v 38.5769 117.599 29.7867 
v 38.1051 118.328 29.3134 
v 38.0626 118.269 29.3452 
v 38.2901 117.589 29.8549 
v 38.2548 117.507 29.9363 
v 38.288 117.614 29.9365 
v 38.2323 117.192 30.7989 
v 38.3735 117.435 30.8529 
v 38.3742 117.753 30.2874 
v 38.4317 115.93 30.9576 
v 38.456 116.133 31.0878 
v 38.1861 116.115 30.9889 
v 37.9982 116.125 30.5268 
v 38.0988 115.899 30.3673 
v 38.192 115.861 30.7225 
v 38.0467 116.115 30.7825 
v 38.0143 116.105 30.3495 
v 38.0666 116.071 30.171 
v 38.2581 115.776 30.048 
v 38.2154 116.017 29.9513 
v 38.3725 118.118 29.7144 
v 37.9489 117.507 31.8345 
v 38.1074 117.456 31.6443 
v 37.9559 117.381 31.6476 
v 37.9247 117.462 31.7238 
v 37.9001 117.401 31.9008 
v 37.9615 117.349 31.9997 
v 37.8918 117.266 31.7629 
v 38.3707 118.789 30.9283 
v 37.9459 117.201 31.8845 
v 38.3345 118.768 30.8017 
v 38.4868 118.888 30.6661 
v 38.3707 118.858 30.6989 
v 38.475 118.549 30.9723 
v 38.1931 119.137 30.1209 
v 38.1361 119.059 30.1464 
v 38.421 118.503 30.8153 
v 38.5333 118.499 30.678 
v 38.2744 117.587 29.7465 
v 38.477 118.193 30.8283 
v 38.4813 117.89 30.8437 
v 38.5534 118.2 30.9934 
v 38.6559 118.303 31.0392 
v 38.4421 117.65 30.8647 
v 38.5633 117.87 30.9903 
v 38.4735 118.67 30.1102 
v 38.3447 118.667 30.1517 
v 38.5511 117.614 31.0069 
v 38.2007 118.902 30.1446 
v 38.1621 118.898 30.2793 
v 38.2115 118.955 30.4047 
v 38.3458 116.762 31.5219 
v 38.4987 118.32 30.5121 
v 38.5 117.391 31.0278 
v 38.3545 118.719 30.4591 
v 38.4743 118.274 30.1899 
v 38.2813 118.643 30.3138 
v 38.1654 116.724 31.5061 
v 38.1481 116.536 31.3117 
v 38.6604 117.331 31.082 
v 38.3966 118.283 30.3559 
v 38.1459 116.279 31.1125 
v 38.976 117.603 30.8273 
v 37.9888 116.358 30.904 
v 38.4766 117.926 30.2346 
v 38.4872 115.584 30.8908 
v 38.381 115.532 30.7252 
v 38.032 116.769 30.7253 
v 37.9607 116.4 30.6224 
v 38.3305 115.518 30.4266 
v 38.0546 116.785 30.3745 
v 37.9884 116.389 30.3546 
v 38.6705 117.856 30.1467 
v 38.4043 115.5 30.1173 
v 38.0803 116.749 30.0531 
v 38.042 116.352 30.0925 
v 38.4764 115.742 29.9046 
v 38.506 115.518 29.9515 
v 38.1844 116.307 29.8723 
v 38.191 117.196 30.3712 
v 38.1708 117.146 30.012 
v 38.1914 116.682 29.8035 
v 38.4053 116.641 29.6969 
v 38.2371 117.047 29.7427 
v 38.067 118.297 29.2277 
v 38.071 118.218 29.1691 
v 38.0352 118.179 29.223 
v 38.0318 118.228 29.2845 
v 38.2796 117.325 29.6699 
v 38.1311 118.254 29.1377 
v 38.071 118.218 29.1691 
v 38.067 118.297 29.2277 
v 38.2925 117.485 29.5639 
v 38.2745 117.657 29.4357 
v 38.392 117.565 29.4091 
v 38.4197 117.419 29.4876 
v 38.4252 117.245 29.5605 
v 38.1645 118.358 29.2684 
v 38.0824 118.068 29.2557 
v 38.0698 118.109 29.3587 
v 38.2415 117.742 29.5887 
v 38.1912 117.884 29.3194 
v 38.1621 117.937 29.4599 
v 38.1911 118.271 29.4001 
v 38.1374 118.103 29.1707 
v 38.2346 117.959 29.2192 
v 37.9605 117.079 31.7648 
v 37.9803 116.998 31.6758 
v 37.9262 117.12 31.6269 
v 38.0059 117.267 31.5178 

vn -0.204724 0.0314961 -0.976378 
vn -0.204724 0.0314961 -0.976378 
vn 0.637795 0.0472441 0.771654 
vn 0.433071 0.0866142 0.897638 
vn 0.377953 0.354331 0.850394 
vn 0.574803 0.19685 0.795276 
vn -0.913386 0.267717 -0.314961 
vn -0.133858 -0.0393701 -0.992126 
vn -0.11811 0.212598 0.968504 
vn -0.181102 0.283465 0.944882 
vn -0.133858 0.204724 0.968504 
vn -0.102362 0.220472 0.968504 
vn -0.834646 0.496063 0.23622 
vn -0.80315 0.535433 0.267717 
vn -0.850394 0.417323 0.314961 
vn -0.795276 -0.535433 0.283465 
vn -0.165354 0.653543 0.740157 
vn -0.385827 0.503937 0.771654 
vn -0.102362 0.377953 0.92126 
vn 0.0944882 0.511811 0.858268 
vn 0.204724 0.637795 0.740157 
vn -0.393701 0.748031 0.535433 
vn -0.472441 0.622047 0.629921 
vn 0.251969 0.488189 0.834646 
vn 0.661417 0.346457 0.669291 
vn 0.251969 0.488189 0.834646 
vn 0.377953 0.354331 0.850394 
vn -0.0866142 0.80315 0.582677 
vn -0.267717 0.92126 0.267717 
vn -0.354331 0.92126 0.181102 
vn -0.795276 0.559055 0.23622 
vn -0.267717 0.92126 0.267717 
vn -0.259843 0.968504 -0.0551181 
vn -0.307087 0.952756 0.0393701 
vn -0.307087 0.952756 0.0393701 
vn -0.76378 0.629921 0.15748 
vn -0.874016 -0.299213 0.385827 
vn -0.716535 0.551181 0.425197 
vn -0.944882 -0.283465 -0.181102 
vn -0.88189 -0.472441 -0.015748 
vn -0.0708661 0.212598 0.976378 
vn -0.0787402 0.212598 0.976378 
vn -0.0787402 0.220472 0.968504 
vn -0.023622 0.433071 0.897638 
vn -0.0472441 0.464567 0.88189 
vn 0.023622 0.511811 0.858268 
vn -0.275591 0.472441 0.84252 
vn -0.181102 0.448819 0.874016 
vn -0.204724 0.448819 0.866142 
vn -0.291339 0.496063 0.818898 
vn -0.133858 0.472441 0.874016 
vn 0.677165 0.543307 0.488189 
vn 0.125984 0.543307 0.826772 
vn 0.677165 0.543307 0.488189 
vn -0.322835 0.614173 0.724409 
vn -0.330709 0.574803 0.748031 
vn 0.787402 0.535433 0.291339 
vn 0.779528 0.362205 0.511811 
vn 0.527559 0.472441 0.708661 
vn -0.204724 0.0314961 -0.976378 
vn 0.96063 0.275591 -0.0393701 
vn 0.606299 0.614173 0.503937 
vn 0.84252 0.480315 0.251969 
vn 0.858268 -0.244094 0.448819 
vn -0.188976 -0.440945 0.88189 
vn 0.377953 -0.401575 0.834646 
vn 0.0866142 -0.574803 0.818898 
vn -0.543307 -0.590551 0.598425 
vn -0.275591 -0.661417 0.700787 
vn -0.0551181 0.19685 0.976378 
vn 0.204724 0.637795 0.740157 
vn -0.850394 -0.149606 0.503937 
vn -0.519685 0.0314961 0.850394 
vn -0.181102 0.165354 0.968504 
vn 0.0944882 0.511811 0.858268 
vn 0.629921 -0.314961 0.708661 
vn -0.913386 -0.23622 0.338583 
vn -0.401575 -0.346457 0.850394 
vn -0.448819 -0.0314961 0.897638 
vn -0.448819 -0.0393701 0.889764 
vn -0.181102 0.165354 0.968504 
vn -0.00787402 0.346457 0.937008 
vn -0.834646 0.417323 -0.370079 
vn 0.897638 -0.173228 0.409449 
vn -0.330709 -0.559055 0.755906 
vn -0.448819 -0.0393701 0.889764 
vn 0.204724 0.228346 0.952756 
vn 0.913386 -0.15748 0.377953 
vn -0.677165 0.724409 0.0866142 
vn -0.905512 -0.15748 0.401575 
vn 0.527559 0.472441 0.708661 
vn 0.307087 0.181102 0.937008 
vn 0.307087 0.173228 0.937008 
vn -0.385827 -0.0314961 0.92126 
vn 0.307087 0.181102 0.937008 
vn -0.338583 0.929134 0.15748 
vn -0.80315 0.535433 0.267717 
vn 0.425197 -0.598425 0.677165 
vn -0.850394 0.0629921 0.519685 
vn -0.385827 -0.0314961 0.92126 
vn 0.346457 0.102362 0.929134 
vn 0.244094 0.472441 0.84252 
vn 0.125984 0.527559 0.84252 
vn -0.503937 0.133858 0.850394 
vn -0.267717 0.015748 0.96063 
vn -0.314961 -0.023622 0.952756 
vn -0.314961 -0.023622 0.952756 
vn 0.370079 0.0393701 0.929134 
vn 0.322835 0.401575 0.858268 
vn 0.330709 0.409449 0.850394 
vn -0.826772 -0.307087 0.464567 
vn 0.661417 -0.149606 0.740157 
vn 0.409449 -0.433071 0.80315 
vn 0.173228 -0.543307 0.826772 
vn -0.220472 0.023622 0.976378 
vn -0.141732 0.0787402 0.984252 
vn -0.23622 0.023622 0.968504 
vn -0.472441 0.338583 0.811024 
vn -0.267717 0.015748 0.96063 
vn -0.267717 0.015748 0.96063 
vn 0.330709 0.409449 0.850394 
vn -0.23622 0.110236 0.968504 
vn -0.267717 0.015748 0.96063 
vn 0.661417 0.0551181 0.748031 
vn 0.393701 0.338583 0.858268 
vn -0.267717 0.015748 0.96063 
vn 0.795276 0.401575 -0.456693 
vn -0.322835 -0.645669 0.692913 
vn -0.590551 -0.543307 0.598425 
vn 0.433071 0.0866142 0.897638 
vn -0.23622 0.110236 0.968504 
vn 0.629921 0.023622 0.771654 
vn 0.244094 0.472441 0.84252 
vn -0.23622 0.023622 0.968504 
vn 0.440945 0.244094 0.866142 
vn -0.181102 0.283465 0.944882 
vn 0.275591 0.669291 0.692913 
vn -0.0866142 -0.574803 0.818898 
vn 0.385827 -0.433071 0.811024 
vn 0.724409 -0.023622 0.692913 
vn -0.629921 -0.480315 0.606299 
vn 0.944882 0.0866142 0.307087 
vn -0.141732 0.0787402 0.984252 
vn 0.456693 0.204724 0.866142 
vn 0.480315 0.559055 0.669291 
vn -0.11811 0.212598 0.968504 
vn 0.637795 -0.259843 0.724409 
vn -0.929134 0.133858 -0.354331 
vn -0.0787402 0.212598 0.976378 
vn 0.535433 0.527559 0.661417 
vn 0.448819 -0.212598 0.866142 
vn 0.685039 -0.212598 0.692913 
vn 0.110236 -0.125984 0.984252 
vn 0.0708661 -0.0866142 0.992126 
vn -0.795276 -0.456693 0.393701 
vn -0.0708661 0.212598 0.976378 
vn 0.566929 0.472441 0.677165 
vn 0.606299 0.614173 0.503937 
vn -0.0551181 0.19685 0.976378 
vn 0.818898 0.417323 0.385827 
vn 0.889764 0.338583 -0.299213 
vn -0.291339 0.496063 0.818898 
vn 0.433071 0.685039 0.590551 
vn -0.0944882 -0.653543 0.755906 
vn 0.582677 -0.322835 0.748031 
vn -0.283465 -0.724409 0.629921 
vn 0.409449 -0.559055 0.724409 
vn -0.795276 -0.535433 0.283465 
vn -0.102362 0.377953 0.92126 
vn -0.716535 0.551181 0.425197 
vn -0.826772 0.409449 0.377953 
vn -0.188976 -0.440945 0.88189 
vn 0.0866142 -0.574803 0.818898 
vn -0.543307 -0.590551 0.598425 
vn -0.275591 -0.661417 0.700787 
vn -0.771654 -0.503937 0.401575 
vn -0.850394 -0.149606 0.503937 
vn -0.913386 -0.23622 0.338583 
vn -0.952756 -0.212598 -0.19685 
vn -0.23622 0.0866142 -0.968504 
vn -0.275591 0 -0.96063 
vn 0.897638 -0.173228 0.409449 
vn -0.330709 -0.559055 0.755906 
vn 0.913386 -0.15748 0.377953 
vn -0.677165 0.724409 0.0866142 
vn 0.425197 -0.598425 0.677165 
vn 0.409449 -0.433071 0.80315 
vn 0.173228 -0.543307 0.826772 
vn -0.322835 -0.645669 0.692913 
vn -0.590551 -0.543307 0.598425 
vn -0.629921 -0.480315 0.606299 
vn -0.937008 -0.19685 0.275591 
vn -0.929134 0.133858 -0.354331 
vn 0.0708661 -0.0866142 0.992126 
vn 0.850394 -0.433071 0.283465 
vn 0.874016 -0.488189 0.0393701 
vn 0.905512 -0.354331 -0.228346 
vn 0.96063 -0.11811 -0.267717 
vn -0.283465 -0.708661 0.645669 
vn -0.0944882 -0.653543 0.755906 
vn -0.299213 -0.740157 0.606299 
vn -0.283465 -0.724409 0.629921 
vn -0.850394 -0.496063 -0.173228 
vn -0.818898 -0.220472 -0.527559 
vn 0.110236 -0.125984 0.984252 
vn -0.795276 -0.456693 0.393701 
vn -0.858268 -0.511811 0 
vn 0.330709 0.0393701 -0.944882 
vn 0.464567 0.0472441 -0.889764 
vn 0.76378 0.220472 -0.606299 
vn 0.637795 0.0472441 0.771654 
vn 0.433071 0.0866142 0.897638 
vn 0.574803 0.19685 0.795276 
vn -0.133858 -0.0393701 -0.992126 
vn -0.165354 -0.110236 -0.976378 
vn -0.795276 -0.535433 0.283465 
vn -0.102362 0.377953 0.92126 
vn 0.251969 0.488189 0.834646 
vn 0.661417 0.346457 0.669291 
vn 0.251969 0.488189 0.834646 
vn 0.440945 0.818898 0.354331 
vn 0.755906 0.598425 0.251969 
vn -0.251969 0.92126 0.283465 
vn -0.267717 0.92126 0.267717 
vn -0.354331 0.92126 0.181102 
vn -0.149606 0.905512 -0.393701 
vn -0.188976 0.874016 -0.448819 
vn -0.259843 0.866142 -0.425197 
vn -0.259843 0.968504 -0.0551181 
vn -0.307087 0.952756 0.0393701 
vn 0.661417 0.559055 0.496063 
vn -0.023622 0.433071 0.897638 
vn 0.677165 0.543307 0.488189 
vn 0.874016 0.488189 0 
vn 0.677165 0.543307 0.488189 
vn 0.811024 -0.165354 -0.566929 
vn 0.574803 -0.228346 -0.787402 
vn 0.629921 -0.220472 -0.740157 
vn 0.992126 -0.0314961 0.11811 
vn 0.992126 -0.110236 -0.0393701 
vn 1 -0.023622 -0.0629921 
vn 0.952756 -0.0551181 -0.307087 
vn 0.905512 -0.133858 -0.393701 
vn 0.905512 -0.0787402 -0.425197 
vn 0.897638 -0.0393701 0.440945 
vn 0.944882 -0.0944882 0.322835 
vn 0.968504 -0.0472441 0.23622 
vn 0.968504 -0.0393701 -0.228346 
vn 0.944882 0.149606 -0.299213 
vn 0.850394 0.307087 -0.425197 
vn 0.952756 0.259843 -0.141732 
vn 0.984252 0.141732 -0.0944882 
vn 0.787402 0.535433 0.291339 
vn 0.937008 0.338583 0.0787402 
vn 0.779528 0.362205 0.511811 
vn 0.527559 0.472441 0.708661 
vn 0.685039 0.354331 -0.637795 
vn -0.204724 0.0314961 -0.976378 
vn 0.755906 0.307087 -0.582677 
vn 0.96063 0.275591 -0.0393701 
vn 0.606299 0.393701 -0.692913 
vn 0.622047 0.204724 -0.755906 
vn 0.787402 0.535433 -0.299213 
vn 0.874016 0.212598 -0.440945 
vn 0.606299 0.614173 0.503937 
vn 0.606299 0.614173 0.503937 
vn 0.84252 0.480315 0.251969 
vn 0.992126 -0.102362 -0.015748 
vn 0.92126 -0.133858 0.370079 
vn 0.858268 -0.244094 0.448819 
vn 0.952756 -0.291339 0.0472441 
vn 0.771654 0.622047 -0.165354 
vn 0.0472441 0.811024 0.590551 
vn 0.354331 0.92126 -0.165354 
vn -0.307087 0.582677 -0.748031 
vn 0.204724 0.637795 0.740157 
vn 0.771654 0.629921 0.11811 
vn 0.370079 0.834646 -0.401575 
vn -0.307087 0.582677 -0.748031 
vn 0.0944882 0.511811 0.858268 
vn 0.629921 -0.314961 0.708661 
vn 0.905512 0.425197 -0.023622 
vn -0.00787402 0.346457 0.937008 
vn 0.913386 0.188976 0.362205 
vn 0.818898 0.0629921 0.566929 
vn 0.897638 -0.173228 0.409449 
vn 0.92126 0.385827 -0.0551181 
vn 0.92126 0.393701 -0.0629921 
vn 0.244094 0.346457 -0.905512 
vn 0.811024 0.590551 0.0393701 
vn 0.204724 0.228346 0.952756 
vn -0.338583 0.787402 -0.503937 
vn -0.834646 0.417323 -0.370079 
vn -0.275591 0.937008 -0.19685 
vn 0.913386 -0.15748 0.377953 
vn 0.385827 0.228346 -0.889764 
vn 0.80315 0.440945 0.401575 
vn 0.307087 0.173228 0.937008 
vn -0.338583 0.929134 0.15748 
vn 0.440945 0.181102 -0.88189 
vn 0.84252 0.330709 0.417323 
vn -0.385827 -0.0314961 0.92126 
vn 0.346457 0.102362 0.929134 
vn 0.125984 0.527559 0.84252 
vn 0.732283 0.661417 -0.165354 
vn 0.637795 0.590551 -0.496063 
vn 0.370079 0.0393701 0.929134 
vn 0.456693 0.133858 -0.88189 
vn 0.874016 0.220472 0.433071 
vn 0.322835 0.401575 0.858268 
vn 0.732283 0.488189 -0.472441 
vn 0.732283 0.488189 -0.472441 
vn 0.661417 -0.149606 0.740157 
vn 0.409449 -0.433071 0.80315 
vn 0.661417 0.0551181 0.748031 
vn 0.448819 0.125984 -0.88189 
vn 0.984252 0.181102 0.0708661 
vn 0.393701 0.338583 0.858268 
vn 0.795276 0.401575 -0.456693 
vn 0.795276 0.401575 -0.456693 
vn 0.629921 0.023622 0.771654 
vn 0.976378 0.165354 0.125984 
vn 0.440945 0.244094 0.866142 
vn 0.826772 0.291339 -0.472441 
vn 0.834646 0.291339 -0.464567 
vn 0.275591 0.669291 0.692913 
vn 0.724409 -0.023622 0.692913 
vn 0.669291 0.551181 -0.503937 
vn 0.944882 0.0866142 0.307087 
vn 0.456693 0.204724 0.866142 
vn 0.850394 0.19685 -0.488189 
vn 0.96063 0.228346 -0.141732 
vn 0.480315 0.559055 0.669291 
vn 0.637795 -0.259843 0.724409 
vn -0.937008 -0.19685 0.275591 
vn 0.551181 0.291339 -0.779528 
vn 0.889764 0 0.456693 
vn 0.952756 0.259843 -0.165354 
vn 0.535433 0.527559 0.661417 
vn 0.448819 -0.212598 0.866142 
vn 0.685039 -0.212598 0.692913 
vn 0.818898 -0.125984 0.559055 
vn 0.811024 -0.0393701 0.582677 
vn 0.0708661 -0.0866142 0.992126 
vn 0.566929 0.244094 -0.787402 
vn 0.976378 0.0866142 0.188976 
vn 0.566929 0.472441 0.677165 
vn 0.850394 -0.433071 0.283465 
vn 0.874016 -0.488189 0.0393701 
vn 0.629921 0.204724 -0.748031 
vn 0.645669 0.165354 -0.740157 
vn 0.984252 0.141732 0.0866142 
vn 0.818898 0.417323 0.385827 
vn 0.905512 -0.354331 -0.228346 
vn 0.913386 -0.244094 -0.338583 
vn 0.874016 0.251969 -0.409449 
vn 0.692913 0.102362 -0.716535 
vn 0.866142 -0.267717 -0.425197 
vn 0.96063 -0.11811 -0.267717 
vn 0.905512 -0.0866142 -0.417323 
vn 0.866142 0.220472 -0.456693 
vn 0.889764 0.338583 -0.299213 
vn 0.80315 -0.0393701 -0.598425 
vn 0.929134 0.125984 -0.346457 
vn 0.850394 0.188976 -0.496063 
vn 0.874016 0.0708661 -0.472441 
vn -0.755906 0.370079 -0.543307 
vn 0.850394 0.0472441 -0.527559 
vn 0.858268 -0.110236 -0.503937 
vn 0.834646 -0.015748 -0.543307 
vn 0.669291 -0.125984 -0.732283 
vn 0.338583 -0.220472 -0.913386 
vn -0.645669 -0.212598 -0.732283 
vn 0.755906 -0.023622 -0.653543 
vn 0.102362 -0.377953 -0.92126 
vn 0.165354 -0.409449 -0.897638 
vn 0.850394 0.0708661 -0.519685 
vn 0.23622 0.787402 0.574803 
vn -0.291339 0.496063 0.818898 
vn 0.614173 0.519685 -0.590551 
vn 0.0314961 -0.322835 -0.944882 
vn 0.181102 -0.385827 -0.905512 
vn 0.732283 -0.110236 -0.669291 
vn 0.433071 0.685039 0.590551 
vn 0.614173 0.173228 -0.771654 
vn 0.165354 -0.370079 -0.913386 
vn 0.755906 -0.0472441 -0.653543 
vn 0.622047 0.543307 0.559055 
vn -0.0472441 0.464567 0.88189 
vn 0.527559 0.598425 0.606299 
vn -0.133858 0.472441 0.874016 
vn 0.740157 0 -0.669291 
vn 0.440945 0.700787 -0.566929 
vn -0.0944882 -0.653543 0.755906 
vn 0.582677 -0.322835 0.748031 
vn 0.409449 -0.559055 0.724409 
vn 0.905512 -0.0944882 0.417323 
vn 0.330709 0.0393701 -0.944882 
vn 0.464567 0.0472441 -0.889764 
vn 0.76378 0.220472 -0.606299 
vn -0.204724 0.0314961 -0.976378 
vn -0.212598 0.0314961 -0.976378 
vn -0.204724 0.0314961 -0.976378 
vn -0.204724 0.0314961 -0.976378 
vn -0.0472441 -0.0629921 -1 
vn -0.0944882 0.0393701 -0.992126 
vn -0.133858 -0.0393701 -0.992126 
vn -0.165354 -0.110236 -0.976378 
vn 0.251969 0.488189 0.834646 
vn -0.149606 0.905512 -0.393701 
vn -0.188976 0.874016 -0.448819 
vn -0.267717 0.92126 0.267717 
vn -0.188976 0.874016 -0.448819 
vn -0.637795 0.732283 -0.228346 
vn -0.259843 0.866142 -0.425197 
vn -0.133858 -0.0393701 -0.992126 
vn -0.818898 0.488189 -0.307087 
vn -0.259843 0.968504 -0.0551181 
vn -0.905512 -0.433071 0.0314961 
vn -0.92126 -0.354331 -0.133858 
vn -0.96063 -0.228346 -0.133858 
vn -0.874016 -0.488189 -0.0393701 
vn 0.677165 0.543307 0.488189 
vn 0.125984 0.543307 0.826772 
vn 0.677165 0.543307 0.488189 
vn 0.574803 -0.228346 -0.787402 
vn 0.629921 -0.220472 -0.740157 
vn 0.850394 0.307087 -0.425197 
vn 0.685039 0.354331 -0.637795 
vn -0.204724 0.0314961 -0.976378 
vn 0.755906 0.307087 -0.582677 
vn 0.96063 0.275591 -0.0393701 
vn 0.606299 0.393701 -0.692913 
vn 0.299213 0.0472441 -0.952756 
vn 0.622047 0.204724 -0.755906 
vn 0.149606 -0.110236 -0.984252 
vn 0.606299 0.614173 0.503937 
vn -0.84252 -0.456693 -0.283465 
vn -0.818898 -0.330709 -0.472441 
vn -0.472441 -0.440945 -0.76378 
vn -0.433071 -0.393701 -0.811024 
vn -0.425197 -0.385827 -0.818898 
vn -0.535433 -0.425197 -0.732283 
vn -0.0944882 0.0393701 -0.992126 
vn 0.0393701 -0.0944882 -0.992126 
vn -0.535433 -0.425197 -0.732283 
vn -0.307087 0.582677 -0.748031 
vn -0.307087 0.582677 -0.748031 
vn -0.307087 0.582677 -0.748031 
vn -0.952756 -0.212598 -0.19685 
vn -0.23622 0.0866142 -0.968504 
vn -0.275591 0 -0.96063 
vn -0.834646 0.417323 -0.370079 
vn -0.811024 0.488189 -0.330709 
vn 0.244094 0.346457 -0.905512 
vn -0.23622 0.0866142 -0.968504 
vn -0.259843 -0.0629921 -0.96063 
vn -0.511811 -0.110236 -0.850394 
vn -0.338583 0.787402 -0.503937 
vn -0.834646 0.417323 -0.370079 
vn -0.976378 0.141732 0.173228 
vn 0.385827 0.228346 -0.889764 
vn -0.259843 -0.0629921 -0.96063 
vn 0.440945 0.181102 -0.88189 
vn 0.440945 0.181102 -0.88189 
vn -0.228346 -0.015748 -0.976378 
vn 0.440945 0.181102 -0.88189 
vn 0.637795 0.590551 -0.496063 
vn 0.0866142 0.259843 -0.96063 
vn -0.291339 -0.244094 -0.92126 
vn -0.307087 -0.220472 -0.929134 
vn -0.322835 -0.244094 -0.913386 
vn 0.456693 0.133858 -0.88189 
vn -0.228346 -0.015748 -0.976378 
vn 0.0866142 0.259843 -0.96063 
vn -0.377953 -0.220472 -0.897638 
vn 0.732283 0.488189 -0.472441 
vn -0.322835 -0.244094 -0.913386 
vn 0.448819 0.125984 -0.88189 
vn -0.204724 0.0314961 -0.976378 
vn 0.795276 0.401575 -0.456693 
vn 0.795276 0.401575 -0.456693 
vn -0.291339 -0.244094 -0.92126 
vn -0.299213 -0.188976 -0.937008 
vn -0.299213 -0.188976 -0.937008 
vn 0.834646 0.291339 -0.464567 
vn -0.299213 -0.188976 -0.937008 
vn 0.669291 0.551181 -0.503937 
vn 0.850394 0.19685 -0.488189 
vn 0.322835 0 -0.944882 
vn 0.322835 0 -0.944882 
vn 0.551181 0.291339 -0.779528 
vn -0.929134 0.133858 -0.354331 
vn 0.566929 0.244094 -0.787402 
vn 0.566929 0.251969 -0.779528 
vn 0.299213 0.0472441 -0.952756 
vn 0.566929 0.472441 0.677165 
vn -0.472441 -0.440945 -0.76378 
vn 0.629921 0.204724 -0.748031 
vn 0.645669 0.165354 -0.740157 
vn 0.606299 0.614173 0.503937 
vn -0.850394 -0.496063 -0.173228 
vn 0.692913 0.102362 -0.716535 
vn -0.433071 -0.393701 -0.811024 
vn 0.866142 -0.267717 -0.425197 
vn 0.96063 -0.11811 -0.267717 
vn -0.653543 -0.377953 -0.653543 
vn 0.866142 0.220472 -0.456693 
vn -0.425197 -0.385827 -0.818898 
vn 0.889764 0.338583 -0.299213 
vn -0.818898 -0.220472 -0.527559 
vn -0.653543 -0.377953 -0.653543 
vn 0.80315 -0.0393701 -0.598425 
vn -0.464567 -0.307087 -0.826772 
vn -0.834646 -0.228346 -0.496063 
vn -0.464567 -0.307087 -0.826772 
vn -0.346457 -0.259843 -0.897638 
vn -0.889764 -0.00787402 -0.464567 
vn 0.149606 -0.110236 -0.984252 
vn 0.874016 0.0708661 -0.472441 
vn -0.346457 -0.259843 -0.897638 
vn -0.417323 -0.188976 -0.889764 
vn -0.944882 0.102362 -0.307087 
vn -0.755906 0.370079 -0.543307 
vn -0.905512 0.259843 -0.330709 
vn -0.417323 -0.188976 -0.889764 
vn 0.275591 -0.314961 -0.905512 
vn -0.984252 0.0787402 -0.173228 
vn -0.527559 -0.102362 -0.84252 
vn -0.559055 0.519685 -0.645669 
vn -0.755906 0.370079 -0.543307 
vn -0.480315 0.732283 -0.488189 
vn -0.559055 -0.535433 -0.637795 
vn -0.582677 -0.503937 -0.637795 
vn -0.637795 -0.401575 -0.661417 
vn -0.527559 -0.102362 -0.84252 
vn 0.267717 -0.220472 -0.937008 
vn -0.645669 -0.212598 -0.732283 
vn 0.669291 -0.125984 -0.732283 
vn 0.338583 -0.220472 -0.913386 
vn -0.645669 -0.212598 -0.732283 
vn -0.897638 -0.433071 0.0629921 
vn 0.755906 -0.023622 -0.653543 
vn 0.102362 -0.377953 -0.92126 
vn -0.637795 -0.401575 -0.661417 
vn -0.905512 -0.425197 -0.015748 
vn -0.228346 -0.204724 -0.952756 
vn -0.0787402 -0.259843 -0.96063 
vn -0.582677 -0.503937 -0.637795 
vn 0.165354 -0.409449 -0.897638 
vn 0.850394 0.0708661 -0.519685 
vn 0.614173 0.519685 -0.590551 
vn 0.0314961 -0.322835 -0.944882 
vn 0.102362 -0.338583 -0.937008 
vn -0.511811 -0.527559 -0.677165 
vn -0.543307 -0.511811 -0.661417 
vn 0.181102 -0.385827 -0.905512 
vn -0.543307 -0.511811 -0.661417 
vn 0.614173 0.173228 -0.771654 
vn 0.165354 -0.370079 -0.913386 
vn -0.511811 -0.527559 -0.677165 
vn 0.102362 -0.338583 -0.937008 
vn 0.330709 0.0393701 -0.944882 
vn 0.76378 0.220472 -0.606299 
vn -0.204724 0.0314961 -0.976378 
vn -0.204724 0.0314961 -0.976378 
vn 0.637795 0.0472441 0.771654 
vn -0.913386 0.267717 -0.314961 
vn -0.732283 0.401575 -0.559055 
vn -0.622047 0.622047 -0.480315 
vn -0.133858 -0.0393701 -0.992126 
vn -0.165354 -0.110236 -0.976378 
vn -0.850394 0.417323 0.314961 
vn -0.826772 0.551181 -0.125984 
vn -0.165354 0.653543 0.740157 
vn -0.385827 0.503937 0.771654 
vn -0.102362 0.377953 0.92126 
vn 0.204724 0.637795 0.740157 
vn 0.0472441 0.811024 0.590551 
vn -0.393701 0.748031 0.535433 
vn -0.472441 0.622047 0.629921 
vn -0.19685 0.874016 0.440945 
vn 0.251969 0.488189 0.834646 
vn -0.425197 0.795276 -0.440945 
vn 0.251969 0.488189 0.834646 
vn 0.377953 0.354331 0.850394 
vn -0.0866142 0.80315 0.582677 
vn 0.440945 0.818898 0.354331 
vn 0.755906 0.598425 0.251969 
vn 0.440945 0.818898 0.354331 
vn -0.251969 0.92126 0.283465 
vn -0.188976 0.913386 0.346457 
vn -0.267717 0.92126 0.267717 
vn -0.354331 0.92126 0.181102 
vn -0.149606 0.905512 -0.393701 
vn -0.188976 0.874016 -0.448819 
vn -0.188976 0.913386 0.346457 
vn -0.826772 0.535433 0.181102 
vn -0.188976 0.874016 -0.448819 
vn -0.637795 0.732283 -0.228346 
vn -0.338583 0.685039 -0.645669 
vn -0.259843 0.866142 -0.425197 
vn -0.259843 0.968504 -0.0551181 
vn -0.307087 0.952756 0.0393701 
vn -0.716535 0.551181 0.425197 
vn -0.826772 0.409449 0.377953 
vn -0.96063 -0.228346 -0.133858 
vn -0.291339 0.496063 0.818898 
vn 0.677165 0.543307 0.488189 
vn 0.874016 0.488189 0 
vn 0.125984 0.543307 0.826772 
vn 0.677165 0.543307 0.488189 
vn -0.330709 0.574803 0.748031 
vn -0.850394 0.519685 -0.0708661 
vn -0.858268 0.472441 0.188976 
vn 0.787402 0.535433 0.291339 
vn -0.204724 0.0314961 -0.976378 
vn 0.755906 0.307087 -0.582677 
vn 0.787402 0.535433 -0.299213 
vn 0.771654 0.622047 -0.165354 
vn 0.527559 0.811024 -0.259843 
vn 0.527559 0.811024 -0.259843 
vn -0.362205 0.88189 -0.291339 
vn -0.661417 0.732283 -0.181102 
vn -0.19685 0.874016 0.440945 
vn 0.0472441 0.811024 0.590551 
vn 0.354331 0.92126 -0.165354 
vn -0.362205 0.88189 -0.291339 
vn -0.307087 0.582677 -0.748031 
vn -0.307087 0.582677 -0.748031 
vn -0.307087 0.582677 -0.748031 
vn 0.204724 0.637795 0.740157 
vn 0.370079 0.834646 -0.401575 
vn -0.307087 0.582677 -0.748031 
vn 0.92126 0.393701 -0.0629921 
vn 0.811024 0.590551 0.0393701 
vn -0.338583 0.787402 -0.503937 
vn -0.834646 0.417323 -0.370079 
vn -0.84252 0.488189 0.228346 
vn -0.275591 0.937008 -0.19685 
vn -0.677165 0.724409 0.0866142 
vn 0.527559 0.472441 0.708661 
vn -0.338583 0.929134 0.15748 
vn -0.80315 0.535433 0.267717 
vn 0.125984 0.527559 0.84252 
vn 0.732283 0.661417 -0.165354 
vn 0.409449 -0.433071 0.80315 
vn 0.795276 0.401575 -0.456693 
vn 0.433071 0.0866142 0.897638 
vn -0.181102 0.283465 0.944882 
vn 0.275591 0.669291 0.692913 
vn 0.669291 0.551181 -0.503937 
vn 0.944882 0.0866142 0.307087 
vn 0.480315 0.559055 0.669291 
vn -0.11811 0.212598 0.968504 
vn -0.929134 0.133858 -0.354331 
vn 0.299213 0.0472441 -0.952756 
vn 0.606299 0.614173 0.503937 
vn 0.149606 -0.110236 -0.984252 
vn 0.874016 0.0708661 -0.472441 
vn -0.755906 0.370079 -0.543307 
vn -0.559055 0.519685 -0.645669 
vn -0.755906 0.370079 -0.543307 
vn -0.732283 0.614173 -0.291339 
vn -0.480315 0.732283 -0.488189 
vn -0.464567 0.866142 -0.181102 
vn -0.322835 0.614173 0.724409 
vn 0.23622 0.787402 0.574803 
vn -0.291339 0.496063 0.818898 
vn 0.614173 0.519685 -0.590551 
vn 0.433071 0.685039 0.590551 
vn -0.204724 0.448819 0.866142 
vn 0.527559 0.598425 0.606299 
vn -0.133858 0.472441 0.874016 
vn 0.740157 0 -0.669291 
vn 0.440945 0.700787 -0.566929 
vn 0.401575 0.740157 -0.535433 
vn -0.88189 0.133858 -0.456693 
vn 0.401575 0.740157 -0.535433 
vn -0.204724 0.0314961 -0.976378 
vn -0.212598 0.0314961 -0.976378 
vn -0.913386 0.267717 -0.314961 
vn -0.952756 0.0314961 -0.307087 
vn -0.732283 0.401575 -0.559055 
vn -0.622047 0.622047 -0.480315 
vn -0.133858 0.204724 0.968504 
vn -0.834646 0.496063 0.23622 
vn -0.80315 0.535433 0.267717 
vn -0.84252 0.488189 0.228346 
vn -0.866142 0.456693 0.19685 
vn -0.850394 0.417323 0.314961 
vn -0.88189 0.425197 0.220472 
vn -0.913386 0.370079 0.173228 
vn -0.984252 0.133858 0.141732 
vn -0.937008 0.338583 0.11811 
vn -0.944882 0.314961 0.0944882 
vn -0.92126 0.330709 0.204724 
vn -0.826772 0.551181 -0.125984 
vn -0.992126 -0.0314961 0.125984 
vn -0.92126 -0.338583 0.188976 
vn -0.795276 -0.535433 0.283465 
vn -0.165354 0.653543 0.740157 
vn -0.385827 0.503937 0.771654 
vn -0.102362 0.377953 0.92126 
vn 0.204724 0.637795 0.740157 
vn -0.393701 0.748031 0.535433 
vn -0.472441 0.622047 0.629921 
vn -0.19685 0.874016 0.440945 
vn 0.251969 0.488189 0.834646 
vn -0.425197 0.795276 -0.440945 
vn 0.251969 0.488189 0.834646 
vn -0.0866142 0.80315 0.582677 
vn -0.188976 0.913386 0.346457 
vn -0.826772 0.535433 0.181102 
vn -0.795276 0.559055 0.23622 
vn -0.267717 0.92126 0.267717 
vn -0.188976 0.874016 -0.448819 
vn -0.637795 0.732283 -0.228346 
vn -0.133858 -0.0393701 -0.992126 
vn -0.818898 0.488189 -0.307087 
vn -0.858268 0.385827 -0.330709 
vn -0.338583 0.685039 -0.645669 
vn -0.307087 0.952756 0.0393701 
vn -0.76378 0.629921 0.15748 
vn -0.905512 -0.433071 0.0314961 
vn -0.874016 -0.299213 0.385827 
vn -0.88189 0.433071 0.19685 
vn -0.716535 0.551181 0.425197 
vn -0.826772 0.409449 0.377953 
vn -0.968504 0.212598 0.125984 
vn -0.944882 -0.283465 -0.181102 
vn -0.92126 -0.354331 -0.133858 
vn -0.96063 -0.228346 -0.133858 
vn -0.88189 -0.472441 -0.015748 
vn -0.874016 -0.488189 -0.0393701 
vn -0.0787402 0.220472 0.968504 
vn 0.023622 0.511811 0.858268 
vn -0.275591 0.472441 0.84252 
vn -0.181102 0.448819 0.874016 
vn -0.291339 0.496063 0.818898 
vn 0.125984 0.543307 0.826772 
vn 0.677165 0.543307 0.488189 
vn -0.322835 0.614173 0.724409 
vn -0.330709 0.574803 0.748031 
vn -0.850394 0.519685 -0.0708661 
vn -0.976378 0.220472 -0.0393701 
vn -0.937008 0.307087 -0.141732 
vn -0.858268 0.472441 0.188976 
vn -0.818898 0.338583 0.464567 
vn -0.913386 0.409449 -0.0314961 
vn -0.188976 -0.440945 0.88189 
vn 0.0866142 -0.574803 0.818898 
vn -0.543307 -0.590551 0.598425 
vn -0.952756 -0.299213 0.0551181 
vn -0.88189 -0.472441 -0.0551181 
vn -0.771654 -0.503937 0.401575 
vn -0.858268 -0.425197 0.299213 
vn -0.96063 -0.244094 -0.133858 
vn -0.889764 -0.291339 -0.346457 
vn -0.84252 -0.456693 -0.283465 
vn -0.818898 -0.330709 -0.472441 
vn -0.433071 -0.393701 -0.811024 
vn -0.661417 0.732283 -0.181102 
vn -0.307087 0.582677 -0.748031 
vn -0.307087 0.582677 -0.748031 
vn -0.307087 0.582677 -0.748031 
vn -0.976378 0.0787402 0.212598 
vn -0.850394 -0.149606 0.503937 
vn -0.992126 -0.0866142 -0.0393701 
vn -0.519685 0.0314961 0.850394 
vn -0.913386 -0.23622 0.338583 
vn -0.952756 -0.212598 -0.19685 
vn -0.23622 0.0866142 -0.968504 
vn -0.275591 0 -0.96063 
vn -0.448819 -0.0314961 0.897638 
vn -0.834646 0.417323 -0.370079 
vn -0.811024 0.488189 -0.330709 
vn -0.88189 -0.299213 0.362205 
vn -0.511811 -0.110236 -0.850394 
vn -0.677165 0.724409 0.0866142 
vn -0.889764 0.0629921 -0.456693 
vn -0.976378 0.141732 0.173228 
vn -0.905512 -0.15748 0.401575 
vn -0.385827 -0.0314961 0.92126 
vn -0.874016 0.204724 0.448819 
vn -0.850394 0.0629921 0.519685 
vn -0.291339 -0.244094 -0.92126 
vn -0.307087 -0.220472 -0.929134 
vn -0.503937 0.133858 0.850394 
vn -0.377953 -0.220472 -0.897638 
vn -0.92126 -0.377953 0.110236 
vn -0.826772 -0.307087 0.464567 
vn 0.409449 -0.433071 0.80315 
vn -0.220472 0.023622 0.976378 
vn -0.472441 0.338583 0.811024 
vn -0.267717 0.015748 0.96063 
vn -0.299213 -0.188976 -0.937008 
vn -0.779528 -0.291339 0.551181 
vn -0.322835 -0.645669 0.692913 
vn -0.590551 -0.543307 0.598425 
vn 0.433071 0.0866142 0.897638 
vn -0.80315 -0.188976 0.566929 
vn -0.629921 -0.480315 0.606299 
vn 0.944882 0.0866142 0.307087 
vn -0.937008 -0.19685 0.275591 
vn -0.929134 0.133858 -0.354331 
vn 0.110236 -0.125984 0.984252 
vn -0.795276 -0.456693 0.393701 
vn -0.96063 0.267717 0 
vn -1 0.00787402 0.015748 
vn -0.858268 -0.511811 0 
vn -0.968504 0.23622 -0.0629921 
vn -0.992126 0.0314961 -0.133858 
vn 0.606299 0.614173 0.503937 
vn -0.850394 -0.496063 -0.173228 
vn -0.96063 0.125984 -0.259843 
vn -0.929134 -0.0708661 -0.370079 
vn -0.653543 -0.377953 -0.653543 
vn -0.818898 -0.220472 -0.527559 
vn -0.834646 -0.228346 -0.496063 
vn -0.944882 0.322835 0.0472441 
vn -0.968504 0.212598 -0.125984 
vn -0.889764 -0.00787402 -0.464567 
vn -0.417323 -0.188976 -0.889764 
vn -0.944882 0.102362 -0.307087 
vn -0.732283 0.614173 -0.291339 
vn -0.755906 0.370079 -0.543307 
vn -0.905512 0.259843 -0.330709 
vn -0.929134 0.259843 -0.259843 
vn -0.984252 0.0787402 -0.173228 
vn -0.559055 0.519685 -0.645669 
vn -0.755906 0.370079 -0.543307 
vn -0.732283 0.614173 -0.291339 
vn -0.598425 -0.488189 -0.637795 
vn -0.559055 -0.535433 -0.637795 
vn -0.582677 -0.503937 -0.637795 
vn -0.637795 -0.401575 -0.661417 
vn -0.645669 -0.212598 -0.732283 
vn -0.464567 0.866142 -0.181102 
vn -0.897638 -0.433071 0.0629921 
vn -0.905512 -0.220472 0.354331 
vn -0.984252 -0.188976 -0.0472441 
vn -0.905512 -0.425197 -0.015748 
vn -0.905512 -0.417323 -0.015748 
vn -0.291339 0.496063 0.818898 
vn -0.0787402 -0.259843 -0.96063 
vn 0.102362 -0.338583 -0.937008 
vn -0.283465 -0.708661 0.645669 
vn -0.299213 -0.740157 0.606299 
vn -0.976378 -0.125984 -0.15748 
vn -0.88189 0.133858 -0.456693 

vt -3.55672 0.638167 
vt -3.58481 0.638498 
vt -3.59422 0.727575 
vt -3.57196 0.712459 
vt -3.55809 0.734578 
vt -3.57458 0.753177 
vt -3.49363 0.756419 
vt -3.49068 0.534364 
vt -3.52264 0.550993 
vt -3.50858 0.534248 
vt -3.49785 0.54595 
vt -3.5163 0.567981 
vt -3.50744 0.490928 
vt -3.51438 0.480459 
vt -3.55425 0.633913 
vt -3.49092 0.766609 
vt -3.49742 0.687738 
vt -3.48992 0.696176 
vt -3.50012 0.699876 
vt -3.50718 0.69548 
vt -3.51248 0.690794 
vt -3.48804 0.685161 
vt -3.48213 0.693349 
vt -3.54208 0.741988 
vt -3.55663 0.759156 
vt -3.54208 0.741988 
vt -3.55809 0.734578 
vt -3.53871 0.727153 
vt -3.53888 0.500063 
vt -3.55016 0.495677 
vt -3.52986 0.510091 
vt -3.53888 0.500063 
vt -3.50674 0.517816 
vt -3.49647 0.521342 
vt -3.49647 0.521342 
vt -3.48888 0.531391 
vt -3.48904 0.555316 
vt -3.54435 0.643331 
vt -3.52018 0.617267 
vt -3.50286 0.580755 
vt -3.54968 0.592031 
vt -3.53379 0.566169 
vt -3.53747 0.606404 
vt -3.55195 0.660341 
vt -3.54469 0.644928 
vt -3.53335 0.652464 
vt -3.50448 0.60555 
vt -3.5203 0.625294 
vt -3.52699 0.611024 
vt -3.51329 0.594941 
vt -3.5354 0.62527 
vt -3.56152 0.678894 
vt -3.53573 0.672308 
vt -3.56152 0.678894 
vt -3.50254 0.587739 
vt -3.49723 0.5952 
vt -3.60003 0.654468 
vt -3.59993 0.644476 
vt -3.5834 0.636754 
vt -3.58481 0.638498 
vt -3.61048 0.672307 
vt -3.57322 0.646825 
vt -3.58839 0.655709 
vt -3.59944 0.899249 
vt -3.54337 0.88754 
vt -3.56581 0.861589 
vt -3.5464 0.862172 
vt -3.51267 0.864387 
vt -3.52151 0.85537 
vt -3.56042 0.615164 
vt -3.51248 0.690794 
vt -3.48459 0.710195 
vt -3.53574 0.530221 
vt -3.54717 0.518053 
vt -3.50718 0.69548 
vt -3.51251 0.706638 
vt -3.48265 0.728644 
vt -3.4998 0.711207 
vt -3.54878 0.560191 
vt -3.55736 0.541085 
vt -3.54717 0.518053 
vt -3.56007 0.509362 
vt -3.51355 0.4867 
vt -3.51626 0.721835 
vt -3.50007 0.728738 
vt -3.55736 0.541085 
vt -3.57084 0.530994 
vt -3.52071 0.73503 
vt -3.52371 0.680392 
vt -3.55858 0.603833 
vt -3.5834 0.636754 
vt -3.5639 0.560959 
vt -3.57984 0.555882 
vt -3.57139 0.590952 
vt -3.5639 0.560959 
vt -3.52403 0.475581 
vt -3.51438 0.480459 
vt -3.50278 0.743621 
vt -3.55981 0.645033 
vt -3.57139 0.590952 
vt -3.58808 0.585326 
vt -3.52521 0.495933 
vt -3.53592 0.48808 
vt -3.55829 0.67707 
vt -3.57917 0.647771 
vt -3.57595 0.614154 
vt -3.57595 0.614154 
vt -3.59414 0.613799 
vt -3.55044 0.508973 
vt -3.53897 0.517567 
vt -3.51585 0.509399 
vt -3.55846 0.79395 
vt -3.53263 0.783497 
vt -3.53392 0.810373 
vt -3.55175 0.588846 
vt -3.57349 0.601118 
vt -3.56449 0.573931 
vt -3.5519 0.704887 
vt -3.53371 0.538928 
vt -3.54995 0.538405 
vt -3.53897 0.517567 
vt -3.57847 0.680508 
vt -3.57917 0.647771 
vt -3.59841 0.647281 
vt -3.56469 0.534629 
vt -3.54995 0.538405 
vt -3.57086 0.534448 
vt -3.51008 0.788332 
vt -3.50792 0.811804 
vt -3.57196 0.712459 
vt -3.57847 0.680508 
vt -3.59892 0.682914 
vt -3.52521 0.495933 
vt -3.56449 0.573931 
vt -3.57969 0.569949 
vt -3.50858 0.534248 
vt -3.51898 0.529222 
vt -3.52963 0.840331 
vt -3.5557 0.835156 
vt -3.58148 0.789641 
vt -3.50764 0.843968 
vt -3.61141 0.678459 
vt -3.57349 0.601118 
vt -3.59046 0.604846 
vt -3.53267 0.545704 
vt -3.52264 0.550993 
vt -3.5783 0.829104 
vt -3.54897 0.63803 
vt -3.53379 0.566169 
vt -3.54642 0.564825 
vt -3.58034 0.896747 
vt -3.59005 0.85857 
vt -3.5503 0.930807 
vt -3.5756 0.932868 
vt -3.53703 0.937297 
vt -3.54968 0.592031 
vt -3.56189 0.590172 
vt -3.57322 0.646825 
vt -3.56042 0.615164 
vt -3.57524 0.61984 
vt -3.60112 0.681286 
vt -3.51329 0.594941 
vt -3.53696 0.607459 
vt -3.50952 0.771493 
vt -3.52956 0.76426 
vt -3.50628 0.756498 
vt -3.52522 0.748016 
vt -3.66566 0.649833 
vt -3.7338 0.659038 
vt -3.49184 0.703269 
vt -3.47616 0.687615 
vt -3.59214 0.702287 
vt -3.60843 0.705319 
vt -3.59607 0.671588 
vt -3.61067 0.680431 
vt -3.56276 0.672318 
vt -3.72241 0.643508 
vt -3.70801 0.641564 
vt -3.57266 0.690141 
vt -3.55571 0.709175 
vt -3.55981 0.694655 
vt -3.71197 0.675177 
vt -3.71552 0.658992 
vt -3.69696 0.67963 
vt -3.44077 0.682624 
vt -3.70105 0.6617 
vt -3.66269 0.691548 
vt -3.64495 0.692835 
vt -3.66071 0.668993 
vt -3.63641 0.666837 
vt -3.61152 0.666556 
vt -3.58544 0.646925 
vt -3.50177 0.707893 
vt -3.58171 0.734515 
vt -3.56433 0.740111 
vt -3.53208 0.743701 
vt -3.49419 0.743076 
vt -3.47028 0.736756 
vt -3.69305 0.643385 
vt -3.67537 0.668435 
vt -3.68193 0.645866 
vt -3.68836 0.665194 
vt -3.48712 0.698859 
vt -3.46639 0.711575 
vt -3.58381 0.709222 
vt -3.5631 0.695944 
vt -3.52578 0.689638 
vt -3.64664 0.687963 
vt -3.64573 0.673566 
vt -3.64212 0.701011 
vt -3.50001 0.727575 
vt -3.49077 0.712459 
vt -3.48144 0.753177 
vt -3.67025 0.534364 
vt -3.67254 0.530107 
vt -3.43281 0.766609 
vt -3.36466 0.699876 
vt -3.47286 0.741988 
vt -3.46716 0.759156 
vt -3.47286 0.741988 
vt -3.46466 0.737901 
vt -3.45711 0.749204 
vt -3.52304 0.492919 
vt -3.51106 0.500063 
vt -3.51135 0.495677 
vt -3.53448 0.496724 
vt -3.53791 0.50073 
vt -3.6631 0.520617 
vt -3.65013 0.517816 
vt -3.64435 0.521342 
vt -3.67015 0.667217 
vt -3.6616 0.660341 
vt -3.65268 0.678894 
vt -3.65983 0.689372 
vt -3.65268 0.678894 
vt -3.64486 0.785247 
vt -3.64536 0.82152 
vt -3.65505 0.791425 
vt -3.5587 0.746137 
vt -3.56904 0.785214 
vt -3.57172 0.745085 
vt -3.606 0.757431 
vt -3.61143 0.800889 
vt -3.61713 0.765328 
vt -3.52494 0.757279 
vt -3.52981 0.791758 
vt -3.53879 0.749945 
vt -3.58517 0.747773 
vt -3.59219 0.708334 
vt -3.59663 0.675978 
vt -3.57761 0.675139 
vt -3.57508 0.705925 
vt -3.55503 0.654468 
vt -3.55869 0.671665 
vt -3.56158 0.644476 
vt -3.55449 0.636754 
vt -3.54798 0.654417 
vt -3.54804 0.638498 
vt -3.54138 0.64496 
vt -3.54309 0.672307 
vt -3.60215 0.661336 
vt -3.59793 0.649393 
vt -3.65189 0.693106 
vt -3.65427 0.709949 
vt -3.60768 0.646825 
vt -3.60804 0.663856 
vt -3.61524 0.655709 
vt -3.56593 0.855028 
vt -3.53311 0.853028 
vt -3.53344 0.899249 
vt -3.56487 0.902692 
vt -3.44877 0.736212 
vt -3.37664 0.683439 
vt -3.39185 0.687719 
vt -3.42048 0.696769 
vt -3.37151 0.690794 
vt -3.38111 0.697671 
vt -3.41127 0.698477 
vt -3.42048 0.696769 
vt -3.36649 0.69548 
vt -3.37276 0.706638 
vt -3.39752 0.709822 
vt -3.50743 0.509362 
vt -3.43643 0.750262 
vt -3.44582 0.768433 
vt -3.3865 0.721835 
vt -3.41367 0.721642 
vt -3.42802 0.710701 
vt -3.53611 0.51043 
vt -3.52158 0.506381 
vt -3.50548 0.530994 
vt -3.61006 0.48096 
vt -3.6109 0.4867 
vt -3.59836 0.474713 
vt -3.4015 0.73503 
vt -3.53661 0.531904 
vt -3.52097 0.527857 
vt -3.50419 0.555882 
vt -3.58488 0.475581 
vt -3.5369 0.556643 
vt -3.52057 0.553858 
vt -3.49612 0.590952 
vt -3.50292 0.585326 
vt -3.58005 0.48808 
vt -3.59663 0.487314 
vt -3.61106 0.49448 
vt -3.50324 0.613799 
vt -3.53729 0.585262 
vt -3.52006 0.58342 
vt -3.57609 0.508973 
vt -3.59352 0.508176 
vt -3.60909 0.514414 
vt -3.46224 0.79395 
vt -3.43578 0.783497 
vt -3.50444 0.647281 
vt -3.5383 0.612282 
vt -3.52054 0.61221 
vt -3.57238 0.534629 
vt -3.59018 0.534448 
vt -3.6065 0.538644 
vt -3.50386 0.682914 
vt -3.52208 0.645164 
vt -3.56825 0.569949 
vt -3.58671 0.570414 
vt -3.60364 0.573848 
vt -3.64561 0.529222 
vt -3.48374 0.789641 
vt -3.66203 0.533328 
vt -3.52261 0.678459 
vt -3.5655 0.604846 
vt -3.60048 0.609245 
vt -3.58363 0.606822 
vt -3.64172 0.545704 
vt -3.48973 0.829104 
vt -3.51302 0.834082 
vt -3.65914 0.55018 
vt -3.52214 0.716328 
vt -3.58029 0.645482 
vt -3.63709 0.564825 
vt -3.51382 0.896747 
vt -3.51121 0.85857 
vt -3.50886 0.816381 
vt -3.50878 0.776664 
vt -3.51675 0.932868 
vt -3.65464 0.57 
vt -3.54106 0.709591 
vt -3.6303 0.590172 
vt -3.53414 0.938237 
vt -3.56638 0.940927 
vt -3.64833 0.595544 
vt -3.66083 0.605317 
vt -3.55818 0.706498 
vt -3.62309 0.61984 
vt -3.60428 0.941591 
vt -3.60329 0.907379 
vt -3.64082 0.626141 
vt -3.65379 0.635177 
vt -3.63168 0.910379 
vt -3.62819 0.938888 
vt -3.60488 0.864222 
vt -3.63297 0.661973 
vt -3.61096 0.681286 
vt -3.6352 0.873461 
vt -3.60864 0.715651 
vt -3.62768 0.692272 
vt -3.62296 0.725212 
vt -3.72988 0.601483 
vt -3.63581 0.735326 
vt -3.62728 0.773755 
vt -3.64981 0.744873 
vt -3.66271 0.752439 
vt -3.67938 0.724556 
vt -3.68095 0.723135 
vt -3.66917 0.720075 
vt -3.68754 0.701613 
vt -3.69683 0.682502 
vt -3.67621 0.69643 
vt -3.71127 0.590706 
vt -3.701 0.594941 
vt -3.72549 0.59652 
vt -3.72585 0.624609 
vt -3.70614 0.663766 
vt -3.68546 0.675464 
vt -3.701 0.607459 
vt -3.71674 0.613771 
vt -3.7163 0.64298 
vt -3.69527 0.655054 
vt -3.67974 0.647019 
vt -3.66919 0.644928 
vt -3.69051 0.626377 
vt -3.68075 0.62527 
vt -3.70594 0.633673 
vt -3.43801 0.72102 
vt -3.4231 0.771493 
vt -3.42504 0.76426 
vt -3.41415 0.748016 
vt -3.42609 0.734016 
vt -3.52182 0.687963 
vt -3.52109 0.673566 
vt -3.50998 0.701011 
vt -3.54175 0.638167 
vt -3.5369 0.602169 
vt -3.51839 0.610727 
vt -3.51366 0.638498 
vt -3.58756 0.544251 
vt -3.59995 0.55324 
vt -3.60779 0.534364 
vt -3.5971 0.530107 
vt -3.55639 0.741988 
vt -3.54665 0.496724 
vt -3.55713 0.50073 
vt -3.55958 0.500063 
vt -3.55713 0.50073 
vt -3.56647 0.508765 
vt -3.5942 0.520617 
vt -3.60779 0.534364 
vt -3.61493 0.542162 
vt -3.59173 0.517816 
vt -3.60823 0.559695 
vt -3.57212 0.624985 
vt -3.56442 0.662843 
vt -3.59249 0.585147 
vt -3.53695 0.678894 
vt -3.56274 0.672308 
vt -3.53695 0.678894 
vt -3.52042 0.82152 
vt -3.51841 0.791425 
vt -3.49295 0.675978 
vt -3.49809 0.654417 
vt -3.51366 0.638498 
vt -3.49678 0.64496 
vt -3.48799 0.672307 
vt -3.50561 0.661336 
vt -3.52251 0.64387 
vt -3.50374 0.649393 
vt -3.53847 0.671733 
vt -3.52525 0.646825 
vt -3.5768 0.906811 
vt -3.58214 0.876651 
vt -3.57816 0.587658 
vt -3.5625 0.614073 
vt -3.55151 0.637626 
vt -3.58861 0.572319 
vt -3.59995 0.55324 
vt -3.57575 0.561438 
vt -3.58861 0.572319 
vt -3.59564 0.696769 
vt -3.61458 0.706208 
vt -3.61847 0.696061 
vt -3.56725 0.532788 
vt -3.54821 0.517845 
vt -3.56273 0.521509 
vt -3.58492 0.4867 
vt -3.59204 0.496429 
vt -3.53648 0.51043 
vt -3.54821 0.517845 
vt -3.53668 0.542541 
vt -3.5424 0.566392 
vt -3.57506 0.48096 
vt -3.58492 0.4867 
vt -3.5489 0.642554 
vt -3.52562 0.531904 
vt -3.53668 0.542541 
vt -3.51635 0.556643 
vt -3.52958 0.562256 
vt -3.52265 0.590109 
vt -3.52958 0.562256 
vt -3.56332 0.49448 
vt -3.57446 0.504807 
vt -3.54988 0.545081 
vt -3.56598 0.54539 
vt -3.56028 0.525823 
vt -3.50814 0.585262 
vt -3.52265 0.590109 
vt -3.57446 0.504807 
vt -3.58398 0.515995 
vt -3.54862 0.514414 
vt -3.56028 0.525823 
vt -3.50237 0.612282 
vt -3.51839 0.610727 
vt -3.52761 0.534448 
vt -3.53488 0.538644 
vt -3.54988 0.545081 
vt -3.53724 0.580208 
vt -3.54977 0.594579 
vt -3.52131 0.573848 
vt -3.53724 0.580208 
vt -3.57921 0.533328 
vt -3.5119 0.609245 
vt -3.53003 0.607869 
vt -3.53003 0.607869 
vt -3.56527 0.55018 
vt -3.54949 0.63803 
vt -3.55083 0.57 
vt -3.56236 0.580138 
vt -3.52251 0.64387 
vt -3.53658 0.590172 
vt -3.57816 0.587658 
vt -3.535 0.595544 
vt -3.54667 0.605317 
vt -3.52525 0.646825 
vt -3.55853 0.941298 
vt -3.53321 0.635177 
vt -3.5625 0.614073 
vt -3.51816 0.910379 
vt -3.52063 0.938888 
vt -3.54951 0.911041 
vt -3.50966 0.661973 
vt -3.55151 0.637626 
vt -3.49734 0.681286 
vt -3.54581 0.939004 
vt -3.54951 0.911041 
vt -3.52 0.873461 
vt -3.55247 0.878889 
vt -3.58602 0.840421 
vt -3.55247 0.878889 
vt -3.55554 0.840725 
vt -3.58514 0.793521 
vt -3.53847 0.671733 
vt -3.49208 0.725212 
vt -3.55554 0.840725 
vt -3.5584 0.798692 
vt -3.57942 0.747889 
vt -3.60019 0.601483 
vt -3.60467 0.60646 
vt -3.5584 0.798692 
vt -3.53223 0.795483 
vt -3.57411 0.713168 
vt -3.55728 0.755895 
vt -3.59267 0.597104 
vt -3.60019 0.601483 
vt -3.59059 0.588462 
vt -3.57475 0.671694 
vt -3.56007 0.683225 
vt -3.5566 0.701436 
vt -3.55728 0.755895 
vt -3.53463 0.756741 
vt -3.55592 0.723135 
vt -3.51828 0.752439 
vt -3.53596 0.724556 
vt -3.55592 0.723135 
vt -3.59877 0.620347 
vt -3.52125 0.720075 
vt -3.53863 0.701613 
vt -3.5566 0.701436 
vt -3.58516 0.643293 
vt -3.58186 0.60748 
vt -3.59189 0.615886 
vt -3.56007 0.683225 
vt -3.54339 0.682502 
vt -3.52625 0.69643 
vt -3.57539 0.59652 
vt -3.56785 0.624609 
vt -3.57974 0.633941 
vt -3.57219 0.648282 
vt -3.56472 0.66872 
vt -3.54966 0.663766 
vt -3.56472 0.66872 
vt -3.55952 0.613771 
vt -3.55757 0.64298 
vt -3.57219 0.648282 
vt -3.57974 0.633941 
vt -3.64664 0.735569 
vt -3.64212 0.747405 
vt -3.54206 0.715635 
vt -3.54804 0.743723 
vt -3.50001 0.753134 
vt -3.46419 0.65255 
vt -3.45403 0.657867 
vt -3.46758 0.667962 
vt -3.67025 0.649594 
vt -3.67254 0.660284 
vt -3.55649 0.713166 
vt -3.48971 0.6616 
vt -3.37 0.656338 
vt -3.3685 0.648836 
vt -3.36466 0.659038 
vt -3.37151 0.671397 
vt -3.37664 0.665008 
vt -3.38076 0.646962 
vt -3.37715 0.641047 
vt -3.38448 0.656394 
vt -3.47286 0.701001 
vt -3.48051 0.681523 
vt -3.47286 0.701001 
vt -3.48204 0.717004 
vt -3.49375 0.697633 
vt -3.46466 0.686839 
vt -3.45711 0.701722 
vt -3.46466 0.686839 
vt -3.52304 0.710191 
vt -3.52507 0.696166 
vt -3.51106 0.697803 
vt -3.51135 0.709075 
vt -3.53448 0.71074 
vt -3.53791 0.700255 
vt -3.52507 0.696166 
vt -3.52667 0.686927 
vt -3.53791 0.700255 
vt -3.53756 0.690915 
vt -3.65878 0.649254 
vt -3.6631 0.663185 
vt -3.65013 0.665657 
vt -3.64435 0.655393 
vt -3.60663 0.703269 
vt -3.62231 0.687615 
vt -3.64154 0.692967 
vt -3.701 0.672213 
vt -3.65268 0.720436 
vt -3.65983 0.733357 
vt -3.65118 0.694643 
vt -3.65268 0.720436 
vt -3.70786 0.656147 
vt -3.64415 0.684588 
vt -3.52616 0.677361 
vt -3.55503 0.758952 
vt -3.54804 0.743723 
vt -3.54138 0.76061 
vt -3.65189 0.73518 
vt -3.44877 0.691976 
vt -3.45473 0.676578 
vt -3.45473 0.676578 
vt -3.40003 0.658173 
vt -3.39671 0.641936 
vt -3.38448 0.656394 
vt -3.37664 0.665008 
vt -3.39185 0.672045 
vt -3.40003 0.658173 
vt -3.42048 0.661742 
vt -3.42007 0.642805 
vt -3.41054 0.638916 
vt -3.37151 0.671397 
vt -3.41127 0.676918 
vt -3.42048 0.661742 
vt -3.42802 0.680929 
vt -3.52158 0.724149 
vt -3.61006 0.682331 
vt -3.6109 0.672464 
vt -3.59737 0.669364 
vt -3.59836 0.682622 
vt -3.6577 0.682624 
vt -3.55449 0.742319 
vt -3.58488 0.682947 
vt -3.58171 0.673301 
vt -3.58005 0.694843 
vt -3.59663 0.698594 
vt -3.43578 0.691548 
vt -3.59018 0.729777 
vt -3.49077 0.730875 
vt -3.63526 0.667502 
vt -3.64561 0.677901 
vt -3.66203 0.678174 
vt -3.52261 0.770324 
vt -3.64172 0.691592 
vt -3.62983 0.681562 
vt -3.5967 0.707893 
vt -3.60339 0.73488 
vt -3.60768 0.732136 
vt -3.64859 0.718919 
vt -3.62296 0.765304 
vt -3.72988 0.657198 
vt -3.7338 0.664715 
vt -3.72988 0.657198 
vt -3.72255 0.656702 
vt -3.72757 0.666792 
vt -3.71747 0.668884 
vt -3.71184 0.661455 
vt -3.71127 0.681053 
vt -3.701 0.672213 
vt -3.72549 0.681999 
vt -3.701 0.695881 
vt -3.6893 0.685905 
vt -3.69051 0.706636 
vt -3.68075 0.694315 
vt -3.70594 0.709141 
vt -3.43801 0.684537 
vt -3.43878 0.669774 
vt -3.43629 0.64906 
vt -3.43878 0.669774 
vt -3.55641 0.638167 
vt -3.55646 0.602169 
vt -3.63428 0.756419 
vt -3.65322 0.749756 
vt -3.64443 0.732655 
vt -3.63088 0.739473 
vt -3.46412 0.54595 
vt -3.51689 0.490928 
vt -3.51676 0.480459 
vt -3.5011 0.478402 
vt -3.50347 0.492642 
vt -3.54198 0.633913 
vt -3.54568 0.661539 
vt -3.55984 0.665402 
vt -3.52125 0.634023 
vt -3.52207 0.658835 
vt -3.50834 0.679287 
vt -3.55422 0.687294 
vt -3.60875 0.755087 
vt -3.61011 0.79369 
vt -3.64619 0.77863 
vt -3.66566 0.766609 
vt -3.72847 0.687738 
vt -3.72996 0.696176 
vt -3.7338 0.699876 
vt -3.72696 0.690794 
vt -3.71771 0.685161 
vt -3.72132 0.693349 
vt -3.71399 0.680378 
vt -3.62561 0.741988 
vt -3.61796 0.739408 
vt -3.62561 0.741988 
vt -3.60471 0.727153 
vt -3.5734 0.495059 
vt -3.5718 0.508799 
vt -3.58414 0.510091 
vt -3.58741 0.500063 
vt -3.56056 0.50073 
vt -3.56091 0.508765 
vt -3.42822 0.534364 
vt -3.43485 0.542162 
vt -3.44631 0.535592 
vt -3.43969 0.522665 
vt -3.45412 0.521342 
vt -3.4574 0.531391 
vt -3.43663 0.559695 
vt -3.45237 0.555316 
vt -3.49926 0.663162 
vt -3.49184 0.643331 
vt -3.47616 0.651739 
vt -3.4833 0.672282 
vt -3.46712 0.617267 
vt -3.44691 0.624985 
vt -3.45693 0.662843 
vt -3.45839 0.580755 
vt -3.43888 0.585147 
vt -3.48205 0.606404 
vt -3.43261 0.652464 
vt -3.40041 0.60555 
vt -3.41517 0.625294 
vt -3.39746 0.594941 
vt -3.44728 0.672308 
vt -3.44579 0.678894 
vt -3.38663 0.587739 
vt -3.39061 0.5952 
vt -3.45432 0.680197 
vt -3.46449 0.690439 
vt -3.46452 0.676986 
vt -3.57231 0.729836 
vt -3.57907 0.699451 
vt -3.50838 0.659671 
vt -3.59214 0.88754 
vt -3.60843 0.862172 
vt -3.59607 0.864387 
vt -3.5383 0.863118 
vt -3.51836 0.89144 
vt -3.56276 0.8962 
vt -3.57027 0.864483 
vt -3.51614 0.865713 
vt -3.49382 0.869911 
vt -3.47845 0.906811 
vt -3.46636 0.876651 
vt -3.43676 0.614073 
vt -3.70176 0.690444 
vt -3.67799 0.696769 
vt -3.6784 0.706208 
vt -3.68793 0.696061 
vt -3.71004 0.703713 
vt -3.72241 0.710195 
vt -3.69281 0.720582 
vt -3.58848 0.530221 
vt -3.70801 0.728644 
vt -3.57266 0.532788 
vt -3.55571 0.517845 
vt -3.55981 0.521509 
vt -3.59398 0.560191 
vt -3.48757 0.4867 
vt -3.49075 0.496429 
vt -3.57436 0.565969 
vt -3.5572 0.566392 
vt -3.44077 0.680392 
vt -3.57598 0.604719 
vt -3.57792 0.642554 
vt -3.59663 0.603833 
vt -3.60235 0.590952 
vt -3.58054 0.672512 
vt -3.59624 0.645033 
vt -3.48623 0.545081 
vt -3.49142 0.54539 
vt -3.59831 0.67707 
vt -3.49053 0.515995 
vt -3.50736 0.516593 
vt -3.52304 0.509399 
vt -3.66269 0.783497 
vt -3.53647 0.588846 
vt -3.60092 0.704887 
vt -3.52983 0.538928 
vt -3.49619 0.594579 
vt -3.51168 0.548456 
vt -3.66071 0.788332 
vt -3.63641 0.811804 
vt -3.6077 0.712459 
vt -3.51694 0.593461 
vt -3.61152 0.843968 
vt -3.57586 0.678459 
vt -3.58544 0.834082 
vt -3.50177 0.63803 
vt -3.58381 0.930807 
vt -3.5631 0.937297 
vt -3.56311 0.782668 
vt -3.55026 0.828806 
vt -3.52578 0.939092 
vt -3.51926 0.780727 
vt -3.51678 0.830175 
vt -3.49078 0.646825 
vt -3.48712 0.941298 
vt -3.47909 0.785143 
vt -3.48401 0.83475 
vt -3.46053 0.911041 
vt -3.46639 0.939004 
vt -3.45649 0.840421 
vt -3.51884 0.729242 
vt -3.47395 0.735507 
vt -3.44789 0.793521 
vt -3.43456 0.798692 
vt -3.44028 0.747889 
vt -3.37591 0.59171 
vt -3.36859 0.601483 
vt -3.37532 0.60646 
vt -3.38301 0.600357 
vt -3.43119 0.713168 
vt -3.36466 0.597104 
vt -3.36859 0.601483 
vt -3.37591 0.59171 
vt -3.41794 0.693156 
vt -3.40191 0.671694 
vt -3.39859 0.683225 
vt -3.4084 0.701436 
vt -3.41752 0.723135 
vt -3.381 0.584019 
vt -3.37941 0.620347 
vt -3.39229 0.615187 
vt -3.42104 0.661092 
vt -3.38738 0.643293 
vt -3.40494 0.636715 
vt -3.39746 0.594941 
vt -3.36879 0.615886 
vt -3.37485 0.633941 
vt -3.69305 0.743962 
vt -3.68193 0.754028 
vt -3.67582 0.738845 
vt -3.66218 0.720359 

usemtl Hand1Mtl

f 3/3/3 4/4/4 5/5/5 
f 5/5/5 6/6/6 3/3/3 
f 9/9/9 10/10/10 11/11/11 
f 11/11/11 12/12/12 9/9/9 
f 17/17/17 18/18/18 19/19/19 
f 19/19/19 20/20/20 17/17/17 
f 17/17/17 20/20/20 21/21/21 
f 5/5/5 24/24/24 25/25/25 
f 25/25/25 6/6/6 5/5/5 
f 41/41/41 42/42/42 12/12/12 
f 12/12/12 43/43/43 41/41/41 
f 40/40/40 12/12/12 11/11/11 
f 39/39/39 43/43/43 12/12/12 
f 12/12/12 40/40/40 39/39/39 
f 44/44/44 45/45/45 46/46/46 
f 47/47/47 48/48/48 49/49/49 
f 49/49/49 50/50/50 47/47/47 
f 51/51/51 49/49/49 48/48/48 
f 44/44/44 46/46/46 53/53/53 
f 53/53/53 54/54/54 44/44/44 
f 50/50/50 55/55/55 56/56/56 
f 56/56/56 47/47/47 50/50/50 
f 59/59/59 57/57/57 58/58/58 
f 65/65/65 66/66/66 67/67/67 
f 68/68/68 65/65/65 67/67/67 
f 43/43/43 70/70/70 41/41/41 
f 31/31/31 73/73/73 74/74/74 
f 74/74/74 32/32/32 31/31/31 
f 12/12/12 42/42/42 9/9/9 
f 78/78/78 19/19/19 18/18/18 
f 18/18/18 72/72/72 78/78/78 
f 73/73/73 79/79/79 80/80/80 
f 80/80/80 74/74/74 73/73/73 
f 29/29/29 81/81/81 82/82/82 
f 82/82/82 30/30/30 29/29/29 
f 76/76/76 75/75/75 19/19/19 
f 19/19/19 78/78/78 76/76/76 
f 10/10/10 35/35/35 36/36/36 
f 36/36/36 11/11/11 10/10/10 
f 85/85/85 78/78/78 72/72/72 
f 72/72/72 77/77/77 85/85/85 
f 81/81/81 86/86/86 87/87/87 
f 87/87/87 82/82/82 81/81/81 
f 84/84/84 76/76/76 78/78/78 
f 78/78/78 85/85/85 84/84/84 
f 86/86/86 92/92/92 93/93/93 
f 93/93/93 87/87/87 86/86/86 
f 79/79/79 90/90/90 94/94/94 
f 94/94/94 95/95/95 79/79/79 
f 84/84/84 85/85/85 98/98/98 
f 92/92/92 100/100/100 101/101/101 
f 101/101/101 93/93/93 92/92/92 
f 97/97/97 102/102/102 103/103/103 
f 103/103/103 96/96/96 97/97/97 
f 99/99/99 105/105/105 106/106/106 
f 106/106/106 90/90/90 99/99/99 
f 107/107/107 108/108/108 101/101/101 
f 101/101/101 100/100/100 107/107/107 
f 109/109/109 103/103/103 102/102/102 
f 102/102/102 110/110/110 109/109/109 
f 113/113/113 114/114/114 112/112/112 
f 115/115/115 116/116/116 117/117/117 
f 119/119/119 120/120/120 121/121/121 
f 104/104/104 122/122/122 105/105/105 
f 105/105/105 99/99/99 104/104/104 
f 123/123/123 124/124/124 108/108/108 
f 108/108/108 107/107/107 123/123/123 
f 125/125/125 109/109/109 110/110/110 
f 110/110/110 126/126/126 125/125/125 
f 117/117/117 120/120/120 119/119/119 
f 119/119/119 115/115/115 117/117/117 
f 114/114/114 113/113/113 128/128/128 
f 118/118/118 130/130/130 122/122/122 
f 122/122/122 104/104/104 118/118/118 
f 131/131/131 132/132/132 124/124/124 
f 124/124/124 123/123/123 131/131/131 
f 111/111/111 119/119/119 121/121/121 
f 121/121/121 133/133/133 111/111/111 
f 134/134/134 135/135/135 125/125/125 
f 125/125/125 126/126/126 134/134/134 
f 137/137/137 33/33/33 34/34/34 
f 114/114/114 138/138/138 139/139/139 
f 139/139/139 112/112/112 114/114/114 
f 13/13/13 111/111/111 133/133/133 
f 133/133/133 14/14/14 13/13/13 
f 140/140/140 6/6/6 25/25/25 
f 129/129/129 141/141/141 138/138/138 
f 138/138/138 114/114/114 129/129/129 
f 132/132/132 131/131/131 4/4/4 
f 4/4/4 3/3/3 132/132/132 
f 116/116/116 115/115/115 15/15/15 
f 15/15/15 91/91/91 116/116/116 
f 143/143/143 144/144/144 135/135/135 
f 135/135/135 134/134/134 143/143/143 
f 145/145/145 137/137/137 136/136/136 
f 112/112/112 139/139/139 147/147/147 
f 144/144/144 143/143/143 59/59/59 
f 59/59/59 58/58/58 144/144/144 
f 149/149/149 150/150/150 145/145/145 
f 145/145/145 146/146/146 149/149/149 
f 151/151/151 152/152/152 66/66/66 
f 66/66/66 65/65/65 151/151/151 
f 66/66/66 147/147/147 139/139/139 
f 139/139/139 67/67/67 66/66/66 
f 151/151/151 65/65/65 153/153/153 
f 153/153/153 154/154/154 151/151/151 
f 150/150/150 149/149/149 156/156/156 
f 156/156/156 157/157/157 150/150/150 
f 147/147/147 66/66/66 152/152/152 
f 79/79/79 95/95/95 80/80/80 
f 157/157/157 156/156/156 159/159/159 
f 159/159/159 160/160/160 157/157/157 
f 70/70/70 43/43/43 38/38/38 
f 38/38/38 158/158/158 70/70/70 
f 160/160/160 159/159/159 62/62/62 
f 62/62/62 63/63/63 160/160/160 
f 90/90/90 106/106/106 94/94/94 
f 46/46/46 45/45/45 51/51/51 
f 51/51/51 48/48/48 46/46/46 
f 118/118/118 28/28/28 27/27/27 
f 27/27/27 130/130/130 118/118/118 
f 128/128/128 164/164/164 16/16/16 
f 113/113/113 165/165/165 164/164/164 
f 164/164/164 128/128/128 113/113/113 
f 88/88/88 98/98/98 166/166/166 
f 166/166/166 167/167/167 88/88/88 
f 166/166/166 164/164/164 165/165/165 
f 165/165/165 167/167/167 166/166/166 
f 138/138/138 69/69/69 67/67/67 
f 67/67/67 139/139/139 138/138/138 
f 141/141/141 69/69/69 138/138/138 
f 173/173/173 175/175/175 174/174/174 
f 181/181/181 180/180/180 179/179/179 
f 186/186/186 184/184/184 182/182/182 
f 189/189/189 190/190/190 188/188/188 
f 176/176/176 172/172/172 174/174/174 
f 178/178/178 199/199/199 186/186/186 
f 186/186/186 183/183/183 178/178/178 
f 199/199/199 201/201/201 202/202/202 
f 202/202/202 186/186/186 199/199/199 
f 200/200/200 202/202/202 201/201/201 
f 201/201/201 168/168/168 200/200/200 
f 174/174/174 175/175/175 191/191/191 
f 203/203/203 204/204/204 198/198/198 
f 198/198/198 197/197/197 203/203/203 
f 195/195/195 194/194/194 205/205/205 
f 205/205/205 206/206/206 195/195/195 
f 207/207/207 203/203/203 197/197/197 
f 197/197/197 196/196/196 207/207/207 
f 196/196/196 195/195/195 206/206/206 
f 206/206/206 207/207/207 196/196/196 
f 222/222/222 219/219/219 218/218/218 
f 231/231/231 232/232/232 233/233/233 
f 233/233/233 234/234/234 231/231/231 
f 236/236/236 237/237/237 238/238/238 
f 239/239/239 240/240/240 241/241/241 
f 242/242/242 243/243/243 244/244/244 
f 245/245/245 246/246/246 247/247/247 
f 241/241/241 240/240/240 248/248/248 
f 249/249/249 250/250/250 251/251/251 
f 251/251/251 252/252/252 249/249/249 
f 253/253/253 254/254/254 255/255/255 
f 260/260/260 257/257/257 259/259/259 
f 263/263/263 264/264/264 234/234/234 
f 265/265/265 266/266/266 267/267/267 
f 268/268/268 269/269/269 270/270/270 
f 270/270/270 271/271/271 268/268/268 
f 272/272/272 222/222/222 221/221/221 
f 273/273/273 276/276/276 277/277/277 
f 277/277/277 274/274/274 273/273/273 
f 276/276/276 280/280/280 281/281/281 
f 281/281/281 277/277/277 276/276/276 
f 282/282/282 278/278/278 274/274/274 
f 274/274/274 277/277/277 282/282/282 
f 222/222/222 272/272/272 284/284/284 
f 284/284/284 285/285/285 222/222/222 
f 277/277/277 281/281/281 286/286/286 
f 286/286/286 282/282/282 277/277/277 
f 287/287/287 288/288/288 278/278/278 
f 278/278/278 282/282/282 287/287/287 
f 225/225/225 283/283/283 290/290/290 
f 282/282/282 286/286/286 295/295/295 
f 295/295/295 287/287/287 282/282/282 
f 290/290/290 289/289/289 226/226/226 
f 226/226/226 223/223/223 290/290/290 
f 283/283/283 291/291/291 297/297/297 
f 297/297/297 290/290/290 283/283/283 
f 297/297/297 296/296/296 289/289/289 
f 289/289/289 290/290/290 297/297/297 
f 301/301/301 297/297/297 291/291/291 
f 291/291/291 298/298/298 301/301/301 
f 305/305/305 306/306/306 292/292/292 
f 301/301/301 300/300/300 296/296/296 
f 296/296/296 297/297/297 301/301/301 
f 298/298/298 303/303/303 309/309/309 
f 309/309/309 301/301/301 298/298/298 
f 311/311/311 312/312/312 306/306/306 
f 306/306/306 305/305/305 311/311/311 
f 313/313/313 285/285/285 314/314/314 
f 307/307/307 317/317/317 309/309/309 
f 309/309/309 303/303/303 307/307/307 
f 309/309/309 308/308/308 300/300/300 
f 300/300/300 301/301/301 309/309/309 
f 304/304/304 310/310/310 311/311/311 
f 311/311/311 305/305/305 304/304/304 
f 311/311/311 319/319/319 320/320/320 
f 320/320/320 312/312/312 311/311/311 
f 315/315/315 322/322/322 317/317/317 
f 317/317/317 307/307/307 315/315/315 
f 317/317/317 316/316/316 308/308/308 
f 308/308/308 309/309/309 317/317/317 
f 310/310/310 318/318/318 319/319/319 
f 319/319/319 311/311/311 310/310/310 
f 319/319/319 324/324/324 325/325/325 
f 325/325/325 320/320/320 319/319/319 
f 219/219/219 313/313/313 327/327/327 
f 315/315/315 321/321/321 329/329/329 
f 329/329/329 322/322/322 315/315/315 
f 322/322/322 259/259/259 316/316/316 
f 316/316/316 317/317/317 322/322/322 
f 324/324/324 319/319/319 318/318/318 
f 318/318/318 323/323/323 324/324/324 
f 331/331/331 325/325/325 324/324/324 
f 324/324/324 332/332/332 331/331/331 
f 229/229/229 326/326/326 328/328/328 
f 334/334/334 327/327/327 313/313/313 
f 321/321/321 211/211/211 337/337/337 
f 337/337/337 329/329/329 321/321/321 
f 260/260/260 259/259/259 322/322/322 
f 322/322/322 329/329/329 260/260/260 
f 258/258/258 257/257/257 253/253/253 
f 253/253/253 256/256/256 258/258/258 
f 330/330/330 332/332/332 324/324/324 
f 324/324/324 323/323/323 330/330/330 
f 262/262/262 331/331/331 332/332/332 
f 332/332/332 338/338/338 262/262/262 
f 333/333/333 336/336/336 328/328/328 
f 328/328/328 326/326/326 333/333/333 
f 342/342/342 343/343/343 327/327/327 
f 327/327/327 334/334/334 342/342/342 
f 211/211/211 343/343/343 245/245/245 
f 245/245/245 337/337/337 211/211/211 
f 346/346/346 260/260/260 329/329/329 
f 329/329/329 337/337/337 346/346/346 
f 257/257/257 260/260/260 254/254/254 
f 254/254/254 253/253/253 257/257/257 
f 332/332/332 330/330/330 255/255/255 
f 255/255/255 338/338/338 332/332/332 
f 339/339/339 345/345/345 336/336/336 
f 336/336/336 333/333/333 339/339/339 
f 341/341/341 342/342/342 334/334/334 
f 246/246/246 343/343/343 342/342/342 
f 271/271/271 270/270/270 348/348/348 
f 348/348/348 349/349/349 271/271/271 
f 247/247/247 346/346/346 337/337/337 
f 337/337/337 245/245/245 247/247/247 
f 260/260/260 346/346/346 352/352/352 
f 352/352/352 254/254/254 260/260/260 
f 338/338/338 255/255/255 254/254/254 
f 254/254/254 251/251/251 338/338/338 
f 345/345/345 339/339/339 347/347/347 
f 347/347/347 350/350/350 345/345/345 
f 269/269/269 246/246/246 342/342/342 
f 342/342/342 341/341/341 269/269/269 
f 247/247/247 246/246/246 240/240/240 
f 240/240/240 239/239/239 247/247/247 
f 349/349/349 354/354/354 355/355/355 
f 355/355/355 271/271/271 349/349/349 
f 351/351/351 350/350/350 356/356/356 
f 356/356/356 357/357/357 351/351/351 
f 346/346/346 247/247/247 239/239/239 
f 239/239/239 352/352/352 346/346/346 
f 251/251/251 254/254/254 352/352/352 
f 352/352/352 252/252/252 251/251/251 
f 261/261/261 266/266/266 265/265/265 
f 350/350/350 347/347/347 353/353/353 
f 353/353/353 356/356/356 350/350/350 
f 268/268/268 240/240/240 246/246/246 
f 246/246/246 269/269/269 268/268/268 
f 358/358/358 355/355/355 354/354/354 
f 354/354/354 359/359/359 358/358/358 
f 360/360/360 268/268/268 271/271/271 
f 271/271/271 355/355/355 360/360/360 
f 357/357/357 356/356/356 361/361/361 
f 361/361/361 209/209/209 357/357/357 
f 241/241/241 252/252/252 352/352/352 
f 352/352/352 239/239/239 241/241/241 
f 266/266/266 261/261/261 250/250/250 
f 250/250/250 362/362/362 266/266/266 
f 356/356/356 353/353/353 267/267/267 
f 267/267/267 361/361/361 356/356/356 
f 243/243/243 240/240/240 268/268/268 
f 268/268/268 360/360/360 243/243/243 
f 363/363/363 360/360/360 355/355/355 
f 355/355/355 358/358/358 363/363/363 
f 242/242/242 248/248/248 240/240/240 
f 240/240/240 243/243/243 242/242/242 
f 248/248/248 249/249/249 252/252/252 
f 252/252/252 241/241/241 248/248/248 
f 362/362/362 250/250/250 249/249/249 
f 249/249/249 364/364/364 362/362/362 
f 361/361/361 267/267/267 362/362/362 
f 362/362/362 365/365/365 361/361/361 
f 237/237/237 243/243/243 360/360/360 
f 360/360/360 363/363/363 237/237/237 
f 364/364/364 249/249/249 248/248/248 
f 248/248/248 242/242/242 364/364/364 
f 365/365/365 362/362/362 364/364/364 
f 364/364/364 366/366/366 365/365/365 
f 213/213/213 327/327/327 343/343/343 
f 343/343/343 211/211/211 213/213/213 
f 366/366/366 364/364/364 242/242/242 
f 242/242/242 244/244/244 366/366/366 
f 208/208/208 263/263/263 233/233/233 
f 368/368/368 366/366/366 244/244/244 
f 244/244/244 369/369/369 368/368/368 
f 236/236/236 369/369/369 243/243/243 
f 243/243/243 237/237/237 236/236/236 
f 263/263/263 208/208/208 210/210/210 
f 210/210/210 264/264/264 263/263/263 
f 370/370/370 368/368/368 369/369/369 
f 369/369/369 236/236/236 370/370/370 
f 371/371/371 370/370/370 236/236/236 
f 236/236/236 238/238/238 371/371/371 
f 264/264/264 210/210/210 368/368/368 
f 368/368/368 370/370/370 264/264/264 
f 374/374/374 264/264/264 370/370/370 
f 370/370/370 371/371/371 374/374/374 
f 372/372/372 375/375/375 377/377/377 
f 264/264/264 374/374/374 377/377/377 
f 377/377/377 234/234/234 264/264/264 
f 375/375/375 376/376/376 383/383/383 
f 383/383/383 377/377/377 375/375/375 
f 250/250/250 262/262/262 338/338/338 
f 338/338/338 251/251/251 250/250/250 
f 362/362/362 267/267/267 266/266/266 
f 377/377/377 383/383/383 231/231/231 
f 231/231/231 234/234/234 377/377/377 
f 376/376/376 382/382/382 387/387/387 
f 387/387/387 383/383/383 376/376/376 
f 232/232/232 231/231/231 388/388/388 
f 388/388/388 389/389/389 232/232/232 
f 385/385/385 380/380/380 378/378/378 
f 378/378/378 384/384/384 385/385/385 
f 386/386/386 381/381/381 385/385/385 
f 385/385/385 392/392/392 386/386/386 
f 382/382/382 386/386/386 392/392/392 
f 392/392/392 387/387/387 382/382/382 
f 383/383/383 387/387/387 388/388/388 
f 388/388/388 231/231/231 383/383/383 
f 388/388/388 390/390/390 391/391/391 
f 391/391/391 389/389/389 388/388/388 
f 392/392/392 385/385/385 384/384/384 
f 384/384/384 390/390/390 392/392/392 
f 387/387/387 392/392/392 390/390/390 
f 390/390/390 388/388/388 387/387/387 
f 366/366/366 368/368/368 210/210/210 
f 210/210/210 365/365/365 366/366/366 
f 243/243/243 369/369/369 244/244/244 
f 285/285/285 313/313/313 219/219/219 
f 219/219/219 222/222/222 285/285/285 
f 365/365/365 210/210/210 209/209/209 
f 209/209/209 361/361/361 365/365/365 
f 245/245/245 343/343/343 246/246/246 
f 270/270/270 269/269/269 341/341/341 
f 341/341/341 340/340/340 270/270/270 
f 270/270/270 340/340/340 344/344/344 
f 344/344/344 348/348/348 270/270/270 
f 285/285/285 284/284/284 395/395/395 
f 395/395/395 314/314/314 285/285/285 
f 287/287/287 295/295/295 396/396/396 
f 396/396/396 397/397/397 287/287/287 
f 288/288/288 287/287/287 397/397/397 
f 397/397/397 393/393/393 288/288/288 
f 272/272/272 393/393/393 397/397/397 
f 397/397/397 284/284/284 272/272/272 
f 284/284/284 397/397/397 396/396/396 
f 396/396/396 395/395/395 284/284/284 
f 398/398/398 399/399/399 400/400/400 
f 401/401/401 402/402/402 403/403/403 
f 403/403/403 404/404/404 401/401/401 
f 405/405/405 406/406/406 407/407/407 
f 407/407/407 408/408/408 405/405/405 
f 429/429/429 430/430/430 431/431/431 
f 433/433/433 434/434/434 435/435/435 
f 428/428/428 433/433/433 435/435/435 
f 398/398/398 436/436/436 399/399/399 
f 422/422/422 440/440/440 441/441/441 
f 441/441/441 420/420/420 422/422/422 
f 442/442/442 420/420/420 441/441/441 
f 440/440/440 422/422/422 443/443/443 
f 443/443/443 422/422/422 419/419/419 
f 419/419/419 444/444/444 443/443/443 
f 444/444/444 419/419/419 417/417/417 
f 417/417/417 416/416/416 444/444/444 
f 445/445/445 446/446/446 406/406/406 
f 406/406/406 405/405/405 445/445/445 
f 447/447/447 448/448/448 449/449/449 
f 414/414/414 413/413/413 451/451/451 
f 451/451/451 452/452/452 414/414/414 
f 411/411/411 410/410/410 455/455/455 
f 455/455/455 456/456/456 411/411/411 
f 451/451/451 457/457/457 458/458/458 
f 451/451/451 458/458/458 450/450/450 
f 462/462/462 463/463/463 456/456/456 
f 456/456/456 455/455/455 462/462/462 
f 464/464/464 465/465/465 463/463/463 
f 463/463/463 462/462/462 464/464/464 
f 466/466/466 402/402/402 458/458/458 
f 458/458/458 467/467/467 466/466/466 
f 468/468/468 469/469/469 460/460/460 
f 460/460/460 459/459/459 468/468/468 
f 470/470/470 471/471/471 472/472/472 
f 473/473/473 474/474/474 465/465/465 
f 465/465/465 464/464/464 473/473/473 
f 454/454/454 453/453/453 475/475/475 
f 475/475/475 476/476/476 454/454/454 
f 472/472/472 471/471/471 476/476/476 
f 476/476/476 475/475/475 472/472/472 
f 477/477/477 478/478/478 469/469/469 
f 469/469/469 468/468/468 477/477/477 
f 473/473/473 479/479/479 480/480/480 
f 480/480/480 474/474/474 473/473/473 
f 482/482/482 483/483/483 478/478/478 
f 478/478/478 477/477/477 482/482/482 
f 484/484/484 485/485/485 471/471/471 
f 471/471/471 470/470/470 484/484/484 
f 430/430/430 480/480/480 479/479/479 
f 479/479/479 431/431/431 430/430/430 
f 486/486/486 487/487/487 483/483/483 
f 483/483/483 482/482/482 486/486/486 
f 488/488/488 405/405/405 408/408/408 
f 408/408/408 415/415/415 488/488/488 
f 486/486/486 489/489/489 490/490/490 
f 490/490/490 487/487/487 486/486/486 
f 491/491/491 485/485/485 484/484/484 
f 405/405/405 488/488/488 492/492/492 
f 492/492/492 445/445/445 405/405/405 
f 434/434/434 490/490/490 489/489/489 
f 489/489/489 435/435/435 434/434/434 
f 445/445/445 492/492/492 494/494/494 
f 494/494/494 495/495/495 445/445/445 
f 493/493/493 485/485/485 491/491/491 
f 491/491/491 496/496/496 493/493/493 
f 467/467/467 458/458/458 457/457/457 
f 446/446/446 445/445/445 495/495/495 
f 495/495/495 498/498/498 446/446/446 
f 494/494/494 499/499/499 500/500/500 
f 500/500/500 495/495/495 494/494/494 
f 495/495/495 500/500/500 504/504/504 
f 504/504/504 498/498/498 495/495/495 
f 437/437/437 434/434/434 433/433/433 
f 502/502/502 438/438/438 507/507/507 
f 500/500/500 503/503/503 509/509/509 
f 509/509/509 504/504/504 500/500/500 
f 403/403/403 402/402/402 466/466/466 
f 505/505/505 506/506/506 511/511/511 
f 511/511/511 512/512/512 505/505/505 
f 438/438/438 439/439/439 514/514/514 
f 514/514/514 507/507/507 438/438/438 
f 436/436/436 509/509/509 503/503/503 
f 503/503/503 399/399/399 436/436/436 
f 512/512/512 516/516/516 513/513/513 
f 513/513/513 505/505/505 512/512/512 
f 439/439/439 515/515/515 517/517/517 
f 517/517/517 514/514/514 439/439/439 
f 421/421/421 420/420/420 442/442/442 
f 442/442/442 519/519/519 421/421/421 
f 513/513/513 516/516/516 521/521/521 
f 521/521/521 426/426/426 513/513/513 
f 522/522/522 517/517/517 515/515/515 
f 515/515/515 518/518/518 522/522/522 
f 519/519/519 425/425/425 424/424/424 
f 526/526/526 527/527/527 426/426/426 
f 426/426/426 521/521/521 526/526/526 
f 529/529/529 522/522/522 518/518/518 
f 518/518/518 523/523/523 529/529/529 
f 423/423/423 436/436/436 398/398/398 
f 536/536/536 537/537/537 527/527/527 
f 527/527/527 526/526/526 536/536/536 
f 538/538/538 529/529/529 523/523/523 
f 523/523/523 528/528/528 538/538/538 
f 427/427/427 527/527/527 537/537/537 
f 537/537/537 539/539/539 427/427/427 
f 540/540/540 537/537/537 536/536/536 
f 536/536/536 541/541/541 540/540/540 
f 539/539/539 537/537/537 540/540/540 
f 540/540/540 543/543/543 539/539/539 
f 544/544/544 540/540/540 541/541/541 
f 541/541/541 545/545/545 544/544/544 
f 531/531/531 530/530/530 547/547/547 
f 547/547/547 548/548/548 531/531/531 
f 545/545/545 549/549/549 550/550/550 
f 550/550/550 544/544/544 545/545/545 
f 551/551/551 543/543/543 540/540/540 
f 552/552/552 547/547/547 530/530/530 
f 530/530/530 532/532/532 552/552/552 
f 548/548/548 547/547/547 553/553/553 
f 553/553/553 554/554/554 548/548/548 
f 555/555/555 556/556/556 533/533/533 
f 533/533/533 546/546/546 555/555/555 
f 557/557/557 550/550/550 549/549/549 
f 549/549/549 558/558/558 557/557/557 
f 559/559/559 553/553/553 547/547/547 
f 547/547/547 552/552/552 559/559/559 
f 554/554/554 553/553/553 560/560/560 
f 560/560/560 561/561/561 554/554/554 
f 560/560/560 557/557/557 558/558/558 
f 558/558/558 561/561/561 560/560/560 
f 527/527/527 427/427/427 426/426/426 
f 534/534/534 533/533/533 556/556/556 
f 562/562/562 546/546/546 542/542/542 
f 555/555/555 546/546/546 562/562/562 
f 578/578/578 579/579/579 575/575/575 
f 576/576/576 575/575/575 580/580/580 
f 580/580/580 581/581/581 576/576/576 
f 575/575/575 579/579/579 582/582/582 
f 582/582/582 580/580/580 575/575/575 
f 570/570/570 584/584/584 574/574/574 
f 585/585/585 586/586/586 587/587/587 
f 587/587/587 584/584/584 585/585/585 
f 583/583/583 588/588/588 589/589/589 
f 590/590/590 585/585/585 584/584/584 
f 584/584/584 570/570/570 590/590/590 
f 591/591/591 592/592/592 593/593/593 
f 593/593/593 594/594/594 591/591/591 
f 595/595/595 596/596/596 592/592/592 
f 592/592/592 591/591/591 595/595/595 
f 599/599/599 600/600/600 598/598/598 
f 601/601/601 602/602/602 572/572/572 
f 572/572/572 571/571/571 601/601/601 
f 603/603/603 602/602/602 601/601/601 
f 601/601/601 604/604/604 603/603/603 
f 588/588/588 621/621/621 620/620/620 
f 570/570/570 569/569/569 622/622/622 
f 622/622/622 590/590/590 570/570/570 
f 582/582/582 623/623/623 624/624/624 
f 624/624/624 580/580/580 582/582/582 
f 625/625/625 626/626/626 627/627/627 
f 627/627/627 628/628/628 625/625/625 
f 629/629/629 631/631/631 624/624/624 
f 623/623/623 629/629/629 624/624/624 
f 628/628/628 627/627/627 633/633/633 
f 633/633/633 634/634/634 628/628/628 
f 636/636/636 591/591/591 594/594/594 
f 637/637/637 638/638/638 639/639/639 
f 639/639/639 640/640/640 637/637/637 
f 614/614/614 611/611/611 641/641/641 
f 642/642/642 573/573/573 565/565/565 
f 565/565/565 566/566/566 642/642/642 
f 643/643/643 640/640/640 639/639/639 
f 639/639/639 644/644/644 643/643/643 
f 637/637/637 640/640/640 646/646/646 
f 643/643/643 645/645/645 646/646/646 
f 646/646/646 640/640/640 643/643/643 
f 604/604/604 650/650/650 651/651/651 
f 652/652/652 602/602/602 603/603/603 
f 650/650/650 655/655/655 654/654/654 
f 658/658/658 605/605/605 656/656/656 
f 656/656/656 657/657/657 658/658/658 
f 611/611/611 607/607/607 659/659/659 
f 664/664/664 665/665/665 662/662/662 
f 666/666/666 665/665/665 664/664/664 
f 664/664/664 667/667/667 666/666/666 
f 668/668/668 666/666/666 667/667/667 
f 667/667/667 669/669/669 668/668/668 
f 587/587/587 615/615/615 574/574/574 
f 574/574/574 584/584/584 587/587/587 
f 671/671/671 668/668/668 669/669/669 
f 669/669/669 672/672/672 671/671/671 
f 670/670/670 665/665/665 666/666/666 
f 666/666/666 668/668/668 670/670/670 
f 610/610/610 609/609/609 619/619/619 
f 673/673/673 671/671/671 672/672/672 
f 672/672/672 674/674/674 673/673/673 
f 635/635/635 676/676/676 677/677/677 
f 634/634/634 633/633/633 635/635/635 
f 635/635/635 677/677/677 634/634/634 
f 678/678/678 630/630/630 629/629/629 
f 629/629/629 679/679/679 678/678/678 
f 569/569/569 678/678/678 679/679/679 
f 679/679/679 622/622/622 569/569/569 
f 676/676/676 620/620/620 621/621/621 
f 621/621/621 677/677/677 676/676/676 
f 682/682/682 683/683/683 684/684/684 
f 684/684/684 685/685/685 682/682/682 
f 687/687/687 688/688/688 689/689/689 
f 689/689/689 690/690/690 687/687/687 
f 680/680/680 691/691/691 692/692/692 
f 692/692/692 693/693/693 680/680/680 
f 691/691/691 694/694/694 695/695/695 
f 695/695/695 692/692/692 691/691/691 
f 695/695/695 696/696/696 697/697/697 
f 697/697/697 692/692/692 695/695/695 
f 682/682/682 698/698/698 699/699/699 
f 699/699/699 700/700/700 682/682/682 
f 700/700/700 701/701/701 683/683/683 
f 683/683/683 682/682/682 700/700/700 
f 698/698/698 682/682/682 685/685/685 
f 713/713/713 714/714/714 715/715/715 
f 715/715/715 716/716/716 713/713/713 
f 714/714/714 713/713/713 717/717/717 
f 719/719/719 720/720/720 721/721/721 
f 721/721/721 722/722/722 719/719/719 
f 723/723/723 722/722/722 721/721/721 
f 721/721/721 724/724/724 723/723/723 
f 720/720/720 725/725/725 726/726/726 
f 726/726/726 721/721/721 720/720/720 
f 727/727/727 728/728/728 729/729/729 
f 729/729/729 730/730/730 727/727/727 
f 729/729/729 731/731/731 732/732/732 
f 732/732/732 733/733/733 729/729/729 
f 734/734/734 726/726/726 725/725/725 
f 725/725/725 735/735/735 734/734/734 
f 726/726/726 686/686/686 724/724/724 
f 724/724/724 721/721/721 726/726/726 
f 731/731/731 729/729/729 728/728/728 
f 728/728/728 736/736/736 731/731/731 
f 731/731/731 734/734/734 735/735/735 
f 735/735/735 732/732/732 731/731/731 
f 686/686/686 726/726/726 734/734/734 
f 745/745/745 746/746/746 747/747/747 
f 746/746/746 696/696/696 730/730/730 
f 730/730/730 747/747/747 746/746/746 
f 729/729/729 733/733/733 747/747/747 
f 747/747/747 730/730/730 729/729/729 
f 697/697/697 748/748/748 749/749/749 
f 692/692/692 697/697/697 693/693/693 
f 750/750/750 696/696/696 695/695/695 
f 754/754/754 755/755/755 756/756/756 
f 756/756/756 757/757/757 754/754/754 
f 758/758/758 755/755/755 754/754/754 
f 758/758/758 759/759/759 755/755/755 
f 760/760/760 755/755/755 759/759/759 
f 759/759/759 761/761/761 760/760/760 
f 763/763/763 767/767/767 707/707/707 
f 707/707/707 706/706/706 763/763/763 
f 768/768/768 703/703/703 707/707/707 
f 707/707/707 767/767/767 768/768/768 
f 766/766/766 765/765/765 769/769/769 
f 766/766/766 769/769/769 767/767/767 
f 763/763/763 766/766/766 767/767/767 
f 771/771/771 768/768/768 767/767/767 
f 767/767/767 769/769/769 771/771/771 
f 772/772/772 770/770/770 715/715/715 
f 715/715/715 714/714/714 772/772/772 
f 774/774/774 772/772/772 714/714/714 
f 714/714/714 718/718/718 774/774/774 
f 776/776/776 777/777/777 690/690/690 
f 690/690/690 689/689/689 776/776/776 
f 778/778/778 775/775/775 770/770/770 
f 770/770/770 772/772/772 778/778/778 
f 779/779/779 778/778/778 772/772/772 
f 746/746/746 745/745/745 780/780/780 
f 781/781/781 681/681/681 680/680/680 
f 680/680/680 782/782/782 781/781/781 
f 778/778/778 781/781/781 783/783/783 
f 783/783/783 775/775/775 778/778/778 
f 696/696/696 727/727/727 730/730/730 
f 696/696/696 750/750/750 727/727/727 
f 781/781/781 778/778/778 779/779/779 
f 779/779/779 681/681/681 781/781/781 
f 782/782/782 680/680/680 693/693/693 
f 693/693/693 785/785/785 782/782/782 
f 782/782/782 786/786/786 783/783/783 
f 783/783/783 781/781/781 782/782/782 
f 785/785/785 693/693/693 697/697/697 
f 697/697/697 749/749/749 785/785/785 
f 785/785/785 789/789/789 786/786/786 
f 786/786/786 782/782/782 785/785/785 
f 791/791/791 792/792/792 687/687/687 
f 687/687/687 690/690/690 791/791/791 
f 749/749/749 795/795/795 789/789/789 
f 789/789/789 785/785/785 749/749/749 
f 777/777/777 790/790/790 791/791/791 
f 791/791/791 690/690/690 777/777/777 
f 796/796/796 792/792/792 791/791/791 
f 791/791/791 798/798/798 796/796/796 
f 788/788/788 798/798/798 791/791/791 
f 791/791/791 790/790/790 788/788/788 
f 798/798/798 802/802/802 794/794/794 
f 794/794/794 796/796/796 798/798/798 
f 797/797/797 802/802/802 798/798/798 
f 798/798/798 788/788/788 797/797/797 
f 794/794/794 802/802/802 694/694/694 
f 694/694/694 691/691/691 794/794/794 
f 753/753/753 757/757/757 756/756/756 
f 699/699/699 805/805/805 803/803/803 
f 803/803/803 800/800/800 699/699/699 
f 802/802/802 797/797/797 806/806/806 
f 806/806/806 694/694/694 802/802/802 
f 750/750/750 695/695/695 694/694/694 
f 694/694/694 806/806/806 750/750/750 
f 807/807/807 751/751/751 756/756/756 
f 756/756/756 808/808/808 807/807/807 
f 809/809/809 810/810/810 805/805/805 
f 805/805/805 699/699/699 809/809/809 
f 728/728/728 727/727/727 750/750/750 
f 750/750/750 806/806/806 728/728/728 
f 811/811/811 808/808/808 756/756/756 
f 756/756/756 755/755/755 811/811/811 
f 812/812/812 813/813/813 810/810/810 
f 810/810/810 809/809/809 812/812/812 
f 757/757/757 805/805/805 810/810/810 
f 810/810/810 754/754/754 757/757/757 
f 811/811/811 755/755/755 760/760/760 
f 760/760/760 815/815/815 811/811/811 
f 816/816/816 817/817/817 813/813/813 
f 813/813/813 812/812/812 816/816/816 
f 754/754/754 810/810/810 813/813/813 
f 813/813/813 758/758/758 754/754/754 
f 818/818/818 819/819/819 815/815/815 
f 758/758/758 813/813/813 817/817/817 
f 817/817/817 759/759/759 758/758/758 
f 817/817/817 820/820/820 761/761/761 
f 761/761/761 759/759/759 817/817/817 
f 697/697/697 696/696/696 821/821/821 
f 821/821/821 748/748/748 697/697/697 
f 822/822/822 816/816/816 812/812/812 
f 812/812/812 821/821/821 822/822/822 
f 817/817/817 816/816/816 823/823/823 
f 823/823/823 820/820/820 817/817/817 
f 733/733/733 741/741/741 745/745/745 
f 745/745/745 747/747/747 733/733/733 
f 822/822/822 821/821/821 696/696/696 
f 696/696/696 746/746/746 822/822/822 
f 700/700/700 699/699/699 800/800/800 
f 800/800/800 799/799/799 700/700/700 
f 825/825/825 823/823/823 816/816/816 
f 816/816/816 822/822/822 825/825/825 
f 826/826/826 827/827/827 828/828/828 
f 828/828/828 829/829/829 826/826/826 
f 830/830/830 825/825/825 822/822/822 
f 822/822/822 746/746/746 830/830/830 
f 831/831/831 832/832/832 833/833/833 
f 753/753/753 803/803/803 805/805/805 
f 805/805/805 757/757/757 753/753/753 
f 834/834/834 835/835/835 836/836/836 
f 836/836/836 837/837/837 834/834/834 
f 780/780/780 834/834/834 830/830/830 
f 830/830/830 746/746/746 780/780/780 
f 809/809/809 699/699/699 698/698/698 
f 698/698/698 748/748/748 809/809/809 
f 837/837/837 838/838/838 830/830/830 
f 830/830/830 834/834/834 837/837/837 
f 828/828/828 840/840/840 841/841/841 
f 841/841/841 829/829/829 828/828/828 
f 743/743/743 826/826/826 829/829/829 
f 829/829/829 744/744/744 743/743/743 
f 842/842/842 835/835/835 834/834/834 
f 834/834/834 780/780/780 842/842/842 
f 841/841/841 840/840/840 843/843/843 
f 843/843/843 844/844/844 841/841/841 
f 841/841/841 738/738/738 744/744/744 
f 744/744/744 829/829/829 841/841/841 
f 821/821/821 812/812/812 809/809/809 
f 809/809/809 748/748/748 821/821/821 
f 737/737/737 842/842/842 780/780/780 
f 780/780/780 741/741/741 737/737/737 
f 844/844/844 843/843/843 835/835/835 
f 835/835/835 842/842/842 844/844/844 
f 844/844/844 739/739/739 738/738/738 
f 738/738/738 841/841/841 844/844/844 
f 749/749/749 748/748/748 712/712/712 
f 712/712/712 795/795/795 749/749/749 
f 739/739/739 844/844/844 842/842/842 
f 842/842/842 737/737/737 739/739/739 
f 840/840/840 846/846/846 847/847/847 
f 846/846/846 840/840/840 828/828/828 
f 828/828/828 827/827/827 846/846/846 
f 701/701/701 700/700/700 799/799/799 
f 849/849/849 848/848/848 850/850/850 
f 769/769/769 850/850/850 848/848/848 
f 848/848/848 771/771/771 769/769/769 
f 850/850/850 769/769/769 765/765/765 
f 765/765/765 851/851/851 850/850/850 
f 850/850/850 683/683/683 701/701/701 
f 701/701/701 849/849/849 850/850/850 
f 851/851/851 684/684/684 683/683/683 
f 683/683/683 850/850/850 851/851/851 

g Hand2

v 38.5344 117.926 30.6521 
v 38.5731 118.214 30.6525 
v 38.0155 116.984 31.2883 
v 37.9625 117.033 31.44 
v 38.0617 117.177 31.3647 
v 38.1447 117.127 31.2579 
v 38.0649 118.667 29.9528 
v 38.1276 119.113 30.3602 
v 38.1838 119.197 30.3598 
v 38.1515 119.213 30.2338 
v 38.0955 119.098 30.2521 
v 38.5017 117.967 30.5625 
v 38.3875 117.747 30.5903 
v 38.4008 117.715 30.7025 
v 38.4072 117.961 30.3932 
v 38.3514 117.766 30.3993 
v 38.2866 117.602 30.289 
v 38.321 117.539 30.6583 
v 38.0897 117.001 31.0879 
v 37.9933 116.68 31.1038 
v 38.0055 116.795 31.3937 
v 37.9962 116.887 31.5513 
v 38.0608 117.542 32.063 
v 37.9964 117.471 32.0755 
v 38.0837 117.439 32.1092 
v 38.1887 117.517 32.0508 
v 37.9812 117.564 31.9728 
v 37.9323 117.496 32.0035 
v 38.0606 117.605 31.9411 
v 38.4265 117.104 31.242 
v 38.2571 117.131 31.1553 
v 38.4265 117.104 31.242 
v 38.3927 117.229 31.0698 
v 38.379 119.088 30.8145 
v 38.2923 118.971 30.7984 
v 38.3077 118.961 30.8982 
v 38.3905 119.048 30.925 
v 38.4117 119.042 30.6959 
v 38.328 118.975 30.7031 
v 38.0075 118.755 29.6263 
v 37.9367 118.703 29.693 
v 37.9328 118.753 29.7842 
v 38.0007 118.863 29.725 
v 38.0504 118.879 29.8541 
v 37.9805 118.792 29.8827 
v 37.9885 118.544 29.714 
v 37.9796 118.582 29.8471 
v 38.3356 117.734 30.2184 
v 38.4252 117.895 30.1636 
v 38.2978 117.825 30.0372 
v 38.2721 117.656 30.0893 
v 38.2273 118.087 29.9537 
v 38.2771 118.023 29.793 
v 38.3379 117.723 29.8732 
v 38.09 118.375 29.8872 
v 38.1151 118.339 29.7307 
v 38.3829 118.184 30.0962 
v 38.352 117.821 29.6984 
v 38.1151 118.195 29.4405 
v 38.2435 118.037 29.5592 
v 38.1853 118.281 29.4165 
v 38.3731 117.663 29.8152 
v 38.5904 117.61 29.7964 
v 38.0986 118.341 29.3279 
v 38.056 118.28 29.3602 
v 38.2731 117.599 29.8535 
v 38.2352 117.511 29.9356 
v 38.2693 117.621 29.9337 
v 38.2151 117.201 30.8027 
v 38.3571 117.442 30.8622 
v 38.3559 117.761 30.2868 
v 38.4279 115.921 30.9752 
v 38.4577 116.121 31.1042 
v 38.1753 116.103 31.0009 
v 37.9791 116.119 30.5279 
v 38.0811 115.889 30.3661 
v 38.1765 115.851 30.7305 
v 38.0296 116.106 30.7885 
v 37.9951 116.1 30.3468 
v 38.0488 116.065 30.1641 
v 38.2413 115.767 30.0423 
v 38.199 116.011 29.9419 
v 38.3638 118.11 29.6982 
v 37.9357 117.521 31.8308 
v 38.1012 117.468 31.6293 
v 37.9497 117.392 31.6326 
v 37.9186 117.474 31.7089 
v 37.8805 117.402 31.905 
v 37.9445 117.346 32.0098 
v 37.8719 117.264 31.7621 
v 38.3603 118.789 30.9453 
v 37.9277 117.196 31.8912 
v 38.3155 118.764 30.7978 
v 38.4821 118.889 30.6467 
v 38.3651 118.858 30.6797 
v 38.466 118.548 30.9902 
v 38.1764 119.145 30.1135 
v 38.1199 119.069 30.1397 
v 38.4034 118.497 30.8226 
v 38.523 118.497 30.661 
v 38.2609 117.602 29.7483 
v 38.4592 118.194 30.8191 
v 38.4618 117.893 30.8472 
v 38.5353 118.197 31.0015 
v 38.6482 118.302 31.0576 
v 38.4246 117.654 30.8737 
v 38.5463 117.871 31.0007 
v 38.4677 118.665 30.0918 
v 38.3386 118.663 30.1331 
v 38.541 117.616 31.0239 
v 38.1931 118.898 30.1267 
v 38.1436 118.89 30.2815 
v 38.195 118.949 30.414 
v 38.354 116.754 31.538 
v 38.4943 118.32 30.5317 
v 38.4905 117.398 31.044 
v 38.3491 118.719 30.4783 
v 38.4684 118.27 30.1711 
v 38.2657 118.637 30.3248 
v 38.1589 116.711 31.52 
v 38.1363 116.525 31.3236 
v 38.6691 117.332 31.0999 
v 38.3805 118.279 30.3673 
v 38.1333 116.269 31.1247 
v 38.9949 117.604 30.8334 
v 37.9701 116.354 30.9095 
v 38.458 117.929 30.2275 
v 38.4894 115.581 30.9105 
v 38.3651 115.523 30.7331 
v 38.0128 116.774 30.7253 
v 37.9407 116.4 30.6228 
v 38.3134 115.507 30.4266 
v 38.0352 116.789 30.3732 
v 37.9686 116.39 30.3519 
v 38.6826 117.868 30.1568 
v 38.3873 115.49 30.1139 
v 38.0611 116.752 30.0479 
v 38.0234 116.351 30.0851 
v 38.4633 115.734 29.8915 
v 38.4896 115.514 29.941 
v 38.1677 116.302 29.8624 
v 38.1721 117.203 30.3721 
v 38.1515 117.151 30.0095 
v 38.1736 116.682 29.7942 
v 38.3969 116.637 29.6791 
v 38.2182 117.049 29.7365 
v 38.0524 118.309 29.2219 
v 38.0559 118.226 29.1582 
v 38.0171 118.184 29.2164 
v 38.0132 118.233 29.2793 
v 38.2599 117.327 29.6664 
v 38.12 118.264 29.1248 
v 38.0559 118.226 29.1582 
v 38.0524 118.309 29.2219 
v 38.2805 117.475 29.5512 
v 38.2633 117.646 29.423 
v 38.3803 117.554 29.3964 
v 38.407 117.411 29.4744 
v 38.4123 117.241 29.5459 
v 38.1552 118.376 29.2648 
v 38.0644 118.059 29.257 
v 38.0517 118.104 29.3658 
v 38.2218 117.738 29.5877 
v 38.1731 117.876 29.3191 
v 38.144 117.928 29.4596 
v 38.1853 118.281 29.4165 
v 38.1358 118.098 29.1515 
v 38.2367 117.952 29.2005 
v 37.9548 117.064 31.7777 
v 37.9744 116.983 31.688 
v 37.9066 117.117 31.6238 
v 37.9883 117.27 31.5087 

vn -0.204724 0.0314961 -0.976378 
vn -0.212598 0.0314961 -0.976378 
vn -0.913386 0.267717 -0.314961 
vn -0.952756 0.0314961 -0.307087 
vn -0.732283 0.401575 -0.559055 
vn -0.622047 0.622047 -0.480315 
vn -0.133858 0.204724 0.968504 
vn -0.834646 0.496063 0.23622 
vn -0.80315 0.535433 0.267717 
vn -0.84252 0.488189 0.228346 
vn -0.866142 0.456693 0.19685 
vn -0.850394 0.417323 0.314961 
vn -0.88189 0.425197 0.220472 
vn -0.913386 0.370079 0.173228 
vn -0.984252 0.133858 0.141732 
vn -0.937008 0.338583 0.11811 
vn -0.944882 0.314961 0.0944882 
vn -0.92126 0.330709 0.204724 
vn -0.826772 0.551181 -0.125984 
vn -0.992126 -0.0314961 0.125984 
vn -0.92126 -0.338583 0.188976 
vn -0.795276 -0.535433 0.283465 
vn -0.165354 0.653543 0.740157 
vn -0.385827 0.503937 0.771654 
vn -0.102362 0.377953 0.92126 
vn 0.204724 0.637795 0.740157 
vn -0.393701 0.748031 0.535433 
vn -0.472441 0.622047 0.629921 
vn -0.19685 0.874016 0.440945 
vn 0.251969 0.488189 0.834646 
vn -0.425197 0.795276 -0.440945 
vn 0.251969 0.488189 0.834646 
vn -0.0866142 0.80315 0.582677 
vn -0.188976 0.913386 0.346457 
vn -0.826772 0.535433 0.181102 
vn -0.795276 0.559055 0.23622 
vn -0.267717 0.92126 0.267717 
vn -0.188976 0.874016 -0.448819 
vn -0.637795 0.732283 -0.228346 
vn -0.133858 -0.0393701 -0.992126 
vn -0.818898 0.488189 -0.307087 
vn -0.858268 0.385827 -0.330709 
vn -0.338583 0.685039 -0.645669 
vn -0.307087 0.952756 0.0393701 
vn -0.76378 0.629921 0.15748 
vn -0.905512 -0.433071 0.0314961 
vn -0.874016 -0.299213 0.385827 
vn -0.88189 0.433071 0.19685 
vn -0.716535 0.551181 0.425197 
vn -0.826772 0.409449 0.377953 
vn -0.968504 0.212598 0.125984 
vn -0.944882 -0.283465 -0.181102 
vn -0.92126 -0.354331 -0.133858 
vn -0.96063 -0.228346 -0.133858 
vn -0.88189 -0.472441 -0.015748 
vn -0.874016 -0.488189 -0.0393701 
vn -0.0787402 0.220472 0.968504 
vn 0.023622 0.511811 0.858268 
vn -0.275591 0.472441 0.84252 
vn -0.181102 0.448819 0.874016 
vn -0.291339 0.496063 0.818898 
vn 0.125984 0.543307 0.826772 
vn 0.677165 0.543307 0.488189 
vn -0.322835 0.614173 0.724409 
vn -0.330709 0.574803 0.748031 
vn -0.850394 0.519685 -0.0708661 
vn -0.976378 0.220472 -0.0393701 
vn -0.937008 0.307087 -0.141732 
vn -0.858268 0.472441 0.188976 
vn -0.818898 0.338583 0.464567 
vn -0.913386 0.409449 -0.0314961 
vn -0.188976 -0.440945 0.88189 
vn 0.0866142 -0.574803 0.818898 
vn -0.543307 -0.590551 0.598425 
vn -0.952756 -0.299213 0.0551181 
vn -0.88189 -0.472441 -0.0551181 
vn -0.771654 -0.503937 0.401575 
vn -0.858268 -0.425197 0.299213 
vn -0.96063 -0.244094 -0.133858 
vn -0.889764 -0.291339 -0.346457 
vn -0.84252 -0.456693 -0.283465 
vn -0.818898 -0.330709 -0.472441 
vn -0.433071 -0.393701 -0.811024 
vn -0.661417 0.732283 -0.181102 
vn -0.307087 0.582677 -0.748031 
vn -0.307087 0.582677 -0.748031 
vn -0.307087 0.582677 -0.748031 
vn -0.976378 0.0787402 0.212598 
vn -0.850394 -0.149606 0.503937 
vn -0.992126 -0.0866142 -0.0393701 
vn -0.519685 0.0314961 0.850394 
vn -0.913386 -0.23622 0.338583 
vn -0.952756 -0.212598 -0.19685 
vn -0.23622 0.0866142 -0.968504 
vn -0.275591 0 -0.96063 
vn -0.448819 -0.0314961 0.897638 
vn -0.834646 0.417323 -0.370079 
vn -0.811024 0.488189 -0.330709 
vn -0.88189 -0.299213 0.362205 
vn -0.511811 -0.110236 -0.850394 
vn -0.677165 0.724409 0.0866142 
vn -0.889764 0.0629921 -0.456693 
vn -0.976378 0.141732 0.173228 
vn -0.905512 -0.15748 0.401575 
vn -0.385827 -0.0314961 0.92126 
vn -0.874016 0.204724 0.448819 
vn -0.850394 0.0629921 0.519685 
vn -0.291339 -0.244094 -0.92126 
vn -0.307087 -0.220472 -0.929134 
vn -0.503937 0.133858 0.850394 
vn -0.377953 -0.220472 -0.897638 
vn -0.92126 -0.377953 0.110236 
vn -0.826772 -0.307087 0.464567 
vn 0.409449 -0.433071 0.80315 
vn -0.220472 0.023622 0.976378 
vn -0.472441 0.338583 0.811024 
vn -0.267717 0.015748 0.96063 
vn -0.299213 -0.188976 -0.937008 
vn -0.779528 -0.291339 0.551181 
vn -0.322835 -0.645669 0.692913 
vn -0.590551 -0.543307 0.598425 
vn 0.433071 0.0866142 0.897638 
vn -0.80315 -0.188976 0.566929 
vn -0.629921 -0.480315 0.606299 
vn 0.944882 0.0866142 0.307087 
vn -0.937008 -0.19685 0.275591 
vn -0.929134 0.133858 -0.354331 
vn 0.110236 -0.125984 0.984252 
vn -0.795276 -0.456693 0.393701 
vn -0.96063 0.267717 0 
vn -1 0.00787402 0.015748 
vn -0.858268 -0.511811 0 
vn -0.968504 0.23622 -0.0629921 
vn -0.992126 0.0314961 -0.133858 
vn 0.606299 0.614173 0.503937 
vn -0.850394 -0.496063 -0.173228 
vn -0.96063 0.125984 -0.259843 
vn -0.929134 -0.0708661 -0.370079 
vn -0.653543 -0.377953 -0.653543 
vn -0.818898 -0.220472 -0.527559 
vn -0.834646 -0.228346 -0.496063 
vn -0.944882 0.322835 0.0472441 
vn -0.968504 0.212598 -0.125984 
vn -0.889764 -0.00787402 -0.464567 
vn -0.417323 -0.188976 -0.889764 
vn -0.944882 0.102362 -0.307087 
vn -0.732283 0.614173 -0.291339 
vn -0.755906 0.370079 -0.543307 
vn -0.905512 0.259843 -0.330709 
vn -0.929134 0.259843 -0.259843 
vn -0.984252 0.0787402 -0.173228 
vn -0.559055 0.519685 -0.645669 
vn -0.755906 0.370079 -0.543307 
vn -0.732283 0.614173 -0.291339 
vn -0.598425 -0.488189 -0.637795 
vn -0.559055 -0.535433 -0.637795 
vn -0.582677 -0.503937 -0.637795 
vn -0.637795 -0.401575 -0.661417 
vn -0.645669 -0.212598 -0.732283 
vn -0.464567 0.866142 -0.181102 
vn -0.897638 -0.433071 0.0629921 
vn -0.905512 -0.220472 0.354331 
vn -0.984252 -0.188976 -0.0472441 
vn -0.905512 -0.425197 -0.015748 
vn -0.905512 -0.417323 -0.015748 
vn -0.291339 0.496063 0.818898 
vn -0.0787402 -0.259843 -0.96063 
vn 0.102362 -0.338583 -0.937008 
vn -0.283465 -0.708661 0.645669 
vn -0.299213 -0.740157 0.606299 
vn -0.976378 -0.125984 -0.15748 
vn -0.88189 0.133858 -0.456693 

vt 0.480572 0.3501 
vt 0.480433 0.272995 
vt 0.269611 0.603382 
vt 0.218295 0.58911 
vt 0.242104 0.552482 
vt 0.278812 0.567086 
vt 0.730561 0.152581 
vt 0.587629 0.0347297 
vt 0.587977 0.0123065 
vt 0.630391 0.00790077 
vt 0.623976 0.0384011 
vt 0.519657 0.340987 
vt 0.509622 0.400159 
vt 0.47128 0.408433 
vt 0.57581 0.341223 
vt 0.573578 0.394367 
vt 0.610788 0.438174 
vt 0.486486 0.455323 
vt 0.338763 0.600528 
vt 0.335082 0.683212 
vt 0.237346 0.650955 
vt 0.184607 0.625208 
vt 0.0144511 0.456274 
vt 0.0104037 0.474349 
vt 0 0.482274 
vt 0.0185516 0.462821 
vt 0.0436032 0.450756 
vt 0.0338253 0.468293 
vt 0.0536814 0.440511 
vt 0.293089 0.572473 
vt 0.313821 0.566947 
vt 0.293089 0.572473 
vt 0.349706 0.540698 
vt 0.434547 0.0435786 
vt 0.438871 0.0730074 
vt 0.405451 0.0757748 
vt 0.39658 0.0542952 
vt 0.469319 0.0557241 
vt 0.468374 0.0729346 
vt 0.827825 0.127766 
vt 0.809873 0.144468 
vt 0.778827 0.130395 
vt 0.796766 0.102706 
vt 0.757664 0.0998739 
vt 0.748786 0.121396 
vt 0.805052 0.182021 
vt 0.762402 0.172642 
vt 0.635372 0.403636 
vt 0.65549 0.361159 
vt 0.697964 0.379169 
vt 0.678619 0.42317 
vt 0.722447 0.305335 
vt 0.777184 0.321865 
vt 0.75005 0.402952 
vt 0.746101 0.22713 
vt 0.798948 0.236537 
vt 0.681989 0.282066 
vt 0.815942 0.380723 
vt 0.903161 0.280238 
vt 0.863181 0.322528 
vt 0.911147 0.257515 
vt 0.77618 0.423226 
vt 0.780242 0.437332 
vt 0.940497 0.242089 
vt 0.929723 0.258069 
vt 0.757127 0.440124 
vt 0.729563 0.46206 
vt 0.729493 0.433244 
vt 0.437488 0.546445 
vt 0.419184 0.481363 
vt 0.610682 0.396158 
vt 0.383754 0.88423 
vt 0.339636 0.829893 
vt 0.373132 0.834638 
vt 0.529625 0.83192 
vt 0.583647 0.892583 
vt 0.463352 0.902778 
vt 0.443022 0.834843 
vt 0.589649 0.837477 
vt 0.650104 0.846469 
vt 0.691751 0.925504 
vt 0.724495 0.860907 
vt 0.804705 0.298493 
vt 0.0868115 0.462072 
vt 0.151204 0.475619 
vt 0.150095 0.495836 
vt 0.124279 0.474102 
vt 0.0643639 0.490492 
vt 0.0308654 0.504375 
vt 0.111059 0.526624 
vt 0.393673 0.118891 
vt 0.0698825 0.543891 
vt 0.436533 0.124389 
vt 0.482461 0.0923822 
vt 0.471346 0.10023 
vt 0.378776 0.183083 
vt 0.667056 0.0256736 
vt 0.658445 0.0465114 
vt 0.431923 0.195459 
vt 0.478421 0.196365 
vt 0.793835 0.44054 
vt 0.427541 0.278459 
vt 0.422298 0.359497 
vt 0.37161 0.27656 
vt 0.356102 0.248969 
vt 0.415187 0.423663 
vt 0.372655 0.364805 
vt 0.670687 0.15072 
vt 0.656628 0.151381 
vt 0.367057 0.433426 
vt 0.659038 0.0884197 
vt 0.613444 0.0897019 
vt 0.570954 0.0742918 
vt 0.19264 0.66138 
vt 0.534588 0.24446 
vt 0.359984 0.493007 
vt 0.552557 0.13754 
vt 0.643706 0.25674 
vt 0.601739 0.157947 
vt 0.198004 0.671737 
vt 0.263845 0.722011 
vt 0.341628 0.509225 
vt 0.587484 0.254345 
vt 0.331271 0.790903 
vt 0.42787 0.436401 
vt 0.401904 0.769728 
vt 0.628575 0.349807 
vt 0.406343 0.976902 
vt 0.462433 0.990804 
vt 0.462399 0.659606 
vt 0.49723 0.758427 
vt 0.563536 0.994647 
vt 0.581195 0.655447 
vt 0.587926 0.761359 
vt 0.658339 0.368643 
vt 0.668275 0.999374 
vt 0.690032 0.664906 
vt 0.676694 0.771159 
vt 0.740307 0.934566 
vt 0.724428 0.994459 
vt 0.751247 0.783305 
vt 0.582325 0.545172 
vt 0.703952 0.55859 
vt 0.774535 0.68285 
vt 0.810646 0.693925 
vt 0.795144 0.585111 
vt 0.969524 0.250594 
vt 0.989375 0.271527 
vt 0.97112 0.282187 
vt 0.950307 0.269115 
vt 0.819795 0.510742 
vt 1 0.262148 
vt 0.989375 0.271527 
vt 0.969524 0.250594 
vt 0.855679 0.46788 
vt 0.899089 0.42191 
vt 0.908085 0.446609 
vt 0.881513 0.485614 
vt 0.856821 0.532091 
vt 0.955755 0.234121 
vt 0.960048 0.31193 
vt 0.925153 0.300879 
vt 0.847287 0.399203 
vt 0.938472 0.361078 
vt 0.890883 0.34699 
vt 0.911147 0.257515 
vt 0.988836 0.302376 
vt 0.972397 0.341048 
vt 0.110391 0.5767 
vt 0.14053 0.598262 
vt 0.157086 0.565741 
vt 0.194025 0.526147 

usemtl Hand2Mtl

f 854/854/854 855/855/855 856/856/856 
f 856/856/856 857/857/857 854/854/854 
f 859/859/859 860/860/860 861/861/861 
f 861/861/861 862/862/862 859/859/859 
f 852/852/852 863/863/863 864/864/864 
f 864/864/864 865/865/865 852/852/852 
f 863/863/863 866/866/866 867/867/867 
f 867/867/867 864/864/864 863/863/863 
f 867/867/867 868/868/868 869/869/869 
f 869/869/869 864/864/864 867/867/867 
f 854/854/854 870/870/870 871/871/871 
f 871/871/871 872/872/872 854/854/854 
f 872/872/872 873/873/873 855/855/855 
f 855/855/855 854/854/854 872/872/872 
f 870/870/870 854/854/854 857/857/857 
f 885/885/885 886/886/886 887/887/887 
f 887/887/887 888/888/888 885/885/885 
f 886/886/886 885/885/885 889/889/889 
f 891/891/891 892/892/892 893/893/893 
f 893/893/893 894/894/894 891/891/891 
f 895/895/895 894/894/894 893/893/893 
f 893/893/893 896/896/896 895/895/895 
f 892/892/892 897/897/897 898/898/898 
f 898/898/898 893/893/893 892/892/892 
f 899/899/899 900/900/900 901/901/901 
f 901/901/901 902/902/902 899/899/899 
f 901/901/901 903/903/903 904/904/904 
f 904/904/904 905/905/905 901/901/901 
f 906/906/906 898/898/898 897/897/897 
f 897/897/897 907/907/907 906/906/906 
f 898/898/898 858/858/858 896/896/896 
f 896/896/896 893/893/893 898/898/898 
f 903/903/903 901/901/901 900/900/900 
f 900/900/900 908/908/908 903/903/903 
f 903/903/903 906/906/906 907/907/907 
f 907/907/907 904/904/904 903/903/903 
f 858/858/858 898/898/898 906/906/906 
f 917/917/917 918/918/918 919/919/919 
f 918/918/918 868/868/868 902/902/902 
f 902/902/902 919/919/919 918/918/918 
f 901/901/901 905/905/905 919/919/919 
f 919/919/919 902/902/902 901/901/901 
f 869/869/869 920/920/920 921/921/921 
f 864/864/864 869/869/869 865/865/865 
f 922/922/922 868/868/868 867/867/867 
f 926/926/926 927/927/927 928/928/928 
f 928/928/928 929/929/929 926/926/926 
f 930/930/930 927/927/927 926/926/926 
f 930/930/930 931/931/931 927/927/927 
f 932/932/932 927/927/927 931/931/931 
f 931/931/931 933/933/933 932/932/932 
f 935/935/935 939/939/939 879/879/879 
f 879/879/879 878/878/878 935/935/935 
f 940/940/940 875/875/875 879/879/879 
f 879/879/879 939/939/939 940/940/940 
f 938/938/938 937/937/937 941/941/941 
f 938/938/938 941/941/941 939/939/939 
f 935/935/935 938/938/938 939/939/939 
f 943/943/943 940/940/940 939/939/939 
f 939/939/939 941/941/941 943/943/943 
f 944/944/944 942/942/942 887/887/887 
f 887/887/887 886/886/886 944/944/944 
f 946/946/946 944/944/944 886/886/886 
f 886/886/886 890/890/890 946/946/946 
f 948/948/948 949/949/949 862/862/862 
f 862/862/862 861/861/861 948/948/948 
f 950/950/950 947/947/947 942/942/942 
f 942/942/942 944/944/944 950/950/950 
f 951/951/951 950/950/950 944/944/944 
f 918/918/918 917/917/917 952/952/952 
f 953/953/953 853/853/853 852/852/852 
f 852/852/852 954/954/954 953/953/953 
f 950/950/950 953/953/953 955/955/955 
f 955/955/955 947/947/947 950/950/950 
f 868/868/868 899/899/899 902/902/902 
f 868/868/868 922/922/922 899/899/899 
f 953/953/953 950/950/950 951/951/951 
f 951/951/951 853/853/853 953/953/953 
f 954/954/954 852/852/852 865/865/865 
f 865/865/865 957/957/957 954/954/954 
f 954/954/954 958/958/958 955/955/955 
f 955/955/955 953/953/953 954/954/954 
f 957/957/957 865/865/865 869/869/869 
f 869/869/869 921/921/921 957/957/957 
f 957/957/957 961/961/961 958/958/958 
f 958/958/958 954/954/954 957/957/957 
f 963/963/963 964/964/964 859/859/859 
f 859/859/859 862/862/862 963/963/963 
f 921/921/921 967/967/967 961/961/961 
f 961/961/961 957/957/957 921/921/921 
f 949/949/949 962/962/962 963/963/963 
f 963/963/963 862/862/862 949/949/949 
f 968/968/968 964/964/964 963/963/963 
f 963/963/963 970/970/970 968/968/968 
f 960/960/960 970/970/970 963/963/963 
f 963/963/963 962/962/962 960/960/960 
f 970/970/970 974/974/974 966/966/966 
f 966/966/966 968/968/968 970/970/970 
f 969/969/969 974/974/974 970/970/970 
f 970/970/970 960/960/960 969/969/969 
f 966/966/966 974/974/974 866/866/866 
f 866/866/866 863/863/863 966/966/966 
f 925/925/925 929/929/929 928/928/928 
f 871/871/871 977/977/977 975/975/975 
f 975/975/975 972/972/972 871/871/871 
f 974/974/974 969/969/969 978/978/978 
f 978/978/978 866/866/866 974/974/974 
f 922/922/922 867/867/867 866/866/866 
f 866/866/866 978/978/978 922/922/922 
f 979/979/979 923/923/923 928/928/928 
f 928/928/928 980/980/980 979/979/979 
f 981/981/981 982/982/982 977/977/977 
f 977/977/977 871/871/871 981/981/981 
f 900/900/900 899/899/899 922/922/922 
f 922/922/922 978/978/978 900/900/900 
f 983/983/983 980/980/980 928/928/928 
f 928/928/928 927/927/927 983/983/983 
f 984/984/984 985/985/985 982/982/982 
f 982/982/982 981/981/981 984/984/984 
f 929/929/929 977/977/977 982/982/982 
f 982/982/982 926/926/926 929/929/929 
f 983/983/983 927/927/927 932/932/932 
f 932/932/932 987/987/987 983/983/983 
f 988/988/988 989/989/989 985/985/985 
f 985/985/985 984/984/984 988/988/988 
f 926/926/926 982/982/982 985/985/985 
f 985/985/985 930/930/930 926/926/926 
f 990/990/990 991/991/991 987/987/987 
f 930/930/930 985/985/985 989/989/989 
f 989/989/989 931/931/931 930/930/930 
f 989/989/989 992/992/992 933/933/933 
f 933/933/933 931/931/931 989/989/989 
f 869/869/869 868/868/868 993/993/993 
f 993/993/993 920/920/920 869/869/869 
f 994/994/994 988/988/988 984/984/984 
f 984/984/984 993/993/993 994/994/994 
f 989/989/989 988/988/988 995/995/995 
f 995/995/995 992/992/992 989/989/989 
f 905/905/905 913/913/913 917/917/917 
f 917/917/917 919/919/919 905/905/905 
f 994/994/994 993/993/993 868/868/868 
f 868/868/868 918/918/918 994/994/994 
f 872/872/872 871/871/871 972/972/972 
f 972/972/972 971/971/971 872/872/872 
f 997/997/997 995/995/995 988/988/988 
f 988/988/988 994/994/994 997/997/997 
f 998/998/998 999/999/999 1000/1000/1000 
f 1000/1000/1000 1001/1001/1001 998/998/998 
f 1002/1002/1002 997/997/997 994/994/994 
f 994/994/994 918/918/918 1002/1002/1002 
f 1003/1003/1003 1004/1004/1004 1005/1005/1005 
f 925/925/925 975/975/975 977/977/977 
f 977/977/977 929/929/929 925/925/925 
f 1006/1006/1006 1007/1007/1007 1008/1008/1008 
f 1008/1008/1008 1009/1009/1009 1006/1006/1006 
f 952/952/952 1006/1006/1006 1002/1002/1002 
f 1002/1002/1002 918/918/918 952/952/952 
f 981/981/981 871/871/871 870/870/870 
f 870/870/870 920/920/920 981/981/981 
f 1009/1009/1009 1010/1010/1010 1002/1002/1002 
f 1002/1002/1002 1006/1006/1006 1009/1009/1009 
f 1000/1000/1000 1012/1012/1012 1013/1013/1013 
f 1013/1013/1013 1001/1001/1001 1000/1000/1000 
f 915/915/915 998/998/998 1001/1001/1001 
f 1001/1001/1001 916/916/916 915/915/915 
f 1014/1014/1014 1007/1007/1007 1006/1006/1006 
f 1006/1006/1006 952/952/952 1014/1014/1014 
f 1013/1013/1013 1012/1012/1012 1015/1015/1015 
f 1015/1015/1015 1016/1016/1016 1013/1013/1013 
f 1013/1013/1013 910/910/910 916/916/916 
f 916/916/916 1001/1001/1001 1013/1013/1013 
f 993/993/993 984/984/984 981/981/981 
f 981/981/981 920/920/920 993/993/993 
f 909/909/909 1014/1014/1014 952/952/952 
f 952/952/952 913/913/913 909/909/909 
f 1016/1016/1016 1015/1015/1015 1007/1007/1007 
f 1007/1007/1007 1014/1014/1014 1016/1016/1016 
f 1016/1016/1016 911/911/911 910/910/910 
f 910/910/910 1013/1013/1013 1016/1016/1016 
f 921/921/921 920/920/920 884/884/884 
f 884/884/884 967/967/967 921/921/921 
f 911/911/911 1016/1016/1016 1014/1014/1014 
f 1014/1014/1014 909/909/909 911/911/911 
f 1012/1012/1012 1018/1018/1018 1019/1019/1019 
f 1018/1018/1018 1012/1012/1012 1000/1000/1000 
f 1000/1000/1000 999/999/999 1018/1018/1018 
f 873/873/873 872/872/872 971/971/971 
f 1021/1021/1021 1020/1020/1020 1022/1022/1022 
f 941/941/941 1022/1022/1022 1020/1020/1020 
f 1020/1020/1020 943/943/943 941/941/941 
f 1022/1022/1022 941/941/941 937/937/937 
f 937/937/937 1023/1023/1023 1022/1022/1022 
f 1022/1022/1022 855/855/855 873/873/873 
f 873/873/873 1021/1021/1021 1022/1022/1022 
f 1023/1023/1023 856/856/856 855/855/855 
f 855/855/855 1022/1022/1022 1023/1023/1023 

g Hand3

v 38.7046 117.527 29.8161 
v 38.7131 117.643 29.8245 
v 38.8079 117.427 29.8591 
v 38.8512 117.211 31.0235 
v 38.6691 117.332 31.0999 
v 38.6929 117.009 31.1725 
v 38.0075 118.755 29.6263 
v 38.0924 118.787 29.6083 
v 37.9962 116.887 31.5513 
v 38.0837 117.439 32.1092 
v 38.4265 117.104 31.242 
v 38.551 116.964 31.2842 
v 38.4265 117.104 31.242 
v 38.3169 117.144 31.298 
v 38.4423 117.049 31.3563 
v 38.4899 119.105 30.8295 
v 38.3905 119.048 30.925 
v 38.4789 119.083 30.921 
v 38.4963 119.075 30.7244 
v 38.4117 119.042 30.6959 
v 38.1137 118.883 29.6948 
v 38.1335 118.907 29.806 
v 38.0504 118.879 29.8541 
v 38.6162 117.704 29.6569 
v 38.4999 117.756 29.7333 
v 38.5904 117.61 29.7964 
v 38.6977 117.525 29.7295 
v 38.5904 117.61 29.7964 
v 38.8165 116.745 29.8379 
v 38.7206 116.454 29.8295 
v 38.7378 116.695 29.7529 
v 39.0789 117.061 30.5409 
v 39.0513 116.746 30.455 
v 39.0855 117.069 30.4331 
v 39.0132 116.97 30.154 
v 38.9504 116.621 30.1088 
v 38.9742 116.906 30.0626 
v 39.0085 116.971 30.8175 
v 38.9955 116.694 30.7761 
v 39.0475 117.03 30.7025 
v 39.0639 117.047 30.3222 
v 39.0335 117.367 30.2646 
v 38.9459 117.629 30.2266 
v 39.0064 117.634 30.3844 
v 39.0662 117.386 30.4056 
v 38.9008 117.805 30.5738 
v 38.9885 117.664 30.5402 
v 38.8998 117.882 30.5258 
v 38.7625 117.946 30.5864 
v 38.9015 117.802 30.6115 
v 38.7591 117.923 30.6043 
v 38.9134 117.877 30.6654 
v 38.9878 117.657 30.6627 
v 38.8398 117.748 30.1771 
v 38.8551 117.839 30.2096 
v 38.7106 117.496 29.787 
v 38.7729 117.355 29.7652 
v 38.6826 117.868 30.1568 
v 38.8219 117.732 30.1539 
v 38.8087 117.794 30.0913 
v 39.0041 116.188 30.4803 
v 38.9542 116.203 30.7506 
v 38.8974 115.831 30.7496 
v 38.96 115.803 30.4901 
v 38.3647 117.153 31.4147 
v 38.1344 117.579 32.0068 
v 38.1969 117.547 31.87 
v 38.1012 117.468 31.6293 
v 38.1887 117.517 32.0508 
v 38.2473 117.462 31.9617 
v 38.2362 117.459 31.71 
v 38.1012 117.468 31.6293 
v 38.1441 117.477 32.0934 
v 38.1974 117.371 32.0403 
v 38.2897 117.36 31.8275 
v 38.5652 118.962 30.9674 
v 38.4117 117.032 31.5239 
v 38.4724 116.884 31.4529 
v 38.2328 117.252 31.9243 
v 38.3246 117.265 31.6977 
v 38.2793 117.353 31.5827 
v 38.5856 118.954 30.7012 
v 38.6228 118.991 30.8363 
v 38.6556 118.787 30.9834 
v 38.2653 119.198 30.1175 
v 38.1764 119.145 30.1135 
v 38.2689 119.251 30.2174 
v 38.2687 117.147 31.8037 
v 38.6752 118.78 30.6975 
v 38.7183 118.816 30.8484 
v 38.7297 118.587 30.9934 
v 38.2702 119.244 30.3323 
v 38.7506 118.581 30.6953 
v 38.7996 118.606 30.852 
v 38.6482 118.302 31.0576 
v 38.7964 118.35 31.0034 
v 38.3747 119.136 30.3846 
v 38.4168 119.145 30.2318 
v 38.3787 119.086 30.1097 
v 38.8453 118.121 31.0008 
v 38.8165 118.351 30.6922 
v 38.8703 118.367 30.8564 
v 38.4947 118.967 30.4166 
v 38.5455 118.975 30.2506 
v 38.4982 118.925 30.1259 
v 38.5657 116.676 31.325 
v 38.354 116.754 31.538 
v 38.8852 117.853 30.9876 
v 38.8625 118.135 30.6841 
v 38.9235 118.136 30.8452 
v 38.6102 118.76 30.4462 
v 38.6675 118.763 30.2775 
v 38.6094 118.729 30.147 
v 38.8888 117.568 30.9927 
v 38.9646 117.872 30.834 
v 38.7311 118.476 30.4795 
v 38.786 118.473 30.305 
v 38.7187 118.445 30.1697 
v 38.2421 118.81 29.8571 
v 38.7511 116.713 31.1521 
v 38.2522 118.775 29.7018 
v 38.9949 117.604 30.8334 
v 38.8176 118.196 30.5014 
v 38.7943 118.16 30.1945 
v 38.8709 118.18 30.3363 
v 38.3558 118.676 29.8878 
v 38.7239 116.392 31.1048 
v 37.9701 116.354 30.9095 
v 38.3614 118.635 29.7195 
v 39.001 117.3 30.8402 
v 38.9358 117.872 30.3625 
v 38.4669 118.522 29.9247 
v 38.7365 115.852 30.9149 
v 38.8189 116.158 30.9323 
v 38.8845 116.497 30.9485 
v 38.9161 116.816 30.9495 
v 38.691 115.566 30.8939 
v 38.4772 118.475 29.7553 
v 39.043 117.355 30.6834 
v 38.5912 118.318 29.9793 
v 38.7513 115.516 30.7407 
v 38.7805 115.493 30.4779 
v 38.6051 118.27 29.8065 
v 38.5121 118.191 29.7067 
v 39.0608 117.381 30.5445 
v 38.7031 118.08 30.0312 
v 38.7761 115.491 30.1693 
v 38.9075 115.766 30.1751 
v 38.7203 118.026 29.8734 
v 38.6207 117.951 29.7635 
v 38.7445 115.742 29.9462 
v 38.7267 115.517 29.9773 
v 38.9248 116.115 30.1607 
v 38.8126 117.739 29.9353 
v 38.9115 117.587 30.1145 
v 38.7285 116.042 29.9146 
v 38.9946 117.308 30.1321 
v 38.891 117.496 29.9768 
v 38.9533 117.23 30.015 
v 38.0559 118.226 29.1582 
v 38.8895 117.149 29.9111 
v 38.9194 116.838 29.9798 
v 38.8248 117.071 29.7988 
v 38.7397 117.008 29.6918 
v 38.5916 117.23 29.5549 
v 38.4123 117.241 29.5459 
v 38.7176 117.269 29.6417 
v 38.5655 117.41 29.4894 
v 38.5287 117.562 29.4156 
v 38.6795 117.46 29.588 
v 38.2666 118.32 29.3295 
v 38.1853 118.281 29.4165 
v 38.2817 118.269 29.1924 
v 38.3304 118.027 29.1824 
v 38.4789 117.713 29.3409 
v 38.6258 117.624 29.5111 
v 38.3891 118.184 29.4119 
v 38.4086 118.124 29.2588 
v 38.4152 117.879 29.2595 
v 38.5688 117.789 29.4329 
v 38.5493 117.865 29.5814 
v 38.4413 117.88 29.6723 
v 38.4771 118.031 29.4962 
v 38.3653 118.038 29.5796 
v 38.5014 117.961 29.3472 
v 38.2985 117.276 31.4927 
v 38.159 116.845 31.6384 
v 38.3329 116.91 31.6228 
v 38.2947 117.035 31.7094 
v 38.3606 117.156 31.6077 

vn 0.330709 0.0393701 -0.944882 
vn 0.464567 0.0472441 -0.889764 
vn 0.76378 0.220472 -0.606299 
vn 0.637795 0.0472441 0.771654 
vn 0.433071 0.0866142 0.897638 
vn 0.574803 0.19685 0.795276 
vn -0.133858 -0.0393701 -0.992126 
vn -0.165354 -0.110236 -0.976378 
vn -0.795276 -0.535433 0.283465 
vn -0.102362 0.377953 0.92126 
vn 0.251969 0.488189 0.834646 
vn 0.661417 0.346457 0.669291 
vn 0.251969 0.488189 0.834646 
vn 0.440945 0.818898 0.354331 
vn 0.755906 0.598425 0.251969 
vn -0.251969 0.92126 0.283465 
vn -0.267717 0.92126 0.267717 
vn -0.354331 0.92126 0.181102 
vn -0.149606 0.905512 -0.393701 
vn -0.188976 0.874016 -0.448819 
vn -0.259843 0.866142 -0.425197 
vn -0.259843 0.968504 -0.0551181 
vn -0.307087 0.952756 0.0393701 
vn 0.661417 0.559055 0.496063 
vn -0.023622 0.433071 0.897638 
vn 0.677165 0.543307 0.488189 
vn 0.874016 0.488189 0 
vn 0.677165 0.543307 0.488189 
vn 0.811024 -0.165354 -0.566929 
vn 0.574803 -0.228346 -0.787402 
vn 0.629921 -0.220472 -0.740157 
vn 0.992126 -0.0314961 0.11811 
vn 0.992126 -0.110236 -0.0393701 
vn 1 -0.023622 -0.0629921 
vn 0.952756 -0.0551181 -0.307087 
vn 0.905512 -0.133858 -0.393701 
vn 0.905512 -0.0787402 -0.425197 
vn 0.897638 -0.0393701 0.440945 
vn 0.944882 -0.0944882 0.322835 
vn 0.968504 -0.0472441 0.23622 
vn 0.968504 -0.0393701 -0.228346 
vn 0.944882 0.149606 -0.299213 
vn 0.850394 0.307087 -0.425197 
vn 0.952756 0.259843 -0.141732 
vn 0.984252 0.141732 -0.0944882 
vn 0.787402 0.535433 0.291339 
vn 0.937008 0.338583 0.0787402 
vn 0.779528 0.362205 0.511811 
vn 0.527559 0.472441 0.708661 
vn 0.685039 0.354331 -0.637795 
vn -0.204724 0.0314961 -0.976378 
vn 0.755906 0.307087 -0.582677 
vn 0.96063 0.275591 -0.0393701 
vn 0.606299 0.393701 -0.692913 
vn 0.622047 0.204724 -0.755906 
vn 0.787402 0.535433 -0.299213 
vn 0.874016 0.212598 -0.440945 
vn 0.606299 0.614173 0.503937 
vn 0.606299 0.614173 0.503937 
vn 0.84252 0.480315 0.251969 
vn 0.992126 -0.102362 -0.015748 
vn 0.92126 -0.133858 0.370079 
vn 0.858268 -0.244094 0.448819 
vn 0.952756 -0.291339 0.0472441 
vn 0.771654 0.622047 -0.165354 
vn 0.0472441 0.811024 0.590551 
vn 0.354331 0.92126 -0.165354 
vn -0.307087 0.582677 -0.748031 
vn 0.204724 0.637795 0.740157 
vn 0.771654 0.629921 0.11811 
vn 0.370079 0.834646 -0.401575 
vn -0.307087 0.582677 -0.748031 
vn 0.0944882 0.511811 0.858268 
vn 0.629921 -0.314961 0.708661 
vn 0.905512 0.425197 -0.023622 
vn -0.00787402 0.346457 0.937008 
vn 0.913386 0.188976 0.362205 
vn 0.818898 0.0629921 0.566929 
vn 0.897638 -0.173228 0.409449 
vn 0.92126 0.385827 -0.0551181 
vn 0.92126 0.393701 -0.0629921 
vn 0.244094 0.346457 -0.905512 
vn 0.811024 0.590551 0.0393701 
vn 0.204724 0.228346 0.952756 
vn -0.338583 0.787402 -0.503937 
vn -0.834646 0.417323 -0.370079 
vn -0.275591 0.937008 -0.19685 
vn 0.913386 -0.15748 0.377953 
vn 0.385827 0.228346 -0.889764 
vn 0.80315 0.440945 0.401575 
vn 0.307087 0.173228 0.937008 
vn -0.338583 0.929134 0.15748 
vn 0.440945 0.181102 -0.88189 
vn 0.84252 0.330709 0.417323 
vn -0.385827 -0.0314961 0.92126 
vn 0.346457 0.102362 0.929134 
vn 0.125984 0.527559 0.84252 
vn 0.732283 0.661417 -0.165354 
vn 0.637795 0.590551 -0.496063 
vn 0.370079 0.0393701 0.929134 
vn 0.456693 0.133858 -0.88189 
vn 0.874016 0.220472 0.433071 
vn 0.322835 0.401575 0.858268 
vn 0.732283 0.488189 -0.472441 
vn 0.732283 0.488189 -0.472441 
vn 0.661417 -0.149606 0.740157 
vn 0.409449 -0.433071 0.80315 
vn 0.661417 0.0551181 0.748031 
vn 0.448819 0.125984 -0.88189 
vn 0.984252 0.181102 0.0708661 
vn 0.393701 0.338583 0.858268 
vn 0.795276 0.401575 -0.456693 
vn 0.795276 0.401575 -0.456693 
vn 0.629921 0.023622 0.771654 
vn 0.976378 0.165354 0.125984 
vn 0.440945 0.244094 0.866142 
vn 0.826772 0.291339 -0.472441 
vn 0.834646 0.291339 -0.464567 
vn 0.275591 0.669291 0.692913 
vn 0.724409 -0.023622 0.692913 
vn 0.669291 0.551181 -0.503937 
vn 0.944882 0.0866142 0.307087 
vn 0.456693 0.204724 0.866142 
vn 0.850394 0.19685 -0.488189 
vn 0.96063 0.228346 -0.141732 
vn 0.480315 0.559055 0.669291 
vn 0.637795 -0.259843 0.724409 
vn -0.937008 -0.19685 0.275591 
vn 0.551181 0.291339 -0.779528 
vn 0.889764 0 0.456693 
vn 0.952756 0.259843 -0.165354 
vn 0.535433 0.527559 0.661417 
vn 0.448819 -0.212598 0.866142 
vn 0.685039 -0.212598 0.692913 
vn 0.818898 -0.125984 0.559055 
vn 0.811024 -0.0393701 0.582677 
vn 0.0708661 -0.0866142 0.992126 
vn 0.566929 0.244094 -0.787402 
vn 0.976378 0.0866142 0.188976 
vn 0.566929 0.472441 0.677165 
vn 0.850394 -0.433071 0.283465 
vn 0.874016 -0.488189 0.0393701 
vn 0.629921 0.204724 -0.748031 
vn 0.645669 0.165354 -0.740157 
vn 0.984252 0.141732 0.0866142 
vn 0.818898 0.417323 0.385827 
vn 0.905512 -0.354331 -0.228346 
vn 0.913386 -0.244094 -0.338583 
vn 0.874016 0.251969 -0.409449 
vn 0.692913 0.102362 -0.716535 
vn 0.866142 -0.267717 -0.425197 
vn 0.96063 -0.11811 -0.267717 
vn 0.905512 -0.0866142 -0.417323 
vn 0.866142 0.220472 -0.456693 
vn 0.889764 0.338583 -0.299213 
vn 0.80315 -0.0393701 -0.598425 
vn 0.929134 0.125984 -0.346457 
vn 0.850394 0.188976 -0.496063 
vn 0.874016 0.0708661 -0.472441 
vn -0.755906 0.370079 -0.543307 
vn 0.850394 0.0472441 -0.527559 
vn 0.858268 -0.110236 -0.503937 
vn 0.834646 -0.015748 -0.543307 
vn 0.669291 -0.125984 -0.732283 
vn 0.338583 -0.220472 -0.913386 
vn -0.645669 -0.212598 -0.732283 
vn 0.755906 -0.023622 -0.653543 
vn 0.102362 -0.377953 -0.92126 
vn 0.165354 -0.409449 -0.897638 
vn 0.850394 0.0708661 -0.519685 
vn 0.23622 0.787402 0.574803 
vn -0.291339 0.496063 0.818898 
vn 0.614173 0.519685 -0.590551 
vn 0.0314961 -0.322835 -0.944882 
vn 0.181102 -0.385827 -0.905512 
vn 0.732283 -0.110236 -0.669291 
vn 0.433071 0.685039 0.590551 
vn 0.614173 0.173228 -0.771654 
vn 0.165354 -0.370079 -0.913386 
vn 0.755906 -0.0472441 -0.653543 
vn 0.622047 0.543307 0.559055 
vn -0.0472441 0.464567 0.88189 
vn 0.527559 0.598425 0.606299 
vn -0.133858 0.472441 0.874016 
vn 0.740157 0 -0.669291 
vn 0.440945 0.700787 -0.566929 
vn -0.0944882 -0.653543 0.755906 
vn 0.582677 -0.322835 0.748031 
vn 0.409449 -0.559055 0.724409 
vn 0.905512 -0.0944882 0.417323 

vt 0.236115 0.456758 
vt 0.238585 0.42592 
vt 0.248377 0.484705 
vt 0.633342 0.541602 
vt 0.658372 0.509225 
vt 0.683641 0.596438 
vt 0.172175 0.127766 
vt 0.165951 0.118648 
vt 0.815393 0.625208 
vt 1 0.482274 
vt 0.706911 0.572473 
vt 0.722326 0.609244 
vt 0.706911 0.572473 
vt 0.729119 0.563718 
vt 0.749551 0.587928 
vt 0.570964 0.0389943 
vt 0.60342 0.0542952 
vt 0.602627 0.0449006 
vt 0.539973 0.0471431 
vt 0.530681 0.0557241 
vt 0.191526 0.0983193 
vt 0.226667 0.0923204 
vt 0.242336 0.0998739 
vt 0.172435 0.412321 
vt 0.195606 0.397594 
vt 0.219758 0.437332 
vt 0.200396 0.459775 
vt 0.219758 0.437332 
vt 0.240939 0.665129 
vt 0.239582 0.742821 
vt 0.213344 0.678361 
vt 0.474354 0.58136 
vt 0.446342 0.665058 
vt 0.439074 0.579107 
vt 0.346233 0.60555 
vt 0.331502 0.698632 
vt 0.316075 0.622465 
vt 0.565819 0.605223 
vt 0.552607 0.679075 
vt 0.528284 0.589515 
vt 0.402647 0.584863 
vt 0.38362 0.500389 
vt 0.371598 0.431087 
vt 0.423116 0.429289 
vt 0.429986 0.49523 
vt 0.484309 0.385014 
vt 0.474382 0.421849 
vt 0.466566 0.363613 
vt 0.485771 0.347072 
vt 0.503384 0.384905 
vt 0.503244 0.350809 
vt 0.521263 0.36465 
vt 0.516653 0.423223 
vt 0.356653 0.399724 
vt 0.368094 0.374144 
vt 0.221905 0.467772 
vt 0.21546 0.503849 
vt 0.341661 0.368643 
vt 0.340685 0.405122 
vt 0.321199 0.387672 
vt 0.454757 0.814592 
vt 0.543672 0.810308 
vt 0.542789 0.909308 
vt 0.457635 0.916684 
vt 0.772153 0.560101 
vt 0.967556 0.447068 
vt 0.926353 0.456234 
vt 0.848796 0.475619 
vt 0.981448 0.462821 
vt 0.955459 0.477549 
vt 0.87375 0.479276 
vt 0.848796 0.475619 
vt 0.995043 0.472858 
vt 0.978081 0.496757 
vt 0.910998 0.503576 
vt 0.613241 0.0742136 
vt 0.805581 0.590196 
vt 0.780142 0.629115 
vt 0.94085 0.529308 
vt 0.867245 0.528893 
vt 0.828359 0.505459 
vt 0.535562 0.0765002 
vt 0.574916 0.0678288 
vt 0.618538 0.120547 
vt 0.335211 0.0133792 
vt 0.332944 0.0256736 
vt 0.366929 0 
vt 0.900202 0.557568 
vt 0.534194 0.122497 
vt 0.576556 0.113828 
vt 0.622028 0.173855 
vt 0.403445 0.00185889 
vt 0.533423 0.175483 
vt 0.57766 0.169519 
vt 0.643898 0.248969 
vt 0.625469 0.236921 
vt 0.416512 0.0286294 
vt 0.371611 0.0269889 
vt 0.332511 0.0423383 
vt 0.624586 0.297905 
vt 0.532367 0.236783 
vt 0.579045 0.232837 
vt 0.427253 0.0733812 
vt 0.380036 0.0716722 
vt 0.337838 0.0850349 
vt 0.735667 0.68377 
vt 0.80736 0.66138 
vt 0.621357 0.36962 
vt 0.529623 0.294656 
vt 0.577725 0.294503 
vt 0.437291 0.128334 
vt 0.389063 0.127945 
vt 0.344873 0.136932 
vt 0.622923 0.445943 
vt 0.573566 0.365085 
vt 0.448489 0.203984 
vt 0.398473 0.204979 
vt 0.35262 0.212334 
vt 0.238926 0.11675 
vt 0.677418 0.674539 
vt 0.194434 0.125545 
vt 0.57213 0.436401 
vt 0.455924 0.27873 
vt 0.361166 0.288151 
vt 0.406824 0.282961 
vt 0.249463 0.152053 
vt 0.661207 0.759065 
vt 0.598096 0.769728 
vt 0.202276 0.161642 
vt 0.573399 0.517512 
vt 0.415862 0.365767 
vt 0.262003 0.193009 
vt 0.595923 0.903949 
vt 0.603 0.822179 
vt 0.609377 0.731814 
vt 0.609581 0.646746 
vt 0.587988 0.981317 
vt 0.214449 0.204093 
vt 0.522133 0.503082 
vt 0.2804 0.247299 
vt 0.540884 0.992816 
vt 0.453541 0.998578 
vt 0.231547 0.258805 
vt 0.197673 0.279737 
vt 0.475771 0.496456 
vt 0.299936 0.310844 
vt 0.350882 1 
vt 0.353573 0.926722 
vt 0.251886 0.324341 
vt 0.216751 0.343695 
vt 0.276656 0.933147 
vt 0.286115 0.994211 
vt 0.349252 0.834285 
vt 0.273161 0.40109 
vt 0.332779 0.442456 
vt 0.267128 0.854072 
vt 0.339081 0.516061 
vt 0.287494 0.465987 
vt 0.300283 0.53654 
vt 0.0106245 0.271527 
vt 0.265455 0.558203 
vt 0.288581 0.640513 
vt 0.22753 0.578651 
vt 0.192593 0.594858 
vt 0.147446 0.535136 
vt 0.143179 0.532091 
vt 0.17509 0.525536 
vt 0.125325 0.485994 
vt 0.100171 0.44506 
vt 0.15601 0.474892 
vt 0.0610508 0.248443 
vt 0.0888529 0.257515 
vt 0.0225094 0.260896 
vt 0.021548 0.32106 
vt 0.0749279 0.404929 
vt 0.130957 0.429986 
vt 0.0888567 0.284326 
vt 0.0462338 0.297845 
vt 0.0474147 0.360409 
vt 0.104384 0.38627 
vt 0.146452 0.36906 
vt 0.175045 0.364581 
vt 0.117296 0.324846 
vt 0.143723 0.322476 
vt 0.0754818 0.340474 
vt 0.801304 0.527562 
vt 0.841692 0.635669 
vt 0.836453 0.620177 
vt 0.865938 0.585384 
vt 0.833586 0.555397 

usemtl Hand2Mtl

f 1038/1038/1038 1035/1035/1035 1034/1034/1034 
f 1047/1047/1047 1048/1048/1048 1049/1049/1049 
f 1049/1049/1049 1050/1050/1050 1047/1047/1047 
f 1052/1052/1052 1053/1053/1053 1054/1054/1054 
f 1055/1055/1055 1056/1056/1056 1057/1057/1057 
f 1058/1058/1058 1059/1059/1059 1060/1060/1060 
f 1061/1061/1061 1062/1062/1062 1063/1063/1063 
f 1057/1057/1057 1056/1056/1056 1064/1064/1064 
f 1065/1065/1065 1066/1066/1066 1067/1067/1067 
f 1067/1067/1067 1068/1068/1068 1065/1065/1065 
f 1069/1069/1069 1070/1070/1070 1071/1071/1071 
f 1076/1076/1076 1073/1073/1073 1075/1075/1075 
f 1079/1079/1079 1080/1080/1080 1050/1050/1050 
f 1081/1081/1081 1082/1082/1082 1083/1083/1083 
f 1084/1084/1084 1085/1085/1085 1086/1086/1086 
f 1086/1086/1086 1087/1087/1087 1084/1084/1084 
f 1088/1088/1088 1038/1038/1038 1037/1037/1037 
f 1089/1089/1089 1092/1092/1092 1093/1093/1093 
f 1093/1093/1093 1090/1090/1090 1089/1089/1089 
f 1092/1092/1092 1096/1096/1096 1097/1097/1097 
f 1097/1097/1097 1093/1093/1093 1092/1092/1092 
f 1098/1098/1098 1094/1094/1094 1090/1090/1090 
f 1090/1090/1090 1093/1093/1093 1098/1098/1098 
f 1038/1038/1038 1088/1088/1088 1100/1100/1100 
f 1100/1100/1100 1101/1101/1101 1038/1038/1038 
f 1093/1093/1093 1097/1097/1097 1102/1102/1102 
f 1102/1102/1102 1098/1098/1098 1093/1093/1093 
f 1103/1103/1103 1104/1104/1104 1094/1094/1094 
f 1094/1094/1094 1098/1098/1098 1103/1103/1103 
f 1041/1041/1041 1099/1099/1099 1106/1106/1106 
f 1098/1098/1098 1102/1102/1102 1111/1111/1111 
f 1111/1111/1111 1103/1103/1103 1098/1098/1098 
f 1106/1106/1106 1105/1105/1105 1042/1042/1042 
f 1042/1042/1042 1039/1039/1039 1106/1106/1106 
f 1099/1099/1099 1107/1107/1107 1113/1113/1113 
f 1113/1113/1113 1106/1106/1106 1099/1099/1099 
f 1113/1113/1113 1112/1112/1112 1105/1105/1105 
f 1105/1105/1105 1106/1106/1106 1113/1113/1113 
f 1117/1117/1117 1113/1113/1113 1107/1107/1107 
f 1107/1107/1107 1114/1114/1114 1117/1117/1117 
f 1121/1121/1121 1122/1122/1122 1108/1108/1108 
f 1117/1117/1117 1116/1116/1116 1112/1112/1112 
f 1112/1112/1112 1113/1113/1113 1117/1117/1117 
f 1114/1114/1114 1119/1119/1119 1125/1125/1125 
f 1125/1125/1125 1117/1117/1117 1114/1114/1114 
f 1127/1127/1127 1128/1128/1128 1122/1122/1122 
f 1122/1122/1122 1121/1121/1121 1127/1127/1127 
f 1129/1129/1129 1101/1101/1101 1130/1130/1130 
f 1123/1123/1123 1133/1133/1133 1125/1125/1125 
f 1125/1125/1125 1119/1119/1119 1123/1123/1123 
f 1125/1125/1125 1124/1124/1124 1116/1116/1116 
f 1116/1116/1116 1117/1117/1117 1125/1125/1125 
f 1120/1120/1120 1126/1126/1126 1127/1127/1127 
f 1127/1127/1127 1121/1121/1121 1120/1120/1120 
f 1127/1127/1127 1135/1135/1135 1136/1136/1136 
f 1136/1136/1136 1128/1128/1128 1127/1127/1127 
f 1131/1131/1131 1138/1138/1138 1133/1133/1133 
f 1133/1133/1133 1123/1123/1123 1131/1131/1131 
f 1133/1133/1133 1132/1132/1132 1124/1124/1124 
f 1124/1124/1124 1125/1125/1125 1133/1133/1133 
f 1126/1126/1126 1134/1134/1134 1135/1135/1135 
f 1135/1135/1135 1127/1127/1127 1126/1126/1126 
f 1135/1135/1135 1140/1140/1140 1141/1141/1141 
f 1141/1141/1141 1136/1136/1136 1135/1135/1135 
f 1035/1035/1035 1129/1129/1129 1143/1143/1143 
f 1131/1131/1131 1137/1137/1137 1145/1145/1145 
f 1145/1145/1145 1138/1138/1138 1131/1131/1131 
f 1138/1138/1138 1075/1075/1075 1132/1132/1132 
f 1132/1132/1132 1133/1133/1133 1138/1138/1138 
f 1140/1140/1140 1135/1135/1135 1134/1134/1134 
f 1134/1134/1134 1139/1139/1139 1140/1140/1140 
f 1147/1147/1147 1141/1141/1141 1140/1140/1140 
f 1140/1140/1140 1148/1148/1148 1147/1147/1147 
f 1045/1045/1045 1142/1142/1142 1144/1144/1144 
f 1150/1150/1150 1143/1143/1143 1129/1129/1129 
f 1137/1137/1137 1027/1027/1027 1153/1153/1153 
f 1153/1153/1153 1145/1145/1145 1137/1137/1137 
f 1076/1076/1076 1075/1075/1075 1138/1138/1138 
f 1138/1138/1138 1145/1145/1145 1076/1076/1076 
f 1074/1074/1074 1073/1073/1073 1069/1069/1069 
f 1069/1069/1069 1072/1072/1072 1074/1074/1074 
f 1146/1146/1146 1148/1148/1148 1140/1140/1140 
f 1140/1140/1140 1139/1139/1139 1146/1146/1146 
f 1078/1078/1078 1147/1147/1147 1148/1148/1148 
f 1148/1148/1148 1154/1154/1154 1078/1078/1078 
f 1149/1149/1149 1152/1152/1152 1144/1144/1144 
f 1144/1144/1144 1142/1142/1142 1149/1149/1149 
f 1158/1158/1158 1159/1159/1159 1143/1143/1143 
f 1143/1143/1143 1150/1150/1150 1158/1158/1158 
f 1027/1027/1027 1159/1159/1159 1061/1061/1061 
f 1061/1061/1061 1153/1153/1153 1027/1027/1027 
f 1162/1162/1162 1076/1076/1076 1145/1145/1145 
f 1145/1145/1145 1153/1153/1153 1162/1162/1162 
f 1073/1073/1073 1076/1076/1076 1070/1070/1070 
f 1070/1070/1070 1069/1069/1069 1073/1073/1073 
f 1148/1148/1148 1146/1146/1146 1071/1071/1071 
f 1071/1071/1071 1154/1154/1154 1148/1148/1148 
f 1155/1155/1155 1161/1161/1161 1152/1152/1152 
f 1152/1152/1152 1149/1149/1149 1155/1155/1155 
f 1157/1157/1157 1158/1158/1158 1150/1150/1150 
f 1062/1062/1062 1159/1159/1159 1158/1158/1158 
f 1087/1087/1087 1086/1086/1086 1164/1164/1164 
f 1164/1164/1164 1165/1165/1165 1087/1087/1087 
f 1063/1063/1063 1162/1162/1162 1153/1153/1153 
f 1153/1153/1153 1061/1061/1061 1063/1063/1063 
f 1076/1076/1076 1162/1162/1162 1168/1168/1168 
f 1168/1168/1168 1070/1070/1070 1076/1076/1076 
f 1154/1154/1154 1071/1071/1071 1070/1070/1070 
f 1070/1070/1070 1067/1067/1067 1154/1154/1154 
f 1161/1161/1161 1155/1155/1155 1163/1163/1163 
f 1163/1163/1163 1166/1166/1166 1161/1161/1161 
f 1085/1085/1085 1062/1062/1062 1158/1158/1158 
f 1158/1158/1158 1157/1157/1157 1085/1085/1085 
f 1063/1063/1063 1062/1062/1062 1056/1056/1056 
f 1056/1056/1056 1055/1055/1055 1063/1063/1063 
f 1165/1165/1165 1170/1170/1170 1171/1171/1171 
f 1171/1171/1171 1087/1087/1087 1165/1165/1165 
f 1167/1167/1167 1166/1166/1166 1172/1172/1172 
f 1172/1172/1172 1173/1173/1173 1167/1167/1167 
f 1162/1162/1162 1063/1063/1063 1055/1055/1055 
f 1055/1055/1055 1168/1168/1168 1162/1162/1162 
f 1067/1067/1067 1070/1070/1070 1168/1168/1168 
f 1168/1168/1168 1068/1068/1068 1067/1067/1067 
f 1077/1077/1077 1082/1082/1082 1081/1081/1081 
f 1166/1166/1166 1163/1163/1163 1169/1169/1169 
f 1169/1169/1169 1172/1172/1172 1166/1166/1166 
f 1084/1084/1084 1056/1056/1056 1062/1062/1062 
f 1062/1062/1062 1085/1085/1085 1084/1084/1084 
f 1174/1174/1174 1171/1171/1171 1170/1170/1170 
f 1170/1170/1170 1175/1175/1175 1174/1174/1174 
f 1176/1176/1176 1084/1084/1084 1087/1087/1087 
f 1087/1087/1087 1171/1171/1171 1176/1176/1176 
f 1173/1173/1173 1172/1172/1172 1177/1177/1177 
f 1177/1177/1177 1025/1025/1025 1173/1173/1173 
f 1057/1057/1057 1068/1068/1068 1168/1168/1168 
f 1168/1168/1168 1055/1055/1055 1057/1057/1057 
f 1082/1082/1082 1077/1077/1077 1066/1066/1066 
f 1066/1066/1066 1178/1178/1178 1082/1082/1082 
f 1172/1172/1172 1169/1169/1169 1083/1083/1083 
f 1083/1083/1083 1177/1177/1177 1172/1172/1172 
f 1059/1059/1059 1056/1056/1056 1084/1084/1084 
f 1084/1084/1084 1176/1176/1176 1059/1059/1059 
f 1179/1179/1179 1176/1176/1176 1171/1171/1171 
f 1171/1171/1171 1174/1174/1174 1179/1179/1179 
f 1058/1058/1058 1064/1064/1064 1056/1056/1056 
f 1056/1056/1056 1059/1059/1059 1058/1058/1058 
f 1064/1064/1064 1065/1065/1065 1068/1068/1068 
f 1068/1068/1068 1057/1057/1057 1064/1064/1064 
f 1178/1178/1178 1066/1066/1066 1065/1065/1065 
f 1065/1065/1065 1180/1180/1180 1178/1178/1178 
f 1177/1177/1177 1083/1083/1083 1178/1178/1178 
f 1178/1178/1178 1181/1181/1181 1177/1177/1177 
f 1053/1053/1053 1059/1059/1059 1176/1176/1176 
f 1176/1176/1176 1179/1179/1179 1053/1053/1053 
f 1180/1180/1180 1065/1065/1065 1064/1064/1064 
f 1064/1064/1064 1058/1058/1058 1180/1180/1180 
f 1181/1181/1181 1178/1178/1178 1180/1180/1180 
f 1180/1180/1180 1182/1182/1182 1181/1181/1181 
f 1029/1029/1029 1143/1143/1143 1159/1159/1159 
f 1159/1159/1159 1027/1027/1027 1029/1029/1029 
f 1182/1182/1182 1180/1180/1180 1058/1058/1058 
f 1058/1058/1058 1060/1060/1060 1182/1182/1182 
f 1024/1024/1024 1079/1079/1079 1049/1049/1049 
f 1184/1184/1184 1182/1182/1182 1060/1060/1060 
f 1060/1060/1060 1185/1185/1185 1184/1184/1184 
f 1052/1052/1052 1185/1185/1185 1059/1059/1059 
f 1059/1059/1059 1053/1053/1053 1052/1052/1052 
f 1079/1079/1079 1024/1024/1024 1026/1026/1026 
f 1026/1026/1026 1080/1080/1080 1079/1079/1079 
f 1186/1186/1186 1184/1184/1184 1185/1185/1185 
f 1185/1185/1185 1052/1052/1052 1186/1186/1186 
f 1187/1187/1187 1186/1186/1186 1052/1052/1052 
f 1052/1052/1052 1054/1054/1054 1187/1187/1187 
f 1080/1080/1080 1026/1026/1026 1184/1184/1184 
f 1184/1184/1184 1186/1186/1186 1080/1080/1080 
f 1190/1190/1190 1080/1080/1080 1186/1186/1186 
f 1186/1186/1186 1187/1187/1187 1190/1190/1190 
f 1188/1188/1188 1191/1191/1191 1193/1193/1193 
f 1080/1080/1080 1190/1190/1190 1193/1193/1193 
f 1193/1193/1193 1050/1050/1050 1080/1080/1080 
f 1191/1191/1191 1192/1192/1192 1199/1199/1199 
f 1199/1199/1199 1193/1193/1193 1191/1191/1191 
f 1066/1066/1066 1078/1078/1078 1154/1154/1154 
f 1154/1154/1154 1067/1067/1067 1066/1066/1066 
f 1178/1178/1178 1083/1083/1083 1082/1082/1082 
f 1193/1193/1193 1199/1199/1199 1047/1047/1047 
f 1047/1047/1047 1050/1050/1050 1193/1193/1193 
f 1192/1192/1192 1198/1198/1198 1203/1203/1203 
f 1203/1203/1203 1199/1199/1199 1192/1192/1192 
f 1048/1048/1048 1047/1047/1047 1204/1204/1204 
f 1204/1204/1204 1205/1205/1205 1048/1048/1048 
f 1201/1201/1201 1196/1196/1196 1194/1194/1194 
f 1194/1194/1194 1200/1200/1200 1201/1201/1201 
f 1202/1202/1202 1197/1197/1197 1201/1201/1201 
f 1201/1201/1201 1208/1208/1208 1202/1202/1202 
f 1198/1198/1198 1202/1202/1202 1208/1208/1208 
f 1208/1208/1208 1203/1203/1203 1198/1198/1198 
f 1199/1199/1199 1203/1203/1203 1204/1204/1204 
f 1204/1204/1204 1047/1047/1047 1199/1199/1199 
f 1204/1204/1204 1206/1206/1206 1207/1207/1207 
f 1207/1207/1207 1205/1205/1205 1204/1204/1204 
f 1208/1208/1208 1201/1201/1201 1200/1200/1200 
f 1200/1200/1200 1206/1206/1206 1208/1208/1208 
f 1203/1203/1203 1208/1208/1208 1206/1206/1206 
f 1206/1206/1206 1204/1204/1204 1203/1203/1203 
f 1182/1182/1182 1184/1184/1184 1026/1026/1026 
f 1026/1026/1026 1181/1181/1181 1182/1182/1182 
f 1059/1059/1059 1185/1185/1185 1060/1060/1060 
f 1101/1101/1101 1129/1129/1129 1035/1035/1035 
f 1035/1035/1035 1038/1038/1038 1101/1101/1101 
f 1181/1181/1181 1026/1026/1026 1025/1025/1025 
f 1025/1025/1025 1177/1177/1177 1181/1181/1181 
f 1061/1061/1061 1159/1159/1159 1062/1062/1062 
f 1086/1086/1086 1085/1085/1085 1157/1157/1157 
f 1157/1157/1157 1156/1156/1156 1086/1086/1086 
f 1086/1086/1086 1156/1156/1156 1160/1160/1160 
f 1160/1160/1160 1164/1164/1164 1086/1086/1086 
f 1101/1101/1101 1100/1100/1100 1211/1211/1211 
f 1211/1211/1211 1130/1130/1130 1101/1101/1101 
f 1103/1103/1103 1111/1111/1111 1212/1212/1212 
f 1212/1212/1212 1213/1213/1213 1103/1103/1103 
f 1104/1104/1104 1103/1103/1103 1213/1213/1213 
f 1213/1213/1213 1209/1209/1209 1104/1104/1104 
f 1088/1088/1088 1209/1209/1209 1213/1213/1213 
f 1213/1213/1213 1100/1100/1100 1088/1088/1088 
f 1100/1100/1100 1213/1213/1213 1212/1212/1212 
f 1212/1212/1212 1211/1211/1211 1100/1100/1100 

g Handle1

v 38.6408 115.624 30.2983 
v 38.4836 115.624 30.2983 
v 38.6408 115.624 30.4714 
v 38.4836 115.624 30.4714 
v 38.4836 110.201 30.2983 
v 38.4836 115.624 30.2983 
v 38.6408 110.201 30.2983 
v 38.6408 115.624 30.2983 
v 38.4836 115.624 30.2983 
v 38.4836 110.201 30.2983 
v 38.4836 115.624 30.4714 
v 38.4836 110.201 30.4714 
v 38.4836 110.201 30.2983 
v 38.6408 110.201 30.2983 
v 38.4836 110.201 30.4714 
v 38.6408 110.201 30.4714 
v 38.6408 110.201 30.4714 
v 38.6408 115.624 30.4714 
v 38.4836 110.201 30.4714 
v 38.4836 115.624 30.4714 
v 38.6408 110.201 30.2983 
v 38.6408 115.624 30.2983 
v 38.6408 110.201 30.4714 
v 38.6408 115.624 30.4714 

vn 0 1 0 
vn 0 1 0 
vn 0 1 0 
vn 0 1 0 
vn 0 0 -1 
vn 0 0 -1 
vn 0 0 -1 
vn 0 0 -1 
vn -1 0 0 
vn -1 0 0 
vn -1 0 0 
vn -1 0 0 
vn 0 -1 0 
vn 0 -1 0 
vn 0 -1 0 
vn 0 -1 0 
vn 0 0 1 
vn 0 0 1 
vn 0 0 1 
vn 0 0 1 
vn 1 0 0 
vn 1 0 0 
vn 1 0 0 
vn 1 0 0 

vt -0.26202 1.08905 
vt -0.281672 1.08905 
vt -0.26202 1.06742 
vt -0.281672 1.06742 
vt 0.396242 1.08905 
vt -0.281672 1.08905 
vt 0.396242 1.0694 
vt -0.281672 1.0694 
vt 0.396242 1.08905 
vt -0.281672 1.08905 
vt 0.396242 1.06742 
vt -0.281672 1.06742 
vt -0.26202 1.08905 
vt -0.281672 1.08905 
vt -0.26202 1.06742 
vt -0.281672 1.06742 
vt 0.396242 1.08905 
vt -0.281672 1.08905 
vt 0.396242 1.0694 
vt -0.281672 1.0694 
vt 0.396242 1.08905 
vt -0.281672 1.08905 
vt 0.396242 1.06742 
vt -0.281672 1.06742 

usemtl Hand1Mtl

f 1214/1214/1214 1215/1215/1215 1216/1216/1216 
f 1216/1216/1216 1215/1215/1215 1217/1217/1217 
f 1218/1218/1218 1219/1219/1219 1220/1220/1220 
f 1220/1220/1220 1219/1219/1219 1221/1221/1221 
f 1222/1222/1222 1223/1223/1223 1224/1224/1224 
f 1224/1224/1224 1223/1223/1223 1225/1225/1225 
f 1226/1226/1226 1227/1227/1227 1228/1228/1228 
f 1228/1228/1228 1227/1227/1227 1229/1229/1229 
f 1230/1230/1230 1231/1231/1231 1232/1232/1232 
f 1232/1232/1232 1231/1231/1231 1233/1233/1233 
f 1234/1234/1234 1235/1235/1235 1236/1236/1236 
f 1236/1236/1236 1235/1235/1235 1237/1237/1237 

