# This file is brought to you by Roblox Corporation
# Generated by Roblox Studio

mtllib Carpet.mtl

g Handle1

v -48.64 2.52188 61.5281 
v -48.2823 2.48249 62.0202 
v -48.568 2.48249 62.2279 
v -48.9257 2.52188 61.7358 
v -48.3543 2.52188 61.3204 
v -47.9966 2.48249 61.8125 
v -48.0685 2.52188 61.1127 
v -47.7108 2.48249 61.6048 
v -47.7828 2.52188 60.905 
v -47.4251 2.48249 61.397 
v -47.4971 2.52188 60.6973 
v -47.1394 2.48249 61.1893 
v -47.2114 2.52188 60.4896 
v -46.8537 2.48249 60.9816 
v -46.9256 2.52188 60.2819 
v -46.5679 2.48249 60.7739 
v -46.6399 2.52188 60.0742 
v -46.2822 2.48249 60.5662 
v -46.3542 2.52188 59.8664 
v -45.9965 2.48249 60.3585 
v -46.0685 2.52188 59.6587 
v -45.7108 2.48249 60.1508 
v -47.9412 2.37428 62.4893 
v -48.2269 2.37428 62.697 
v -47.6555 2.37428 62.2816 
v -47.3698 2.37428 62.0739 
v -47.0841 2.37428 61.8662 
v -46.7983 2.37428 61.6585 
v -46.5126 2.37428 61.4508 
v -46.2269 2.37428 61.2431 
v -45.9412 2.37428 61.0354 
v -45.6554 2.37428 60.8277 
v -45.3697 2.37428 60.6199 
v -47.6271 2.15468 62.9215 
v -47.9128 2.15468 63.1292 
v -47.3414 2.15468 62.7138 
v -47.0556 2.15468 62.506 
v -46.7699 2.15468 62.2983 
v -46.4842 2.15468 62.0906 
v -46.1985 2.15468 61.8829 
v -45.9127 2.15468 61.6752 
v -45.627 2.15468 61.4675 
v -45.3413 2.15468 61.2598 
v -45.0556 2.15468 61.0521 
v -47.3399 1.82369 63.3166 
v -47.6256 1.82369 63.5243 
v -47.0541 1.82369 63.1089 
v -46.7684 1.82369 62.9011 
v -46.4827 1.82369 62.6934 
v -46.197 1.82369 62.4857 
v -45.9112 1.82369 62.278 
v -45.6255 1.82369 62.0703 
v -45.3398 1.82369 61.8626 
v -45.0541 1.82369 61.6549 
v -44.7683 1.82369 61.4472 
v -47.0693 1.42387 63.6888 
v -47.355 1.42387 63.8965 
v -46.7836 1.42387 63.4811 
v -46.4978 1.42387 63.2734 
v -46.2121 1.42387 63.0656 
v -45.9264 1.42387 62.8579 
v -45.6407 1.42387 62.6502 
v -45.3549 1.42387 62.4425 
v -45.0692 1.42387 62.2348 
v -44.7835 1.42387 62.0271 
v -44.4978 1.42387 61.8194 
v -46.7987 1.02404 64.061 
v -47.0844 1.02404 64.2687 
v -46.513 1.02404 63.8533 
v -46.2273 1.02404 63.6456 
v -45.9415 1.02404 63.4379 
v -45.6558 1.02404 63.2301 
v -45.3701 1.02404 63.0224 
v -45.0844 1.02404 62.8147 
v -44.7986 1.02404 62.607 
v -44.5129 1.02404 62.3993 
v -44.2272 1.02404 62.1916 
v -46.5115 0.693059 64.4561 
v -46.7972 0.693059 64.6638 
v -46.2258 0.693059 64.2484 
v -45.94 0.693059 64.0407 
v -45.6543 0.693058 63.833 
v -45.3686 0.693058 63.6253 
v -45.0829 0.693058 63.4175 
v -44.7971 0.693058 63.2098 
v -44.5114 0.693058 63.0021 
v -44.2257 0.693058 62.7944 
v -43.94 0.693058 62.5867 
v -46.1973 0.473457 64.8882 
v -46.4831 0.473457 65.0959 
v -45.9116 0.473457 64.6805 
v -45.6259 0.473457 64.4728 
v -45.3402 0.473457 64.2651 
v -45.0544 0.473457 64.0574 
v -44.7687 0.473457 63.8497 
v -44.483 0.473457 63.642 
v -44.1973 0.473457 63.4343 
v -43.9115 0.473457 63.2265 
v -43.6258 0.473457 63.0188 
v -45.8563 0.365236 65.3574 
v -46.142 0.365236 65.5651 
v -45.5705 0.365236 65.1497 
v -45.2848 0.365236 64.942 
v -44.9991 0.365236 64.7343 
v -44.7134 0.365236 64.5266 
v -44.4277 0.365236 64.3188 
v -44.1419 0.365236 64.1111 
v -43.8562 0.365236 63.9034 
v -43.5705 0.365236 63.6957 
v -43.2848 0.365236 63.488 
v -45.4986 0.325855 65.8494 
v -45.7843 0.325855 66.0571 
v -45.2129 0.325855 65.6417 
v -44.9271 0.325855 65.434 
v -44.6414 0.325855 65.2263 
v -44.3557 0.325855 65.0186 
v -44.07 0.325855 64.8109 
v -43.7842 0.325855 64.6032 
v -43.4985 0.325855 64.3955 
v -43.2128 0.325855 64.1878 
v -42.9271 0.325855 63.98 
v -48.4811 2.54971 62.2742 
v -48.2023 2.54971 62.0715 
v -48.5513 2.58813 61.5915 
v -48.8301 2.58813 61.7941 
v -47.9236 2.54971 61.8689 
v -48.2725 2.58813 61.3888 
v -47.6448 2.54971 61.6663 
v -47.9938 2.58813 61.1862 
v -47.3661 2.54971 61.4636 
v -47.715 2.58813 60.9836 
v -47.0873 2.54971 61.261 
v -47.4363 2.58813 60.7809 
v -46.8086 2.54971 61.0583 
v -47.1575 2.58813 60.5783 
v -46.5298 2.54971 60.8557 
v -46.8788 2.58813 60.3756 
v -46.2511 2.54971 60.653 
v -46.6 2.58813 60.173 
v -45.9723 2.54971 60.4504 
v -46.3213 2.58813 59.9704 
v -45.6935 2.54971 60.2478 
v -46.0425 2.58813 59.7677 
v -48.1483 2.44413 62.7319 
v -47.8696 2.44413 62.5293 
v -47.5908 2.44413 62.3266 
v -47.3121 2.44413 62.124 
v -47.0333 2.44413 61.9213 
v -46.7546 2.44413 61.7187 
v -46.4758 2.44413 61.516 
v -46.1971 2.44413 61.3134 
v -45.9183 2.44413 61.1108 
v -45.6396 2.44413 60.9081 
v -45.3608 2.44413 60.7055 
v -47.8419 2.22989 63.1535 
v -47.5631 2.22989 62.9509 
v -47.2844 2.22989 62.7482 
v -47.0056 2.22989 62.5456 
v -46.7268 2.22989 62.3429 
v -46.4481 2.22989 62.1403 
v -46.1693 2.22989 61.9376 
v -45.8906 2.22989 61.735 
v -45.6118 2.22989 61.5324 
v -45.3331 2.22989 61.3297 
v -45.0543 2.22989 61.1271 
v -47.5617 1.90697 63.539 
v -47.2829 1.90697 63.3363 
v -47.0041 1.90697 63.1337 
v -46.7254 1.90697 62.931 
v -46.4466 1.90697 62.7284 
v -46.1679 1.90697 62.5257 
v -45.8891 1.90697 62.3231 
v -45.6104 1.90697 62.1205 
v -45.3316 1.90697 61.9178 
v -45.0529 1.90697 61.7152 
v -44.7741 1.90697 61.5125 
v -47.2977 1.5169 63.9021 
v -47.0189 1.5169 63.6994 
v -46.7402 1.5169 63.4968 
v -46.4614 1.5169 63.2942 
v -46.1827 1.5169 63.0915 
v -45.9039 1.5169 62.8889 
v -45.6251 1.5169 62.6862 
v -45.3464 1.5169 62.4836 
v -45.0676 1.5169 62.2809 
v -44.7889 1.5169 62.0783 
v -44.5101 1.5169 61.8757 
v -47.0337 1.12684 64.2652 
v -46.7549 1.12684 64.0626 
v -46.4762 1.12684 63.8599 
v -46.1974 1.12684 63.6573 
v -45.9187 1.12684 63.4546 
v -45.6399 1.12684 63.252 
v -45.3612 1.12684 63.0494 
v -45.0824 1.12684 62.8467 
v -44.8037 1.12684 62.6441 
v -44.5249 1.12684 62.4414 
v -44.2461 1.12684 62.2388 
v -46.7535 0.803924 64.6507 
v -46.4747 0.803924 64.448 
v -46.196 0.803924 64.2454 
v -45.9172 0.803924 64.0427 
v -45.6385 0.803924 63.8401 
v -45.3597 0.803924 63.6375 
v -45.0809 0.803924 63.4348 
v -44.8022 0.803924 63.2322 
v -44.5234 0.803924 63.0295 
v -44.2447 0.803924 62.8269 
v -43.9659 0.803924 62.6243 
v -46.447 0.589679 65.0723 
v -46.1682 0.589679 64.8696 
v -45.8895 0.589679 64.667 
v -45.6107 0.589679 64.4643 
v -45.332 0.589679 64.2617 
v -45.0532 0.589679 64.0591 
v -44.7745 0.589679 63.8564 
v -44.4957 0.589679 63.6538 
v -44.217 0.589679 63.4511 
v -43.9382 0.589679 63.2485 
v -43.6595 0.589679 63.0458 
v -46.1143 0.484099 65.53 
v -45.8355 0.484099 65.3273 
v -45.5567 0.484099 65.1247 
v -45.278 0.484099 64.9221 
v -44.9992 0.484099 64.7194 
v -44.7205 0.484099 64.5168 
v -44.4417 0.484099 64.3141 
v -44.163 0.484099 64.1115 
v -43.8842 0.484099 63.9088 
v -43.6055 0.484099 63.7062 
v -43.3267 0.484099 63.5036 
v -45.7653 0.445678 66.01 
v -45.4865 0.445678 65.8074 
v -45.2078 0.445678 65.6048 
v -44.929 0.445678 65.4021 
v -44.6503 0.445678 65.1995 
v -44.3715 0.445678 64.9968 
v -44.0928 0.445678 64.7942 
v -43.814 0.445678 64.5915 
v -43.5352 0.445678 64.3889 
v -43.2565 0.445678 64.1863 
v -42.9777 0.445678 63.9836 
v -48.8301 2.58813 61.7941 
v -48.5513 2.58813 61.5915 
v -48.64 2.52188 61.5281 
v -48.9257 2.52188 61.7358 
v -48.8301 2.58813 61.7941 
v -48.9257 2.52188 61.7358 
v -48.568 2.48249 62.2279 
v -48.4811 2.54971 62.2742 
v -48.5513 2.58813 61.5915 
v -48.2725 2.58813 61.3888 
v -48.3543 2.52188 61.3204 
v -48.64 2.52188 61.5281 
v -48.2725 2.58813 61.3888 
v -47.9938 2.58813 61.1862 
v -48.0685 2.52188 61.1127 
v -48.3543 2.52188 61.3204 
v -47.9938 2.58813 61.1862 
v -47.715 2.58813 60.9836 
v -47.7828 2.52188 60.905 
v -48.0685 2.52188 61.1127 
v -47.715 2.58813 60.9836 
v -47.4363 2.58813 60.7809 
v -47.4971 2.52188 60.6973 
v -47.7828 2.52188 60.905 
v -47.1575 2.58813 60.5783 
v -47.2114 2.52188 60.4896 
v -47.4971 2.52188 60.6973 
v -47.4363 2.58813 60.7809 
v -46.8788 2.58813 60.3756 
v -46.9256 2.52188 60.2819 
v -47.2114 2.52188 60.4896 
v -47.1575 2.58813 60.5783 
v -46.6 2.58813 60.173 
v -46.6399 2.52188 60.0742 
v -46.9256 2.52188 60.2819 
v -46.8788 2.58813 60.3756 
v -46.3213 2.58813 59.9704 
v -46.3542 2.52188 59.8664 
v -46.6399 2.52188 60.0742 
v -46.6 2.58813 60.173 
v -46.0425 2.58813 59.7677 
v -46.0685 2.52188 59.6587 
v -46.3542 2.52188 59.8664 
v -46.3213 2.58813 59.9704 
v -46.0425 2.58813 59.7677 
v -45.6935 2.54971 60.2478 
v -45.7108 2.48249 60.1508 
v -46.0685 2.52188 59.6587 
v -48.4811 2.54971 62.2742 
v -48.568 2.48249 62.2279 
v -48.2269 2.37428 62.697 
v -48.1483 2.44413 62.7319 
v -45.6935 2.54971 60.2478 
v -45.3608 2.44413 60.7055 
v -45.3697 2.37428 60.6199 
v -45.7108 2.48249 60.1508 
v -48.1483 2.44413 62.7319 
v -48.2269 2.37428 62.697 
v -47.9128 2.15468 63.1292 
v -47.8419 2.22989 63.1535 
v -45.3608 2.44413 60.7055 
v -45.0543 2.22989 61.1271 
v -45.0556 2.15468 61.0521 
v -45.3697 2.37428 60.6199 
v -47.8419 2.22989 63.1535 
v -47.9128 2.15468 63.1292 
v -47.6256 1.82369 63.5243 
v -47.5617 1.90697 63.539 
v -44.7741 1.90697 61.5125 
v -44.7683 1.82369 61.4472 
v -45.0556 2.15468 61.0521 
v -45.0543 2.22989 61.1271 
v -47.2977 1.5169 63.9021 
v -47.5617 1.90697 63.539 
v -47.6256 1.82369 63.5243 
v -47.355 1.42387 63.8965 
v -44.5101 1.5169 61.8757 
v -44.4978 1.42387 61.8194 
v -44.7683 1.82369 61.4472 
v -44.7741 1.90697 61.5125 
v -47.0337 1.12684 64.2652 
v -47.2977 1.5169 63.9021 
v -47.355 1.42387 63.8965 
v -47.0844 1.02404 64.2687 
v -44.2461 1.12684 62.2388 
v -44.2272 1.02404 62.1916 
v -44.4978 1.42387 61.8194 
v -44.5101 1.5169 61.8757 
v -46.7535 0.803924 64.6507 
v -47.0337 1.12684 64.2652 
v -47.0844 1.02404 64.2687 
v -46.7972 0.693059 64.6638 
v -43.9659 0.803924 62.6243 
v -43.94 0.693058 62.5867 
v -44.2272 1.02404 62.1916 
v -44.2461 1.12684 62.2388 
v -46.447 0.589679 65.0723 
v -46.7535 0.803924 64.6507 
v -46.7972 0.693059 64.6638 
v -46.4831 0.473457 65.0959 
v -43.6595 0.589679 63.0458 
v -43.6258 0.473457 63.0188 
v -43.94 0.693058 62.5867 
v -43.9659 0.803924 62.6243 
v -46.1143 0.484099 65.53 
v -46.447 0.589679 65.0723 
v -46.4831 0.473457 65.0959 
v -46.142 0.365236 65.5651 
v -43.3267 0.484099 63.5036 
v -43.2848 0.365236 63.488 
v -43.6258 0.473457 63.0188 
v -43.6595 0.589679 63.0458 
v -45.7653 0.445678 66.01 
v -45.7843 0.325855 66.0571 
v -45.4986 0.325855 65.8494 
v -45.4865 0.445678 65.8074 
v -45.7653 0.445678 66.01 
v -46.1143 0.484099 65.53 
v -46.142 0.365236 65.5651 
v -45.7843 0.325855 66.0571 
v -45.4865 0.445678 65.8074 
v -45.4986 0.325855 65.8494 
v -45.2129 0.325855 65.6417 
v -45.2078 0.445678 65.6048 
v -45.2078 0.445678 65.6048 
v -45.2129 0.325855 65.6417 
v -44.9271 0.325855 65.434 
v -44.929 0.445678 65.4021 
v -44.929 0.445678 65.4021 
v -44.9271 0.325855 65.434 
v -44.6414 0.325855 65.2263 
v -44.6503 0.445678 65.1995 
v -44.6503 0.445678 65.1995 
v -44.6414 0.325855 65.2263 
v -44.3557 0.325855 65.0186 
v -44.3715 0.445678 64.9968 
v -44.0928 0.445678 64.7942 
v -44.3715 0.445678 64.9968 
v -44.3557 0.325855 65.0186 
v -44.07 0.325855 64.8109 
v -43.814 0.445678 64.5915 
v -44.0928 0.445678 64.7942 
v -44.07 0.325855 64.8109 
v -43.7842 0.325855 64.6032 
v -43.5352 0.445678 64.3889 
v -43.814 0.445678 64.5915 
v -43.7842 0.325855 64.6032 
v -43.4985 0.325855 64.3955 
v -43.2565 0.445678 64.1863 
v -43.5352 0.445678 64.3889 
v -43.4985 0.325855 64.3955 
v -43.2128 0.325855 64.1878 
v -42.9777 0.445678 63.9836 
v -42.9271 0.325855 63.98 
v -43.2848 0.365236 63.488 
v -43.3267 0.484099 63.5036 
v -42.9777 0.445678 63.9836 
v -43.2565 0.445678 64.1863 
v -43.2128 0.325855 64.1878 
v -42.9271 0.325855 63.98 
v -42.833 0.215497 64.0353 
v -42.8009 0.127208 64.0339 
v -42.8388 0.155911 64.137 
v -42.8535 0.231031 64.0911 
v -42.8373 0.261863 64.2081 
v -42.8527 0.288372 64.1295 
v -42.7973 0.382997 64.2055 
v -42.831 0.353929 64.1281 
v -42.7422 0.448355 64.1308 
v -42.8012 0.389301 64.0877 
v -42.7474 0.0789425 64.0519 
v -42.7922 0.1129 64.1739 
v -42.7905 0.238246 64.258 
v -42.7431 0.381551 64.2549 
v -42.6779 0.45887 64.1665 
v -42.6506 -0.0028367 64.0856 
v -42.7068 0.0396919 64.2384 
v -42.7046 0.196666 64.3437 
v -42.6453 0.376129 64.3399 
v -42.5636 0.472957 64.2292 
v -42.5675 -0.030259 64.1235 
v -42.6194 0.00903106 64.2646 
v -42.6173 0.154055 64.3619 
v -42.5625 0.31986 64.3584 
v -42.4871 0.409318 64.2561 
v -42.4152 0.0176381 64.2129 
v -42.45 0.0439605 64.3075 
v -42.4486 0.141124 64.3727 
v -42.4119 0.252207 64.3703 
v -42.3614 0.312142 64.3018 
v -42.2942 0.0772796 64.2886 
v -42.1878 0.0281014 64.334 
v -42.1993 0.0367539 64.3651 
v -42.3134 0.0918527 64.3409 
v -42.1988 0.0686936 64.3865 
v -42.3127 0.145638 64.377 
v -42.1867 0.10521 64.3858 
v -42.2923 0.207128 64.3757 
v -42.1701 0.124912 64.3632 
v -42.2644 0.240306 64.3377 
v -42.8331 0.30753 64.0542 
v -42.8331 0.30753 64.0542 
v -42.8331 0.30753 64.0542 
v -42.8331 0.30753 64.0542 
v -42.1323 -0.0357801 64.3499 
v -42.1217 -0.00899136 64.361 
v -42.139 -0.0306811 64.3682 
v -42.1217 -0.00899136 64.361 
v -42.1388 -0.0118574 64.3809 
v -42.1217 -0.00899136 64.361 
v -42.1316 0.0096637 64.3804 
v -42.1217 -0.00899136 64.361 
v -42.1219 0.021274 64.3671 
v -42.8032 0.250866 63.9948 
v -42.7458 0.192564 63.9591 
v -42.7815 0.316423 63.9934 
v -42.7057 0.313697 63.9565 
v -42.7807 0.373764 64.0319 
v -42.7042 0.419649 64.0276 
v -42.6822 0.156261 63.9635 
v -42.6349 0.299566 63.9604 
v -42.6331 0.424909 64.0445 
v -42.569 0.0939937 63.9749 
v -42.5097 0.273458 63.9711 
v -42.5075 0.430429 64.0764 
v -42.4921 0.0591989 64.0212 
v -42.4373 0.225003 64.0176 
v -42.4352 0.370028 64.1149 
v -42.3647 0.0775717 64.1444 
v -42.328 0.188655 64.1421 
v -42.3266 0.285819 64.2072 
v -42.2662 0.110458 64.2506 
v -42.1712 0.0478036 64.3115 
v -42.2459 0.171948 64.2493 
v -42.1592 0.0843199 64.3107 
v -42.2451 0.225733 64.2854 
v -42.1587 0.116258 64.3322 
v -42.1225 -0.0241691 64.3366 
v -42.1154 -0.00264883 64.3362 
v -42.1151 0.0161754 64.3488 
v -42.7674 0.272852 63.9193 
v -42.8135 0.322877 64.0674 
v -42.8079 0.206947 63.953 
v -42.85 0.172105 64.0173 
v -42.8823 0.177662 64.0951 
v -42.8961 0.222131 64.1654 
v -42.8879 0.293592 64.2095 
v -42.8597 0.372903 64.2156 
v -42.8191 0.438807 64.1819 
v -42.7771 0.473649 64.1176 
v -42.7448 0.468092 64.0398 
v -42.731 0.423624 63.9694 
v -42.7392 0.352162 63.9253 
v -42.7392 0.352162 63.9253 
v -42.7674 0.272852 63.9193 
v -42.7752 0.268831 63.8788 
v -42.7408 0.365567 63.8862 
v -42.731 0.423624 63.9694 
v -42.7307 0.452736 63.94 
v -42.7448 0.468092 64.0398 
v -42.7476 0.506975 64.0258 
v -42.7771 0.473649 64.1176 
v -42.787 0.513754 64.1206 
v -42.8191 0.438807 64.1819 
v -42.8383 0.471255 64.1991 
v -42.8597 0.372903 64.2156 
v -42.8877 0.390866 64.2402 
v -42.8879 0.293592 64.2095 
v -42.9221 0.294127 64.2328 
v -42.8961 0.222131 64.1654 
v -42.9322 0.206961 64.179 
v -42.8823 0.177662 64.0951 
v -42.9153 0.152722 64.0932 
v -42.85 0.172105 64.0173 
v -42.8759 0.145944 63.9983 
v -42.8079 0.206947 63.953 
v -42.8246 0.188441 63.9199 
v -42.7674 0.272852 63.9193 
v -42.7752 0.268831 63.8788 
v -42.8574 0.300789 63.8424 
v -42.823 0.397527 63.8498 
v -42.8129 0.484694 63.9036 
v -42.8298 0.538935 63.9894 
v -42.8692 0.545713 64.0842 
v -42.9205 0.503215 64.1627 
v -42.9699 0.422826 64.2038 
v -43.0043 0.326087 64.1964 
v -43.0144 0.238921 64.1426 
v -42.9975 0.184682 64.0568 
v -42.9581 0.177902 63.962 
v -42.9068 0.220402 63.8835 
v -42.8574 0.300789 63.8424 
v -42.9676 0.350714 63.8307 
v -43.0081 0.284807 63.8643 
v -43.0137 0.400737 63.9788 
v -43.0502 0.249965 63.9287 
v -43.0824 0.255524 64.0064 
v -43.0963 0.29999 64.0768 
v -43.088 0.371454 64.1209 
v -43.0599 0.450762 64.1269 
v -43.0193 0.516669 64.0932 
v -42.9773 0.551509 64.0289 
v -42.945 0.545952 63.9511 
v -42.9312 0.501486 63.8808 
v -42.9394 0.430022 63.8367 
v -42.9395 0.332749 63.806 
v -42.9676 0.350714 63.8307 
v -42.9394 0.430022 63.8367 
v -42.9052 0.429487 63.8134 
v -42.9312 0.501486 63.8808 
v -42.8951 0.516654 63.8672 
v -42.945 0.545952 63.9511 
v -42.912 0.570895 63.953 
v -42.9773 0.551509 64.0289 
v -42.9514 0.577673 64.0479 
v -43.0193 0.516669 64.0932 
v -43.0026 0.535173 64.1263 
v -43.0599 0.450762 64.1269 
v -43.0521 0.454786 64.1674 
v -43.088 0.371454 64.1209 
v -43.0865 0.358048 64.16 
v -43.0963 0.29999 64.0768 
v -43.0965 0.270881 64.1062 
v -43.0824 0.255524 64.0064 
v -43.0796 0.21664 64.0204 
v -43.0502 0.249965 63.9287 
v -43.0403 0.209863 63.9256 
v -43.0081 0.284807 63.8643 
v -42.989 0.252362 63.8471 
v -42.9676 0.350714 63.8307 
v -42.9395 0.332749 63.806 
v -45.7608 0.215497 66.1637 
v -45.7014 0.231032 66.1614 
v -45.6623 0.155912 66.1895 
v -45.772 0.127208 66.1938 
v -45.665 0.288372 66.174 
v -45.5951 0.261863 66.2129 
v -45.6731 0.353929 66.1942 
v -45.6099 0.382997 66.2502 
v -45.7207 0.389301 66.2101 
v -45.698 0.448355 66.2795 
v -45.6415 0.112901 66.2452 
v -45.7714 0.0789427 66.2502 
v -45.5621 0.238246 66.2728 
v -45.5796 0.381551 66.3169 
v -45.6838 0.45887 66.3517 
v -45.6065 0.039692 66.3464 
v -45.7691 -0.00283659 66.3527 
v -45.507 0.196666 66.381 
v -45.5289 0.376129 66.4362 
v -45.6594 0.472957 66.4797 
v -45.6086 0.00903118 66.4376 
v -45.7588 -0.0302589 66.4434 
v -45.5166 0.154055 66.4696 
v -45.5369 0.31986 66.5206 
v -45.6575 0.409318 66.5608 
v -45.62 0.0439606 66.6119 
v -45.7207 0.0176382 66.6158 
v -45.5584 0.141124 66.6334 
v -45.572 0.252207 66.6676 
v -45.6528 0.312142 66.6945 
v -45.6861 0.0772797 66.7543 
v -45.6304 0.0918528 66.7522 
v -45.6425 0.036754 66.8682 
v -45.6756 0.0281016 66.8695 
v -45.5963 0.145638 66.764 
v -45.6223 0.0686938 66.8753 
v -45.6038 0.207128 66.7829 
v -45.6268 0.10521 66.8865 
v -45.6485 0.240306 66.7979 
v -45.6533 0.124912 66.8954 
v -45.7428 0.30753 66.1694 
v -45.7428 0.30753 66.1694 
v -45.7428 0.30753 66.1694 
v -45.7428 0.30753 66.1694 
v -45.6777 -0.03578 66.9273 
v -45.6582 -0.030681 66.9265 
v -45.6704 -0.00899124 66.9408 
v -45.6462 -0.0118573 66.9306 
v -45.6704 -0.00899124 66.9408 
v -45.6489 0.0096637 66.9373 
v -45.6704 -0.00899124 66.9408 
v -45.6645 0.0212741 66.9425 
v -45.6704 -0.00899124 66.9408 
v -45.8601 0.192564 66.2231 
v -45.8085 0.250867 66.1796 
v -45.8749 0.313697 66.2604 
v -45.8165 0.316424 66.1997 
v -45.8078 0.419649 66.2838 
v -45.7801 0.373764 66.2124 
v -45.8756 0.156262 66.2849 
v -45.8931 0.299566 66.329 
v -45.8137 0.42491 66.3567 
v -45.8997 0.0939938 66.3962 
v -45.9216 0.273458 66.4514 
v -45.8221 0.430429 66.486 
v -45.8794 0.059199 66.4836 
v -45.8996 0.225003 66.5346 
v -45.8077 0.370028 66.5666 
v -45.8014 0.0775719 66.6428 
v -45.815 0.188655 66.677 
v -45.7534 0.285819 66.6984 
v -45.7022 0.0478038 66.8784 
v -45.7308 0.110458 66.7692 
v -45.7067 0.0843201 66.8896 
v -45.7383 0.171948 66.7881 
v -45.6864 0.116258 66.8966 
v -45.7042 0.225733 66.8 
v -45.6933 -0.024169 66.9325 
v -45.6959 -0.00264871 66.9391 
v -45.684 0.0161755 66.9432 
v -45.8913 0.272852 66.1903 
v -45.8468 0.206948 66.1621 
v -45.7362 0.322877 66.1921 
v -45.7726 0.172105 66.142 
v -45.6887 0.177662 66.1352 
v -45.6175 0.222131 66.1438 
v -45.5781 0.293592 66.1652 
v -45.5811 0.372903 66.1939 
v -45.6256 0.438807 66.2221 
v -45.6998 0.47365 66.2422 
v -45.7837 0.468092 66.2489 
v -45.8549 0.423624 66.2404 
v -45.8943 0.352162 66.2189 
v -45.9275 0.268831 66.1704 
v -45.8913 0.272852 66.1903 
v -45.8943 0.352162 66.2189 
v -45.9311 0.365567 66.2053 
v -45.8549 0.423624 66.2404 
v -45.883 0.452736 66.2315 
v -45.7837 0.468092 66.2489 
v -45.7962 0.506975 66.2419 
v -45.6998 0.47365 66.2422 
v -45.6938 0.513754 66.2337 
v -45.6256 0.438807 66.2221 
v -45.6033 0.471255 66.2092 
v -45.5811 0.372903 66.1939 
v -45.549 0.390866 66.1748 
v -45.5781 0.293592 66.1652 
v -45.5454 0.294127 66.1398 
v -45.6175 0.222131 66.1438 
v -45.5934 0.206961 66.1137 
v -45.6887 0.177662 66.1352 
v -45.6803 0.152722 66.1033 
v -45.7726 0.172105 66.142 
v -45.7827 0.145944 66.1114 
v -45.8468 0.206948 66.1621 
v -45.8731 0.188441 66.136 
v -45.8913 0.272852 66.1903 
v -45.9275 0.268831 66.1704 
v -45.9367 0.300789 66.081 
v -45.9403 0.397527 66.1159 
v -45.8923 0.484694 66.1421 
v -45.8054 0.538935 66.1525 
v -45.703 0.545713 66.1443 
v -45.6126 0.503215 66.1198 
v -45.5583 0.422826 66.0854 
v -45.5546 0.326087 66.0504 
v -45.6027 0.238921 66.0243 
v -45.6896 0.184682 66.0139 
v -45.7919 0.177902 66.022 
v -45.8824 0.220402 66.0466 
v -45.9367 0.300789 66.081 
v -45.9139 0.350714 65.9725 
v -45.7588 0.400737 65.9743 
v -45.8694 0.284807 65.9443 
v -45.7952 0.249965 65.9242 
v -45.7113 0.255524 65.9175 
v -45.6401 0.29999 65.926 
v -45.6007 0.371454 65.9475 
v -45.6036 0.450762 65.9761 
v -45.6482 0.516669 66.0043 
v -45.7223 0.551509 66.0244 
v -45.8063 0.545952 66.0311 
v -45.8775 0.501486 66.0226 
v -45.9169 0.430022 66.0012 
v -45.9169 0.430022 66.0012 
v -45.9139 0.350714 65.9725 
v -45.946 0.332749 65.9916 
v -45.9496 0.429487 66.0266 
v -45.8775 0.501486 66.0226 
v -45.9015 0.516654 66.0527 
v -45.8063 0.545952 66.0311 
v -45.8147 0.570896 66.0631 
v -45.7223 0.551509 66.0244 
v -45.7123 0.577673 66.0549 
v -45.6482 0.516669 66.0043 
v -45.6218 0.535174 66.0304 
v -45.6036 0.450762 65.9761 
v -45.5675 0.454787 65.996 
v -45.6007 0.371454 65.9475 
v -45.5639 0.358048 65.9611 
v -45.6401 0.29999 65.926 
v -45.612 0.270882 65.9349 
v -45.7113 0.255524 65.9175 
v -45.6988 0.21664 65.9245 
v -45.7952 0.249965 65.9242 
v -45.8012 0.209863 65.9327 
v -45.8694 0.284807 65.9443 
v -45.8917 0.252362 65.9572 
v -45.9139 0.350714 65.9725 
v -45.946 0.332749 65.9916 
v -46.1206 2.51373 59.5128 
v -46.168 2.54804 59.5317 
v -46.2304 2.52683 59.4715 
v -46.1429 2.46344 59.4366 
v -46.1752 2.61102 59.5591 
v -46.2438 2.64322 59.5221 
v -46.1381 2.66579 59.5789 
v -46.1753 2.74442 59.5587 
v -46.0784 2.68026 59.5796 
v -46.0649 2.77115 59.56 
v -46.2592 2.53649 59.4048 
v -46.1556 2.4615 59.3635 
v -46.2751 2.67417 59.4646 
v -46.194 2.7939 59.5079 
v -46.0634 2.82553 59.5094 
v -46.3071 2.55649 59.2859 
v -46.1774 2.46258 59.2342 
v -46.3269 2.72892 59.3608 
v -46.2254 2.87885 59.4151 
v -46.0619 2.91847 59.4169 
v -46.3054 2.58574 59.1942 
v -46.1856 2.49898 59.1465 
v -46.3237 2.74504 59.2634 
v -46.2299 2.88356 59.3135 
v -46.0789 2.92016 59.3153 
v -46.2567 2.70502 59.0711 
v -46.1764 2.64689 59.0391 
v -46.269 2.81175 59.1175 
v -46.2061 2.90455 59.1511 
v -46.1049 2.92907 59.1522 
v -46.1638 2.78236 58.9655 
v -46.2082 2.81454 58.9832 
v -46.2041 2.83636 58.8561 
v -46.1777 2.81725 58.8456 
v -46.215 2.87362 59.0089 
v -46.2081 2.87144 58.8713 
v -46.1803 2.92499 59.0275 
v -46.1875 2.90195 58.8824 
v -46.1242 2.93856 59.0281 
v -46.1542 2.91001 58.8828 
v -46.098 2.58987 59.563 
v -46.098 2.58987 59.563 
v -46.098 2.58987 59.563 
v -46.098 2.58987 59.563 
v -46.1944 2.80384 58.7621 
v -46.2099 2.8151 58.7683 
v -46.188 2.83359 58.7674 
v -46.2123 2.83578 58.7773 
v -46.188 2.83359 58.7674 
v -46.2001 2.85376 58.7838 
v -46.188 2.83359 58.7674 
v -46.1805 2.85851 58.784 
v -46.188 2.83359 58.7674 
v -46.0325 2.49018 59.4379 
v -46.0609 2.5282 59.5135 
v -45.964 2.59138 59.4745 
v -46.0238 2.58297 59.5333 
v -45.9774 2.70777 59.5251 
v -46.0311 2.64596 59.5607 
v -46.0251 2.49313 59.365 
v -45.944 2.61285 59.4083 
v -45.9599 2.75054 59.4682 
v -46.0139 2.50219 59.2361 
v -45.9124 2.65212 59.2904 
v -45.9323 2.82455 59.3653 
v -46.0345 2.53557 59.1482 
v -45.9407 2.6741 59.1983 
v -45.9591 2.8334 59.2675 
v -46.0752 2.67141 59.0403 
v -46.0123 2.76422 59.0739 
v -46.0247 2.87094 59.1203 
v -46.1444 2.82531 58.846 
v -46.1078 2.79593 58.9662 
v -46.1238 2.85581 58.857 
v -46.073 2.84731 58.9848 
v -46.1278 2.8909 58.8722 
v -46.0798 2.90639 59.0104 
v -46.1748 2.80859 58.7624 
v -46.1626 2.82657 58.7689 
v -46.165 2.84724 58.7779 
v -45.9757 2.51566 59.5059 
v -46.0469 2.47119 59.4974 
v -46.0944 2.61641 59.5542 
v -46.1309 2.46564 59.5041 
v -46.205 2.50048 59.5242 
v -46.2496 2.56638 59.5524 
v -46.2525 2.64569 59.5811 
v -46.2131 2.71716 59.6026 
v -46.1419 2.76162 59.6111 
v -46.058 2.76718 59.6044 
v -45.9838 2.73234 59.5842 
v -45.9393 2.66643 59.556 
v -45.9363 2.58712 59.5274 
v -45.9476 2.48655 59.5148 
v -45.9757 2.51566 59.5059 
v -45.9363 2.58712 59.5274 
v -45.8996 2.57372 59.541 
v -45.9393 2.66643 59.556 
v -45.9032 2.67046 59.5759 
v -45.9838 2.73234 59.5842 
v -45.9575 2.75085 59.6103 
v -46.058 2.76718 59.6044 
v -46.048 2.79334 59.6349 
v -46.1419 2.76162 59.6111 
v -46.1503 2.78656 59.6431 
v -46.2131 2.71716 59.6026 
v -46.2372 2.73233 59.6327 
v -46.2525 2.64569 59.5811 
v -46.2853 2.64516 59.6065 
v -46.2496 2.56638 59.5524 
v -46.2816 2.54842 59.5715 
v -46.205 2.50048 59.5242 
v -46.2273 2.46803 59.5372 
v -46.1309 2.46564 59.5041 
v -46.1369 2.42553 59.5126 
v -46.0469 2.47119 59.4974 
v -46.0345 2.43231 59.5044 
v -45.9757 2.51566 59.5059 
v -45.9476 2.48655 59.5148 
v -45.9384 2.45459 59.6042 
v -45.8903 2.54176 59.6304 
v -45.8939 2.6385 59.6653 
v -45.9482 2.71888 59.6997 
v -46.0387 2.76138 59.7243 
v -46.1411 2.7546 59.7325 
v -46.2279 2.70037 59.7221 
v -46.276 2.6132 59.6959 
v -46.2724 2.51646 59.6609 
v -46.2181 2.43607 59.6265 
v -46.1276 2.39357 59.602 
v -46.0252 2.40035 59.5938 
v -45.9384 2.45459 59.6042 
v -45.9532 2.4378 59.7237 
v -46.0719 2.53855 59.772 
v -46.0244 2.39333 59.7152 
v -46.1083 2.38778 59.7219 
v -46.1825 2.42262 59.742 
v -46.227 2.48852 59.7702 
v -46.23 2.56783 59.7989 
v -46.1906 2.6393 59.8203 
v -46.1194 2.68376 59.8289 
v -46.0354 2.68932 59.8221 
v -45.9613 2.65448 59.802 
v -45.9167 2.58857 59.7738 
v -45.9138 2.50926 59.7452 
v -45.9138 2.50926 59.7452 
v -45.9532 2.4378 59.7237 
v -45.9291 2.42263 59.6936 
v -45.8811 2.5098 59.7198 
v -45.9167 2.58857 59.7738 
v -45.8847 2.60654 59.7547 
v -45.9613 2.65448 59.802 
v -45.939 2.68692 59.7891 
v -46.0354 2.68932 59.8221 
v -46.0294 2.72942 59.8137 
v -46.1194 2.68376 59.8289 
v -46.1318 2.72265 59.8218 
v -46.1906 2.6393 59.8203 
v -46.2187 2.66841 59.8115 
v -46.23 2.56783 59.7989 
v -46.2667 2.58124 59.7853 
v -46.227 2.48852 59.7702 
v -46.2631 2.4845 59.7503 
v -46.1825 2.42262 59.742 
v -46.2088 2.40411 59.7159 
v -46.1083 2.38778 59.7219 
v -46.1183 2.36161 59.6914 
v -46.0244 2.39333 59.7152 
v -46.016 2.36839 59.6832 
v -45.9532 2.4378 59.7237 
v -45.9291 2.42263 59.6936 
v -49.0484 2.51373 61.6412 
v -49.114 2.46344 61.5965 
v -49.0539 2.52683 61.524 
v -49.0159 2.54804 61.602 
v -49.0016 2.64322 61.5269 
v -48.9876 2.61102 61.6035 
v -48.9879 2.74442 61.6034 
v -48.9802 2.66579 61.6449 
v -49.0208 2.77115 61.7087 
v -48.9979 2.68026 61.7019 
v -49.1796 2.4615 61.5618 
v -49.1085 2.53649 61.4761 
v -49.0467 2.67417 61.4794 
v -49.0304 2.7939 61.5699 
v -49.0693 2.82553 61.6946 
v -49.2959 2.46258 61.5012 
v -49.2068 2.55649 61.3938 
v -49.1294 2.72892 61.398 
v -49.1091 2.87885 61.5114 
v -49.1577 2.91847 61.6675 
v -49.3769 2.49898 61.4664 
v -49.2945 2.58574 61.3672 
v -49.223 2.74504 61.3711 
v -49.2043 2.88356 61.4758 
v -49.2492 2.92016 61.62 
v -49.4818 2.64689 61.442 
v -49.4266 2.70502 61.3755 
v -49.3787 2.81175 61.3781 
v -49.3662 2.90455 61.4483 
v -49.3963 2.92907 61.5449 
v -49.5557 2.78236 61.4313 
v -49.6655 2.81725 61.3811 
v -49.6474 2.83636 61.3592 
v -49.5252 2.81454 61.3945 
v -49.6316 2.87144 61.3601 
v -49.4986 2.87362 61.3959 
v -49.6275 2.90195 61.3831 
v -49.4917 2.92499 61.4348 
v -49.6374 2.91001 61.4149 
v -49.5084 2.93856 61.4882 
v -49.0077 2.58987 61.6782 
v -49.0077 2.58987 61.6782 
v -49.0077 2.58987 61.6782 
v -49.0077 2.58987 61.6782 
v -49.7397 2.80384 61.3395 
v -49.7367 2.83359 61.3472 
v -49.7291 2.8151 61.3266 
v -49.7367 2.83359 61.3472 
v -49.7198 2.83578 61.3271 
v -49.7367 2.83359 61.3472 
v -49.7173 2.85376 61.3407 
v -49.7367 2.83359 61.3472 
v -49.7232 2.85851 61.3594 
v -49.0662 2.5282 61.6982 
v -49.1469 2.49018 61.7019 
v -49.0588 2.58297 61.7396 
v -49.1332 2.59138 61.7784 
v -49.0305 2.64596 61.7412 
v -49.0809 2.70777 61.7812 
v -49.2185 2.49313 61.6865 
v -49.2023 2.61285 61.777 
v -49.1405 2.75054 61.7803 
v -49.3446 2.50219 61.6573 
v -49.3243 2.65212 61.7707 
v -49.2469 2.82455 61.7749 
v -49.4218 2.53557 61.6106 
v -49.4031 2.6741 61.7153 
v -49.3316 2.8334 61.7192 
v -49.5119 2.67141 61.5386 
v -49.4994 2.76422 61.6088 
v -49.4514 2.87094 61.6114 
v -49.5724 2.79593 61.4848 
v -49.6754 2.82531 61.4128 
v -49.5654 2.84731 61.5236 
v -49.6713 2.85581 61.4359 
v -49.5389 2.90639 61.525 
v -49.6555 2.8909 61.4367 
v -49.7456 2.80859 61.3582 
v -49.7431 2.82657 61.3718 
v -49.7339 2.84724 61.3723 
v -49.0997 2.51566 61.7769 
v -49.0171 2.61641 61.6789 
v -49.0858 2.47119 61.7065 
v -49.0535 2.46564 61.6288 
v -49.0115 2.50048 61.5644 
v -48.971 2.56638 61.5308 
v -48.9428 2.64569 61.5368 
v -48.9345 2.71716 61.5809 
v -48.9484 2.76162 61.6513 
v -48.9807 2.76718 61.729 
v -49.0227 2.73234 61.7934 
v -49.0632 2.66643 61.827 
v -49.0914 2.58712 61.821 
v -49.0914 2.58712 61.821 
v -49.0997 2.51566 61.7769 
v -49.0999 2.48655 61.8064 
v -49.0898 2.57372 61.8602 
v -49.0632 2.66643 61.827 
v -49.0555 2.67046 61.8675 
v -49.0227 2.73234 61.7934 
v -49.006 2.75085 61.8264 
v -48.9807 2.76718 61.729 
v -48.9547 2.79334 61.748 
v -48.9484 2.76162 61.6513 
v -48.9154 2.78657 61.6531 
v -48.9345 2.71716 61.5809 
v -48.8985 2.73233 61.5673 
v -48.9428 2.64569 61.5368 
v -48.9085 2.64516 61.5135 
v -48.971 2.56638 61.5308 
v -48.9429 2.54842 61.5061 
v -49.0115 2.50048 61.5644 
v -48.9924 2.46803 61.5472 
v -49.0535 2.46564 61.6288 
v -49.0436 2.42553 61.6257 
v -49.0858 2.47119 61.7065 
v -49.083 2.43231 61.7205 
v -49.0997 2.51566 61.7769 
v -49.0999 2.48655 61.8064 
v -49.0177 2.45459 61.8427 
v -49.0077 2.54176 61.8965 
v -48.9733 2.6385 61.9039 
v -48.9238 2.71888 61.8628 
v -48.8726 2.76138 61.7844 
v -48.8332 2.7546 61.6895 
v -48.8163 2.70037 61.6037 
v -48.8264 2.6132 61.5499 
v -48.8607 2.51646 61.5425 
v -48.9102 2.43607 61.5836 
v -48.9615 2.39357 61.6621 
v -49.0008 2.40035 61.7569 
v -49.0177 2.45459 61.8427 
v -48.8995 2.4378 61.8655 
v -48.8856 2.39333 61.7952 
v -48.8169 2.53855 61.7675 
v -48.8534 2.38778 61.7174 
v -48.8113 2.42262 61.6531 
v -48.7708 2.48852 61.6194 
v -48.7426 2.56783 61.6254 
v -48.7343 2.6393 61.6695 
v -48.7482 2.68376 61.7399 
v -48.7805 2.68932 61.8177 
v -48.8225 2.65448 61.882 
v -48.863 2.58857 61.9157 
v -48.8912 2.50926 61.9096 
v -48.9356 2.42263 61.8791 
v -48.8995 2.4378 61.8655 
v -48.8912 2.50926 61.9096 
v -48.9255 2.5098 61.9329 
v -48.863 2.58857 61.9157 
v -48.8911 2.60654 61.9403 
v -48.8225 2.65448 61.882 
v -48.8417 2.68692 61.8992 
v -48.7805 2.68932 61.8177 
v -48.7904 2.72942 61.8207 
v -48.7482 2.68376 61.7399 
v -48.751 2.72265 61.7259 
v -48.7343 2.6393 61.6695 
v -48.7341 2.66841 61.6401 
v -48.7426 2.56783 61.6254 
v -48.7442 2.58124 61.5863 
v -48.7708 2.48852 61.6194 
v -48.7786 2.4845 61.5789 
v -48.8113 2.42262 61.6531 
v -48.828 2.40411 61.62 
v -48.8534 2.38778 61.7174 
v -48.8793 2.36161 61.6985 
v -48.8856 2.39333 61.7952 
v -48.9186 2.36839 61.7933 
v -48.8995 2.4378 61.8655 
v -48.9356 2.42263 61.8791 

vn -0.11811 -0.976378 -0.165354 
vn -0.0708661 -0.992126 -0.102362 
vn -0.267717 -0.96063 0.0472441 
vn -0.188976 -0.976378 -0.0787402 
vn -0.11811 -0.976378 -0.165354 
vn -0.0708661 -0.992126 -0.102362 
vn -0.11811 -0.976378 -0.165354 
vn -0.0708661 -0.992126 -0.102362 
vn -0.11811 -0.976378 -0.165354 
vn -0.0708661 -0.992126 -0.102362 
vn -0.11811 -0.976378 -0.165354 
vn -0.0708661 -0.992126 -0.102362 
vn -0.11811 -0.976378 -0.165354 
vn -0.0708661 -0.992126 -0.102362 
vn -0.11811 -0.976378 -0.165354 
vn -0.0708661 -0.992126 -0.102362 
vn -0.11811 -0.976378 -0.165354 
vn -0.0708661 -0.992126 -0.102362 
vn -0.11811 -0.976378 -0.165354 
vn -0.0708661 -0.992126 -0.102362 
vn -0.015748 -0.976378 -0.204724 
vn 0.125984 -0.96063 -0.244094 
vn -0.165354 -0.96063 -0.228346 
vn -0.393701 -0.92126 -0.0551181 
vn -0.165354 -0.96063 -0.228346 
vn -0.165354 -0.96063 -0.228346 
vn -0.165354 -0.96063 -0.228346 
vn -0.165354 -0.96063 -0.228346 
vn -0.165354 -0.96063 -0.228346 
vn -0.165354 -0.96063 -0.228346 
vn -0.165354 -0.96063 -0.228346 
vn -0.165354 -0.96063 -0.228346 
vn 0.0629921 -0.92126 -0.385827 
vn -0.275591 -0.88189 -0.385827 
vn -0.511811 -0.834646 -0.188976 
vn -0.275591 -0.88189 -0.385827 
vn -0.275591 -0.88189 -0.385827 
vn -0.275591 -0.88189 -0.385827 
vn -0.275591 -0.88189 -0.385827 
vn -0.275591 -0.88189 -0.385827 
vn -0.275591 -0.88189 -0.385827 
vn -0.275591 -0.88189 -0.385827 
vn -0.275591 -0.88189 -0.385827 
vn -0.015748 -0.834646 -0.543307 
vn -0.362205 -0.795276 -0.496063 
vn -0.590551 -0.755906 -0.291339 
vn -0.362205 -0.795276 -0.496063 
vn -0.362205 -0.795276 -0.496063 
vn -0.362205 -0.795276 -0.496063 
vn -0.362205 -0.795276 -0.496063 
vn -0.362205 -0.795276 -0.496063 
vn -0.362205 -0.795276 -0.496063 
vn -0.362205 -0.795276 -0.496063 
vn -0.362205 -0.795276 -0.496063 
vn -0.0944882 -0.755906 -0.645669 
vn -0.385827 -0.755906 -0.527559 
vn -0.606299 -0.724409 -0.338583 
vn -0.385827 -0.755906 -0.527559 
vn -0.385827 -0.755906 -0.527559 
vn -0.385827 -0.755906 -0.527559 
vn -0.385827 -0.755906 -0.527559 
vn -0.385827 -0.755906 -0.527559 
vn -0.385827 -0.755906 -0.527559 
vn -0.385827 -0.755906 -0.527559 
vn -0.385827 -0.755906 -0.527559 
vn -0.133858 -0.724409 -0.677165 
vn -0.362205 -0.795276 -0.496063 
vn -0.574803 -0.755906 -0.307087 
vn -0.362205 -0.795276 -0.496063 
vn -0.362205 -0.795276 -0.496063 
vn -0.362205 -0.795276 -0.496063 
vn -0.362205 -0.795276 -0.496063 
vn -0.362205 -0.795276 -0.496063 
vn -0.362205 -0.795276 -0.496063 
vn -0.362205 -0.795276 -0.496063 
vn -0.362205 -0.795276 -0.496063 
vn -0.110236 -0.755906 -0.645669 
vn -0.275591 -0.88189 -0.385827 
vn -0.511811 -0.84252 -0.188976 
vn -0.275591 -0.88189 -0.385827 
vn -0.275591 -0.88189 -0.385827 
vn -0.275591 -0.88189 -0.385827 
vn -0.275591 -0.88189 -0.385827 
vn -0.275591 -0.88189 -0.385827 
vn -0.275591 -0.88189 -0.385827 
vn -0.275591 -0.88189 -0.385827 
vn -0.275591 -0.88189 -0.385827 
vn -0.023622 -0.84252 -0.543307 
vn -0.165354 -0.96063 -0.228346 
vn -0.417323 -0.905512 -0.0314961 
vn -0.165354 -0.96063 -0.228346 
vn -0.165354 -0.96063 -0.228346 
vn -0.165354 -0.96063 -0.228346 
vn -0.165354 -0.96063 -0.228346 
vn -0.165354 -0.96063 -0.228346 
vn -0.165354 -0.96063 -0.228346 
vn -0.165354 -0.96063 -0.228346 
vn -0.165354 -0.96063 -0.228346 
vn 0.0944882 -0.905512 -0.401575 
vn -0.0708661 -0.992126 -0.102362 
vn -0.338583 -0.937008 0.102362 
vn -0.0708661 -0.992126 -0.102362 
vn -0.0708661 -0.992126 -0.102362 
vn -0.0708661 -0.992126 -0.102362 
vn -0.0708661 -0.992126 -0.102362 
vn -0.0708661 -0.992126 -0.102362 
vn -0.0708661 -0.992126 -0.102362 
vn -0.0708661 -0.992126 -0.102362 
vn -0.0708661 -0.992126 -0.102362 
vn 0.204724 -0.937008 -0.291339 
vn 0.0787402 -0.992126 0.110236 
vn -0.181102 -0.944882 0.259843 
vn 0.0787402 -0.992126 0.110236 
vn 0.0787402 -0.992126 0.110236 
vn 0.0787402 -0.992126 0.110236 
vn 0.0787402 -0.992126 0.110236 
vn 0.0787402 -0.992126 0.110236 
vn 0.0787402 -0.992126 0.110236 
vn 0.0787402 -0.992126 0.110236 
vn 0.0787402 -0.992126 0.110236 
vn 0.299213 -0.944882 -0.0944882 
vn -0.0866142 0.976378 0.212598 
vn 0.0708661 0.992126 0.102362 
vn -0.023622 1 -0.0314961 
vn -0.212598 0.976378 0.102362 
vn 0.0708661 0.992126 0.102362 
vn -0.023622 1 -0.0314961 
vn 0.0708661 0.992126 0.102362 
vn -0.023622 1 -0.0314961 
vn 0.0708661 0.992126 0.102362 
vn -0.023622 1 -0.0314961 
vn 0.0708661 0.992126 0.102362 
vn -0.023622 1 -0.0314961 
vn 0.0708661 0.992126 0.102362 
vn -0.023622 1 -0.0314961 
vn 0.0708661 0.992126 0.102362 
vn -0.023622 1 -0.0314961 
vn 0.0708661 0.992126 0.102362 
vn -0.023622 1 -0.0314961 
vn 0.0708661 0.992126 0.102362 
vn -0.023622 1 -0.0314961 
vn 0.228346 0.976378 -0.015748 
vn 0.15748 0.976378 -0.165354 
vn -0.00787402 0.937008 0.354331 
vn 0.165354 0.96063 0.228346 
vn 0.165354 0.96063 0.228346 
vn 0.165354 0.96063 0.228346 
vn 0.165354 0.96063 0.228346 
vn 0.165354 0.96063 0.228346 
vn 0.165354 0.96063 0.228346 
vn 0.165354 0.96063 0.228346 
vn 0.165354 0.96063 0.228346 
vn 0.165354 0.96063 0.228346 
vn 0.338583 0.937008 0.102362 
vn 0.0866142 0.858268 0.511811 
vn 0.275591 0.88189 0.385827 
vn 0.275591 0.88189 0.385827 
vn 0.275591 0.88189 0.385827 
vn 0.275591 0.88189 0.385827 
vn 0.275591 0.88189 0.385827 
vn 0.275591 0.88189 0.385827 
vn 0.275591 0.88189 0.385827 
vn 0.275591 0.88189 0.385827 
vn 0.275591 0.88189 0.385827 
vn 0.456693 0.858268 0.23622 
vn 0.15748 0.771654 0.622047 
vn 0.362205 0.795276 0.496063 
vn 0.362205 0.795276 0.496063 
vn 0.362205 0.795276 0.496063 
vn 0.362205 0.795276 0.496063 
vn 0.362205 0.795276 0.496063 
vn 0.362205 0.795276 0.496063 
vn 0.362205 0.795276 0.496063 
vn 0.362205 0.795276 0.496063 
vn 0.362205 0.795276 0.496063 
vn 0.543307 0.771654 0.338583 
vn 0.181102 0.732283 0.653543 
vn 0.385827 0.755906 0.527559 
vn 0.385827 0.755906 0.527559 
vn 0.385827 0.755906 0.527559 
vn 0.385827 0.755906 0.527559 
vn 0.385827 0.755906 0.527559 
vn 0.385827 0.755906 0.527559 
vn 0.385827 0.755906 0.527559 
vn 0.385827 0.755906 0.527559 
vn 0.385827 0.755906 0.527559 
vn 0.566929 0.732283 0.370079 
vn 0.141732 0.76378 0.629921 
vn 0.362205 0.795276 0.496063 
vn 0.362205 0.795276 0.496063 
vn 0.362205 0.795276 0.496063 
vn 0.362205 0.795276 0.496063 
vn 0.362205 0.795276 0.496063 
vn 0.362205 0.795276 0.496063 
vn 0.362205 0.795276 0.496063 
vn 0.362205 0.795276 0.496063 
vn 0.362205 0.795276 0.496063 
vn 0.551181 0.76378 0.330709 
vn 0.0472441 0.84252 0.535433 
vn 0.275591 0.88189 0.385827 
vn 0.275591 0.88189 0.385827 
vn 0.275591 0.88189 0.385827 
vn 0.275591 0.88189 0.385827 
vn 0.275591 0.88189 0.385827 
vn 0.275591 0.88189 0.385827 
vn 0.275591 0.88189 0.385827 
vn 0.275591 0.88189 0.385827 
vn 0.275591 0.88189 0.385827 
vn 0.488189 0.84252 0.204724 
vn -0.0787402 0.913386 0.393701 
vn 0.165354 0.96063 0.228346 
vn 0.165354 0.96063 0.228346 
vn 0.165354 0.96063 0.228346 
vn 0.165354 0.96063 0.228346 
vn 0.165354 0.96063 0.228346 
vn 0.165354 0.96063 0.228346 
vn 0.165354 0.96063 0.228346 
vn 0.165354 0.96063 0.228346 
vn 0.165354 0.96063 0.228346 
vn 0.393701 0.913386 0.0472441 
vn -0.173228 0.944882 0.267717 
vn 0.0708661 0.992126 0.102362 
vn 0.0708661 0.992126 0.102362 
vn 0.0708661 0.992126 0.102362 
vn 0.0708661 0.992126 0.102362 
vn 0.0708661 0.992126 0.102362 
vn 0.0708661 0.992126 0.102362 
vn 0.0708661 0.992126 0.102362 
vn 0.0708661 0.992126 0.102362 
vn 0.0708661 0.992126 0.102362 
vn 0.307087 0.944882 -0.0787402 
vn -0.102362 0.92126 0.377953 
vn 0.149606 0.968504 0.204724 
vn 0.149606 0.968504 0.204724 
vn 0.149606 0.968504 0.204724 
vn 0.149606 0.968504 0.204724 
vn 0.149606 0.968504 0.204724 
vn 0.149606 0.968504 0.204724 
vn 0.149606 0.968504 0.204724 
vn 0.149606 0.968504 0.204724 
vn 0.149606 0.968504 0.204724 
vn 0.393701 0.92126 0.015748 
vn -0.212598 0.976378 0.102362 
vn -0.023622 1 -0.0314961 
vn -0.11811 -0.976378 -0.165354 
vn -0.188976 -0.976378 -0.0787402 
vn -0.212598 0.976378 0.102362 
vn -0.188976 -0.976378 -0.0787402 
vn -0.267717 -0.96063 0.0472441 
vn -0.0866142 0.976378 0.212598 
vn -0.023622 1 -0.0314961 
vn -0.023622 1 -0.0314961 
vn -0.11811 -0.976378 -0.165354 
vn -0.11811 -0.976378 -0.165354 
vn -0.023622 1 -0.0314961 
vn -0.023622 1 -0.0314961 
vn -0.11811 -0.976378 -0.165354 
vn -0.11811 -0.976378 -0.165354 
vn -0.023622 1 -0.0314961 
vn -0.023622 1 -0.0314961 
vn -0.11811 -0.976378 -0.165354 
vn -0.11811 -0.976378 -0.165354 
vn -0.023622 1 -0.0314961 
vn -0.023622 1 -0.0314961 
vn -0.11811 -0.976378 -0.165354 
vn -0.11811 -0.976378 -0.165354 
vn -0.023622 1 -0.0314961 
vn -0.11811 -0.976378 -0.165354 
vn -0.11811 -0.976378 -0.165354 
vn -0.023622 1 -0.0314961 
vn -0.023622 1 -0.0314961 
vn -0.11811 -0.976378 -0.165354 
vn -0.11811 -0.976378 -0.165354 
vn -0.023622 1 -0.0314961 
vn -0.023622 1 -0.0314961 
vn -0.11811 -0.976378 -0.165354 
vn -0.11811 -0.976378 -0.165354 
vn -0.023622 1 -0.0314961 
vn -0.023622 1 -0.0314961 
vn -0.11811 -0.976378 -0.165354 
vn -0.11811 -0.976378 -0.165354 
vn -0.023622 1 -0.0314961 
vn 0.15748 0.976378 -0.165354 
vn -0.015748 -0.976378 -0.204724 
vn -0.11811 -0.976378 -0.165354 
vn -0.023622 1 -0.0314961 
vn 0.15748 0.976378 -0.165354 
vn 0.228346 0.976378 -0.015748 
vn 0.125984 -0.96063 -0.244094 
vn -0.015748 -0.976378 -0.204724 
vn -0.0866142 0.976378 0.212598 
vn -0.267717 -0.96063 0.0472441 
vn -0.393701 -0.92126 -0.0551181 
vn -0.00787402 0.937008 0.354331 
vn 0.228346 0.976378 -0.015748 
vn 0.338583 0.937008 0.102362 
vn 0.0629921 -0.92126 -0.385827 
vn 0.125984 -0.96063 -0.244094 
vn -0.00787402 0.937008 0.354331 
vn -0.393701 -0.92126 -0.0551181 
vn -0.511811 -0.834646 -0.188976 
vn 0.0866142 0.858268 0.511811 
vn 0.338583 0.937008 0.102362 
vn 0.456693 0.858268 0.23622 
vn -0.015748 -0.834646 -0.543307 
vn 0.0629921 -0.92126 -0.385827 
vn 0.0866142 0.858268 0.511811 
vn -0.511811 -0.834646 -0.188976 
vn -0.590551 -0.755906 -0.291339 
vn 0.15748 0.771654 0.622047 
vn 0.543307 0.771654 0.338583 
vn -0.0944882 -0.755906 -0.645669 
vn -0.015748 -0.834646 -0.543307 
vn 0.456693 0.858268 0.23622 
vn 0.181102 0.732283 0.653543 
vn 0.15748 0.771654 0.622047 
vn -0.590551 -0.755906 -0.291339 
vn -0.606299 -0.724409 -0.338583 
vn 0.566929 0.732283 0.370079 
vn -0.133858 -0.724409 -0.677165 
vn -0.0944882 -0.755906 -0.645669 
vn 0.543307 0.771654 0.338583 
vn 0.141732 0.76378 0.629921 
vn 0.181102 0.732283 0.653543 
vn -0.606299 -0.724409 -0.338583 
vn -0.574803 -0.755906 -0.307087 
vn 0.551181 0.76378 0.330709 
vn -0.110236 -0.755906 -0.645669 
vn -0.133858 -0.724409 -0.677165 
vn 0.566929 0.732283 0.370079 
vn 0.0472441 0.84252 0.535433 
vn 0.141732 0.76378 0.629921 
vn -0.574803 -0.755906 -0.307087 
vn -0.511811 -0.84252 -0.188976 
vn 0.488189 0.84252 0.204724 
vn -0.023622 -0.84252 -0.543307 
vn -0.110236 -0.755906 -0.645669 
vn 0.551181 0.76378 0.330709 
vn -0.0787402 0.913386 0.393701 
vn 0.0472441 0.84252 0.535433 
vn -0.511811 -0.84252 -0.188976 
vn -0.417323 -0.905512 -0.0314961 
vn 0.393701 0.913386 0.0472441 
vn 0.0944882 -0.905512 -0.401575 
vn -0.023622 -0.84252 -0.543307 
vn 0.488189 0.84252 0.204724 
vn -0.173228 0.944882 0.267717 
vn -0.0787402 0.913386 0.393701 
vn -0.417323 -0.905512 -0.0314961 
vn -0.338583 -0.937008 0.102362 
vn 0.307087 0.944882 -0.0787402 
vn 0.204724 -0.937008 -0.291339 
vn 0.0944882 -0.905512 -0.401575 
vn 0.393701 0.913386 0.0472441 
vn -0.102362 0.92126 0.377953 
vn -0.181102 -0.944882 0.259843 
vn 0.0787402 -0.992126 0.110236 
vn 0.149606 0.968504 0.204724 
vn -0.102362 0.92126 0.377953 
vn -0.173228 0.944882 0.267717 
vn -0.338583 -0.937008 0.102362 
vn -0.181102 -0.944882 0.259843 
vn 0.149606 0.968504 0.204724 
vn 0.0787402 -0.992126 0.110236 
vn 0.0787402 -0.992126 0.110236 
vn 0.149606 0.968504 0.204724 
vn 0.149606 0.968504 0.204724 
vn 0.0787402 -0.992126 0.110236 
vn 0.0787402 -0.992126 0.110236 
vn 0.149606 0.968504 0.204724 
vn 0.149606 0.968504 0.204724 
vn 0.0787402 -0.992126 0.110236 
vn 0.0787402 -0.992126 0.110236 
vn 0.149606 0.968504 0.204724 
vn 0.149606 0.968504 0.204724 
vn 0.0787402 -0.992126 0.110236 
vn 0.0787402 -0.992126 0.110236 
vn 0.149606 0.968504 0.204724 
vn 0.149606 0.968504 0.204724 
vn 0.149606 0.968504 0.204724 
vn 0.0787402 -0.992126 0.110236 
vn 0.0787402 -0.992126 0.110236 
vn 0.149606 0.968504 0.204724 
vn 0.149606 0.968504 0.204724 
vn 0.0787402 -0.992126 0.110236 
vn 0.0787402 -0.992126 0.110236 
vn 0.149606 0.968504 0.204724 
vn 0.149606 0.968504 0.204724 
vn 0.0787402 -0.992126 0.110236 
vn 0.0787402 -0.992126 0.110236 
vn 0.149606 0.968504 0.204724 
vn 0.149606 0.968504 0.204724 
vn 0.0787402 -0.992126 0.110236 
vn 0.0787402 -0.992126 0.110236 
vn 0.393701 0.92126 0.015748 
vn 0.299213 -0.944882 -0.0944882 
vn 0.204724 -0.937008 -0.291339 
vn 0.307087 0.944882 -0.0787402 
vn 0.393701 0.92126 0.015748 
vn 0.149606 0.968504 0.204724 
vn 0.0787402 -0.992126 0.110236 
vn 0.299213 -0.944882 -0.0944882 
vn -0.84252 -0.228346 -0.488189 
vn -0.661417 -0.590551 -0.464567 
vn -0.874016 -0.456693 0.165354 
vn -0.984252 -0.149606 -0.0708661 
vn -0.858268 0 0.511811 
vn -0.976378 0.133858 0.149606 
vn -0.692913 0.551181 0.472441 
vn -0.866142 0.480315 0.11811 
vn -0.385827 0.92126 -0.00787402 
vn -0.669291 0.716535 -0.204724 
vn -0.503937 -0.755906 -0.417323 
vn -0.748031 -0.590551 0.307087 
vn -0.724409 -0.0708661 0.685039 
vn -0.543307 0.535433 0.645669 
vn -0.188976 0.976378 0.102362 
vn -0.354331 -0.858268 -0.362205 
vn -0.606299 -0.685039 0.409449 
vn -0.543307 -0.125984 0.826772 
vn -0.275591 0.511811 0.811024 
vn 0.141732 0.952756 0.267717 
vn 0.102362 -0.984252 -0.149606 
vn -0.173228 -0.818898 0.551181 
vn -0.188976 -0.283465 0.937008 
vn 0.0472441 0.338583 0.937008 
vn 0.480315 0.779528 0.409449 
vn 0.346457 -0.937008 -0.015748 
vn 0.0393701 -0.779528 0.622047 
vn -0.0629921 -0.275591 0.96063 
vn 0.0787402 0.338583 0.937008 
vn 0.456693 0.795276 0.401575 
vn 0.23622 -0.968504 -0.0787402 
vn -0.393701 -0.834646 -0.377953 
vn -0.527559 -0.724409 0.440945 
vn -0.0708661 -0.76378 0.637795 
vn -0.228346 -0.259843 0.937008 
vn -0.0787402 -0.220472 0.968504 
vn 0.23622 0.251969 0.937008 
vn 0.141732 0.354331 0.92126 
vn 0.677165 0.566929 0.472441 
vn 0.511811 0.748031 0.425197 
vn -0.874016 0.283465 -0.401575 
vn -0.874016 0.283465 -0.401575 
vn -0.874016 0.283465 -0.401575 
vn -0.874016 0.283465 -0.401575 
vn -0.543307 -0.724409 -0.433071 
vn 0.874016 -0.283465 0.401575 
vn -0.661417 -0.708661 0.23622 
vn 0.874016 -0.283465 0.401575 
vn -0.291339 -0.362205 0.88189 
vn 0.874016 -0.283465 0.401575 
vn 0.354331 0.110236 0.929134 
vn 0.874016 -0.283465 0.401575 
vn 0.795276 0.362205 0.488189 
vn -0.606299 -0.00787402 -0.795276 
vn -0.307087 -0.228346 -0.92126 
vn -0.472441 0.330709 -0.818898 
vn -0.0944882 0.307087 -0.944882 
vn -0.496063 0.629921 -0.598425 
vn -0.11811 0.771654 -0.622047 
vn -0.102362 -0.330709 -0.937008 
vn 0.125984 0.267717 -0.952756 
vn 0.110236 0.795276 -0.598425 
vn 0.0866142 -0.409449 -0.905512 
vn 0.362205 0.228346 -0.905512 
vn 0.401575 0.779528 -0.480315 
vn 0.472441 -0.559055 -0.677165 
vn 0.685039 0.0629921 -0.724409 
vn 0.724409 0.606299 -0.338583 
vn 0.645669 -0.543307 -0.535433 
vn 0.771654 0.0551181 -0.637795 
vn 0.732283 0.598425 -0.314961 
vn 0.590551 -0.503937 -0.622047 
vn 0.15748 -0.456693 -0.874016 
vn 0.76378 0.110236 -0.637795 
vn 0.653543 0.0866142 -0.755906 
vn 0.76378 0.598425 -0.251969 
vn 0.84252 0.488189 -0.228346 
vn -0.0866142 -0.480315 -0.874016 
vn 0.590551 -0.00787402 -0.80315 
vn 0.929134 0.338583 -0.165354 
vn 0.905512 -0.393701 0.165354 
vn 0.858268 -0.330709 0.377953 
vn 0.850394 -0.488189 0.212598 
vn 0.787402 -0.535433 0.299213 
vn 0.740157 -0.527559 0.409449 
vn 0.724409 -0.464567 0.503937 
vn 0.732283 -0.370079 0.566929 
vn 0.771654 -0.259843 0.574803 
vn 0.834646 -0.165354 0.527559 
vn 0.889764 -0.11811 0.440945 
vn 0.937008 -0.125984 0.330709 
vn 0.952756 -0.188976 0.23622 
vn 0.944882 -0.283465 0.173228 
vn 0.944882 -0.283465 0.173228 
vn 0.905512 -0.393701 0.165354 
vn 0.480315 -0.377953 -0.787402 
vn 0.653543 0.0944882 -0.755906 
vn 0.952756 -0.188976 0.23622 
vn 0.700787 0.519685 -0.488189 
vn 0.937008 -0.125984 0.330709 
vn 0.622047 0.779528 -0.0708661 
vn 0.889764 -0.11811 0.440945 
vn 0.425197 0.818898 0.393701 
vn 0.834646 -0.165354 0.527559 
vn 0.173228 0.606299 0.771654 
vn 0.771654 -0.259843 0.574803 
vn -0.0629921 0.212598 0.976378 
vn 0.732283 -0.370079 0.566929 
vn -0.23622 -0.251969 0.937008 
vn 0.724409 -0.464567 0.503937 
vn -0.283465 -0.677165 0.677165 
vn 0.740157 -0.527559 0.409449 
vn -0.19685 -0.944882 0.259843 
vn 0.787402 -0.535433 0.299213 
vn -0.00787402 -0.976378 -0.204724 
vn 0.850394 -0.488189 0.212598 
vn 0.244094 -0.771654 -0.590551 
vn 0.905512 -0.393701 0.165354 
vn 0.480315 -0.377953 -0.787402 
vn 0.283465 -0.307087 -0.905512 
vn 0.456693 0.181102 -0.874016 
vn 0.503937 0.614173 -0.598425 
vn 0.425197 0.889764 -0.165354 
vn 0.220472 0.92126 0.307087 
vn -0.0314961 0.708661 0.700787 
vn -0.283465 0.307087 0.905512 
vn -0.456693 -0.181102 0.874016 
vn -0.503937 -0.614173 0.598425 
vn -0.425197 -0.889764 0.173228 
vn -0.220472 -0.92126 -0.307087 
vn 0.0314961 -0.708661 -0.700787 
vn 0.283465 -0.307087 -0.905512 
vn -0.771654 0.259843 -0.574803 
vn -0.834646 0.165354 -0.527559 
vn -0.858268 0.338583 -0.377953 
vn -0.889764 0.11811 -0.440945 
vn -0.937008 0.125984 -0.330709 
vn -0.952756 0.188976 -0.23622 
vn -0.944882 0.283465 -0.173228 
vn -0.905512 0.393701 -0.165354 
vn -0.850394 0.488189 -0.212598 
vn -0.787402 0.535433 -0.299213 
vn -0.740157 0.527559 -0.409449 
vn -0.724409 0.464567 -0.503937 
vn -0.732283 0.370079 -0.566929 
vn 0.0629921 -0.212598 -0.976378 
vn -0.771654 0.259843 -0.574803 
vn -0.732283 0.370079 -0.566929 
vn 0.23622 0.259843 -0.937008 
vn -0.724409 0.464567 -0.503937 
vn 0.283465 0.677165 -0.677165 
vn -0.740157 0.527559 -0.409449 
vn 0.19685 0.944882 -0.259843 
vn -0.787402 0.535433 -0.299213 
vn 0.00787402 0.976378 0.204724 
vn -0.850394 0.488189 -0.212598 
vn -0.244094 0.771654 0.590551 
vn -0.905512 0.393701 -0.165354 
vn -0.480315 0.377953 0.787402 
vn -0.944882 0.283465 -0.173228 
vn -0.653543 -0.0944882 0.755906 
vn -0.952756 0.188976 -0.23622 
vn -0.700787 -0.519685 0.488189 
vn -0.937008 0.125984 -0.330709 
vn -0.622047 -0.779528 0.0708661 
vn -0.889764 0.11811 -0.440945 
vn -0.425197 -0.818898 -0.393701 
vn -0.834646 0.165354 -0.527559 
vn -0.173228 -0.606299 -0.771654 
vn -0.771654 0.259843 -0.574803 
vn 0.0629921 -0.212598 -0.976378 
vn -0.204724 -0.228346 -0.952756 
vn 0.23622 -0.149606 -0.96063 
vn 0.425197 -0.456693 -0.779528 
vn -0.244094 -0.590551 -0.771654 
vn 0.448819 0.133858 -0.88189 
vn 0.755906 0 -0.661417 
vn 0.377953 0.480315 -0.795276 
vn 0.661417 0.551181 -0.511811 
vn 0.015748 0.716535 -0.700787 
vn 0.110236 0.92126 -0.370079 
vn 0.519685 -0.590551 -0.622047 
vn -0.244094 -0.755906 -0.606299 
vn 0.874016 -0.0708661 -0.480315 
vn 0.779528 0.535433 -0.314961 
vn 0.15748 0.976378 -0.149606 
vn 0.574803 -0.685039 -0.448819 
vn -0.23622 -0.858268 -0.448819 
vn 0.96063 -0.125984 -0.259843 
vn 0.858268 0.511811 -0.00787402 
vn 0.212598 0.952756 0.212598 
vn 0.574803 -0.818898 0.00787402 
vn -0.173228 -0.984252 0.0551181 
vn 0.952756 -0.283465 0.110236 
vn 0.88189 0.338583 0.338583 
vn 0.244094 0.779528 0.582677 
vn 0.574803 -0.779528 0.228346 
vn -0.11811 -0.937008 0.322835 
vn 0.929134 -0.275591 0.23622 
vn 0.866142 0.338583 0.370079 
vn 0.244094 0.795276 0.559055 
vn -0.141732 -0.968504 0.204724 
vn 0.629921 -0.76378 0.133858 
vn 0.574803 -0.724409 -0.370079 
vn -0.23622 -0.834646 -0.488189 
vn 0.944882 -0.220472 0.220472 
vn 0.96063 -0.259843 0.0708661 
vn 0.834646 0.354331 0.425197 
vn 0.818898 0.251969 0.511811 
vn 0.244094 0.748031 0.622047 
vn 0.23622 0.566929 0.787402 
vn -0.110236 0.283465 -0.952756 
vn -0.110236 0.283465 -0.952756 
vn -0.110236 0.283465 -0.952756 
vn -0.110236 0.283465 -0.952756 
vn -0.244094 -0.724409 -0.645669 
vn 0.425197 -0.708661 -0.559055 
vn 0.110236 -0.283465 0.952756 
vn 0.929134 -0.362205 -0.00787402 
vn 0.110236 -0.283465 0.952756 
vn 0.771654 0.110236 0.622047 
vn 0.110236 -0.283465 0.952756 
vn 0.220472 0.362205 0.905512 
vn 0.110236 -0.283465 0.952756 
vn -0.787402 -0.228346 -0.574803 
vn -0.566929 -0.00787402 -0.826772 
vn -0.874016 0.307087 -0.385827 
vn -0.629921 0.330709 -0.700787 
vn -0.551181 0.771654 -0.307087 
vn -0.417323 0.629921 -0.653543 
vn -0.858268 -0.330709 -0.385827 
vn -0.944882 0.267717 -0.173228 
vn -0.598425 0.795276 -0.0787402 
vn -0.889764 -0.409449 -0.19685 
vn -0.968504 0.228346 0.0708661 
vn -0.582677 0.779528 0.23622 
vn -0.795276 -0.559055 0.23622 
vn -0.905512 0.0629921 0.425197 
vn -0.551181 0.606299 0.582677 
vn -0.708661 -0.543307 0.448819 
vn -0.84252 0.0551181 0.535433 
vn -0.527559 0.598425 0.606299 
vn -0.88189 -0.456693 -0.11811 
vn -0.779528 -0.503937 0.370079 
vn -0.913386 0.0866142 0.385827 
vn -0.84252 0.110236 0.527559 
vn -0.472441 0.488189 0.732283 
vn -0.480315 0.598425 0.645669 
vn -0.80315 -0.480315 -0.346457 
vn -0.952756 -0.00787402 0.314961 
vn -0.440945 0.338583 0.826772 
vn -0.11811 -0.393701 0.913386 
vn -0.0629921 -0.488189 0.874016 
vn 0.0944882 -0.330709 0.937008 
vn 0.0472441 -0.535433 0.84252 
vn 0.15748 -0.527559 0.834646 
vn 0.259843 -0.464567 0.84252 
vn 0.314961 -0.370079 0.874016 
vn 0.307087 -0.259843 0.913386 
vn 0.251969 -0.165354 0.952756 
vn 0.141732 -0.11811 0.984252 
vn 0.0314961 -0.125984 0.992126 
vn -0.0708661 -0.188976 0.976378 
vn -0.125984 -0.283465 0.952756 
vn -0.897638 -0.377953 0.220472 
vn -0.11811 -0.393701 0.913386 
vn -0.125984 -0.283465 0.952756 
vn -0.913386 0.0944882 0.385827 
vn -0.0708661 -0.188976 0.976378 
vn -0.685039 0.519685 0.511811 
vn 0.0314961 -0.125984 0.992126 
vn -0.259843 0.779528 0.566929 
vn 0.141732 -0.11811 0.984252 
vn 0.244094 0.818898 0.527559 
vn 0.251969 -0.165354 0.952756 
vn 0.685039 0.606299 0.409449 
vn 0.307087 -0.259843 0.913386 
vn 0.944882 0.212598 0.23622 
vn 0.314961 -0.370079 0.874016 
vn 0.96063 -0.251969 0.0708661 
vn 0.259843 -0.464567 0.84252 
vn 0.732283 -0.677165 -0.0629921 
vn 0.15748 -0.527559 0.834646 
vn 0.307087 -0.944882 -0.110236 
vn 0.0472441 -0.535433 0.84252 
vn -0.19685 -0.976378 -0.0708661 
vn -0.0629921 -0.488189 0.874016 
vn -0.637795 -0.771654 0.0472441 
vn -0.11811 -0.393701 0.913386 
vn -0.897638 -0.377953 0.220472 
vn -0.952756 -0.307087 -0.00787402 
vn -0.968504 0.181102 0.165354 
vn -0.724409 0.614173 0.299213 
vn -0.291339 0.889764 0.346457 
vn 0.220472 0.92126 0.307087 
vn 0.677165 0.708661 0.181102 
vn 0.952756 0.307087 0.00787402 
vn 0.968504 -0.181102 -0.165354 
vn 0.724409 -0.614173 -0.299213 
vn 0.291339 -0.889764 -0.346457 
vn -0.220472 -0.92126 -0.307087 
vn -0.677165 -0.708661 -0.181102 
vn -0.952756 -0.307087 -0.00787402 
vn -0.307087 0.259843 -0.913386 
vn -0.0944882 0.338583 -0.937008 
vn -0.251969 0.165354 -0.952756 
vn -0.141732 0.11811 -0.984252 
vn -0.0314961 0.125984 -0.992126 
vn 0.0708661 0.188976 -0.976378 
vn 0.125984 0.283465 -0.952756 
vn 0.11811 0.393701 -0.913386 
vn 0.0629921 0.488189 -0.874016 
vn -0.0472441 0.535433 -0.84252 
vn -0.15748 0.527559 -0.834646 
vn -0.259843 0.464567 -0.84252 
vn -0.314961 0.370079 -0.874016 
vn -0.314961 0.370079 -0.874016 
vn -0.307087 0.259843 -0.913386 
vn -0.944882 -0.212598 -0.23622 
vn -0.96063 0.259843 -0.0708661 
vn -0.259843 0.464567 -0.84252 
vn -0.732283 0.677165 0.0629921 
vn -0.15748 0.527559 -0.834646 
vn -0.307087 0.944882 0.110236 
vn -0.0472441 0.535433 -0.84252 
vn 0.19685 0.976378 0.0708661 
vn 0.0629921 0.488189 -0.874016 
vn 0.637795 0.771654 -0.0472441 
vn 0.11811 0.393701 -0.913386 
vn 0.897638 0.377953 -0.212598 
vn 0.125984 0.283465 -0.952756 
vn 0.92126 -0.0944882 -0.385827 
vn 0.0708661 0.188976 -0.976378 
vn 0.685039 -0.519685 -0.511811 
vn -0.0314961 0.125984 -0.992126 
vn 0.259843 -0.779528 -0.566929 
vn -0.141732 0.11811 -0.984252 
vn -0.23622 -0.818898 -0.527559 
vn -0.251969 0.165354 -0.952756 
vn -0.685039 -0.606299 -0.409449 
vn -0.307087 0.259843 -0.913386 
vn -0.944882 -0.212598 -0.23622 
vn -0.0393701 -0.787402 0.614173 
vn -0.401575 -0.559055 0.724409 
vn -0.685039 -0.590551 0.433071 
vn -0.133858 -0.96063 0.259843 
vn -0.472441 -0.220472 0.858268 
vn -0.76378 -0.0629921 0.637795 
vn -0.251969 0.0472441 0.968504 
vn -0.440945 0.370079 0.818898 
vn 0.188976 0.11811 0.976378 
vn 0.23622 0.496063 0.834646 
vn -0.795276 -0.559055 0.23622 
vn -0.173228 -0.984252 0.0314961 
vn -0.88189 0.0314961 0.472441 
vn -0.519685 0.527559 0.669291 
vn 0.244094 0.677165 0.692913 
vn -0.866142 -0.503937 0.0551181 
vn -0.204724 -0.968504 -0.15748 
vn -0.952756 0.15748 0.267717 
vn -0.566929 0.716535 0.417323 
vn 0.228346 0.889764 0.401575 
vn -0.858268 -0.338583 -0.385827 
vn -0.244094 -0.740157 -0.629921 
vn -0.96063 0.251969 -0.11811 
vn -0.606299 0.795276 0.0393701 
vn 0.181102 0.984252 0.00787402 
vn -0.811024 -0.188976 -0.551181 
vn -0.23622 -0.527559 -0.811024 
vn -0.92126 0.322835 -0.220472 
vn -0.582677 0.811024 0.015748 
vn 0.188976 0.984252 0.0314961 
vn -0.244094 -0.629921 -0.732283 
vn -0.866142 -0.212598 -0.456693 
vn -0.874016 -0.488189 -0.0393701 
vn -0.19685 -0.976378 -0.110236 
vn -0.913386 0.362205 -0.181102 
vn -0.968504 0.251969 -0.0708661 
vn -0.543307 0.834646 -0.023622 
vn -0.566929 0.811024 -0.15748 
vn 0.173228 0.984252 -0.0472441 
vn 0.125984 0.952756 -0.283465 
vn 0.0866142 -0.385827 0.92126 
vn 0.0866142 -0.385827 0.92126 
vn 0.0866142 -0.385827 0.92126 
vn 0.0866142 -0.385827 0.92126 
vn -0.165354 -0.984252 0.0787402 
vn -0.755906 -0.645669 0.110236 
vn -0.0866142 0.385827 -0.92126 
vn -0.992126 0.125984 -0.0708661 
vn -0.0866142 0.385827 -0.92126 
vn -0.566929 0.755906 -0.338583 
vn -0.0866142 0.385827 -0.92126 
vn 0.0708661 0.866142 -0.503937 
vn -0.0866142 0.385827 -0.92126 
vn 0.535433 -0.818898 0.228346 
vn 0.393701 -0.708661 0.590551 
vn 0.858268 -0.362205 0.362205 
vn 0.606299 -0.425197 0.669291 
vn 0.779528 0.149606 0.614173 
vn 0.543307 -0.102362 0.834646 
vn 0.582677 -0.811024 0 
vn 0.937008 -0.299213 0.15748 
vn 0.858268 0.267717 0.433071 
vn 0.606299 -0.771654 -0.19685 
vn 0.976378 -0.204724 -0.0629921 
vn 0.88189 0.448819 0.173228 
vn 0.511811 -0.590551 -0.622047 
vn 0.897638 -0.0866142 -0.433071 
vn 0.818898 0.535433 -0.204724 
vn 0.472441 -0.425197 -0.771654 
vn 0.850394 -0.00787402 -0.519685 
vn 0.80315 0.551181 -0.220472 
vn 0.590551 -0.755906 -0.283465 
vn 0.543307 -0.472441 -0.692913 
vn 0.913386 -0.0944882 -0.393701 
vn 0.874016 0.0314961 -0.480315 
vn 0.732283 0.566929 -0.377953 
vn 0.76378 0.598425 -0.251969 
vn 0.472441 -0.874016 -0.102362 
vn 0.889764 -0.220472 -0.393701 
vn 0.653543 0.527559 -0.543307 
vn 0.0708661 0.188976 -0.976378 
vn -0.0314961 0.125984 -0.992126 
vn -0.0944882 0.338583 -0.937008 
vn -0.141732 0.11811 -0.984252 
vn -0.251969 0.165354 -0.952756 
vn -0.307087 0.259843 -0.913386 
vn -0.314961 0.370079 -0.874016 
vn -0.259843 0.464567 -0.84252 
vn -0.15748 0.527559 -0.834646 
vn -0.0472441 0.535433 -0.84252 
vn 0.0629921 0.488189 -0.874016 
vn 0.11811 0.393701 -0.913386 
vn 0.125984 0.283465 -0.952756 
vn 0.685039 -0.519685 -0.511811 
vn 0.0708661 0.188976 -0.976378 
vn 0.125984 0.283465 -0.952756 
vn 0.92126 -0.0944882 -0.385827 
vn 0.11811 0.393701 -0.913386 
vn 0.897638 0.377953 -0.212598 
vn 0.0629921 0.488189 -0.874016 
vn 0.637795 0.771654 -0.0472441 
vn -0.0472441 0.535433 -0.84252 
vn 0.19685 0.976378 0.0708661 
vn -0.15748 0.527559 -0.834646 
vn -0.307087 0.944882 0.110236 
vn -0.259843 0.464567 -0.84252 
vn -0.732283 0.677165 0.0629921 
vn -0.314961 0.370079 -0.874016 
vn -0.96063 0.259843 -0.0708661 
vn -0.307087 0.259843 -0.913386 
vn -0.944882 -0.212598 -0.23622 
vn -0.251969 0.165354 -0.952756 
vn -0.685039 -0.606299 -0.409449 
vn -0.141732 0.11811 -0.984252 
vn -0.23622 -0.818898 -0.527559 
vn -0.0314961 0.125984 -0.992126 
vn 0.259843 -0.779528 -0.566929 
vn 0.0708661 0.188976 -0.976378 
vn 0.685039 -0.519685 -0.511811 
vn 0.724409 -0.614173 -0.299213 
vn 0.968504 -0.181102 -0.165354 
vn 0.952756 0.307087 0.00787402 
vn 0.677165 0.708661 0.181102 
vn 0.220472 0.92126 0.307087 
vn -0.291339 0.889764 0.346457 
vn -0.724409 0.614173 0.299213 
vn -0.968504 0.181102 0.165354 
vn -0.952756 -0.307087 -0.00787402 
vn -0.677165 -0.708661 -0.181102 
vn -0.220472 -0.92126 -0.307087 
vn 0.291339 -0.889764 -0.346457 
vn 0.724409 -0.614173 -0.299213 
vn 0.259843 -0.464567 0.84252 
vn 0.0944882 -0.330709 0.937008 
vn 0.15748 -0.527559 0.834646 
vn 0.0472441 -0.535433 0.84252 
vn -0.0629921 -0.488189 0.874016 
vn -0.11811 -0.393701 0.913386 
vn -0.125984 -0.283465 0.952756 
vn -0.0708661 -0.188976 0.976378 
vn 0.0314961 -0.125984 0.992126 
vn 0.141732 -0.11811 0.984252 
vn 0.251969 -0.165354 0.952756 
vn 0.307087 -0.259843 0.913386 
vn 0.314961 -0.370079 0.874016 
vn 0.314961 -0.370079 0.874016 
vn 0.259843 -0.464567 0.84252 
vn 0.732283 -0.677165 -0.0629921 
vn 0.96063 -0.251969 0.0708661 
vn 0.307087 -0.259843 0.913386 
vn 0.944882 0.212598 0.23622 
vn 0.251969 -0.165354 0.952756 
vn 0.685039 0.606299 0.409449 
vn 0.141732 -0.11811 0.984252 
vn 0.244094 0.818898 0.527559 
vn 0.0314961 -0.125984 0.992126 
vn -0.259843 0.779528 0.566929 
vn -0.0708661 -0.188976 0.976378 
vn -0.685039 0.519685 0.511811 
vn -0.125984 -0.283465 0.952756 
vn -0.913386 0.0944882 0.385827 
vn -0.11811 -0.393701 0.913386 
vn -0.897638 -0.377953 0.220472 
vn -0.0629921 -0.488189 0.874016 
vn -0.637795 -0.771654 0.0472441 
vn 0.0472441 -0.535433 0.84252 
vn -0.19685 -0.976378 -0.0708661 
vn 0.15748 -0.527559 0.834646 
vn 0.307087 -0.944882 -0.110236 
vn 0.259843 -0.464567 0.84252 
vn 0.732283 -0.677165 -0.0629921 
vn 0.598425 -0.787402 0.149606 
vn 0.283465 -0.96063 -0.0472441 
vn 0.622047 -0.590551 -0.511811 
vn 0.811024 -0.559055 -0.165354 
vn 0.84252 -0.0629921 -0.535433 
vn 0.96063 -0.220472 -0.181102 
vn 0.913386 0.370079 -0.165354 
vn 1 0.0472441 0.0551181 
vn 0.724409 0.496063 0.480315 
vn 0.874016 0.11811 0.480315 
vn 0.0866142 -0.984252 -0.15748 
vn 0.472441 -0.559055 -0.685039 
vn 0.716535 0.0314961 -0.692913 
vn 0.795276 0.527559 -0.291339 
vn 0.590551 0.677165 0.448819 
vn -0.0866142 -0.968504 -0.244094 
vn 0.314961 -0.503937 -0.80315 
vn 0.551181 0.15748 -0.818898 
vn 0.566929 0.716535 -0.409449 
vn 0.307087 0.889764 0.346457 
vn -0.519685 -0.740157 -0.425197 
vn -0.102362 -0.338583 -0.937008 
vn 0.181102 0.251969 -0.952756 
vn 0.220472 0.795276 -0.559055 
vn -0.0472441 0.984252 0.173228 
vn -0.700787 -0.527559 -0.472441 
vn -0.275591 -0.188976 -0.944882 
vn 0.0787402 0.322835 -0.944882 
vn 0.19685 0.811024 -0.551181 
vn -0.0314961 0.984252 0.188976 
vn -0.622047 -0.629921 -0.456693 
vn -0.0393701 -0.976378 -0.220472 
vn 0.23622 -0.488189 -0.84252 
vn -0.165354 -0.212598 -0.96063 
vn 0.228346 0.251969 -0.937008 
vn 0.110236 0.362205 -0.929134 
vn 0.023622 0.811024 -0.590551 
vn 0.141732 0.834646 -0.527559 
vn -0.307087 0.952756 0.0393701 
vn -0.0944882 0.984252 0.149606 
vn 0.850394 -0.385827 0.362205 
vn 0.850394 -0.385827 0.362205 
vn 0.850394 -0.385827 0.362205 
vn 0.850394 -0.385827 0.362205 
vn 0.125984 -0.984252 -0.133858 
vn -0.850394 0.385827 -0.362205 
vn 0.338583 -0.645669 -0.685039 
vn -0.850394 0.385827 -0.362205 
vn 0.23622 0.125984 -0.96063 
vn -0.850394 0.385827 -0.362205 
vn -0.141732 0.755906 -0.637795 
vn -0.850394 0.385827 -0.362205 
vn -0.496063 0.866142 -0.0866142 
vn 0.440945 -0.708661 0.559055 
vn 0.0472441 -0.818898 0.574803 
vn 0.448819 -0.425197 0.787402 
vn 0.0787402 -0.362205 0.929134 
vn 0.622047 -0.102362 0.779528 
vn 0.346457 0.149606 0.929134 
vn -0.181102 -0.811024 0.559055 
vn -0.133858 -0.299213 0.944882 
vn 0.149606 0.267717 0.952756 
vn -0.370079 -0.771654 0.511811 
vn -0.362205 -0.204724 0.913386 
vn -0.110236 0.448819 0.889764 
vn -0.748031 -0.590551 0.299213 
vn -0.692913 -0.0866142 0.716535 
vn -0.448819 0.527559 0.716535 
vn -0.88189 -0.425197 0.212598 
vn -0.755906 -0.00787402 0.653543 
vn -0.456693 0.551181 0.700787 
vn -0.826772 -0.472441 0.299213 
vn -0.448819 -0.755906 0.472441 
vn -0.732283 0.0314961 0.685039 
vn -0.653543 -0.0944882 0.748031 
vn -0.472441 0.590551 0.653543 
vn -0.582677 0.566929 0.574803 
vn -0.244094 -0.874016 0.417323 
vn -0.645669 -0.220472 0.732283 
vn -0.716535 0.527559 0.456693 
vn -0.952756 0.188976 -0.23622 
vn -0.858268 0.338583 -0.377953 
vn -0.937008 0.125984 -0.330709 
vn -0.889764 0.11811 -0.440945 
vn -0.834646 0.165354 -0.527559 
vn -0.771654 0.259843 -0.574803 
vn -0.732283 0.370079 -0.566929 
vn -0.724409 0.464567 -0.503937 
vn -0.740157 0.527559 -0.409449 
vn -0.787402 0.535433 -0.299213 
vn -0.850394 0.488189 -0.212598 
vn -0.905512 0.393701 -0.165354 
vn -0.944882 0.283465 -0.173228 
vn -0.944882 0.283465 -0.173228 
vn -0.952756 0.188976 -0.23622 
vn -0.700787 -0.519685 0.488189 
vn -0.653543 -0.0944882 0.755906 
vn -0.905512 0.393701 -0.165354 
vn -0.480315 0.377953 0.787402 
vn -0.850394 0.488189 -0.212598 
vn -0.244094 0.771654 0.590551 
vn -0.787402 0.535433 -0.299213 
vn 0.00787402 0.976378 0.204724 
vn -0.740157 0.527559 -0.409449 
vn 0.19685 0.944882 -0.259843 
vn -0.724409 0.464567 -0.503937 
vn 0.283465 0.677165 -0.677165 
vn -0.732283 0.370079 -0.566929 
vn 0.23622 0.259843 -0.937008 
vn -0.771654 0.259843 -0.574803 
vn 0.0629921 -0.212598 -0.976378 
vn -0.834646 0.165354 -0.527559 
vn -0.173228 -0.606299 -0.771654 
vn -0.889764 0.11811 -0.440945 
vn -0.425197 -0.818898 -0.393701 
vn -0.937008 0.125984 -0.330709 
vn -0.622047 -0.779528 0.0708661 
vn -0.952756 0.188976 -0.23622 
vn -0.700787 -0.519685 0.488189 
vn -0.503937 -0.614173 0.598425 
vn -0.456693 -0.181102 0.874016 
vn -0.283465 0.307087 0.905512 
vn -0.0314961 0.708661 0.700787 
vn 0.220472 0.92126 0.307087 
vn 0.425197 0.889764 -0.165354 
vn 0.503937 0.614173 -0.598425 
vn 0.456693 0.181102 -0.874016 
vn 0.283465 -0.307087 -0.905512 
vn 0.0314961 -0.708661 -0.700787 
vn -0.220472 -0.92126 -0.307087 
vn -0.425197 -0.889764 0.173228 
vn -0.503937 -0.614173 0.598425 
vn 0.724409 -0.464567 0.503937 
vn 0.740157 -0.527559 0.409449 
vn 0.858268 -0.330709 0.377953 
vn 0.787402 -0.535433 0.299213 
vn 0.850394 -0.488189 0.212598 
vn 0.905512 -0.393701 0.165354 
vn 0.944882 -0.283465 0.173228 
vn 0.952756 -0.188976 0.23622 
vn 0.937008 -0.125984 0.330709 
vn 0.889764 -0.11811 0.440945 
vn 0.834646 -0.165354 0.527559 
vn 0.771654 -0.259843 0.574803 
vn 0.732283 -0.370079 0.566929 
vn -0.283465 -0.677165 0.677165 
vn 0.724409 -0.464567 0.503937 
vn 0.732283 -0.370079 0.566929 
vn -0.23622 -0.259843 0.937008 
vn 0.771654 -0.259843 0.574803 
vn -0.0629921 0.212598 0.976378 
vn 0.834646 -0.165354 0.527559 
vn 0.173228 0.606299 0.771654 
vn 0.889764 -0.11811 0.440945 
vn 0.425197 0.818898 0.393701 
vn 0.937008 -0.125984 0.330709 
vn 0.622047 0.779528 -0.0708661 
vn 0.952756 -0.188976 0.23622 
vn 0.700787 0.519685 -0.488189 
vn 0.944882 -0.283465 0.173228 
vn 0.653543 0.0944882 -0.755906 
vn 0.905512 -0.393701 0.165354 
vn 0.480315 -0.377953 -0.787402 
vn 0.850394 -0.488189 0.212598 
vn 0.244094 -0.771654 -0.590551 
vn 0.787402 -0.535433 0.299213 
vn -0.00787402 -0.976378 -0.204724 
vn 0.740157 -0.527559 0.409449 
vn -0.19685 -0.944882 0.259843 
vn 0.724409 -0.464567 0.503937 
vn -0.283465 -0.677165 0.677165 

vt 0.101719 0.042669 
vt 0.101719 0.134685 
vt 0.034476 0.134685 
vt 0.034476 0.042669 
vt 0.168962 0.042669 
vt 0.168962 0.134685 
vt 0.236206 0.042669 
vt 0.236206 0.134685 
vt 0.303449 0.042669 
vt 0.303449 0.134685 
vt 0.370692 0.042669 
vt 0.370692 0.134685 
vt 0.437936 0.042669 
vt 0.437936 0.134685 
vt 0.505179 0.042669 
vt 0.505179 0.134685 
vt 0.572423 0.042669 
vt 0.572423 0.134685 
vt 0.639666 0.042669 
vt 0.639666 0.134685 
vt 0.706909 0.042669 
vt 0.706909 0.134685 
vt 0.101719 0.2267 
vt 0.034476 0.2267 
vt 0.168962 0.2267 
vt 0.236206 0.2267 
vt 0.303449 0.2267 
vt 0.370692 0.2267 
vt 0.437936 0.2267 
vt 0.505179 0.2267 
vt 0.572423 0.2267 
vt 0.639666 0.2267 
vt 0.706909 0.2267 
vt 0.101719 0.318716 
vt 0.034476 0.318716 
vt 0.168962 0.318716 
vt 0.236206 0.318716 
vt 0.303449 0.318716 
vt 0.370692 0.318716 
vt 0.437936 0.318716 
vt 0.505179 0.318716 
vt 0.572423 0.318716 
vt 0.639666 0.318716 
vt 0.706909 0.318716 
vt 0.101719 0.410731 
vt 0.034476 0.410731 
vt 0.168962 0.410731 
vt 0.236206 0.410731 
vt 0.303449 0.410731 
vt 0.370692 0.410731 
vt 0.437936 0.410731 
vt 0.505179 0.410731 
vt 0.572423 0.410731 
vt 0.639666 0.410731 
vt 0.706909 0.410731 
vt 0.101719 0.502746 
vt 0.034476 0.502746 
vt 0.168962 0.502746 
vt 0.236206 0.502746 
vt 0.303449 0.502746 
vt 0.370692 0.502746 
vt 0.437936 0.502746 
vt 0.505179 0.502746 
vt 0.572423 0.502746 
vt 0.639666 0.502746 
vt 0.706909 0.502746 
vt 0.101719 0.594762 
vt 0.034476 0.594762 
vt 0.168962 0.594762 
vt 0.236206 0.594762 
vt 0.303449 0.594762 
vt 0.370692 0.594762 
vt 0.437936 0.594762 
vt 0.505179 0.594762 
vt 0.572423 0.594762 
vt 0.639666 0.594762 
vt 0.706909 0.594762 
vt 0.101719 0.686777 
vt 0.034476 0.686777 
vt 0.168962 0.686777 
vt 0.236206 0.686777 
vt 0.303449 0.686777 
vt 0.370692 0.686777 
vt 0.437936 0.686777 
vt 0.505179 0.686777 
vt 0.572423 0.686777 
vt 0.639666 0.686777 
vt 0.706909 0.686777 
vt 0.101719 0.778793 
vt 0.034476 0.778793 
vt 0.168962 0.778793 
vt 0.236206 0.778793 
vt 0.303449 0.778793 
vt 0.370692 0.778793 
vt 0.437936 0.778793 
vt 0.505179 0.778793 
vt 0.572423 0.778793 
vt 0.639666 0.778793 
vt 0.706909 0.778793 
vt 0.101719 0.870808 
vt 0.034476 0.870808 
vt 0.168962 0.870808 
vt 0.236206 0.870808 
vt 0.303449 0.870808 
vt 0.370692 0.870808 
vt 0.437936 0.870808 
vt 0.505179 0.870808 
vt 0.572423 0.870808 
vt 0.639666 0.870808 
vt 0.706909 0.870808 
vt 0.101719 0.962823 
vt 0.034476 0.962823 
vt 0.168962 0.962823 
vt 0.236206 0.962823 
vt 0.303449 0.962823 
vt 0.370692 0.962823 
vt 0.437936 0.962823 
vt 0.505179 0.962823 
vt 0.572423 0.962823 
vt 0.639666 0.962823 
vt 0.706909 0.962823 
vt 0.034476 0.134685 
vt 0.101719 0.134685 
vt 0.101719 0.042669 
vt 0.034476 0.042669 
vt 0.168962 0.134685 
vt 0.168962 0.042669 
vt 0.236206 0.134685 
vt 0.236206 0.042669 
vt 0.303449 0.134685 
vt 0.303449 0.042669 
vt 0.370692 0.134685 
vt 0.370692 0.042669 
vt 0.437936 0.134685 
vt 0.437936 0.042669 
vt 0.505179 0.134685 
vt 0.505179 0.042669 
vt 0.572423 0.134685 
vt 0.572423 0.042669 
vt 0.639666 0.134685 
vt 0.639666 0.042669 
vt 0.706909 0.134685 
vt 0.706909 0.042669 
vt 0.034476 0.2267 
vt 0.101719 0.2267 
vt 0.168962 0.2267 
vt 0.236206 0.2267 
vt 0.303449 0.2267 
vt 0.370692 0.2267 
vt 0.437936 0.2267 
vt 0.505179 0.2267 
vt 0.572423 0.2267 
vt 0.639666 0.2267 
vt 0.706909 0.2267 
vt 0.034476 0.318716 
vt 0.101719 0.318716 
vt 0.168962 0.318716 
vt 0.236206 0.318716 
vt 0.303449 0.318716 
vt 0.370692 0.318716 
vt 0.437936 0.318716 
vt 0.505179 0.318716 
vt 0.572423 0.318716 
vt 0.639666 0.318716 
vt 0.706909 0.318716 
vt 0.034476 0.410731 
vt 0.101719 0.410731 
vt 0.168962 0.410731 
vt 0.236206 0.410731 
vt 0.303449 0.410731 
vt 0.370692 0.410731 
vt 0.437936 0.410731 
vt 0.505179 0.410731 
vt 0.572423 0.410731 
vt 0.639666 0.410731 
vt 0.706909 0.410731 
vt 0.034476 0.502746 
vt 0.101719 0.502746 
vt 0.168962 0.502746 
vt 0.236206 0.502746 
vt 0.303449 0.502746 
vt 0.370692 0.502746 
vt 0.437936 0.502746 
vt 0.505179 0.502746 
vt 0.572423 0.502746 
vt 0.639666 0.502746 
vt 0.706909 0.502746 
vt 0.034476 0.594762 
vt 0.101719 0.594762 
vt 0.168962 0.594762 
vt 0.236206 0.594762 
vt 0.303449 0.594762 
vt 0.370692 0.594762 
vt 0.437936 0.594762 
vt 0.505179 0.594762 
vt 0.572423 0.594762 
vt 0.639666 0.594762 
vt 0.706909 0.594762 
vt 0.034476 0.686777 
vt 0.101719 0.686777 
vt 0.168962 0.686777 
vt 0.236206 0.686777 
vt 0.303449 0.686777 
vt 0.370692 0.686777 
vt 0.437936 0.686777 
vt 0.505179 0.686777 
vt 0.572423 0.686777 
vt 0.639666 0.686777 
vt 0.706909 0.686777 
vt 0.034476 0.778793 
vt 0.101719 0.778793 
vt 0.168962 0.778793 
vt 0.236206 0.778793 
vt 0.303449 0.778793 
vt 0.370692 0.778793 
vt 0.437936 0.778793 
vt 0.505179 0.778793 
vt 0.572423 0.778793 
vt 0.639666 0.778793 
vt 0.706909 0.778793 
vt 0.034476 0.870808 
vt 0.101719 0.870808 
vt 0.168962 0.870808 
vt 0.236206 0.870808 
vt 0.303449 0.870808 
vt 0.370692 0.870808 
vt 0.437936 0.870808 
vt 0.505179 0.870808 
vt 0.572423 0.870808 
vt 0.639666 0.870808 
vt 0.706909 0.870808 
vt 0.034476 0.962823 
vt 0.101719 0.962823 
vt 0.168962 0.962823 
vt 0.236206 0.962823 
vt 0.303449 0.962823 
vt 0.370692 0.962823 
vt 0.437936 0.962823 
vt 0.505179 0.962823 
vt 0.572423 0.962823 
vt 0.639666 0.962823 
vt 0.706909 0.962823 
vt 0.417769 0.022407 
vt 0.476182 0.022407 
vt 0.476182 0.054835 
vt 0.417769 0.054835 
vt 0.476182 0.022407 
vt 0.476182 0.054835 
vt 0.417769 0.054835 
vt 0.417769 0.022407 
vt 0.417769 0.022407 
vt 0.476182 0.022407 
vt 0.476182 0.054835 
vt 0.417769 0.054835 
vt 0.417769 0.022407 
vt 0.476182 0.022407 
vt 0.476182 0.054835 
vt 0.417769 0.054835 
vt 0.417769 0.022407 
vt 0.476182 0.022407 
vt 0.476182 0.054835 
vt 0.417769 0.054835 
vt 0.417769 0.022407 
vt 0.476182 0.022407 
vt 0.476182 0.054835 
vt 0.417769 0.054835 
vt 0.476182 0.022407 
vt 0.476182 0.054835 
vt 0.417769 0.054835 
vt 0.417769 0.022407 
vt 0.476182 0.022407 
vt 0.476182 0.054835 
vt 0.417769 0.054835 
vt 0.417769 0.022407 
vt 0.476182 0.022407 
vt 0.476182 0.054835 
vt 0.417769 0.054835 
vt 0.417769 0.022407 
vt 0.476182 0.022407 
vt 0.476182 0.054835 
vt 0.417769 0.054835 
vt 0.417769 0.022407 
vt 0.476182 0.022407 
vt 0.476182 0.054835 
vt 0.417769 0.054835 
vt 0.417769 0.022407 
vt 0.417769 0.022407 
vt 0.476182 0.022407 
vt 0.476182 0.054835 
vt 0.417769 0.054835 
vt 0.476182 0.022407 
vt 0.476182 0.054835 
vt 0.417769 0.054835 
vt 0.417769 0.022407 
vt 0.417769 0.022407 
vt 0.476182 0.022407 
vt 0.476182 0.054835 
vt 0.417769 0.054835 
vt 0.476182 0.022407 
vt 0.476182 0.054835 
vt 0.417769 0.054835 
vt 0.417769 0.022407 
vt 0.417769 0.022407 
vt 0.476182 0.022407 
vt 0.476182 0.054835 
vt 0.417769 0.054835 
vt 0.476182 0.022407 
vt 0.476182 0.054835 
vt 0.417769 0.054835 
vt 0.417769 0.022407 
vt 0.476182 0.022407 
vt 0.476182 0.054835 
vt 0.417769 0.054835 
vt 0.417769 0.022407 
vt 0.417769 0.022407 
vt 0.476182 0.022407 
vt 0.476182 0.054835 
vt 0.417769 0.054835 
vt 0.476182 0.022407 
vt 0.476182 0.054835 
vt 0.417769 0.054835 
vt 0.417769 0.022407 
vt 0.417769 0.022407 
vt 0.476182 0.022407 
vt 0.476182 0.054835 
vt 0.417769 0.054835 
vt 0.476182 0.022407 
vt 0.476182 0.054835 
vt 0.417769 0.054835 
vt 0.417769 0.022407 
vt 0.417769 0.022407 
vt 0.476182 0.022407 
vt 0.476182 0.054835 
vt 0.417769 0.054835 
vt 0.476182 0.022407 
vt 0.476182 0.054835 
vt 0.417769 0.054835 
vt 0.417769 0.022407 
vt 0.417769 0.022407 
vt 0.476182 0.022407 
vt 0.476182 0.054835 
vt 0.417769 0.054835 
vt 0.476182 0.022407 
vt 0.476182 0.054835 
vt 0.417769 0.054835 
vt 0.417769 0.022407 
vt 0.417769 0.022407 
vt 0.476182 0.022407 
vt 0.476182 0.054835 
vt 0.417769 0.054835 
vt 0.476182 0.022407 
vt 0.476182 0.054835 
vt 0.417769 0.054835 
vt 0.417769 0.022407 
vt 0.476182 0.022407 
vt 0.476182 0.054835 
vt 0.417769 0.054835 
vt 0.417769 0.022407 
vt 0.417769 0.022407 
vt 0.476182 0.022407 
vt 0.476182 0.054835 
vt 0.417769 0.054835 
vt 0.476182 0.022407 
vt 0.476182 0.054835 
vt 0.417769 0.054835 
vt 0.417769 0.022407 
vt 0.476182 0.022407 
vt 0.476182 0.054835 
vt 0.417769 0.054835 
vt 0.417769 0.022407 
vt 0.476182 0.022407 
vt 0.476182 0.054835 
vt 0.417769 0.054835 
vt 0.417769 0.022407 
vt 0.476182 0.022407 
vt 0.476182 0.054835 
vt 0.417769 0.054835 
vt 0.417769 0.022407 
vt 0.417769 0.022407 
vt 0.476182 0.022407 
vt 0.476182 0.054835 
vt 0.417769 0.054835 
vt 0.417769 0.022407 
vt 0.476182 0.022407 
vt 0.476182 0.054835 
vt 0.417769 0.054835 
vt 0.417769 0.022407 
vt 0.476182 0.022407 
vt 0.476182 0.054835 
vt 0.417769 0.054835 
vt 0.417769 0.022407 
vt 0.476182 0.022407 
vt 0.476182 0.054835 
vt 0.417769 0.054835 
vt 0.476182 0.022407 
vt 0.476182 0.054835 
vt 0.417769 0.054835 
vt 0.417769 0.022407 
vt 0.417769 0.022407 
vt 0.476182 0.022407 
vt 0.476182 0.054835 
vt 0.417769 0.054835 
vt 0.814295 0.0522523 
vt 0.792623 0.0868289 
vt 0.823904 0.107275 
vt 0.833503 0.06639 
vt 0.852873 0.112081 
vt 0.856379 0.0705912 
vt 0.879816 0.111921 
vt 0.880516 0.0709847 
vt 0.905772 0.111154 
vt 0.90516 0.0695245 
vt 0.78159 0.124174 
vt 0.819614 0.138236 
vt 0.85152 0.14054 
vt 0.879715 0.139205 
vt 0.906163 0.137969 
vt 0.772671 0.194031 
vt 0.818241 0.18812 
vt 0.851795 0.181878 
vt 0.88028 0.177094 
vt 0.906694 0.174585 
vt 0.779998 0.247302 
vt 0.821391 0.22379 
vt 0.853664 0.21142 
vt 0.881343 0.20436 
vt 0.907086 0.201277 
vt 0.811766 0.321775 
vt 0.837174 0.28822 
vt 0.861796 0.268421 
vt 0.885169 0.257565 
vt 0.907854 0.253679 
vt 0.848162 0.364708 
vt 0.872713 0.384083 
vt 0.879566 0.368691 
vt 0.860261 0.339329 
vt 0.888631 0.357958 
vt 0.875364 0.321933 
vt 0.898751 0.351528 
vt 0.891752 0.311709 
vt 0.90923 0.348484 
vt 0.908654 0.307906 
vt 0.832731 0.0196732 
vt 0.846708 0.0249992 
vt 0.868527 0.0266356 
vt 0.892002 0.0264773 
vt 0.887454 0.395716 
vt 0.895769 0.398161 
vt 0.891155 0.386321 
vt 0.898418 0.393885 
vt 0.896596 0.379587 
vt 0.902636 0.389947 
vt 0.902954 0.375435 
vt 0.909777 0.386184 
vt 0.909575 0.372848 
vt 0.833503 0.06639 
vt 0.823904 0.107275 
vt 0.856379 0.0705912 
vt 0.852873 0.112081 
vt 0.880516 0.0709847 
vt 0.879816 0.111921 
vt 0.819614 0.138236 
vt 0.85152 0.14054 
vt 0.879715 0.139205 
vt 0.818241 0.18812 
vt 0.851795 0.181878 
vt 0.88028 0.177094 
vt 0.821391 0.22379 
vt 0.853664 0.21142 
vt 0.881343 0.20436 
vt 0.837174 0.28822 
vt 0.861796 0.268421 
vt 0.885169 0.257565 
vt 0.860261 0.339329 
vt 0.879566 0.368691 
vt 0.875364 0.321933 
vt 0.888631 0.357958 
vt 0.891752 0.311709 
vt 0.898751 0.351528 
vt 0.891155 0.386321 
vt 0.896596 0.379587 
vt 0.902954 0.375435 
vt 0.947983 0.0513896 
vt 0.926956 0.037855 
vt 0.939095 0.0605646 
vt 0.926956 0.063922 
vt 0.914817 0.0605646 
vt 0.90593 0.0513896 
vt 0.902678 0.0388571 
vt 0.90593 0.0263246 
vt 0.914817 0.0171496 
vt 0.926956 0.0137921 
vt 0.939095 0.0171496 
vt 0.947983 0.0263246 
vt 0.951235 0.0388571 
vt 0.927558 0.478851 
vt 0.927558 0.433517 
vt 0.89157 0.433517 
vt 0.89157 0.478851 
vt 0.927558 0.524185 
vt 0.89157 0.524185 
vt 0.927558 0.569518 
vt 0.89157 0.569518 
vt 0.927558 0.614852 
vt 0.89157 0.614852 
vt 0.927558 0.660186 
vt 0.89157 0.660186 
vt 0.927558 0.705519 
vt 0.89157 0.705519 
vt 0.927558 0.750853 
vt 0.89157 0.750853 
vt 0.927558 0.796187 
vt 0.89157 0.796187 
vt 0.927558 0.841521 
vt 0.89157 0.841521 
vt 0.927558 0.886854 
vt 0.89157 0.886854 
vt 0.927558 0.932188 
vt 0.89157 0.932188 
vt 0.927558 0.977522 
vt 0.89157 0.977522 
vt 0.772563 0.433517 
vt 0.772563 0.478851 
vt 0.772563 0.524185 
vt 0.772563 0.569518 
vt 0.772563 0.614852 
vt 0.772563 0.660186 
vt 0.772563 0.705519 
vt 0.772563 0.750853 
vt 0.772563 0.796187 
vt 0.772563 0.841521 
vt 0.772563 0.886854 
vt 0.772563 0.932188 
vt 0.772563 0.977522 
vt 0.947983 0.0513896 
vt 0.939095 0.0605646 
vt 0.926956 0.037855 
vt 0.926956 0.063922 
vt 0.914817 0.0605646 
vt 0.90593 0.0513896 
vt 0.902678 0.0388571 
vt 0.90593 0.0263246 
vt 0.914817 0.0171496 
vt 0.926956 0.0137921 
vt 0.939095 0.0171496 
vt 0.947983 0.0263246 
vt 0.951235 0.0388571 
vt 0.89157 0.433517 
vt 0.927558 0.433517 
vt 0.927558 0.478851 
vt 0.89157 0.478851 
vt 0.927558 0.524185 
vt 0.89157 0.524185 
vt 0.927558 0.569518 
vt 0.89157 0.569518 
vt 0.927558 0.614852 
vt 0.89157 0.614852 
vt 0.927558 0.660186 
vt 0.89157 0.660186 
vt 0.927558 0.705519 
vt 0.89157 0.705519 
vt 0.927558 0.750853 
vt 0.89157 0.750853 
vt 0.927558 0.796187 
vt 0.89157 0.796187 
vt 0.927558 0.841521 
vt 0.89157 0.841521 
vt 0.927558 0.886854 
vt 0.89157 0.886854 
vt 0.927558 0.932188 
vt 0.89157 0.932188 
vt 0.927558 0.977522 
vt 0.89157 0.977522 
vt 0.814295 0.0522523 
vt 0.833503 0.06639 
vt 0.823904 0.107275 
vt 0.792623 0.0868289 
vt 0.856379 0.0705912 
vt 0.852873 0.112081 
vt 0.880516 0.0709847 
vt 0.879816 0.111921 
vt 0.90516 0.0695245 
vt 0.905772 0.111154 
vt 0.819614 0.138236 
vt 0.78159 0.124174 
vt 0.85152 0.14054 
vt 0.879715 0.139205 
vt 0.906163 0.137969 
vt 0.818241 0.18812 
vt 0.772671 0.194031 
vt 0.851795 0.181878 
vt 0.88028 0.177094 
vt 0.906694 0.174585 
vt 0.821391 0.22379 
vt 0.779998 0.247302 
vt 0.853664 0.21142 
vt 0.881343 0.20436 
vt 0.907086 0.201277 
vt 0.837174 0.28822 
vt 0.811766 0.321775 
vt 0.861796 0.268421 
vt 0.885169 0.257565 
vt 0.907854 0.253679 
vt 0.848162 0.364708 
vt 0.860261 0.339329 
vt 0.879566 0.368691 
vt 0.872713 0.384083 
vt 0.875364 0.321933 
vt 0.888631 0.357958 
vt 0.891752 0.311709 
vt 0.898751 0.351528 
vt 0.908654 0.307906 
vt 0.90923 0.348484 
vt 0.832731 0.0196732 
vt 0.846708 0.0249992 
vt 0.868527 0.0266356 
vt 0.892002 0.0264773 
vt 0.887454 0.395716 
vt 0.891155 0.386321 
vt 0.895769 0.398161 
vt 0.896596 0.379587 
vt 0.898418 0.393885 
vt 0.902954 0.375435 
vt 0.902636 0.389947 
vt 0.909575 0.372848 
vt 0.909777 0.386184 
vt 0.823904 0.107275 
vt 0.833503 0.06639 
vt 0.852873 0.112081 
vt 0.856379 0.0705912 
vt 0.879816 0.111921 
vt 0.880516 0.0709847 
vt 0.819614 0.138236 
vt 0.85152 0.14054 
vt 0.879715 0.139205 
vt 0.818241 0.18812 
vt 0.851795 0.181878 
vt 0.88028 0.177094 
vt 0.821391 0.22379 
vt 0.853664 0.21142 
vt 0.881343 0.20436 
vt 0.837174 0.28822 
vt 0.861796 0.268421 
vt 0.885169 0.257565 
vt 0.879566 0.368691 
vt 0.860261 0.339329 
vt 0.888631 0.357958 
vt 0.875364 0.321933 
vt 0.898751 0.351528 
vt 0.891752 0.311709 
vt 0.891155 0.386321 
vt 0.896596 0.379587 
vt 0.902954 0.375435 
vt 0.947983 0.0513896 
vt 0.939095 0.0605646 
vt 0.926956 0.037855 
vt 0.926956 0.063922 
vt 0.914817 0.0605646 
vt 0.90593 0.0513896 
vt 0.902678 0.0388571 
vt 0.90593 0.0263246 
vt 0.914817 0.0171496 
vt 0.926956 0.0137921 
vt 0.939095 0.0171496 
vt 0.947983 0.0263246 
vt 0.951235 0.0388571 
vt 0.89157 0.433517 
vt 0.927558 0.433517 
vt 0.927558 0.478851 
vt 0.89157 0.478851 
vt 0.927558 0.524185 
vt 0.89157 0.524185 
vt 0.927558 0.569518 
vt 0.89157 0.569518 
vt 0.927558 0.614852 
vt 0.89157 0.614852 
vt 0.927558 0.660186 
vt 0.89157 0.660186 
vt 0.927558 0.705519 
vt 0.89157 0.705519 
vt 0.927558 0.750853 
vt 0.89157 0.750853 
vt 0.927558 0.796187 
vt 0.89157 0.796187 
vt 0.927558 0.841521 
vt 0.89157 0.841521 
vt 0.927558 0.886854 
vt 0.89157 0.886854 
vt 0.927558 0.932188 
vt 0.89157 0.932188 
vt 0.927558 0.977522 
vt 0.89157 0.977522 
vt 0.772563 0.433517 
vt 0.772563 0.478851 
vt 0.772563 0.524185 
vt 0.772563 0.569518 
vt 0.772563 0.614852 
vt 0.772563 0.660186 
vt 0.772563 0.705519 
vt 0.772563 0.750853 
vt 0.772563 0.796187 
vt 0.772563 0.841521 
vt 0.772563 0.886854 
vt 0.772563 0.932188 
vt 0.772563 0.977522 
vt 0.947983 0.0513896 
vt 0.926956 0.037855 
vt 0.939095 0.0605646 
vt 0.926956 0.063922 
vt 0.914817 0.0605646 
vt 0.90593 0.0513896 
vt 0.902678 0.0388571 
vt 0.90593 0.0263246 
vt 0.914817 0.0171496 
vt 0.926956 0.0137921 
vt 0.939095 0.0171496 
vt 0.947983 0.0263246 
vt 0.951235 0.0388571 
vt 0.927558 0.478851 
vt 0.927558 0.433517 
vt 0.89157 0.433517 
vt 0.89157 0.478851 
vt 0.927558 0.524185 
vt 0.89157 0.524185 
vt 0.927558 0.569518 
vt 0.89157 0.569518 
vt 0.927558 0.614852 
vt 0.89157 0.614852 
vt 0.927558 0.660186 
vt 0.89157 0.660186 
vt 0.927558 0.705519 
vt 0.89157 0.705519 
vt 0.927558 0.750853 
vt 0.89157 0.750853 
vt 0.927558 0.796187 
vt 0.89157 0.796187 
vt 0.927558 0.841521 
vt 0.89157 0.841521 
vt 0.927558 0.886854 
vt 0.89157 0.886854 
vt 0.927558 0.932188 
vt 0.89157 0.932188 
vt 0.927558 0.977522 
vt 0.89157 0.977522 
vt 0.814295 0.0522523 
vt 0.833503 0.06639 
vt 0.823904 0.107275 
vt 0.792623 0.0868289 
vt 0.856379 0.0705912 
vt 0.852873 0.112081 
vt 0.880516 0.0709847 
vt 0.879816 0.111921 
vt 0.90516 0.0695245 
vt 0.905772 0.111154 
vt 0.819614 0.138236 
vt 0.78159 0.124174 
vt 0.85152 0.14054 
vt 0.879715 0.139205 
vt 0.906163 0.137969 
vt 0.818241 0.18812 
vt 0.772671 0.194031 
vt 0.851795 0.181878 
vt 0.88028 0.177094 
vt 0.906694 0.174585 
vt 0.821391 0.22379 
vt 0.779998 0.247302 
vt 0.853664 0.21142 
vt 0.881343 0.20436 
vt 0.907086 0.201277 
vt 0.837174 0.28822 
vt 0.811766 0.321775 
vt 0.861796 0.268421 
vt 0.885169 0.257565 
vt 0.907854 0.253679 
vt 0.848162 0.364708 
vt 0.860261 0.339329 
vt 0.879566 0.368691 
vt 0.872713 0.384083 
vt 0.875364 0.321933 
vt 0.888631 0.357958 
vt 0.891752 0.311709 
vt 0.898751 0.351528 
vt 0.908654 0.307906 
vt 0.90923 0.348484 
vt 0.832731 0.0196732 
vt 0.846708 0.0249992 
vt 0.868527 0.0266356 
vt 0.892002 0.0264773 
vt 0.887454 0.395716 
vt 0.891155 0.386321 
vt 0.895769 0.398161 
vt 0.896596 0.379587 
vt 0.898418 0.393885 
vt 0.902954 0.375435 
vt 0.902636 0.389947 
vt 0.909575 0.372848 
vt 0.909777 0.386184 
vt 0.823904 0.107275 
vt 0.833503 0.06639 
vt 0.852873 0.112081 
vt 0.856379 0.0705912 
vt 0.879816 0.111921 
vt 0.880516 0.0709847 
vt 0.819614 0.138236 
vt 0.85152 0.14054 
vt 0.879715 0.139205 
vt 0.818241 0.18812 
vt 0.851795 0.181878 
vt 0.88028 0.177094 
vt 0.821391 0.22379 
vt 0.853664 0.21142 
vt 0.881343 0.20436 
vt 0.837174 0.28822 
vt 0.861796 0.268421 
vt 0.885169 0.257565 
vt 0.879566 0.368691 
vt 0.860261 0.339329 
vt 0.888631 0.357958 
vt 0.875364 0.321933 
vt 0.898751 0.351528 
vt 0.891752 0.311709 
vt 0.891155 0.386321 
vt 0.896596 0.379587 
vt 0.902954 0.375435 
vt 0.947983 0.0513896 
vt 0.939095 0.0605646 
vt 0.926956 0.037855 
vt 0.926956 0.063922 
vt 0.914817 0.0605646 
vt 0.90593 0.0513896 
vt 0.902678 0.0388571 
vt 0.90593 0.0263246 
vt 0.914817 0.0171496 
vt 0.926956 0.0137921 
vt 0.939095 0.0171496 
vt 0.947983 0.0263246 
vt 0.951235 0.0388571 
vt 0.89157 0.433517 
vt 0.927558 0.433517 
vt 0.927558 0.478851 
vt 0.89157 0.478851 
vt 0.927558 0.524185 
vt 0.89157 0.524185 
vt 0.927558 0.569518 
vt 0.89157 0.569518 
vt 0.927558 0.614852 
vt 0.89157 0.614852 
vt 0.927558 0.660186 
vt 0.89157 0.660186 
vt 0.927558 0.705519 
vt 0.89157 0.705519 
vt 0.927558 0.750853 
vt 0.89157 0.750853 
vt 0.927558 0.796187 
vt 0.89157 0.796187 
vt 0.927558 0.841521 
vt 0.89157 0.841521 
vt 0.927558 0.886854 
vt 0.89157 0.886854 
vt 0.927558 0.932188 
vt 0.89157 0.932188 
vt 0.927558 0.977522 
vt 0.89157 0.977522 
vt 0.772563 0.433517 
vt 0.772563 0.478851 
vt 0.772563 0.524185 
vt 0.772563 0.569518 
vt 0.772563 0.614852 
vt 0.772563 0.660186 
vt 0.772563 0.705519 
vt 0.772563 0.750853 
vt 0.772563 0.796187 
vt 0.772563 0.841521 
vt 0.772563 0.886854 
vt 0.772563 0.932188 
vt 0.772563 0.977522 
vt 0.947983 0.0513896 
vt 0.926956 0.037855 
vt 0.939095 0.0605646 
vt 0.926956 0.063922 
vt 0.914817 0.0605646 
vt 0.90593 0.0513896 
vt 0.902678 0.0388571 
vt 0.90593 0.0263246 
vt 0.914817 0.0171496 
vt 0.926956 0.0137921 
vt 0.939095 0.0171496 
vt 0.947983 0.0263246 
vt 0.951235 0.0388571 
vt 0.927558 0.478851 
vt 0.927558 0.433517 
vt 0.89157 0.433517 
vt 0.89157 0.478851 
vt 0.927558 0.524185 
vt 0.89157 0.524185 
vt 0.927558 0.569518 
vt 0.89157 0.569518 
vt 0.927558 0.614852 
vt 0.89157 0.614852 
vt 0.927558 0.660186 
vt 0.89157 0.660186 
vt 0.927558 0.705519 
vt 0.89157 0.705519 
vt 0.927558 0.750853 
vt 0.89157 0.750853 
vt 0.927558 0.796187 
vt 0.89157 0.796187 
vt 0.927558 0.841521 
vt 0.89157 0.841521 
vt 0.927558 0.886854 
vt 0.89157 0.886854 
vt 0.927558 0.932188 
vt 0.89157 0.932188 
vt 0.927558 0.977522 
vt 0.89157 0.977522 
vt 0.814295 0.0522523 
vt 0.792623 0.0868289 
vt 0.823904 0.107275 
vt 0.833503 0.06639 
vt 0.852873 0.112081 
vt 0.856379 0.0705912 
vt 0.879816 0.111921 
vt 0.880516 0.0709847 
vt 0.905772 0.111154 
vt 0.90516 0.0695245 
vt 0.78159 0.124174 
vt 0.819614 0.138236 
vt 0.85152 0.14054 
vt 0.879715 0.139205 
vt 0.906163 0.137969 
vt 0.772671 0.194031 
vt 0.818241 0.18812 
vt 0.851795 0.181878 
vt 0.88028 0.177094 
vt 0.906694 0.174585 
vt 0.779998 0.247302 
vt 0.821391 0.22379 
vt 0.853664 0.21142 
vt 0.881343 0.20436 
vt 0.907086 0.201277 
vt 0.811766 0.321775 
vt 0.837174 0.28822 
vt 0.861796 0.268421 
vt 0.885169 0.257565 
vt 0.907854 0.253679 
vt 0.848162 0.364708 
vt 0.872713 0.384083 
vt 0.879566 0.368691 
vt 0.860261 0.339329 
vt 0.888631 0.357958 
vt 0.875364 0.321933 
vt 0.898751 0.351528 
vt 0.891752 0.311709 
vt 0.90923 0.348484 
vt 0.908654 0.307906 
vt 0.832731 0.0196732 
vt 0.846708 0.0249992 
vt 0.868527 0.0266356 
vt 0.892002 0.0264773 
vt 0.887454 0.395716 
vt 0.895769 0.398161 
vt 0.891155 0.386321 
vt 0.898418 0.393885 
vt 0.896596 0.379587 
vt 0.902636 0.389947 
vt 0.902954 0.375435 
vt 0.909777 0.386184 
vt 0.909575 0.372848 
vt 0.833503 0.06639 
vt 0.823904 0.107275 
vt 0.856379 0.0705912 
vt 0.852873 0.112081 
vt 0.880516 0.0709847 
vt 0.879816 0.111921 
vt 0.819614 0.138236 
vt 0.85152 0.14054 
vt 0.879715 0.139205 
vt 0.818241 0.18812 
vt 0.851795 0.181878 
vt 0.88028 0.177094 
vt 0.821391 0.22379 
vt 0.853664 0.21142 
vt 0.881343 0.20436 
vt 0.837174 0.28822 
vt 0.861796 0.268421 
vt 0.885169 0.257565 
vt 0.860261 0.339329 
vt 0.879566 0.368691 
vt 0.875364 0.321933 
vt 0.888631 0.357958 
vt 0.891752 0.311709 
vt 0.898751 0.351528 
vt 0.891155 0.386321 
vt 0.896596 0.379587 
vt 0.902954 0.375435 
vt 0.947983 0.0513896 
vt 0.926956 0.037855 
vt 0.939095 0.0605646 
vt 0.926956 0.063922 
vt 0.914817 0.0605646 
vt 0.90593 0.0513896 
vt 0.902678 0.0388571 
vt 0.90593 0.0263246 
vt 0.914817 0.0171496 
vt 0.926956 0.0137921 
vt 0.939095 0.0171496 
vt 0.947983 0.0263246 
vt 0.951235 0.0388571 
vt 0.927558 0.478851 
vt 0.927558 0.433517 
vt 0.89157 0.433517 
vt 0.89157 0.478851 
vt 0.927558 0.524185 
vt 0.89157 0.524185 
vt 0.927558 0.569518 
vt 0.89157 0.569518 
vt 0.927558 0.614852 
vt 0.89157 0.614852 
vt 0.927558 0.660186 
vt 0.89157 0.660186 
vt 0.927558 0.705519 
vt 0.89157 0.705519 
vt 0.927558 0.750853 
vt 0.89157 0.750853 
vt 0.927558 0.796187 
vt 0.89157 0.796187 
vt 0.927558 0.841521 
vt 0.89157 0.841521 
vt 0.927558 0.886854 
vt 0.89157 0.886854 
vt 0.927558 0.932188 
vt 0.89157 0.932188 
vt 0.927558 0.977522 
vt 0.89157 0.977522 
vt 0.772563 0.433517 
vt 0.772563 0.478851 
vt 0.772563 0.524185 
vt 0.772563 0.569518 
vt 0.772563 0.614852 
vt 0.772563 0.660186 
vt 0.772563 0.705519 
vt 0.772563 0.750853 
vt 0.772563 0.796187 
vt 0.772563 0.841521 
vt 0.772563 0.886854 
vt 0.772563 0.932188 
vt 0.772563 0.977522 
vt 0.947983 0.0513896 
vt 0.939095 0.0605646 
vt 0.926956 0.037855 
vt 0.926956 0.063922 
vt 0.914817 0.0605646 
vt 0.90593 0.0513896 
vt 0.902678 0.0388571 
vt 0.90593 0.0263246 
vt 0.914817 0.0171496 
vt 0.926956 0.0137921 
vt 0.939095 0.0171496 
vt 0.947983 0.0263246 
vt 0.951235 0.0388571 
vt 0.89157 0.433517 
vt 0.927558 0.433517 
vt 0.927558 0.478851 
vt 0.89157 0.478851 
vt 0.927558 0.524185 
vt 0.89157 0.524185 
vt 0.927558 0.569518 
vt 0.89157 0.569518 
vt 0.927558 0.614852 
vt 0.89157 0.614852 
vt 0.927558 0.660186 
vt 0.89157 0.660186 
vt 0.927558 0.705519 
vt 0.89157 0.705519 
vt 0.927558 0.750853 
vt 0.89157 0.750853 
vt 0.927558 0.796187 
vt 0.89157 0.796187 
vt 0.927558 0.841521 
vt 0.89157 0.841521 
vt 0.927558 0.886854 
vt 0.89157 0.886854 
vt 0.927558 0.932188 
vt 0.89157 0.932188 
vt 0.927558 0.977522 
vt 0.89157 0.977522 

usemtl Handle1Mtl

f 1/1/1 2/2/2 3/3/3 
f 3/3/3 4/4/4 1/1/1 
f 5/5/5 6/6/6 2/2/2 
f 2/2/2 1/1/1 5/5/5 
f 7/7/7 8/8/8 6/6/6 
f 6/6/6 5/5/5 7/7/7 
f 9/9/9 10/10/10 8/8/8 
f 8/8/8 7/7/7 9/9/9 
f 11/11/11 12/12/12 10/10/10 
f 10/10/10 9/9/9 11/11/11 
f 13/13/13 14/14/14 12/12/12 
f 12/12/12 11/11/11 13/13/13 
f 15/15/15 16/16/16 14/14/14 
f 14/14/14 13/13/13 15/15/15 
f 17/17/17 18/18/18 16/16/16 
f 16/16/16 15/15/15 17/17/17 
f 19/19/19 20/20/20 18/18/18 
f 18/18/18 17/17/17 19/19/19 
f 21/21/21 22/22/22 20/20/20 
f 20/20/20 19/19/19 21/21/21 
f 2/2/2 23/23/23 24/24/24 
f 24/24/24 3/3/3 2/2/2 
f 6/6/6 25/25/25 23/23/23 
f 23/23/23 2/2/2 6/6/6 
f 8/8/8 26/26/26 25/25/25 
f 25/25/25 6/6/6 8/8/8 
f 10/10/10 27/27/27 26/26/26 
f 26/26/26 8/8/8 10/10/10 
f 12/12/12 28/28/28 27/27/27 
f 27/27/27 10/10/10 12/12/12 
f 14/14/14 29/29/29 28/28/28 
f 28/28/28 12/12/12 14/14/14 
f 16/16/16 30/30/30 29/29/29 
f 29/29/29 14/14/14 16/16/16 
f 18/18/18 31/31/31 30/30/30 
f 30/30/30 16/16/16 18/18/18 
f 20/20/20 32/32/32 31/31/31 
f 31/31/31 18/18/18 20/20/20 
f 22/22/22 33/33/33 32/32/32 
f 32/32/32 20/20/20 22/22/22 
f 23/23/23 34/34/34 35/35/35 
f 35/35/35 24/24/24 23/23/23 
f 25/25/25 36/36/36 34/34/34 
f 34/34/34 23/23/23 25/25/25 
f 26/26/26 37/37/37 36/36/36 
f 36/36/36 25/25/25 26/26/26 
f 27/27/27 38/38/38 37/37/37 
f 37/37/37 26/26/26 27/27/27 
f 28/28/28 39/39/39 38/38/38 
f 38/38/38 27/27/27 28/28/28 
f 29/29/29 40/40/40 39/39/39 
f 39/39/39 28/28/28 29/29/29 
f 30/30/30 41/41/41 40/40/40 
f 40/40/40 29/29/29 30/30/30 
f 31/31/31 42/42/42 41/41/41 
f 41/41/41 30/30/30 31/31/31 
f 32/32/32 43/43/43 42/42/42 
f 42/42/42 31/31/31 32/32/32 
f 33/33/33 44/44/44 43/43/43 
f 43/43/43 32/32/32 33/33/33 
f 34/34/34 45/45/45 46/46/46 
f 46/46/46 35/35/35 34/34/34 
f 36/36/36 47/47/47 45/45/45 
f 45/45/45 34/34/34 36/36/36 
f 37/37/37 48/48/48 47/47/47 
f 47/47/47 36/36/36 37/37/37 
f 38/38/38 49/49/49 48/48/48 
f 48/48/48 37/37/37 38/38/38 
f 39/39/39 50/50/50 49/49/49 
f 49/49/49 38/38/38 39/39/39 
f 40/40/40 51/51/51 50/50/50 
f 50/50/50 39/39/39 40/40/40 
f 41/41/41 52/52/52 51/51/51 
f 51/51/51 40/40/40 41/41/41 
f 42/42/42 53/53/53 52/52/52 
f 52/52/52 41/41/41 42/42/42 
f 43/43/43 54/54/54 53/53/53 
f 53/53/53 42/42/42 43/43/43 
f 44/44/44 55/55/55 54/54/54 
f 54/54/54 43/43/43 44/44/44 
f 45/45/45 56/56/56 57/57/57 
f 57/57/57 46/46/46 45/45/45 
f 47/47/47 58/58/58 56/56/56 
f 56/56/56 45/45/45 47/47/47 
f 48/48/48 59/59/59 58/58/58 
f 58/58/58 47/47/47 48/48/48 
f 49/49/49 60/60/60 59/59/59 
f 59/59/59 48/48/48 49/49/49 
f 50/50/50 61/61/61 60/60/60 
f 60/60/60 49/49/49 50/50/50 
f 51/51/51 62/62/62 61/61/61 
f 61/61/61 50/50/50 51/51/51 
f 52/52/52 63/63/63 62/62/62 
f 62/62/62 51/51/51 52/52/52 
f 53/53/53 64/64/64 63/63/63 
f 63/63/63 52/52/52 53/53/53 
f 54/54/54 65/65/65 64/64/64 
f 64/64/64 53/53/53 54/54/54 
f 55/55/55 66/66/66 65/65/65 
f 65/65/65 54/54/54 55/55/55 
f 56/56/56 67/67/67 68/68/68 
f 68/68/68 57/57/57 56/56/56 
f 58/58/58 69/69/69 67/67/67 
f 67/67/67 56/56/56 58/58/58 
f 59/59/59 70/70/70 69/69/69 
f 69/69/69 58/58/58 59/59/59 
f 60/60/60 71/71/71 70/70/70 
f 70/70/70 59/59/59 60/60/60 
f 61/61/61 72/72/72 71/71/71 
f 71/71/71 60/60/60 61/61/61 
f 62/62/62 73/73/73 72/72/72 
f 72/72/72 61/61/61 62/62/62 
f 63/63/63 74/74/74 73/73/73 
f 73/73/73 62/62/62 63/63/63 
f 64/64/64 75/75/75 74/74/74 
f 74/74/74 63/63/63 64/64/64 
f 65/65/65 76/76/76 75/75/75 
f 75/75/75 64/64/64 65/65/65 
f 66/66/66 77/77/77 76/76/76 
f 76/76/76 65/65/65 66/66/66 
f 67/67/67 78/78/78 79/79/79 
f 79/79/79 68/68/68 67/67/67 
f 69/69/69 80/80/80 78/78/78 
f 78/78/78 67/67/67 69/69/69 
f 70/70/70 81/81/81 80/80/80 
f 80/80/80 69/69/69 70/70/70 
f 71/71/71 82/82/82 81/81/81 
f 81/81/81 70/70/70 71/71/71 
f 72/72/72 83/83/83 82/82/82 
f 82/82/82 71/71/71 72/72/72 
f 73/73/73 84/84/84 83/83/83 
f 83/83/83 72/72/72 73/73/73 
f 74/74/74 85/85/85 84/84/84 
f 84/84/84 73/73/73 74/74/74 
f 75/75/75 86/86/86 85/85/85 
f 85/85/85 74/74/74 75/75/75 
f 76/76/76 87/87/87 86/86/86 
f 86/86/86 75/75/75 76/76/76 
f 77/77/77 88/88/88 87/87/87 
f 87/87/87 76/76/76 77/77/77 
f 78/78/78 89/89/89 90/90/90 
f 90/90/90 79/79/79 78/78/78 
f 80/80/80 91/91/91 89/89/89 
f 89/89/89 78/78/78 80/80/80 
f 81/81/81 92/92/92 91/91/91 
f 91/91/91 80/80/80 81/81/81 
f 82/82/82 93/93/93 92/92/92 
f 92/92/92 81/81/81 82/82/82 
f 83/83/83 94/94/94 93/93/93 
f 93/93/93 82/82/82 83/83/83 
f 84/84/84 95/95/95 94/94/94 
f 94/94/94 83/83/83 84/84/84 
f 85/85/85 96/96/96 95/95/95 
f 95/95/95 84/84/84 85/85/85 
f 86/86/86 97/97/97 96/96/96 
f 96/96/96 85/85/85 86/86/86 
f 87/87/87 98/98/98 97/97/97 
f 97/97/97 86/86/86 87/87/87 
f 88/88/88 99/99/99 98/98/98 
f 98/98/98 87/87/87 88/88/88 
f 89/89/89 100/100/100 101/101/101 
f 101/101/101 90/90/90 89/89/89 
f 91/91/91 102/102/102 100/100/100 
f 100/100/100 89/89/89 91/91/91 
f 92/92/92 103/103/103 102/102/102 
f 102/102/102 91/91/91 92/92/92 
f 93/93/93 104/104/104 103/103/103 
f 103/103/103 92/92/92 93/93/93 
f 94/94/94 105/105/105 104/104/104 
f 104/104/104 93/93/93 94/94/94 
f 95/95/95 106/106/106 105/105/105 
f 105/105/105 94/94/94 95/95/95 
f 96/96/96 107/107/107 106/106/106 
f 106/106/106 95/95/95 96/96/96 
f 97/97/97 108/108/108 107/107/107 
f 107/107/107 96/96/96 97/97/97 
f 98/98/98 109/109/109 108/108/108 
f 108/108/108 97/97/97 98/98/98 
f 99/99/99 110/110/110 109/109/109 
f 109/109/109 98/98/98 99/99/99 
f 100/100/100 111/111/111 112/112/112 
f 112/112/112 101/101/101 100/100/100 
f 102/102/102 113/113/113 111/111/111 
f 111/111/111 100/100/100 102/102/102 
f 103/103/103 114/114/114 113/113/113 
f 113/113/113 102/102/102 103/103/103 
f 104/104/104 115/115/115 114/114/114 
f 114/114/114 103/103/103 104/104/104 
f 105/105/105 116/116/116 115/115/115 
f 115/115/115 104/104/104 105/105/105 
f 106/106/106 117/117/117 116/116/116 
f 116/116/116 105/105/105 106/106/106 
f 107/107/107 118/118/118 117/117/117 
f 117/117/117 106/106/106 107/107/107 
f 108/108/108 119/119/119 118/118/118 
f 118/118/118 107/107/107 108/108/108 
f 109/109/109 120/120/120 119/119/119 
f 119/119/119 108/108/108 109/109/109 
f 110/110/110 121/121/121 120/120/120 
f 120/120/120 109/109/109 110/110/110 
f 122/122/122 123/123/123 124/124/124 
f 124/124/124 125/125/125 122/122/122 
f 123/123/123 126/126/126 127/127/127 
f 127/127/127 124/124/124 123/123/123 
f 126/126/126 128/128/128 129/129/129 
f 129/129/129 127/127/127 126/126/126 
f 128/128/128 130/130/130 131/131/131 
f 131/131/131 129/129/129 128/128/128 
f 130/130/130 132/132/132 133/133/133 
f 133/133/133 131/131/131 130/130/130 
f 132/132/132 134/134/134 135/135/135 
f 135/135/135 133/133/133 132/132/132 
f 134/134/134 136/136/136 137/137/137 
f 137/137/137 135/135/135 134/134/134 
f 136/136/136 138/138/138 139/139/139 
f 139/139/139 137/137/137 136/136/136 
f 138/138/138 140/140/140 141/141/141 
f 141/141/141 139/139/139 138/138/138 
f 140/140/140 142/142/142 143/143/143 
f 143/143/143 141/141/141 140/140/140 
f 144/144/144 145/145/145 123/123/123 
f 123/123/123 122/122/122 144/144/144 
f 145/145/145 146/146/146 126/126/126 
f 126/126/126 123/123/123 145/145/145 
f 146/146/146 147/147/147 128/128/128 
f 128/128/128 126/126/126 146/146/146 
f 147/147/147 148/148/148 130/130/130 
f 130/130/130 128/128/128 147/147/147 
f 148/148/148 149/149/149 132/132/132 
f 132/132/132 130/130/130 148/148/148 
f 149/149/149 150/150/150 134/134/134 
f 134/134/134 132/132/132 149/149/149 
f 150/150/150 151/151/151 136/136/136 
f 136/136/136 134/134/134 150/150/150 
f 151/151/151 152/152/152 138/138/138 
f 138/138/138 136/136/136 151/151/151 
f 152/152/152 153/153/153 140/140/140 
f 140/140/140 138/138/138 152/152/152 
f 153/153/153 154/154/154 142/142/142 
f 142/142/142 140/140/140 153/153/153 
f 155/155/155 156/156/156 145/145/145 
f 145/145/145 144/144/144 155/155/155 
f 156/156/156 157/157/157 146/146/146 
f 146/146/146 145/145/145 156/156/156 
f 157/157/157 158/158/158 147/147/147 
f 147/147/147 146/146/146 157/157/157 
f 158/158/158 159/159/159 148/148/148 
f 148/148/148 147/147/147 158/158/158 
f 159/159/159 160/160/160 149/149/149 
f 149/149/149 148/148/148 159/159/159 
f 160/160/160 161/161/161 150/150/150 
f 150/150/150 149/149/149 160/160/160 
f 161/161/161 162/162/162 151/151/151 
f 151/151/151 150/150/150 161/161/161 
f 162/162/162 163/163/163 152/152/152 
f 152/152/152 151/151/151 162/162/162 
f 163/163/163 164/164/164 153/153/153 
f 153/153/153 152/152/152 163/163/163 
f 164/164/164 165/165/165 154/154/154 
f 154/154/154 153/153/153 164/164/164 
f 166/166/166 167/167/167 156/156/156 
f 156/156/156 155/155/155 166/166/166 
f 167/167/167 168/168/168 157/157/157 
f 157/157/157 156/156/156 167/167/167 
f 168/168/168 169/169/169 158/158/158 
f 158/158/158 157/157/157 168/168/168 
f 169/169/169 170/170/170 159/159/159 
f 159/159/159 158/158/158 169/169/169 
f 170/170/170 171/171/171 160/160/160 
f 160/160/160 159/159/159 170/170/170 
f 171/171/171 172/172/172 161/161/161 
f 161/161/161 160/160/160 171/171/171 
f 172/172/172 173/173/173 162/162/162 
f 162/162/162 161/161/161 172/172/172 
f 173/173/173 174/174/174 163/163/163 
f 163/163/163 162/162/162 173/173/173 
f 174/174/174 175/175/175 164/164/164 
f 164/164/164 163/163/163 174/174/174 
f 175/175/175 176/176/176 165/165/165 
f 165/165/165 164/164/164 175/175/175 
f 177/177/177 178/178/178 167/167/167 
f 167/167/167 166/166/166 177/177/177 
f 178/178/178 179/179/179 168/168/168 
f 168/168/168 167/167/167 178/178/178 
f 179/179/179 180/180/180 169/169/169 
f 169/169/169 168/168/168 179/179/179 
f 180/180/180 181/181/181 170/170/170 
f 170/170/170 169/169/169 180/180/180 
f 181/181/181 182/182/182 171/171/171 
f 171/171/171 170/170/170 181/181/181 
f 182/182/182 183/183/183 172/172/172 
f 172/172/172 171/171/171 182/182/182 
f 183/183/183 184/184/184 173/173/173 
f 173/173/173 172/172/172 183/183/183 
f 184/184/184 185/185/185 174/174/174 
f 174/174/174 173/173/173 184/184/184 
f 185/185/185 186/186/186 175/175/175 
f 175/175/175 174/174/174 185/185/185 
f 186/186/186 187/187/187 176/176/176 
f 176/176/176 175/175/175 186/186/186 
f 188/188/188 189/189/189 178/178/178 
f 178/178/178 177/177/177 188/188/188 
f 189/189/189 190/190/190 179/179/179 
f 179/179/179 178/178/178 189/189/189 
f 190/190/190 191/191/191 180/180/180 
f 180/180/180 179/179/179 190/190/190 
f 191/191/191 192/192/192 181/181/181 
f 181/181/181 180/180/180 191/191/191 
f 192/192/192 193/193/193 182/182/182 
f 182/182/182 181/181/181 192/192/192 
f 193/193/193 194/194/194 183/183/183 
f 183/183/183 182/182/182 193/193/193 
f 194/194/194 195/195/195 184/184/184 
f 184/184/184 183/183/183 194/194/194 
f 195/195/195 196/196/196 185/185/185 
f 185/185/185 184/184/184 195/195/195 
f 196/196/196 197/197/197 186/186/186 
f 186/186/186 185/185/185 196/196/196 
f 197/197/197 198/198/198 187/187/187 
f 187/187/187 186/186/186 197/197/197 
f 199/199/199 200/200/200 189/189/189 
f 189/189/189 188/188/188 199/199/199 
f 200/200/200 201/201/201 190/190/190 
f 190/190/190 189/189/189 200/200/200 
f 201/201/201 202/202/202 191/191/191 
f 191/191/191 190/190/190 201/201/201 
f 202/202/202 203/203/203 192/192/192 
f 192/192/192 191/191/191 202/202/202 
f 203/203/203 204/204/204 193/193/193 
f 193/193/193 192/192/192 203/203/203 
f 204/204/204 205/205/205 194/194/194 
f 194/194/194 193/193/193 204/204/204 
f 205/205/205 206/206/206 195/195/195 
f 195/195/195 194/194/194 205/205/205 
f 206/206/206 207/207/207 196/196/196 
f 196/196/196 195/195/195 206/206/206 
f 207/207/207 208/208/208 197/197/197 
f 197/197/197 196/196/196 207/207/207 
f 208/208/208 209/209/209 198/198/198 
f 198/198/198 197/197/197 208/208/208 
f 210/210/210 211/211/211 200/200/200 
f 200/200/200 199/199/199 210/210/210 
f 211/211/211 212/212/212 201/201/201 
f 201/201/201 200/200/200 211/211/211 
f 212/212/212 213/213/213 202/202/202 
f 202/202/202 201/201/201 212/212/212 
f 213/213/213 214/214/214 203/203/203 
f 203/203/203 202/202/202 213/213/213 
f 214/214/214 215/215/215 204/204/204 
f 204/204/204 203/203/203 214/214/214 
f 215/215/215 216/216/216 205/205/205 
f 205/205/205 204/204/204 215/215/215 
f 216/216/216 217/217/217 206/206/206 
f 206/206/206 205/205/205 216/216/216 
f 217/217/217 218/218/218 207/207/207 
f 207/207/207 206/206/206 217/217/217 
f 218/218/218 219/219/219 208/208/208 
f 208/208/208 207/207/207 218/218/218 
f 219/219/219 220/220/220 209/209/209 
f 209/209/209 208/208/208 219/219/219 
f 221/221/221 222/222/222 211/211/211 
f 211/211/211 210/210/210 221/221/221 
f 222/222/222 223/223/223 212/212/212 
f 212/212/212 211/211/211 222/222/222 
f 223/223/223 224/224/224 213/213/213 
f 213/213/213 212/212/212 223/223/223 
f 224/224/224 225/225/225 214/214/214 
f 214/214/214 213/213/213 224/224/224 
f 225/225/225 226/226/226 215/215/215 
f 215/215/215 214/214/214 225/225/225 
f 226/226/226 227/227/227 216/216/216 
f 216/216/216 215/215/215 226/226/226 
f 227/227/227 228/228/228 217/217/217 
f 217/217/217 216/216/216 227/227/227 
f 228/228/228 229/229/229 218/218/218 
f 218/218/218 217/217/217 228/228/228 
f 229/229/229 230/230/230 219/219/219 
f 219/219/219 218/218/218 229/229/229 
f 230/230/230 231/231/231 220/220/220 
f 220/220/220 219/219/219 230/230/230 
f 232/232/232 233/233/233 222/222/222 
f 222/222/222 221/221/221 232/232/232 
f 233/233/233 234/234/234 223/223/223 
f 223/223/223 222/222/222 233/233/233 
f 234/234/234 235/235/235 224/224/224 
f 224/224/224 223/223/223 234/234/234 
f 235/235/235 236/236/236 225/225/225 
f 225/225/225 224/224/224 235/235/235 
f 236/236/236 237/237/237 226/226/226 
f 226/226/226 225/225/225 236/236/236 
f 237/237/237 238/238/238 227/227/227 
f 227/227/227 226/226/226 237/237/237 
f 238/238/238 239/239/239 228/228/228 
f 228/228/228 227/227/227 238/238/238 
f 239/239/239 240/240/240 229/229/229 
f 229/229/229 228/228/228 239/239/239 
f 240/240/240 241/241/241 230/230/230 
f 230/230/230 229/229/229 240/240/240 
f 241/241/241 242/242/242 231/231/231 
f 231/231/231 230/230/230 241/241/241 
f 243/243/243 244/244/244 245/245/245 
f 245/245/245 246/246/246 243/243/243 
f 247/247/247 248/248/248 249/249/249 
f 249/249/249 250/250/250 247/247/247 
f 251/251/251 252/252/252 253/253/253 
f 253/253/253 254/254/254 251/251/251 
f 255/255/255 256/256/256 257/257/257 
f 257/257/257 258/258/258 255/255/255 
f 259/259/259 260/260/260 261/261/261 
f 261/261/261 262/262/262 259/259/259 
f 263/263/263 264/264/264 265/265/265 
f 265/265/265 266/266/266 263/263/263 
f 267/267/267 268/268/268 269/269/269 
f 269/269/269 270/270/270 267/267/267 
f 271/271/271 272/272/272 273/273/273 
f 273/273/273 274/274/274 271/271/271 
f 275/275/275 276/276/276 277/277/277 
f 277/277/277 278/278/278 275/275/275 
f 279/279/279 280/280/280 281/281/281 
f 281/281/281 282/282/282 279/279/279 
f 283/283/283 284/284/284 285/285/285 
f 285/285/285 286/286/286 283/283/283 
f 287/287/287 288/288/288 289/289/289 
f 289/289/289 290/290/290 287/287/287 
f 291/291/291 292/292/292 293/293/293 
f 293/293/293 294/294/294 291/291/291 
f 295/295/295 296/296/296 297/297/297 
f 297/297/297 298/298/298 295/295/295 
f 299/299/299 300/300/300 301/301/301 
f 301/301/301 302/302/302 299/299/299 
f 303/303/303 304/304/304 305/305/305 
f 305/305/305 306/306/306 303/303/303 
f 307/307/307 308/308/308 309/309/309 
f 309/309/309 310/310/310 307/307/307 
f 311/311/311 312/312/312 313/313/313 
f 313/313/313 314/314/314 311/311/311 
f 315/315/315 316/316/316 317/317/317 
f 317/317/317 318/318/318 315/315/315 
f 319/319/319 320/320/320 321/321/321 
f 321/321/321 322/322/322 319/319/319 
f 323/323/323 324/324/324 325/325/325 
f 325/325/325 326/326/326 323/323/323 
f 327/327/327 328/328/328 329/329/329 
f 329/329/329 330/330/330 327/327/327 
f 331/331/331 332/332/332 333/333/333 
f 333/333/333 334/334/334 331/331/331 
f 335/335/335 336/336/336 337/337/337 
f 337/337/337 338/338/338 335/335/335 
f 339/339/339 340/340/340 341/341/341 
f 341/341/341 342/342/342 339/339/339 
f 343/343/343 344/344/344 345/345/345 
f 345/345/345 346/346/346 343/343/343 
f 347/347/347 348/348/348 349/349/349 
f 349/349/349 350/350/350 347/347/347 
f 351/351/351 352/352/352 353/353/353 
f 353/353/353 354/354/354 351/351/351 
f 355/355/355 356/356/356 357/357/357 
f 357/357/357 358/358/358 355/355/355 
f 359/359/359 360/360/360 361/361/361 
f 361/361/361 362/362/362 359/359/359 
f 363/363/363 364/364/364 365/365/365 
f 365/365/365 366/366/366 363/363/363 
f 367/367/367 368/368/368 369/369/369 
f 369/369/369 370/370/370 367/367/367 
f 371/371/371 372/372/372 373/373/373 
f 373/373/373 374/374/374 371/371/371 
f 375/375/375 376/376/376 377/377/377 
f 377/377/377 378/378/378 375/375/375 
f 379/379/379 380/380/380 381/381/381 
f 381/381/381 382/382/382 379/379/379 
f 383/383/383 384/384/384 385/385/385 
f 385/385/385 386/386/386 383/383/383 
f 387/387/387 388/388/388 389/389/389 
f 389/389/389 390/390/390 387/387/387 
f 391/391/391 392/392/392 393/393/393 
f 393/393/393 394/394/394 391/391/391 
f 395/395/395 396/396/396 397/397/397 
f 397/397/397 398/398/398 395/395/395 
f 399/399/399 400/400/400 401/401/401 
f 401/401/401 402/402/402 399/399/399 
f 403/403/403 404/404/404 405/405/405 
f 405/405/405 406/406/406 403/403/403 
f 406/406/406 405/405/405 407/407/407 
f 407/407/407 408/408/408 406/406/406 
f 407/407/407 409/409/409 410/410/410 
f 410/410/410 408/408/408 407/407/407 
f 409/409/409 411/411/411 412/412/412 
f 412/412/412 410/410/410 409/409/409 
f 404/404/404 413/413/413 414/414/414 
f 414/414/414 405/405/405 404/404/404 
f 405/405/405 414/414/414 415/415/415 
f 415/415/415 407/407/407 405/405/405 
f 415/415/415 416/416/416 409/409/409 
f 409/409/409 407/407/407 415/415/415 
f 416/416/416 417/417/417 411/411/411 
f 411/411/411 409/409/409 416/416/416 
f 413/413/413 418/418/418 419/419/419 
f 419/419/419 414/414/414 413/413/413 
f 414/414/414 419/419/419 420/420/420 
f 420/420/420 415/415/415 414/414/414 
f 420/420/420 421/421/421 416/416/416 
f 416/416/416 415/415/415 420/420/420 
f 421/421/421 422/422/422 417/417/417 
f 417/417/417 416/416/416 421/421/421 
f 418/418/418 423/423/423 424/424/424 
f 424/424/424 419/419/419 418/418/418 
f 419/419/419 424/424/424 425/425/425 
f 425/425/425 420/420/420 419/419/419 
f 420/420/420 425/425/425 426/426/426 
f 426/426/426 421/421/421 420/420/420 
f 421/421/421 426/426/426 427/427/427 
f 427/427/427 422/422/422 421/421/421 
f 428/428/428 429/429/429 424/424/424 
f 424/424/424 423/423/423 428/428/428 
f 429/429/429 430/430/430 425/425/425 
f 425/425/425 424/424/424 429/429/429 
f 430/430/430 431/431/431 426/426/426 
f 426/426/426 425/425/425 430/430/430 
f 431/431/431 432/432/432 427/427/427 
f 427/427/427 426/426/426 431/431/431 
f 433/433/433 434/434/434 435/435/435 
f 435/435/435 436/436/436 433/433/433 
f 436/436/436 435/435/435 437/437/437 
f 437/437/437 438/438/438 436/436/436 
f 438/438/438 437/437/437 439/439/439 
f 439/439/439 440/440/440 438/438/438 
f 440/440/440 439/439/439 441/441/441 
f 441/441/441 442/442/442 440/440/440 
f 406/406/406 443/443/443 403/403/403 
f 408/408/408 444/444/444 406/406/406 
f 410/410/410 445/445/445 408/408/408 
f 412/412/412 446/446/446 410/410/410 
f 447/447/447 448/448/448 449/449/449 
f 449/449/449 450/450/450 451/451/451 
f 451/451/451 452/452/452 453/453/453 
f 453/453/453 454/454/454 455/455/455 
f 440/440/440 442/442/442 432/432/432 
f 432/432/432 431/431/431 440/440/440 
f 438/438/438 440/440/440 431/431/431 
f 431/431/431 430/430/430 438/438/438 
f 436/436/436 438/438/438 430/430/430 
f 430/430/430 429/429/429 436/436/436 
f 433/433/433 436/436/436 429/429/429 
f 429/429/429 428/428/428 433/433/433 
f 403/403/403 456/456/456 457/457/457 
f 457/457/457 404/404/404 403/403/403 
f 456/456/456 458/458/458 459/459/459 
f 459/459/459 457/457/457 456/456/456 
f 460/460/460 461/461/461 459/459/459 
f 459/459/459 458/458/458 460/460/460 
f 412/412/412 411/411/411 461/461/461 
f 461/461/461 460/460/460 412/412/412 
f 404/404/404 457/457/457 462/462/462 
f 462/462/462 413/413/413 404/404/404 
f 457/457/457 459/459/459 463/463/463 
f 463/463/463 462/462/462 457/457/457 
f 461/461/461 464/464/464 463/463/463 
f 463/463/463 459/459/459 461/461/461 
f 411/411/411 417/417/417 464/464/464 
f 464/464/464 461/461/461 411/411/411 
f 413/413/413 462/462/462 465/465/465 
f 465/465/465 418/418/418 413/413/413 
f 462/462/462 463/463/463 466/466/466 
f 466/466/466 465/465/465 462/462/462 
f 464/464/464 467/467/467 466/466/466 
f 466/466/466 463/463/463 464/464/464 
f 417/417/417 422/422/422 467/467/467 
f 467/467/467 464/464/464 417/417/417 
f 418/418/418 465/465/465 468/468/468 
f 468/468/468 423/423/423 418/418/418 
f 465/465/465 466/466/466 469/469/469 
f 469/469/469 468/468/468 465/465/465 
f 466/466/466 467/467/467 470/470/470 
f 470/470/470 469/469/469 466/466/466 
f 467/467/467 422/422/422 427/427/427 
f 427/427/427 470/470/470 467/467/467 
f 468/468/468 471/471/471 428/428/428 
f 428/428/428 423/423/423 468/468/468 
f 469/469/469 472/472/472 471/471/471 
f 471/471/471 468/468/468 469/469/469 
f 470/470/470 473/473/473 472/472/472 
f 472/472/472 469/469/469 470/470/470 
f 427/427/427 432/432/432 473/473/473 
f 473/473/473 470/470/470 427/427/427 
f 433/433/433 474/474/474 475/475/475 
f 475/475/475 434/434/434 433/433/433 
f 474/474/474 476/476/476 477/477/477 
f 477/477/477 475/475/475 474/474/474 
f 476/476/476 478/478/478 479/479/479 
f 479/479/479 477/477/477 476/476/476 
f 478/478/478 442/442/442 441/441/441 
f 441/441/441 479/479/479 478/478/478 
f 456/456/456 403/403/403 443/443/443 
f 458/458/458 456/456/456 444/444/444 
f 460/460/460 458/458/458 445/445/445 
f 412/412/412 460/460/460 446/446/446 
f 447/447/447 480/480/480 448/448/448 
f 480/480/480 481/481/481 450/450/450 
f 481/481/481 482/482/482 452/452/452 
f 482/482/482 455/455/455 454/454/454 
f 432/432/432 442/442/442 478/478/478 
f 478/478/478 473/473/473 432/432/432 
f 473/473/473 478/478/478 476/476/476 
f 476/476/476 472/472/472 473/473/473 
f 472/472/472 476/476/476 474/474/474 
f 474/474/474 471/471/471 472/472/472 
f 471/471/471 474/474/474 433/433/433 
f 433/433/433 428/428/428 471/471/471 
f 434/434/434 447/447/447 449/449/449 
f 449/449/449 435/435/435 434/434/434 
f 480/480/480 447/447/447 434/434/434 
f 434/434/434 475/475/475 480/480/480 
f 481/481/481 480/480/480 475/475/475 
f 475/475/475 477/477/477 481/481/481 
f 482/482/482 481/481/481 477/477/477 
f 477/477/477 479/479/479 482/482/482 
f 455/455/455 482/482/482 479/479/479 
f 479/479/479 441/441/441 455/455/455 
f 439/439/439 453/453/453 455/455/455 
f 455/455/455 441/441/441 439/439/439 
f 437/437/437 451/451/451 453/453/453 
f 453/453/453 439/439/439 437/437/437 
f 435/435/435 449/449/449 451/451/451 
f 451/451/451 437/437/437 435/435/435 
f 483/483/483 484/484/484 485/485/485 
f 485/485/485 484/484/484 486/486/486 
f 486/486/486 484/484/484 487/487/487 
f 487/487/487 484/484/484 488/488/488 
f 488/488/488 484/484/484 489/489/489 
f 489/489/489 484/484/484 490/490/490 
f 490/490/490 484/484/484 491/491/491 
f 491/491/491 484/484/484 492/492/492 
f 492/492/492 484/484/484 493/493/493 
f 493/493/493 484/484/484 494/494/494 
f 494/494/494 484/484/484 495/495/495 
f 495/495/495 484/484/484 483/483/483 
f 496/496/496 497/497/497 498/498/498 
f 498/498/498 499/499/499 496/496/496 
f 500/500/500 496/496/496 499/499/499 
f 499/499/499 501/501/501 500/500/500 
f 502/502/502 500/500/500 501/501/501 
f 501/501/501 503/503/503 502/502/502 
f 504/504/504 502/502/502 503/503/503 
f 503/503/503 505/505/505 504/504/504 
f 506/506/506 504/504/504 505/505/505 
f 505/505/505 507/507/507 506/506/506 
f 508/508/508 506/506/506 507/507/507 
f 507/507/507 509/509/509 508/508/508 
f 510/510/510 508/508/508 509/509/509 
f 509/509/509 511/511/511 510/510/510 
f 512/512/512 510/510/510 511/511/511 
f 511/511/511 513/513/513 512/512/512 
f 514/514/514 512/512/512 513/513/513 
f 513/513/513 515/515/515 514/514/514 
f 516/516/516 514/514/514 515/515/515 
f 515/515/515 517/517/517 516/516/516 
f 518/518/518 516/516/516 517/517/517 
f 517/517/517 519/519/519 518/518/518 
f 520/520/520 518/518/518 519/519/519 
f 519/519/519 521/521/521 520/520/520 
f 499/499/499 498/498/498 522/522/522 
f 522/522/522 523/523/523 499/499/499 
f 501/501/501 499/499/499 523/523/523 
f 523/523/523 524/524/524 501/501/501 
f 503/503/503 501/501/501 524/524/524 
f 524/524/524 525/525/525 503/503/503 
f 505/505/505 503/503/503 525/525/525 
f 525/525/525 526/526/526 505/505/505 
f 507/507/507 505/505/505 526/526/526 
f 526/526/526 527/527/527 507/507/507 
f 509/509/509 507/507/507 527/527/527 
f 527/527/527 528/528/528 509/509/509 
f 511/511/511 509/509/509 528/528/528 
f 528/528/528 529/529/529 511/511/511 
f 513/513/513 511/511/511 529/529/529 
f 529/529/529 530/530/530 513/513/513 
f 515/515/515 513/513/513 530/530/530 
f 530/530/530 531/531/531 515/515/515 
f 517/517/517 515/515/515 531/531/531 
f 531/531/531 532/532/532 517/517/517 
f 519/519/519 517/517/517 532/532/532 
f 532/532/532 533/533/533 519/519/519 
f 521/521/521 519/519/519 533/533/533 
f 533/533/533 534/534/534 521/521/521 
f 535/535/535 536/536/536 537/537/537 
f 536/536/536 538/538/538 537/537/537 
f 538/538/538 539/539/539 537/537/537 
f 539/539/539 540/540/540 537/537/537 
f 540/540/540 541/541/541 537/537/537 
f 541/541/541 542/542/542 537/537/537 
f 542/542/542 543/543/543 537/537/537 
f 543/543/543 544/544/544 537/537/537 
f 544/544/544 545/545/545 537/537/537 
f 545/545/545 546/546/546 537/537/537 
f 546/546/546 547/547/547 537/537/537 
f 547/547/547 535/535/535 537/537/537 
f 548/548/548 549/549/549 550/550/550 
f 550/550/550 551/551/551 548/548/548 
f 551/551/551 550/550/550 552/552/552 
f 552/552/552 553/553/553 551/551/551 
f 553/553/553 552/552/552 554/554/554 
f 554/554/554 555/555/555 553/553/553 
f 555/555/555 554/554/554 556/556/556 
f 556/556/556 557/557/557 555/555/555 
f 557/557/557 556/556/556 558/558/558 
f 558/558/558 559/559/559 557/557/557 
f 559/559/559 558/558/558 560/560/560 
f 560/560/560 561/561/561 559/559/559 
f 561/561/561 560/560/560 562/562/562 
f 562/562/562 563/563/563 561/561/561 
f 563/563/563 562/562/562 564/564/564 
f 564/564/564 565/565/565 563/563/563 
f 565/565/565 564/564/564 566/566/566 
f 566/566/566 567/567/567 565/565/565 
f 567/567/567 566/566/566 568/568/568 
f 568/568/568 569/569/569 567/567/567 
f 569/569/569 568/568/568 570/570/570 
f 570/570/570 571/571/571 569/569/569 
f 571/571/571 570/570/570 572/572/572 
f 572/572/572 573/573/573 571/571/571 
f 522/522/522 548/548/548 551/551/551 
f 551/551/551 523/523/523 522/522/522 
f 523/523/523 551/551/551 553/553/553 
f 553/553/553 524/524/524 523/523/523 
f 524/524/524 553/553/553 555/555/555 
f 555/555/555 525/525/525 524/524/524 
f 525/525/525 555/555/555 557/557/557 
f 557/557/557 526/526/526 525/525/525 
f 526/526/526 557/557/557 559/559/559 
f 559/559/559 527/527/527 526/526/526 
f 527/527/527 559/559/559 561/561/561 
f 561/561/561 528/528/528 527/527/527 
f 528/528/528 561/561/561 563/563/563 
f 563/563/563 529/529/529 528/528/528 
f 529/529/529 563/563/563 565/565/565 
f 565/565/565 530/530/530 529/529/529 
f 530/530/530 565/565/565 567/567/567 
f 567/567/567 531/531/531 530/530/530 
f 531/531/531 567/567/567 569/569/569 
f 569/569/569 532/532/532 531/531/531 
f 532/532/532 569/569/569 571/571/571 
f 571/571/571 533/533/533 532/532/532 
f 533/533/533 571/571/571 573/573/573 
f 573/573/573 534/534/534 533/533/533 
f 574/574/574 575/575/575 576/576/576 
f 576/576/576 577/577/577 574/574/574 
f 575/575/575 578/578/578 579/579/579 
f 579/579/579 576/576/576 575/575/575 
f 580/580/580 581/581/581 579/579/579 
f 579/579/579 578/578/578 580/580/580 
f 582/582/582 583/583/583 581/581/581 
f 581/581/581 580/580/580 582/582/582 
f 577/577/577 576/576/576 584/584/584 
f 584/584/584 585/585/585 577/577/577 
f 576/576/576 579/579/579 586/586/586 
f 586/586/586 584/584/584 576/576/576 
f 581/581/581 587/587/587 586/586/586 
f 586/586/586 579/579/579 581/581/581 
f 583/583/583 588/588/588 587/587/587 
f 587/587/587 581/581/581 583/583/583 
f 585/585/585 584/584/584 589/589/589 
f 589/589/589 590/590/590 585/585/585 
f 584/584/584 586/586/586 591/591/591 
f 591/591/591 589/589/589 584/584/584 
f 587/587/587 592/592/592 591/591/591 
f 591/591/591 586/586/586 587/587/587 
f 588/588/588 593/593/593 592/592/592 
f 592/592/592 587/587/587 588/588/588 
f 590/590/590 589/589/589 594/594/594 
f 594/594/594 595/595/595 590/590/590 
f 589/589/589 591/591/591 596/596/596 
f 596/596/596 594/594/594 589/589/589 
f 591/591/591 592/592/592 597/597/597 
f 597/597/597 596/596/596 591/591/591 
f 592/592/592 593/593/593 598/598/598 
f 598/598/598 597/597/597 592/592/592 
f 594/594/594 599/599/599 600/600/600 
f 600/600/600 595/595/595 594/594/594 
f 596/596/596 601/601/601 599/599/599 
f 599/599/599 594/594/594 596/596/596 
f 597/597/597 602/602/602 601/601/601 
f 601/601/601 596/596/596 597/597/597 
f 598/598/598 603/603/603 602/602/602 
f 602/602/602 597/597/597 598/598/598 
f 604/604/604 605/605/605 606/606/606 
f 606/606/606 607/607/607 604/604/604 
f 605/605/605 608/608/608 609/609/609 
f 609/609/609 606/606/606 605/605/605 
f 608/608/608 610/610/610 611/611/611 
f 611/611/611 609/609/609 608/608/608 
f 610/610/610 612/612/612 613/613/613 
f 613/613/613 611/611/611 610/610/610 
f 575/575/575 574/574/574 614/614/614 
f 578/578/578 575/575/575 615/615/615 
f 580/580/580 578/578/578 616/616/616 
f 582/582/582 580/580/580 617/617/617 
f 618/618/618 619/619/619 620/620/620 
f 619/619/619 621/621/621 622/622/622 
f 621/621/621 623/623/623 624/624/624 
f 623/623/623 625/625/625 626/626/626 
f 603/603/603 612/612/612 610/610/610 
f 610/610/610 602/602/602 603/603/603 
f 602/602/602 610/610/610 608/608/608 
f 608/608/608 601/601/601 602/602/602 
f 601/601/601 608/608/608 605/605/605 
f 605/605/605 599/599/599 601/601/601 
f 599/599/599 605/605/605 604/604/604 
f 604/604/604 600/600/600 599/599/599 
f 574/574/574 577/577/577 627/627/627 
f 627/627/627 628/628/628 574/574/574 
f 628/628/628 627/627/627 629/629/629 
f 629/629/629 630/630/630 628/628/628 
f 629/629/629 631/631/631 632/632/632 
f 632/632/632 630/630/630 629/629/629 
f 631/631/631 583/583/583 582/582/582 
f 582/582/582 632/632/632 631/631/631 
f 577/577/577 585/585/585 633/633/633 
f 633/633/633 627/627/627 577/577/577 
f 627/627/627 633/633/633 634/634/634 
f 634/634/634 629/629/629 627/627/627 
f 634/634/634 635/635/635 631/631/631 
f 631/631/631 629/629/629 634/634/634 
f 635/635/635 588/588/588 583/583/583 
f 583/583/583 631/631/631 635/635/635 
f 585/585/585 590/590/590 636/636/636 
f 636/636/636 633/633/633 585/585/585 
f 633/633/633 636/636/636 637/637/637 
f 637/637/637 634/634/634 633/633/633 
f 637/637/637 638/638/638 635/635/635 
f 635/635/635 634/634/634 637/637/637 
f 638/638/638 593/593/593 588/588/588 
f 588/588/588 635/635/635 638/638/638 
f 590/590/590 595/595/595 639/639/639 
f 639/639/639 636/636/636 590/590/590 
f 636/636/636 639/639/639 640/640/640 
f 640/640/640 637/637/637 636/636/636 
f 637/637/637 640/640/640 641/641/641 
f 641/641/641 638/638/638 637/637/637 
f 638/638/638 641/641/641 598/598/598 
f 598/598/598 593/593/593 638/638/638 
f 600/600/600 642/642/642 639/639/639 
f 639/639/639 595/595/595 600/600/600 
f 642/642/642 643/643/643 640/640/640 
f 640/640/640 639/639/639 642/642/642 
f 643/643/643 644/644/644 641/641/641 
f 641/641/641 640/640/640 643/643/643 
f 644/644/644 603/603/603 598/598/598 
f 598/598/598 641/641/641 644/644/644 
f 604/604/604 607/607/607 645/645/645 
f 645/645/645 646/646/646 604/604/604 
f 646/646/646 645/645/645 647/647/647 
f 647/647/647 648/648/648 646/646/646 
f 648/648/648 647/647/647 649/649/649 
f 649/649/649 650/650/650 648/648/648 
f 650/650/650 649/649/649 613/613/613 
f 613/613/613 612/612/612 650/650/650 
f 628/628/628 614/614/614 574/574/574 
f 630/630/630 615/615/615 628/628/628 
f 632/632/632 616/616/616 630/630/630 
f 582/582/582 617/617/617 632/632/632 
f 618/618/618 620/620/620 651/651/651 
f 651/651/651 622/622/622 652/652/652 
f 652/652/652 624/624/624 653/653/653 
f 653/653/653 626/626/626 625/625/625 
f 650/650/650 612/612/612 603/603/603 
f 603/603/603 644/644/644 650/650/650 
f 648/648/648 650/650/650 644/644/644 
f 644/644/644 643/643/643 648/648/648 
f 646/646/646 648/648/648 643/643/643 
f 643/643/643 642/642/642 646/646/646 
f 604/604/604 646/646/646 642/642/642 
f 642/642/642 600/600/600 604/604/604 
f 607/607/607 606/606/606 619/619/619 
f 619/619/619 618/618/618 607/607/607 
f 607/607/607 618/618/618 651/651/651 
f 651/651/651 645/645/645 607/607/607 
f 645/645/645 651/651/651 652/652/652 
f 652/652/652 647/647/647 645/645/645 
f 647/647/647 652/652/652 653/653/653 
f 653/653/653 649/649/649 647/647/647 
f 649/649/649 653/653/653 625/625/625 
f 625/625/625 613/613/613 649/649/649 
f 611/611/611 613/613/613 625/625/625 
f 625/625/625 623/623/623 611/611/611 
f 609/609/609 611/611/611 623/623/623 
f 623/623/623 621/621/621 609/609/609 
f 606/606/606 609/609/609 621/621/621 
f 621/621/621 619/619/619 606/606/606 
f 654/654/654 655/655/655 656/656/656 
f 655/655/655 657/657/657 656/656/656 
f 657/657/657 658/658/658 656/656/656 
f 658/658/658 659/659/659 656/656/656 
f 659/659/659 660/660/660 656/656/656 
f 660/660/660 661/661/661 656/656/656 
f 661/661/661 662/662/662 656/656/656 
f 662/662/662 663/663/663 656/656/656 
f 663/663/663 664/664/664 656/656/656 
f 664/664/664 665/665/665 656/656/656 
f 665/665/665 666/666/666 656/656/656 
f 666/666/666 654/654/654 656/656/656 
f 667/667/667 668/668/668 669/669/669 
f 669/669/669 670/670/670 667/667/667 
f 670/670/670 669/669/669 671/671/671 
f 671/671/671 672/672/672 670/670/670 
f 672/672/672 671/671/671 673/673/673 
f 673/673/673 674/674/674 672/672/672 
f 674/674/674 673/673/673 675/675/675 
f 675/675/675 676/676/676 674/674/674 
f 676/676/676 675/675/675 677/677/677 
f 677/677/677 678/678/678 676/676/676 
f 678/678/678 677/677/677 679/679/679 
f 679/679/679 680/680/680 678/678/678 
f 680/680/680 679/679/679 681/681/681 
f 681/681/681 682/682/682 680/680/680 
f 682/682/682 681/681/681 683/683/683 
f 683/683/683 684/684/684 682/682/682 
f 684/684/684 683/683/683 685/685/685 
f 685/685/685 686/686/686 684/684/684 
f 686/686/686 685/685/685 687/687/687 
f 687/687/687 688/688/688 686/686/686 
f 688/688/688 687/687/687 689/689/689 
f 689/689/689 690/690/690 688/688/688 
f 690/690/690 689/689/689 691/691/691 
f 691/691/691 692/692/692 690/690/690 
f 693/693/693 667/667/667 670/670/670 
f 670/670/670 694/694/694 693/693/693 
f 694/694/694 670/670/670 672/672/672 
f 672/672/672 695/695/695 694/694/694 
f 695/695/695 672/672/672 674/674/674 
f 674/674/674 696/696/696 695/695/695 
f 696/696/696 674/674/674 676/676/676 
f 676/676/676 697/697/697 696/696/696 
f 697/697/697 676/676/676 678/678/678 
f 678/678/678 698/698/698 697/697/697 
f 698/698/698 678/678/678 680/680/680 
f 680/680/680 699/699/699 698/698/698 
f 699/699/699 680/680/680 682/682/682 
f 682/682/682 700/700/700 699/699/699 
f 700/700/700 682/682/682 684/684/684 
f 684/684/684 701/701/701 700/700/700 
f 701/701/701 684/684/684 686/686/686 
f 686/686/686 702/702/702 701/701/701 
f 702/702/702 686/686/686 688/688/688 
f 688/688/688 703/703/703 702/702/702 
f 703/703/703 688/688/688 690/690/690 
f 690/690/690 704/704/704 703/703/703 
f 704/704/704 690/690/690 692/692/692 
f 692/692/692 705/705/705 704/704/704 
f 706/706/706 707/707/707 708/708/708 
f 708/708/708 707/707/707 709/709/709 
f 709/709/709 707/707/707 710/710/710 
f 710/710/710 707/707/707 711/711/711 
f 711/711/711 707/707/707 712/712/712 
f 712/712/712 707/707/707 713/713/713 
f 713/713/713 707/707/707 714/714/714 
f 714/714/714 707/707/707 715/715/715 
f 715/715/715 707/707/707 716/716/716 
f 716/716/716 707/707/707 717/717/717 
f 717/717/717 707/707/707 718/718/718 
f 718/718/718 707/707/707 706/706/706 
f 719/719/719 720/720/720 721/721/721 
f 721/721/721 722/722/722 719/719/719 
f 723/723/723 719/719/719 722/722/722 
f 722/722/722 724/724/724 723/723/723 
f 725/725/725 723/723/723 724/724/724 
f 724/724/724 726/726/726 725/725/725 
f 727/727/727 725/725/725 726/726/726 
f 726/726/726 728/728/728 727/727/727 
f 729/729/729 727/727/727 728/728/728 
f 728/728/728 730/730/730 729/729/729 
f 731/731/731 729/729/729 730/730/730 
f 730/730/730 732/732/732 731/731/731 
f 733/733/733 731/731/731 732/732/732 
f 732/732/732 734/734/734 733/733/733 
f 735/735/735 733/733/733 734/734/734 
f 734/734/734 736/736/736 735/735/735 
f 737/737/737 735/735/735 736/736/736 
f 736/736/736 738/738/738 737/737/737 
f 739/739/739 737/737/737 738/738/738 
f 738/738/738 740/740/740 739/739/739 
f 741/741/741 739/739/739 740/740/740 
f 740/740/740 742/742/742 741/741/741 
f 743/743/743 741/741/741 742/742/742 
f 742/742/742 744/744/744 743/743/743 
f 722/722/722 721/721/721 693/693/693 
f 693/693/693 694/694/694 722/722/722 
f 724/724/724 722/722/722 694/694/694 
f 694/694/694 695/695/695 724/724/724 
f 726/726/726 724/724/724 695/695/695 
f 695/695/695 696/696/696 726/726/726 
f 728/728/728 726/726/726 696/696/696 
f 696/696/696 697/697/697 728/728/728 
f 730/730/730 728/728/728 697/697/697 
f 697/697/697 698/698/698 730/730/730 
f 732/732/732 730/730/730 698/698/698 
f 698/698/698 699/699/699 732/732/732 
f 734/734/734 732/732/732 699/699/699 
f 699/699/699 700/700/700 734/734/734 
f 736/736/736 734/734/734 700/700/700 
f 700/700/700 701/701/701 736/736/736 
f 738/738/738 736/736/736 701/701/701 
f 701/701/701 702/702/702 738/738/738 
f 740/740/740 738/738/738 702/702/702 
f 702/702/702 703/703/703 740/740/740 
f 742/742/742 740/740/740 703/703/703 
f 703/703/703 704/704/704 742/742/742 
f 744/744/744 742/742/742 704/704/704 
f 704/704/704 705/705/705 744/744/744 
f 745/745/745 746/746/746 747/747/747 
f 747/747/747 748/748/748 745/745/745 
f 746/746/746 749/749/749 750/750/750 
f 750/750/750 747/747/747 746/746/746 
f 751/751/751 752/752/752 750/750/750 
f 750/750/750 749/749/749 751/751/751 
f 753/753/753 754/754/754 752/752/752 
f 752/752/752 751/751/751 753/753/753 
f 748/748/748 747/747/747 755/755/755 
f 755/755/755 756/756/756 748/748/748 
f 747/747/747 750/750/750 757/757/757 
f 757/757/757 755/755/755 747/747/747 
f 752/752/752 758/758/758 757/757/757 
f 757/757/757 750/750/750 752/752/752 
f 754/754/754 759/759/759 758/758/758 
f 758/758/758 752/752/752 754/754/754 
f 756/756/756 755/755/755 760/760/760 
f 760/760/760 761/761/761 756/756/756 
f 755/755/755 757/757/757 762/762/762 
f 762/762/762 760/760/760 755/755/755 
f 758/758/758 763/763/763 762/762/762 
f 762/762/762 757/757/757 758/758/758 
f 759/759/759 764/764/764 763/763/763 
f 763/763/763 758/758/758 759/759/759 
f 761/761/761 760/760/760 765/765/765 
f 765/765/765 766/766/766 761/761/761 
f 760/760/760 762/762/762 767/767/767 
f 767/767/767 765/765/765 760/760/760 
f 762/762/762 763/763/763 768/768/768 
f 768/768/768 767/767/767 762/762/762 
f 763/763/763 764/764/764 769/769/769 
f 769/769/769 768/768/768 763/763/763 
f 765/765/765 770/770/770 771/771/771 
f 771/771/771 766/766/766 765/765/765 
f 767/767/767 772/772/772 770/770/770 
f 770/770/770 765/765/765 767/767/767 
f 768/768/768 773/773/773 772/772/772 
f 772/772/772 767/767/767 768/768/768 
f 769/769/769 774/774/774 773/773/773 
f 773/773/773 768/768/768 769/769/769 
f 775/775/775 776/776/776 777/777/777 
f 777/777/777 778/778/778 775/775/775 
f 776/776/776 779/779/779 780/780/780 
f 780/780/780 777/777/777 776/776/776 
f 779/779/779 781/781/781 782/782/782 
f 782/782/782 780/780/780 779/779/779 
f 781/781/781 783/783/783 784/784/784 
f 784/784/784 782/782/782 781/781/781 
f 746/746/746 745/745/745 785/785/785 
f 749/749/749 746/746/746 786/786/786 
f 751/751/751 749/749/749 787/787/787 
f 753/753/753 751/751/751 788/788/788 
f 789/789/789 790/790/790 791/791/791 
f 790/790/790 792/792/792 793/793/793 
f 792/792/792 794/794/794 795/795/795 
f 794/794/794 796/796/796 797/797/797 
f 774/774/774 783/783/783 781/781/781 
f 781/781/781 773/773/773 774/774/774 
f 773/773/773 781/781/781 779/779/779 
f 779/779/779 772/772/772 773/773/773 
f 772/772/772 779/779/779 776/776/776 
f 776/776/776 770/770/770 772/772/772 
f 770/770/770 776/776/776 775/775/775 
f 775/775/775 771/771/771 770/770/770 
f 745/745/745 748/748/748 798/798/798 
f 798/798/798 799/799/799 745/745/745 
f 799/799/799 798/798/798 800/800/800 
f 800/800/800 801/801/801 799/799/799 
f 800/800/800 802/802/802 803/803/803 
f 803/803/803 801/801/801 800/800/800 
f 802/802/802 754/754/754 753/753/753 
f 753/753/753 803/803/803 802/802/802 
f 748/748/748 756/756/756 804/804/804 
f 804/804/804 798/798/798 748/748/748 
f 798/798/798 804/804/804 805/805/805 
f 805/805/805 800/800/800 798/798/798 
f 805/805/805 806/806/806 802/802/802 
f 802/802/802 800/800/800 805/805/805 
f 806/806/806 759/759/759 754/754/754 
f 754/754/754 802/802/802 806/806/806 
f 756/756/756 761/761/761 807/807/807 
f 807/807/807 804/804/804 756/756/756 
f 804/804/804 807/807/807 808/808/808 
f 808/808/808 805/805/805 804/804/804 
f 808/808/808 809/809/809 806/806/806 
f 806/806/806 805/805/805 808/808/808 
f 809/809/809 764/764/764 759/759/759 
f 759/759/759 806/806/806 809/809/809 
f 761/761/761 766/766/766 810/810/810 
f 810/810/810 807/807/807 761/761/761 
f 807/807/807 810/810/810 811/811/811 
f 811/811/811 808/808/808 807/807/807 
f 808/808/808 811/811/811 812/812/812 
f 812/812/812 809/809/809 808/808/808 
f 809/809/809 812/812/812 769/769/769 
f 769/769/769 764/764/764 809/809/809 
f 771/771/771 813/813/813 810/810/810 
f 810/810/810 766/766/766 771/771/771 
f 813/813/813 814/814/814 811/811/811 
f 811/811/811 810/810/810 813/813/813 
f 814/814/814 815/815/815 812/812/812 
f 812/812/812 811/811/811 814/814/814 
f 815/815/815 774/774/774 769/769/769 
f 769/769/769 812/812/812 815/815/815 
f 775/775/775 778/778/778 816/816/816 
f 816/816/816 817/817/817 775/775/775 
f 817/817/817 816/816/816 818/818/818 
f 818/818/818 819/819/819 817/817/817 
f 819/819/819 818/818/818 820/820/820 
f 820/820/820 821/821/821 819/819/819 
f 821/821/821 820/820/820 784/784/784 
f 784/784/784 783/783/783 821/821/821 
f 799/799/799 785/785/785 745/745/745 
f 801/801/801 786/786/786 799/799/799 
f 803/803/803 787/787/787 801/801/801 
f 753/753/753 788/788/788 803/803/803 
f 789/789/789 791/791/791 822/822/822 
f 822/822/822 793/793/793 823/823/823 
f 823/823/823 795/795/795 824/824/824 
f 824/824/824 797/797/797 796/796/796 
f 821/821/821 783/783/783 774/774/774 
f 774/774/774 815/815/815 821/821/821 
f 819/819/819 821/821/821 815/815/815 
f 815/815/815 814/814/814 819/819/819 
f 817/817/817 819/819/819 814/814/814 
f 814/814/814 813/813/813 817/817/817 
f 775/775/775 817/817/817 813/813/813 
f 813/813/813 771/771/771 775/775/775 
f 778/778/778 777/777/777 790/790/790 
f 790/790/790 789/789/789 778/778/778 
f 778/778/778 789/789/789 822/822/822 
f 822/822/822 816/816/816 778/778/778 
f 816/816/816 822/822/822 823/823/823 
f 823/823/823 818/818/818 816/816/816 
f 818/818/818 823/823/823 824/824/824 
f 824/824/824 820/820/820 818/818/818 
f 820/820/820 824/824/824 796/796/796 
f 796/796/796 784/784/784 820/820/820 
f 782/782/782 784/784/784 796/796/796 
f 796/796/796 794/794/794 782/782/782 
f 780/780/780 782/782/782 794/794/794 
f 794/794/794 792/792/792 780/780/780 
f 777/777/777 780/780/780 792/792/792 
f 792/792/792 790/790/790 777/777/777 
f 825/825/825 826/826/826 827/827/827 
f 826/826/826 828/828/828 827/827/827 
f 828/828/828 829/829/829 827/827/827 
f 829/829/829 830/830/830 827/827/827 
f 830/830/830 831/831/831 827/827/827 
f 831/831/831 832/832/832 827/827/827 
f 832/832/832 833/833/833 827/827/827 
f 833/833/833 834/834/834 827/827/827 
f 834/834/834 835/835/835 827/827/827 
f 835/835/835 836/836/836 827/827/827 
f 836/836/836 837/837/837 827/827/827 
f 837/837/837 825/825/825 827/827/827 
f 838/838/838 839/839/839 840/840/840 
f 840/840/840 841/841/841 838/838/838 
f 841/841/841 840/840/840 842/842/842 
f 842/842/842 843/843/843 841/841/841 
f 843/843/843 842/842/842 844/844/844 
f 844/844/844 845/845/845 843/843/843 
f 845/845/845 844/844/844 846/846/846 
f 846/846/846 847/847/847 845/845/845 
f 847/847/847 846/846/846 848/848/848 
f 848/848/848 849/849/849 847/847/847 
f 849/849/849 848/848/848 850/850/850 
f 850/850/850 851/851/851 849/849/849 
f 851/851/851 850/850/850 852/852/852 
f 852/852/852 853/853/853 851/851/851 
f 853/853/853 852/852/852 854/854/854 
f 854/854/854 855/855/855 853/853/853 
f 855/855/855 854/854/854 856/856/856 
f 856/856/856 857/857/857 855/855/855 
f 857/857/857 856/856/856 858/858/858 
f 858/858/858 859/859/859 857/857/857 
f 859/859/859 858/858/858 860/860/860 
f 860/860/860 861/861/861 859/859/859 
f 861/861/861 860/860/860 862/862/862 
f 862/862/862 863/863/863 861/861/861 
f 864/864/864 838/838/838 841/841/841 
f 841/841/841 865/865/865 864/864/864 
f 865/865/865 841/841/841 843/843/843 
f 843/843/843 866/866/866 865/865/865 
f 866/866/866 843/843/843 845/845/845 
f 845/845/845 867/867/867 866/866/866 
f 867/867/867 845/845/845 847/847/847 
f 847/847/847 868/868/868 867/867/867 
f 868/868/868 847/847/847 849/849/849 
f 849/849/849 869/869/869 868/868/868 
f 869/869/869 849/849/849 851/851/851 
f 851/851/851 870/870/870 869/869/869 
f 870/870/870 851/851/851 853/853/853 
f 853/853/853 871/871/871 870/870/870 
f 871/871/871 853/853/853 855/855/855 
f 855/855/855 872/872/872 871/871/871 
f 872/872/872 855/855/855 857/857/857 
f 857/857/857 873/873/873 872/872/872 
f 873/873/873 857/857/857 859/859/859 
f 859/859/859 874/874/874 873/873/873 
f 874/874/874 859/859/859 861/861/861 
f 861/861/861 875/875/875 874/874/874 
f 875/875/875 861/861/861 863/863/863 
f 863/863/863 876/876/876 875/875/875 
f 877/877/877 878/878/878 879/879/879 
f 879/879/879 878/878/878 880/880/880 
f 880/880/880 878/878/878 881/881/881 
f 881/881/881 878/878/878 882/882/882 
f 882/882/882 878/878/878 883/883/883 
f 883/883/883 878/878/878 884/884/884 
f 884/884/884 878/878/878 885/885/885 
f 885/885/885 878/878/878 886/886/886 
f 886/886/886 878/878/878 887/887/887 
f 887/887/887 878/878/878 888/888/888 
f 888/888/888 878/878/878 889/889/889 
f 889/889/889 878/878/878 877/877/877 
f 890/890/890 891/891/891 892/892/892 
f 892/892/892 893/893/893 890/890/890 
f 894/894/894 890/890/890 893/893/893 
f 893/893/893 895/895/895 894/894/894 
f 896/896/896 894/894/894 895/895/895 
f 895/895/895 897/897/897 896/896/896 
f 898/898/898 896/896/896 897/897/897 
f 897/897/897 899/899/899 898/898/898 
f 900/900/900 898/898/898 899/899/899 
f 899/899/899 901/901/901 900/900/900 
f 902/902/902 900/900/900 901/901/901 
f 901/901/901 903/903/903 902/902/902 
f 904/904/904 902/902/902 903/903/903 
f 903/903/903 905/905/905 904/904/904 
f 906/906/906 904/904/904 905/905/905 
f 905/905/905 907/907/907 906/906/906 
f 908/908/908 906/906/906 907/907/907 
f 907/907/907 909/909/909 908/908/908 
f 910/910/910 908/908/908 909/909/909 
f 909/909/909 911/911/911 910/910/910 
f 912/912/912 910/910/910 911/911/911 
f 911/911/911 913/913/913 912/912/912 
f 914/914/914 912/912/912 913/913/913 
f 913/913/913 915/915/915 914/914/914 
f 893/893/893 892/892/892 864/864/864 
f 864/864/864 865/865/865 893/893/893 
f 895/895/895 893/893/893 865/865/865 
f 865/865/865 866/866/866 895/895/895 
f 897/897/897 895/895/895 866/866/866 
f 866/866/866 867/867/867 897/897/897 
f 899/899/899 897/897/897 867/867/867 
f 867/867/867 868/868/868 899/899/899 
f 901/901/901 899/899/899 868/868/868 
f 868/868/868 869/869/869 901/901/901 
f 903/903/903 901/901/901 869/869/869 
f 869/869/869 870/870/870 903/903/903 
f 905/905/905 903/903/903 870/870/870 
f 870/870/870 871/871/871 905/905/905 
f 907/907/907 905/905/905 871/871/871 
f 871/871/871 872/872/872 907/907/907 
f 909/909/909 907/907/907 872/872/872 
f 872/872/872 873/873/873 909/909/909 
f 911/911/911 909/909/909 873/873/873 
f 873/873/873 874/874/874 911/911/911 
f 913/913/913 911/911/911 874/874/874 
f 874/874/874 875/875/875 913/913/913 
f 915/915/915 913/913/913 875/875/875 
f 875/875/875 876/876/876 915/915/915 
f 916/916/916 917/917/917 918/918/918 
f 918/918/918 919/919/919 916/916/916 
f 919/919/919 918/918/918 920/920/920 
f 920/920/920 921/921/921 919/919/919 
f 920/920/920 922/922/922 923/923/923 
f 923/923/923 921/921/921 920/920/920 
f 922/922/922 924/924/924 925/925/925 
f 925/925/925 923/923/923 922/922/922 
f 917/917/917 926/926/926 927/927/927 
f 927/927/927 918/918/918 917/917/917 
f 918/918/918 927/927/927 928/928/928 
f 928/928/928 920/920/920 918/918/918 
f 928/928/928 929/929/929 922/922/922 
f 922/922/922 920/920/920 928/928/928 
f 929/929/929 930/930/930 924/924/924 
f 924/924/924 922/922/922 929/929/929 
f 926/926/926 931/931/931 932/932/932 
f 932/932/932 927/927/927 926/926/926 
f 927/927/927 932/932/932 933/933/933 
f 933/933/933 928/928/928 927/927/927 
f 933/933/933 934/934/934 929/929/929 
f 929/929/929 928/928/928 933/933/933 
f 934/934/934 935/935/935 930/930/930 
f 930/930/930 929/929/929 934/934/934 
f 931/931/931 936/936/936 937/937/937 
f 937/937/937 932/932/932 931/931/931 
f 932/932/932 937/937/937 938/938/938 
f 938/938/938 933/933/933 932/932/932 
f 933/933/933 938/938/938 939/939/939 
f 939/939/939 934/934/934 933/933/933 
f 934/934/934 939/939/939 940/940/940 
f 940/940/940 935/935/935 934/934/934 
f 941/941/941 942/942/942 937/937/937 
f 937/937/937 936/936/936 941/941/941 
f 942/942/942 943/943/943 938/938/938 
f 938/938/938 937/937/937 942/942/942 
f 943/943/943 944/944/944 939/939/939 
f 939/939/939 938/938/938 943/943/943 
f 944/944/944 945/945/945 940/940/940 
f 940/940/940 939/939/939 944/944/944 
f 946/946/946 947/947/947 948/948/948 
f 948/948/948 949/949/949 946/946/946 
f 949/949/949 948/948/948 950/950/950 
f 950/950/950 951/951/951 949/949/949 
f 951/951/951 950/950/950 952/952/952 
f 952/952/952 953/953/953 951/951/951 
f 953/953/953 952/952/952 954/954/954 
f 954/954/954 955/955/955 953/953/953 
f 919/919/919 956/956/956 916/916/916 
f 921/921/921 957/957/957 919/919/919 
f 923/923/923 958/958/958 921/921/921 
f 925/925/925 959/959/959 923/923/923 
f 960/960/960 961/961/961 962/962/962 
f 962/962/962 963/963/963 964/964/964 
f 964/964/964 965/965/965 966/966/966 
f 966/966/966 967/967/967 968/968/968 
f 953/953/953 955/955/955 945/945/945 
f 945/945/945 944/944/944 953/953/953 
f 951/951/951 953/953/953 944/944/944 
f 944/944/944 943/943/943 951/951/951 
f 949/949/949 951/951/951 943/943/943 
f 943/943/943 942/942/942 949/949/949 
f 946/946/946 949/949/949 942/942/942 
f 942/942/942 941/941/941 946/946/946 
f 916/916/916 969/969/969 970/970/970 
f 970/970/970 917/917/917 916/916/916 
f 969/969/969 971/971/971 972/972/972 
f 972/972/972 970/970/970 969/969/969 
f 973/973/973 974/974/974 972/972/972 
f 972/972/972 971/971/971 973/973/973 
f 925/925/925 924/924/924 974/974/974 
f 974/974/974 973/973/973 925/925/925 
f 917/917/917 970/970/970 975/975/975 
f 975/975/975 926/926/926 917/917/917 
f 970/970/970 972/972/972 976/976/976 
f 976/976/976 975/975/975 970/970/970 
f 974/974/974 977/977/977 976/976/976 
f 976/976/976 972/972/972 974/974/974 
f 924/924/924 930/930/930 977/977/977 
f 977/977/977 974/974/974 924/924/924 
f 926/926/926 975/975/975 978/978/978 
f 978/978/978 931/931/931 926/926/926 
f 975/975/975 976/976/976 979/979/979 
f 979/979/979 978/978/978 975/975/975 
f 977/977/977 980/980/980 979/979/979 
f 979/979/979 976/976/976 977/977/977 
f 930/930/930 935/935/935 980/980/980 
f 980/980/980 977/977/977 930/930/930 
f 931/931/931 978/978/978 981/981/981 
f 981/981/981 936/936/936 931/931/931 
f 978/978/978 979/979/979 982/982/982 
f 982/982/982 981/981/981 978/978/978 
f 979/979/979 980/980/980 983/983/983 
f 983/983/983 982/982/982 979/979/979 
f 980/980/980 935/935/935 940/940/940 
f 940/940/940 983/983/983 980/980/980 
f 981/981/981 984/984/984 941/941/941 
f 941/941/941 936/936/936 981/981/981 
f 982/982/982 985/985/985 984/984/984 
f 984/984/984 981/981/981 982/982/982 
f 983/983/983 986/986/986 985/985/985 
f 985/985/985 982/982/982 983/983/983 
f 940/940/940 945/945/945 986/986/986 
f 986/986/986 983/983/983 940/940/940 
f 946/946/946 987/987/987 988/988/988 
f 988/988/988 947/947/947 946/946/946 
f 987/987/987 989/989/989 990/990/990 
f 990/990/990 988/988/988 987/987/987 
f 989/989/989 991/991/991 992/992/992 
f 992/992/992 990/990/990 989/989/989 
f 991/991/991 955/955/955 954/954/954 
f 954/954/954 992/992/992 991/991/991 
f 969/969/969 916/916/916 956/956/956 
f 971/971/971 969/969/969 957/957/957 
f 973/973/973 971/971/971 958/958/958 
f 925/925/925 973/973/973 959/959/959 
f 960/960/960 993/993/993 961/961/961 
f 993/993/993 994/994/994 963/963/963 
f 994/994/994 995/995/995 965/965/965 
f 995/995/995 968/968/968 967/967/967 
f 945/945/945 955/955/955 991/991/991 
f 991/991/991 986/986/986 945/945/945 
f 986/986/986 991/991/991 989/989/989 
f 989/989/989 985/985/985 986/986/986 
f 985/985/985 989/989/989 987/987/987 
f 987/987/987 984/984/984 985/985/985 
f 984/984/984 987/987/987 946/946/946 
f 946/946/946 941/941/941 984/984/984 
f 947/947/947 960/960/960 962/962/962 
f 962/962/962 948/948/948 947/947/947 
f 993/993/993 960/960/960 947/947/947 
f 947/947/947 988/988/988 993/993/993 
f 994/994/994 993/993/993 988/988/988 
f 988/988/988 990/990/990 994/994/994 
f 995/995/995 994/994/994 990/990/990 
f 990/990/990 992/992/992 995/995/995 
f 968/968/968 995/995/995 992/992/992 
f 992/992/992 954/954/954 968/968/968 
f 952/952/952 966/966/966 968/968/968 
f 968/968/968 954/954/954 952/952/952 
f 950/950/950 964/964/964 966/966/966 
f 966/966/966 952/952/952 950/950/950 
f 948/948/948 962/962/962 964/964/964 
f 964/964/964 950/950/950 948/948/948 
f 996/996/996 997/997/997 998/998/998 
f 998/998/998 997/997/997 999/999/999 
f 999/999/999 997/997/997 1000/1000/1000 
f 1000/1000/1000 997/997/997 1001/1001/1001 
f 1001/1001/1001 997/997/997 1002/1002/1002 
f 1002/1002/1002 997/997/997 1003/1003/1003 
f 1003/1003/1003 997/997/997 1004/1004/1004 
f 1004/1004/1004 997/997/997 1005/1005/1005 
f 1005/1005/1005 997/997/997 1006/1006/1006 
f 1006/1006/1006 997/997/997 1007/1007/1007 
f 1007/1007/1007 997/997/997 1008/1008/1008 
f 1008/1008/1008 997/997/997 996/996/996 
f 1009/1009/1009 1010/1010/1010 1011/1011/1011 
f 1011/1011/1011 1012/1012/1012 1009/1009/1009 
f 1013/1013/1013 1009/1009/1009 1012/1012/1012 
f 1012/1012/1012 1014/1014/1014 1013/1013/1013 
f 1015/1015/1015 1013/1013/1013 1014/1014/1014 
f 1014/1014/1014 1016/1016/1016 1015/1015/1015 
f 1017/1017/1017 1015/1015/1015 1016/1016/1016 
f 1016/1016/1016 1018/1018/1018 1017/1017/1017 
f 1019/1019/1019 1017/1017/1017 1018/1018/1018 
f 1018/1018/1018 1020/1020/1020 1019/1019/1019 
f 1021/1021/1021 1019/1019/1019 1020/1020/1020 
f 1020/1020/1020 1022/1022/1022 1021/1021/1021 
f 1023/1023/1023 1021/1021/1021 1022/1022/1022 
f 1022/1022/1022 1024/1024/1024 1023/1023/1023 
f 1025/1025/1025 1023/1023/1023 1024/1024/1024 
f 1024/1024/1024 1026/1026/1026 1025/1025/1025 
f 1027/1027/1027 1025/1025/1025 1026/1026/1026 
f 1026/1026/1026 1028/1028/1028 1027/1027/1027 
f 1029/1029/1029 1027/1027/1027 1028/1028/1028 
f 1028/1028/1028 1030/1030/1030 1029/1029/1029 
f 1031/1031/1031 1029/1029/1029 1030/1030/1030 
f 1030/1030/1030 1032/1032/1032 1031/1031/1031 
f 1033/1033/1033 1031/1031/1031 1032/1032/1032 
f 1032/1032/1032 1034/1034/1034 1033/1033/1033 
f 1012/1012/1012 1011/1011/1011 1035/1035/1035 
f 1035/1035/1035 1036/1036/1036 1012/1012/1012 
f 1014/1014/1014 1012/1012/1012 1036/1036/1036 
f 1036/1036/1036 1037/1037/1037 1014/1014/1014 
f 1016/1016/1016 1014/1014/1014 1037/1037/1037 
f 1037/1037/1037 1038/1038/1038 1016/1016/1016 
f 1018/1018/1018 1016/1016/1016 1038/1038/1038 
f 1038/1038/1038 1039/1039/1039 1018/1018/1018 
f 1020/1020/1020 1018/1018/1018 1039/1039/1039 
f 1039/1039/1039 1040/1040/1040 1020/1020/1020 
f 1022/1022/1022 1020/1020/1020 1040/1040/1040 
f 1040/1040/1040 1041/1041/1041 1022/1022/1022 
f 1024/1024/1024 1022/1022/1022 1041/1041/1041 
f 1041/1041/1041 1042/1042/1042 1024/1024/1024 
f 1026/1026/1026 1024/1024/1024 1042/1042/1042 
f 1042/1042/1042 1043/1043/1043 1026/1026/1026 
f 1028/1028/1028 1026/1026/1026 1043/1043/1043 
f 1043/1043/1043 1044/1044/1044 1028/1028/1028 
f 1030/1030/1030 1028/1028/1028 1044/1044/1044 
f 1044/1044/1044 1045/1045/1045 1030/1030/1030 
f 1032/1032/1032 1030/1030/1030 1045/1045/1045 
f 1045/1045/1045 1046/1046/1046 1032/1032/1032 
f 1034/1034/1034 1032/1032/1032 1046/1046/1046 
f 1046/1046/1046 1047/1047/1047 1034/1034/1034 
f 1048/1048/1048 1049/1049/1049 1050/1050/1050 
f 1049/1049/1049 1051/1051/1051 1050/1050/1050 
f 1051/1051/1051 1052/1052/1052 1050/1050/1050 
f 1052/1052/1052 1053/1053/1053 1050/1050/1050 
f 1053/1053/1053 1054/1054/1054 1050/1050/1050 
f 1054/1054/1054 1055/1055/1055 1050/1050/1050 
f 1055/1055/1055 1056/1056/1056 1050/1050/1050 
f 1056/1056/1056 1057/1057/1057 1050/1050/1050 
f 1057/1057/1057 1058/1058/1058 1050/1050/1050 
f 1058/1058/1058 1059/1059/1059 1050/1050/1050 
f 1059/1059/1059 1060/1060/1060 1050/1050/1050 
f 1060/1060/1060 1048/1048/1048 1050/1050/1050 
f 1061/1061/1061 1062/1062/1062 1063/1063/1063 
f 1063/1063/1063 1064/1064/1064 1061/1061/1061 
f 1064/1064/1064 1063/1063/1063 1065/1065/1065 
f 1065/1065/1065 1066/1066/1066 1064/1064/1064 
f 1066/1066/1066 1065/1065/1065 1067/1067/1067 
f 1067/1067/1067 1068/1068/1068 1066/1066/1066 
f 1068/1068/1068 1067/1067/1067 1069/1069/1069 
f 1069/1069/1069 1070/1070/1070 1068/1068/1068 
f 1070/1070/1070 1069/1069/1069 1071/1071/1071 
f 1071/1071/1071 1072/1072/1072 1070/1070/1070 
f 1072/1072/1072 1071/1071/1071 1073/1073/1073 
f 1073/1073/1073 1074/1074/1074 1072/1072/1072 
f 1074/1074/1074 1073/1073/1073 1075/1075/1075 
f 1075/1075/1075 1076/1076/1076 1074/1074/1074 
f 1076/1076/1076 1075/1075/1075 1077/1077/1077 
f 1077/1077/1077 1078/1078/1078 1076/1076/1076 
f 1078/1078/1078 1077/1077/1077 1079/1079/1079 
f 1079/1079/1079 1080/1080/1080 1078/1078/1078 
f 1080/1080/1080 1079/1079/1079 1081/1081/1081 
f 1081/1081/1081 1082/1082/1082 1080/1080/1080 
f 1082/1082/1082 1081/1081/1081 1083/1083/1083 
f 1083/1083/1083 1084/1084/1084 1082/1082/1082 
f 1084/1084/1084 1083/1083/1083 1085/1085/1085 
f 1085/1085/1085 1086/1086/1086 1084/1084/1084 
f 1035/1035/1035 1061/1061/1061 1064/1064/1064 
f 1064/1064/1064 1036/1036/1036 1035/1035/1035 
f 1036/1036/1036 1064/1064/1064 1066/1066/1066 
f 1066/1066/1066 1037/1037/1037 1036/1036/1036 
f 1037/1037/1037 1066/1066/1066 1068/1068/1068 
f 1068/1068/1068 1038/1038/1038 1037/1037/1037 
f 1038/1038/1038 1068/1068/1068 1070/1070/1070 
f 1070/1070/1070 1039/1039/1039 1038/1038/1038 
f 1039/1039/1039 1070/1070/1070 1072/1072/1072 
f 1072/1072/1072 1040/1040/1040 1039/1039/1039 
f 1040/1040/1040 1072/1072/1072 1074/1074/1074 
f 1074/1074/1074 1041/1041/1041 1040/1040/1040 
f 1041/1041/1041 1074/1074/1074 1076/1076/1076 
f 1076/1076/1076 1042/1042/1042 1041/1041/1041 
f 1042/1042/1042 1076/1076/1076 1078/1078/1078 
f 1078/1078/1078 1043/1043/1043 1042/1042/1042 
f 1043/1043/1043 1078/1078/1078 1080/1080/1080 
f 1080/1080/1080 1044/1044/1044 1043/1043/1043 
f 1044/1044/1044 1080/1080/1080 1082/1082/1082 
f 1082/1082/1082 1045/1045/1045 1044/1044/1044 
f 1045/1045/1045 1082/1082/1082 1084/1084/1084 
f 1084/1084/1084 1046/1046/1046 1045/1045/1045 
f 1046/1046/1046 1084/1084/1084 1086/1086/1086 
f 1086/1086/1086 1047/1047/1047 1046/1046/1046 

