# This file is brought to you by Roblox Corporation
# Generated by Roblox Studio

mtllib Halo_Hammer.mtl

g Handle1

v -6.37552 -4.65557 -18.4559 
v -5.90364 -4.03528 -18.9731 
v -5.90364 -4.44882 -18.6283 
v -6.37552 -3.82828 -19.1455 
v -6.8474 -4.44882 -18.6283 
v -6.8474 -4.03528 -18.9731 
v -5.85437 -4.31829 -18.4658 
v -6.37552 -3.61966 -19.0484 
v -5.85437 -3.84029 -18.8643 
v -6.37552 -3.45563 -18.8876 
v -5.87072 -3.66954 -18.7093 
v -6.37552 -4.53913 -18.2818 
v -6.89667 -3.84029 -18.8643 
v -6.37552 -4.34624 -18.1451 
v -5.87072 -4.13231 -18.3233 
v -6.01209 -3.75851 -18.6351 
v -6.01209 -4.04337 -18.3975 
v -6.37552 -3.61597 -18.7539 
v -6.37552 -4.18591 -18.2788 
v -6.73895 -3.75851 -18.6351 
v -6.73895 -4.04337 -18.3975 
v -6.88032 -3.66954 -18.7093 
v -6.88032 -4.13231 -18.3233 
v -6.89667 -4.31829 -18.4658 
v -6.37552 -3.87541 -17.9859 
v -6.06588 -3.41128 -18.3728 
v -6.06588 -3.72871 -18.1082 
v -6.37552 -3.26481 -18.495 
v -6.07557 -3.29782 -18.2699 
v -6.37552 -3.15574 -18.3883 
v -6.07557 -3.60534 -18.0135 
v -6.1597 -3.5462 -18.0628 
v -6.37552 -3.74742 -17.8951 
v -6.1597 -3.35696 -18.2206 
v -6.37552 -3.64092 -17.9839 
v -6.59134 -3.5462 -18.0628 
v -6.37552 -3.26224 -18.2995 
v -6.59134 -3.35696 -18.2206 
v -6.67547 -3.60534 -18.0135 
v -6.67547 -3.29782 -18.2699 
v -6.68515 -3.72871 -18.1082 
v -6.68515 -3.41128 -18.3728 
v -5.91453 -2.83334 -18.0369 
v -6.1526 -3.20455 -17.7728 
v -5.91451 -3.32584 -17.6263 
v -6.37552 -3.55045 -17.4378 
v -6.37552 -3.30228 -17.6914 
v -6.15262 -3.00908 -17.9357 
v -6.59846 -3.20453 -17.7729 
v -5.91451 -3.02008 -17.3712 
v -6.37552 -2.60714 -18.2241 
v -6.37552 -2.91138 -18.0172 
v -6.59844 -3.00911 -17.9357 
v -6.83653 -3.32584 -17.6263 
v -6.83651 -2.83334 -18.0369 
v -6.37552 -2.30293 -17.9703 
v -6.83653 -3.02008 -17.3712 
v -6.83649 -2.52728 -17.7818 
v -6.37552 -3.246 -17.1841 
v -5.91455 -2.52728 -17.7818 
v -6.02343 -2.58032 -17.7098 
v -6.0233 -2.93349 -17.4153 
v -6.72772 -2.93351 -17.4152 
v -6.37552 -3.09662 -17.2777 
v -6.01312 -2.83322 -17.3262 
v -6.72759 -2.5803 -17.7098 
v -6.73791 -2.83322 -17.3262 
v -6.37552 -3.00395 -17.1845 
v -6.1597 -2.72254 -17.3761 
v -6.37552 -2.81726 -17.2973 
v -6.59136 -2.72254 -17.3762 
v -6.59134 -2.53331 -17.534 
v -6.01312 -2.47333 -17.6262 
v -6.15972 -2.53331 -17.534 
v -6.37552 -2.4153 -17.8457 
v -6.37552 -2.3036 -17.7685 
v -6.37552 -2.43856 -17.6129 
v -6.73791 -2.47333 -17.6262 
v -6.62082 -2.07225 -17.1304 
v -6.3781 -1.88119 -17.2864 
v -6.37552 -1.97822 -17.2034 
v -6.52506 -2.10759 -17.0955 
v -6.17713 -2.06506 -17.1309 
v -6.57391 -2.2402 -16.9849 
v -6.08912 -2.01123 -17.1739 
v -6.17713 -2.23905 -16.9858 
v -6.4547 -1.33065 -16.8352 
v -6.68838 -1.45399 -16.7352 
v -6.66213 -2.29103 -16.9395 
v -6.43405 -2.42433 -16.8318 
v -6.42436 -2.32612 -16.9133 
v -6.08912 -2.29542 -16.9445 
v -6.06115 -1.54527 -16.6522 
v -6.06438 -1.75456 -16.4844 
v -6.33291 -1.90013 -16.3585 
v -6.1526 -1.69888 -16.5253 
v -6.1526 -1.5933 -16.6133 
v -6.33076 -1.80125 -16.44 
v -6.4461 -1.42696 -16.752 
v -6.59371 -1.49165 -16.6981 
v -6.49645 -1.70353 -16.5214 
v -6.58295 -1.75666 -16.4738 
v -6.68322 -0.102741 -15.1382 
v -6.3441 -0.780344 -15.4744 
v -6.38219 -0.263744 -14.9946 
v -6.59844 -0.0378227 -15.1774 
v -6.37552 -0.162324 -15.0736 
v -6.71786 0.115833 -15.3161 
v -6.05986 -0.0338955 -15.1788 
v -6.1526 0.0100229 -15.2172 
v -6.61867 0.092476 -15.286 
v -6.1526 0.149077 -15.3332 
v -6.54873 -0.607512 -15.6281 
v -6.40048 0.324197 -15.4832 
v -6.39596 0.22832 -15.3993 
v -6.64492 -0.362184 -15.8275 
v -6.06696 0.202006 -15.3823 
v -6.43211 -0.243667 -15.9204 
v -6.54873 -0.393812 -15.7915 
v -6.46503 -0.541438 -15.6684 
v -6.34045 -0.679131 -15.5537 
v -6.42501 -0.339544 -15.8367 
v -6.1526 -0.598987 -15.6204 
v -6.1526 -0.474441 -15.7243 
v -6.06201 -0.646348 -15.5788 
v -6.06352 -0.425948 -15.7692 
v -6.31727 7.29952 -12.0923 
v -6.3202 7.54214 -11.8464 
v -6.23542 7.24387 -12.0117 
v -6.24222 7.47642 -11.7773 
v -6.37532 7.61399 -11.9008 
v -6.21141 7.0231 -12.1674 
v -6.37532 7.809 -11.5889 
v -6.37509 7.36185 -12.1566 
v -6.32446 7.73022 -11.5465 
v -6.43045 7.54214 -11.8464 
v -6.2525 7.65988 -11.4915 
v -6.37532 7.93251 -11.2432 
v -6.16254 7.20984 -11.9536 
v -6.32941 7.8499 -11.2133 
v -6.42619 7.73022 -11.5465 
v -6.37532 7.9883 -10.8766 
v -6.16973 7.43225 -11.7276 
v -6.42126 7.8499 -11.2133 
v -6.26445 7.77936 -11.1734 
v -6.49815 7.65988 -11.4915 
v -6.18087 7.61256 -11.4511 
v -6.33257 7.904 -10.8622 
v -6.41808 7.904 -10.8622 
v -6.37584 7.93124 -10.4663 
v -6.48623 7.77936 -11.1734 
v -6.4019 7.85262 -10.4703 
v -6.47854 7.83393 -10.8347 
v -6.35521 7.68517 -9.62948 
v -6.43871 7.80861 -10.459 
v -6.55689 7.73143 -11.1435 
v -6.54843 7.78655 -10.8104 
v -6.50406 7.78008 -10.4373 
v -6.56978 7.61256 -11.4511 
v -6.48623 7.67961 -11.117 
v -6.49815 7.56035 -11.4139 
v -6.47854 7.73485 -10.7958 
v -6.42619 7.48998 -11.3589 
v -6.43871 7.7464 -10.443 
v -6.42126 7.60907 -11.077 
v -6.37552 -0.162347 -15.0736 
v -6.37552 0.384032 -14.6181 
v -6.59844 0.481756 -14.6995 
v -6.1526 0.481756 -14.6995 
v -6.59844 -0.0378227 -15.1774 
v -6.1526 0.00999975 -15.2172 
v -6.61867 0.092476 -15.286 
v -6.1526 0.676975 -14.8624 
v -6.59844 0.676975 -14.8624 
v -6.1526 0.149077 -15.3332 
v -6.39596 0.22832 -15.3993 
v -6.37552 0.774698 -14.9439 
v -6.37449 4.1454 -10.475 
v -6.26634 3.90398 -10.8816 
v -6.3716 4.00954 -10.9125 
v -6.47695 3.90398 -10.8816 
v -6.27975 4.04133 -10.4497 
v -6.11742 3.7175 -10.8145 
v -6.46918 4.04133 -10.4497 
v -6.37522 4.17417 -10.1533 
v -6.6259 3.7175 -10.8145 
v -6.37522 4.17417 -10.1533 
v -6.60313 3.87261 -10.3942 
v -6.46193 4.0708 -10.1437 
v -6.70829 3.58754 -10.7634 
v -6.37111 4.17151 -9.85315 
v -6.68337 3.75527 -10.3508 
v -6.6259 3.45378 -10.7196 
v -6.58454 3.91096 -10.1242 
v -6.60313 3.63398 -10.3157 
v -6.47697 3.26729 -10.6525 
v -6.66316 3.79919 -10.1056 
v -6.45027 4.07099 -9.85292 
v -6.46918 3.46528 -10.2601 
v -6.3716 3.16518 -10.6128 
v -6.58454 3.68481 -10.0964 
v -6.37449 3.36414 -10.2253 
v -6.56223 3.92634 -9.85575 
v -6.46195 3.52489 -10.0767 
v -6.27975 3.46528 -10.2601 
v -6.26634 3.26729 -10.6525 
v -6.37528 3.42208 -10.0565 
v -6.28857 3.52487 -10.0765 
v -6.14582 3.63398 -10.3157 
v -6.11742 3.45378 -10.7196 
v -6.16596 3.68474 -10.096 
v -6.37126 3.47494 -9.85076 
v -6.29199 3.57618 -9.85887 
v -6.08738 3.799 -10.1047 
v -6.06562 3.75557 -10.3502 
v -6.03511 3.58794 -10.7625 
v -6.18003 3.72073 -9.85606 
v -6.10283 3.82266 -9.85037 
v -6.14582 3.87261 -10.3942 
v -6.16594 3.9108 -10.1237 
v -6.08738 3.799 -10.1047 
v -6.28855 4.07069 -10.1435 
v -6.29194 4.07067 -9.85184 
v -6.18001 3.9256 -9.85313 
v -6.37588 4.09377 -9.52333 
v -6.30879 3.99886 -9.49175 
v -6.21397 3.87857 -9.45461 
v -6.13952 3.79385 -9.42231 
v -6.23527 4.03262 -9.28555 
v -6.21429 3.70862 -9.40278 
v -6.16239 3.96534 -9.24849 
v -6.23533 3.89585 -9.22006 
v -6.30961 3.58858 -9.36661 
v -6.31712 4.12942 -9.33193 
v -6.31727 3.79914 -9.17386 
v -6.37703 3.49793 -9.32804 
v -6.37524 3.72207 -9.122 
v -6.44409 3.58879 -9.3673 
v -6.45031 3.5765 -9.85995 
v -6.56225 3.72154 -9.85866 
v -6.53892 3.70909 -9.40442 
v -6.43306 3.79919 -9.17397 
v -6.375 4.0289 -8.91179 
v -6.63943 3.82351 -9.85336 
v -6.61337 3.79482 -9.42397 
v -6.51491 3.89589 -9.22035 
v -6.43013 4.09409 -8.97167 
v -6.5386 3.87912 -9.45623 
v -6.44328 3.99916 -9.4924 
v -6.58781 3.96557 -9.24873 
v -6.50811 4.17698 -9.02649 
v -6.51484 4.03278 -9.28582 
v -6.43293 4.12946 -9.33203 
v -6.37494 4.21037 -9.38038 
v -6.5806 4.23664 -9.06332 
v -6.50811 4.29418 -9.10402 
v -6.43013 4.37708 -9.15881 
v -6.31987 4.37708 -9.15881 
v -6.37498 4.4435 -9.21804 
v -6.2419 4.29418 -9.10402 
v -6.1694 4.23654 -9.06333 
v -6.25218 4.61291 -8.95651 
v -6.32414 4.67882 -9.01516 
v -6.2419 4.17698 -9.02649 
v -6.18055 4.56823 -8.91296 
v -6.25218 4.51978 -8.87353 
v -6.31987 4.09409 -8.97167 
v -6.32414 4.45387 -8.81486 
v -6.375 4.40298 -8.74918 
v -6.42587 4.45387 -8.81486 
v -6.375 4.81762 -8.64623 
v -6.32906 4.85346 -8.71511 
v -6.2641 4.90137 -8.77389 
v -6.49782 4.51978 -8.87353 
v -6.42094 4.85346 -8.71511 
v -6.375 5.25729 -8.59971 
v -6.33225 5.27459 -8.67 
v -6.56946 4.56823 -8.91296 
v -6.48588 4.90137 -8.77389 
v -6.41776 5.27459 -8.67 
v -6.37449 5.74945 -8.64727 
v -6.49782 4.61291 -8.95651 
v -6.55654 4.93723 -8.81386 
v -6.47822 5.30756 -8.7284 
v -6.4005 5.74471 -8.71284 
v -6.42587 4.67882 -9.01516 
v -6.48588 4.96901 -8.85708 
v -6.54809 5.3369 -8.76788 
v -6.43734 5.7582 -8.74953 
v -6.39512 6.75317 -8.85242 
v -6.50256 5.78486 -8.77322 
v -6.47822 5.3542 -8.81101 
v -6.31299 7.80861 -10.459 
v -6.24777 7.78017 -10.4368 
v -6.20224 7.78659 -10.8102 
v -6.34983 7.85262 -10.4703 
v -6.27211 7.83393 -10.8347 
v -6.19378 7.73143 -11.1435 
v -6.26445 7.67961 -11.117 
v -6.2525 7.56035 -11.4139 
v -6.32446 7.48998 -11.3589 
v -6.24222 7.38343 -11.6796 
v -6.3202 7.3177 -11.6105 
v -6.37535 7.24664 -11.5551 
v -6.37532 7.41238 -11.3142 
v -6.23548 7.16534 -11.8976 
v -6.3174 7.10992 -11.8169 
v -6.37539 7.05195 -11.7495 
v -6.43045 7.3177 -11.6105 
v -6.50843 7.38343 -11.6796 
v -6.43321 7.11006 -11.817 
v -6.37444 6.88048 -11.8467 
v -6.58092 7.43222 -11.7276 
v -6.51506 7.16569 -11.8977 
v -6.50843 7.47642 -11.7773 
v -6.58794 7.21011 -11.9538 
v -6.51499 7.24421 -12.0117 
v -6.43306 7.29966 -12.0923 
v -6.53604 7.02506 -12.1678 
v -6.61081 7.00166 -12.0968 
v -6.53638 6.96289 -12.0261 
v -6.44072 7.06845 -12.2679 
v -6.3733 7.1147 -12.3435 
v -6.30625 7.06762 -12.2677 
v -6.37907 6.48776 -12.3626 
v -6.45834 6.47803 -12.2782 
v -6.57029 6.48139 -12.1577 
v -6.30001 6.47674 -12.2779 
v -6.6475 6.48822 -12.0727 
v -6.66297 6.1832 -12.0924 
v -6.57032 6.4849 -11.9869 
v -6.44153 6.91837 -11.9258 
v -6.45838 6.48645 -11.866 
v -6.58439 6.16033 -11.9992 
v -6.37922 6.4849 -11.7819 
v -6.46178 6.13663 -11.8659 
v -6.6847 5.88871 -12.1287 
v -6.60453 5.83597 -12.0311 
v -6.71521 5.3942 -12.2684 
v -6.63291 5.3318 -12.1604 
v -6.63291 5.44565 -12.3803 
v -6.47058 5.76938 -11.8904 
v -6.48399 5.25128 -12.0049 
v -6.60453 5.93013 -12.23 
v -6.48399 5.52616 -12.5358 
v -6.37511 6.12484 -11.7797 
v -6.37584 5.739 -11.8037 
v -6.37873 5.21423 -11.9169 
v -6.27338 5.25128 -12.0049 
v -6.28114 5.76938 -11.8904 
v -6.12443 5.3318 -12.1604 
v -6.28839 6.13642 -11.8658 
v -6.1472 5.83597 -12.0311 
v -6.04206 5.39309 -12.2687 
v -6.30006 6.48517 -11.8657 
v -6.16579 6.1598 -11.9991 
v -6.06696 5.88795 -12.1289 
v -6.12443 5.44565 -12.3803 
v -6.08716 6.18202 -12.0923 
v -6.1472 5.93013 -12.23 
v -6.27338 5.52616 -12.5358 
v -6.30705 6.91756 -11.9256 
v -6.1881 6.48178 -11.9863 
v -6.21173 6.96095 -12.0256 
v -6.1109 6.48464 -12.072 
v -6.13696 6.99965 -12.0959 
v -6.18808 6.47829 -12.157 
v -6.16579 6.19309 -12.1877 
v -6.28837 6.21679 -12.321 
v -6.28114 5.99676 -12.3707 
v -6.37873 5.57377 -12.6209 
v -6.37504 6.24098 -12.4067 
v -6.37584 6.03855 -12.455 
v -6.46176 6.21705 -12.321 
v -6.47058 5.99676 -12.3707 
v -6.58437 6.19364 -12.1877 
v -7.66226 4.74305 -14.2475 
v -7.66226 5.87092 -13.307 
v -6.37552 6.6712 -15.1612 
v -7.01889 6.15312 -13.0719 
v -6.37552 4.17911 -14.7178 
v -6.37552 6.43509 -12.8368 
v -5.73215 4.46108 -14.4827 
v -5.08878 5.87092 -13.307 
v -5.08878 4.74305 -14.2475 
v -7.66226 2.34732 -10.3692 
v -7.66226 1.21919 -11.3097 
v -6.37552 0.419148 -9.45559 
v -7.01889 0.937226 -11.5449 
v -6.37552 2.91126 -9.89897 
v -6.37552 0.655257 -11.78 
v -5.73215 2.62927 -10.1341 
v -5.08878 1.21919 -11.3097 
v -5.08878 2.3473 -10.3692 
v -6.24443 4.41083 -9.1983 
v -6.2419 4.17368 -9.36377 
v -6.17437 4.33408 -9.15038 
v -6.16557 4.08266 -9.3213 
v -6.18651 4.64306 -9.00963 
v -6.37472 4.28536 -9.43516 
v -6.07679 4.2365 -9.05702 
v -6.23441 4.05782 -9.49964 
v -6.088 4.57056 -8.90616 
v -6.2485 4.70359 -9.05877 
v -6.10089 4.9406 -8.80762 
v -6.37496 4.50082 -9.28605 
v -6.20062 4.98738 -8.91579 
v -6.375 4.77451 -9.15525 
v -6.25334 5.03141 -8.96246 
v -6.10971 5.34568 -8.76118 
v -6.21147 5.36375 -8.87373 
v -6.2553 5.39561 -8.91543 
v -6.375 5.07958 -9.0649 
v -6.25403 5.78177 -8.86652 
v -6.37507 5.42966 -9.02131 
v -6.15481 5.80032 -8.76781 
v -6.2695 5.79634 -8.88166 
v -6.39719 6.85244 -8.85988 
v -6.3736 5.82938 -8.98702 
v -6.47934 5.79459 -8.88191 
v -6.49473 5.39572 -8.91539 
v -6.49666 5.03141 -8.96246 
v -6.49509 5.78073 -8.86642 
v -7.83913 5.69582 -13.0318 
v -6.37552 6.33736 -12.4969 
v -7.89379 5.97236 -13.2225 
v -7.616 5.59808 -13.1133 
v -7.616 4.51063 -14.0199 
v -6.37552 6.14168 -12.66 
v -5.13504 5.59808 -13.1133 
v -7.83913 4.41268 -14.1015 
v -6.37552 3.77135 -14.6363 
v -6.37552 3.96682 -14.4733 
v -5.13504 4.51063 -14.0199 
v -4.9119 5.69582 -13.0318 
v -4.85725 5.97236 -13.2225 
v -4.9119 4.41268 -14.1015 
v -6.37552 6.63795 -12.6676 
v -4.85725 4.64142 -14.3321 
v -6.37552 6.90132 -12.4489 
v -7.89379 4.64142 -14.3321 
v -6.37552 3.97604 -14.887 
v -4.5573 6.10449 -13.1133 
v -6.37552 3.71361 -15.1067 
v -4.5573 4.51063 -14.4422 
v -4.5573 6.39653 -13.3568 
v -6.37552 4.00563 -15.3501 
v -4.5573 4.80265 -14.6857 
v -8.19374 4.51063 -14.4422 
v -8.19374 6.10449 -13.1133 
v -8.19374 6.39653 -13.3568 
v -8.19374 4.80265 -14.6857 
v -6.37552 7.19332 -12.6923 
v -7.89379 6.26554 -13.4669 
v -7.89379 4.93457 -14.5765 
v -4.85725 6.26554 -13.4669 
v -6.37552 6.93113 -12.912 
v -4.85725 4.93457 -14.5765 
v -6.37552 4.269 -15.1313 
v -7.66226 5.03599 -14.4919 
v -5.08878 5.03599 -14.4919 
v -6.37552 4.47208 -14.9622 
v -6.37552 4.17888 -14.7178 
v -7.66226 6.16412 -13.5514 
v -7.66226 4.74307 -14.2475 
v -7.66226 5.87094 -13.307 
v -5.08878 4.74307 -14.2475 
v -6.37552 6.43511 -12.8368 
v -6.37552 6.72805 -13.0812 
v -5.08878 5.87094 -13.307 
v -5.08878 6.16412 -13.5514 
v -6.37552 0.749655 -12.1823 
v -4.86721 1.41055 -11.6312 
v -5.1158 1.52838 -11.5476 
v -4.82788 1.15132 -11.4437 
v -4.86721 2.73284 -10.5288 
v -5.1158 2.63269 -10.6269 
v -5.10728 1.27744 -11.3446 
v -6.37552 0.976108 -12.008 
v -5.10728 2.38921 -10.4177 
v -6.37552 0.721424 -11.8081 
v -7.63523 1.52838 -11.5476 
v -7.88382 1.41055 -11.6312 
v -7.64375 1.27741 -11.3446 
v -7.63523 1.52838 -11.5476 
v -6.37552 2.94499 -9.95423 
v -7.63523 2.63269 -10.6269 
v -7.64375 2.38921 -10.4177 
v -6.37552 3.18472 -10.1666 
v -6.37552 3.39399 -9.97765 
v -7.88382 2.73284 -10.5288 
v -7.92316 1.15132 -11.4437 
v -7.92316 2.508 -10.3126 
v -6.37552 3.18625 -9.74704 
v -4.82788 2.508 -10.3126 
v -6.37552 3.45094 -9.50182 
v -6.37552 0.472862 -12.0093 
v -8.24185 2.63303 -10.1838 
v -6.37552 0.178857 -12.2299 
v -8.24185 0.996761 -11.5479 
v -8.2419 2.27665 -9.8867 
v -8.2419 0.640357 -11.2508 
v -6.37552 3.09458 -9.20467 
v -7.89422 2.10266 -9.99586 
v -4.50918 2.63303 -10.1838 
v -4.50914 2.27665 -9.8867 
v -4.50916 0.996738 -11.5479 
v -4.50914 0.640357 -11.2508 
v -4.85682 2.10266 -9.99586 
v -6.37552 -0.177571 -11.9328 
v -4.85682 0.771348 -11.1058 
v -6.37552 2.76844 -9.44088 
v -5.1217 1.99517 -10.0997 
v -7.89422 0.771348 -11.1058 
v -6.37552 0.105807 -11.6608 
v -5.1217 0.895942 -11.0162 
v -6.37552 0.346421 -11.4744 
v -7.62934 1.99517 -10.0997 
v -7.62934 0.895942 -11.0162 
v -6.37552 0.707678 -11.7352 
v -5.14931 1.24509 -11.2871 
v -7.60173 1.24509 -11.2871 
v -5.14931 2.32008 -10.3908 
v -7.60173 2.32013 -10.3908 
v -5.76709 2.58267 -10.1719 
v -6.37552 2.8575 -9.94264 
v -6.37552 2.54466 -9.6415 
v -6.37552 3.08453 -9.26668 
v -4.5573 2.57971 -10.1746 
v -6.37552 3.37655 -9.51012 
v -4.5573 2.28769 -9.93112 
v -4.5573 0.985626 -11.5035 
v -4.85725 2.15557 -10.0403 
v -4.5573 0.693631 -11.26 
v -6.37552 -0.103181 -11.9244 
v -4.85725 0.824624 -11.1499 
v -5.08878 0.926045 -11.0653 
v -6.37552 0.159243 -11.7047 
v -6.37552 0.188837 -12.1679 
v -4.85725 1.1178 -11.3943 
v -4.85725 2.44874 -10.2846 
v -6.37552 3.11408 -9.72982 
v -7.89379 0.824624 -11.1499 
v -6.37552 3.319 -9.98045 
v -8.19374 0.693631 -11.26 
v -7.66226 0.926045 -11.0653 
v -7.89379 2.15557 -10.0403 
v -6.37552 0.362085 -11.5356 
v -6.37552 0.655257 -11.78 
v -7.66226 1.21922 -11.3097 
v -5.08878 1.21922 -11.3097 
v -7.66226 2.05415 -10.1248 
v -7.66226 2.34732 -10.3692 
v -5.08878 2.05415 -10.1248 
v -5.08878 2.34732 -10.3692 
v -5.73215 2.62927 -10.1341 
v -6.37552 2.61809 -9.65458 
v -6.37552 2.91126 -9.89897 
v -6.37552 2.82113 -9.48543 
v -8.19374 2.28769 -9.93112 
v -8.19374 2.57971 -10.1746 
v -8.19374 0.985649 -11.5035 
v -7.89379 1.1178 -11.3943 
v -7.89379 2.44874 -10.2846 
v -6.37552 0.452208 -11.9491 
v -7.83913 2.67744 -10.5153 
v -7.83913 1.39431 -11.585 
v -6.37552 0.752982 -12.1198 
v -7.616 1.49227 -11.5034 
v -4.9119 1.39431 -11.585 
v -4.9119 2.67744 -10.5153 
v -5.13504 1.49227 -11.5034 
v -5.13504 2.57971 -10.5968 
v -6.37552 0.948431 -11.9568 
v -5.13504 1.30862 -11.3503 
v -6.37552 0.764787 -11.8036 
v -5.13504 2.39607 -10.4437 
v -6.37552 3.12332 -10.1435 
v -7.616 2.57971 -10.5968 
v -7.616 2.39607 -10.4437 
v -7.616 1.3086 -11.3503 
v -6.37552 2.93965 -9.99037 
v -6.9339 5.09261 -11.4881 
v -6.9339 4.52034 -11.011 
v -6.77725 4.63031 -11.1027 
v -6.77725 4.98241 -11.3964 
v -6.95197 4.77562 -11.7678 
v -6.37552 5.35689 -11.7085 
v -6.37552 5.15866 -11.5432 
v -6.37552 4.45406 -10.9558 
v -6.37552 4.25583 -10.7906 
v -6.95197 4.18468 -11.2753 
v -6.80587 4.6906 -11.697 
v -6.80587 4.2697 -11.3461 
v -6.37552 5.04846 -11.9954 
v -6.37552 4.89439 -11.8668 
v -5.94517 4.6906 -11.697 
v -6.37552 3.91184 -11.0477 
v -6.37552 4.06593 -11.1763 
v -5.94517 4.2697 -11.3461 
v -5.79907 4.18468 -11.2753 
v -5.79907 4.77562 -11.7678 
v -5.81714 4.52034 -11.011 
v -5.97379 4.63031 -11.1027 
v -5.81714 5.09261 -11.4881 
v -5.97379 4.98241 -11.3964 
v -6.1526 0.676975 -14.8624 
v -6.37552 0.650199 -15.0376 
v -6.1597 0.555477 -14.9587 
v -6.37552 0.774698 -14.9439 
v -6.59844 0.676975 -14.8624 
v -6.1597 0.366243 -14.8009 
v -6.1526 0.481756 -14.6995 
v -6.37552 0.271521 -14.722 
v -6.37552 0.384032 -14.6181 
v -6.59844 0.481756 -14.6995 
v -6.59134 0.366243 -14.8009 
v -6.59134 0.555477 -14.9587 
v -6.37552 0.756701 -15.1264 
v -6.67547 0.614597 -15.0079 
v -6.37552 0.165019 -14.6332 
v -6.67547 0.307101 -14.7516 
v -6.68515 0.420765 -14.6487 
v -6.07557 0.307101 -14.7516 
v -6.07557 0.614597 -15.0079 
v -6.06588 0.420765 -14.6487 
v -6.06588 0.737965 -14.9133 
v -6.37552 0.274063 -14.5264 
v -6.37552 0.164095 -14.4348 
v -5.97895 0.359566 -14.5978 
v -6.37552 0.884668 -15.0356 
v -6.37552 0.383339 -14.2519 
v -6.68515 0.737965 -14.9133 
v -6.37552 0.994636 -15.1272 
v -6.77208 0.79921 -14.9642 
v -6.77208 0.359566 -14.5978 
v -6.77208 0.579041 -14.4149 
v -6.77208 1.01843 -14.7813 
v -5.97895 0.79921 -14.9642 
v -6.37552 1.21388 -14.9443 
v -6.59844 0.89645 -14.6796 
v -6.59844 0.701001 -14.5167 
v -6.37552 0.994198 -14.761 
v -6.37552 0.603276 -14.4352 
v -6.1526 0.89645 -14.6796 
v -6.1526 0.701001 -14.5167 
v -5.97895 1.01843 -14.7813 
v -5.97895 0.579041 -14.4149 
v -4.78527 3.28328 -11.5201 
v -4.78527 3.5105 -11.215 
v -4.78527 2.89721 -11.184 
v -4.90274 2.89721 -11.184 
v -4.78527 3.45339 -11.0271 
v -4.78527 2.87905 -11.1123 
v -4.90274 2.87905 -11.1123 
v -4.78527 2.88192 -11.0196 
v -4.90274 2.88192 -11.0196 
v -4.78527 2.99983 -10.8834 
v -4.90274 2.99983 -10.8834 
v -4.90274 3.45339 -11.0271 
v -4.78527 3.12593 -10.7531 
v -4.90274 3.12593 -10.7531 
v -4.78527 3.43239 -10.7836 
v -4.78527 3.28654 -10.647 
v -4.90274 3.43239 -10.7836 
v -4.90274 3.45549 -10.5467 
v -4.78527 3.45549 -10.5467 
v -4.90274 3.28654 -10.647 
v -4.90274 3.5105 -11.215 
v -4.78527 3.57856 -11.3862 
v -4.90274 3.28328 -11.5201 
v -4.90274 3.57856 -11.3862 
v -4.90274 3.68005 -11.8456 
v -4.78527 3.68005 -11.8456 
v -7.96576 3.28328 -11.5201 
v -7.96576 3.57856 -11.3862 
v -7.96576 3.68005 -11.8456 
v -7.8483 3.57856 -11.3862 
v -7.8483 3.68005 -11.8456 
v -7.8483 3.28328 -11.5201 
v -7.8483 3.5105 -11.215 
v -7.96576 3.5105 -11.215 
v -7.96576 2.89721 -11.184 
v -7.8483 2.89721 -11.184 
v -7.8483 3.45339 -11.0271 
v -7.96576 3.45339 -11.0271 
v -7.96576 2.87905 -11.1123 
v -7.8483 2.87905 -11.1123 
v -7.96576 2.88192 -11.0196 
v -7.8483 2.88192 -11.0196 
v -7.96576 2.99983 -10.8834 
v -7.8483 2.99983 -10.8834 
v -7.96576 3.12593 -10.7531 
v -7.8483 3.12593 -10.7531 
v -7.8483 3.43239 -10.7836 
v -7.96576 3.43239 -10.7836 
v -7.96576 3.28654 -10.647 
v -7.8483 3.45549 -10.5467 
v -7.8483 3.28654 -10.647 
v -7.96576 3.45549 -10.5467 
v -5.91453 0.595768 -14.3567 
v -6.37552 0.065354 -14.4233 
v -6.37552 0.369547 -14.1695 
v -6.83651 0.595768 -14.3567 
v -6.10879 0.740946 -14.4514 
v -5.91453 1.08827 -14.7673 
v -6.64223 0.740923 -14.4513 
v -6.64225 0.974791 -14.6463 
v -6.37552 0.624 -14.3539 
v -6.10877 0.974791 -14.6463 
v -6.37552 1.31264 -14.9558 
v -6.08886 2.26813 -13.1636 
v -6.66217 2.2681 -13.1636 
v -6.37552 2.14247 -13.0588 
v -6.08888 2.51946 -13.3731 
v -6.37552 1.09171 -14.7438 
v -6.37552 2.64486 -13.4778 
v -6.66215 2.51946 -13.3731 
v -8.02928 5.17874 -12.7763 
v -8.03025 5.17278 -12.1717 
v -8.02692 5.0623 -12.773 
v -8.03126 4.94949 -12.1587 
v -8.03118 5.47337 -12.6173 
v -8.02664 5.31706 -12.7526 
v -7.78743 5.31706 -12.7526 
v -7.78289 5.47337 -12.6173 
v -7.78478 5.17874 -12.7763 
v -8.02986 5.6124 -12.4856 
v -7.78381 5.17278 -12.1717 
v -7.78715 5.0623 -12.773 
v -7.78216 4.58299 -12.5039 
v -8.0298 5.45022 -12.1475 
v -7.78418 5.6124 -12.4856 
v -7.78278 4.94949 -12.1587 
v -8.03191 4.58299 -12.5039 
v -7.79726 4.08984 -12.1656 
v -7.78312 4.73457 -12.1321 
v -8.0168 4.08984 -12.1656 
v -8.03094 4.73457 -12.1321 
v -7.78426 5.45022 -12.1475 
v -7.78231 5.71209 -12.3295 
v -7.79666 5.80341 -12.1024 
v -8.03176 5.71209 -12.3295 
v -8.0174 5.80341 -12.1024 
v -5.07449 2.60626 -10.5747 
v -6.37552 3.17641 -10.0993 
v -5.07449 3.61238 -11.4136 
v -6.37552 4.18253 -10.9381 
v -5.07449 2.47187 -12.3644 
v -7.67655 3.61238 -11.4136 
v -5.07449 1.46572 -11.5256 
v -7.67655 2.60626 -10.5747 
v -6.37552 1.90149 -12.8399 
v -7.67655 2.47187 -12.3644 
v -6.37552 0.895363 -12.001 
v -7.67655 1.46572 -11.5256 
v -5.99315 1.46385 -13.7317 
v -6.37552 1.17417 -13.6714 
v -5.99315 1.35529 -13.8223 
v -6.37552 1.28275 -13.5808 
v -5.99315 1.83791 -14.0436 
v -6.75788 1.46385 -13.7317 
v -5.99315 1.7293 -14.1342 
v -6.37552 1.9102 -14.2851 
v -6.37552 1.20256 -13.5139 
v -5.92064 1.42183 -13.6966 
v -6.75788 1.35529 -13.8223 
v -6.37552 2.01903 -14.1945 
v -6.75788 1.7293 -14.1342 
v -6.75788 1.83791 -14.0436 
v -6.37552 2.09917 -14.2613 
v -6.8304 1.87993 -14.0787 
v -6.8304 1.42183 -13.6966 
v -6.8304 1.95388 -14.017 
v -5.92064 1.87993 -14.0787 
v -6.37552 2.17313 -14.1997 
v -6.37552 1.27672 -13.4523 
v -6.8304 1.49573 -13.635 
v -6.75788 1.91181 -13.9819 
v -5.92064 1.95388 -14.017 
v -5.92064 1.49573 -13.635 
v -5.99315 1.53778 -13.67 
v -5.99315 1.91181 -13.9819 
v -6.37552 1.35666 -13.5191 
v -6.37552 2.09296 -14.1329 
v -5.94517 1.75841 -13.4471 
v -5.94517 2.17934 -13.798 
v -6.37552 2.3829 -13.9678 
v -6.80587 2.17937 -13.798 
v -6.37552 2.53723 -14.0964 
v -5.79907 2.26415 -13.8688 
v -6.95197 2.26415 -13.8688 
v -6.37552 1.55465 -13.2772 
v -6.80587 1.75841 -13.4471 
v -6.37552 1.40055 -13.1487 
v -5.79907 1.67339 -13.3763 
v -6.75788 1.53778 -13.67 
v -6.95197 1.67339 -13.3763 
v -6.37552 1.63874 -12.9797 
v -6.9339 1.90329 -13.2001 
v -6.9339 2.47554 -13.6772 
v -6.77725 2.36557 -13.5855 
v -6.37552 2.73984 -13.8977 
v -6.77725 2.01326 -13.2918 
v -6.37552 1.83719 -13.145 
v -5.97379 2.01326 -13.2918 
v -6.37552 2.54162 -13.7324 
v -5.97379 2.36557 -13.5855 
v -5.81714 2.47554 -13.6772 
v -5.81714 1.90326 -13.2001 
v -4.78527 3.13228 -12.8097 
v -4.78527 2.87619 -12.5964 
v -4.78527 2.82123 -12.8422 
v -4.90274 3.13228 -12.8097 
v -4.90274 2.82123 -12.8422 
v -4.90274 2.87619 -12.5964 
v -4.90274 3.06953 -12.9798 
v -4.78527 3.06953 -12.9798 
v -4.90274 3.27945 -12.9759 
v -4.78527 3.27945 -12.9759 
v -4.78527 3.23897 -12.5528 
v -4.78527 3.38565 -12.7519 
v -4.78527 2.65138 -12.6327 
v -4.78527 2.67785 -12.4297 
v -4.90274 2.65138 -12.6327 
v -4.90274 2.67785 -12.4297 
v -4.78527 3.01118 -12.4236 
v -4.78527 2.48146 -12.3922 
v -4.78527 2.74413 -12.276 
v -4.90274 2.48146 -12.3922 
v -4.78527 2.52706 -12.0986 
v -4.90274 2.74413 -12.276 
v -4.90274 3.01118 -12.4236 
v -4.90274 2.52706 -12.0986 
v -4.90274 3.23897 -12.5528 
v -4.90274 3.38565 -12.7519 
v -4.90274 3.16684 -12.3336 
v -4.78527 3.16684 -12.3336 
v -4.78527 3.41596 -12.535 
v -4.90274 3.41596 -12.535 
v -4.90274 3.0556 -12.1353 
v -4.78527 3.73748 -12.7148 
v -4.90274 2.89814 -12.1984 
v -4.78527 3.0556 -12.1353 
v -4.78527 2.89814 -12.1984 
v -4.78527 3.55053 -12.9185 
v -4.90274 2.82793 -11.8946 
v -4.78527 2.82793 -11.8946 
v -4.90274 2.71731 -11.983 
v -4.78527 2.71731 -11.983 
v -4.90274 3.73748 -12.7148 
v -4.90274 3.55053 -12.9185 
v -4.90274 3.34097 -13.1877 
v -4.78527 3.34097 -13.1877 
v -4.90274 3.56982 -13.1399 
v -4.78527 3.56982 -13.1399 
v -4.78527 3.99963 -12.8291 
v -4.90274 3.99963 -12.8291 
v -4.78527 4.02065 -13.0564 
v -4.90274 4.02065 -13.0564 
v -4.90274 3.57477 -13.3182 
v -4.78527 3.57477 -13.3182 
v -4.90274 3.93279 -13.2462 
v -4.78527 3.93279 -13.2462 
v -4.78527 4.29703 -12.8853 
v -4.90274 4.29703 -12.8853 
v -4.78527 4.26286 -13.1261 
v -4.90274 4.26286 -13.1261 
v -4.90274 3.8526 -13.4372 
v -4.78527 3.8526 -13.4372 
v -4.90274 4.33535 -13.243 
v -4.78527 4.33535 -13.243 
v -4.78527 4.56968 -13.0022 
v -4.90274 4.56968 -13.0022 
v -4.78527 4.60623 -13.1086 
v -4.90274 4.60623 -13.1086 
v -4.90274 4.38197 -13.3284 
v -4.78527 4.38197 -13.3284 
v -4.78527 5.26697 -12.9279 
v -4.90274 4.85983 -13.1529 
v -4.78527 4.85983 -13.1529 
v -4.90274 5.26697 -12.9279 
v -5.06504 4.24033 -12.1046 
v -5.06504 2.99117 -12.3837 
v -5.06504 3.4484 -12.7649 
v -5.06504 4.07307 -12.6254 
v -5.06504 3.78313 -11.7234 
v -5.06504 3.15843 -11.8629 
v -7.68599 4.07307 -12.6254 
v -7.68599 2.99117 -12.3837 
v -7.68599 3.78313 -11.7234 
v -7.68599 3.15843 -11.8629 
v -7.68599 4.24033 -12.1046 
v -7.68599 3.4484 -12.7649 
v -7.65352 4.07307 -12.6254 
v -7.65352 2.99117 -12.3837 
v -7.65352 3.78313 -11.7234 
v -7.65352 3.15843 -11.8629 
v -7.65352 4.24033 -12.1046 
v -7.65352 3.4484 -12.7649 
v -5.09751 4.24033 -12.1046 
v -5.09751 2.99117 -12.3837 
v -5.09751 3.4484 -12.7649 
v -5.09751 4.07307 -12.6254 
v -5.09751 3.78313 -11.7234 
v -5.09751 3.15843 -11.8629 
v -7.8483 5.65158 -12.3015 
v -7.8483 5.55411 -12.4518 
v -7.96576 5.55411 -12.4518 
v -7.8483 5.46484 -12.2055 
v -7.8483 5.74069 -12.1454 
v -7.96576 5.65158 -12.3015 
v -7.96576 5.74071 -12.1454 
v -7.96576 5.46484 -12.2055 
v -7.8483 5.17366 -12.2305 
v -7.96576 5.17366 -12.2305 
v -7.96576 5.42215 -12.578 
v -7.8483 5.42215 -12.578 
v -7.96576 5.28166 -12.6985 
v -7.8483 5.28166 -12.6985 
v -7.96576 5.17273 -12.7169 
v -7.8483 5.17273 -12.7169 
v -7.96576 5.08485 -12.7144 
v -7.8483 5.08485 -12.7144 
v -7.8483 4.94178 -12.2163 
v -7.96576 4.94178 -12.2163 
v -7.96576 4.62081 -12.4558 
v -7.8483 4.62081 -12.4558 
v -7.96576 4.16744 -12.1866 
v -7.8483 4.72773 -12.1901 
v -7.8483 4.16744 -12.1866 
v -7.96576 4.72773 -12.1901 
v -6.37552 1.77481 -13.1498 
v -5.94151 2.34568 -13.6257 
v -5.94151 1.96518 -13.3084 
v -6.37552 2.53584 -13.7843 
v -6.80953 2.34568 -13.6257 
v -6.80953 1.96518 -13.3084 
v -7.8483 2.63014 -11.6674 
v -7.8483 2.64038 -11.8116 
v -7.96576 2.64038 -11.8116 
v -7.8483 2.44645 -11.7081 
v -7.96576 2.63014 -11.6674 
v -7.96576 2.44645 -11.7081 
v -7.8483 2.66658 -11.5557 
v -7.8483 2.57479 -11.6362 
v -7.96576 2.66658 -11.5557 
v -7.96576 2.57479 -11.6362 
v -7.8483 2.66572 -11.0196 
v -7.96576 2.34584 -11.7202 
v -7.96576 2.66572 -11.0196 
v -7.8483 2.34584 -11.7202 
v -6.37526 7.48263 -10.7329 
v -6.37532 7.43033 -11.0248 
v -6.49505 7.60963 -10.7613 
v -6.48082 7.6501 -10.4272 
v -6.37672 7.52376 -10.3997 
v -6.4963 7.66829 -10.4393 
v -6.35314 7.67623 -9.5467 
v -6.27099 7.6498 -10.4287 
v -6.2556 7.60967 -10.7612 
v -6.25524 7.66838 -10.4402 
v -6.25367 7.55319 -11.065 
v -6.21177 7.65967 -10.7878 
v -6.11006 7.79468 -10.8027 
v -6.20095 7.60917 -11.1017 
v -6.15606 7.78701 -10.425 
v -6.25995 7.88973 -10.45 
v -6.21373 7.91149 -10.8345 
v -6.10121 7.73893 -11.1407 
v -6.27198 7.90627 -10.463 
v -6.20194 7.8517 -11.1854 
v -6.2558 7.9601 -10.862 
v -6.37629 8.0292 -10.4507 
v -7.96576 3.23897 -12.5528 
v -7.96576 2.87619 -12.5964 
v -7.96576 3.01118 -12.4236 
v -7.96576 2.67785 -12.4297 
v -7.96576 2.74413 -12.276 
v -7.96576 3.13228 -12.8097 
v -7.96576 2.82123 -12.8422 
v -7.8483 2.82123 -12.8422 
v -7.8483 2.87619 -12.5964 
v -7.8483 3.13228 -12.8097 
v -7.96576 2.89814 -12.1984 
v -7.8483 2.74413 -12.276 
v -7.96576 3.0556 -12.1353 
v -7.8483 2.89814 -12.1984 
v -7.8483 3.0556 -12.1353 
v -7.8483 3.01118 -12.4236 
v -7.8483 2.67785 -12.4297 
v -7.96576 3.16684 -12.3336 
v -7.8483 3.16684 -12.3336 
v -7.8483 3.23897 -12.5528 
v -7.96576 3.41596 -12.535 
v -7.8483 3.41596 -12.535 
v -7.96576 3.38565 -12.7519 
v -7.8483 3.38565 -12.7519 
v -7.8483 3.06953 -12.9798 
v -7.96576 3.06953 -12.9798 
v -7.8483 3.27945 -12.9759 
v -7.96576 3.27945 -12.9759 
v -7.96576 3.73748 -12.7148 
v -7.8483 3.73748 -12.7148 
v -7.96576 3.55053 -12.9185 
v -7.8483 3.55053 -12.9185 
v -7.8483 3.34097 -13.1877 
v -7.96576 3.34097 -13.1877 
v -7.8483 3.56982 -13.1399 
v -7.96576 3.56982 -13.1399 
v -7.96576 3.99963 -12.8291 
v -7.8483 3.99963 -12.8291 
v -7.96576 4.02065 -13.0564 
v -7.8483 4.02065 -13.0564 
v -7.8483 3.57477 -13.3182 
v -7.96576 3.57477 -13.3182 
v -7.8483 3.93279 -13.2462 
v -7.96576 3.93279 -13.2462 
v -7.96576 4.29703 -12.8853 
v -7.8483 4.29703 -12.8853 
v -7.96576 4.26286 -13.1261 
v -7.8483 4.26286 -13.1261 
v -7.8483 3.8526 -13.4372 
v -7.8483 4.33535 -13.243 
v -7.96576 3.8526 -13.4372 
v -7.96576 4.33535 -13.243 
v -7.96576 4.56968 -13.0022 
v -7.96576 4.60623 -13.1086 
v -7.8483 4.56968 -13.0022 
v -7.8483 4.60623 -13.1086 
v -7.8483 4.38197 -13.3284 
v -7.96576 4.38197 -13.3284 
v -7.8483 4.85983 -13.1529 
v -7.96576 5.26697 -12.9279 
v -7.8483 5.26697 -12.9279 
v -7.96576 4.85983 -13.1529 
v -6.74596 2.49781 -13.7856 
v -6.64079 2.59288 -13.7815 
v -6.73714 2.59949 -13.9474 
v -6.58895 2.60422 -13.8186 
v -6.74747 2.40069 -13.8848 
v -6.53714 2.60732 -13.8627 
v -6.69565 2.40376 -13.9289 
v -6.53864 2.51017 -13.9619 
v -6.64382 2.40686 -13.9729 
v -6.00507 2.49781 -13.7856 
v -6.0139 2.59949 -13.9474 
v -6.11025 2.59288 -13.7815 
v -6.16209 2.60422 -13.8186 
v -6.00357 2.40069 -13.8848 
v -6.2139 2.60732 -13.8627 
v -6.05538 2.40376 -13.9289 
v -6.2124 2.51017 -13.9619 
v -6.10722 2.40686 -13.9729 
v -6.00507 1.75617 -13.1742 
v -6.11025 1.76001 -13.0949 
v -6.0139 1.56098 -13.0913 
v -6.16209 1.71537 -13.0858 
v -6.00357 1.63825 -13.2563 
v -6.2139 1.66249 -13.0838 
v -6.05538 1.58537 -13.2542 
v -6.2124 1.54457 -13.1659 
v -6.10722 1.53247 -13.2521 
v -6.74596 1.75617 -13.1742 
v -6.73714 1.56098 -13.0913 
v -6.64079 1.76001 -13.0949 
v -6.58895 1.71537 -13.0858 
v -6.74747 1.63825 -13.2563 
v -6.53714 1.66249 -13.0838 
v -6.69565 1.58537 -13.2542 
v -6.53864 1.54457 -13.1659 
v -6.64382 1.53247 -13.2521 
v -6.92548 2.21587 -13.5615 
v -7.0968 2.09864 -13.5429 
v -6.93366 2.18147 -13.4369 
v -6.9442 2.10876 -13.4185 
v -6.93839 2.1049 -13.6493 
v -6.95475 2.03606 -13.4001 
v -6.94894 2.0322 -13.6309 
v -6.96766 1.92507 -13.4879 
v -6.95089 1.9595 -13.6125 
v -5.8344 2.02883 -13.4061 
v -5.68139 2.06214 -13.524 
v -5.82622 2.17867 -13.4334 
v -5.81568 2.20157 -13.4938 
v -5.82149 1.92477 -13.4996 
v -5.80514 2.22446 -13.5542 
v -5.81097 1.94764 -13.56 
v -5.79222 2.12038 -13.6477 
v -5.80042 1.97054 -13.6204 
v -7.76232 2.43416 -12.3958 
v -7.616 3.58583 -11.4357 
v -7.76232 3.64983 -11.3821 
v -7.616 2.49841 -12.3423 
v -6.37552 4.25791 -10.8753 
v -6.37552 4.12946 -10.9823 
v -7.81568 4.17636 -11.7821 
v -5.13504 3.58583 -11.4357 
v -4.98872 3.64983 -11.3821 
v -6.37552 1.82612 -12.9026 
v -6.37552 1.95455 -12.7956 
v -5.13504 2.49841 -12.3423 
v -4.98872 2.43416 -12.3958 
v -4.93536 4.17636 -11.7821 
v -4.93536 2.91378 -12.8346 
v -6.37552 4.80753 -11.2559 
v -6.37552 5.26401 -11.7141 
v -7.81568 2.91378 -12.8346 
v -6.37552 2.28263 -13.3609 
v -4.98872 4.65595 -12.221 
v -4.98872 3.44031 -13.2346 
v -6.37552 2.83222 -13.7415 
v -5.13504 3.50454 -13.1811 
v -5.13504 4.59198 -12.2745 
v -6.37552 2.9607 -13.6344 
v -6.37552 5.13559 -11.8212 
v -7.616 4.59198 -12.2745 
v -7.616 3.50454 -13.1811 
v -7.76232 3.44031 -13.2346 
v -7.76232 4.65595 -12.221 
v -6.37552 6.14168 -12.66 
v -7.616 4.59196 -12.2745 
v -6.37552 5.13556 -11.8212 
v -5.13504 4.59196 -12.2745 
v -7.616 5.59808 -13.1133 
v -5.13504 5.59808 -13.1133 
v -7.616 4.51063 -14.0199 
v -5.13504 4.51063 -14.0199 
v -7.616 3.50451 -13.1811 
v -5.13504 3.50451 -13.1811 
v -6.37552 2.96067 -13.6344 
v -6.37552 3.9668 -14.4733 
v -6.37552 4.12944 -10.9823 
v -5.13504 2.57971 -10.5968 
v -5.13504 3.58583 -11.4357 
v -5.13504 2.49839 -12.3423 
v -6.37552 3.12332 -10.1435 
v -5.13504 1.49227 -11.5034 
v -7.616 3.58583 -11.4357 
v -6.37552 1.95455 -12.7956 
v -7.616 2.57971 -10.5968 
v -6.37552 0.948431 -11.9568 
v -7.616 2.49839 -12.3423 
v -7.616 1.49227 -11.5035 
v -7.80882 3.63624 -11.3368 
v -7.61714 2.44486 -12.2985 
v -7.80882 2.3798 -12.3845 
v -7.61714 3.53332 -11.391 
v -6.37552 1.75136 -12.9083 
v -6.37552 1.90052 -12.7522 
v -7.87623 4.20288 -11.76 
v -5.13388 2.44486 -12.2985 
v -6.37552 4.2647 -10.813 
v -6.37552 4.07744 -10.9373 
v -5.1339 3.53332 -11.391 
v -4.94222 3.63624 -11.3368 
v -4.94222 2.3798 -12.3845 
v -4.87481 4.20288 -11.76 
v -6.37552 4.86059 -11.2116 
v -4.87481 2.88723 -12.8568 
v -6.37552 5.33877 -11.7085 
v -4.9422 4.71031 -12.2323 
v -6.37552 2.22954 -13.4052 
v -7.87623 2.88723 -12.8568 
v -6.37552 2.82541 -13.8038 
v -7.80884 4.71031 -12.2323 
v -7.80884 3.45387 -13.28 
v -7.6172 4.64551 -12.3183 
v -6.37552 5.18967 -11.8645 
v -7.61718 3.55702 -13.2258 
v -5.13383 4.64551 -12.3183 
v -6.37552 3.01268 -13.6795 
v -5.13383 3.55702 -13.2258 
v -4.9422 3.45387 -13.28 
v -7.96576 2.48146 -12.3922 
v -7.96576 2.52706 -12.0986 
v -7.8483 2.48146 -12.3922 
v -7.8483 2.52706 -12.0986 
v -7.8483 2.65138 -12.6327 
v -7.96576 2.65138 -12.6327 
v -7.96576 2.38701 -12.1395 
v -7.8483 2.38701 -12.1395 
v -7.96576 2.51983 -11.8679 
v -7.8483 2.51983 -11.8679 
v -7.8483 2.71731 -11.983 
v -7.96576 2.71731 -11.983 
v -7.96576 2.36162 -11.9786 
v -7.8483 2.36162 -11.9786 
v -7.96576 2.82793 -11.8946 
v -7.8483 2.82793 -11.8946 
v -7.8483 2.72782 -11.8397 
v -7.96576 2.72782 -11.8397 
v -7.8483 2.76386 -11.6961 
v -7.96576 2.76386 -11.6961 
v -7.79743 2.86653 -11.8346 
v -8.0165 2.81573 -12.2248 
v -7.79756 2.81573 -12.2248 
v -8.01663 2.86653 -11.8346 
v -7.8038 2.75056 -11.8727 
v -8.01026 2.75056 -11.8727 
v -8.03281 2.87094 -12.1455 
v -8.01734 3.05505 -12.3665 
v -7.78125 2.87094 -12.1455 
v -8.01771 3.10153 -12.0796 
v -7.79636 3.10153 -12.0796 
v -7.79672 3.05505 -12.3665 
v -7.79616 2.47852 -12.1527 
v -7.79384 2.61279 -12.4674 
v -7.79758 2.47212 -11.9233 
v -7.7958 2.81945 -12.6441 
v -7.79362 2.41732 -12.4307 
v -8.02022 2.61279 -12.4674 
v -8.0179 2.47852 -12.1527 
v -8.02044 2.41732 -12.4307 
v -7.7956 2.59614 -12.6815 
v -8.01846 2.59614 -12.6815 
v -8.01827 2.81945 -12.6441 
v -7.79694 2.32962 -12.1878 
v -8.01713 2.32962 -12.1878 
v -8.01648 2.47212 -11.9233 
v -8.02016 3.2831 -12.498 
v -8.01848 3.19699 -12.2713 
v -7.79558 3.19699 -12.2713 
v -7.7939 3.2831 -12.498 
v -8.01814 3.07067 -12.8531 
v -8.0185 2.76273 -12.8882 
v -7.79556 2.76273 -12.8882 
v -7.79593 3.07067 -12.8531 
v -8.01872 3.47189 -12.487 
v -7.79535 3.47189 -12.487 
v -7.79547 3.44133 -12.7036 
v -8.01859 3.44133 -12.7036 
v -8.01839 3.00637 -13.0215 
v -7.79567 3.00637 -13.0215 
v -8.02055 3.23229 -13.0287 
v -7.79352 3.23229 -13.0287 
v -7.79717 3.61975 -12.8825 
v -7.79709 3.8075 -12.68 
v -8.01697 3.8075 -12.68 
v -8.01689 3.61975 -12.8825 
v -7.79427 3.29911 -13.2441 
v -8.01979 3.29911 -13.2441 
v -7.79515 3.5208 -13.1927 
v -8.01891 3.5208 -13.1927 
v -8.01932 4.04689 -12.7754 
v -7.79474 4.04689 -12.7754 
v -8.01771 4.05251 -12.9943 
v -7.79636 4.05251 -12.9943 
v -7.79649 3.8715 -13.2905 
v -8.01758 3.8715 -13.2905 
v -8.01891 3.52547 -13.3708 
v -7.79515 3.52547 -13.3708 
v -7.79451 4.30969 -13.3059 
v -7.79715 3.79856 -13.4881 
v -8.01691 3.79856 -13.4881 
v -8.01956 4.30969 -13.3059 
v -7.79702 4.33799 -12.8266 
v -8.01704 4.33799 -12.8266 
v -8.01764 4.31144 -13.0719 
v -7.7964 4.31144 -13.0719 
v -7.79496 4.60378 -12.9419 
v -8.0191 4.60378 -12.9419 
v -7.79472 4.64297 -13.0495 
v -8.01934 4.64297 -13.0495 
v -7.79412 4.35425 -13.3904 
v -8.01994 4.35425 -13.3904 
v -7.78342 4.89206 -13.2049 
v -8.01624 5.34067 -12.898 
v -7.79782 5.34067 -12.898 
v -8.03064 4.89206 -13.2049 
v -7.0026 5.21138 -11.2945 
v -7.0026 4.66177 -10.8362 
v -6.69923 4.50909 -11.1852 
v -6.69923 4.79293 -11.4219 
v -6.37552 4.36717 -11.0668 
v -6.37552 4.93485 -11.5402 
v -6.37552 4.38706 -10.6072 
v -6.37552 4.54164 -10.4853 
v -5.74844 4.66177 -10.8362 
v -6.05181 4.50909 -11.1852 
v -6.05181 4.79293 -11.4219 
v -5.74844 5.21138 -11.2945 
v -6.37552 5.48631 -11.5236 
v -5.75326 4.81443 -10.7126 
v -6.37552 5.63289 -11.3943 
v -5.75341 5.3601 -11.1672 
v -6.37552 6.21069 -9.9844 
v -6.99763 5.3601 -11.1672 
v -6.99778 4.81443 -10.7126 
v -6.37552 5.18865 -11.7769 
v -7.67655 4.6185 -12.2524 
v -6.37552 6.19475 -12.6158 
v -5.07449 4.6185 -12.2524 
v -7.67655 5.62462 -13.0912 
v -5.07449 5.62462 -13.0912 
v -7.67655 4.48409 -14.0421 
v -5.07449 4.48409 -14.0421 
v -7.67655 3.47799 -13.2032 
v -5.07449 3.47799 -13.2032 
v -6.37552 2.90761 -13.6787 
v -6.37552 3.91373 -14.5175 
v -6.87324 2.80083 -13.2928 
v -6.87326 1.89425 -13.321 
v -6.87326 2.33062 -13.6848 
v -6.87326 2.36446 -12.929 
v -6.37552 2.54868 -13.8668 
v -6.37552 1.67593 -13.1391 
v -6.37552 3.01889 -13.4747 
v -6.37552 2.14617 -12.747 
v -5.87778 2.33062 -13.6848 
v -5.87778 1.89425 -13.321 
v -5.8778 2.80083 -13.2928 
v -5.87778 2.36446 -12.929 
v -8.03191 3.23306 -11.5595 
v -8.03126 3.57722 -11.1986 
v -8.02692 2.83202 -11.2127 
v -8.03094 3.64592 -11.3705 
v -8.0168 3.71833 -11.9057 
v -7.78216 3.23306 -11.5595 
v -7.78312 3.64592 -11.3705 
v -7.79726 3.71833 -11.9057 
v -7.79726 3.71833 -11.9057 
v -7.78278 3.57722 -11.1986 
v -7.78715 2.83202 -11.2127 
v -7.78381 3.52304 -11.0176 
v -8.03025 3.52304 -11.0176 
v -8.02928 2.8078 -11.1177 
v -7.78478 2.8078 -11.1177 
v -8.03118 2.94446 -10.8482 
v -8.02664 2.81182 -11 
v -8.02928 2.8078 -11.1177 
v -7.78743 2.81182 -11 
v -7.78289 2.94446 -10.8482 
v -8.02986 3.07598 -10.7111 
v -7.78418 3.07598 -10.7111 
v -7.78426 3.50347 -10.7856 
v -7.78231 3.24294 -10.6022 
v -8.03176 3.24294 -10.6022 
v -8.0298 3.50347 -10.7856 
v -8.0174 3.49536 -10.4878 
v -8.03176 3.24294 -10.6022 
v -7.79666 3.49536 -10.4878 
v -4.90274 2.66572 -11.0196 
v -4.90274 2.34584 -11.7202 
v -4.78527 2.66572 -11.0196 
v -4.78527 2.57479 -11.6362 
v -4.90274 2.57479 -11.6362 
v -4.78527 2.34584 -11.7202 
v -4.90274 2.44645 -11.7081 
v -4.78527 2.44645 -11.7081 
v -4.78527 2.66658 -11.5557 
v -4.90274 2.66658 -11.5557 
v -4.78527 2.63014 -11.6674 
v -4.90274 2.63014 -11.6674 
v -4.78527 2.64038 -11.8116 
v -4.90274 2.64038 -11.8116 
v -4.90274 2.36162 -11.9786 
v -4.78527 2.36162 -11.9786 
v -4.90274 2.51983 -11.8679 
v -4.78527 2.51983 -11.8679 
v -4.78527 2.76386 -11.6961 
v -4.90274 2.76386 -11.6961 
v -4.78527 2.72782 -11.8397 
v -4.90274 2.72782 -11.8397 
v -4.78527 2.38701 -12.1395 
v -4.90274 2.38701 -12.1395 
v -4.73277 2.81945 -12.6441 
v -4.73088 3.2831 -12.498 
v -4.7329 3.07067 -12.8531 
v -4.95511 3.07067 -12.8531 
v -4.73253 2.76273 -12.8882 
v -4.95548 2.76273 -12.8882 
v -4.95524 2.81945 -12.6441 
v -4.95713 3.2831 -12.498 
v -4.73256 3.19699 -12.2713 
v -4.95545 3.19699 -12.2713 
v -4.95432 3.05505 -12.3665 
v -4.7337 3.05505 -12.3665 
v -4.73258 2.59614 -12.6815 
v -4.95543 2.59614 -12.6815 
v -4.73081 2.61279 -12.4674 
v -4.9572 2.61279 -12.4674 
v -4.7306 2.41732 -12.4307 
v -4.95741 2.41732 -12.4307 
v -4.73314 2.47852 -12.1527 
v -4.95487 2.47852 -12.1527 
v -4.95345 2.81573 -12.2248 
v -4.96979 2.87094 -12.1455 
v -4.95468 3.10153 -12.0796 
v -4.71823 2.87094 -12.1455 
v -4.73333 3.10153 -12.0796 
v -4.73454 2.81573 -12.2248 
v -4.9536 2.86653 -11.8346 
v -4.73441 2.86653 -11.8346 
v -4.94724 2.75056 -11.8727 
v -4.74078 2.75056 -11.8727 
v -4.73391 2.32962 -12.1878 
v -4.9541 2.32962 -12.1878 
v -4.73456 2.47212 -11.9233 
v -4.95345 2.47212 -11.9233 
v -4.96899 2.79815 -11.8408 
v -4.9473 2.65953 -11.6998 
v -4.71902 2.79815 -11.8408 
v -4.95354 2.80198 -11.6358 
v -4.73447 2.80198 -11.6358 
v -4.74071 2.65953 -11.6998 
v -4.73445 2.31643 -12.0354 
v -4.73318 2.38583 -11.7527 
v -4.95356 2.31643 -12.0354 
v -4.95483 2.38583 -11.7527 
v -4.73443 2.60928 -11.5744 
v -4.72165 2.7031 -11.6667 
v -4.73327 2.2836 -11.7634 
v -4.95474 2.2836 -11.7634 
v -4.95358 2.60928 -11.5744 
v -4.96636 2.7031 -11.6667 
v -4.73454 2.70916 -11.4974 
v -4.95348 2.70916 -11.4974 
v -4.95315 2.68545 -10.9533 
v -4.73486 2.68545 -10.9533 
v -6.80953 2.3494 -12.9881 
v -6.37552 2.92001 -13.464 
v -6.80953 2.7299 -13.3054 
v -6.37552 2.15903 -12.8295 
v -5.94151 2.3494 -12.9881 
v -5.94151 2.7299 -13.3054 
v -5.7729 2.00861 -13.3461 
v -5.76046 2.21915 -13.3853 
v -5.58899 2.05641 -13.517 
v -5.7507 2.26563 -13.4678 
v -5.75855 1.85646 -13.4774 
v -5.73309 2.28737 -13.5557 
v -5.75022 1.87339 -13.571 
v -5.71784 2.14076 -13.6944 
v -5.7309 1.91962 -13.6555 
v -6.97592 2.2967 -13.5797 
v -6.99255 2.24209 -13.3972 
v -7.18817 2.11405 -13.5504 
v -7.00458 2.13984 -13.3609 
v -6.9927 2.13143 -13.713 
v -7.02483 2.03121 -13.3457 
v -7.00434 2.01381 -13.6959 
v -7.04198 1.86776 -13.4738 
v -7.01646 1.91114 -13.6554 
v -5.92314 1.774 -13.138 
v -5.95948 1.50788 -13.0404 
v -6.07591 1.78114 -13.0197 
v -6.15456 1.71953 -13.0031 
v -5.91909 1.59822 -13.2651 
v -6.2249 1.62927 -13.006 
v -5.9938 1.51468 -13.2741 
v -6.22535 1.45879 -13.1251 
v -6.07443 1.43929 -13.2559 
v -5.94151 2.34568 -13.6257 
v -6.37552 2.92001 -13.464 
v -5.94151 2.72988 -13.3054 
v -6.37552 2.53584 -13.7843 
v -5.94151 1.96518 -13.3084 
v -6.80953 2.34568 -13.6257 
v -5.94151 2.34938 -12.9881 
v -6.80953 2.72988 -13.3054 
v -6.37552 2.15901 -12.8295 
v -6.80953 1.96518 -13.3084 
v -6.37552 1.77481 -13.1498 
v -6.80953 2.34938 -12.9881 
v -6.8279 1.774 -13.138 
v -6.67513 1.78114 -13.0197 
v -6.79154 1.50788 -13.0404 
v -6.59648 1.71953 -13.0031 
v -6.83195 1.59822 -13.2651 
v -6.52614 1.62927 -13.006 
v -6.75724 1.51468 -13.2741 
v -6.52569 1.45879 -13.1251 
v -6.67661 1.43929 -13.2559 
v -6.8279 2.54101 -13.7703 
v -6.79154 2.66101 -13.9911 
v -6.67513 2.68284 -13.763 
v -6.59648 2.70347 -13.8142 
v -6.83195 2.39059 -13.9183 
v -6.52614 2.70095 -13.8895 
v -6.75724 2.38068 -13.988 
v -6.52569 2.56 -14.033 
v -6.67661 2.40339 -14.0507 
v -5.92314 2.54101 -13.7703 
v -6.07591 2.68284 -13.763 
v -5.95948 2.66101 -13.9911 
v -6.15456 2.70347 -13.8142 
v -5.91909 2.39059 -13.9183 
v -6.2249 2.70095 -13.8895 
v -5.9938 2.38068 -13.988 
v -6.22535 2.56 -14.033 
v -6.07443 2.40339 -14.0507 
v -6.53856 5.36382 -8.87371 
v -6.5015 4.70359 -9.05877 
v -6.54938 4.98738 -8.91579 
v -6.64027 5.34598 -8.76112 
v -6.59426 5.79902 -8.76752 
v -6.4904 5.76897 -8.68188 
v -6.50555 4.41088 -9.19832 
v -6.56349 4.64306 -9.00963 
v -6.64911 4.9406 -8.80762 
v -6.5366 5.30782 -8.66374 
v -6.47835 5.75347 -8.66809 
v -6.54839 4.88691 -8.71361 
v -6.49453 5.27489 -8.62321 
v -6.37403 5.76811 -8.56562 
v -6.662 4.57056 -8.90616 
v -6.57563 4.33413 -9.15036 
v -6.56257 4.49388 -8.81798 
v -6.49677 4.84195 -8.66807 
v -6.37504 5.25634 -8.51658 
v -6.67321 4.23661 -9.05698 
v -6.37552 2.15531 -13.1413 
v -6.59844 2.44849 -13.3856 
v -6.59844 2.25304 -13.2227 
v -6.37552 2.54598 -13.4671 
v -6.1526 2.25304 -13.2227 
v -6.1526 2.44849 -13.3856 
v -4.73479 5.34067 -12.898 
v -4.95632 4.64297 -13.0495 
v -4.95322 5.34067 -12.898 
v -4.96761 4.89206 -13.2049 
v -4.7204 4.89206 -13.2049 
v -4.95692 4.35425 -13.3904 
v -4.7317 4.64297 -13.0495 
v -4.73109 4.35425 -13.3904 
v -4.73148 4.30969 -13.3059 
v -4.95653 4.30969 -13.3059 
v -4.95608 4.60378 -12.9419 
v -4.73193 4.60378 -12.9419 
v -4.95462 4.31144 -13.0719 
v -4.73337 4.31144 -13.0719 
v -4.734 4.33799 -12.8266 
v -4.95401 4.33799 -12.8266 
v -4.73333 4.05251 -12.9943 
v -4.95468 4.05251 -12.9943 
v -4.95388 3.79856 -13.4881 
v -4.73413 3.79856 -13.4881 
v -4.73346 3.8715 -13.2905 
v -4.95455 3.8715 -13.2905 
v -4.95629 4.04689 -12.7754 
v -4.73172 4.04689 -12.7754 
v -4.95386 3.61975 -12.8825 
v -4.73415 3.61975 -12.8825 
v -4.73213 3.52547 -13.3708 
v -4.95589 3.52547 -13.3708 
v -4.95589 3.5208 -13.1927 
v -4.73213 3.5208 -13.1927 
v -4.73124 3.29911 -13.2441 
v -4.95677 3.29911 -13.2441 
v -4.73049 3.23229 -13.0287 
v -4.95752 3.23229 -13.0287 
v -4.73406 3.8075 -12.68 
v -4.73245 3.44133 -12.7036 
v -4.95395 3.8075 -12.68 
v -4.95556 3.44133 -12.7036 
v -4.73264 3.00637 -13.0215 
v -4.95537 3.00637 -13.0215 
v -4.95569 3.47189 -12.487 
v -4.73232 3.47189 -12.487 
v -4.71913 4.58299 -12.5039 
v -4.71975 4.94949 -12.1587 
v -4.72412 5.0623 -12.773 
v -4.7201 4.73457 -12.1321 
v -4.96824 4.94949 -12.1587 
v -4.73423 4.08984 -12.1656 
v -4.96888 4.58299 -12.5039 
v -4.96791 4.73457 -12.1321 
v -4.95378 4.08984 -12.1656 
v -4.72079 5.17278 -12.1717 
v -4.96389 5.0623 -12.773 
v -4.96723 5.17278 -12.1717 
v -4.96626 5.17874 -12.7763 
v -4.72176 5.17874 -12.7763 
v -4.7244 5.31706 -12.7526 
v -4.96361 5.31706 -12.7526 
v -4.96815 5.47337 -12.6173 
v -4.71986 5.47337 -12.6173 
v -4.96684 5.6124 -12.4856 
v -4.96677 5.45022 -12.1475 
v -4.72115 5.6124 -12.4856 
v -4.72124 5.45022 -12.1475 
v -4.71928 5.71209 -12.3295 
v -4.96873 5.71209 -12.3295 
v -4.95438 5.80341 -12.1024 
v -4.73363 5.80341 -12.1024 
v -6.1526 0.89645 -14.6796 
v -6.37552 2.54598 -13.4671 
v -6.1526 2.44849 -13.3856 
v -6.1526 2.25304 -13.2227 
v -6.37552 0.994174 -14.761 
v -6.1526 0.701001 -14.5167 
v -6.59844 0.89645 -14.6796 
v -6.37552 2.15531 -13.1413 
v -6.59844 2.44849 -13.3856 
v -6.37552 0.603276 -14.4352 
v -6.59844 2.25304 -13.2227 
v -6.59844 0.701001 -14.5167 
v -5.00464 4.24033 -12.1046 
v -5.00464 2.99117 -12.3837 
v -5.00464 3.78313 -11.7234 
v -5.00464 3.15843 -11.8629 
v -5.00464 3.4484 -12.7649 
v -5.00464 4.07307 -12.6254 
v -7.74639 4.07307 -12.6254 
v -7.74639 2.99117 -12.3837 
v -7.74639 3.4484 -12.7649 
v -7.74639 3.78313 -11.7234 
v -7.74639 4.24033 -12.1046 
v -7.74639 3.15843 -11.8629 
v -7.80374 2.65953 -11.6998 
v -7.78205 2.79815 -11.8408 
v -8.03202 2.79815 -11.8408 
v -8.01657 2.80198 -11.6358 
v -8.01033 2.65953 -11.6998 
v -7.7975 2.80198 -11.6358 
v -7.79621 2.38583 -11.7527 
v -7.79748 2.31643 -12.0354 
v -8.01659 2.31643 -12.0354 
v -8.01786 2.38583 -11.7527 
v -7.78467 2.7031 -11.6667 
v -7.79745 2.60928 -11.5744 
v -8.02939 2.7031 -11.6667 
v -8.01661 2.60928 -11.5744 
v -8.01777 2.2836 -11.7634 
v -7.79629 2.2836 -11.7634 
v -7.79788 2.68545 -10.9533 
v -8.01618 2.68545 -10.9533 
v -8.0165 2.70916 -11.4974 
v -7.79756 2.70916 -11.4974 
v -4.97217 4.24033 -12.1046 
v -4.97217 2.99117 -12.3837 
v -4.97217 3.78313 -11.7234 
v -4.97217 3.4484 -12.7649 
v -6.89471 1.35176 -13.7103 
v -6.37552 1.1038 -13.5026 
v -6.80266 1.38618 -13.765 
v -6.89469 1.86355 -14.1371 
v -6.89469 2.02393 -14.0033 
v -6.80266 1.79794 -14.1084 
v -6.37552 2.11281 -14.3437 
v -6.82207 1.28506 -13.8358 
v -6.37552 2.27189 -14.211 
v -6.82207 1.71318 -14.1927 
v -6.37552 1.99667 -14.2756 
v -6.37552 1.92366 -14.3675 
v -6.37552 1.07536 -13.6602 
v -6.37552 1.18558 -13.5994 
v -5.92895 1.28506 -13.8358 
v -5.92897 1.71318 -14.1927 
v -5.94838 1.79794 -14.1084 
v -5.94835 1.38618 -13.765 
v -5.85633 1.35176 -13.7103 
v -5.85635 1.86355 -14.1371 
v -6.37552 1.26318 -13.3699 
v -5.85635 2.02393 -14.0033 
v -5.85635 1.51214 -13.5765 
v -5.94293 1.57232 -13.6063 
v -5.94291 1.98826 -13.9531 
v -6.89467 1.51216 -13.5765 
v -6.8081 1.98826 -13.9531 
v -6.37552 2.19166 -14.1211 
v -6.80808 1.57232 -13.6063 
v -6.37554 1.37084 -13.4368 
v -6.84533 1.68009 -13.4845 
v -6.84529 2.13448 -13.8633 
v -5.90573 1.68007 -13.4845 
v -6.37552 1.45951 -13.3021 
v -6.37552 1.30234 -13.1344 
v -7.01779 1.60434 -13.3874 
v -5.73325 1.60434 -13.3874 
v -6.37552 1.62906 -12.897 
v -5.90575 2.1345 -13.8633 
v -6.37552 2.3531 -14.0472 
v -6.37552 2.55439 -14.1783 
v -5.73325 2.25078 -13.9264 
v -7.01779 2.25078 -13.9264 
v -6.37552 2.83906 -13.9057 
v -5.7547 1.92226 -13.1407 
v -5.7547 2.54686 -13.6614 
v -5.97379 2.08374 -13.2331 
v -5.97379 2.43606 -13.5268 
v -6.37552 1.90768 -13.0862 
v -6.37552 2.61212 -13.6736 
v -6.77725 2.08374 -13.2331 
v -6.77725 2.43606 -13.5268 
v -6.99634 1.92226 -13.1407 
v -6.99634 2.54686 -13.6614 
v -4.78527 5.17273 -12.7169 
v -4.78527 5.17366 -12.2305 
v -4.78527 5.08485 -12.7144 
v -4.78527 4.94178 -12.2163 
v -4.90274 5.17273 -12.7169 
v -4.90274 5.28166 -12.6985 
v -4.78527 5.28166 -12.6985 
v -4.90274 5.42215 -12.578 
v -4.78527 5.42215 -12.578 
v -4.90274 5.08485 -12.7144 
v -4.90274 5.17366 -12.2305 
v -4.90274 5.55411 -12.4518 
v -4.78527 5.55411 -12.4518 
v -4.78527 4.62081 -12.4558 
v -4.78527 5.46484 -12.2055 
v -4.90274 5.65158 -12.3015 
v -4.90274 4.94178 -12.2163 
v -4.90274 5.46484 -12.2055 
v -4.78527 5.65158 -12.3015 
v -4.90274 5.74069 -12.1454 
v -4.78527 5.74071 -12.1454 
v -4.90274 4.62081 -12.4558 
v -4.90274 4.72773 -12.1901 
v -4.78527 4.16744 -12.1866 
v -4.78527 4.72773 -12.1901 
v -4.90274 4.16744 -12.1866 
v -4.71975 3.57722 -11.1986 
v -4.72412 2.83202 -11.2127 
v -4.72079 3.52304 -11.0176 
v -4.72176 2.8078 -11.1177 
v -4.71913 3.23306 -11.5595 
v -4.96389 2.83202 -11.2127 
v -4.96888 3.23306 -11.5595 
v -4.95378 3.71833 -11.9057 
v -4.73423 3.71833 -11.9057 
v -4.7201 3.64592 -11.3705 
v -4.73423 3.71833 -11.9057 
v -4.96791 3.64592 -11.3705 
v -4.96824 3.57722 -11.1986 
v -4.96723 3.52304 -11.0176 
v -4.96626 2.8078 -11.1177 
v -4.96815 2.94446 -10.8482 
v -4.96361 2.81182 -11 
v -4.96626 2.8078 -11.1177 
v -4.7244 2.81182 -11 
v -4.71986 2.94446 -10.8482 
v -4.96684 3.07598 -10.7111 
v -4.96677 3.50347 -10.7856 
v -4.72115 3.07598 -10.7111 
v -4.72124 3.50347 -10.7856 
v -4.96873 3.24294 -10.6022 
v -4.95438 3.49536 -10.4878 
v -4.71928 3.24294 -10.6022 
v -4.96873 3.24294 -10.6022 
v -4.73363 3.49536 -10.4878 
v -5.97379 4.70082 -11.0439 
v -6.37552 4.24491 -10.7079 
v -6.37552 4.52454 -10.8971 
v -6.77725 4.70082 -11.0439 
v -6.37552 5.22917 -11.4845 
v -5.97381 5.05292 -11.3376 
v -6.77723 5.05292 -11.3376 
v -6.37552 5.456 -11.7176 
v -6.9969 5.16361 -11.4731 
v -6.99692 4.5384 -10.9518 
v -5.75414 5.16361 -11.4731 
v -5.75412 4.5384 -10.9518 
v -5.73376 4.76139 -11.8257 
v -7.01728 4.76139 -11.8257 
v -6.37552 5.06445 -12.0774 
v -5.94517 4.62012 -11.7558 
v -6.37552 4.82386 -11.9256 
v -6.80587 4.62012 -11.7558 
v -5.73376 4.11523 -11.2871 
v -5.94519 4.19919 -11.4049 
v -7.01728 4.11523 -11.2871 
v -6.80587 4.19919 -11.4049 
v -6.37552 3.81339 -11.0344 
v -6.3755 3.9954 -11.235 
v -6.37552 6.34087 -12.4344 
v -4.86715 5.67972 -12.9856 
v -5.13429 5.54536 -13.0688 
v -6.37552 6.08929 -12.6152 
v -7.61673 5.54536 -13.0688 
v -4.86715 4.35732 -14.0881 
v -5.13431 4.45727 -13.976 
v -4.82788 5.93882 -13.1731 
v -6.37552 3.69638 -14.6392 
v -6.37552 3.91311 -14.4296 
v -7.61673 4.45727 -13.976 
v -7.88389 5.67972 -12.9856 
v -7.88389 4.35732 -14.0881 
v -7.92316 5.93882 -13.1731 
v -7.92316 4.58214 -14.3042 
v -6.37552 6.61728 -12.6075 
v -6.37552 6.91128 -12.3868 
v -4.82788 4.58214 -14.3042 
v -6.37552 3.90389 -14.8697 
v -8.24187 6.09338 -13.0689 
v -6.37552 3.6392 -15.115 
v -8.24187 4.45734 -14.4329 
v -8.2419 6.44981 -13.366 
v -8.2419 4.81372 -14.7301 
v -6.37552 7.26771 -12.6839 
v -4.50916 4.45734 -14.4329 
v -4.50916 6.09338 -13.0689 
v -4.50914 6.44981 -13.366 
v -4.50914 4.8137 -14.7301 
v -6.37552 3.99556 -15.4121 
v -4.85684 6.31879 -13.511 
v -4.85684 4.98745 -14.6209 
v -7.8942 4.98745 -14.6209 
v -7.8942 6.31879 -13.511 
v -6.37552 6.98456 -12.956 
v -5.12183 6.19408 -13.6006 
v -6.37552 4.3217 -15.1759 
v -5.12181 5.09495 -14.5169 
v -6.37552 4.54552 -14.9751 
v -7.62921 6.19408 -13.6006 
v -7.62923 5.09495 -14.5169 
v -6.37552 4.25336 -14.71 
v -5.13663 4.79655 -14.2572 
v -5.13663 5.88247 -13.3517 
v -6.37552 6.42566 -12.8989 
v -7.61441 4.79655 -14.2572 
v -7.61441 5.88247 -13.3517 
v -6.37552 6.74356 -13.1424 
v -6.42094 5.01691 -8.91587 
v -6.43734 5.77738 -8.8014 
v -6.41776 5.38717 -8.86941 
v -6.375 4.73244 -9.07988 
v -6.375 5.05519 -8.98429 
v -6.32906 5.01691 -8.91587 
v -6.2641 4.96901 -8.85708 
v -6.4005 5.79087 -8.83809 
v -6.375 5.41446 -8.93914 
v -6.37449 5.81887 -8.90435 
v -6.33225 5.38717 -8.86941 
v -6.34843 5.79087 -8.83809 
v -6.27178 5.3542 -8.81101 
v -6.31161 5.77738 -8.8014 
v -6.24626 5.78424 -8.7733 
v -6.20192 5.33674 -8.7679 
v -6.19344 4.93723 -8.81386 
v -6.27178 5.30756 -8.7284 
v -6.31161 5.7582 -8.74953 
v -6.34843 5.74471 -8.71284 
v -6.92615 4.71717 -10.8459 
v -6.92615 5.19979 -11.2483 
v -6.65955 4.5878 -11.1485 
v -6.65955 4.83684 -11.3562 
v -6.37552 4.46327 -11.0447 
v -6.37552 4.96137 -11.46 
v -6.37552 4.47598 -10.6448 
v -6.37552 5.44121 -11.4495 
v -6.37552 4.59519 -10.5554 
v -5.82489 4.71717 -10.8459 
v -6.09149 4.5878 -11.1485 
v -6.09149 4.83684 -11.3562 
v -5.82489 5.19979 -11.2483 
v -6.91926 4.83338 -10.7541 
v -5.83177 4.83338 -10.7541 
v -6.37552 6.14078 -10.0437 
v -6.91926 5.31001 -11.1515 
v -6.37552 5.54841 -11.3502 
v -5.83177 5.31001 -11.1515 
v -7.72886 2.33496 -10.3122 
v -6.37552 0.353536 -9.39301 
v -7.72457 1.14693 -11.2968 
v -7.05637 0.84634 -11.5513 
v -6.37552 2.93205 -9.81767 
v -6.37552 0.555916 -11.787 
v -5.69165 2.648 -10.0609 
v -5.02646 1.14693 -11.2968 
v -5.02218 2.33496 -10.3122 
v -7.72886 4.75541 -14.3046 
v -6.37552 6.73685 -15.2238 
v -7.72457 5.94321 -13.32 
v -7.05639 6.24403 -13.0655 
v -6.37552 4.15832 -14.7991 
v -6.37552 6.53445 -12.8298 
v -5.69165 4.44237 -14.5558 
v -5.02646 5.94321 -13.32 
v -5.02218 4.75541 -14.3046 
v -6.25356 7.90629 -11.2229 
v -6.37528 8.08802 -10.8774 
v -6.47951 7.90638 -10.4616 
v -6.49488 7.9601 -10.862 
v -6.49709 7.90629 -11.2229 
v -6.37532 8.03003 -11.2606 
v -6.49128 7.88993 -10.449 
v -6.59551 7.78666 -10.4239 
v -6.53696 7.91147 -10.8346 
v -6.64061 7.79461 -10.8029 
v -6.53888 7.65965 -10.7879 
v -6.54871 7.8517 -11.1854 
v -6.64944 7.73893 -11.1407 
v -6.5497 7.60917 -11.1017 
v -6.49698 7.55319 -11.065 
v -6.37532 7.32198 -11.2791 
v -6.50183 7.43768 -11.3383 
v -6.56382 7.49661 -11.3887 
v -6.66232 7.62074 -11.4492 
v -6.24882 7.43768 -11.3383 
v -6.37537 7.16506 -11.5073 
v -6.50589 7.27032 -11.5823 
v -6.57595 7.3278 -11.6463 
v -6.18683 7.49661 -11.3887 
v -6.24478 7.27032 -11.5823 
v -6.37561 6.98622 -11.6869 
v -6.50845 7.07187 -11.7801 
v -6.08835 7.62074 -11.4492 
v -6.17472 7.32782 -11.6463 
v -6.24224 7.07201 -11.7797 
v -6.37403 6.8681 -11.7642 
v -6.18778 7.72651 -11.5131 
v -6.07712 7.43982 -11.7276 
v -6.16583 7.12288 -11.8555 
v -6.23288 6.90754 -11.8762 
v -6.24878 7.78398 -11.5642 
v -6.17551 7.53489 -11.8084 
v -6.07023 7.22086 -11.9536 
v -6.14027 6.94908 -11.9735 
v -6.16777 7.29488 -12.0495 
v -6.24456 7.59064 -11.8728 
v -6.04553 7.01242 -12.1058 
v -6.24248 7.34335 -12.1254 
v -6.37532 7.90132 -11.6204 
v -6.3753 7.697 -11.9468 
v -6.50187 7.78398 -11.5642 
v -6.50606 7.59064 -11.8728 
v -6.56289 7.72651 -11.5131 
v -6.57511 7.53491 -11.8084 
v -6.67353 7.43978 -11.7277 
v -6.58475 7.12281 -11.856 
v -6.68029 7.22069 -11.954 
v -6.58256 7.29511 -12.0498 
v -6.50776 7.34328 -12.1258 
v -6.51592 6.9089 -11.8767 
v -6.60806 6.95143 -11.9741 
v -6.70211 7.01527 -12.107 
v -6.60748 7.05107 -12.2163 
v -6.37513 7.4346 -12.2134 
v -6.51547 7.09093 -12.3135 
v -6.37281 7.15363 -12.42 
v -6.52971 6.48635 -12.331 
v -6.23122 7.08956 -12.3132 
v -6.37963 6.50107 -12.445 
v -6.13967 7.0484 -12.2158 
v -6.22853 6.48561 -12.3305 
v -6.11645 6.48621 -12.2095 
v -6.01839 6.49277 -12.0692 
v -5.99468 6.19071 -12.09 
v -6.11722 6.48806 -11.9328 
v -6.37455 6.26639 -12.4871 
v -6.09263 6.20852 -12.2372 
v -6.21769 6.23382 -12.373 
v -6.2295 6.49211 -11.812 
v -6.09302 6.15961 -11.9475 
v -6.07223 5.95032 -12.2761 
v -5.97441 5.89423 -12.1243 
v -6.0729 5.82756 -11.9817 
v -5.94939 5.39755 -12.2647 
v -6.04875 5.46912 -12.4243 
v -6.04934 5.31791 -12.1129 
v -6.20342 5.55243 -12.5859 
v -6.21082 6.01922 -12.4217 
v -6.379 5.61379 -12.697 
v -6.3758 6.07298 -12.533 
v -6.54088 6.01989 -12.4215 
v -6.53249 6.23308 -12.3732 
v -6.55394 5.55324 -12.5855 
v -6.67947 5.95097 -12.2759 
v -6.70857 5.46997 -12.424 
v -6.65761 6.20806 -12.2374 
v -6.8078 5.39972 -12.264 
v -6.64188 6.4888 -12.2103 
v -6.75554 6.19071 -12.0902 
v -6.74005 6.49594 -12.07 
v -6.64126 6.49102 -11.9335 
v -6.77718 5.8958 -12.1238 
v -6.65718 6.15938 -11.9476 
v -6.52898 6.49338 -11.8123 
v -6.67876 5.8282 -11.9816 
v -6.70794 5.31877 -12.1126 
v -6.53208 6.13508 -11.8116 
v -6.37976 6.49495 -11.6992 
v -6.5403 5.7598 -11.8361 
v -6.55338 5.23597 -11.9512 
v -6.37483 6.12223 -11.6965 
v -6.21812 6.13563 -11.8115 
v -6.37575 5.72295 -11.7216 
v -6.37898 5.19001 -11.8363 
v -6.20394 5.23516 -11.9513 
v -6.21138 5.75922 -11.8362 
v -6.50809 4.17412 -9.36364 
v -6.5845 4.08323 -9.32125 
v -6.37629 4.19272 -9.53364 
v -6.51745 4.05831 -9.50078 
v -6.61006 3.94166 -9.46613 
v -6.6801 3.96555 -9.23956 
v -6.57481 4.13965 -8.97774 
v -6.7048 3.78297 -9.41331 
v -6.50155 4.43262 -8.77006 
v -6.58256 3.85047 -9.17782 
v -6.50576 4.06251 -8.93126 
v -6.375 4.79678 -8.56493 
v -6.375 4.36525 -8.67223 
v -6.50785 3.7595 -9.13743 
v -6.61066 3.65101 -9.38332 
v -6.37502 3.97366 -8.84258 
v -6.5191 3.53424 -9.349 
v -6.24846 4.43262 -8.77006 
v -6.3752 3.65387 -9.06135 
v -6.24426 4.06246 -8.93124 
v -6.24256 3.75903 -9.13749 
v -6.37752 3.40614 -9.29559 
v -6.25324 4.84195 -8.66807 
v -6.17521 4.13965 -8.97772 
v -6.25547 5.2748 -8.62321 
v -6.18744 4.49388 -8.81798 
v -6.20161 4.88691 -8.71361 
v -6.27081 5.75511 -8.668 
v -6.21336 5.30775 -8.66376 
v -6.25904 5.77015 -8.68171 
v -6.07004 3.96499 -9.23967 
v -6.16777 3.85013 -9.17763 
v -6.14227 3.94092 -9.46418 
v -6.04822 3.78161 -9.41094 
v -6.14285 3.65045 -9.38111 
v -6.23486 3.53385 -9.34786 
v -6.22061 3.51292 -9.85192 
v -6.3707 3.37611 -9.83965 
v -6.52179 3.51345 -9.85253 
v -6.10844 3.65764 -9.84989 
v -6.0103 3.82587 -9.84392 
v -6.37578 3.32567 -10.0353 
v -6.10907 3.98969 -9.84804 
v -5.99479 3.80175 -10.0984 
v -6.09272 3.62511 -10.084 
v -6.21784 3.46228 -10.0631 
v -6.22135 4.13508 -9.84606 
v -6.09317 3.97271 -10.1245 
v -6.07085 3.57893 -10.2983 
v -6.20945 3.40438 -10.2408 
v -6.37453 3.27057 -10.1966 
v -6.37132 3.07385 -10.5794 
v -6.19639 3.20757 -10.6299 
v -6.04176 3.40131 -10.6993 
v -5.94252 3.59325 -10.7579 
v -5.97314 3.76144 -10.3443 
v -6.07159 3.93203 -10.4007 
v -6.04239 3.77481 -10.8254 
v -6.21825 4.13584 -10.1448 
v -6.21003 4.1065 -10.4577 
v -6.19695 3.96846 -10.8944 
v -6.37057 4.27071 -9.84475 
v -6.3755 4.27386 -10.1555 
v -6.37457 4.24382 -10.4884 
v -6.37134 4.10627 -10.9327 
v -6.54639 3.96823 -10.8951 
v -6.53894 4.10636 -10.4581 
v -6.70099 3.77449 -10.8261 
v -6.53221 4.13598 -10.1443 
v -6.52085 4.13542 -9.84712 
v -6.67743 3.93182 -10.4012 
v -6.80094 3.59242 -10.7597 
v -6.65731 3.97292 -10.1243 
v -6.6331 3.99048 -9.85051 
v -6.77591 3.76084 -10.3456 
v -6.75565 3.80198 -10.0984 
v -6.73193 3.82693 -9.84656 
v -6.6781 3.5787 -10.2988 
v -6.70157 3.40094 -10.7 
v -6.54691 3.20718 -10.6306 
v -6.6339 3.65861 -9.85205 
v -6.6577 3.62536 -10.0836 
v -6.5395 3.40415 -10.2414 
v -6.53266 3.46253 -10.0625 
v -6.41808 7.6648 -10.7684 
v -6.4019 7.70239 -10.4318 
v -6.37532 7.52701 -11.0451 
v -6.37532 7.58117 -10.7456 
v -6.37584 7.62291 -10.4084 
v -6.34983 7.70239 -10.4318 
v -6.33257 7.6648 -10.7684 
v -6.31299 7.7464 -10.443 
v -6.32941 7.60907 -11.077 
v -6.27211 7.73485 -10.7958 
v -6.5014 -1.03191 -16.1705 
v -6.46503 -0.541461 -15.6684 
v -6.54873 -0.393835 -15.7915 
v -6.57714 -1.13957 -16.0806 
v -6.34045 -0.679154 -15.5537 
v -6.35013 -0.885923 -16.2922 
v -6.42501 -0.339544 -15.8367 
v -6.49645 -1.70353 -16.5214 
v -6.42695 -1.22345 -16.0107 
v -6.59371 -1.49165 -16.6981 
v -6.33076 -1.80125 -16.44 
v -6.4461 -1.42699 -16.752 
v -6.1526 -0.598987 -15.6204 
v -6.1526 -1.69891 -16.5253 
v -6.1526 -1.07028 -16.1384 
v -6.1526 -0.474464 -15.7243 
v -6.1526 -1.59333 -16.6133 
v -6.1526 -0.943449 -16.2441 
v -6.20506 0.477367 -14.9906 
v -6.37552 0.766381 -15.2091 
v -6.37552 0.552196 -15.053 
v -6.54598 0.477344 -14.9906 
v -6.65228 0.704789 -14.7988 
v -6.73791 0.595653 -15.0674 
v -6.54596 0.327939 -14.866 
v -6.37552 0.859046 -15.1159 
v -6.01312 0.595653 -15.0674 
v -6.72774 0.695918 -14.9784 
v -6.02332 0.695941 -14.9784 
v -6.72761 0.342725 -14.6838 
v -6.37552 1.00845 -15.2096 
v -6.83653 0.782508 -15.0224 
v -5.91451 0.782508 -15.0224 
v -6.73791 0.235783 -14.7674 
v -6.83649 0.289704 -14.6118 
v -6.83651 1.08827 -14.7674 
v -6.37552 0.177725 -14.5478 
v -6.37552 0.0657924 -14.6251 
v -6.01312 0.235783 -14.7674 
v -6.37552 0.25304 -14.8037 
v -6.64313 0.506846 -14.6297 
v -6.20508 0.327916 -14.866 
v -6.31527 0.445485 -14.6553 
v -6.64974 -0.00397766 -15.1141 
v -6.02345 0.342702 -14.6838 
v -5.91455 0.289704 -14.6118 
v -6.07113 0.529579 -14.7015 
v -6.16157 0.76652 -14.8268 
v -6.10233 0.0500591 -15.1558 
v -6.44745 0.827003 -14.9145 
v -6.11047 0.229152 -15.3011 
v -6.66925 0.165804 -15.2525 
v -6.4011 0.326067 -15.3835 
v -6.40543 0.422382 -15.497 
v -5.99473 -0.0104463 -15.1228 
v -6.79123 0.172342 -15.2968 
v -6.0029 0.273694 -15.3753 
v -6.7111 -0.385126 -15.8826 
v -6.43871 -0.23274 -16.0028 
v -6.60091 -0.684375 -15.6531 
v -6.75175 -0.0954177 -15.0825 
v -6.38709 -0.282989 -14.9131 
v -6.58523 -0.44972 -15.8521 
v -6.34436 -0.879223 -15.4637 
v -6.37509 -0.139105 -14.9927 
v -5.9955 -0.7142 -15.5918 
v -6.1104 -0.677628 -15.6549 
v -6.00071 -0.446233 -15.8281 
v -6.10698 -0.515009 -15.7884 
v -6.43254 -0.367406 -15.9163 
v -6.33986 -0.773782 -15.5799 
v -6.51824 -0.617793 -15.6927 
v -6.35714 -0.815598 -16.3508 
v -6.07428 -0.906091 -16.2762 
v -6.06859 -1.09976 -16.1129 
v -6.43699 -1.29061 -15.9499 
v -6.66861 -1.15026 -16.0693 
v -6.58011 -0.993766 -16.2011 
v -6.1076 -1.65924 -16.4606 
v -6.32756 -1.77263 -16.3604 
v -6.54385 -1.6728 -16.4547 
v -6.63551 -1.42003 -16.654 
v -6.33257 -1.91663 -16.2765 
v -6.64255 -1.73617 -16.4124 
v -6.45333 -1.33088 -16.7308 
v -6.10373 -1.51824 -16.5804 
v -6.46219 -1.23244 -16.848 
v -6.76014 -1.39236 -16.7232 
v -5.99569 -1.47772 -16.6347 
v -6.379 -1.86659 -17.3686 
v -5.99927 -1.74084 -16.4263 
v -6.02481 -2.02452 -17.2329 
v -6.02655 -2.36699 -16.9591 
v -6.44201 -2.52293 -16.8217 
v -6.68339 -2.10364 -17.186 
v -6.72914 -2.35886 -16.9502 
v -6.61959 -2.31619 -17.0199 
v -6.37799 -2.00266 -17.284 
v -6.13261 -2.10364 -17.1964 
v -6.13452 -2.31806 -17.0192 
v -6.42912 -2.42366 -16.9301 
v -6.57774 -2.14001 -17.1584 
v -6.68068 -2.82803 -17.4042 
v -6.07217 -2.56496 -17.6242 
v -6.0727 -2.83131 -17.4016 
v -6.37679 -2.96371 -17.2917 
v -6.37552 -3.7084 -17.9417 
v -6.67913 -2.56371 -17.6224 
v -6.37892 -2.43098 -17.734 
v -6.37552 -3.21167 -18.3559 
v -6.65888 -3.33599 -18.2523 
v -6.65886 -3.58434 -18.0452 
v -6.91718 -4.51445 -18.632 
v -6.91718 -4.03979 -19.0278 
v -6.37552 -3.80215 -19.2258 
v -6.37552 -4.75181 -18.4341 
v -5.83386 -4.03979 -19.0278 
v -6.09216 -3.33599 -18.2523 
v -5.83386 -4.51445 -18.632 
v -6.09216 -3.58434 -18.0452 
v -6.37552 -5.77796 -19.9915 
v -5.57378 -4.26051 -19.4027 
v -6.37552 -3.9102 -19.6957 
v -5.54202 -4.04845 -19.2485 
v -7.17726 -4.26051 -19.4027 
v -5.57305 -4.96269 -18.8156 
v -7.17799 -4.96269 -18.8156 
v -7.20902 -4.04843 -19.2485 
v -6.37552 -3.68322 -19.553 
v -7.20902 -4.77912 -18.6393 
v -6.37552 -5.31413 -18.5218 
v -5.54202 -4.77912 -18.6393 
v -6.37552 -3.57133 -18.8678 
v -5.94719 -3.75918 -18.7113 
v -6.37552 -5.14433 -18.3348 
v -5.94719 -4.13465 -18.3982 
v -6.37552 -4.32252 -18.2416 
v -6.80384 -3.75918 -18.7113 
v -6.80384 -4.13465 -18.3982 
v -5.97895 -2.81661 -17.9787 
v -5.97895 -3.25603 -17.6123 
v -6.1526 -3.13402 -17.714 
v -6.1526 -2.9386 -17.8769 
v -6.37552 -3.45171 -17.4493 
v -6.37552 -3.23177 -17.6326 
v -6.59844 -3.13402 -17.714 
v -6.77208 -3.25603 -17.6123 
v -6.59844 -2.9386 -17.8769 
v -6.37552 -3.23223 -17.2664 
v -5.97895 -3.03678 -17.4294 
v -5.97895 -2.59714 -17.7958 
v -6.37552 -2.62091 -18.1417 
v -6.37552 -2.84085 -17.9584 
v -6.37552 -2.40169 -17.9588 
v -6.77208 -2.81661 -17.9787 
v -6.77208 -3.03678 -17.4294 
v -6.77208 -2.59714 -17.7958 
v -6.68515 -2.97556 -17.4803 
v -6.68515 -2.65836 -17.7449 
v -6.37552 -3.12226 -17.358 
v -6.06588 -2.97556 -17.4803 
v -6.37552 -2.99425 -17.2672 
v -6.06588 -2.65836 -17.7449 
v -6.37552 -2.51166 -17.8672 
v -6.67547 -2.85219 -17.3857 
v -6.67547 -2.54467 -17.642 
v -6.37552 -2.40285 -17.7604 
v -6.59134 -2.60382 -17.5927 
v -6.59134 -2.79305 -17.4349 
v -6.37552 -2.50909 -17.6716 
v -6.37552 -2.88777 -17.356 
v -6.1597 -2.60382 -17.5927 
v -6.1597 -2.79305 -17.4349 
v -6.07557 -2.54467 -17.642 
v -6.07557 -2.85219 -17.3857 
v -6.1526 -2.60084 -17.5953 
v -6.37552 -1.97822 -17.2034 
v -6.17713 -2.06506 -17.1309 
v -6.17713 -2.23905 -16.9858 
v -6.37552 -2.50311 -17.6767 
v -6.1526 -2.79628 -17.4324 
v -6.59844 -2.60084 -17.5953 
v -6.52506 -2.10759 -17.0955 
v -6.37552 -3.29161 -18.3062 
v -6.42436 -2.32612 -16.9133 
v -6.59844 -2.79628 -17.4324 
v -6.57391 -2.2402 -16.9849 
v -6.37552 -2.89378 -17.3509 
v -6.37552 -3.64877 -18.0083 
v -6.57929 -3.38101 -18.2317 
v -6.57929 -3.5596 -18.0828 
v -6.8474 -4.44882 -18.6283 
v -6.8474 -4.03528 -18.9731 
v -6.37552 -4.65557 -18.4559 
v -6.37552 -3.82828 -19.1455 
v -5.90364 -4.44882 -18.6283 
v -5.90364 -4.03528 -18.9731 
v -6.17175 -3.5596 -18.0828 
v -6.17175 -3.38101 -18.2317 
v -6.00004 -3.79776 -18.1193 
v -6.01312 -3.22652 -18.254 
v -6.00006 -3.42458 -18.4304 
v -6.01312 -3.58637 -17.9541 
v -6.1597 -3.47569 -18.004 
v -6.37552 -3.7571 -17.8124 
v -6.15972 -3.28648 -18.1618 
v -6.37552 -3.57041 -17.9251 
v -6.37552 -3.05651 -18.3963 
v -6.37552 -3.19176 -18.2407 
v -6.59136 -3.47569 -18.004 
v -6.59134 -3.28648 -18.1618 
v -6.73791 -3.58637 -17.9541 
v -6.37552 -3.24766 -18.5769 
v -6.73791 -3.22652 -18.254 
v -6.75098 -3.42458 -18.4304 
v -6.37552 -3.97362 -17.9716 
v -6.75098 -3.79776 -18.1193 
v -5.78904 -4.3882 -18.4755 
v -5.78904 -3.85191 -18.9226 
v -6.37552 -3.60331 -19.1304 
v -6.37552 -3.35629 -18.8949 
v -5.80912 -3.59705 -18.6946 
v -6.01209 -3.68798 -18.5764 
v -5.80912 -4.11466 -18.2629 
v -6.01209 -3.97283 -18.3388 
v -6.37552 -3.54543 -18.6951 
v -6.73895 -3.68798 -18.5764 
v -6.37552 -4.355 -18.0623 
v -6.37552 -4.1154 -18.22 
v -6.73895 -3.97283 -18.3388 
v -6.37552 -4.6375 -18.2682 
v -6.9419 -4.11466 -18.2629 
v -6.962 -4.3882 -18.4755 
v -6.962 -3.85191 -18.9226 
v -6.94192 -3.59705 -18.6946 
v -6.37552 -5.70489 -19.935 
v -6.37552 -3.9528 -19.6206 
v -5.64952 -4.2707 -19.3553 
v -5.62047 -4.09835 -19.2328 
v -7.10152 -4.2707 -19.3553 
v -5.64952 -4.90718 -18.8247 
v -7.10152 -4.90718 -18.8247 
v -7.13056 -4.09835 -19.2328 
v -6.37552 -3.76752 -19.5086 
v -6.37552 -5.2253 -18.5595 
v -5.62047 -4.76024 -18.681 
v -6.37552 -3.66887 -18.8851 
v -5.991 -3.83752 -18.7445 
v -5.991 -4.17459 -18.4635 
v -6.37552 -5.09107 -18.405 
v -6.76004 -3.83752 -18.7445 
v -7.13056 -4.76024 -18.681 
v -6.37552 -4.34324 -18.3229 
v -6.76004 -4.17459 -18.4635 

vn 0.0314961 0 1 
vn 0.0314961 0 1 
vn 0.0314961 0 1 
vn 0.0314961 0 1 
vn 0.0314961 0 1 
vn 0.0314961 0 1 
vn 0.0314961 0 1 
vn 0.0314961 0 1 
vn 0.0314961 0 1 
vn 0.0314961 0 1 
vn 0.0314961 0 1 
vn 0.0314961 0 1 
vn 0.0314961 0 1 
vn 0.0314961 0 1 
vn 0.0314961 0 1 
vn 0.0314961 0 1 
vn 0.0314961 0 1 
vn 0.0314961 0 1 
vn 0.0314961 0 1 
vn 0.0314961 0 1 
vn 0.0314961 0 1 
vn 0.0314961 0 1 
vn 0.0314961 0 1 
vn 0.0314961 0 1 
vn 0.0314961 0 1 
vn 0.0314961 0 1 
vn 0.0314961 0 1 
vn 0.0314961 0 1 
vn 0.0314961 0 1 
vn 0.0314961 0 1 
vn 0.0314961 0 1 
vn 0.0314961 0 1 
vn 0.0314961 0 1 
vn 0.0314961 0 1 
vn 0.0314961 0 1 
vn 0.0314961 0 1 
vn 0.0314961 0 1 
vn 0.0314961 0 1 
vn 0.0314961 0 1 
vn 0.0314961 0 1 
vn 0.0314961 0 1 
vn 0.0314961 0 1 
vn 0.0314961 0 1 
vn 0.0314961 0 1 
vn 0.0314961 0 1 
vn 0.0314961 0 1 
vn 0.0314961 0 1 
vn 0.0314961 0 1 
vn 0.0314961 0 1 
vn 0.0314961 0 1 
vn 0.0314961 0 1 
vn 0.0314961 0 1 
vn 0.0314961 0 1 
vn 0.0314961 0 1 
vn 0.0314961 0 1 
vn 0.0314961 0 1 
vn 0.0314961 0 1 
vn 0.0314961 0 1 
vn 0.0314961 0 1 
vn 0.0314961 0 1 
vn 0.0314961 0 1 
vn 0.0314961 0 1 
vn 0.0314961 0 1 
vn 0.0314961 0 1 
vn 0.0314961 0 1 
vn 0.0314961 0 1 
vn 0.0314961 0 1 
vn 0.0314961 0 1 
vn 0.0314961 0 1 
vn 0.0314961 0 1 
vn 0.0314961 0 1 
vn 0.0314961 0 1 
vn 0.0314961 0 1 
vn 0.0314961 0 1 
vn 0.0314961 0 1 
vn 0.0314961 0 1 
vn 0.0314961 0 1 
vn 0.0314961 0 1 
vn 0.0314961 0 1 
vn 0.0314961 0 1 
vn 0.0314961 0 1 
vn 0.0314961 0 1 
vn 0.0314961 0 1 
vn 0.0314961 0 1 
vn 0.0314961 0 1 
vn 0.0314961 0 1 
vn 0.0314961 0 1 
vn 0.0314961 0 1 
vn 0.0314961 0 1 
vn 0.0314961 0 1 
vn 0.0314961 0 1 
vn 0.0314961 0 1 
vn 0.0314961 0 1 
vn 0.0314961 0 1 
vn 0.0314961 0 1 
vn 0.0314961 0 1 
vn 0.0314961 0 1 
vn 0.0314961 0 1 
vn 0.0314961 0 1 
vn 0.0314961 0 1 
vn 0.0314961 0 1 
vn 0.0314961 0 1 
vn 0.0314961 0 1 
vn 0.0314961 0 1 
vn 0.0314961 0 1 
vn 0.0314961 0 1 
vn 0.0314961 0 1 
vn 0.0314961 0 1 
vn 0.0314961 0 1 
vn 0.0314961 0 1 
vn 0.0314961 0 1 
vn 0.0314961 0 1 
vn 0.0314961 0 1 
vn 0.0314961 0 1 
vn 0.0314961 0 1 
vn 0.0314961 0 1 
vn 0.0314961 0 1 
vn 0.0314961 0 1 
vn 0.0314961 0 1 
vn 0.0314961 0 1 
vn 0.0314961 0 1 
vn 0.0314961 0 1 
vn 0.0314961 0 1 
vn 0.0314961 0 1 
vn 0.0314961 0 1 
vn 0.0314961 0 1 
vn 0.0314961 0 1 
vn 0.0314961 0 1 
vn 0.0314961 0 1 
vn 0.0314961 0 1 
vn 0.0314961 0 1 
vn 0.0314961 0 1 
vn 0.0314961 0 1 
vn 0.0314961 0 1 
vn 0.0314961 0 1 
vn 0.0314961 0 1 
vn 0.0314961 0 1 
vn 0.0314961 0 1 
vn 0.0314961 0 1 
vn 0.0314961 0 1 
vn 0.0314961 0 1 
vn 0.0314961 0 1 
vn 0.0314961 0 1 
vn 0.0314961 0 1 
vn 0.0314961 0 1 
vn 0.0314961 0 1 
vn 0.0314961 0 1 
vn 0.0314961 0 1 
vn 0.0314961 0 1 
vn 0.0314961 0 1 
vn 0.0314961 0 1 
vn 0.0314961 0 1 
vn 0.0314961 0 1 
vn 0.0314961 0 1 
vn 0.0314961 0 1 
vn 0.0314961 0 1 
vn 0.0314961 0 1 
vn 0.0314961 0 1 
vn 0.0314961 0 1 
vn 0.0314961 0 1 
vn 0.0314961 0 1 
vn 0.0314961 0 1 
vn 0.0314961 0 1 
vn 0.0314961 0 1 
vn 0.0314961 0 1 
vn 0.0314961 0 1 
vn 0.0314961 0 1 
vn 0.0314961 0 1 
vn 0.0314961 0 1 
vn 0.0314961 0 1 
vn 0.0314961 0 1 
vn 0.0314961 0 1 
vn 0.0314961 0 1 
vn 0.0314961 0 1 
vn 0.0314961 0 1 
vn 0.0314961 0 1 
vn 0.0314961 0 1 
vn 0.0314961 0 1 
vn 0.0314961 0 1 
vn 0.0314961 0 1 
vn 0.0314961 0 1 
vn 0.0314961 0 1 
vn 0.0314961 0 1 
vn 0.0314961 0 1 
vn 0.023622 0.00787402 1 
vn 0.0314961 0 1 
vn 0.0314961 0 1 
vn 0.0314961 0 1 
vn 0.0314961 0 1 
vn 0.0314961 0 1 
vn 0.0314961 0 1 
vn 0.0314961 0 1 
vn 0.0314961 0 1 
vn 0.0314961 0 1 
vn 0.0314961 0 1 
vn 0.0314961 0 1 
vn 0.0314961 0 1 
vn 0.0314961 0 1 
vn 0.0314961 0 1 
vn 0.0314961 0 1 
vn 0.0314961 0 1 
vn 0.0314961 0 1 
vn 0.0314961 0 1 
vn 0.0314961 0 1 
vn 0.0314961 0 1 
vn 0.0314961 0 1 
vn 0.0314961 0 1 
vn 0.0314961 0 1 
vn 0.0314961 0 1 
vn 0.0314961 0 1 
vn 0.0314961 0 1 
vn 0.0314961 0 1 
vn 0.0314961 0 1 
vn 0.0314961 0.00787402 1 
vn 0.0314961 0 1 
vn 0.0314961 0 1 
vn 0.0314961 0 1 
vn 0.0314961 0 1 
vn 0.0314961 0 1 
vn 0.0314961 0 1 
vn 0.0314961 0 1 
vn 0.0314961 0 1 
vn 0.0314961 0 1 
vn 0.0314961 -0.00787402 1 
vn 0.0314961 0 1 
vn 0.0314961 0 1 
vn 0.0314961 0 1 
vn 0.0314961 0 1 
vn 0.0314961 0 1 
vn 0.0314961 0 1 
vn 0.0314961 0 1 
vn 0.0314961 0 1 
vn 0.0314961 0 1 
vn 0.0314961 0 1 
vn 0.0314961 0 1 
vn 0.0314961 0 1 
vn 0.0314961 0 1 
vn 0.0314961 0 1 
vn 0.0314961 0 1 
vn 0.0314961 0 1 
vn 0.0314961 0 1 
vn 0.0314961 0 1 
vn 0.0314961 0 1 
vn 0.0314961 0 1 
vn 0.0314961 0 1 
vn 0.0314961 0 1 
vn 0.0314961 0 1 
vn 0.0314961 0 1 
vn 0.0314961 0 1 
vn 0.0314961 0 1 
vn 0.0314961 0 1 
vn 0.0314961 0 1 
vn 0.0314961 0 1 
vn 0.0314961 0 1 
vn 0.0314961 0 1 
vn 0.0314961 0 1 
vn 0.0314961 0 1 
vn 0.0314961 0 1 
vn 0.0314961 0 1 
vn 0.0314961 0 1 
vn 0.0314961 0 1 
vn 0.0314961 0 1 
vn 0.0314961 0 1 
vn 0.0314961 0 1 
vn 0.0314961 0 1 
vn 0.0314961 0 1 
vn 0.0314961 0 1 
vn 0.0314961 0 1 
vn 0.0314961 0 1 
vn 0.0314961 0 1 
vn 0.0314961 0 1 
vn 0.0314961 0 1 
vn 0.0314961 0 1 
vn 0.0314961 0 1 
vn 0.0314961 0 1 
vn 0.0314961 0 1 
vn 0.0314961 0 1 
vn 0.0314961 0 1 
vn 0.0314961 0 1 
vn 0.0314961 0 1 
vn 0.0314961 0 1 
vn 0.0314961 0 1 
vn 0.0314961 0 1 
vn 0.0314961 0 1 
vn 0.0314961 0 1 
vn 0.0314961 0 1 
vn 0.0314961 0 1 
vn 0.0314961 0 1 
vn 0.0314961 0 1 
vn 0.0314961 0 1 
vn 0.0314961 0 1 
vn 0.0314961 0 1 
vn 0.0314961 -0.00787402 1 
vn 0.0314961 0 1 
vn 0.0314961 0 1 
vn 0.0314961 0 1 
vn 0.0314961 0 1 
vn 0.0314961 0 1 
vn 0.0314961 0 1 
vn 0.0314961 0 1 
vn 0.0314961 0 1 
vn 0.0314961 0 1 
vn 0.0314961 0 1 
vn 0.0314961 0 1 
vn 0.0314961 0 1 
vn 0.0314961 0 1 
vn 0.0314961 0 1 
vn 0.0314961 0 1 
vn 0.0314961 0 1 
vn 0.0314961 0 1 
vn 0.0314961 0 1 
vn 0.0314961 0 1 
vn 0.0314961 0 1 
vn 0.0314961 0 1 
vn 0.0314961 0 1 
vn 0.0314961 0 1 
vn 0.0314961 0 1 
vn 0.0314961 0 1 
vn 0.0314961 0 1 
vn 0.0314961 0 1 
vn 0.0314961 0 1 
vn 0.0314961 0 1 
vn 0.0314961 0 1 
vn 0.0314961 0 1 
vn 0.0314961 0 1 
vn 0.0314961 0 1 
vn 0.0314961 0 1 
vn 0.0314961 0 1 
vn 0.0314961 0 1 
vn 0.0314961 0 1 
vn 0.0314961 0 1 
vn 0.0314961 0 1 
vn 0.0314961 0 1 
vn 0.0314961 0 1 
vn 0.0314961 0 1 
vn 0.0314961 0 1 
vn 0.0314961 0 1 
vn 0.0314961 0 1 
vn 0.0314961 0 1 
vn 0.0314961 0 1 
vn 0.0314961 0 1 
vn 0.0314961 0 1 
vn 0.0314961 0 1 
vn 0.0314961 0 1 
vn 0.0314961 0 1 
vn 0.0314961 0 1 
vn 0.0314961 0 1 
vn 0.0314961 0 1 
vn 0.0314961 0 1 
vn 0.0314961 0 1 
vn 0.0314961 0 1 
vn 0.0314961 0 1 
vn 0.0314961 0 1 
vn 0.0314961 0 1 
vn 0.0314961 0 1 
vn 0.0314961 0 1 
vn 0.0314961 0 1 
vn 0.0314961 0 1 
vn 0.0314961 0 1 
vn 0.0314961 0 1 
vn 0.0314961 0 1 
vn 0.0314961 0 1 
vn 0.0314961 0 1 
vn 0.0314961 0 1 
vn 0.0314961 0 1 
vn 0.0314961 0 1 
vn 0.0314961 0 1 
vn 0.0314961 0 1 
vn 0.0314961 0 1 
vn 0.0314961 0 1 
vn 0.0314961 0 1 
vn 0.0314961 0 1 
vn 0.0314961 0 1 
vn 0.0314961 0 1 
vn 0.0314961 0 1 
vn 0.0314961 0 1 
vn 0.0314961 0 1 
vn 0.0314961 0 1 
vn 0.0314961 0 1 
vn 0.0314961 0 1 
vn 0.0314961 0 1 
vn 0.0314961 0 1 
vn 0.0314961 0 1 
vn 0.0314961 0 1 
vn 0.0314961 0 1 
vn 0.0314961 0 1 
vn 0.0314961 0 1 
vn 0.0314961 0 1 
vn 0.0314961 0 1 
vn 0.0314961 0 1 
vn 0.0314961 0 1 
vn 0.0314961 0 1 
vn 0.0314961 0 1 
vn 0.0314961 0 1 
vn 0.0314961 0 1 
vn 0.0314961 0 1 
vn 0.0314961 0 1 
vn 0.0314961 0 1 
vn 0.0314961 0 1 
vn 0.0314961 0 1 
vn 0.0314961 0 1 
vn 0.0314961 0 1 
vn 0.0314961 0 1 
vn 0.0314961 0 1 
vn 0.0314961 0 1 
vn 0.0314961 0 1 
vn 0.0314961 0 1 
vn 0.0314961 0 1 
vn 0.0314961 0 1 
vn 0.0314961 0 1 
vn 0.0314961 0 1 
vn 0.0314961 0 1 
vn 0.0314961 0 1 
vn 0.0314961 0 1 
vn 0.0314961 0 1 
vn 0.0314961 0 1 
vn 0.0314961 0 1 
vn 0.0314961 0 1 
vn 0.0314961 0 1 
vn 0.0314961 0 1 
vn 0.0314961 0 1 
vn 0.0314961 0 1 
vn 0.0314961 0 1 
vn 0.0314961 0 1 
vn 0.0314961 0 1 
vn 0.0314961 0 1 
vn 0.0314961 0 1 
vn 0.0314961 0 1 
vn 0.0314961 0 1 
vn 0.0314961 0 1 
vn 0.0314961 0 1 
vn 0.0314961 0 1 
vn 0.0314961 0 1 
vn 0.0314961 0 1 
vn 0.0314961 0 1 
vn 0.0314961 0 1 
vn 0.0314961 0 1 
vn 0.0314961 0 1 
vn 0.0314961 0 1 
vn 0.0314961 0 1 
vn 0.0314961 0 1 
vn 0.0314961 0 1 
vn 0.0314961 0 1 
vn 0.0314961 0 1 
vn 0.0314961 0 1 
vn 0.0314961 0 1 
vn 0.0314961 0 1 
vn 0.0314961 0 1 
vn 0.0314961 0 1 
vn 0.0314961 0 1 
vn 0.0314961 0 1 
vn 0.0314961 0 1 
vn 0.0314961 0 1 
vn 0.0314961 0 1 
vn 0.0314961 0 1 
vn 0.0314961 0 1 
vn 0.0314961 0 1 
vn 0.0314961 0 1 
vn 0.0314961 0 1 
vn 0.0314961 0 1 
vn 0.0314961 0 1 
vn 0.0314961 0 1 
vn 0.0314961 0 1 
vn 0.0314961 0 1 
vn 0.0314961 0 1 
vn 0.0314961 0 1 
vn 0.0314961 0 1 
vn 0.0314961 0 1 
vn 0.0314961 0 1 
vn 0.0314961 0 1 
vn 0.0314961 0 1 
vn 0.0314961 0 1 
vn 0.0314961 0 1 
vn 0.0314961 0 1 
vn 0.0314961 0 1 
vn 0.0314961 0 1 
vn 0.0314961 0 1 
vn 0.0314961 0 1 
vn 0.0314961 0 1 
vn 0.0314961 0 1 
vn 0.0314961 0 1 
vn 0.023622 0 1 
vn 0.0314961 0 1 
vn 0.0314961 0 1 
vn 0.0314961 0 1 
vn 0.0314961 0 1 
vn 0.0314961 0 1 
vn 0.0314961 0 1 
vn 0.0314961 0 1 
vn 0.0314961 0 1 
vn 0.0314961 0 1 
vn 0.0314961 0 1 
vn 0.0314961 0 1 
vn 0.0314961 0 1 
vn 0.0314961 0 1 
vn 0.0314961 0 1 
vn 0.0314961 0 1 
vn 0.0314961 0 1 
vn 0.0314961 0 1 
vn 0.0314961 0 1 
vn 0.0314961 0 1 
vn 0.0314961 0 1 
vn 0.0314961 0 1 
vn 0.0314961 0 1 
vn 0.0314961 0 1 
vn 0.0314961 0 1 
vn 0.0314961 0 1 
vn 0.0314961 0 1 
vn 0.0314961 0 1 
vn 0.0314961 0 1 
vn 0.0314961 0 1 
vn 0.0314961 0 1 
vn 0.0314961 0 1 
vn 0.0314961 0 1 
vn 0.0314961 0 1 
vn 0.0314961 0 1 
vn 0.0314961 0 1 
vn 0.0314961 0 1 
vn 0.0314961 0 1 
vn 0.0314961 0 1 
vn 0.0314961 0 1 
vn 0.0314961 0 1 
vn 0.0314961 0 1 
vn 0.0314961 0 1 
vn 0.0314961 0 1 
vn 0.0314961 0 1 
vn 0.0314961 0 1 
vn 0.0314961 0 1 
vn 0.0314961 0 1 
vn 0.0314961 0 1 
vn 0.0314961 0 1 
vn 0.0314961 0 1 
vn 0.0314961 0 1 
vn 0.0314961 0 1 
vn 0.0314961 0 1 
vn 0.0314961 0 1 
vn 0.0314961 0 1 
vn 0.0314961 0 1 
vn 0.0314961 0 1 
vn 0.0314961 0 1 
vn 0.0314961 0 1 
vn 0.0314961 0 1 
vn 0.0314961 0 1 
vn 0.0314961 0 1 
vn 0.0314961 0 1 
vn 0.0314961 0 1 
vn 0.0314961 0 1 
vn 0.0314961 0 1 
vn 0.0314961 0 1 
vn 0.0314961 0 1 
vn 0.0314961 0 1 
vn 0.0314961 0 1 
vn 0.0314961 0 1 
vn 0.0314961 0 1 
vn 0.0314961 0 1 
vn 0.0314961 0 1 
vn 0.0314961 0 1 
vn 0.0314961 0 1 
vn 0.0314961 0 1 
vn 0.0314961 0 1 
vn 0.0314961 0 1 
vn 0.0314961 0 1 
vn 0.0314961 0 1 
vn 0.0314961 0 1 
vn 0.0314961 0 1 
vn 0.0314961 0 1 
vn 0.0314961 0 1 
vn 0.0314961 0 1 
vn 0.0314961 0 1 
vn 0.0314961 0 1 
vn 0.0314961 0 1 
vn 0.0314961 0 1 
vn 0.0314961 0 1 
vn 0.0314961 0 1 
vn 0.0314961 0 1 
vn 0.0314961 0 1 
vn 0.0314961 0 1 
vn 0.0314961 0 1 
vn 0.0314961 0 1 
vn 0.0314961 0 1 
vn 0.0314961 0 1 
vn 0.0314961 0 1 
vn 0.0314961 0 1 
vn 0.0314961 0 1 
vn 0.0314961 0 1 
vn 0.0314961 0 1 
vn 0.0314961 0 1 
vn 0.0314961 0 1 
vn 0.0314961 0 1 
vn 0.0314961 0 1 
vn 0.0314961 0 1 
vn 0.0314961 0 1 
vn 0.0314961 0 1 
vn 0.0314961 0 1 
vn 0.0314961 0 1 
vn 0.0314961 0 1 
vn 0.0314961 0 1 
vn 0.0314961 0 1 
vn 0.0314961 0 1 
vn 0.0314961 0 1 
vn 0.0314961 0 1 
vn 0.0314961 0 1 
vn 0.0314961 0 1 
vn 0.0314961 0 1 
vn 0.0314961 0 1 
vn 0.0314961 0 1 
vn 0.0314961 0 1 
vn 0.0314961 0 1 
vn 0.0314961 0 1 
vn 0.0314961 0 1 
vn 0.0314961 0 1 
vn 0.0314961 0 1 
vn 0.0314961 0 1 
vn 0.0314961 0 1 
vn 0.0314961 0 1 
vn 0.0314961 0 1 
vn 0.0314961 0 1 
vn 0.0314961 0 1 
vn 0.0314961 0 1 
vn 0.0314961 0 1 
vn 0.0314961 0 1 
vn 0.0314961 0 1 
vn 0.0314961 0 1 
vn 0.0314961 0 1 
vn 0.0314961 0 1 
vn 0.0314961 0 1 
vn 0.0314961 0 1 
vn 0.0314961 0 1 
vn 0.0314961 0 1 
vn 0.0314961 0 1 
vn 0.0314961 0 1 
vn 0.0314961 0 1 
vn 0.0314961 0 1 
vn 0.0314961 0 1 
vn 0.0314961 0 1 
vn 0.0314961 0 1 
vn 0.0314961 0 1 
vn 0.0314961 0 1 
vn 0.0314961 0 1 
vn 0.0314961 0 1 
vn 0.0314961 0 1 
vn 0.0314961 0 1 
vn 0.0314961 0 1 
vn 0.0314961 0 1 
vn 0.0314961 0 1 
vn 0.0314961 0 1 
vn 0.0314961 0 1 
vn 0.0314961 0 1 
vn 0.0314961 0 1 
vn 0.0314961 0 1 
vn 0.0314961 0 1 
vn 0.0314961 0 1 
vn 0.0314961 0 1 
vn 0.0314961 0 1 
vn 0.0314961 0 1 
vn 0.0314961 0 1 
vn 0.0314961 0 1 
vn 0.0314961 0 1 
vn 0.0314961 0 1 
vn 0.0314961 0 1 
vn 0.0314961 0 1 
vn 0.0314961 0 1 
vn 0.0314961 0 1 
vn 0.0314961 0 1 
vn 0.0314961 0 1 
vn 0.0314961 0 1 
vn 0.0314961 0 1 
vn 0.0314961 0 1 
vn 0.0314961 0 1 
vn 0.0314961 0 1 
vn 0.0314961 0 1 
vn 0.0314961 0 1 
vn 0.0314961 0 1 
vn 0.0314961 0 1 
vn 0.0314961 0 1 
vn 0.0314961 0 1 
vn 0.0314961 0 1 
vn 0.0314961 0 1 
vn 0.0314961 0 1 
vn 0.0314961 0 1 
vn 0.0314961 0 1 
vn 0.0314961 0 1 
vn 0.0314961 0 1 
vn 0.0314961 0 1 
vn 0.0314961 0 1 
vn 0.0314961 0 1 
vn 0.0314961 0 1 
vn 0.0314961 0 1 
vn 0.0314961 0 1 
vn 0.0314961 0 1 
vn 0.0314961 0 1 
vn 0.0314961 0 1 
vn 0.0314961 0 1 
vn 0.0314961 0 1 
vn 0.0314961 0 1 
vn 0.0314961 0 1 
vn 0.0314961 0 1 
vn 0.0314961 0 1 
vn 0.0314961 0 1 
vn 0.0314961 0 1 
vn 0.0314961 0 1 
vn 0.0314961 0 1 
vn 0.0314961 0 1 
vn 0.0314961 0 1 
vn 0.0314961 0 1 
vn 0.0314961 0 1 
vn 0.0314961 0 1 
vn 0.0314961 0 1 
vn 0.0314961 0 1 
vn 0.0314961 0 1 
vn 0.0314961 0 1 
vn 0.0314961 0 1 
vn 0.0314961 0 1 
vn 0.0314961 0 1 
vn 0.0314961 0 1 
vn 0.0314961 0 1 
vn 0.0314961 0 1 
vn 0.0314961 0 1 
vn 0.0314961 0 1 
vn 0.0314961 0 1 
vn 0.0314961 0 1 
vn 0.0314961 0 1 
vn 0.0314961 0 1 
vn 0.0314961 0 1 
vn 0.0314961 0 1 
vn 0.0314961 0 1 
vn 0.0314961 0 1 
vn 0.0314961 0 1 
vn 0.0314961 0 1 
vn 0.0314961 0 1 
vn 0.0314961 0 1 
vn 0.0314961 0 1 
vn 0.0314961 0 1 
vn 0.0314961 0 1 
vn 0.0314961 0 1 
vn 0.0314961 0 1 
vn 0.0314961 0 1 
vn 0.0314961 0 1 
vn 0.0314961 0 1 
vn 0.0314961 0 1 
vn 0.0314961 0 1 
vn 0.0314961 0 1 
vn 0.0314961 0 1 
vn 0.0314961 0 1 
vn 0.0314961 0 1 
vn 0.0314961 0 1 
vn 0.0314961 0 1 
vn 0.0314961 0 1 
vn 0.0314961 0 1 
vn 0.0314961 0 1 
vn 0.0314961 0 1 
vn 0.0314961 0 1 
vn 0.0314961 0 1 
vn 0.0314961 0 1 
vn 0.0314961 0 1 
vn 0.0314961 0 1 
vn 0.0314961 0 1 
vn 0.0314961 0 1 
vn 0.0314961 0 1 
vn 0.0314961 0 1 
vn 0.0314961 0 1 
vn 0.0314961 0 1 
vn 0.0314961 0 1 
vn 0.0314961 0 1 
vn 0.0314961 0 1 
vn 0.0314961 0 1 
vn 0.0314961 0 1 
vn 0.0314961 0 1 
vn 0.0314961 0 1 
vn 0.0314961 0 1 
vn 0.0314961 0 1 
vn 0.0314961 0 1 
vn 0.0314961 0 1 
vn 0.0314961 0 1 
vn 0.0314961 0 1 
vn 0.0314961 0 1 
vn 0.0314961 0 1 
vn 0.0314961 0 1 
vn 0.0314961 0 1 
vn 0.0314961 0 1 
vn 0.0314961 0 1 
vn 0.0314961 0 1 
vn 0.0314961 0 1 
vn 0.0314961 0 1 
vn 0.0314961 0 1 
vn 0.0314961 0 1 
vn 0.0314961 0 1 
vn 0.0314961 0 1 
vn 0.0314961 0 1 
vn 0.0314961 0 1 
vn 0.0314961 0 1 
vn 0.0314961 0 1 
vn 0.0314961 0 1 
vn 0.0314961 0 1 
vn 0.0314961 0 1 
vn 0.0314961 0 1 
vn 0.0314961 0 1 
vn 0.0314961 0 1 
vn 0.0314961 0 1 
vn 0.0314961 0 1 
vn 0.0314961 0 1 
vn 0.0314961 0 1 
vn 0.0314961 0 1 
vn 0.0314961 0 1 
vn 0.0314961 0 1 
vn 0.0314961 0 1 
vn 0.0314961 0 1 
vn 0.0314961 0 1 
vn 0.0314961 0 1 
vn 0.0314961 0 1 
vn 0.0314961 0 1 
vn 0.0314961 0 1 
vn 0.0314961 0 1 
vn 0.0314961 0 1 
vn 0.0314961 0 1 
vn 0.0314961 0 1 
vn 0.0314961 0 1 
vn 0.0314961 0 1 
vn 0.0314961 0 1 
vn 0.0314961 0 1 
vn 0.0314961 0 1 
vn 0.0314961 0 1 
vn 0.0314961 0 1 
vn 0.0314961 0 1 
vn 0.0314961 0 1 
vn 0.0314961 0 1 
vn 0.0314961 0 1 
vn 0.0314961 0 1 
vn 0.0314961 0 1 
vn 0.0314961 0 1 
vn 0.0314961 0 1 
vn 0.0314961 0 1 
vn 0.0314961 0 1 
vn 0.0314961 0 1 
vn 0.0314961 0 1 
vn 0.0314961 0 1 
vn 0.0314961 0 1 
vn 0.0314961 0 1 
vn 0.0314961 0 1 
vn 0.0314961 0 1 
vn 0.0314961 0 1 
vn 0.0314961 0 1 
vn 0.0314961 0 1 
vn 0.0314961 0 1 
vn 0.0314961 0 1 
vn 0.0314961 0 1 
vn 0.0314961 0 1 
vn 0.0314961 0 1 
vn 0.0314961 0 1 
vn 0.0314961 0 1 
vn 0.0314961 0 1 
vn 0.0314961 0 1 
vn 0.0314961 0 1 
vn 0.0314961 0 1 
vn 0.0314961 0 1 
vn 0.0314961 0 1 
vn 0.0314961 0 1 
vn 0.0314961 0 1 
vn 0.0314961 0 1 
vn 0.0314961 0 1 
vn 0.0314961 0 1 
vn 0.0314961 0 1 
vn 0.0314961 0 1 
vn 0.0314961 0 1 
vn 0.0314961 0 1 
vn 0.0314961 0 1 
vn 0.0314961 0 1 
vn 0.0314961 0 1 
vn 0.0314961 0 1 
vn 0.0314961 0 1 
vn 0.0314961 0 1 
vn 0.0314961 0 1 
vn 0.0314961 0 1 
vn 0.0314961 0 1 
vn 0.0314961 0 1 
vn 0.0314961 0 1 
vn 0.0314961 0 1 
vn 0.0314961 0 1 
vn 0.0314961 0 1 
vn 0.0314961 0 1 
vn 0.0314961 0 1 
vn 0.0314961 0 1 
vn 0.0314961 0 1 
vn 0.0314961 0 1 
vn 0.0314961 0 1 
vn 0.0314961 0 1 
vn 0.0314961 0 1 
vn 0.0314961 0 1 
vn 0.0314961 0 1 
vn 0.0314961 0 1 
vn 0.0314961 0 1 
vn 0.0314961 0 1 
vn 0.0314961 0 1 
vn 0.0314961 0 1 
vn 0.0314961 0 1 
vn 0.0314961 0 1 
vn 0.0314961 0 1 
vn 0.0314961 0 1 
vn 0.0314961 0 1 
vn 0.0314961 0 1 
vn 0.0314961 0 1 
vn 0.0314961 0 1 
vn 0.0314961 0 1 
vn 0.0314961 0 1 
vn 0.0314961 0 1 
vn 0.0314961 0 1 
vn 0.0314961 0 1 
vn 0.0314961 0 1 
vn 0.0314961 0 1 
vn 0.0314961 0 1 
vn 0.0314961 0 1 
vn 0.0314961 0 1 
vn 0.0314961 0 1 
vn 0.0314961 0 1 
vn 0.0314961 0 1 
vn 0.0314961 0 1 
vn 0.0314961 0 1 
vn 0.0314961 0 1 
vn 0.0314961 0 1 
vn 0.0314961 0 1 
vn 0.0314961 0 1 
vn 0.0314961 0 1 
vn 0.0314961 0 1 
vn 0.0314961 0 1 
vn 0.0314961 0 1 
vn 0.0314961 0 1 
vn 0.0314961 0 1 
vn 0.0314961 0 1 
vn 0.0314961 0 1 
vn 0.0314961 0 1 
vn 0.0314961 0 1 
vn 0.0314961 0 1 
vn 0.0314961 0 1 
vn 0.0314961 0 1 
vn 0.0314961 0 1 
vn 0.0314961 0 1 
vn 0.0314961 0 1 
vn 0.0314961 0 1 
vn 0.0314961 0 1 
vn 0.0314961 0 1 
vn 0.0314961 0 1 
vn 0.0314961 0 1 
vn 0.0314961 0 1 
vn 0.0314961 0 1 
vn 0.0314961 0 1 
vn 0.0314961 0 1 
vn 0.0314961 0 1 
vn 0.0314961 0 1 
vn 0.0314961 0 1 
vn 0.0314961 0 1 
vn 0.0314961 0 1 
vn 0.0314961 0 1 
vn 0.0314961 0 1 
vn 0.0314961 0 1 
vn 0.0314961 0 1 
vn 0.0314961 0 1 
vn 0.0314961 0 1 
vn 0.0314961 0 1 
vn 0.0314961 0 1 
vn 0.0314961 0 1 
vn 0.0314961 0 1 
vn 0.0314961 0 1 
vn 0.0314961 0 1 
vn 0.0314961 0 1 
vn 0.0314961 0 1 
vn 0.0314961 0 1 
vn 0.0314961 0 1 
vn 0.0314961 0 1 
vn 0.0314961 0 1 
vn 0.0314961 0 1 
vn 0.0314961 0 1 
vn 0.0314961 0 1 
vn 0.0314961 0 1 
vn 0.0314961 0 1 
vn 0.0314961 0 1 
vn 0.0314961 0 1 
vn 0.0314961 0 1 
vn 0.0314961 0 1 
vn 0.0314961 0 1 
vn 0.0314961 0 1 
vn 0.0314961 0 1 
vn 0.0314961 0 1 
vn 0.0314961 0 1 
vn 0.0314961 0 1 
vn 0.0314961 0 1 
vn 0.0314961 0 1 
vn 0.0314961 0 1 
vn 0.0314961 0 1 
vn 0.0314961 0 1 
vn 0.0314961 0 1 
vn 0.0314961 0 1 
vn 0.0314961 0 1 
vn 0.0314961 0 1 
vn 0.0314961 0 1 
vn 0.0314961 0 1 
vn 0.0314961 0 1 
vn 0.0314961 0 1 
vn 0.0314961 0 1 
vn 0.0314961 0 1 
vn 0.0314961 0 1 
vn 0.0314961 0 1 
vn 0.0314961 0 1 
vn 0.0314961 0 1 
vn 0.0314961 0 1 
vn 0.0314961 0 1 
vn 0.0314961 0 1 
vn 0.0314961 0 1 
vn 0.0314961 0 1 
vn 0.0314961 0 1 
vn 0.0314961 0 1 
vn 0.0314961 0 1 
vn 0.0314961 0 1 
vn 0.0314961 0 1 
vn 0.0314961 0 1 
vn 0.0314961 0 1 
vn 0.0314961 0 1 
vn 0.0314961 0 1 
vn 0.0314961 0 1 
vn 0.0314961 0 1 
vn 0.0314961 0 1 
vn 0.0314961 0 1 
vn 0.0314961 0 1 
vn 0.0314961 0 1 
vn 0.0314961 0 1 
vn 0.0314961 0 1 
vn 0.0314961 0 1 
vn 0.0314961 0 1 
vn 0.0314961 0 1 
vn 0.0314961 0 1 
vn 0.0314961 0 1 
vn 0.0314961 0 1 
vn 0.0314961 0 1 
vn 0.0314961 0 1 
vn 0.0314961 0 1 
vn 0.0314961 0 1 
vn 0.0314961 0 1 
vn 0.0314961 0 1 
vn 0.0314961 0 1 
vn 0.0314961 0 1 
vn 0.0314961 0 1 
vn 0.0314961 0 1 
vn 0.0314961 0 1 
vn 0.0314961 0 1 
vn 0.0314961 0 1 
vn 0.0314961 0 1 
vn 0.0314961 0 1 
vn 0.0314961 0 1 
vn 0.0314961 0 1 
vn 0.0314961 0 1 
vn 0.0314961 0 1 
vn 0.0314961 0 1 
vn 0.0314961 0 1 
vn 0.0314961 0 1 
vn 0.0314961 0 1 
vn 0.0314961 0 1 
vn 0.0314961 0 1 
vn 0.0314961 0 1 
vn 0.0314961 0 1 
vn 0.0314961 0 1 
vn 0.0314961 0 1 
vn 0.0314961 0 1 
vn 0.0314961 0 1 
vn 0.0314961 0 1 
vn 0.0314961 0 1 
vn 0.0314961 0 1 
vn 0.0314961 0 1 
vn 0.0314961 0 1 
vn 0.0314961 0 1 
vn 0.0314961 0 1 
vn 0.0314961 0 1 
vn 0.0314961 0 1 
vn 0.0314961 0 1 
vn 0.0314961 0 1 
vn 0.0314961 0 1 
vn 0.0314961 0 1 
vn 0.0314961 0 1 
vn 0.0314961 0 1 
vn 0.0314961 0 1 
vn 0.0314961 0 1 
vn 0.0314961 0 1 
vn 0.0314961 0 1 
vn 0.0314961 0 1 
vn 0.0314961 0 1 
vn 0.0314961 0 1 
vn 0.0314961 0 1 
vn 0.0314961 0 1 
vn 0.0314961 0 1 
vn 0.0314961 0 1 
vn 0.0314961 0 1 
vn 0.0314961 0 1 
vn 0.0314961 0 1 
vn 0.0314961 0 1 
vn 0.0314961 0 1 
vn 0.0314961 0 1 
vn 0.0314961 0 1 
vn 0.0314961 0 1 
vn 0.0314961 0 1 
vn 0.0314961 0 1 
vn 0.0314961 0 1 
vn 0.0314961 0 1 
vn 0.0314961 0 1 
vn 0.0314961 0 1 
vn 0.0314961 0 1 
vn 0.0314961 0 1 
vn 0.0314961 0 1 
vn 0.0314961 0 1 
vn 0.0314961 0 1 
vn 0.0314961 0 1 
vn 0.0314961 0 1 
vn 0.0314961 0 1 
vn 0.0314961 0 1 
vn 0.0314961 0 1 
vn 0.0314961 0 1 
vn 0.0314961 0 1 
vn 0.0314961 0 1 
vn 0.0314961 0 1 
vn 0.0314961 0 1 
vn 0.0314961 0 1 
vn 0.0314961 0 1 
vn 0.0314961 0 1 
vn 0.0314961 0 1 
vn 0.0314961 0 1 
vn 0.0314961 0 1 
vn 0.0314961 0 1 
vn 0.0314961 0 1 
vn 0.0314961 0 1 
vn 0.0314961 0 1 
vn 0.0314961 0 1 
vn 0.0314961 0 1 
vn 0.0314961 0 1 
vn 0.0314961 0 1 
vn 0.0314961 0 1 
vn 0.0314961 0 1 
vn 0.0314961 0 1 
vn 0.0314961 0 1 
vn 0.0314961 0 1 
vn 0.0314961 0 1 
vn 0.0314961 0 1 
vn 0.0314961 0 1 
vn 0.0314961 0 1 
vn 0.0314961 0 1 
vn 0.0314961 0 1 
vn 0.0314961 0 1 
vn 0.0314961 0 1 
vn 0.0314961 0 1 
vn 0.0314961 0 1 
vn 0.0314961 0 1 
vn 0.0314961 0 1 
vn 0.0314961 0 1 
vn 0.0314961 0 1 
vn 0.0314961 0 1 
vn 0.0314961 0 1 
vn 0.0314961 0 1 
vn 0.0314961 0 1 
vn 0.0314961 0 1 
vn 0.0314961 0 1 
vn 0.0314961 0 1 
vn 0.0314961 0 1 
vn 0.0314961 0 1 
vn 0.0314961 0 1 
vn 0.0314961 0 1 
vn 0.0314961 0 1 
vn 0.0314961 0 1 
vn 0.0314961 0 1 
vn 0.0314961 0 1 
vn 0.0314961 0 1 
vn 0.0314961 0 1 
vn 0.0314961 0 1 
vn 0.0314961 0 1 
vn 0.0314961 0 1 
vn 0.0314961 0 1 
vn 0.0314961 0 1 
vn 0.0314961 0 1 
vn 0.0314961 0 1 
vn 0.0314961 0 1 
vn 0.0314961 0 1 
vn 0.0314961 0 1 
vn 0.0314961 0 1 
vn 0.0314961 0 1 
vn 0.0314961 0 1 
vn 0.0314961 0 1 
vn 0.0314961 0 1 
vn 0.0314961 0 1 
vn 0.0314961 0 1 
vn 0.0314961 0 1 
vn 0.0314961 0 1 
vn 0.0314961 0 1 
vn 0.0314961 0 1 
vn 0.0314961 0 1 
vn 0.0314961 0 1 
vn 0.0314961 0 1 
vn 0.0314961 0 1 
vn 0.0314961 0 1 
vn 0.0314961 0 1 
vn 0.0314961 0 1 
vn 0.0314961 0 1 
vn 0.0314961 0 1 
vn 0.0314961 0 1 
vn 0.0314961 0 1 
vn 0.0314961 0 1 
vn 0.0314961 0 1 
vn 0.0314961 0 1 
vn 0.0314961 0 1 
vn 0.0314961 0 1 
vn 0.0314961 0 1 
vn 0.0314961 0 1 
vn 0.0314961 0 1 
vn 0.0314961 0 1 
vn 0.0314961 0 1 
vn 0.0314961 0 1 
vn 0.0314961 0 1 
vn 0.0314961 0 1 
vn 0.0314961 0 1 
vn 0.0314961 0 1 
vn 0.0314961 0 1 
vn 0.0314961 0 1 
vn 0.0314961 0 1 
vn 0.0314961 0 1 
vn 0.0314961 0 1 
vn 0.0314961 0 1 
vn 0.0314961 0 1 
vn 0.0314961 0 1 
vn 0.0314961 0 1 
vn 0.0314961 0 1 
vn 0.0314961 0 1 
vn 0.0314961 0 1 
vn 0.0314961 0 1 
vn 0.0314961 0 1 
vn 0.0314961 0 1 
vn 0.0314961 0 1 
vn 0.0314961 0 1 
vn 0.0314961 0 1 
vn 0.0314961 0 1 
vn 0.0314961 0 1 
vn 0.0314961 0 1 
vn 0.0314961 0 1 
vn 0.0314961 0 1 
vn 0.0314961 0 1 
vn 0.0314961 0 1 
vn 0.0314961 0 1 
vn 0.0314961 0 1 
vn 0.0314961 0 1 
vn 0.0314961 0 1 
vn 0.0314961 0 1 
vn 0.0314961 0 1 
vn 0.0314961 0 1 
vn 0.0314961 0 1 
vn 0.0314961 0 1 
vn 0.0314961 0 1 
vn 0.0314961 0 1 
vn 0.0314961 0 1 
vn 0.0314961 0 1 
vn 0.0314961 0 1 
vn 0.0314961 0 1 
vn 0.0314961 0 1 
vn 0.0314961 0 1 
vn 0.0314961 0 1 
vn 0.0314961 0 1 
vn 0.0314961 0 1 
vn 0.0314961 0 1 
vn 0.0314961 0 1 
vn 0.0314961 0 1 
vn 0.0314961 0 1 
vn 0.0314961 0 1 
vn 0.0314961 0 1 
vn 0.0314961 0 1 
vn 0.0314961 0 1 
vn 0.0314961 0 1 
vn 0.0314961 0 1 
vn 0.0314961 0 1 
vn 0.0314961 0 1 
vn 0.0314961 0 1 
vn 0.0314961 0 1 
vn 0.0314961 0 1 
vn 0.0314961 0 1 
vn 0.0314961 0 1 
vn 0.0314961 0 1 
vn 0.0314961 0 1 
vn 0.0314961 0 1 
vn 0.0314961 0 1 
vn 0.0314961 0 1 
vn 0.0314961 0 1 
vn 0.0314961 0 1 
vn 0.0314961 0 1 
vn 0.0314961 0 1 
vn 0.0314961 0 1 
vn 0.0314961 0 1 
vn 0.0314961 0 1 
vn 0.0314961 0 1 
vn 0.0314961 0 1 
vn 0.0314961 0 1 
vn 0.0314961 0 1 
vn 0.0314961 0 1 
vn 0.0314961 0 1 
vn 0.0314961 0 1 
vn 0.0314961 0 1 
vn 0.0314961 0 1 
vn 0.0314961 0 1 
vn 0.0314961 0 1 
vn 0.0314961 0 1 
vn 0.0314961 0 1 
vn 0.0314961 0 1 
vn 0.0314961 0 1 
vn 0.0314961 0 1 
vn 0.0314961 0 1 
vn 0.0314961 0 1 
vn 0.0314961 0 1 
vn 0.0314961 0 1 
vn 0.0314961 0 1 
vn 0.0314961 0 1 
vn 0.0314961 0 1 
vn 0.0314961 0 1 
vn 0.0314961 0 1 
vn 0.0314961 0 1 
vn 0.0314961 0 1 
vn 0.0314961 0 1 
vn 0.0314961 0 1 
vn 0.0314961 0 1 
vn 0.0314961 0 1 
vn 0.0314961 0 1 
vn 0.023622 0 1 
vn 0.0314961 0 1 
vn 0.0314961 0 1 
vn 0.0314961 0 1 
vn 0.0314961 0 1 
vn 0.0314961 0 1 
vn 0.0314961 0 1 
vn 0.0314961 0 1 
vn 0.0314961 0 1 
vn 0.0314961 0 1 
vn 0.023622 0 1 
vn 0.0314961 0 1 
vn 0.0314961 0 1 
vn 0.0314961 0 1 
vn 0.0314961 0 1 
vn 0.0314961 0 1 
vn 0.0314961 0 1 
vn 0.0314961 0 1 
vn 0.0314961 0 1 
vn 0.0314961 0 1 
vn 0.023622 0 1 
vn 0.0314961 0 1 
vn 0.0314961 0 1 
vn 0.0314961 0 1 
vn 0.0314961 0 1 
vn 0.0314961 0 1 
vn 0.0314961 0 1 
vn 0.0314961 0 1 
vn 0.0314961 0 1 
vn 0.0314961 0 1 
vn 0.0314961 0 1 
vn 0.0314961 0 1 
vn 0.0314961 0 1 
vn 0.0314961 0 1 
vn 0.0314961 0 1 
vn 0.0314961 0 1 
vn 0.0314961 0 1 
vn 0.0314961 0 1 
vn 0.0314961 0 1 
vn 0.0314961 0 1 
vn 0.0314961 0 1 
vn 0.0314961 0 1 
vn 0.0314961 0 1 
vn 0.0314961 0 1 
vn 0.0314961 0 1 
vn 0.0314961 0 1 
vn 0.0314961 0 1 
vn 0.0314961 0 1 
vn 0.0314961 0 1 
vn 0.0314961 0 1 
vn 0.0314961 0 1 
vn 0.0314961 0 1 
vn 0.0314961 0 1 
vn 0.0314961 0 1 
vn 0.0314961 0 1 
vn 0.0314961 0 1 
vn 0.0314961 0 1 
vn 0.0314961 0 1 
vn 0.0314961 0 1 
vn 0.0314961 0 1 
vn 0.0314961 0 1 
vn 0.0314961 0 1 
vn 0.0314961 0 1 
vn 0.0314961 0 1 
vn 0.0314961 0 1 
vn 0.0314961 0 1 
vn 0.0314961 0 1 
vn 0.0314961 0 1 
vn 0.0314961 0 1 
vn 0.0314961 0 1 
vn 0.0314961 0 1 
vn 0.0314961 0 1 
vn 0.0314961 0 1 
vn 0.0314961 0 1 
vn 0.0314961 0 1 
vn 0.0314961 0 1 
vn 0.0314961 0 1 
vn 0.0314961 0 1 
vn 0.0314961 0 1 
vn 0.0314961 0 1 
vn 0.0314961 0 1 
vn 0.0314961 0 1 
vn 0.0314961 0 1 
vn 0.0314961 0 1 
vn 0.0314961 0 1 
vn 0.0314961 0 1 
vn 0.0314961 0 1 
vn 0.0314961 0 1 
vn 0.0314961 0 1 
vn 0.0314961 0 1 
vn 0.0314961 0 1 
vn 0.0314961 0 1 
vn 0.0314961 0 1 
vn 0.0314961 0 1 
vn 0.0314961 0 1 
vn 0.0314961 0 1 
vn 0.0314961 0 1 
vn 0.0314961 0 1 
vn 0.0314961 0 1 
vn 0.0314961 0 1 
vn 0.0314961 0 1 
vn 0.0314961 0 1 
vn 0.0314961 0 1 
vn 0.0314961 0 1 
vn 0.0314961 0 1 
vn 0.0314961 0 1 
vn 0.0314961 0 1 
vn 0.0314961 0 1 
vn 0.0314961 0 1 
vn 0.0314961 0 1 
vn 0.0314961 0 1 
vn 0.0314961 0 1 
vn 0.0314961 0 1 
vn 0.0314961 0 1 
vn 0.0314961 0 1 
vn 0.0314961 0 1 
vn 0.0314961 0 1 
vn 0.0314961 0 1 
vn 0.0314961 0 1 
vn 0.0314961 0 1 
vn 0.0314961 0 1 
vn 0.0314961 0 1 
vn 0.0314961 0 1 
vn 0.0314961 0 1 
vn 0.0314961 0 1 
vn 0.0314961 0 1 
vn 0.0314961 0 1 
vn 0.0314961 0 1 
vn 0.0314961 0 1 
vn 0.0314961 0 1 
vn 0.0314961 0 1 
vn 0.0314961 0 1 
vn 0.0314961 0 1 
vn 0.0314961 0 1 
vn 0.0314961 0 1 
vn 0.0314961 0 1 
vn 0.0314961 0 1 
vn 0.0314961 0 1 
vn 0.0314961 0 1 
vn 0.0314961 0 1 
vn 0.0314961 0 1 
vn 0.0314961 0 1 
vn 0.0314961 0 1 
vn 0.0314961 0 1 
vn 0.0314961 0 1 
vn 0.0314961 0 1 
vn 0.0314961 0 1 
vn 0.0314961 0 1 
vn 0.0314961 0 1 
vn 0.0314961 0 1 
vn 0.0314961 0 1 
vn 0.0314961 0 1 
vn 0.0314961 0 1 
vn 0.0314961 0 1 
vn 0.0314961 0 1 
vn 0.0314961 0 1 
vn 0.0314961 0 1 
vn 0.0314961 0 1 
vn 0.0314961 0 1 
vn 0.0314961 0 1 
vn 0.0314961 0 1 
vn 0.0314961 0 1 
vn 0.0314961 0 1 
vn 0.0314961 0 1 
vn 0.0314961 0 1 
vn 0.0314961 0 1 
vn 0.0314961 0 1 
vn 0.0314961 0 1 
vn 0.0314961 0 1 
vn 0.0314961 0 1 
vn 0.0314961 0 1 
vn 0.0314961 0 1 
vn 0.0314961 0 1 
vn 0.0314961 0 1 
vn 0.0314961 0 1 
vn 0.0314961 0 1 
vn 0.0314961 0 1 
vn 0.0314961 0 1 
vn 0.0314961 0 1 
vn 0.0314961 0 1 
vn 0.0314961 0 1 
vn 0.0314961 0 1 
vn 0.0314961 0 1 
vn 0.0314961 0 1 
vn 0.0314961 0 1 
vn 0.0314961 0 1 
vn 0.0314961 0 1 
vn 0.0314961 0 1 
vn 0.0314961 0 1 
vn 0.0314961 0 1 
vn 0.0314961 0 1 
vn 0.0314961 0 1 
vn 0.0314961 0 1 
vn 0.0314961 0 1 
vn 0.0314961 0 1 
vn 0.0314961 0 1 
vn 0.0314961 0 1 
vn 0.0314961 0 1 
vn 0.0314961 0 1 
vn 0.0314961 0 1 
vn 0.0314961 0 1 
vn 0.0314961 0 1 
vn 0.0314961 0 1 
vn 0.0314961 0 1 
vn 0.0314961 0 1 
vn 0.0314961 0 1 
vn 0.0314961 0 1 
vn 0.0314961 0 1 
vn 0.0314961 0 1 
vn 0.0314961 0 1 
vn 0.0314961 0 1 
vn 0.0314961 0 1 
vn 0.0314961 0 1 
vn 0.0314961 0 1 
vn 0.0314961 0 1 
vn 0.0314961 0 1 
vn 0.0314961 0 1 
vn 0.0314961 0 1 
vn 0.0314961 0 1 
vn 0.0314961 0 1 
vn 0.0314961 0 1 
vn 0.0314961 0 1 
vn 0.0314961 0 1 
vn 0.0314961 0 1 
vn 0.0314961 0 1 
vn 0.0314961 0 1 
vn 0.0314961 0 1 
vn 0.0314961 0 1 
vn 0.0314961 0 1 
vn 0.0314961 0 1 
vn 0.0314961 0 1 
vn 0.0314961 0 1 
vn 0.0314961 0 1 
vn 0.0314961 0 1 
vn 0.0314961 0 1 
vn 0.0314961 0 1 
vn 0.0314961 0 1 
vn 0.0314961 0 1 
vn 0.0314961 0 1 
vn 0.0314961 0 1 
vn 0.0314961 0 1 
vn 0.0314961 0 1 
vn 0.0314961 0 1 
vn 0.0314961 0 1 
vn 0.0314961 0 1 
vn 0.0314961 0 1 
vn 0.0314961 0 1 
vn 0.0314961 0 1 
vn 0.0314961 0 1 
vn 0.0314961 0 1 
vn 0.0314961 0 1 
vn 0.0314961 0 1 
vn 0.0314961 0 1 
vn 0.0314961 0 1 
vn 0.0314961 0 1 
vn 0.0314961 0 1 
vn 0.0314961 0 1 
vn 0.0314961 0 1 
vn 0.0314961 0 1 
vn 0.0314961 0 1 
vn 0.0314961 0 1 
vn 0.0314961 0 1 
vn 0.0314961 0 1 
vn 0.0314961 0 1 
vn 0.0314961 0 1 
vn 0.0314961 0 1 
vn 0.0314961 0 1 
vn 0.0314961 0 1 
vn 0.0314961 0 1 
vn 0.0314961 0 1 
vn 0.0314961 0 1 
vn 0.0314961 0 1 
vn 0.0314961 0 1 
vn 0.0314961 0 1 
vn 0.0314961 0 1 
vn 0.0314961 0 1 
vn 0.0314961 0 1 
vn 0.0314961 0 1 
vn 0.0314961 0 1 
vn 0.0314961 0 1 
vn 0.0314961 0 1 
vn 0.0314961 0 1 
vn 0.0314961 0 1 
vn 0.0314961 0 1 
vn 0.0314961 0 1 
vn 0.0314961 0 1 
vn 0.0314961 0 1 
vn 0.0314961 0 1 
vn 0.0314961 0 1 
vn 0.0314961 0 1 
vn 0.0314961 0 1 
vn 0.0314961 0 1 
vn 0.0314961 0 1 
vn 0.0314961 0 1 
vn 0.0314961 0 1 
vn 0.0314961 0 1 
vn 0.0314961 0 1 
vn 0.0314961 0 1 
vn 0.0314961 0 1 
vn 0.0314961 0 1 
vn 0.0314961 0 1 
vn 0.0314961 0 1 
vn 0.0314961 0 1 
vn 0.0314961 0 1 
vn 0.0314961 0 1 
vn 0.0314961 0 1 
vn 0.0314961 0 1 
vn 0.0314961 0 1 
vn 0.0314961 0 1 
vn 0.0314961 0 1 
vn 0.0314961 0 1 
vn 0.0314961 0 1 
vn 0.0314961 0 1 
vn 0.0314961 0 1 
vn 0.0314961 0 1 
vn 0.0314961 0 1 
vn 0.0314961 0 1 
vn 0.0314961 0 1 
vn 0.0314961 0 1 
vn 0.0314961 0 1 
vn 0.0314961 0 1 
vn 0.0314961 0 1 
vn 0.0314961 0 1 
vn 0.0314961 0 1 
vn 0.0314961 0 1 
vn 0.0314961 0 1 
vn 0.0314961 0 1 
vn 0.0314961 0 1 
vn 0.0314961 0 1 
vn 0.0314961 0 1 
vn 0.0314961 0 1 
vn 0.0314961 0 1 
vn 0.0314961 0 1 
vn 0.0314961 0 1 
vn 0.0314961 0 1 
vn 0.0314961 0 1 
vn 0.0314961 0 1 
vn 0.0314961 0 1 
vn 0.0314961 0 1 
vn 0.0314961 0 1 
vn 0.0314961 0 1 
vn 0.0314961 0 1 
vn 0.0314961 0 1 
vn 0.0314961 0 1 
vn 0.0314961 0 1 
vn 0.0314961 0 1 
vn 0.0314961 0 1 
vn 0.0314961 0 1 
vn 0.0314961 0 1 
vn 0.0314961 0 1 
vn 0.0314961 0 1 
vn 0.0314961 0 1 
vn 0.0314961 0 1 
vn 0.0314961 0 1 
vn 0.0314961 0 1 
vn 0.0314961 0 1 
vn 0.0314961 0 1 
vn 0.0314961 0 1 
vn 0.0314961 0 1 
vn 0.0314961 0 1 
vn 0.0314961 0 1 
vn 0.0314961 0 1 
vn 0.0314961 0 1 
vn 0.0314961 0 1 
vn 0.0314961 0 1 
vn 0.0314961 0 1 
vn 0.0314961 0 1 
vn 0.0314961 0 1 
vn 0.0314961 0 1 
vn 0.0314961 0 1 
vn 0.0314961 0 1 
vn 0.0314961 0 1 
vn 0.0314961 0 1 
vn 0.0314961 0 1 
vn 0.0314961 0 1 
vn 0.0314961 0 1 
vn 0.0314961 0 1 
vn 0.0314961 0 1 
vn 0.0314961 0 1 
vn 0.0314961 0 1 
vn 0.0314961 0 1 
vn 0.0314961 0 1 
vn 0.0314961 0 1 
vn 0.0314961 0 1 
vn 0.0314961 0 1 
vn 0.0314961 0 1 
vn 0.0314961 0 1 
vn 0.0314961 0 1 
vn 0.0314961 0 1 
vn 0.0314961 0 1 
vn 0.0314961 0 1 
vn 0.0314961 0 1 
vn 0.0314961 0 1 
vn 0.0314961 0 1 
vn 0.0314961 0 1 
vn 0.0314961 0 1 
vn 0.0314961 0 1 
vn 0.0314961 0 1 
vn 0.0314961 0 1 
vn 0.0314961 0 1 
vn 0.0314961 0 1 
vn 0.0314961 0 1 
vn 0.0314961 0 1 
vn 0.0314961 0 1 
vn 0.023622 0 1 
vn 0.0314961 0 1 
vn 0.0314961 0 1 
vn 0.0314961 0 1 
vn 0.0314961 0 1 
vn 0.0314961 0 1 
vn 0.0314961 0 1 
vn 0.023622 0 1 
vn 0.0314961 0 1 
vn 0.0314961 0 1 
vn 0.0314961 0 1 
vn 0.0314961 0 1 
vn 0.0314961 0 1 
vn 0.0314961 0 1 
vn 0.0314961 0 1 
vn 0.0314961 0 1 
vn 0.0314961 0 1 
vn 0.023622 0 1 
vn 0.0314961 0 1 
vn 0.0314961 0 1 
vn 0.0314961 0 1 
vn 0.0314961 0 1 
vn 0.0314961 0 1 
vn 0.0314961 0 1 
vn 0.0314961 0 1 
vn 0.0314961 0 1 
vn 0.0314961 0 1 
vn 0.0314961 0 1 
vn 0.0314961 0 1 
vn 0.0314961 0 1 
vn 0.0314961 0 1 
vn 0.0314961 0 1 
vn 0.0314961 0 1 
vn 0.0314961 0 1 
vn 0.0314961 0 1 
vn 0.0314961 0 1 
vn 0.0314961 0 1 
vn 0.0314961 0 1 
vn 0.0314961 0 1 
vn 0.0314961 0 1 
vn 0.0314961 0 1 
vn 0.0314961 0 1 
vn 0.0314961 0 1 
vn 0.0314961 0 1 
vn 0.0314961 0 1 
vn 0.0314961 0 1 
vn 0.0314961 0 1 
vn 0.0314961 0 1 
vn 0.0314961 0 1 
vn 0.0314961 0 1 
vn 0.0314961 0 1 
vn 0.0314961 0 1 
vn 0.0314961 0 1 
vn 0.0314961 0 1 
vn 0.0314961 0 1 
vn 0.0314961 0 1 
vn 0.0314961 0 1 
vn 0.0314961 0 1 
vn 0.0314961 0 1 
vn 0.0314961 0 1 
vn 0.0314961 0 1 
vn 0.0314961 0 1 
vn 0.0314961 0 1 
vn 0.0314961 0 1 
vn 0.0314961 0 1 
vn 0.0314961 0 1 
vn 0.0314961 0 1 
vn 0.0314961 0 1 
vn 0.0314961 0 1 
vn 0.0314961 0 1 
vn 0.0314961 0 1 
vn 0.0314961 0 1 
vn 0.0314961 0 1 
vn 0.0314961 0 1 
vn 0.0314961 0 1 
vn 0.0314961 0 1 
vn 0.0314961 0 1 
vn 0.0314961 0 1 
vn 0.0314961 0 1 
vn 0.0314961 0 1 
vn 0.0314961 0 1 
vn 0.0314961 0 1 
vn 0.0314961 0 1 
vn 0.0314961 0 1 
vn 0.0314961 0 1 
vn 0.0314961 0 1 
vn 0.0314961 0 1 
vn 0.0314961 0 1 
vn 0.0314961 0 1 
vn 0.0314961 0 1 
vn 0.0314961 0 1 
vn 0.0314961 0 1 
vn 0.0314961 0 1 
vn 0.0314961 0 1 
vn 0.0314961 0 1 
vn 0.0314961 0 1 
vn 0.0314961 0 1 
vn 0.0314961 0 1 
vn 0.0314961 0 1 
vn 0.0314961 0 1 
vn 0.0314961 0 1 
vn 0.0314961 0 1 
vn 0.0314961 0 1 
vn 0.0314961 0 1 
vn 0.0314961 0 1 
vn 0.0314961 0 1 
vn 0.0314961 0 1 
vn 0.0314961 0 1 
vn 0.0314961 0 1 
vn 0.0314961 0 1 
vn 0.0314961 0 1 
vn 0.0314961 0 1 
vn 0.0314961 0 1 
vn 0.0314961 0 1 
vn 0.0314961 0 1 
vn 0.0314961 0 1 
vn 0.0314961 0 1 
vn 0.0314961 0 1 
vn 0.0314961 0 1 
vn 0.0314961 0 1 
vn 0.0314961 0 1 
vn 0.0314961 0 1 
vn 0.0314961 0 1 
vn 0.0314961 0 1 
vn 0.0314961 0 1 
vn 0.0314961 0 1 
vn 0.0314961 0 1 
vn 0.0314961 0 1 
vn 0.0314961 0 1 
vn 0.0314961 0 1 
vn 0.0314961 0 1 
vn 0.0314961 0 1 
vn 0.0314961 0 1 
vn 0.0314961 0 1 
vn 0.0314961 0 1 
vn 0.0314961 0 1 
vn 0.0314961 0 1 
vn 0.0314961 0 1 
vn 0.0314961 0 1 
vn 0.0314961 0 1 
vn 0.0314961 0 1 
vn 0.0314961 0 1 
vn 0.0314961 0 1 
vn 0.0314961 0 1 
vn 0.0314961 0 1 
vn 0.0314961 0 1 
vn 0.0314961 0 1 
vn 0.0314961 0 1 
vn 0.0314961 0 1 
vn 0.0314961 0 1 
vn 0.0314961 0 1 
vn 0.0314961 0 1 
vn 0.0314961 0 1 
vn 0.0314961 0 1 
vn 0.0314961 0 1 
vn 0.0314961 0 1 
vn 0.0314961 0 1 
vn 0.0314961 0 1 
vn 0.0314961 0 1 
vn 0.0314961 0 1 
vn 0.0314961 0 1 
vn 0.0314961 0 1 
vn 0.0314961 0 1 
vn 0.0314961 0 1 
vn 0.0314961 0 1 
vn 0.0314961 0 1 
vn 0.0314961 0 1 
vn 0.0314961 0 1 
vn 0.0314961 0 1 
vn 0.0314961 0 1 
vn 0.0314961 0 1 
vn 0.0314961 0 1 
vn 0.0314961 0 1 
vn 0.0314961 0 1 
vn 0.0314961 0 1 
vn 0.0314961 0 1 
vn 0.0314961 0 1 
vn 0.0314961 0 1 
vn 0.0314961 0 1 
vn 0.0314961 0 1 
vn 0.0314961 0 1 
vn 0.0314961 0 1 
vn 0.0314961 0 1 
vn 0.0314961 0 1 
vn 0.0314961 0 1 
vn 0.0314961 0 1 
vn 0.0314961 0 1 
vn 0.0314961 0 1 
vn 0.0314961 0 1 
vn 0.0314961 0 1 
vn 0.0314961 0 1 
vn 0.0314961 0 1 
vn 0.0314961 0 1 
vn 0.0314961 0 1 
vn 0.0314961 0 1 
vn 0.0314961 0 1 
vn 0.0314961 0 1 
vn 0.0314961 0 1 
vn 0.0314961 0 1 
vn 0.0314961 0 1 
vn 0.0314961 0 1 
vn 0.0314961 0 1 
vn 0.0314961 0 1 
vn 0.0314961 0 1 
vn 0.0314961 0 1 
vn 0.0314961 0 1 
vn 0.0314961 0 1 
vn 0.0314961 0 1 
vn 0.0314961 0 1 
vn 0.0314961 0 1 
vn 0.0314961 0 1 
vn 0.0314961 0 1 
vn 0.0314961 0 1 
vn 0.0314961 0 1 
vn 0.0314961 0 1 
vn 0.0314961 0 1 
vn 0.0314961 0 1 
vn 0.0314961 0 1 
vn 0.0314961 0 1 
vn 0.0314961 0 1 
vn 0.0314961 0 1 
vn 0.0314961 0 1 
vn 0.0314961 0 1 
vn 0.0314961 0 1 
vn 0.0314961 0 1 
vn 0.0314961 0 1 
vn 0.0314961 0 1 
vn 0.0314961 0 1 
vn 0.0314961 0 1 
vn 0.0314961 0 1 
vn 0.0314961 0 1 
vn 0.0314961 0 1 
vn 0.0314961 0 1 
vn 0.0314961 0 1 
vn 0.0314961 0 1 
vn 0.0314961 0 1 
vn 0.0314961 0 1 
vn 0.0314961 0 1 
vn 0.0314961 0 1 
vn 0.0314961 0 1 
vn 0.0314961 0 1 
vn 0.0314961 0 1 
vn 0.0314961 0 1 
vn 0.0314961 0 1 
vn 0.0314961 0 1 
vn 0.0314961 0 1 
vn 0.0314961 0 1 
vn 0.0314961 0 1 
vn 0.0314961 0 1 
vn 0.0314961 0 1 
vn 0.0314961 0 1 
vn 0.0314961 0 1 
vn 0.0314961 0 1 
vn 0.0314961 0 1 
vn 0.0314961 0 1 
vn 0.0314961 0 1 
vn 0.0314961 0 1 
vn 0.0314961 0 1 
vn 0.0314961 0 1 
vn 0.0314961 0 1 
vn 0.0314961 0 1 
vn 0.0314961 0 1 
vn 0.0314961 0 1 
vn 0.0314961 0 1 
vn 0.0314961 0 1 
vn 0.0314961 0 1 
vn 0.0314961 0 1 
vn 0.0314961 0 1 
vn 0.0314961 0 1 
vn 0.0314961 0 1 
vn 0.0314961 0 1 
vn 0.0314961 0 1 
vn 0.0314961 0 1 
vn 0.0314961 0 1 
vn 0.0314961 0 1 
vn 0.0314961 0 1 
vn 0.0314961 0 1 
vn 0.0314961 0 1 
vn 0.0314961 0 1 
vn 0.0314961 0 1 
vn 0.0314961 0 1 
vn 0.0314961 0 1 
vn 0.0314961 0 1 
vn 0.0314961 0 1 
vn 0.0314961 0 1 
vn 0.0314961 0 1 
vn 0.0314961 0 1 
vn 0.0314961 0 1 
vn 0.0314961 0 1 
vn 0.0314961 0 1 
vn 0.0314961 0 1 
vn 0.0314961 0 1 
vn 0.0314961 0 1 
vn 0.0314961 0 1 
vn 0.0314961 0 1 
vn 0.0314961 0 1 
vn 0.0314961 0 1 
vn 0.0314961 0 1 
vn 0.0314961 0 1 
vn 0.0314961 0 1 
vn 0.0314961 0 1 
vn 0.0314961 0 1 
vn 0.0314961 0 1 
vn 0.0314961 0 1 
vn 0.0314961 0 1 
vn 0.0314961 0 1 
vn 0.0314961 0 1 
vn 0.0314961 0 1 
vn 0.0314961 0 1 
vn 0.0314961 0 1 
vn 0.0314961 0 1 
vn 0.0314961 0 1 
vn 0.0314961 0 1 
vn 0.0314961 0 1 
vn 0.0314961 0 1 
vn 0.0314961 0 1 
vn 0.0314961 0 1 
vn 0.0314961 0 1 
vn 0.0314961 0 1 
vn 0.0314961 0 1 
vn 0.0314961 0 1 
vn 0.0314961 0 1 
vn 0.0314961 0 1 
vn 0.0314961 0 1 
vn 0.0314961 0 1 
vn 0.0314961 0 1 
vn 0.0314961 0 1 
vn 0.0314961 0 1 
vn 0.0314961 0 1 
vn 0.0314961 0 1 
vn 0.0314961 0 1 
vn 0.0314961 0 1 
vn 0.0314961 0 1 
vn 0.0314961 0 1 
vn 0.0314961 0 1 
vn 0.0314961 0 1 
vn 0.0314961 0 1 
vn 0.0314961 0 1 
vn 0.0314961 0 1 
vn 0.0314961 0 1 
vn 0.0314961 0 1 
vn 0.0314961 0 1 
vn 0.0314961 0 1 
vn 0.0314961 0 1 
vn 0.0314961 0 1 
vn 0.0314961 0 1 
vn 0.0314961 0 1 
vn 0.0314961 0 1 
vn 0.0314961 0 1 
vn 0.0314961 0 1 
vn 0.0314961 0 1 
vn 0.0314961 0 1 
vn 0.0314961 0 1 
vn 0.0314961 0 1 
vn 0.0314961 0 1 
vn 0.0314961 0 1 
vn 0.0314961 0 1 
vn 0.0314961 0 1 
vn 0.0314961 0 1 
vn 0.0314961 0 1 
vn 0.0314961 0 1 
vn 0.0314961 0 1 
vn 0.0314961 0 1 
vn 0.0314961 0 1 
vn 0.0314961 0 1 
vn 0.0314961 0 1 
vn 0.0314961 0 1 
vn 0.0314961 0 1 
vn 0.0314961 0 1 
vn 0.0314961 0 1 
vn 0.0314961 0 1 
vn 0.0314961 0 1 
vn 0.0314961 0 1 
vn 0.0314961 0 1 
vn 0.0314961 0 1 
vn 0.0314961 0 1 
vn 0.0314961 0 1 
vn 0.0314961 0 1 
vn 0.0314961 0 1 
vn 0.0314961 0 1 
vn 0.0314961 0 1 
vn 0.0314961 0 1 
vn 0.0314961 0 1 
vn 0.0314961 0 1 
vn 0.0314961 0 1 
vn 0.0314961 0 1 
vn 0.0314961 0 1 
vn 0.0314961 0 1 
vn 0.0314961 0 1 
vn 0.0314961 0 1 
vn 0.0314961 0 1 
vn 0.0314961 0 1 
vn 0.0314961 0 1 
vn 0.0314961 0 1 
vn 0.0314961 0 1 
vn 0.0314961 0 1 
vn 0.0314961 0 1 
vn 0.0314961 0 1 
vn 0.0314961 0 1 
vn 0.0314961 0 1 
vn 0.0314961 0 1 
vn 0.0314961 0 1 
vn 0.0314961 0 1 
vn 0.0314961 0 1 
vn 0.0314961 0 1 
vn 0.0314961 0 1 
vn 0.0314961 0 1 
vn 0.0314961 0 1 
vn 0.0314961 0 1 
vn 0.0314961 0 1 
vn 0.0314961 0 1 
vn 0.0314961 0 1 
vn 0.0314961 0 1 
vn 0.0314961 0 1 
vn 0.0314961 0 1 
vn 0.0314961 0 1 
vn 0.0314961 0 1 
vn 0.0314961 0 1 
vn 0.0314961 0 1 
vn 0.0314961 0 1 
vn 0.0314961 0 1 
vn 0.0314961 0 1 
vn 0.0314961 0 1 
vn 0.0314961 0 1 
vn 0.0314961 0 1 
vn 0.0314961 0 1 
vn 0.0314961 0 1 
vn 0.0314961 0 1 
vn 0.0314961 0 1 
vn 0.0314961 0 1 
vn 0.0314961 0 1 
vn 0.0314961 0 1 
vn 0.0314961 0 1 
vn 0.0314961 0 1 
vn 0.0314961 0 1 
vn 0.0314961 0 1 
vn 0.0314961 0 1 
vn 0.0314961 0 1 
vn 0.0314961 0 1 
vn 0.0314961 0 1 
vn 0.0314961 0 1 
vn 0.0314961 0 1 
vn 0.0314961 0 1 
vn 0.0314961 0 1 
vn 0.0314961 0 1 
vn 0.0314961 0 1 
vn 0.0314961 0 1 
vn 0.0314961 0 1 
vn 0.0314961 0 1 
vn 0.0314961 0 1 
vn 0.0314961 0 1 
vn 0.0314961 0 1 
vn 0.0314961 0 1 
vn 0.0314961 0 1 
vn 0.0314961 0 1 
vn 0.0314961 0 1 
vn 0.0314961 0 1 
vn 0.0314961 0 1 
vn 0.0314961 0 1 
vn 0.0314961 0 1 
vn 0.0314961 0 1 
vn 0.0314961 0 1 
vn 0.0314961 0 1 
vn 0.0314961 0 1 
vn 0.0314961 0 1 
vn 0.0314961 0 1 
vn 0.0314961 0 1 
vn 0.0314961 0 1 
vn 0.0314961 0 1 
vn 0.0314961 0 1 
vn 0.0314961 0 1 
vn 0.0314961 0 1 
vn 0.0314961 0 1 
vn 0.0314961 0 1 
vn 0.0314961 0 1 
vn 0.0314961 0 1 
vn 0.0314961 0 1 
vn 0.0314961 0 1 
vn 0.0314961 0 1 
vn 0.0314961 0 1 
vn 0.0314961 0 1 
vn 0.0314961 0 1 
vn 0.0314961 0 1 
vn 0.0314961 0 1 
vn 0.0314961 0 1 
vn 0.0314961 0 1 
vn 0.0314961 0 1 
vn 0.0314961 0 1 
vn 0.0314961 0 1 
vn 0.0314961 0 1 
vn 0.0314961 0 1 
vn 0.0314961 0 1 
vn 0.0314961 0 1 
vn 0.0314961 0 1 
vn 0.0314961 0 1 
vn 0.0314961 0 1 
vn 0.0314961 0 1 
vn 0.0314961 0 1 
vn 0.0314961 0 1 
vn 0.0314961 0 1 
vn 0.0314961 0 1 
vn 0.0314961 0 1 
vn 0.0314961 0 1 
vn 0.0314961 0 1 
vn 0.0314961 0 1 
vn 0.0314961 0 1 
vn 0.0314961 0 1 
vn 0.0314961 0 1 
vn 0.0314961 0 1 
vn 0.0314961 0 1 
vn 0.0314961 0 1 
vn 0.0314961 0 1 
vn 0.0314961 0 1 
vn 0.0314961 0 1 
vn 0.0314961 0 1 
vn 0.0314961 0 1 
vn 0.0314961 0 1 
vn 0.0314961 0 1 
vn 0.0314961 0 1 
vn 0.0314961 0 1 
vn 0.0314961 0 1 
vn 0.0314961 0 1 
vn 0.0314961 0 1 
vn 0.0314961 0 1 
vn 0.0314961 0 1 
vn 0.0314961 0 1 
vn 0.0314961 0 1 
vn 0.0314961 0 1 
vn 0.0314961 0 1 
vn 0.0314961 0 1 
vn 0.0314961 0 1 
vn 0.0314961 0 1 
vn 0.0314961 0 1 
vn 0.0314961 0 1 
vn 0.0314961 0 1 
vn 0.0314961 0 1 
vn 0.0314961 0 1 
vn 0.0314961 0 1 
vn 0.0314961 0 1 
vn 0.0314961 0 1 
vn 0.0314961 0 1 
vn 0.0314961 0 1 
vn 0.0314961 0 1 
vn 0.0314961 0 1 
vn 0.0314961 0 1 
vn 0.0314961 0 1 
vn 0.0314961 0 1 
vn 0.0314961 0 1 
vn 0.0314961 0 1 
vn 0.0314961 0 1 
vn 0.0314961 0 1 
vn 0.0314961 0 1 
vn 0.0314961 0 1 
vn 0.0314961 0 1 
vn 0.0314961 0 1 
vn 0.0314961 0 1 
vn 0.0314961 0 1 
vn 0.0314961 0 1 
vn 0.0314961 0 1 
vn 0.0314961 0 1 
vn 0.0314961 0 1 
vn 0.0314961 0 1 
vn 0.0314961 0 1 
vn 0.0314961 0 1 
vn 0.0314961 0 1 
vn 0.0314961 0 1 
vn 0.0314961 0 1 
vn 0.0314961 0 1 
vn 0.0314961 0 1 
vn 0.0314961 0 1 
vn 0.0314961 0 1 
vn 0.0314961 0 1 
vn 0.0314961 0 1 
vn 0.0314961 0 1 
vn 0.0314961 0 1 
vn 0.0314961 0 1 
vn 0.0314961 0 1 
vn 0.0314961 0 1 
vn 0.0314961 0 1 
vn 0.0314961 0 1 
vn 0.0314961 0 1 
vn 0.0314961 0 1 
vn 0.0314961 0 1 
vn 0.0314961 0 1 
vn 0.0314961 0 1 
vn 0.0314961 0 1 
vn 0.0314961 0 1 
vn 0.0314961 0 1 
vn 0.0314961 0 1 
vn 0.0314961 0 1 
vn 0.0314961 0 1 
vn 0.0314961 0 1 
vn 0.0314961 0 1 
vn 0.0314961 0 1 
vn 0.0314961 0 1 
vn 0.0314961 0 1 
vn 0.0314961 0 1 
vn 0.0314961 0 1 
vn 0.0314961 0 1 
vn 0.0314961 0 1 
vn 0.0314961 0 1 
vn 0.0314961 0 1 
vn 0.0314961 0 1 
vn 0.0314961 0 1 
vn 0.0314961 0 1 
vn 0.0314961 0 1 
vn 0.0314961 0 1 

vt 0.715512 0.051444 
vt 0.715512 0.051444 
vt 0.715512 0.051444 
vt 0.715512 0.051444 
vt 0.715512 0.051444 
vt 0.715512 0.051444 
vt 0.965034 0.937701 
vt 0.965034 0.937701 
vt 0.965034 0.937701 
vt 0.965034 0.937701 
vt 0.965034 0.937701 
vt 0.965034 0.937701 
vt 0.965034 0.937701 
vt 0.965034 0.937701 
vt 0.965034 0.937701 
vt 0.965034 0.937701 
vt 0.965034 0.937701 
vt 0.965034 0.937701 
vt 0.965034 0.937701 
vt 0.965034 0.937701 
vt 0.965034 0.937701 
vt 0.965034 0.937701 
vt 0.965034 0.937701 
vt 0.965034 0.937701 
vt 0.965034 0.937701 
vt 0.965034 0.937701 
vt 0.965034 0.937701 
vt 0.965034 0.937701 
vt 0.965034 0.937701 
vt 0.965034 0.937701 
vt 0.965034 0.937701 
vt 0.965034 0.937701 
vt 0.965034 0.937701 
vt 0.965034 0.937701 
vt 0.965034 0.937701 
vt 0.965034 0.937701 
vt 0.965034 0.937701 
vt 0.965034 0.937701 
vt 0.965034 0.937701 
vt 0.965034 0.937701 
vt 0.965034 0.937701 
vt 0.965034 0.937701 
vt 0.954013 0.915385 
vt 0.954013 0.915385 
vt 0.954013 0.915385 
vt 0.954013 0.915385 
vt 0.954013 0.915385 
vt 0.954013 0.915385 
vt 0.954013 0.915385 
vt 0.954013 0.915385 
vt 0.954013 0.915385 
vt 0.954013 0.915385 
vt 0.954013 0.915385 
vt 0.954013 0.915385 
vt 0.954013 0.915385 
vt 0.954013 0.915385 
vt 0.954013 0.915385 
vt 0.954013 0.915385 
vt 0.954013 0.915385 
vt 0.954013 0.915385 
vt 0.954013 0.915385 
vt 0.954013 0.915385 
vt 0.954013 0.915385 
vt 0.954013 0.915385 
vt 0.954013 0.915385 
vt 0.954013 0.915385 
vt 0.954013 0.915385 
vt 0.954013 0.915385 
vt 0.954013 0.915385 
vt 0.954013 0.915385 
vt 0.954013 0.915385 
vt 0.954013 0.915385 
vt 0.954013 0.915385 
vt 0.954013 0.915385 
vt 0.954013 0.915385 
vt 0.954013 0.915385 
vt 0.954013 0.915385 
vt 0.954013 0.915385 
vt 0.965034 0.937701 
vt 0.965034 0.937701 
vt 0.965034 0.937701 
vt 0.965034 0.937701 
vt 0.965034 0.937701 
vt 0.965034 0.937701 
vt 0.965034 0.937701 
vt 0.965034 0.937701 
vt 0.965034 0.937701 
vt 0.965034 0.937701 
vt 0.965034 0.937701 
vt 0.965034 0.937701 
vt 0.965034 0.937701 
vt 0.965034 0.937701 
vt 0.965034 0.937701 
vt 0.965034 0.937701 
vt 0.965034 0.937701 
vt 0.965034 0.937701 
vt 0.965034 0.937701 
vt 0.965034 0.937701 
vt 0.965034 0.937701 
vt 0.965034 0.937701 
vt 0.965034 0.937701 
vt 0.965034 0.937701 
vt 0.965034 0.937701 
vt 0.965034 0.937701 
vt 0.965034 0.937701 
vt 0.965034 0.937701 
vt 0.965034 0.937701 
vt 0.965034 0.937701 
vt 0.965034 0.937701 
vt 0.965034 0.937701 
vt 0.965034 0.937701 
vt 0.965034 0.937701 
vt 0.965034 0.937701 
vt 0.965034 0.937701 
vt 0.965034 0.937701 
vt 0.965034 0.937701 
vt 0.965034 0.937701 
vt 0.965034 0.937701 
vt 0.965034 0.937701 
vt 0.965034 0.937701 
vt 0.965034 0.937701 
vt 0.965034 0.937701 
vt 0.965034 0.937701 
vt 0.965034 0.937701 
vt 0.965034 0.937701 
vt 0.965034 0.937701 
vt 0.724605 0.084155 
vt 0.724605 0.084155 
vt 0.724605 0.084155 
vt 0.724605 0.084155 
vt 0.724605 0.084155 
vt 0.724605 0.084155 
vt 0.724605 0.084155 
vt 0.724605 0.084155 
vt 0.724605 0.084155 
vt 0.724605 0.084155 
vt 0.724605 0.084155 
vt 0.724605 0.084155 
vt 0.724605 0.084155 
vt 0.724605 0.084155 
vt 0.724605 0.084155 
vt 0.724605 0.084155 
vt 0.724605 0.084155 
vt 0.724605 0.084155 
vt 0.724605 0.084155 
vt 0.724605 0.084155 
vt 0.724605 0.084155 
vt 0.724605 0.084155 
vt 0.724605 0.084155 
vt 0.724605 0.084155 
vt 0.724605 0.084155 
vt 0.724605 0.084155 
vt 0.724605 0.084155 
vt 0.724605 0.084155 
vt 0.724605 0.084155 
vt 0.724605 0.084155 
vt 0.724605 0.084155 
vt 0.724605 0.084155 
vt 0.724605 0.084155 
vt 0.724605 0.084155 
vt 0.724605 0.084155 
vt 0.724605 0.084155 
vt 0.724605 0.084155 
vt 0.724605 0.084155 
vt 0.724605 0.084155 
vt 0.724605 0.084155 
vt 0.724605 0.084155 
vt 0.724605 0.084155 
vt 0.724605 0.084155 
vt 0.724605 0.084155 
vt 0.724605 0.084155 
vt 0.724605 0.084155 
vt 0.724605 0.084155 
vt 0.724605 0.084155 
vt 0.724605 0.084155 
vt 0.724605 0.084155 
vt 0.724605 0.084155 
vt 0.724605 0.084155 
vt 0.724605 0.084155 
vt 0.724605 0.084155 
vt 0.724605 0.084155 
vt 0.724605 0.084155 
vt 0.724605 0.084155 
vt 0.724605 0.084155 
vt 0.724605 0.084155 
vt 0.724605 0.084155 
vt 0.724605 0.084155 
vt 0.724605 0.084155 
vt 0.724605 0.084155 
vt 0.724605 0.084155 
vt 0.724605 0.084155 
vt 0.724605 0.084155 
vt 0.724605 0.084155 
vt 0.724605 0.084155 
vt 0.724605 0.084155 
vt 0.724605 0.084155 
vt 0.724605 0.084155 
vt 0.724605 0.084155 
vt 0.724605 0.084155 
vt 0.724605 0.084155 
vt 0.724605 0.084155 
vt 0.724605 0.084155 
vt 0.724605 0.084155 
vt 0.724605 0.084155 
vt 0.724605 0.084155 
vt 0.724605 0.084155 
vt 0.724605 0.084155 
vt 0.724605 0.084155 
vt 0.724605 0.084155 
vt 0.724605 0.084155 
vt 0.724605 0.084155 
vt 0.724605 0.084155 
vt 0.724605 0.084155 
vt 0.724605 0.084155 
vt 0.724605 0.084155 
vt 0.724605 0.084155 
vt 0.724605 0.084155 
vt 0.724605 0.084155 
vt 0.724605 0.084155 
vt 0.724605 0.084155 
vt 0.724605 0.084155 
vt 0.724605 0.084155 
vt 0.724605 0.084155 
vt 0.724605 0.084155 
vt 0.724605 0.084155 
vt 0.724605 0.084155 
vt 0.724605 0.084155 
vt 0.724605 0.084155 
vt 0.724605 0.084155 
vt 0.724605 0.084155 
vt 0.724605 0.084155 
vt 0.724605 0.084155 
vt 0.724605 0.084155 
vt 0.724605 0.084155 
vt 0.724605 0.084155 
vt 0.724605 0.084155 
vt 0.724605 0.084155 
vt 0.724605 0.084155 
vt 0.724605 0.084155 
vt 0.724605 0.084155 
vt 0.724605 0.084155 
vt 0.724605 0.084155 
vt 0.724605 0.084155 
vt 0.724605 0.084155 
vt 0.724605 0.084155 
vt 0.724605 0.084155 
vt 0.724605 0.084155 
vt 0.724605 0.084155 
vt 0.724605 0.084155 
vt 0.724605 0.084155 
vt 0.724605 0.084155 
vt 0.724605 0.084155 
vt 0.724605 0.084155 
vt 0.724605 0.084155 
vt 0.724605 0.084155 
vt 0.724605 0.084155 
vt 0.724605 0.084155 
vt 0.724605 0.084155 
vt 0.724605 0.084155 
vt 0.724605 0.084155 
vt 0.724605 0.084155 
vt 0.724605 0.084155 
vt 0.724605 0.084155 
vt 0.724605 0.084155 
vt 0.724605 0.084155 
vt 0.724605 0.084155 
vt 0.724605 0.084155 
vt 0.724605 0.084155 
vt 0.724605 0.084155 
vt 0.724605 0.084155 
vt 0.724605 0.084155 
vt 0.724605 0.084155 
vt 0.724605 0.084155 
vt 0.724605 0.084155 
vt 0.724605 0.084155 
vt 0.724605 0.084155 
vt 0.724605 0.084155 
vt 0.724605 0.084155 
vt 0.724605 0.084155 
vt 0.724605 0.084155 
vt 0.724605 0.084155 
vt 0.724605 0.084155 
vt 0.724605 0.084155 
vt 0.724605 0.084155 
vt 0.724605 0.084155 
vt 0.724605 0.084155 
vt 0.724605 0.084155 
vt 0.724605 0.084155 
vt 0.724605 0.084155 
vt 0.724605 0.084155 
vt 0.724605 0.084155 
vt 0.724605 0.084155 
vt 0.724605 0.084155 
vt 0.724605 0.084155 
vt 0.724605 0.084155 
vt 0.724605 0.084155 
vt 0.724605 0.084155 
vt 0.724605 0.084155 
vt 0.724605 0.084155 
vt 0.724605 0.084155 
vt 0.724605 0.084155 
vt 0.724605 0.084155 
vt 0.724605 0.084155 
vt 0.724605 0.084155 
vt 0.724605 0.084155 
vt 0.724605 0.084155 
vt 0.724605 0.084155 
vt 0.724605 0.084155 
vt 0.724605 0.084155 
vt 0.724605 0.084155 
vt 0.724605 0.084155 
vt 0.724605 0.084155 
vt 0.724605 0.084155 
vt 0.724605 0.084155 
vt 0.724605 0.084155 
vt 0.724605 0.084155 
vt 0.724605 0.084155 
vt 0.724605 0.084155 
vt 0.724605 0.084155 
vt 0.724605 0.084155 
vt 0.724605 0.084155 
vt 0.724605 0.084155 
vt 0.724605 0.084155 
vt 0.724605 0.084155 
vt 0.724605 0.084155 
vt 0.724605 0.084155 
vt 0.724605 0.084155 
vt 0.724605 0.084155 
vt 0.724605 0.084155 
vt 0.724605 0.084155 
vt 0.724605 0.084155 
vt 0.724605 0.084155 
vt 0.724605 0.084155 
vt 0.724605 0.084155 
vt 0.724605 0.084155 
vt 0.724605 0.084155 
vt 0.724605 0.084155 
vt 0.724605 0.084155 
vt 0.724605 0.084155 
vt 0.724605 0.084155 
vt 0.724605 0.084155 
vt 0.724605 0.084155 
vt 0.724605 0.084155 
vt 0.724605 0.084155 
vt 0.724605 0.084155 
vt 0.724605 0.084155 
vt 0.724605 0.084155 
vt 0.724605 0.084155 
vt 0.724605 0.084155 
vt 0.724605 0.084155 
vt 0.724605 0.084155 
vt 0.724605 0.084155 
vt 0.724605 0.084155 
vt 0.724605 0.084155 
vt 0.724605 0.084155 
vt 0.724605 0.084155 
vt 0.724605 0.084155 
vt 0.724605 0.084155 
vt 0.724605 0.084155 
vt 0.724605 0.084155 
vt 0.724605 0.084155 
vt 0.724605 0.084155 
vt 0.724605 0.084155 
vt 0.724605 0.084155 
vt 0.724605 0.084155 
vt 0.724605 0.084155 
vt 0.724605 0.084155 
vt 0.724605 0.084155 
vt 0.724605 0.084155 
vt 0.724605 0.084155 
vt 0.724605 0.084155 
vt 0.724605 0.084155 
vt 0.724605 0.084155 
vt 0.724605 0.084155 
vt 0.724605 0.084155 
vt 0.724605 0.084155 
vt 0.724605 0.084155 
vt 0.724605 0.084155 
vt 0.724605 0.084155 
vt 0.724605 0.084155 
vt 0.724605 0.084155 
vt 0.724605 0.084155 
vt 0.724605 0.084155 
vt 0.724605 0.084155 
vt 0.724605 0.084155 
vt 0.724605 0.084155 
vt 0.724605 0.084155 
vt 0.724605 0.084155 
vt 0.724605 0.084155 
vt 0.724605 0.084155 
vt 0.724605 0.084155 
vt 0.724605 0.084155 
vt 0.724605 0.084155 
vt 0.724605 0.084155 
vt 0.954013 0.915385 
vt 0.954013 0.915385 
vt 0.954013 0.915385 
vt 0.954013 0.915385 
vt 0.954013 0.915385 
vt 0.954013 0.915385 
vt 0.954013 0.915385 
vt 0.954013 0.915385 
vt 0.954013 0.915385 
vt 0.954013 0.915385 
vt 0.954013 0.915385 
vt 0.954013 0.915385 
vt 0.954013 0.915385 
vt 0.954013 0.915385 
vt 0.954013 0.915385 
vt 0.954013 0.915385 
vt 0.954013 0.915385 
vt 0.954013 0.915385 
vt 0.954013 0.915385 
vt 0.954013 0.915385 
vt 0.954013 0.915385 
vt 0.954013 0.915385 
vt 0.954013 0.915385 
vt 0.954013 0.915385 
vt 0.954013 0.915385 
vt 0.954013 0.915385 
vt 0.954013 0.915385 
vt 0.954013 0.915385 
vt 0.954013 0.915385 
vt 0.965034 0.937701 
vt 0.965034 0.937701 
vt 0.965034 0.937701 
vt 0.965034 0.937701 
vt 0.965034 0.937701 
vt 0.965034 0.937701 
vt 0.965034 0.937701 
vt 0.965034 0.937701 
vt 0.965034 0.937701 
vt 0.965034 0.937701 
vt 0.965034 0.937701 
vt 0.965034 0.937701 
vt 0.965034 0.937701 
vt 0.965034 0.937701 
vt 0.965034 0.937701 
vt 0.965034 0.937701 
vt 0.965034 0.937701 
vt 0.965034 0.937701 
vt 0.965034 0.937701 
vt 0.965034 0.937701 
vt 0.965034 0.937701 
vt 0.965034 0.937701 
vt 0.965034 0.937701 
vt 0.965034 0.937701 
vt 0.965034 0.937701 
vt 0.965034 0.937701 
vt 0.965034 0.937701 
vt 0.965034 0.937701 
vt 0.965034 0.937701 
vt 0.965034 0.937701 
vt 0.965034 0.937701 
vt 0.965034 0.937701 
vt 0.965034 0.937701 
vt 0.965034 0.937701 
vt 0.965034 0.937701 
vt 0.965034 0.937701 
vt 0.965034 0.937701 
vt 0.965034 0.937701 
vt 0.965034 0.937701 
vt 0.965034 0.937701 
vt 0.965034 0.937701 
vt 0.965034 0.937701 
vt 0.965034 0.937701 
vt 0.965034 0.937701 
vt 0.965034 0.937701 
vt 0.965034 0.937701 
vt 0.965034 0.937701 
vt 0.965034 0.937701 
vt 0.965034 0.937701 
vt 0.965034 0.937701 
vt 0.965034 0.937701 
vt 0.965034 0.937701 
vt 0.965034 0.937701 
vt 0.965034 0.937701 
vt 0.965034 0.937701 
vt 0.965034 0.937701 
vt 0.965034 0.937701 
vt 0.965034 0.937701 
vt 0.965034 0.937701 
vt 0.965034 0.937701 
vt 0.965034 0.937701 
vt 0.965034 0.937701 
vt 0.965034 0.937701 
vt 0.965034 0.937701 
vt 0.965034 0.937701 
vt 0.965034 0.937701 
vt 0.965034 0.937701 
vt 0.965034 0.937701 
vt 0.965034 0.937701 
vt 0.965034 0.937701 
vt 0.965034 0.937701 
vt 0.965034 0.937701 
vt 0.965034 0.937701 
vt 0.965034 0.937701 
vt 0.965034 0.937701 
vt 0.965034 0.937701 
vt 0.965034 0.937701 
vt 0.965034 0.937701 
vt 0.965034 0.937701 
vt 0.965034 0.937701 
vt 0.965034 0.937701 
vt 0.965034 0.937701 
vt 0.965034 0.937701 
vt 0.965034 0.937701 
vt 0.965034 0.937701 
vt 0.965034 0.937701 
vt 0.965034 0.937701 
vt 0.965034 0.937701 
vt 0.965034 0.937701 
vt 0.965034 0.937701 
vt 0.965034 0.937701 
vt 0.965034 0.937701 
vt 0.965034 0.937701 
vt 0.965034 0.937701 
vt 0.965034 0.937701 
vt 0.965034 0.937701 
vt 0.965034 0.937701 
vt 0.965034 0.937701 
vt 0.965034 0.937701 
vt 0.965034 0.937701 
vt 0.965034 0.937701 
vt 0.965034 0.937701 
vt 0.965034 0.937701 
vt 0.965034 0.937701 
vt 0.965034 0.937701 
vt 0.965034 0.937701 
vt 0.965034 0.937701 
vt 0.965034 0.937701 
vt 0.965034 0.937701 
vt 0.965034 0.937701 
vt 0.965034 0.937701 
vt 0.965034 0.937701 
vt 0.965034 0.937701 
vt 0.965034 0.937701 
vt 0.965034 0.937701 
vt 0.965034 0.937701 
vt 0.965034 0.937701 
vt 0.965034 0.937701 
vt 0.965034 0.937701 
vt 0.965034 0.937701 
vt 0.965034 0.937701 
vt 0.965034 0.937701 
vt 0.965034 0.937701 
vt 0.965034 0.937701 
vt 0.965034 0.937701 
vt 0.965034 0.937701 
vt 0.965034 0.937701 
vt 0.965034 0.937701 
vt 0.965034 0.937701 
vt 0.965034 0.937701 
vt 0.965034 0.937701 
vt 0.965034 0.937701 
vt 0.965034 0.937701 
vt 0.965034 0.937701 
vt 0.965034 0.937701 
vt 0.965034 0.937701 
vt 0.965034 0.937701 
vt 0.965034 0.937701 
vt 0.965034 0.937701 
vt 0.965034 0.937701 
vt 0.965034 0.937701 
vt 0.965034 0.937701 
vt 0.965034 0.937701 
vt 0.965034 0.937701 
vt 0.965034 0.937701 
vt 0.965034 0.937701 
vt 0.965034 0.937701 
vt 0.965034 0.937701 
vt 0.965034 0.937701 
vt 0.965034 0.937701 
vt 0.965034 0.937701 
vt 0.965034 0.937701 
vt 0.965034 0.937701 
vt 0.965034 0.937701 
vt 0.965034 0.937701 
vt 0.965034 0.937701 
vt 0.965034 0.937701 
vt 0.965034 0.937701 
vt 0.965034 0.937701 
vt 0.965034 0.937701 
vt 0.965034 0.937701 
vt 0.965034 0.937701 
vt 0.965034 0.937701 
vt 0.965034 0.937701 
vt 0.965034 0.937701 
vt 0.965034 0.937701 
vt 0.965034 0.937701 
vt 0.965034 0.937701 
vt 0.965034 0.937701 
vt 0.965034 0.937701 
vt 0.965034 0.937701 
vt 0.965034 0.937701 
vt 0.965034 0.937701 
vt 0.965034 0.937701 
vt 0.965034 0.937701 
vt 0.965034 0.937701 
vt 0.965034 0.937701 
vt 0.965034 0.937701 
vt 0.965034 0.937701 
vt 0.965034 0.937701 
vt 0.965034 0.937701 
vt 0.965034 0.937701 
vt 0.965034 0.937701 
vt 0.965034 0.937701 
vt 0.965034 0.937701 
vt 0.965034 0.937701 
vt 0.965034 0.937701 
vt 0.965034 0.937701 
vt 0.965034 0.937701 
vt 0.965034 0.937701 
vt 0.965034 0.937701 
vt 0.965034 0.937701 
vt 0.965034 0.937701 
vt 0.965034 0.937701 
vt 0.965034 0.937701 
vt 0.965034 0.937701 
vt 0.965034 0.937701 
vt 0.965034 0.937701 
vt 0.965034 0.937701 
vt 0.965034 0.937701 
vt 0.965034 0.937701 
vt 0.965034 0.937701 
vt 0.965034 0.937701 
vt 0.965034 0.937701 
vt 0.965034 0.937701 
vt 0.965034 0.937701 
vt 0.965034 0.937701 
vt 0.965034 0.937701 
vt 0.965034 0.937701 
vt 0.965034 0.937701 
vt 0.965034 0.937701 
vt 0.965034 0.937701 
vt 0.965034 0.937701 
vt 0.965034 0.937701 
vt 0.965034 0.937701 
vt 0.965034 0.937701 
vt 0.965034 0.937701 
vt 0.965034 0.937701 
vt 0.965034 0.937701 
vt 0.965034 0.937701 
vt 0.965034 0.937701 
vt 0.965034 0.937701 
vt 0.965034 0.937701 
vt 0.965034 0.937701 
vt 0.965034 0.937701 
vt 0.721134 0.129499 
vt 0.721134 0.129499 
vt 0.721134 0.129499 
vt 0.721134 0.129499 
vt 0.721134 0.129499 
vt 0.721134 0.129499 
vt 0.721134 0.129499 
vt 0.721134 0.129499 
vt 0.721134 0.129499 
vt 0.721134 0.129499 
vt 0.721134 0.129499 
vt 0.721134 0.129499 
vt 0.721134 0.129499 
vt 0.721134 0.129499 
vt 0.721134 0.129499 
vt 0.721134 0.129499 
vt 0.721134 0.129499 
vt 0.721134 0.129499 
vt 0.721134 0.129499 
vt 0.721134 0.129499 
vt 0.721134 0.129499 
vt 0.721134 0.129499 
vt 0.721134 0.129499 
vt 0.721134 0.129499 
vt 0.721134 0.129499 
vt 0.721134 0.129499 
vt 0.721134 0.129499 
vt 0.721134 0.129499 
vt 0.721134 0.129499 
vt 0.721134 0.129499 
vt 0.721134 0.129499 
vt 0.721134 0.129499 
vt 0.721134 0.129499 
vt 0.721134 0.129499 
vt 0.721134 0.129499 
vt 0.721134 0.129499 
vt 0.721134 0.129499 
vt 0.721134 0.129499 
vt 0.721134 0.129499 
vt 0.721134 0.129499 
vt 0.721134 0.129499 
vt 0.721134 0.129499 
vt 0.721134 0.129499 
vt 0.721134 0.129499 
vt 0.721134 0.129499 
vt 0.721134 0.129499 
vt 0.721134 0.129499 
vt 0.721134 0.129499 
vt 0.721134 0.129499 
vt 0.721134 0.129499 
vt 0.721134 0.129499 
vt 0.721134 0.129499 
vt 0.954013 0.915385 
vt 0.954013 0.915385 
vt 0.954013 0.915385 
vt 0.954013 0.915385 
vt 0.954013 0.915385 
vt 0.954013 0.915385 
vt 0.954013 0.915385 
vt 0.954013 0.915385 
vt 0.954013 0.915385 
vt 0.954013 0.915385 
vt 0.954013 0.915385 
vt 0.954013 0.915385 
vt 0.954013 0.915385 
vt 0.954013 0.915385 
vt 0.954013 0.915385 
vt 0.954013 0.915385 
vt 0.954013 0.915385 
vt 0.954013 0.915385 
vt 0.968315 0.927376 
vt 0.968315 0.927376 
vt 0.968315 0.927376 
vt 0.968315 0.927376 
vt 0.968315 0.927376 
vt 0.968315 0.927376 
vt 0.968315 0.927376 
vt 0.968315 0.927376 
vt 0.968315 0.927376 
vt 0.968315 0.927376 
vt 0.968315 0.927376 
vt 0.968315 0.927376 
vt 0.968315 0.927376 
vt 0.968315 0.927376 
vt 0.968315 0.927376 
vt 0.968315 0.927376 
vt 0.968315 0.927376 
vt 0.968315 0.927376 
vt 0.968315 0.927376 
vt 0.968315 0.927376 
vt 0.968315 0.927376 
vt 0.968315 0.927376 
vt 0.968315 0.927376 
vt 0.968315 0.927376 
vt 0.968315 0.927376 
vt 0.968315 0.927376 
vt 0.95818 0.927984 
vt 0.95818 0.927984 
vt 0.95818 0.927984 
vt 0.95818 0.927984 
vt 0.95818 0.927984 
vt 0.95818 0.927984 
vt 0.95818 0.927984 
vt 0.95818 0.927984 
vt 0.95818 0.927984 
vt 0.95818 0.927984 
vt 0.95818 0.927984 
vt 0.95818 0.927984 
vt 0.965034 0.937701 
vt 0.965034 0.937701 
vt 0.965034 0.937701 
vt 0.965034 0.937701 
vt 0.965034 0.937701 
vt 0.965034 0.937701 
vt 0.965034 0.937701 
vt 0.965034 0.937701 
vt 0.965034 0.937701 
vt 0.965034 0.937701 
vt 0.965034 0.937701 
vt 0.965034 0.937701 
vt 0.965034 0.937701 
vt 0.965034 0.937701 
vt 0.965034 0.937701 
vt 0.965034 0.937701 
vt 0.965034 0.937701 
vt 0.965034 0.937701 
vt 0.965034 0.937701 
vt 0.965034 0.937701 
vt 0.965034 0.937701 
vt 0.965034 0.937701 
vt 0.965034 0.937701 
vt 0.965034 0.937701 
vt 0.965034 0.937701 
vt 0.965034 0.937701 
vt 0.965034 0.937701 
vt 0.965034 0.937701 
vt 0.965034 0.937701 
vt 0.965034 0.937701 
vt 0.965034 0.937701 
vt 0.965034 0.937701 
vt 0.965034 0.937701 
vt 0.965034 0.937701 
vt 0.965034 0.937701 
vt 0.965034 0.937701 
vt 0.965034 0.937701 
vt 0.965034 0.937701 
vt 0.965034 0.937701 
vt 0.965034 0.937701 
vt 0.965034 0.937701 
vt 0.965034 0.937701 
vt 0.965034 0.937701 
vt 0.965034 0.937701 
vt 0.965034 0.937701 
vt 0.965034 0.937701 
vt 0.965034 0.937701 
vt 0.965034 0.937701 
vt 0.965034 0.937701 
vt 0.965034 0.937701 
vt 0.965034 0.937701 
vt 0.965034 0.937701 
vt 0.965034 0.937701 
vt 0.965034 0.937701 
vt 0.721134 0.129499 
vt 0.721134 0.129499 
vt 0.721134 0.129499 
vt 0.721134 0.129499 
vt 0.721134 0.129499 
vt 0.721134 0.129499 
vt 0.721134 0.129499 
vt 0.721134 0.129499 
vt 0.721134 0.129499 
vt 0.721134 0.129499 
vt 0.721134 0.129499 
vt 0.721134 0.129499 
vt 0.721134 0.129499 
vt 0.721134 0.129499 
vt 0.721134 0.129499 
vt 0.721134 0.129499 
vt 0.721134 0.129499 
vt 0.721134 0.129499 
vt 0.721134 0.129499 
vt 0.721134 0.129499 
vt 0.721134 0.129499 
vt 0.721134 0.129499 
vt 0.721134 0.129499 
vt 0.721134 0.129499 
vt 0.721134 0.129499 
vt 0.721134 0.129499 
vt 0.721134 0.129499 
vt 0.721134 0.129499 
vt 0.721134 0.129499 
vt 0.721134 0.129499 
vt 0.721134 0.129499 
vt 0.721134 0.129499 
vt 0.721134 0.129499 
vt 0.721134 0.129499 
vt 0.721134 0.129499 
vt 0.721134 0.129499 
vt 0.721134 0.129499 
vt 0.721134 0.129499 
vt 0.721134 0.129499 
vt 0.721134 0.129499 
vt 0.721134 0.129499 
vt 0.721134 0.129499 
vt 0.721134 0.129499 
vt 0.721134 0.129499 
vt 0.721134 0.129499 
vt 0.721134 0.129499 
vt 0.721134 0.129499 
vt 0.721134 0.129499 
vt 0.721134 0.129499 
vt 0.721134 0.129499 
vt 0.721134 0.129499 
vt 0.721134 0.129499 
vt 0.721134 0.129499 
vt 0.721134 0.129499 
vt 0.721134 0.129499 
vt 0.721134 0.129499 
vt 0.721134 0.129499 
vt 0.721134 0.129499 
vt 0.721134 0.129499 
vt 0.721134 0.129499 
vt 0.721134 0.129499 
vt 0.721134 0.129499 
vt 0.721134 0.129499 
vt 0.721134 0.129499 
vt 0.721134 0.129499 
vt 0.721134 0.129499 
vt 0.721134 0.129499 
vt 0.721134 0.129499 
vt 0.721134 0.129499 
vt 0.721134 0.129499 
vt 0.721134 0.129499 
vt 0.721134 0.129499 
vt 0.965034 0.937701 
vt 0.965034 0.937701 
vt 0.965034 0.937701 
vt 0.965034 0.937701 
vt 0.965034 0.937701 
vt 0.965034 0.937701 
vt 0.965034 0.937701 
vt 0.965034 0.937701 
vt 0.965034 0.937701 
vt 0.965034 0.937701 
vt 0.965034 0.937701 
vt 0.965034 0.937701 
vt 0.965034 0.937701 
vt 0.965034 0.937701 
vt 0.965034 0.937701 
vt 0.965034 0.937701 
vt 0.965034 0.937701 
vt 0.965034 0.937701 
vt 0.965034 0.937701 
vt 0.965034 0.937701 
vt 0.965034 0.937701 
vt 0.965034 0.937701 
vt 0.965034 0.937701 
vt 0.965034 0.937701 
vt 0.721134 0.129499 
vt 0.721134 0.129499 
vt 0.721134 0.129499 
vt 0.721134 0.129499 
vt 0.721134 0.129499 
vt 0.721134 0.129499 
vt 0.721134 0.129499 
vt 0.721134 0.129499 
vt 0.721134 0.129499 
vt 0.721134 0.129499 
vt 0.721134 0.129499 
vt 0.721134 0.129499 
vt 0.721134 0.129499 
vt 0.721134 0.129499 
vt 0.721134 0.129499 
vt 0.721134 0.129499 
vt 0.721134 0.129499 
vt 0.721134 0.129499 
vt 0.721134 0.129499 
vt 0.721134 0.129499 
vt 0.721134 0.129499 
vt 0.721134 0.129499 
vt 0.721134 0.129499 
vt 0.721134 0.129499 
vt 0.721134 0.129499 
vt 0.721134 0.129499 
vt 0.715512 0.051444 
vt 0.715512 0.051444 
vt 0.715512 0.051444 
vt 0.715512 0.051444 
vt 0.715512 0.051444 
vt 0.715512 0.051444 
vt 0.721134 0.129499 
vt 0.721134 0.129499 
vt 0.721134 0.129499 
vt 0.721134 0.129499 
vt 0.721134 0.129499 
vt 0.721134 0.129499 
vt 0.721134 0.129499 
vt 0.721134 0.129499 
vt 0.721134 0.129499 
vt 0.721134 0.129499 
vt 0.721134 0.129499 
vt 0.721134 0.129499 
vt 0.721134 0.129499 
vt 0.721134 0.129499 
vt 0.954013 0.915385 
vt 0.954013 0.915385 
vt 0.954013 0.915385 
vt 0.954013 0.915385 
vt 0.954013 0.915385 
vt 0.954013 0.915385 
vt 0.954013 0.915385 
vt 0.954013 0.915385 
vt 0.954013 0.915385 
vt 0.954013 0.915385 
vt 0.954013 0.915385 
vt 0.954013 0.915385 
vt 0.954013 0.915385 
vt 0.954013 0.915385 
vt 0.954013 0.915385 
vt 0.954013 0.915385 
vt 0.954013 0.915385 
vt 0.954013 0.915385 
vt 0.954013 0.915385 
vt 0.954013 0.915385 
vt 0.954013 0.915385 
vt 0.954013 0.915385 
vt 0.721134 0.129499 
vt 0.721134 0.129499 
vt 0.721134 0.129499 
vt 0.721134 0.129499 
vt 0.721134 0.129499 
vt 0.721134 0.129499 
vt 0.721134 0.129499 
vt 0.721134 0.129499 
vt 0.721134 0.129499 
vt 0.721134 0.129499 
vt 0.721134 0.129499 
vt 0.721134 0.129499 
vt 0.721134 0.129499 
vt 0.721134 0.129499 
vt 0.721134 0.129499 
vt 0.721134 0.129499 
vt 0.721134 0.129499 
vt 0.721134 0.129499 
vt 0.721134 0.129499 
vt 0.721134 0.129499 
vt 0.721134 0.129499 
vt 0.721134 0.129499 
vt 0.721134 0.129499 
vt 0.721134 0.129499 
vt 0.721134 0.129499 
vt 0.721134 0.129499 
vt 0.721134 0.129499 
vt 0.721134 0.129499 
vt 0.721134 0.129499 
vt 0.721134 0.129499 
vt 0.721134 0.129499 
vt 0.721134 0.129499 
vt 0.721134 0.129499 
vt 0.721134 0.129499 
vt 0.721134 0.129499 
vt 0.721134 0.129499 
vt 0.721134 0.129499 
vt 0.721134 0.129499 
vt 0.721134 0.129499 
vt 0.721134 0.129499 
vt 0.721134 0.129499 
vt 0.721134 0.129499 
vt 0.721134 0.129499 
vt 0.721134 0.129499 
vt 0.721134 0.129499 
vt 0.721134 0.129499 
vt 0.721134 0.129499 
vt 0.721134 0.129499 
vt 0.721134 0.129499 
vt 0.721134 0.129499 
vt 0.721134 0.129499 
vt 0.721134 0.129499 
vt 0.721134 0.129499 
vt 0.721134 0.129499 
vt 0.721134 0.129499 
vt 0.721134 0.129499 
vt 0.721134 0.129499 
vt 0.721134 0.129499 
vt 0.721134 0.129499 
vt 0.721134 0.129499 
vt 0.721134 0.129499 
vt 0.721134 0.129499 
vt 0.724605 0.084155 
vt 0.724605 0.084155 
vt 0.724605 0.084155 
vt 0.724605 0.084155 
vt 0.724605 0.084155 
vt 0.724605 0.084155 
vt 0.724605 0.084155 
vt 0.724605 0.084155 
vt 0.724605 0.084155 
vt 0.724605 0.084155 
vt 0.724605 0.084155 
vt 0.724605 0.084155 
vt 0.724605 0.084155 
vt 0.724605 0.084155 
vt 0.724605 0.084155 
vt 0.724605 0.084155 
vt 0.724605 0.084155 
vt 0.724605 0.084155 
vt 0.724605 0.084155 
vt 0.724605 0.084155 
vt 0.724605 0.084155 
vt 0.724605 0.084155 
vt 0.724605 0.084155 
vt 0.724605 0.084155 
vt 0.724605 0.084155 
vt 0.724605 0.084155 
vt 0.724605 0.084155 
vt 0.724605 0.084155 
vt 0.724605 0.084155 
vt 0.724605 0.084155 
vt 0.724605 0.084155 
vt 0.724605 0.084155 
vt 0.724605 0.084155 
vt 0.724605 0.084155 
vt 0.724605 0.084155 
vt 0.724605 0.084155 
vt 0.724605 0.084155 
vt 0.724605 0.084155 
vt 0.724605 0.084155 
vt 0.724605 0.084155 
vt 0.724605 0.084155 
vt 0.724605 0.084155 
vt 0.724605 0.084155 
vt 0.724605 0.084155 
vt 0.724605 0.084155 
vt 0.724605 0.084155 
vt 0.724605 0.084155 
vt 0.724605 0.084155 
vt 0.724605 0.084155 
vt 0.724605 0.084155 
vt 0.724605 0.084155 
vt 0.724605 0.084155 
vt 0.724605 0.084155 
vt 0.724605 0.084155 
vt 0.965034 0.937701 
vt 0.965034 0.937701 
vt 0.965034 0.937701 
vt 0.965034 0.937701 
vt 0.965034 0.937701 
vt 0.965034 0.937701 
vt 0.965034 0.937701 
vt 0.965034 0.937701 
vt 0.965034 0.937701 
vt 0.965034 0.937701 
vt 0.965034 0.937701 
vt 0.965034 0.937701 
vt 0.965034 0.937701 
vt 0.965034 0.937701 
vt 0.965034 0.937701 
vt 0.965034 0.937701 
vt 0.965034 0.937701 
vt 0.965034 0.937701 
vt 0.965034 0.937701 
vt 0.965034 0.937701 
vt 0.965034 0.937701 
vt 0.965034 0.937701 
vt 0.965034 0.937701 
vt 0.965034 0.937701 
vt 0.965034 0.937701 
vt 0.965034 0.937701 
vt 0.965034 0.937701 
vt 0.965034 0.937701 
vt 0.965034 0.937701 
vt 0.965034 0.937701 
vt 0.95818 0.927984 
vt 0.95818 0.927984 
vt 0.95818 0.927984 
vt 0.95818 0.927984 
vt 0.95818 0.927984 
vt 0.95818 0.927984 
vt 0.95818 0.927984 
vt 0.95818 0.927984 
vt 0.95818 0.927984 
vt 0.95818 0.927984 
vt 0.95818 0.927984 
vt 0.95818 0.927984 
vt 0.95818 0.927984 
vt 0.95818 0.927984 
vt 0.95818 0.927984 
vt 0.95818 0.927984 
vt 0.95818 0.927984 
vt 0.95818 0.927984 
vt 0.95818 0.927984 
vt 0.95818 0.927984 
vt 0.95818 0.927984 
vt 0.95818 0.927984 
vt 0.95818 0.927984 
vt 0.95818 0.927984 
vt 0.965034 0.937701 
vt 0.965034 0.937701 
vt 0.965034 0.937701 
vt 0.965034 0.937701 
vt 0.965034 0.937701 
vt 0.965034 0.937701 
vt 0.965034 0.937701 
vt 0.965034 0.937701 
vt 0.965034 0.937701 
vt 0.965034 0.937701 
vt 0.965034 0.937701 
vt 0.965034 0.937701 
vt 0.965034 0.937701 
vt 0.965034 0.937701 
vt 0.965034 0.937701 
vt 0.965034 0.937701 
vt 0.965034 0.937701 
vt 0.965034 0.937701 
vt 0.965034 0.937701 
vt 0.965034 0.937701 
vt 0.965034 0.937701 
vt 0.965034 0.937701 
vt 0.965034 0.937701 
vt 0.965034 0.937701 
vt 0.965034 0.937701 
vt 0.965034 0.937701 
vt 0.965034 0.937701 
vt 0.965034 0.937701 
vt 0.965034 0.937701 
vt 0.965034 0.937701 
vt 0.721134 0.129499 
vt 0.721134 0.129499 
vt 0.721134 0.129499 
vt 0.721134 0.129499 
vt 0.721134 0.129499 
vt 0.721134 0.129499 
vt 0.721134 0.129499 
vt 0.721134 0.129499 
vt 0.721134 0.129499 
vt 0.721134 0.129499 
vt 0.721134 0.129499 
vt 0.721134 0.129499 
vt 0.721134 0.129499 
vt 0.721134 0.129499 
vt 0.721134 0.129499 
vt 0.721134 0.129499 
vt 0.721134 0.129499 
vt 0.721134 0.129499 
vt 0.721134 0.129499 
vt 0.721134 0.129499 
vt 0.968315 0.927376 
vt 0.968315 0.927376 
vt 0.968315 0.927376 
vt 0.968315 0.927376 
vt 0.968315 0.927376 
vt 0.968315 0.927376 
vt 0.968315 0.927376 
vt 0.968315 0.927376 
vt 0.968315 0.927376 
vt 0.968315 0.927376 
vt 0.968315 0.927376 
vt 0.968315 0.927376 
vt 0.968315 0.927376 
vt 0.968315 0.927376 
vt 0.968315 0.927376 
vt 0.968315 0.927376 
vt 0.968315 0.927376 
vt 0.968315 0.927376 
vt 0.968315 0.927376 
vt 0.968315 0.927376 
vt 0.968315 0.927376 
vt 0.968315 0.927376 
vt 0.968315 0.927376 
vt 0.968315 0.927376 
vt 0.968315 0.927376 
vt 0.968315 0.927376 
vt 0.968315 0.927376 
vt 0.968315 0.927376 
vt 0.968315 0.927376 
vt 0.968315 0.927376 
vt 0.968315 0.927376 
vt 0.968315 0.927376 
vt 0.968315 0.927376 
vt 0.968315 0.927376 
vt 0.968315 0.927376 
vt 0.968315 0.927376 
vt 0.968315 0.927376 
vt 0.968315 0.927376 
vt 0.968315 0.927376 
vt 0.968315 0.927376 
vt 0.968315 0.927376 
vt 0.968315 0.927376 
vt 0.968315 0.927376 
vt 0.968315 0.927376 
vt 0.968315 0.927376 
vt 0.968315 0.927376 
vt 0.968315 0.927376 
vt 0.968315 0.927376 
vt 0.968315 0.927376 
vt 0.968315 0.927376 
vt 0.968315 0.927376 
vt 0.968315 0.927376 
vt 0.968315 0.927376 
vt 0.968315 0.927376 
vt 0.968315 0.927376 
vt 0.968315 0.927376 
vt 0.968315 0.927376 
vt 0.968315 0.927376 
vt 0.968315 0.927376 
vt 0.968315 0.927376 
vt 0.968315 0.927376 
vt 0.968315 0.927376 
vt 0.968315 0.927376 
vt 0.968315 0.927376 
vt 0.968315 0.927376 
vt 0.968315 0.927376 
vt 0.968315 0.927376 
vt 0.968315 0.927376 
vt 0.968315 0.927376 
vt 0.968315 0.927376 
vt 0.968315 0.927376 
vt 0.968315 0.927376 
vt 0.968315 0.927376 
vt 0.968315 0.927376 
vt 0.968315 0.927376 
vt 0.968315 0.927376 
vt 0.954013 0.915385 
vt 0.954013 0.915385 
vt 0.954013 0.915385 
vt 0.954013 0.915385 
vt 0.954013 0.915385 
vt 0.954013 0.915385 
vt 0.954013 0.915385 
vt 0.954013 0.915385 
vt 0.954013 0.915385 
vt 0.954013 0.915385 
vt 0.954013 0.915385 
vt 0.954013 0.915385 
vt 0.954013 0.915385 
vt 0.954013 0.915385 
vt 0.954013 0.915385 
vt 0.954013 0.915385 
vt 0.954013 0.915385 
vt 0.954013 0.915385 
vt 0.954013 0.915385 
vt 0.95818 0.927984 
vt 0.95818 0.927984 
vt 0.95818 0.927984 
vt 0.95818 0.927984 
vt 0.95818 0.927984 
vt 0.95818 0.927984 
vt 0.95818 0.927984 
vt 0.95818 0.927984 
vt 0.95818 0.927984 
vt 0.95818 0.927984 
vt 0.95818 0.927984 
vt 0.95818 0.927984 
vt 0.954013 0.915385 
vt 0.954013 0.915385 
vt 0.954013 0.915385 
vt 0.954013 0.915385 
vt 0.954013 0.915385 
vt 0.954013 0.915385 
vt 0.954013 0.915385 
vt 0.954013 0.915385 
vt 0.954013 0.915385 
vt 0.954013 0.915385 
vt 0.954013 0.915385 
vt 0.954013 0.915385 
vt 0.968315 0.927376 
vt 0.968315 0.927376 
vt 0.968315 0.927376 
vt 0.968315 0.927376 
vt 0.968315 0.927376 
vt 0.968315 0.927376 
vt 0.968315 0.927376 
vt 0.968315 0.927376 
vt 0.968315 0.927376 
vt 0.968315 0.927376 
vt 0.968315 0.927376 
vt 0.968315 0.927376 
vt 0.968315 0.927376 
vt 0.968315 0.927376 
vt 0.968315 0.927376 
vt 0.968315 0.927376 
vt 0.968315 0.927376 
vt 0.968315 0.927376 
vt 0.968315 0.927376 
vt 0.968315 0.927376 
vt 0.968315 0.927376 
vt 0.968315 0.927376 
vt 0.968315 0.927376 
vt 0.968315 0.927376 
vt 0.968315 0.927376 
vt 0.968315 0.927376 
vt 0.968315 0.927376 
vt 0.968315 0.927376 
vt 0.968315 0.927376 
vt 0.721134 0.129499 
vt 0.721134 0.129499 
vt 0.721134 0.129499 
vt 0.721134 0.129499 
vt 0.721134 0.129499 
vt 0.721134 0.129499 
vt 0.721134 0.129499 
vt 0.721134 0.129499 
vt 0.721134 0.129499 
vt 0.721134 0.129499 
vt 0.721134 0.129499 
vt 0.721134 0.129499 
vt 0.721134 0.129499 
vt 0.721134 0.129499 
vt 0.721134 0.129499 
vt 0.721134 0.129499 
vt 0.721134 0.129499 
vt 0.721134 0.129499 
vt 0.721134 0.129499 
vt 0.721134 0.129499 
vt 0.721134 0.129499 
vt 0.721134 0.129499 
vt 0.721134 0.129499 
vt 0.721134 0.129499 
vt 0.968315 0.927376 
vt 0.968315 0.927376 
vt 0.968315 0.927376 
vt 0.968315 0.927376 
vt 0.968315 0.927376 
vt 0.968315 0.927376 
vt 0.968315 0.927376 
vt 0.968315 0.927376 
vt 0.968315 0.927376 
vt 0.968315 0.927376 
vt 0.968315 0.927376 
vt 0.968315 0.927376 
vt 0.968315 0.927376 
vt 0.968315 0.927376 
vt 0.968315 0.927376 
vt 0.968315 0.927376 
vt 0.968315 0.927376 
vt 0.968315 0.927376 
vt 0.968315 0.927376 
vt 0.968315 0.927376 
vt 0.968315 0.927376 
vt 0.968315 0.927376 
vt 0.968315 0.927376 
vt 0.968315 0.927376 
vt 0.968315 0.927376 
vt 0.968315 0.927376 
vt 0.968315 0.927376 
vt 0.968315 0.927376 
vt 0.968315 0.927376 
vt 0.968315 0.927376 
vt 0.968315 0.927376 
vt 0.968315 0.927376 
vt 0.968315 0.927376 
vt 0.968315 0.927376 
vt 0.968315 0.927376 
vt 0.968315 0.927376 
vt 0.968315 0.927376 
vt 0.968315 0.927376 
vt 0.968315 0.927376 
vt 0.968315 0.927376 
vt 0.968315 0.927376 
vt 0.968315 0.927376 
vt 0.968315 0.927376 
vt 0.968315 0.927376 
vt 0.968315 0.927376 
vt 0.968315 0.927376 
vt 0.968315 0.927376 
vt 0.968315 0.927376 
vt 0.968315 0.927376 
vt 0.968315 0.927376 
vt 0.968315 0.927376 
vt 0.968315 0.927376 
vt 0.968315 0.927376 
vt 0.968315 0.927376 
vt 0.965034 0.937701 
vt 0.965034 0.937701 
vt 0.965034 0.937701 
vt 0.965034 0.937701 
vt 0.965034 0.937701 
vt 0.965034 0.937701 
vt 0.954013 0.915385 
vt 0.954013 0.915385 
vt 0.954013 0.915385 
vt 0.954013 0.915385 
vt 0.954013 0.915385 
vt 0.954013 0.915385 
vt 0.954013 0.915385 
vt 0.954013 0.915385 
vt 0.954013 0.915385 
vt 0.954013 0.915385 
vt 0.954013 0.915385 
vt 0.954013 0.915385 
vt 0.954013 0.915385 
vt 0.954013 0.915385 
vt 0.954013 0.915385 
vt 0.954013 0.915385 
vt 0.954013 0.915385 
vt 0.954013 0.915385 
vt 0.954013 0.915385 
vt 0.954013 0.915385 
vt 0.954013 0.915385 
vt 0.954013 0.915385 
vt 0.954013 0.915385 
vt 0.954013 0.915385 
vt 0.954013 0.915385 
vt 0.954013 0.915385 
vt 0.954013 0.915385 
vt 0.724605 0.084155 
vt 0.724605 0.084155 
vt 0.724605 0.084155 
vt 0.724605 0.084155 
vt 0.724605 0.084155 
vt 0.724605 0.084155 
vt 0.724605 0.084155 
vt 0.724605 0.084155 
vt 0.724605 0.084155 
vt 0.724605 0.084155 
vt 0.724605 0.084155 
vt 0.724605 0.084155 
vt 0.954013 0.915385 
vt 0.954013 0.915385 
vt 0.954013 0.915385 
vt 0.954013 0.915385 
vt 0.954013 0.915385 
vt 0.954013 0.915385 
vt 0.954013 0.915385 
vt 0.954013 0.915385 
vt 0.954013 0.915385 
vt 0.954013 0.915385 
vt 0.954013 0.915385 
vt 0.954013 0.915385 
vt 0.954013 0.915385 
vt 0.954013 0.915385 
vt 0.954013 0.915385 
vt 0.954013 0.915385 
vt 0.954013 0.915385 
vt 0.954013 0.915385 
vt 0.954013 0.915385 
vt 0.954013 0.915385 
vt 0.954013 0.915385 
vt 0.954013 0.915385 
vt 0.954013 0.915385 
vt 0.954013 0.915385 
vt 0.954013 0.915385 
vt 0.954013 0.915385 
vt 0.954013 0.915385 
vt 0.954013 0.915385 
vt 0.954013 0.915385 
vt 0.954013 0.915385 
vt 0.954013 0.915385 
vt 0.954013 0.915385 
vt 0.954013 0.915385 
vt 0.954013 0.915385 
vt 0.954013 0.915385 
vt 0.954013 0.915385 
vt 0.954013 0.915385 
vt 0.954013 0.915385 
vt 0.954013 0.915385 
vt 0.954013 0.915385 
vt 0.954013 0.915385 
vt 0.954013 0.915385 
vt 0.954013 0.915385 
vt 0.954013 0.915385 
vt 0.954013 0.915385 
vt 0.954013 0.915385 
vt 0.954013 0.915385 
vt 0.715512 0.051444 
vt 0.715512 0.051444 
vt 0.715512 0.051444 
vt 0.715512 0.051444 
vt 0.715512 0.051444 
vt 0.715512 0.051444 
vt 0.968315 0.927376 
vt 0.968315 0.927376 
vt 0.968315 0.927376 
vt 0.968315 0.927376 
vt 0.968315 0.927376 
vt 0.968315 0.927376 
vt 0.968315 0.927376 
vt 0.968315 0.927376 
vt 0.968315 0.927376 
vt 0.968315 0.927376 
vt 0.968315 0.927376 
vt 0.968315 0.927376 
vt 0.968315 0.927376 
vt 0.968315 0.927376 
vt 0.968315 0.927376 
vt 0.968315 0.927376 
vt 0.968315 0.927376 
vt 0.968315 0.927376 
vt 0.968315 0.927376 
vt 0.968315 0.927376 
vt 0.968315 0.927376 
vt 0.968315 0.927376 
vt 0.968315 0.927376 
vt 0.968315 0.927376 
vt 0.968315 0.927376 
vt 0.968315 0.927376 
vt 0.968315 0.927376 
vt 0.968315 0.927376 
vt 0.968315 0.927376 
vt 0.968315 0.927376 
vt 0.968315 0.927376 
vt 0.968315 0.927376 
vt 0.968315 0.927376 
vt 0.968315 0.927376 
vt 0.968315 0.927376 
vt 0.968315 0.927376 
vt 0.968315 0.927376 
vt 0.968315 0.927376 
vt 0.968315 0.927376 
vt 0.968315 0.927376 
vt 0.968315 0.927376 
vt 0.968315 0.927376 
vt 0.968315 0.927376 
vt 0.968315 0.927376 
vt 0.968315 0.927376 
vt 0.968315 0.927376 
vt 0.968315 0.927376 
vt 0.968315 0.927376 
vt 0.968315 0.927376 
vt 0.968315 0.927376 
vt 0.968315 0.927376 
vt 0.968315 0.927376 
vt 0.968315 0.927376 
vt 0.968315 0.927376 
vt 0.968315 0.927376 
vt 0.968315 0.927376 
vt 0.968315 0.927376 
vt 0.968315 0.927376 
vt 0.968315 0.927376 
vt 0.968315 0.927376 
vt 0.968315 0.927376 
vt 0.968315 0.927376 
vt 0.968315 0.927376 
vt 0.968315 0.927376 
vt 0.968315 0.927376 
vt 0.968315 0.927376 
vt 0.968315 0.927376 
vt 0.968315 0.927376 
vt 0.724605 0.084155 
vt 0.724605 0.084155 
vt 0.724605 0.084155 
vt 0.724605 0.084155 
vt 0.724605 0.084155 
vt 0.724605 0.084155 
vt 0.724605 0.084155 
vt 0.724605 0.084155 
vt 0.724605 0.084155 
vt 0.724605 0.084155 
vt 0.724605 0.084155 
vt 0.724605 0.084155 
vt 0.965034 0.937701 
vt 0.965034 0.937701 
vt 0.965034 0.937701 
vt 0.965034 0.937701 
vt 0.965034 0.937701 
vt 0.965034 0.937701 
vt 0.965034 0.937701 
vt 0.965034 0.937701 
vt 0.965034 0.937701 
vt 0.965034 0.937701 
vt 0.965034 0.937701 
vt 0.965034 0.937701 
vt 0.968315 0.927376 
vt 0.968315 0.927376 
vt 0.968315 0.927376 
vt 0.968315 0.927376 
vt 0.968315 0.927376 
vt 0.968315 0.927376 
vt 0.968315 0.927376 
vt 0.968315 0.927376 
vt 0.968315 0.927376 
vt 0.968315 0.927376 
vt 0.968315 0.927376 
vt 0.968315 0.927376 
vt 0.968315 0.927376 
vt 0.968315 0.927376 
vt 0.968315 0.927376 
vt 0.968315 0.927376 
vt 0.968315 0.927376 
vt 0.968315 0.927376 
vt 0.968315 0.927376 
vt 0.968315 0.927376 
vt 0.965034 0.937701 
vt 0.965034 0.937701 
vt 0.965034 0.937701 
vt 0.965034 0.937701 
vt 0.954013 0.915385 
vt 0.954013 0.915385 
vt 0.954013 0.915385 
vt 0.954013 0.915385 
vt 0.954013 0.915385 
vt 0.954013 0.915385 
vt 0.954013 0.915385 
vt 0.954013 0.915385 
vt 0.954013 0.915385 
vt 0.954013 0.915385 
vt 0.954013 0.915385 
vt 0.954013 0.915385 
vt 0.954013 0.915385 
vt 0.954013 0.915385 
vt 0.954013 0.915385 
vt 0.954013 0.915385 
vt 0.954013 0.915385 
vt 0.954013 0.915385 
vt 0.954013 0.915385 
vt 0.954013 0.915385 
vt 0.954013 0.915385 
vt 0.954013 0.915385 
vt 0.954013 0.915385 
vt 0.954013 0.915385 
vt 0.954013 0.915385 
vt 0.954013 0.915385 
vt 0.954013 0.915385 
vt 0.954013 0.915385 
vt 0.954013 0.915385 
vt 0.954013 0.915385 
vt 0.954013 0.915385 
vt 0.954013 0.915385 
vt 0.954013 0.915385 
vt 0.954013 0.915385 
vt 0.954013 0.915385 
vt 0.954013 0.915385 
vt 0.954013 0.915385 
vt 0.954013 0.915385 
vt 0.954013 0.915385 
vt 0.954013 0.915385 
vt 0.954013 0.915385 
vt 0.954013 0.915385 
vt 0.954013 0.915385 
vt 0.954013 0.915385 
vt 0.954013 0.915385 
vt 0.954013 0.915385 
vt 0.954013 0.915385 
vt 0.954013 0.915385 
vt 0.954013 0.915385 
vt 0.954013 0.915385 
vt 0.954013 0.915385 
vt 0.954013 0.915385 
vt 0.954013 0.915385 
vt 0.954013 0.915385 
vt 0.721134 0.129499 
vt 0.721134 0.129499 
vt 0.721134 0.129499 
vt 0.721134 0.129499 
vt 0.721134 0.129499 
vt 0.721134 0.129499 
vt 0.721134 0.129499 
vt 0.721134 0.129499 
vt 0.721134 0.129499 
vt 0.721134 0.129499 
vt 0.721134 0.129499 
vt 0.721134 0.129499 
vt 0.721134 0.129499 
vt 0.721134 0.129499 
vt 0.721134 0.129499 
vt 0.721134 0.129499 
vt 0.721134 0.129499 
vt 0.721134 0.129499 
vt 0.721134 0.129499 
vt 0.721134 0.129499 
vt 0.721134 0.129499 
vt 0.721134 0.129499 
vt 0.721134 0.129499 
vt 0.721134 0.129499 
vt 0.721134 0.129499 
vt 0.721134 0.129499 
vt 0.968315 0.927376 
vt 0.968315 0.927376 
vt 0.968315 0.927376 
vt 0.968315 0.927376 
vt 0.968315 0.927376 
vt 0.968315 0.927376 
vt 0.968315 0.927376 
vt 0.968315 0.927376 
vt 0.968315 0.927376 
vt 0.968315 0.927376 
vt 0.968315 0.927376 
vt 0.968315 0.927376 
vt 0.968315 0.927376 
vt 0.968315 0.927376 
vt 0.968315 0.927376 
vt 0.968315 0.927376 
vt 0.968315 0.927376 
vt 0.968315 0.927376 
vt 0.968315 0.927376 
vt 0.968315 0.927376 
vt 0.968315 0.927376 
vt 0.968315 0.927376 
vt 0.968315 0.927376 
vt 0.968315 0.927376 
vt 0.968315 0.927376 
vt 0.968315 0.927376 
vt 0.968315 0.927376 
vt 0.968315 0.927376 
vt 0.968315 0.927376 
vt 0.954013 0.915385 
vt 0.954013 0.915385 
vt 0.954013 0.915385 
vt 0.954013 0.915385 
vt 0.954013 0.915385 
vt 0.954013 0.915385 
vt 0.954013 0.915385 
vt 0.954013 0.915385 
vt 0.954013 0.915385 
vt 0.954013 0.915385 
vt 0.954013 0.915385 
vt 0.954013 0.915385 
vt 0.954013 0.915385 
vt 0.954013 0.915385 
vt 0.954013 0.915385 
vt 0.954013 0.915385 
vt 0.954013 0.915385 
vt 0.954013 0.915385 
vt 0.954013 0.915385 
vt 0.954013 0.915385 
vt 0.954013 0.915385 
vt 0.954013 0.915385 
vt 0.954013 0.915385 
vt 0.954013 0.915385 
vt 0.965034 0.937701 
vt 0.965034 0.937701 
vt 0.965034 0.937701 
vt 0.965034 0.937701 
vt 0.965034 0.937701 
vt 0.965034 0.937701 
vt 0.965034 0.937701 
vt 0.965034 0.937701 
vt 0.965034 0.937701 
vt 0.965034 0.937701 
vt 0.965034 0.937701 
vt 0.965034 0.937701 
vt 0.965034 0.937701 
vt 0.965034 0.937701 
vt 0.965034 0.937701 
vt 0.965034 0.937701 
vt 0.965034 0.937701 
vt 0.965034 0.937701 
vt 0.965034 0.937701 
vt 0.965034 0.937701 
vt 0.965034 0.937701 
vt 0.965034 0.937701 
vt 0.965034 0.937701 
vt 0.965034 0.937701 
vt 0.965034 0.937701 
vt 0.965034 0.937701 
vt 0.965034 0.937701 
vt 0.965034 0.937701 
vt 0.965034 0.937701 
vt 0.965034 0.937701 
vt 0.965034 0.937701 
vt 0.965034 0.937701 
vt 0.965034 0.937701 
vt 0.965034 0.937701 
vt 0.965034 0.937701 
vt 0.965034 0.937701 
vt 0.965034 0.937701 
vt 0.965034 0.937701 
vt 0.965034 0.937701 
vt 0.965034 0.937701 
vt 0.965034 0.937701 
vt 0.965034 0.937701 
vt 0.965034 0.937701 
vt 0.965034 0.937701 
vt 0.965034 0.937701 
vt 0.965034 0.937701 
vt 0.965034 0.937701 
vt 0.965034 0.937701 
vt 0.724605 0.084155 
vt 0.724605 0.084155 
vt 0.724605 0.084155 
vt 0.724605 0.084155 
vt 0.724605 0.084155 
vt 0.724605 0.084155 
vt 0.724605 0.084155 
vt 0.724605 0.084155 
vt 0.724605 0.084155 
vt 0.724605 0.084155 
vt 0.724605 0.084155 
vt 0.724605 0.084155 
vt 0.724605 0.084155 
vt 0.724605 0.084155 
vt 0.724605 0.084155 
vt 0.724605 0.084155 
vt 0.724605 0.084155 
vt 0.724605 0.084155 
vt 0.724605 0.084155 
vt 0.724605 0.084155 
vt 0.724605 0.084155 
vt 0.724605 0.084155 
vt 0.724605 0.084155 
vt 0.724605 0.084155 
vt 0.724605 0.084155 
vt 0.724605 0.084155 
vt 0.724605 0.084155 
vt 0.724605 0.084155 
vt 0.724605 0.084155 
vt 0.724605 0.084155 
vt 0.724605 0.084155 
vt 0.724605 0.084155 
vt 0.724605 0.084155 
vt 0.724605 0.084155 
vt 0.724605 0.084155 
vt 0.724605 0.084155 
vt 0.724605 0.084155 
vt 0.724605 0.084155 
vt 0.724605 0.084155 
vt 0.954013 0.915385 
vt 0.954013 0.915385 
vt 0.954013 0.915385 
vt 0.954013 0.915385 
vt 0.954013 0.915385 
vt 0.954013 0.915385 
vt 0.954013 0.915385 
vt 0.954013 0.915385 
vt 0.954013 0.915385 
vt 0.954013 0.915385 
vt 0.954013 0.915385 
vt 0.954013 0.915385 
vt 0.954013 0.915385 
vt 0.954013 0.915385 
vt 0.954013 0.915385 
vt 0.954013 0.915385 
vt 0.954013 0.915385 
vt 0.954013 0.915385 
vt 0.954013 0.915385 
vt 0.954013 0.915385 
vt 0.954013 0.915385 
vt 0.954013 0.915385 
vt 0.954013 0.915385 
vt 0.954013 0.915385 
vt 0.954013 0.915385 
vt 0.954013 0.915385 
vt 0.954013 0.915385 
vt 0.954013 0.915385 
vt 0.954013 0.915385 
vt 0.954013 0.915385 
vt 0.954013 0.915385 
vt 0.954013 0.915385 
vt 0.954013 0.915385 
vt 0.954013 0.915385 
vt 0.954013 0.915385 
vt 0.954013 0.915385 
vt 0.954013 0.915385 
vt 0.954013 0.915385 
vt 0.954013 0.915385 
vt 0.954013 0.915385 
vt 0.954013 0.915385 
vt 0.954013 0.915385 
vt 0.954013 0.915385 
vt 0.954013 0.915385 
vt 0.954013 0.915385 
vt 0.954013 0.915385 
vt 0.954013 0.915385 
vt 0.954013 0.915385 
vt 0.954013 0.915385 
vt 0.954013 0.915385 
vt 0.954013 0.915385 
vt 0.954013 0.915385 
vt 0.954013 0.915385 
vt 0.954013 0.915385 
vt 0.954013 0.915385 
vt 0.954013 0.915385 
vt 0.954013 0.915385 
vt 0.954013 0.915385 
vt 0.954013 0.915385 
vt 0.954013 0.915385 
vt 0.954013 0.915385 
vt 0.954013 0.915385 
vt 0.954013 0.915385 
vt 0.954013 0.915385 
vt 0.954013 0.915385 
vt 0.954013 0.915385 
vt 0.954013 0.915385 
vt 0.954013 0.915385 
vt 0.954013 0.915385 
vt 0.954013 0.915385 
vt 0.954013 0.915385 
vt 0.954013 0.915385 
vt 0.954013 0.915385 
vt 0.954013 0.915385 
vt 0.954013 0.915385 
vt 0.954013 0.915385 
vt 0.954013 0.915385 
vt 0.954013 0.915385 
vt 0.954013 0.915385 
vt 0.954013 0.915385 
vt 0.954013 0.915385 
vt 0.954013 0.915385 
vt 0.954013 0.915385 
vt 0.954013 0.915385 
vt 0.954013 0.915385 
vt 0.954013 0.915385 
vt 0.954013 0.915385 
vt 0.954013 0.915385 
vt 0.954013 0.915385 
vt 0.954013 0.915385 
vt 0.954013 0.915385 
vt 0.954013 0.915385 
vt 0.954013 0.915385 
vt 0.954013 0.915385 
vt 0.954013 0.915385 
vt 0.954013 0.915385 
vt 0.954013 0.915385 
vt 0.954013 0.915385 
vt 0.954013 0.915385 
vt 0.954013 0.915385 
vt 0.954013 0.915385 
vt 0.954013 0.915385 
vt 0.954013 0.915385 
vt 0.954013 0.915385 
vt 0.954013 0.915385 
vt 0.954013 0.915385 
vt 0.954013 0.915385 
vt 0.954013 0.915385 
vt 0.954013 0.915385 
vt 0.954013 0.915385 
vt 0.954013 0.915385 
vt 0.954013 0.915385 
vt 0.954013 0.915385 
vt 0.954013 0.915385 
vt 0.954013 0.915385 
vt 0.954013 0.915385 
vt 0.954013 0.915385 
vt 0.954013 0.915385 
vt 0.954013 0.915385 
vt 0.954013 0.915385 
vt 0.954013 0.915385 
vt 0.954013 0.915385 
vt 0.954013 0.915385 
vt 0.954013 0.915385 
vt 0.954013 0.915385 
vt 0.954013 0.915385 
vt 0.954013 0.915385 
vt 0.954013 0.915385 
vt 0.954013 0.915385 
vt 0.954013 0.915385 
vt 0.954013 0.915385 
vt 0.954013 0.915385 
vt 0.954013 0.915385 
vt 0.954013 0.915385 
vt 0.954013 0.915385 
vt 0.954013 0.915385 
vt 0.954013 0.915385 
vt 0.954013 0.915385 
vt 0.954013 0.915385 
vt 0.954013 0.915385 
vt 0.954013 0.915385 
vt 0.954013 0.915385 
vt 0.954013 0.915385 
vt 0.954013 0.915385 
vt 0.954013 0.915385 
vt 0.954013 0.915385 
vt 0.954013 0.915385 
vt 0.954013 0.915385 
vt 0.954013 0.915385 
vt 0.954013 0.915385 
vt 0.954013 0.915385 
vt 0.954013 0.915385 
vt 0.954013 0.915385 
vt 0.954013 0.915385 
vt 0.954013 0.915385 
vt 0.954013 0.915385 
vt 0.954013 0.915385 
vt 0.954013 0.915385 
vt 0.954013 0.915385 
vt 0.954013 0.915385 
vt 0.954013 0.915385 
vt 0.954013 0.915385 
vt 0.954013 0.915385 
vt 0.954013 0.915385 
vt 0.954013 0.915385 
vt 0.954013 0.915385 
vt 0.954013 0.915385 
vt 0.954013 0.915385 
vt 0.954013 0.915385 
vt 0.954013 0.915385 
vt 0.954013 0.915385 
vt 0.954013 0.915385 
vt 0.954013 0.915385 
vt 0.954013 0.915385 
vt 0.954013 0.915385 
vt 0.954013 0.915385 
vt 0.954013 0.915385 
vt 0.954013 0.915385 
vt 0.954013 0.915385 
vt 0.954013 0.915385 
vt 0.954013 0.915385 
vt 0.954013 0.915385 
vt 0.954013 0.915385 
vt 0.954013 0.915385 
vt 0.954013 0.915385 
vt 0.954013 0.915385 
vt 0.954013 0.915385 
vt 0.954013 0.915385 
vt 0.954013 0.915385 
vt 0.954013 0.915385 
vt 0.954013 0.915385 
vt 0.954013 0.915385 
vt 0.954013 0.915385 
vt 0.954013 0.915385 
vt 0.954013 0.915385 
vt 0.954013 0.915385 
vt 0.954013 0.915385 
vt 0.954013 0.915385 
vt 0.954013 0.915385 
vt 0.954013 0.915385 
vt 0.954013 0.915385 
vt 0.954013 0.915385 
vt 0.954013 0.915385 
vt 0.954013 0.915385 
vt 0.954013 0.915385 
vt 0.954013 0.915385 
vt 0.954013 0.915385 
vt 0.954013 0.915385 
vt 0.954013 0.915385 
vt 0.954013 0.915385 
vt 0.954013 0.915385 
vt 0.954013 0.915385 
vt 0.954013 0.915385 
vt 0.724605 0.084155 
vt 0.724605 0.084155 
vt 0.724605 0.084155 
vt 0.724605 0.084155 
vt 0.724605 0.084155 
vt 0.724605 0.084155 
vt 0.724605 0.084155 
vt 0.724605 0.084155 
vt 0.724605 0.084155 
vt 0.724605 0.084155 
vt 0.96399 0.94289 
vt 0.96399 0.94289 
vt 0.96399 0.94289 
vt 0.96399 0.94289 
vt 0.96399 0.94289 
vt 0.96399 0.94289 
vt 0.96399 0.94289 
vt 0.96399 0.94289 
vt 0.96399 0.94289 
vt 0.96399 0.94289 
vt 0.96399 0.94289 
vt 0.96399 0.94289 
vt 0.96399 0.94289 
vt 0.96399 0.94289 
vt 0.96399 0.94289 
vt 0.96399 0.94289 
vt 0.96399 0.94289 
vt 0.96399 0.94289 
vt 0.954013 0.915385 
vt 0.954013 0.915385 
vt 0.954013 0.915385 
vt 0.954013 0.915385 
vt 0.954013 0.915385 
vt 0.954013 0.915385 
vt 0.954013 0.915385 
vt 0.954013 0.915385 
vt 0.954013 0.915385 
vt 0.954013 0.915385 
vt 0.954013 0.915385 
vt 0.954013 0.915385 
vt 0.954013 0.915385 
vt 0.954013 0.915385 
vt 0.954013 0.915385 
vt 0.954013 0.915385 
vt 0.954013 0.915385 
vt 0.954013 0.915385 
vt 0.954013 0.915385 
vt 0.954013 0.915385 
vt 0.954013 0.915385 
vt 0.954013 0.915385 
vt 0.954013 0.915385 
vt 0.954013 0.915385 
vt 0.954013 0.915385 
vt 0.954013 0.915385 
vt 0.954013 0.915385 
vt 0.954013 0.915385 
vt 0.954013 0.915385 
vt 0.954013 0.915385 
vt 0.954013 0.915385 
vt 0.954013 0.915385 
vt 0.954013 0.915385 
vt 0.954013 0.915385 
vt 0.954013 0.915385 
vt 0.954013 0.915385 
vt 0.954013 0.915385 
vt 0.954013 0.915385 
vt 0.954013 0.915385 
vt 0.954013 0.915385 
vt 0.954013 0.915385 
vt 0.954013 0.915385 
vt 0.954013 0.915385 
vt 0.954013 0.915385 
vt 0.954013 0.915385 
vt 0.954013 0.915385 
vt 0.954013 0.915385 
vt 0.954013 0.915385 
vt 0.954013 0.915385 
vt 0.954013 0.915385 
vt 0.954013 0.915385 
vt 0.954013 0.915385 
vt 0.954013 0.915385 
vt 0.954013 0.915385 
vt 0.954013 0.915385 
vt 0.954013 0.915385 
vt 0.954013 0.915385 
vt 0.954013 0.915385 
vt 0.954013 0.915385 
vt 0.954013 0.915385 
vt 0.954013 0.915385 
vt 0.954013 0.915385 
vt 0.954013 0.915385 
vt 0.954013 0.915385 
vt 0.954013 0.915385 
vt 0.954013 0.915385 
vt 0.954013 0.915385 
vt 0.954013 0.915385 
vt 0.954013 0.915385 
vt 0.954013 0.915385 
vt 0.954013 0.915385 
vt 0.954013 0.915385 
vt 0.954013 0.915385 
vt 0.954013 0.915385 
vt 0.954013 0.915385 
vt 0.954013 0.915385 
vt 0.954013 0.915385 
vt 0.954013 0.915385 
vt 0.954013 0.915385 
vt 0.954013 0.915385 
vt 0.954013 0.915385 
vt 0.954013 0.915385 
vt 0.954013 0.915385 
vt 0.954013 0.915385 
vt 0.954013 0.915385 
vt 0.954013 0.915385 
vt 0.954013 0.915385 
vt 0.954013 0.915385 
vt 0.954013 0.915385 
vt 0.954013 0.915385 
vt 0.954013 0.915385 
vt 0.954013 0.915385 
vt 0.954013 0.915385 
vt 0.954013 0.915385 
vt 0.954013 0.915385 
vt 0.954013 0.915385 
vt 0.954013 0.915385 
vt 0.954013 0.915385 
vt 0.954013 0.915385 
vt 0.954013 0.915385 
vt 0.954013 0.915385 
vt 0.954013 0.915385 
vt 0.954013 0.915385 
vt 0.954013 0.915385 
vt 0.954013 0.915385 
vt 0.954013 0.915385 
vt 0.954013 0.915385 
vt 0.954013 0.915385 
vt 0.954013 0.915385 
vt 0.954013 0.915385 
vt 0.954013 0.915385 
vt 0.954013 0.915385 
vt 0.954013 0.915385 
vt 0.954013 0.915385 
vt 0.954013 0.915385 
vt 0.954013 0.915385 
vt 0.954013 0.915385 
vt 0.954013 0.915385 
vt 0.954013 0.915385 
vt 0.954013 0.915385 
vt 0.954013 0.915385 
vt 0.965034 0.937701 
vt 0.965034 0.937701 
vt 0.965034 0.937701 
vt 0.965034 0.937701 
vt 0.965034 0.937701 
vt 0.965034 0.937701 
vt 0.965034 0.937701 
vt 0.965034 0.937701 
vt 0.965034 0.937701 
vt 0.965034 0.937701 
vt 0.965034 0.937701 
vt 0.965034 0.937701 
vt 0.965034 0.937701 
vt 0.965034 0.937701 
vt 0.965034 0.937701 
vt 0.965034 0.937701 
vt 0.965034 0.937701 
vt 0.965034 0.937701 
vt 0.965034 0.937701 
vt 0.965034 0.937701 
vt 0.965034 0.937701 
vt 0.965034 0.937701 
vt 0.965034 0.937701 
vt 0.965034 0.937701 
vt 0.965034 0.937701 
vt 0.965034 0.937701 
vt 0.965034 0.937701 
vt 0.965034 0.937701 
vt 0.965034 0.937701 
vt 0.965034 0.937701 
vt 0.965034 0.937701 
vt 0.965034 0.937701 
vt 0.965034 0.937701 
vt 0.965034 0.937701 
vt 0.965034 0.937701 
vt 0.965034 0.937701 
vt 0.724605 0.084155 
vt 0.724605 0.084155 
vt 0.724605 0.084155 
vt 0.724605 0.084155 
vt 0.724605 0.084155 
vt 0.724605 0.084155 
vt 0.724605 0.084155 
vt 0.724605 0.084155 
vt 0.724605 0.084155 
vt 0.724605 0.084155 
vt 0.724605 0.084155 
vt 0.724605 0.084155 
vt 0.724605 0.084155 
vt 0.724605 0.084155 
vt 0.724605 0.084155 
vt 0.724605 0.084155 
vt 0.724605 0.084155 
vt 0.724605 0.084155 
vt 0.724605 0.084155 
vt 0.724605 0.084155 
vt 0.724605 0.084155 
vt 0.724605 0.084155 
vt 0.724605 0.084155 
vt 0.724605 0.084155 
vt 0.954013 0.915385 
vt 0.954013 0.915385 
vt 0.954013 0.915385 
vt 0.954013 0.915385 
vt 0.954013 0.915385 
vt 0.954013 0.915385 
vt 0.954013 0.915385 
vt 0.954013 0.915385 
vt 0.954013 0.915385 
vt 0.954013 0.915385 
vt 0.954013 0.915385 
vt 0.954013 0.915385 
vt 0.954013 0.915385 
vt 0.954013 0.915385 
vt 0.954013 0.915385 
vt 0.954013 0.915385 
vt 0.954013 0.915385 
vt 0.954013 0.915385 
vt 0.954013 0.915385 
vt 0.954013 0.915385 
vt 0.954013 0.915385 
vt 0.954013 0.915385 
vt 0.954013 0.915385 
vt 0.954013 0.915385 
vt 0.954013 0.915385 
vt 0.954013 0.915385 
vt 0.954013 0.915385 
vt 0.954013 0.915385 
vt 0.954013 0.915385 
vt 0.954013 0.915385 
vt 0.954013 0.915385 
vt 0.954013 0.915385 
vt 0.954013 0.915385 
vt 0.954013 0.915385 
vt 0.954013 0.915385 
vt 0.954013 0.915385 
vt 0.724605 0.084155 
vt 0.724605 0.084155 
vt 0.724605 0.084155 
vt 0.724605 0.084155 
vt 0.724605 0.084155 
vt 0.724605 0.084155 
vt 0.724605 0.084155 
vt 0.724605 0.084155 
vt 0.724605 0.084155 
vt 0.724605 0.084155 
vt 0.724605 0.084155 
vt 0.724605 0.084155 
vt 0.724605 0.084155 
vt 0.724605 0.084155 
vt 0.724605 0.084155 
vt 0.724605 0.084155 
vt 0.724605 0.084155 
vt 0.724605 0.084155 
vt 0.724605 0.084155 

usemtl Handle1Mtl

f 1/1/1 2/2/2 3/3/3 
f 1/1/1 4/4/4 2/2/2 
f 4/4/4 1/1/1 5/5/5 
f 4/4/4 5/5/5 6/6/6 
f 7/7/7 8/8/8 9/9/9 
f 9/9/9 8/8/8 10/10/10 
f 7/7/7 9/9/9 11/11/11 
f 10/10/10 11/11/11 9/9/9 
f 12/12/12 8/8/8 7/7/7 
f 8/8/8 12/12/12 13/13/13 
f 8/8/8 13/13/13 10/10/10 
f 12/12/12 7/7/7 14/14/14 
f 11/11/11 15/15/15 7/7/7 
f 15/15/15 14/14/14 7/7/7 
f 16/16/16 15/15/15 11/11/11 
f 11/11/11 10/10/10 16/16/16 
f 15/15/15 16/16/16 17/17/17 
f 14/14/14 15/15/15 17/17/17 
f 16/16/16 10/10/10 18/18/18 
f 14/14/14 17/17/17 19/19/19 
f 10/10/10 20/20/20 18/18/18 
f 21/21/21 14/14/14 19/19/19 
f 10/10/10 22/22/22 20/20/20 
f 10/10/10 13/13/13 22/22/22 
f 20/20/20 23/23/23 21/21/21 
f 23/23/23 14/14/14 21/21/21 
f 23/23/23 20/20/20 22/22/22 
f 24/24/24 14/14/14 23/23/23 
f 22/22/22 24/24/24 23/23/23 
f 24/24/24 22/22/22 13/13/13 
f 14/14/14 24/24/24 12/12/12 
f 13/13/13 12/12/12 24/24/24 
f 25/25/25 26/26/26 27/27/27 
f 25/25/25 28/28/28 26/26/26 
f 29/29/29 27/27/27 26/26/26 
f 26/26/26 28/28/28 30/30/30 
f 30/30/30 29/29/29 26/26/26 
f 27/27/27 29/29/29 31/31/31 
f 29/29/29 32/32/32 31/31/31 
f 31/31/31 33/33/33 27/27/27 
f 25/25/25 27/27/27 33/33/33 
f 33/33/33 31/31/31 32/32/32 
f 32/32/32 29/29/29 34/34/34 
f 29/29/29 30/30/30 34/34/34 
f 33/33/33 32/32/32 35/35/35 
f 36/36/36 33/33/33 35/35/35 
f 34/34/34 30/30/30 37/37/37 
f 30/30/30 38/38/38 37/37/37 
f 38/38/38 39/39/39 36/36/36 
f 39/39/39 33/33/33 36/36/36 
f 30/30/30 40/40/40 38/38/38 
f 39/39/39 38/38/38 40/40/40 
f 41/41/41 33/33/33 39/39/39 
f 40/40/40 41/41/41 39/39/39 
f 33/33/33 41/41/41 25/25/25 
f 30/30/30 42/42/42 40/40/40 
f 41/41/41 40/40/40 42/42/42 
f 42/42/42 25/25/25 41/41/41 
f 28/28/28 42/42/42 30/30/30 
f 28/28/28 25/25/25 42/42/42 
f 43/43/43 44/44/44 45/45/45 
f 46/46/46 45/45/45 44/44/44 
f 46/46/46 44/44/44 47/47/47 
f 43/43/43 48/48/48 44/44/44 
f 49/49/49 46/46/46 47/47/47 
f 50/50/50 43/43/43 45/45/45 
f 46/46/46 50/50/50 45/45/45 
f 43/43/43 51/51/51 48/48/48 
f 48/48/48 51/51/51 52/52/52 
f 51/51/51 53/53/53 52/52/52 
f 54/54/54 49/49/49 53/53/53 
f 54/54/54 46/46/46 49/49/49 
f 51/51/51 55/55/55 53/53/53 
f 54/54/54 53/53/53 55/55/55 
f 56/56/56 51/51/51 43/43/43 
f 56/56/56 55/55/55 51/51/51 
f 55/55/55 57/57/57 54/54/54 
f 57/57/57 46/46/46 54/54/54 
f 57/57/57 55/55/55 58/58/58 
f 55/55/55 56/56/56 58/58/58 
f 46/46/46 57/57/57 59/59/59 
f 50/50/50 46/46/46 59/59/59 
f 43/43/43 50/50/50 60/60/60 
f 60/60/60 56/56/56 43/43/43 
f 50/50/50 61/61/61 60/60/60 
f 61/61/61 56/56/56 60/60/60 
f 59/59/59 62/62/62 50/50/50 
f 50/50/50 62/62/62 61/61/61 
f 59/59/59 57/57/57 63/63/63 
f 58/58/58 63/63/63 57/57/57 
f 62/62/62 59/59/59 64/64/64 
f 59/59/59 63/63/63 64/64/64 
f 65/65/65 61/61/61 62/62/62 
f 64/64/64 65/65/65 62/62/62 
f 56/56/56 66/66/66 58/58/58 
f 58/58/58 66/66/66 63/63/63 
f 67/67/67 64/64/64 63/63/63 
f 66/66/66 67/67/67 63/63/63 
f 65/65/65 64/64/64 68/68/68 
f 64/64/64 67/67/67 68/68/68 
f 65/65/65 68/68/68 69/69/69 
f 69/69/69 68/68/68 70/70/70 
f 68/68/68 71/71/71 70/70/70 
f 68/68/68 67/67/67 71/71/71 
f 72/72/72 71/71/71 67/67/67 
f 73/73/73 65/65/65 69/69/69 
f 61/61/61 65/65/65 73/73/73 
f 69/69/69 74/74/74 73/73/73 
f 61/61/61 75/75/75 56/56/56 
f 73/73/73 75/75/75 61/61/61 
f 66/66/66 56/56/56 75/75/75 
f 74/74/74 76/76/76 73/73/73 
f 75/75/75 73/73/73 76/76/76 
f 74/74/74 77/77/77 76/76/76 
f 72/72/72 76/76/76 77/77/77 
f 78/78/78 75/75/75 76/76/76 
f 78/78/78 76/76/76 72/72/72 
f 75/75/75 78/78/78 66/66/66 
f 67/67/67 78/78/78 72/72/72 
f 67/67/67 66/66/66 78/78/78 
f 79/79/79 80/80/80 81/81/81 
f 79/79/79 81/81/81 82/82/82 
f 80/80/80 83/83/83 81/81/81 
f 84/84/84 79/79/79 82/82/82 
f 80/80/80 85/85/85 83/83/83 
f 85/85/85 86/86/86 83/83/83 
f 87/87/87 85/85/85 80/80/80 
f 88/88/88 80/80/80 79/79/79 
f 87/87/87 80/80/80 88/88/88 
f 79/79/79 84/84/84 89/89/89 
f 90/90/90 89/89/89 84/84/84 
f 90/90/90 84/84/84 91/91/91 
f 86/86/86 90/90/90 91/91/91 
f 86/86/86 85/85/85 92/92/92 
f 90/90/90 86/86/86 92/92/92 
f 85/85/85 93/93/93 92/92/92 
f 93/93/93 85/85/85 87/87/87 
f 92/92/92 94/94/94 90/90/90 
f 93/93/93 94/94/94 92/92/92 
f 90/90/90 95/95/95 89/89/89 
f 94/94/94 95/95/95 90/90/90 
f 94/94/94 93/93/93 96/96/96 
f 95/95/95 94/94/94 96/96/96 
f 96/96/96 93/93/93 97/97/97 
f 87/87/87 97/97/97 93/93/93 
f 95/95/95 96/96/96 98/98/98 
f 97/97/97 87/87/87 99/99/99 
f 87/87/87 100/100/100 99/99/99 
f 101/101/101 95/95/95 98/98/98 
f 87/87/87 88/88/88 100/100/100 
f 102/102/102 95/95/95 101/101/101 
f 100/100/100 102/102/102 101/101/101 
f 102/102/102 100/100/100 88/88/88 
f 95/95/95 102/102/102 89/89/89 
f 79/79/79 102/102/102 88/88/88 
f 102/102/102 79/79/79 89/89/89 
f 103/103/103 104/104/104 105/105/105 
f 103/103/103 105/105/105 106/106/106 
f 106/106/106 105/105/105 107/107/107 
f 108/108/108 103/103/103 106/106/106 
f 109/109/109 107/107/107 105/105/105 
f 107/107/107 109/109/109 110/110/110 
f 108/108/108 106/106/106 111/111/111 
f 109/109/109 112/112/112 110/110/110 
f 108/108/108 113/113/113 103/103/103 
f 104/104/104 103/103/103 113/113/113 
f 111/111/111 114/114/114 108/108/108 
f 114/114/114 111/111/111 115/115/115 
f 112/112/112 114/114/114 115/115/115 
f 114/114/114 116/116/116 108/108/108 
f 113/113/113 108/108/108 116/116/116 
f 117/117/117 114/114/114 112/112/112 
f 109/109/109 117/117/117 112/112/112 
f 116/116/116 114/114/114 118/118/118 
f 118/118/118 114/114/114 117/117/117 
f 119/119/119 113/113/113 116/116/116 
f 116/116/116 118/118/118 119/119/119 
f 119/119/119 120/120/120 113/113/113 
f 121/121/121 113/113/113 120/120/120 
f 113/113/113 121/121/121 104/104/104 
f 119/119/119 118/118/118 122/122/122 
f 123/123/123 104/104/104 121/121/121 
f 118/118/118 124/124/124 122/122/122 
f 104/104/104 123/123/123 125/125/125 
f 124/124/124 125/125/125 123/123/123 
f 125/125/125 105/105/105 104/104/104 
f 105/105/105 125/125/125 109/109/109 
f 126/126/126 125/125/125 124/124/124 
f 118/118/118 126/126/126 124/124/124 
f 126/126/126 109/109/109 125/125/125 
f 117/117/117 126/126/126 118/118/118 
f 109/109/109 126/126/126 117/117/117 
f 127/127/127 128/128/128 129/129/129 
f 129/129/129 128/128/128 130/130/130 
f 127/127/127 131/131/131 128/128/128 
f 132/132/132 127/127/127 129/129/129 
f 133/133/133 128/128/128 131/131/131 
f 131/131/131 127/127/127 134/134/134 
f 128/128/128 133/133/133 135/135/135 
f 135/135/135 130/130/130 128/128/128 
f 133/133/133 131/131/131 136/136/136 
f 130/130/130 135/135/135 137/137/137 
f 138/138/138 135/135/135 133/133/133 
f 129/129/129 130/130/130 139/139/139 
f 140/140/140 135/135/135 138/138/138 
f 140/140/140 137/137/137 135/135/135 
f 141/141/141 138/138/138 133/133/133 
f 136/136/136 141/141/141 133/133/133 
f 142/142/142 140/140/140 138/138/138 
f 130/130/130 137/137/137 143/143/143 
f 139/139/139 130/130/130 143/143/143 
f 141/141/141 144/144/144 138/138/138 
f 144/144/144 142/142/142 138/138/138 
f 137/137/137 140/140/140 145/145/145 
f 144/144/144 141/141/141 146/146/146 
f 147/147/147 143/143/143 137/137/137 
f 137/137/137 145/145/145 147/147/147 
f 148/148/148 140/140/140 142/142/142 
f 148/148/148 145/145/145 140/140/140 
f 142/142/142 144/144/144 149/149/149 
f 148/148/148 142/142/142 150/150/150 
f 149/149/149 150/150/150 142/142/142 
f 151/151/151 149/149/149 144/144/144 
f 146/146/146 151/151/151 144/144/144 
f 150/150/150 149/149/149 152/152/152 
f 151/151/151 153/153/153 149/149/149 
f 153/153/153 152/152/152 149/149/149 
f 152/152/152 154/154/154 150/150/150 
f 152/152/152 153/153/153 155/155/155 
f 155/155/155 154/154/154 152/152/152 
f 156/156/156 153/153/153 151/151/151 
f 157/157/157 155/155/155 153/153/153 
f 153/153/153 156/156/156 157/157/157 
f 155/155/155 157/157/157 158/158/158 
f 158/158/158 154/154/154 155/155/155 
f 151/151/151 159/159/159 156/156/156 
f 159/159/159 151/151/151 146/146/146 
f 157/157/157 156/156/156 160/160/160 
f 156/156/156 159/159/159 161/161/161 
f 161/161/161 160/160/160 156/156/156 
f 160/160/160 162/162/162 157/157/157 
f 158/158/158 157/157/157 162/162/162 
f 160/160/160 161/161/161 163/163/163 
f 162/162/162 164/164/164 158/158/158 
f 164/164/164 154/154/154 158/158/158 
f 165/165/165 162/162/162 160/160/160 
f 163/163/163 165/165/165 160/160/160 
f 166/166/166 167/167/167 168/168/168 
f 167/167/167 166/166/166 169/169/169 
f 168/168/168 170/170/170 166/166/166 
f 171/171/171 169/169/169 166/166/166 
f 168/168/168 172/172/172 170/170/170 
f 169/169/169 171/171/171 173/173/173 
f 172/172/172 168/168/168 174/174/174 
f 175/175/175 173/173/173 171/171/171 
f 172/172/172 174/174/174 176/176/176 
f 175/175/175 177/177/177 173/173/173 
f 177/177/177 176/176/176 174/174/174 
f 177/177/177 175/175/175 176/176/176 
f 178/178/178 179/179/179 180/180/180 
f 181/181/181 178/178/178 180/180/180 
f 179/179/179 178/178/178 182/182/182 
f 182/182/182 183/183/183 179/179/179 
f 178/178/178 181/181/181 184/184/184 
f 185/185/185 182/182/182 178/178/178 
f 186/186/186 184/184/184 181/181/181 
f 184/184/184 187/187/187 178/178/178 
f 186/186/186 188/188/188 184/184/184 
f 187/187/187 184/184/184 189/189/189 
f 188/188/188 189/189/189 184/184/184 
f 190/190/190 188/188/188 186/186/186 
f 189/189/189 191/191/191 187/187/187 
f 190/190/190 192/192/192 188/188/188 
f 193/193/193 192/192/192 190/190/190 
f 189/189/189 188/188/188 194/194/194 
f 192/192/192 194/194/194 188/188/188 
f 192/192/192 193/193/193 195/195/195 
f 196/196/196 195/195/195 193/193/193 
f 194/194/194 192/192/192 197/197/197 
f 195/195/195 197/197/197 192/192/192 
f 194/194/194 198/198/198 189/189/189 
f 191/191/191 189/189/189 198/198/198 
f 195/195/195 196/196/196 199/199/199 
f 200/200/200 199/199/199 196/196/196 
f 199/199/199 201/201/201 195/195/195 
f 197/197/197 195/195/195 201/201/201 
f 199/199/199 200/200/200 202/202/202 
f 197/197/197 203/203/203 194/194/194 
f 198/198/198 194/194/194 203/203/203 
f 201/201/201 199/199/199 204/204/204 
f 202/202/202 204/204/204 199/199/199 
f 200/200/200 205/205/205 202/202/202 
f 205/205/205 200/200/200 206/206/206 
f 204/204/204 202/202/202 207/207/207 
f 208/208/208 202/202/202 205/205/205 
f 202/202/202 208/208/208 207/207/207 
f 206/206/206 209/209/209 205/205/205 
f 209/209/209 206/206/206 210/210/210 
f 205/205/205 211/211/211 208/208/208 
f 211/211/211 205/205/205 209/209/209 
f 212/212/212 207/207/207 208/208/208 
f 212/212/212 204/204/204 207/207/207 
f 213/213/213 208/208/208 211/211/211 
f 208/208/208 213/213/213 212/212/212 
f 209/209/209 214/214/214 211/211/211 
f 210/210/210 215/215/215 209/209/209 
f 214/214/214 209/209/209 215/215/215 
f 215/215/215 210/210/210 216/216/216 
f 217/217/217 211/211/211 214/214/214 
f 211/211/211 217/217/217 213/213/213 
f 214/214/214 218/218/218 217/217/217 
f 216/216/216 219/219/219 215/215/215 
f 219/219/219 216/216/216 183/183/183 
f 183/183/183 182/182/182 219/219/219 
f 220/220/220 215/215/215 219/219/219 
f 215/215/215 220/220/220 221/221/221 
f 222/222/222 219/219/219 182/182/182 
f 219/219/219 222/222/222 220/220/220 
f 182/182/182 185/185/185 222/222/222 
f 191/191/191 222/222/222 185/185/185 
f 223/223/223 220/220/220 222/222/222 
f 222/222/222 191/191/191 223/223/223 
f 224/224/224 221/221/221 220/220/220 
f 220/220/220 223/223/223 224/224/224 
f 221/221/221 224/224/224 218/218/218 
f 225/225/225 223/223/223 191/191/191 
f 198/198/198 225/225/225 191/191/191 
f 226/226/226 224/224/224 223/223/223 
f 226/226/226 223/223/223 225/225/225 
f 227/227/227 218/218/218 224/224/224 
f 227/227/227 224/224/224 226/226/226 
f 228/228/228 218/218/218 227/227/227 
f 228/228/228 217/217/217 218/218/218 
f 229/229/229 227/227/227 226/226/226 
f 230/230/230 217/217/217 228/228/228 
f 230/230/230 213/213/213 217/217/217 
f 227/227/227 231/231/231 228/228/228 
f 227/227/227 229/229/229 231/231/231 
f 232/232/232 230/230/230 228/228/228 
f 228/228/228 231/231/231 232/232/232 
f 233/233/233 213/213/213 230/230/230 
f 226/226/226 234/234/234 229/229/229 
f 225/225/225 234/234/234 226/226/226 
f 230/230/230 232/232/232 235/235/235 
f 235/235/235 233/233/233 230/230/230 
f 233/233/233 212/212/212 213/213/213 
f 236/236/236 212/212/212 233/233/233 
f 233/233/233 235/235/235 237/237/237 
f 233/233/233 237/237/237 236/236/236 
f 212/212/212 236/236/236 238/238/238 
f 237/237/237 238/238/238 236/236/236 
f 212/212/212 238/238/238 239/239/239 
f 204/204/204 212/212/212 239/239/239 
f 239/239/239 201/201/201 204/204/204 
f 201/201/201 239/239/239 240/240/240 
f 240/240/240 197/197/197 201/201/201 
f 239/239/239 238/238/238 241/241/241 
f 239/239/239 241/241/241 240/240/240 
f 238/238/238 237/237/237 242/242/242 
f 242/242/242 241/241/241 238/238/238 
f 243/243/243 242/242/242 237/237/237 
f 235/235/235 243/243/243 237/237/237 
f 197/197/197 240/240/240 244/244/244 
f 203/203/203 197/197/197 244/244/244 
f 245/245/245 240/240/240 241/241/241 
f 240/240/240 245/245/245 244/244/244 
f 241/241/241 242/242/242 246/246/246 
f 246/246/246 245/245/245 241/241/241 
f 247/247/247 242/242/242 243/243/243 
f 247/247/247 246/246/246 242/242/242 
f 244/244/244 248/248/248 203/203/203 
f 244/244/244 245/245/245 248/248/248 
f 203/203/203 248/248/248 249/249/249 
f 203/203/203 249/249/249 198/198/198 
f 198/198/198 249/249/249 225/225/225 
f 245/245/245 246/246/246 250/250/250 
f 250/250/250 248/248/248 245/245/245 
f 251/251/251 246/246/246 247/247/247 
f 251/251/251 250/250/250 246/246/246 
f 252/252/252 249/249/249 248/248/248 
f 248/248/248 250/250/250 252/252/252 
f 253/253/253 225/225/225 249/249/249 
f 249/249/249 252/252/252 253/253/253 
f 225/225/225 253/253/253 254/254/254 
f 225/225/225 254/254/254 234/234/234 
f 255/255/255 250/250/250 251/251/251 
f 255/255/255 252/252/252 250/250/250 
f 256/256/256 253/253/253 252/252/252 
f 256/256/256 252/252/252 255/255/255 
f 257/257/257 254/254/254 253/253/253 
f 257/257/257 253/253/253 256/256/256 
f 254/254/254 258/258/258 234/234/234 
f 259/259/259 254/254/254 257/257/257 
f 258/258/258 254/254/254 259/259/259 
f 234/234/234 258/258/258 260/260/260 
f 234/234/234 260/260/260 229/229/229 
f 229/229/229 260/260/260 261/261/261 
f 229/229/229 261/261/261 231/231/231 
f 258/258/258 262/262/262 260/260/260 
f 259/259/259 263/263/263 258/258/258 
f 262/262/262 258/258/258 263/263/263 
f 231/231/231 261/261/261 264/264/264 
f 231/231/231 264/264/264 232/232/232 
f 260/260/260 265/265/265 261/261/261 
f 265/265/265 260/260/260 262/262/262 
f 266/266/266 264/264/264 261/261/261 
f 261/261/261 265/265/265 266/266/266 
f 232/232/232 264/264/264 267/267/267 
f 232/232/232 267/267/267 235/235/235 
f 243/243/243 235/235/235 267/267/267 
f 264/264/264 268/268/268 267/267/267 
f 268/268/268 264/264/264 266/266/266 
f 267/267/267 269/269/269 243/243/243 
f 269/269/269 267/267/267 268/268/268 
f 269/269/269 247/247/247 243/243/243 
f 270/270/270 247/247/247 269/269/269 
f 270/270/270 251/251/251 247/247/247 
f 268/268/268 271/271/271 269/269/269 
f 269/269/269 271/271/271 270/270/270 
f 266/266/266 272/272/272 268/268/268 
f 271/271/271 268/268/268 272/272/272 
f 272/272/272 266/266/266 273/273/273 
f 273/273/273 266/266/266 265/265/265 
f 274/274/274 251/251/251 270/270/270 
f 251/251/251 274/274/274 255/255/255 
f 275/275/275 270/270/270 271/271/271 
f 270/270/270 275/275/275 274/274/274 
f 272/272/272 276/276/276 271/271/271 
f 271/271/271 276/276/276 275/275/275 
f 273/273/273 277/277/277 272/272/272 
f 276/276/276 272/272/272 277/277/277 
f 255/255/255 274/274/274 278/278/278 
f 278/278/278 256/256/256 255/255/255 
f 279/279/279 274/274/274 275/275/275 
f 274/274/274 279/279/279 278/278/278 
f 280/280/280 275/275/275 276/276/276 
f 275/275/275 280/280/280 279/279/279 
f 281/281/281 276/276/276 277/277/277 
f 276/276/276 281/281/281 280/280/280 
f 282/282/282 256/256/256 278/278/278 
f 282/282/282 257/257/257 256/256/256 
f 278/278/278 279/279/279 283/283/283 
f 278/278/278 283/283/283 282/282/282 
f 284/284/284 279/279/279 280/280/280 
f 279/279/279 284/284/284 283/283/283 
f 285/285/285 280/280/280 281/281/281 
f 280/280/280 285/285/285 284/284/284 
f 286/286/286 257/257/257 282/282/282 
f 286/286/286 259/259/259 257/257/257 
f 287/287/287 282/282/282 283/283/283 
f 286/286/286 282/282/282 287/287/287 
f 283/283/283 284/284/284 288/288/288 
f 283/283/283 288/288/288 287/287/287 
f 289/289/289 284/284/284 285/285/285 
f 289/289/289 288/288/288 284/284/284 
f 285/285/285 290/290/290 289/289/289 
f 281/281/281 290/290/290 285/285/285 
f 288/288/288 289/289/289 291/291/291 
f 289/289/289 290/290/290 291/291/291 
f 292/292/292 287/287/287 288/288/288 
f 288/288/288 291/291/291 292/292/292 
f 293/293/293 154/154/154 294/294/294 
f 294/294/294 295/295/295 293/293/293 
f 296/296/296 154/154/154 293/293/293 
f 150/150/150 154/154/154 296/296/296 
f 296/296/296 148/148/148 150/150/150 
f 293/293/293 297/297/297 296/296/296 
f 297/297/297 148/148/148 296/296/296 
f 297/297/297 293/293/293 295/295/295 
f 297/297/297 145/145/145 148/148/148 
f 295/295/295 298/298/298 297/297/297 
f 145/145/145 297/297/297 298/298/298 
f 298/298/298 295/295/295 299/299/299 
f 298/298/298 147/147/147 145/145/145 
f 300/300/300 298/298/298 299/299/299 
f 147/147/147 298/298/298 300/300/300 
f 299/299/299 301/301/301 300/300/300 
f 302/302/302 147/147/147 300/300/300 
f 147/147/147 302/302/302 143/143/143 
f 303/303/303 300/300/300 301/301/301 
f 300/300/300 303/303/303 302/302/302 
f 301/301/301 304/304/304 303/303/303 
f 304/304/304 301/301/301 305/305/305 
f 304/304/304 305/305/305 163/163/163 
f 306/306/306 143/143/143 302/302/302 
f 139/139/139 143/143/143 306/306/306 
f 307/307/307 302/302/302 303/303/303 
f 306/306/306 302/302/302 307/307/307 
f 308/308/308 303/303/303 304/304/304 
f 303/303/303 308/308/308 307/307/307 
f 163/163/163 309/309/309 304/304/304 
f 308/308/308 304/304/304 309/309/309 
f 309/309/309 163/163/163 161/161/161 
f 161/161/161 310/310/310 309/309/309 
f 310/310/310 161/161/161 159/159/159 
f 309/309/309 311/311/311 308/308/308 
f 311/311/311 309/309/309 310/310/310 
f 312/312/312 307/307/307 308/308/308 
f 312/312/312 308/308/308 311/311/311 
f 159/159/159 313/313/313 310/310/310 
f 146/146/146 313/313/313 159/159/159 
f 310/310/310 314/314/314 311/311/311 
f 314/314/314 310/310/310 313/313/313 
f 146/146/146 315/315/315 313/313/313 
f 315/315/315 146/146/146 141/141/141 
f 141/141/141 136/136/136 315/315/315 
f 316/316/316 313/313/313 315/315/315 
f 313/313/313 316/316/316 314/314/314 
f 317/317/317 315/315/315 136/136/136 
f 315/315/315 317/317/317 316/316/316 
f 136/136/136 318/318/318 317/317/317 
f 318/318/318 136/136/136 131/131/131 
f 131/131/131 134/134/134 318/318/318 
f 319/319/319 317/317/317 318/318/318 
f 320/320/320 316/316/316 317/317/317 
f 317/317/317 319/319/319 320/320/320 
f 316/316/316 320/320/320 321/321/321 
f 321/321/321 314/314/314 316/316/316 
f 322/322/322 318/318/318 134/134/134 
f 318/318/318 322/322/322 319/319/319 
f 134/134/134 323/323/323 322/322/322 
f 323/323/323 134/134/134 324/324/324 
f 324/324/324 134/134/134 127/127/127 
f 323/323/323 325/325/325 322/322/322 
f 324/324/324 325/325/325 323/323/323 
f 326/326/326 319/319/319 322/322/322 
f 322/322/322 325/325/325 326/326/326 
f 324/324/324 127/127/127 132/132/132 
f 319/319/319 326/326/326 327/327/327 
f 327/327/327 320/320/320 319/319/319 
f 132/132/132 328/328/328 324/324/324 
f 325/325/325 324/324/324 328/328/328 
f 320/320/320 327/327/327 329/329/329 
f 320/320/320 329/329/329 321/321/321 
f 327/327/327 330/330/330 329/329/329 
f 321/321/321 329/329/329 331/331/331 
f 330/330/330 331/331/331 329/329/329 
f 331/331/331 332/332/332 321/321/321 
f 314/314/314 321/321/321 332/332/332 
f 332/332/332 311/311/311 314/314/314 
f 311/311/311 332/332/332 312/312/312 
f 332/332/332 331/331/331 333/333/333 
f 332/332/332 333/333/333 312/312/312 
f 334/334/334 333/333/333 331/331/331 
f 331/331/331 330/330/330 334/334/334 
f 312/312/312 333/333/333 335/335/335 
f 333/333/333 334/334/334 336/336/336 
f 336/336/336 335/335/335 333/333/333 
f 330/330/330 337/337/337 334/334/334 
f 334/334/334 338/338/338 336/336/336 
f 338/338/338 334/334/334 337/337/337 
f 337/337/337 339/339/339 338/338/338 
f 339/339/339 340/340/340 338/338/338 
f 341/341/341 339/339/339 337/337/337 
f 338/338/338 340/340/340 342/342/342 
f 338/338/338 342/342/342 336/336/336 
f 340/340/340 343/343/343 342/342/342 
f 344/344/344 341/341/341 337/337/337 
f 344/344/344 337/337/337 330/330/330 
f 345/345/345 341/341/341 344/344/344 
f 342/342/342 346/346/346 336/336/336 
f 335/335/335 336/336/336 346/346/346 
f 343/343/343 347/347/347 342/342/342 
f 346/346/346 342/342/342 347/347/347 
f 347/347/347 343/343/343 348/348/348 
f 349/349/349 347/347/347 348/348/348 
f 347/347/347 349/349/349 350/350/350 
f 350/350/350 346/346/346 347/347/347 
f 351/351/351 350/350/350 349/349/349 
f 352/352/352 335/335/335 346/346/346 
f 346/346/346 350/350/350 352/352/352 
f 350/350/350 351/351/351 353/353/353 
f 353/353/353 352/352/352 350/350/350 
f 354/354/354 353/353/353 351/351/351 
f 335/335/335 352/352/352 355/355/355 
f 312/312/312 335/335/335 355/355/355 
f 352/352/352 353/353/353 356/356/356 
f 356/356/356 355/355/355 352/352/352 
f 353/353/353 354/354/354 357/357/357 
f 357/357/357 356/356/356 353/353/353 
f 358/358/358 357/357/357 354/354/354 
f 356/356/356 357/357/357 359/359/359 
f 357/357/357 358/358/358 360/360/360 
f 360/360/360 359/359/359 357/357/357 
f 361/361/361 360/360/360 358/358/358 
f 312/312/312 355/355/355 362/362/362 
f 362/362/362 307/307/307 312/312/312 
f 362/362/362 306/306/306 307/307/307 
f 355/355/355 356/356/356 363/363/363 
f 362/362/362 355/355/355 363/363/363 
f 359/359/359 363/363/363 356/356/356 
f 364/364/364 306/306/306 362/362/362 
f 362/362/362 363/363/363 364/364/364 
f 364/364/364 139/139/139 306/306/306 
f 363/363/363 359/359/359 365/365/365 
f 364/364/364 363/363/363 365/365/365 
f 366/366/366 139/139/139 364/364/364 
f 364/364/364 365/365/365 366/366/366 
f 366/366/366 129/129/129 139/139/139 
f 132/132/132 129/129/129 366/366/366 
f 366/366/366 365/365/365 367/367/367 
f 366/366/366 367/367/367 132/132/132 
f 365/365/365 359/359/359 367/367/367 
f 132/132/132 367/367/367 328/328/328 
f 368/368/368 367/367/367 359/359/359 
f 367/367/367 368/368/368 328/328/328 
f 359/359/359 360/360/360 368/368/368 
f 369/369/369 328/328/328 368/368/368 
f 370/370/370 368/368/368 360/360/360 
f 368/368/368 370/370/370 369/369/369 
f 360/360/360 361/361/361 370/370/370 
f 328/328/328 369/369/369 325/325/325 
f 371/371/371 370/370/370 361/361/361 
f 372/372/372 325/325/325 369/369/369 
f 373/373/373 369/369/369 370/370/370 
f 369/369/369 373/373/373 372/372/372 
f 370/370/370 371/371/371 373/373/373 
f 325/325/325 372/372/372 374/374/374 
f 372/372/372 373/373/373 374/374/374 
f 325/325/325 374/374/374 326/326/326 
f 373/373/373 371/371/371 375/375/375 
f 373/373/373 375/375/375 374/374/374 
f 371/371/371 345/345/345 375/375/375 
f 375/375/375 345/345/345 344/344/344 
f 374/374/374 375/375/375 376/376/376 
f 326/326/326 374/374/374 376/376/376 
f 375/375/375 344/344/344 376/376/376 
f 326/326/326 376/376/376 327/327/327 
f 376/376/376 344/344/344 330/330/330 
f 327/327/327 376/376/376 330/330/330 
f 377/377/377 378/378/378 379/379/379 
f 379/379/379 378/378/378 380/380/380 
f 379/379/379 381/381/381 377/377/377 
f 382/382/382 379/379/379 380/380/380 
f 381/381/381 379/379/379 383/383/383 
f 379/379/379 382/382/382 384/384/384 
f 383/383/383 379/379/379 385/385/385 
f 385/385/385 379/379/379 384/384/384 
f 386/386/386 387/387/387 388/388/388 
f 388/388/388 387/387/387 389/389/389 
f 388/388/388 390/390/390 386/386/386 
f 391/391/391 388/388/388 389/389/389 
f 390/390/390 388/388/388 392/392/392 
f 388/388/388 391/391/391 393/393/393 
f 392/392/392 388/388/388 394/394/394 
f 394/394/394 388/388/388 393/393/393 
f 395/395/395 396/396/396 397/397/397 
f 398/398/398 397/397/397 396/396/396 
f 397/397/397 399/399/399 395/395/395 
f 396/396/396 395/395/395 400/400/400 
f 397/397/397 398/398/398 401/401/401 
f 396/396/396 402/402/402 398/398/398 
f 399/399/399 397/397/397 403/403/403 
f 403/403/403 397/397/397 401/401/401 
f 404/404/404 395/395/395 399/399/399 
f 405/405/405 399/399/399 403/403/403 
f 404/404/404 406/406/406 395/395/395 
f 406/406/406 400/400/400 395/395/395 
f 407/407/407 404/404/404 399/399/399 
f 399/399/399 405/405/405 407/407/407 
f 408/408/408 406/406/406 404/404/404 
f 409/409/409 404/404/404 407/407/407 
f 409/409/409 408/408/408 404/404/404 
f 410/410/410 407/407/407 405/405/405 
f 411/411/411 409/409/409 407/407/407 
f 407/407/407 410/410/410 411/411/411 
f 412/412/412 409/409/409 411/411/411 
f 408/408/408 409/409/409 413/413/413 
f 412/412/412 413/413/413 409/409/409 
f 414/414/414 412/412/412 411/411/411 
f 410/410/410 414/414/414 411/411/411 
f 413/413/413 412/412/412 415/415/415 
f 414/414/414 410/410/410 416/416/416 
f 417/417/417 412/412/412 414/414/414 
f 417/417/417 415/415/415 412/412/412 
f 414/414/414 416/416/416 418/418/418 
f 417/417/417 414/414/414 418/418/418 
f 415/415/415 417/417/417 419/419/419 
f 419/419/419 417/417/417 418/418/418 
f 415/415/415 419/419/419 420/420/420 
f 420/420/420 419/419/419 418/418/418 
f 413/413/413 415/415/415 421/421/421 
f 420/420/420 421/421/421 415/415/415 
f 421/421/421 422/422/422 413/413/413 
f 408/408/408 413/413/413 422/422/422 
f 421/421/421 420/420/420 423/423/423 
f 423/423/423 420/420/420 418/418/418 
f 424/424/424 425/425/425 426/426/426 
f 425/425/425 424/424/424 427/427/427 
f 424/424/424 428/428/428 427/427/427 
f 425/425/425 427/427/427 429/429/429 
f 430/430/430 425/425/425 429/429/429 
f 428/428/428 424/424/424 431/431/431 
f 426/426/426 431/431/431 424/424/424 
f 431/431/431 432/432/432 428/428/428 
f 428/428/428 432/432/432 433/433/433 
f 432/432/432 434/434/434 433/433/433 
f 435/435/435 425/425/425 430/430/430 
f 430/430/430 434/434/434 435/435/435 
f 436/436/436 425/425/425 435/435/435 
f 437/437/437 435/435/435 434/434/434 
f 435/435/435 437/437/437 436/436/436 
f 432/432/432 437/437/437 434/434/434 
f 425/425/425 436/436/436 438/438/438 
f 438/438/438 426/426/426 425/425/425 
f 439/439/439 436/436/436 437/437/437 
f 437/437/437 432/432/432 439/439/439 
f 436/436/436 440/440/440 438/438/438 
f 440/440/440 426/426/426 438/438/438 
f 431/431/431 426/426/426 441/441/441 
f 432/432/432 431/431/431 441/441/441 
f 442/442/442 439/439/439 432/432/432 
f 441/441/441 442/442/442 432/432/432 
f 439/439/439 443/443/443 436/436/436 
f 443/443/443 440/440/440 436/436/436 
f 444/444/444 439/439/439 442/442/442 
f 441/441/441 444/444/444 442/442/442 
f 443/443/443 439/439/439 445/445/445 
f 444/444/444 445/445/445 439/439/439 
f 445/445/445 446/446/446 443/443/443 
f 446/446/446 440/440/440 443/443/443 
f 445/445/445 444/444/444 447/447/447 
f 446/446/446 445/445/445 448/448/448 
f 447/447/447 448/448/448 445/445/445 
f 449/449/449 444/444/444 441/441/441 
f 444/444/444 449/449/449 447/447/447 
f 441/441/441 450/450/450 449/449/449 
f 450/450/450 441/441/441 426/426/426 
f 440/440/440 450/450/450 426/426/426 
f 451/451/451 449/449/449 450/450/450 
f 440/440/440 451/451/451 450/450/450 
f 449/449/449 451/451/451 452/452/452 
f 452/452/452 447/447/447 449/449/449 
f 451/451/451 440/440/440 453/453/453 
f 440/440/440 446/446/446 453/453/453 
f 454/454/454 452/452/452 451/451/451 
f 451/451/451 453/453/453 454/454/454 
f 447/447/447 452/452/452 455/455/455 
f 452/452/452 454/454/454 455/455/455 
f 453/453/453 446/446/446 456/456/456 
f 448/448/448 456/456/456 446/446/446 
f 454/454/454 453/453/453 457/457/457 
f 456/456/456 457/457/457 453/453/453 
f 456/456/456 448/448/448 458/458/458 
f 448/448/448 447/447/447 458/458/458 
f 447/447/447 455/455/455 459/459/459 
f 458/458/458 447/447/447 459/459/459 
f 454/454/454 460/460/460 455/455/455 
f 459/459/459 455/455/455 460/460/460 
f 458/458/458 459/459/459 461/461/461 
f 456/456/456 458/458/458 461/461/461 
f 459/459/459 460/460/460 462/462/462 
f 461/461/461 459/459/459 462/462/462 
f 460/460/460 463/463/463 462/462/462 
f 463/463/463 461/461/461 462/462/462 
f 460/460/460 454/454/454 464/464/464 
f 454/454/454 457/457/457 464/464/464 
f 464/464/464 465/465/465 460/460/460 
f 463/463/463 460/460/460 465/465/465 
f 465/465/465 464/464/464 466/466/466 
f 461/461/461 463/463/463 467/467/467 
f 465/465/465 468/468/468 463/463/463 
f 468/468/468 465/465/465 466/466/466 
f 464/464/464 469/469/469 466/466/466 
f 468/468/468 466/466/466 469/469/469 
f 464/464/464 457/457/457 469/469/469 
f 463/463/463 468/468/468 470/470/470 
f 463/463/463 470/470/470 467/467/467 
f 470/470/470 468/468/468 469/469/469 
f 467/467/467 471/471/471 461/461/461 
f 471/471/471 467/467/467 470/470/470 
f 469/469/469 471/471/471 470/470/470 
f 457/457/457 471/471/471 469/469/469 
f 456/456/456 461/461/461 471/471/471 
f 457/457/457 456/456/456 471/471/471 
f 472/472/472 473/473/473 474/474/474 
f 473/473/473 472/472/472 475/475/475 
f 473/473/473 476/476/476 474/474/474 
f 475/475/475 476/476/476 473/473/473 
f 477/477/477 474/474/474 476/476/476 
f 477/477/477 478/478/478 474/474/474 
f 478/478/478 479/479/479 474/474/474 
f 474/474/474 479/479/479 472/472/472 
f 478/478/478 477/477/477 480/480/480 
f 479/479/479 478/478/478 481/481/481 
f 480/480/480 481/481/481 478/478/478 
f 482/482/482 472/472/472 479/479/479 
f 483/483/483 472/472/472 482/482/482 
f 484/484/484 479/479/479 481/481/481 
f 479/479/479 484/484/484 485/485/485 
f 481/481/481 480/480/480 486/486/486 
f 484/484/484 481/481/481 486/486/486 
f 484/484/484 487/487/487 485/485/485 
f 484/484/484 486/486/486 488/488/488 
f 487/487/487 484/484/484 488/488/488 
f 480/480/480 489/489/489 486/486/486 
f 488/488/488 486/486/486 489/489/489 
f 489/489/489 487/487/487 488/488/488 
f 477/477/477 489/489/489 480/480/480 
f 477/477/477 490/490/490 489/489/489 
f 490/490/490 487/487/487 489/489/489 
f 476/476/476 490/490/490 477/477/477 
f 491/491/491 482/482/482 487/487/487 
f 482/482/482 491/491/491 483/483/483 
f 490/490/490 491/491/491 487/487/487 
f 491/491/491 492/492/492 483/483/483 
f 492/492/492 472/472/472 483/483/483 
f 490/490/490 493/493/493 491/491/491 
f 492/492/492 491/491/491 493/493/493 
f 494/494/494 493/493/493 490/490/490 
f 490/490/490 476/476/476 495/495/495 
f 495/495/495 494/494/494 490/490/490 
f 476/476/476 475/475/475 495/495/495 
f 496/496/496 493/493/493 494/494/494 
f 495/495/495 496/496/496 494/494/494 
f 472/472/472 492/492/492 497/497/497 
f 497/497/497 475/475/475 472/472/472 
f 498/498/498 492/492/492 493/493/493 
f 496/496/496 498/498/498 493/493/493 
f 492/492/492 499/499/499 497/497/497 
f 499/499/499 475/475/475 497/497/497 
f 492/492/492 498/498/498 500/500/500 
f 500/500/500 499/499/499 492/492/492 
f 501/501/501 500/500/500 498/498/498 
f 496/496/496 501/501/501 498/498/498 
f 500/500/500 501/501/501 502/502/502 
f 502/502/502 499/499/499 500/500/500 
f 503/503/503 501/501/501 496/496/496 
f 504/504/504 502/502/502 501/501/501 
f 501/501/501 503/503/503 504/504/504 
f 505/505/505 496/496/496 495/495/495 
f 475/475/475 505/505/505 495/495/495 
f 506/506/506 503/503/503 496/496/496 
f 496/496/496 505/505/505 506/506/506 
f 505/505/505 475/475/475 507/507/507 
f 507/507/507 506/506/506 505/505/505 
f 499/499/499 507/507/507 475/475/475 
f 506/506/506 507/507/507 508/508/508 
f 499/499/499 508/508/508 507/507/507 
f 503/503/503 506/506/506 509/509/509 
f 508/508/508 509/509/509 506/506/506 
f 508/508/508 499/499/499 510/510/510 
f 499/499/499 502/502/502 510/510/510 
f 509/509/509 508/508/508 511/511/511 
f 508/508/508 510/510/510 511/511/511 
f 503/503/503 509/509/509 512/512/512 
f 504/504/504 503/503/503 512/512/512 
f 511/511/511 513/513/513 509/509/509 
f 512/512/512 509/509/509 513/513/513 
f 510/510/510 502/502/502 514/514/514 
f 502/502/502 504/504/504 514/514/514 
f 511/511/511 510/510/510 515/515/515 
f 510/510/510 514/514/514 515/515/515 
f 511/511/511 515/515/515 516/516/516 
f 513/513/513 511/511/511 516/516/516 
f 516/516/516 515/515/515 517/517/517 
f 504/504/504 512/512/512 518/518/518 
f 518/518/518 514/514/514 504/504/504 
f 515/515/515 514/514/514 519/519/519 
f 515/515/515 519/519/519 517/517/517 
f 514/514/514 518/518/518 519/519/519 
f 520/520/520 516/516/516 517/517/517 
f 517/517/517 519/519/519 520/520/520 
f 516/516/516 520/520/520 521/521/521 
f 521/521/521 513/513/513 516/516/516 
f 520/520/520 519/519/519 522/522/522 
f 518/518/518 522/522/522 519/519/519 
f 521/521/521 523/523/523 513/513/513 
f 522/522/522 518/518/518 524/524/524 
f 525/525/525 513/513/513 523/523/523 
f 518/518/518 526/526/526 524/524/524 
f 513/513/513 525/525/525 527/527/527 
f 527/527/527 525/525/525 526/526/526 
f 526/526/526 518/518/518 527/527/527 
f 512/512/512 513/513/513 527/527/527 
f 518/518/518 512/512/512 527/527/527 
f 528/528/528 529/529/529 530/530/530 
f 529/529/529 528/528/528 531/531/531 
f 531/531/531 532/532/532 529/529/529 
f 531/531/531 528/528/528 533/533/533 
f 532/532/532 531/531/531 534/534/534 
f 533/533/533 534/534/534 531/531/531 
f 534/534/534 535/535/535 532/532/532 
f 534/534/534 533/533/533 536/536/536 
f 535/535/535 534/534/534 536/536/536 
f 536/536/536 533/533/533 537/537/537 
f 535/535/535 536/536/536 538/538/538 
f 538/538/538 536/536/536 537/537/537 
f 539/539/539 532/532/532 535/535/535 
f 540/540/540 529/529/529 532/532/532 
f 532/532/532 539/539/539 540/540/540 
f 529/529/529 540/540/540 541/541/541 
f 530/530/530 529/529/529 541/541/541 
f 541/541/541 542/542/542 530/530/530 
f 543/543/543 535/535/535 538/538/538 
f 541/541/541 544/544/544 542/542/542 
f 545/545/545 535/535/535 543/543/543 
f 545/545/545 539/539/539 535/535/535 
f 543/543/543 538/538/538 546/546/546 
f 547/547/547 545/545/545 543/543/543 
f 546/546/546 547/547/547 543/543/543 
f 546/546/546 538/538/538 548/548/548 
f 538/538/538 537/537/537 548/548/548 
f 546/546/546 548/548/548 549/549/549 
f 548/548/548 537/537/537 549/549/549 
f 549/549/549 550/550/550 546/546/546 
f 551/551/551 549/549/549 537/537/537 
f 550/550/550 552/552/552 546/546/546 
f 546/546/546 552/552/552 547/547/547 
f 552/552/552 550/550/550 553/553/553 
f 554/554/554 551/551/551 537/537/537 
f 555/555/555 551/551/551 554/554/554 
f 554/554/554 537/537/537 533/533/533 
f 554/554/554 556/556/556 555/555/555 
f 553/553/553 557/557/557 552/552/552 
f 554/554/554 557/557/557 556/556/556 
f 557/557/557 553/553/553 558/558/558 
f 557/557/557 558/558/558 556/556/556 
f 554/554/554 559/559/559 557/557/557 
f 533/533/533 559/559/559 554/554/554 
f 559/559/559 552/552/552 557/557/557 
f 559/559/559 547/547/547 552/552/552 
f 533/533/533 528/528/528 559/559/559 
f 528/528/528 547/547/547 559/559/559 
f 528/528/528 560/560/560 547/547/547 
f 545/545/545 547/547/547 560/560/560 
f 528/528/528 561/561/561 560/560/560 
f 560/560/560 562/562/562 545/545/545 
f 562/562/562 560/560/560 561/561/561 
f 561/561/561 528/528/528 530/530/530 
f 539/539/539 545/545/545 562/562/562 
f 561/561/561 563/563/563 562/562/562 
f 539/539/539 562/562/562 563/563/563 
f 561/561/561 530/530/530 564/564/564 
f 563/563/563 561/561/561 564/564/564 
f 564/564/564 530/530/530 542/542/542 
f 564/564/564 542/542/542 544/544/544 
f 539/539/539 563/563/563 565/565/565 
f 540/540/540 539/539/539 565/565/565 
f 566/566/566 563/563/563 564/564/564 
f 544/544/544 566/566/566 564/564/564 
f 563/563/563 566/566/566 567/567/567 
f 565/565/565 563/563/563 568/568/568 
f 567/567/567 568/568/568 563/563/563 
f 568/568/568 540/540/540 565/565/565 
f 566/566/566 569/569/569 567/567/567 
f 568/568/568 567/567/567 569/569/569 
f 540/540/540 568/568/568 570/570/570 
f 571/571/571 540/540/540 570/570/570 
f 540/540/540 571/571/571 541/541/541 
f 544/544/544 541/541/541 571/571/571 
f 571/571/571 570/570/570 572/572/572 
f 570/570/570 568/568/568 572/572/572 
f 544/544/544 571/571/571 573/573/573 
f 571/571/571 572/572/572 573/573/573 
f 572/572/572 568/568/568 574/574/574 
f 568/568/568 569/569/569 574/574/574 
f 573/573/573 575/575/575 572/572/572 
f 574/574/574 572/572/572 576/576/576 
f 575/575/575 576/576/576 572/572/572 
f 576/576/576 569/569/569 574/574/574 
f 575/575/575 573/573/573 577/577/577 
f 577/577/577 576/576/576 575/575/575 
f 544/544/544 573/573/573 578/578/578 
f 573/573/573 578/578/578 577/577/577 
f 579/579/579 544/544/544 578/578/578 
f 566/566/566 544/544/544 579/579/579 
f 569/569/569 566/566/566 579/579/579 
f 578/578/578 579/579/579 580/580/580 
f 581/581/581 579/579/579 569/569/569 
f 569/569/569 576/576/576 581/581/581 
f 579/579/579 581/581/581 580/580/580 
f 576/576/576 577/577/577 582/582/582 
f 577/577/577 578/578/578 582/582/582 
f 582/582/582 581/581/581 576/576/576 
f 580/580/580 582/582/582 578/578/578 
f 581/581/581 582/582/582 580/580/580 
f 583/583/583 584/584/584 585/585/585 
f 583/583/583 585/585/585 586/586/586 
f 587/587/587 584/584/584 583/583/583 
f 588/588/588 583/583/583 586/586/586 
f 588/588/588 587/587/587 583/583/583 
f 585/585/585 589/589/589 586/586/586 
f 588/588/588 586/586/586 589/589/589 
f 590/590/590 589/589/589 585/585/585 
f 584/584/584 591/591/591 585/585/585 
f 585/585/585 591/591/591 590/590/590 
f 584/584/584 587/587/587 592/592/592 
f 592/592/592 591/591/591 584/584/584 
f 593/593/593 592/592/592 587/587/587 
f 593/593/593 594/594/594 592/592/592 
f 595/595/595 593/593/593 587/587/587 
f 595/595/595 587/587/587 588/588/588 
f 593/593/593 595/595/595 596/596/596 
f 595/595/595 597/597/597 596/596/596 
f 598/598/598 592/592/592 594/594/594 
f 591/591/591 592/592/592 598/598/598 
f 598/598/598 594/594/594 599/599/599 
f 600/600/600 598/598/598 599/599/599 
f 598/598/598 600/600/600 601/601/601 
f 597/597/597 601/601/601 600/600/600 
f 591/591/591 598/598/598 601/601/601 
f 595/595/595 602/602/602 597/597/597 
f 601/601/601 597/597/597 602/602/602 
f 602/602/602 595/595/595 588/588/588 
f 603/603/603 591/591/591 601/601/601 
f 602/602/602 603/603/603 601/601/601 
f 591/591/591 603/603/603 604/604/604 
f 591/591/591 604/604/604 590/590/590 
f 605/605/605 603/603/603 602/602/602 
f 588/588/588 605/605/605 602/602/602 
f 605/605/605 604/604/604 603/603/603 
f 605/605/605 588/588/588 606/606/606 
f 604/604/604 605/605/605 606/606/606 
f 606/606/606 588/588/588 589/589/589 
f 589/589/589 590/590/590 604/604/604 
f 589/589/589 604/604/604 606/606/606 
f 607/607/607 608/608/608 609/609/609 
f 608/608/608 607/607/607 610/610/610 
f 610/610/610 611/611/611 608/608/608 
f 612/612/612 607/607/607 609/609/609 
f 607/607/607 612/612/612 613/613/613 
f 612/612/612 614/614/614 613/613/613 
f 613/613/613 614/614/614 615/615/615 
f 616/616/616 615/615/615 614/614/614 
f 617/617/617 611/611/611 616/616/616 
f 614/614/614 617/617/617 616/616/616 
f 611/611/611 618/618/618 608/608/608 
f 611/611/611 617/617/617 618/618/618 
f 618/618/618 619/619/619 608/608/608 
f 619/619/619 609/609/609 608/608/608 
f 617/617/617 620/620/620 618/618/618 
f 620/620/620 619/619/619 618/618/618 
f 621/621/621 617/617/617 614/614/614 
f 612/612/612 621/621/621 614/614/614 
f 620/620/620 617/617/617 622/622/622 
f 621/621/621 622/622/622 617/617/617 
f 623/623/623 620/620/620 622/622/622 
f 622/622/622 621/621/621 623/623/623 
f 609/609/609 624/624/624 612/612/612 
f 621/621/621 612/612/612 624/624/624 
f 624/624/624 609/609/609 625/625/625 
f 619/619/619 625/625/625 609/609/609 
f 621/621/621 624/624/624 626/626/626 
f 625/625/625 626/626/626 624/624/624 
f 625/625/625 619/619/619 627/627/627 
f 627/627/627 626/626/626 625/625/625 
f 626/626/626 628/628/628 621/621/621 
f 628/628/628 623/623/623 621/621/621 
f 626/626/626 629/629/629 628/628/628 
f 629/629/629 623/623/623 628/628/628 
f 629/629/629 626/626/626 630/630/630 
f 627/627/627 630/630/630 626/626/626 
f 631/631/631 627/627/627 619/619/619 
f 630/630/630 632/632/632 629/629/629 
f 619/619/619 633/633/633 631/631/631 
f 633/633/633 619/619/619 620/620/620 
f 623/623/623 633/633/633 620/620/620 
f 633/633/633 634/634/634 631/631/631 
f 627/627/627 631/631/631 634/634/634 
f 623/623/623 635/635/635 633/633/633 
f 635/635/635 634/634/634 633/633/633 
f 629/629/629 636/636/636 623/623/623 
f 635/635/635 623/623/623 636/636/636 
f 636/636/636 629/629/629 632/632/632 
f 637/637/637 635/635/635 636/636/636 
f 632/632/632 637/637/637 636/636/636 
f 635/635/635 637/637/637 638/638/638 
f 627/627/627 634/634/634 639/639/639 
f 630/630/630 627/627/627 639/639/639 
f 635/635/635 640/640/640 634/634/634 
f 640/640/640 635/635/635 638/638/638 
f 640/640/640 639/639/639 634/634/634 
f 637/637/637 641/641/641 638/638/638 
f 640/640/640 638/638/638 641/641/641 
f 641/641/641 637/637/637 642/642/642 
f 637/637/637 632/632/632 642/642/642 
f 640/640/640 641/641/641 643/643/643 
f 642/642/642 632/632/632 644/644/644 
f 645/645/645 640/640/640 643/643/643 
f 646/646/646 644/644/644 632/632/632 
f 640/640/640 645/645/645 647/647/647 
f 646/646/646 647/647/647 645/645/645 
f 639/639/639 640/640/640 647/647/647 
f 646/646/646 632/632/632 648/648/648 
f 647/647/647 646/646/646 648/648/648 
f 648/648/648 639/639/639 647/647/647 
f 632/632/632 630/630/630 648/648/648 
f 639/639/639 648/648/648 630/630/630 
f 649/649/649 650/650/650 651/651/651 
f 652/652/652 649/649/649 651/651/651 
f 653/653/653 651/651/651 650/650/650 
f 651/651/651 654/654/654 652/652/652 
f 653/653/653 654/654/654 651/651/651 
f 654/654/654 655/655/655 652/652/652 
f 654/654/654 656/656/656 655/655/655 
f 656/656/656 657/657/657 655/655/655 
f 654/654/654 658/658/658 656/656/656 
f 656/656/656 658/658/658 657/657/657 
f 654/654/654 653/653/653 658/658/658 
f 659/659/659 655/655/655 657/657/657 
f 658/658/658 659/659/659 657/657/657 
f 655/655/655 660/660/660 652/652/652 
f 660/660/660 655/655/655 659/659/659 
f 658/658/658 661/661/661 659/659/659 
f 658/658/658 653/653/653 661/661/661 
f 653/653/653 650/650/650 660/660/660 
f 661/661/661 662/662/662 659/659/659 
f 662/662/662 660/660/660 659/659/659 
f 661/661/661 653/653/653 663/663/663 
f 661/661/661 664/664/664 662/662/662 
f 661/661/661 663/663/663 664/664/664 
f 663/663/663 653/653/653 665/665/665 
f 660/660/660 665/665/665 653/653/653 
f 660/660/660 662/662/662 665/665/665 
f 665/665/665 666/666/666 663/663/663 
f 667/667/667 664/664/664 663/663/663 
f 667/667/667 663/663/663 666/666/666 
f 664/664/664 668/668/668 662/662/662 
f 664/664/664 667/667/667 668/668/668 
f 668/668/668 665/665/665 662/662/662 
f 667/667/667 666/666/666 668/668/668 
f 666/666/666 665/665/665 668/668/668 
f 669/669/669 660/660/660 650/650/650 
f 669/669/669 652/652/652 660/660/660 
f 650/650/650 670/670/670 669/669/669 
f 650/650/650 649/649/649 670/670/670 
f 652/652/652 669/669/669 671/671/671 
f 649/649/649 652/652/652 671/671/671 
f 672/672/672 671/671/671 669/669/669 
f 670/670/670 672/672/672 669/669/669 
f 671/671/671 673/673/673 649/649/649 
f 671/671/671 672/672/672 673/673/673 
f 674/674/674 670/670/670 649/649/649 
f 670/670/670 674/674/674 672/672/672 
f 674/674/674 649/649/649 673/673/673 
f 673/673/673 672/672/672 674/674/674 
f 675/675/675 676/676/676 677/677/677 
f 678/678/678 677/677/677 676/676/676 
f 678/678/678 679/679/679 677/677/677 
f 679/679/679 675/675/675 677/677/677 
f 679/679/679 678/678/678 680/680/680 
f 679/679/679 680/680/680 675/675/675 
f 681/681/681 680/680/680 678/678/678 
f 681/681/681 678/678/678 676/676/676 
f 676/676/676 675/675/675 682/682/682 
f 681/681/681 676/676/676 682/682/682 
f 683/683/683 682/682/682 675/675/675 
f 680/680/680 683/683/683 675/675/675 
f 680/680/680 681/681/681 684/684/684 
f 680/680/680 684/684/684 683/683/683 
f 685/685/685 684/684/684 681/681/681 
f 685/685/685 681/681/681 682/682/682 
f 682/682/682 683/683/683 686/686/686 
f 685/685/685 682/682/682 686/686/686 
f 684/684/684 687/687/687 683/683/683 
f 687/687/687 686/686/686 683/683/683 
f 684/684/684 688/688/688 687/687/687 
f 685/685/685 688/688/688 684/684/684 
f 688/688/688 689/689/689 687/687/687 
f 688/688/688 690/690/690 689/689/689 
f 691/691/691 687/687/687 689/689/689 
f 690/690/690 691/691/691 689/689/689 
f 686/686/686 687/687/687 691/691/691 
f 688/688/688 692/692/692 690/690/690 
f 688/688/688 685/685/685 692/692/692 
f 690/690/690 692/692/692 691/691/691 
f 693/693/693 686/686/686 691/691/691 
f 692/692/692 693/693/693 691/691/691 
f 692/692/692 685/685/685 694/694/694 
f 692/692/692 694/694/694 693/693/693 
f 694/694/694 685/685/685 695/695/695 
f 695/695/695 685/685/685 686/686/686 
f 686/686/686 693/693/693 696/696/696 
f 695/695/695 686/686/686 696/696/696 
f 697/697/697 696/696/696 693/693/693 
f 694/694/694 697/697/697 693/693/693 
f 698/698/698 695/695/695 696/696/696 
f 694/694/694 695/695/695 699/699/699 
f 698/698/698 699/699/699 695/695/695 
f 694/694/694 699/699/699 697/697/697 
f 698/698/698 696/696/696 700/700/700 
f 699/699/699 698/698/698 700/700/700 
f 700/700/700 696/696/696 697/697/697 
f 699/699/699 700/700/700 697/697/697 
f 701/701/701 702/702/702 703/703/703 
f 702/702/702 704/704/704 703/703/703 
f 701/701/701 703/703/703 705/705/705 
f 706/706/706 701/701/701 705/705/705 
f 703/703/703 704/704/704 707/707/707 
f 708/708/708 707/707/707 704/704/704 
f 705/705/705 703/703/703 709/709/709 
f 703/703/703 707/707/707 709/709/709 
f 705/705/705 710/710/710 706/706/706 
f 711/711/711 706/706/706 710/710/710 
f 709/709/709 712/712/712 705/705/705 
f 712/712/712 710/710/710 705/705/705 
f 713/713/713 709/709/709 707/707/707 
f 713/713/713 707/707/707 708/708/708 
f 712/712/712 709/709/709 714/714/714 
f 709/709/709 713/713/713 714/714/714 
f 715/715/715 710/710/710 712/712/712 
f 711/711/711 710/710/710 716/716/716 
f 715/715/715 716/716/716 710/710/710 
f 708/708/708 711/711/711 716/716/716 
f 717/717/717 715/715/715 712/712/712 
f 714/714/714 717/717/717 712/712/712 
f 716/716/716 715/715/715 717/717/717 
f 714/714/714 713/713/713 718/718/718 
f 708/708/708 718/718/718 713/713/713 
f 717/717/717 714/714/714 718/718/718 
f 716/716/716 718/718/718 708/708/708 
f 716/716/716 717/717/717 718/718/718 
f 719/719/719 720/720/720 721/721/721 
f 722/722/722 721/721/721 720/720/720 
f 720/720/720 719/719/719 723/723/723 
f 723/723/723 719/719/719 724/724/724 
f 719/719/719 725/725/725 724/724/724 
f 724/724/724 726/726/726 723/723/723 
f 726/726/726 724/724/724 725/725/725 
f 725/725/725 719/719/719 727/727/727 
f 727/727/727 726/726/726 725/725/725 
f 721/721/721 727/727/727 719/719/719 
f 726/726/726 728/728/728 723/723/723 
f 728/728/728 720/720/720 723/723/723 
f 727/727/727 729/729/729 726/726/726 
f 729/729/729 722/722/722 720/720/720 
f 727/727/727 721/721/721 730/730/730 
f 729/729/729 727/727/727 730/730/730 
f 721/721/721 731/731/731 730/730/730 
f 732/732/732 729/729/729 720/720/720 
f 720/720/720 728/728/728 732/732/732 
f 728/728/728 726/726/726 733/733/733 
f 726/726/726 729/729/729 733/733/733 
f 729/729/729 730/730/730 734/734/734 
f 731/731/731 734/734/734 730/730/730 
f 722/722/722 729/729/729 734/734/734 
f 731/731/731 721/721/721 735/735/735 
f 721/721/721 722/722/722 735/735/735 
f 735/735/735 736/736/736 731/731/731 
f 734/734/734 731/731/731 737/737/737 
f 737/737/737 731/731/731 736/736/736 
f 737/737/737 722/722/722 734/734/734 
f 736/736/736 735/735/735 738/738/738 
f 738/738/738 737/737/737 736/736/736 
f 739/739/739 735/735/735 722/722/722 
f 735/735/735 739/739/739 738/738/738 
f 722/722/722 737/737/737 739/739/739 
f 737/737/737 738/738/738 739/739/739 
f 740/740/740 733/733/733 729/729/729 
f 729/729/729 732/732/732 740/740/740 
f 733/733/733 740/740/740 741/741/741 
f 741/741/741 728/728/728 733/733/733 
f 732/732/732 742/742/742 740/740/740 
f 741/741/741 740/740/740 742/742/742 
f 732/732/732 728/728/728 743/743/743 
f 728/728/728 741/741/741 743/743/743 
f 744/744/744 732/732/732 743/743/743 
f 742/742/742 732/732/732 744/744/744 
f 741/741/741 744/744/744 743/743/743 
f 744/744/744 741/741/741 742/742/742 
f 745/745/745 746/746/746 747/747/747 
f 747/747/747 746/746/746 748/748/748 
f 749/749/749 745/745/745 747/747/747 
f 746/746/746 750/750/750 748/748/748 
f 745/745/745 749/749/749 751/751/751 
f 750/750/750 746/746/746 752/752/752 
f 749/749/749 753/753/753 751/751/751 
f 752/752/752 754/754/754 750/750/750 
f 751/751/751 753/753/753 755/755/755 
f 754/754/754 752/752/752 756/756/756 
f 753/753/753 756/756/756 755/755/755 
f 756/756/756 753/753/753 754/754/754 
f 757/757/757 758/758/758 759/759/759 
f 758/758/758 757/757/757 760/760/760 
f 761/761/761 757/757/757 759/759/759 
f 762/762/762 758/758/758 760/760/760 
f 759/759/759 763/763/763 761/761/761 
f 759/759/759 764/764/764 763/763/763 
f 758/758/758 764/764/764 759/759/759 
f 764/764/764 761/761/761 763/763/763 
f 757/757/757 765/765/765 760/760/760 
f 765/765/765 762/762/762 760/760/760 
f 765/765/765 757/757/757 766/766/766 
f 761/761/761 766/766/766 757/757/757 
f 764/764/764 758/758/758 767/767/767 
f 758/758/758 762/762/762 767/767/767 
f 761/761/761 764/764/764 768/768/768 
f 764/764/764 767/767/767 769/769/769 
f 767/767/767 770/770/770 769/769/769 
f 770/770/770 764/764/764 769/769/769 
f 770/770/770 767/767/767 762/762/762 
f 764/764/764 770/770/770 768/768/768 
f 771/771/771 761/761/761 768/768/768 
f 770/770/770 771/771/771 768/768/768 
f 762/762/762 772/772/772 770/770/770 
f 771/771/771 770/770/770 772/772/772 
f 773/773/773 772/772/772 762/762/762 
f 765/765/765 773/773/773 762/762/762 
f 771/771/771 772/772/772 774/774/774 
f 773/773/773 774/774/774 772/772/772 
f 771/771/771 775/775/775 761/761/761 
f 766/766/766 761/761/761 775/775/775 
f 771/771/771 774/774/774 776/776/776 
f 775/775/775 771/771/771 776/776/776 
f 777/777/777 773/773/773 765/765/765 
f 765/765/765 766/766/766 777/777/777 
f 774/774/774 773/773/773 778/778/778 
f 773/773/773 777/777/777 778/778/778 
f 778/778/778 779/779/779 774/774/774 
f 776/776/776 774/774/774 779/779/779 
f 766/766/766 775/775/775 780/780/780 
f 776/776/776 780/780/780 775/775/775 
f 780/780/780 781/781/781 766/766/766 
f 781/781/781 777/777/777 766/766/766 
f 780/780/780 782/782/782 781/781/781 
f 777/777/777 781/781/781 782/782/782 
f 782/782/782 780/780/780 783/783/783 
f 776/776/776 783/783/783 780/780/780 
f 777/777/777 782/782/782 784/784/784 
f 783/783/783 776/776/776 785/785/785 
f 776/776/776 779/779/779 785/785/785 
f 783/783/783 786/786/786 782/782/782 
f 784/784/784 782/782/782 786/786/786 
f 785/785/785 787/787/787 783/783/783 
f 787/787/787 786/786/786 783/783/783 
f 787/787/787 785/785/785 788/788/788 
f 789/789/789 785/785/785 779/779/779 
f 785/785/785 789/789/789 788/788/788 
f 790/790/790 787/787/787 788/788/788 
f 789/789/789 790/790/790 788/788/788 
f 790/790/790 791/791/791 787/787/787 
f 791/791/791 786/786/786 787/787/787 
f 790/790/790 789/789/789 792/792/792 
f 786/786/786 793/793/793 784/784/784 
f 794/794/794 789/789/789 779/779/779 
f 793/793/793 794/794/794 784/784/784 
f 786/786/786 795/795/795 793/793/793 
f 795/795/795 794/794/794 793/793/793 
f 795/795/795 786/786/786 796/796/796 
f 791/791/791 796/796/796 786/786/786 
f 794/794/794 779/779/779 797/797/797 
f 794/794/794 797/797/797 784/784/784 
f 779/779/779 778/778/778 797/797/797 
f 797/797/797 777/777/777 784/784/784 
f 778/778/778 777/777/777 797/797/797 
f 798/798/798 789/789/789 794/794/794 
f 795/795/795 798/798/798 794/794/794 
f 798/798/798 792/792/792 789/789/789 
f 799/799/799 798/798/798 795/795/795 
f 795/795/795 796/796/796 799/799/799 
f 800/800/800 792/792/792 798/798/798 
f 798/798/798 799/799/799 800/800/800 
f 800/800/800 801/801/801 792/792/792 
f 800/800/800 802/802/802 801/801/801 
f 803/803/803 792/792/792 801/801/801 
f 803/803/803 801/801/801 802/802/802 
f 802/802/802 800/800/800 804/804/804 
f 800/800/800 799/799/799 804/804/804 
f 804/804/804 799/799/799 805/805/805 
f 799/799/799 806/806/806 805/805/805 
f 790/790/790 792/792/792 803/803/803 
f 803/803/803 802/802/802 807/807/807 
f 791/791/791 790/790/790 803/803/803 
f 808/808/808 803/803/803 807/807/807 
f 809/809/809 803/803/803 808/808/808 
f 803/803/803 809/809/809 791/791/791 
f 806/806/806 809/809/809 808/808/808 
f 799/799/799 810/810/810 806/806/806 
f 809/809/809 806/806/806 810/810/810 
f 809/809/809 810/810/810 791/791/791 
f 810/810/810 799/799/799 796/796/796 
f 791/791/791 810/810/810 796/796/796 
f 811/811/811 812/812/812 813/813/813 
f 811/811/811 813/813/813 814/814/814 
f 815/815/815 814/814/814 813/813/813 
f 813/813/813 816/816/816 815/815/815 
f 816/816/816 814/814/814 815/815/815 
f 816/816/816 813/813/813 812/812/812 
f 811/811/811 814/814/814 817/817/817 
f 818/818/818 811/811/811 817/817/817 
f 814/814/814 819/819/819 817/817/817 
f 818/818/818 817/817/817 819/819/819 
f 811/811/811 818/818/818 820/820/820 
f 820/820/820 818/818/818 819/819/819 
f 821/821/821 812/812/812 811/811/811 
f 820/820/820 822/822/822 811/811/811 
f 822/822/822 821/821/821 811/811/811 
f 812/812/812 823/823/823 816/816/816 
f 812/812/812 824/824/824 823/823/823 
f 825/825/825 816/816/816 823/823/823 
f 823/823/823 824/824/824 825/825/825 
f 826/826/826 816/816/816 825/825/825 
f 826/826/826 825/825/825 824/824/824 
f 824/824/824 812/812/812 827/827/827 
f 812/812/812 821/821/821 827/827/827 
f 824/824/824 828/828/828 826/826/826 
f 829/829/829 828/828/828 824/824/824 
f 827/827/827 829/829/829 824/824/824 
f 828/828/828 830/830/830 826/826/826 
f 828/828/828 831/831/831 830/830/830 
f 828/828/828 829/829/829 831/831/831 
f 830/830/830 832/832/832 826/826/826 
f 826/826/826 833/833/833 816/816/816 
f 833/833/833 826/826/826 832/832/832 
f 834/834/834 832/832/832 830/830/830 
f 834/834/834 830/830/830 831/831/831 
f 835/835/835 816/816/816 833/833/833 
f 816/816/816 835/835/835 814/814/814 
f 836/836/836 814/814/814 835/835/835 
f 819/819/819 814/814/814 836/836/836 
f 833/833/833 837/837/837 835/835/835 
f 835/835/835 837/837/837 821/821/821 
f 838/838/838 821/821/821 837/837/837 
f 838/838/838 837/837/837 833/833/833 
f 821/821/821 839/839/839 835/835/835 
f 821/821/821 838/838/838 827/827/827 
f 827/827/827 838/838/838 833/833/833 
f 821/821/821 822/822/822 839/839/839 
f 839/839/839 840/840/840 835/835/835 
f 839/839/839 822/822/822 840/840/840 
f 836/836/836 835/835/835 840/840/840 
f 836/836/836 840/840/840 822/822/822 
f 833/833/833 841/841/841 827/827/827 
f 822/822/822 842/842/842 836/836/836 
f 841/841/841 833/833/833 843/843/843 
f 844/844/844 827/827/827 841/841/841 
f 844/844/844 841/841/841 843/843/843 
f 827/827/827 844/844/844 845/845/845 
f 845/845/845 844/844/844 843/843/843 
f 832/832/832 843/843/843 833/833/833 
f 845/845/845 843/843/843 832/832/832 
f 829/829/829 827/827/827 845/845/845 
f 829/829/829 845/845/845 832/832/832 
f 822/822/822 846/846/846 842/842/842 
f 832/832/832 847/847/847 829/829/829 
f 848/848/848 829/829/829 847/847/847 
f 847/847/847 832/832/832 849/849/849 
f 848/848/848 847/847/847 849/849/849 
f 829/829/829 848/848/848 850/850/850 
f 850/850/850 848/848/848 849/849/849 
f 829/829/829 850/850/850 831/831/831 
f 842/842/842 846/846/846 851/851/851 
f 851/851/851 836/836/836 842/842/842 
f 852/852/852 836/836/836 851/851/851 
f 852/852/852 851/851/851 846/846/846 
f 836/836/836 852/852/852 819/819/819 
f 822/822/822 820/820/820 846/846/846 
f 819/819/819 853/853/853 820/820/820 
f 854/854/854 820/820/820 853/853/853 
f 855/855/855 853/853/853 819/819/819 
f 853/853/853 855/855/855 854/854/854 
f 855/855/855 819/819/819 852/852/852 
f 820/820/820 854/854/854 856/856/856 
f 820/820/820 856/856/856 846/846/846 
f 856/856/856 854/854/854 855/855/855 
f 846/846/846 857/857/857 852/852/852 
f 858/858/858 852/852/852 857/857/857 
f 846/846/846 859/859/859 857/857/857 
f 857/857/857 859/859/859 858/858/858 
f 859/859/859 846/846/846 856/856/856 
f 860/860/860 852/852/852 858/858/858 
f 860/860/860 855/855/855 852/852/852 
f 860/860/860 858/858/858 859/859/859 
f 856/856/856 855/855/855 861/861/861 
f 862/862/862 856/856/856 861/861/861 
f 863/863/863 861/861/861 855/855/855 
f 861/861/861 863/863/863 862/862/862 
f 855/855/855 860/860/860 863/863/863 
f 864/864/864 856/856/856 862/862/862 
f 859/859/859 856/856/856 864/864/864 
f 864/864/864 862/862/862 863/863/863 
f 859/859/859 865/865/865 860/860/860 
f 866/866/866 860/860/860 865/865/865 
f 859/859/859 867/867/867 865/865/865 
f 865/865/865 867/867/867 866/866/866 
f 867/867/867 859/859/859 864/864/864 
f 866/866/866 868/868/868 860/860/860 
f 868/868/868 863/863/863 860/860/860 
f 868/868/868 866/866/866 867/867/867 
f 863/863/863 869/869/869 864/864/864 
f 870/870/870 864/864/864 869/869/869 
f 871/871/871 869/869/869 863/863/863 
f 869/869/869 871/871/871 870/870/870 
f 871/871/871 863/863/863 868/868/868 
f 870/870/870 872/872/872 864/864/864 
f 872/872/872 870/870/870 871/871/871 
f 864/864/864 872/872/872 867/867/867 
f 867/867/867 873/873/873 868/868/868 
f 874/874/874 868/868/868 873/873/873 
f 873/873/873 867/867/867 875/875/875 
f 873/873/873 875/875/875 874/874/874 
f 872/872/872 875/875/875 867/867/867 
f 868/868/868 874/874/874 876/876/876 
f 868/868/868 876/876/876 871/871/871 
f 875/875/875 876/876/876 874/874/874 
f 872/872/872 871/871/871 877/877/877 
f 876/876/876 877/877/877 871/871/871 
f 878/878/878 875/875/875 872/872/872 
f 878/878/878 872/872/872 877/877/877 
f 875/875/875 879/879/879 876/876/876 
f 877/877/877 880/880/880 878/878/878 
f 877/877/877 876/876/876 880/880/880 
f 875/875/875 878/878/878 881/881/881 
f 879/879/879 875/875/875 881/881/881 
f 881/881/881 878/878/878 880/880/880 
f 882/882/882 876/876/876 879/879/879 
f 879/879/879 881/881/881 882/882/882 
f 876/876/876 882/882/882 880/880/880 
f 880/880/880 882/882/882 881/881/881 
f 883/883/883 884/884/884 885/885/885 
f 885/885/885 886/886/886 883/883/883 
f 884/884/884 883/883/883 887/887/887 
f 887/887/887 888/888/888 884/884/884 
f 889/889/889 890/890/890 891/891/891 
f 890/890/890 892/892/892 891/891/891 
f 891/891/891 893/893/893 889/889/889 
f 890/890/890 889/889/889 894/894/894 
f 895/895/895 896/896/896 897/897/897 
f 896/896/896 898/898/898 897/897/897 
f 897/897/897 899/899/899 895/895/895 
f 896/896/896 895/895/895 900/900/900 
f 901/901/901 902/902/902 903/903/903 
f 903/903/903 904/904/904 901/901/901 
f 902/902/902 901/901/901 905/905/905 
f 905/905/905 906/906/906 902/902/902 
f 907/907/907 908/908/908 909/909/909 
f 908/908/908 907/907/907 910/910/910 
f 911/911/911 910/910/910 907/907/907 
f 911/911/911 907/907/907 912/912/912 
f 907/907/907 909/909/909 912/912/912 
f 911/911/911 912/912/912 913/913/913 
f 912/912/912 914/914/914 913/913/913 
f 914/914/914 911/911/911 913/913/913 
f 909/909/909 914/914/914 912/912/912 
f 911/911/911 914/914/914 910/910/910 
f 915/915/915 908/908/908 910/910/910 
f 915/915/915 910/910/910 914/914/914 
f 909/909/909 916/916/916 914/914/914 
f 915/915/915 914/914/914 916/916/916 
f 908/908/908 917/917/917 909/909/909 
f 917/917/917 916/916/916 909/909/909 
f 908/908/908 918/918/918 917/917/917 
f 908/908/908 915/915/915 918/918/918 
f 918/918/918 919/919/919 917/917/917 
f 918/918/918 920/920/920 919/919/919 
f 921/921/921 917/917/917 919/919/919 
f 920/920/920 921/921/921 919/919/919 
f 921/921/921 916/916/916 917/917/917 
f 918/918/918 922/922/922 920/920/920 
f 920/920/920 922/922/922 921/921/921 
f 915/915/915 922/922/922 918/918/918 
f 916/916/916 921/921/921 923/923/923 
f 922/922/922 923/923/923 921/921/921 
f 922/922/922 915/915/915 924/924/924 
f 922/922/922 924/924/924 923/923/923 
f 925/925/925 924/924/924 915/915/915 
f 925/925/925 915/915/915 916/916/916 
f 916/916/916 923/923/923 926/926/926 
f 925/925/925 916/916/916 926/926/926 
f 927/927/927 926/926/926 923/923/923 
f 924/924/924 927/927/927 923/923/923 
f 924/924/924 925/925/925 928/928/928 
f 924/924/924 928/928/928 927/927/927 
f 928/928/928 929/929/929 927/927/927 
f 930/930/930 928/928/928 925/925/925 
f 930/930/930 925/925/925 926/926/926 
f 928/928/928 931/931/931 929/929/929 
f 928/928/928 930/930/930 931/931/931 
f 932/932/932 927/927/927 929/929/929 
f 926/926/926 927/927/927 932/932/932 
f 931/931/931 932/932/932 929/929/929 
f 930/930/930 926/926/926 932/932/932 
f 931/931/931 930/930/930 932/932/932 
f 933/933/933 934/934/934 935/935/935 
f 933/933/933 936/936/936 934/934/934 
f 936/936/936 933/933/933 937/937/937 
f 933/933/933 938/938/938 937/937/937 
f 939/939/939 940/940/940 941/941/941 
f 940/940/940 939/939/939 942/942/942 
f 939/939/939 941/941/941 943/943/943 
f 944/944/944 943/943/943 941/941/941 
f 945/945/945 939/939/939 943/943/943 
f 942/942/942 939/939/939 946/946/946 
f 939/939/939 945/945/945 946/946/946 
f 945/945/945 943/943/943 947/947/947 
f 946/946/946 945/945/945 947/947/947 
f 948/948/948 947/947/947 943/943/943 
f 946/946/946 947/947/947 948/948/948 
f 943/943/943 944/944/944 948/948/948 
f 949/949/949 946/946/946 948/948/948 
f 942/942/942 950/950/950 944/944/944 
f 950/950/950 948/948/948 944/944/944 
f 949/949/949 948/948/948 951/951/951 
f 951/951/951 948/948/948 950/950/950 
f 946/946/946 949/949/949 952/952/952 
f 952/952/952 949/949/949 951/951/951 
f 946/946/946 952/952/952 942/942/942 
f 952/952/952 951/951/951 950/950/950 
f 942/942/942 952/952/952 950/950/950 
f 953/953/953 954/954/954 955/955/955 
f 956/956/956 953/953/953 955/955/955 
f 957/957/957 953/953/953 956/956/956 
f 956/956/956 955/955/955 958/958/958 
f 957/957/957 956/956/956 959/959/959 
f 956/956/956 958/958/958 959/959/959 
f 953/953/953 957/957/957 960/960/960 
f 960/960/960 957/957/957 959/959/959 
f 960/960/960 961/961/961 953/953/953 
f 954/954/954 953/953/953 961/961/961 
f 961/961/961 960/960/960 962/962/962 
f 962/962/962 960/960/960 959/959/959 
f 961/961/961 963/963/963 954/954/954 
f 962/962/962 964/964/964 961/961/961 
f 963/963/963 961/961/961 964/964/964 
f 962/962/962 965/965/965 964/964/964 
f 964/964/964 966/966/966 963/963/963 
f 966/966/966 964/964/964 965/965/965 
f 965/965/965 962/962/962 967/967/967 
f 967/967/967 962/962/962 959/959/959 
f 968/968/968 965/965/965 967/967/967 
f 968/968/968 967/967/967 959/959/959 
f 965/965/965 968/968/968 969/969/969 
f 965/965/965 970/970/970 966/966/966 
f 970/970/970 965/965/965 969/969/969 
f 971/971/971 969/969/969 968/968/968 
f 971/971/971 968/968/968 959/959/959 
f 969/969/969 972/972/972 970/970/970 
f 969/969/969 971/971/971 973/973/973 
f 972/972/972 969/969/969 973/973/973 
f 973/973/973 971/971/971 974/974/974 
f 974/974/974 971/971/971 959/959/959 
f 975/975/975 976/976/976 977/977/977 
f 978/978/978 977/977/977 976/976/976 
f 977/977/977 978/978/978 979/979/979 
f 976/976/976 975/975/975 980/980/980 
f 976/976/976 980/980/980 981/981/981 
f 982/982/982 976/976/976 981/981/981 
f 982/982/982 983/983/983 976/976/976 
f 984/984/984 982/982/982 981/981/981 
f 984/984/984 983/983/983 982/982/982 
f 984/984/984 981/981/981 980/980/980 
f 979/979/979 985/985/985 977/977/977 
f 986/986/986 985/985/985 979/979/979 
f 987/987/987 977/977/977 985/985/985 
f 986/986/986 988/988/988 985/985/985 
f 988/988/988 987/987/987 985/985/985 
f 989/989/989 977/977/977 987/987/987 
f 988/988/988 989/989/989 987/987/987 
f 990/990/990 989/989/989 988/988/988 
f 986/986/986 990/990/990 988/988/988 
f 989/989/989 990/990/990 977/977/977 
f 990/990/990 986/986/986 991/991/991 
f 991/991/991 983/983/983 990/990/990 
f 990/990/990 992/992/992 977/977/977 
f 977/977/977 992/992/992 975/975/975 
f 990/990/990 993/993/993 992/992/992 
f 993/993/993 975/975/975 992/992/992 
f 983/983/983 994/994/994 990/990/990 
f 994/994/994 993/993/993 990/990/990 
f 993/993/993 994/994/994 975/975/975 
f 994/994/994 983/983/983 984/984/984 
f 994/994/994 995/995/995 975/975/975 
f 994/994/994 996/996/996 995/995/995 
f 997/997/997 975/975/975 995/995/995 
f 996/996/996 997/997/997 995/995/995 
f 994/994/994 998/998/998 996/996/996 
f 998/998/998 994/994/994 984/984/984 
f 996/996/996 998/998/998 997/997/997 
f 997/997/997 980/980/980 975/975/975 
f 999/999/999 984/984/984 980/980/980 
f 999/999/999 980/980/980 1000/1000/1000 
f 984/984/984 999/999/999 1001/1001/1001 
f 1001/1001/1001 999/999/999 1000/1000/1000 
f 1001/1001/1001 998/998/998 984/984/984 
f 980/980/980 1002/1002/1002 1000/1000/1000 
f 1002/1002/1002 980/980/980 997/997/997 
f 1001/1001/1001 1000/1000/1000 1002/1002/1002 
f 998/998/998 1003/1003/1003 997/997/997 
f 998/998/998 1004/1004/1004 1003/1003/1003 
f 1005/1005/1005 997/997/997 1003/1003/1003 
f 1004/1004/1004 1005/1005/1005 1003/1003/1003 
f 997/997/997 1005/1005/1005 1002/1002/1002 
f 998/998/998 1006/1006/1006 1004/1004/1004 
f 998/998/998 1001/1001/1001 1006/1006/1006 
f 1004/1004/1004 1006/1006/1006 1005/1005/1005 
f 1007/1007/1007 1001/1001/1001 1002/1002/1002 
f 1007/1007/1007 1002/1002/1002 1008/1008/1008 
f 1001/1001/1001 1007/1007/1007 1009/1009/1009 
f 1009/1009/1009 1007/1007/1007 1008/1008/1008 
f 1001/1001/1001 1009/1009/1009 1006/1006/1006 
f 1010/1010/1010 1008/1008/1008 1002/1002/1002 
f 1010/1010/1010 1002/1002/1002 1005/1005/1005 
f 1009/1009/1009 1008/1008/1008 1010/1010/1010 
f 1006/1006/1006 1011/1011/1011 1005/1005/1005 
f 1006/1006/1006 1012/1012/1012 1011/1011/1011 
f 1013/1013/1013 1005/1005/1005 1011/1011/1011 
f 1012/1012/1012 1013/1013/1013 1011/1011/1011 
f 1013/1013/1013 1010/1010/1010 1005/1005/1005 
f 1006/1006/1006 1014/1014/1014 1012/1012/1012 
f 1014/1014/1014 1006/1006/1006 1009/1009/1009 
f 1012/1012/1012 1014/1014/1014 1013/1013/1013 
f 1015/1015/1015 1009/1009/1009 1010/1010/1010 
f 1015/1015/1015 1010/1010/1010 1016/1016/1016 
f 1017/1017/1017 1009/1009/1009 1015/1015/1015 
f 1017/1017/1017 1015/1015/1015 1016/1016/1016 
f 1014/1014/1014 1009/1009/1009 1017/1017/1017 
f 1018/1018/1018 1016/1016/1016 1010/1010/1010 
f 1010/1010/1010 1013/1013/1013 1018/1018/1018 
f 1017/1017/1017 1016/1016/1016 1018/1018/1018 
f 1014/1014/1014 1019/1019/1019 1013/1013/1013 
f 1014/1014/1014 1020/1020/1020 1019/1019/1019 
f 1019/1019/1019 1021/1021/1021 1013/1013/1013 
f 1020/1020/1020 1021/1021/1021 1019/1019/1019 
f 1021/1021/1021 1018/1018/1018 1013/1013/1013 
f 1014/1014/1014 1022/1022/1022 1020/1020/1020 
f 1022/1022/1022 1014/1014/1014 1017/1017/1017 
f 1020/1020/1020 1022/1022/1022 1021/1021/1021 
f 1023/1023/1023 1017/1017/1017 1018/1018/1018 
f 1023/1023/1023 1024/1024/1024 1017/1017/1017 
f 1017/1017/1017 1024/1024/1024 1022/1022/1022 
f 1023/1023/1023 1018/1018/1018 1025/1025/1025 
f 1024/1024/1024 1023/1023/1023 1025/1025/1025 
f 1026/1026/1026 1025/1025/1025 1018/1018/1018 
f 1024/1024/1024 1025/1025/1025 1026/1026/1026 
f 1026/1026/1026 1018/1018/1018 1021/1021/1021 
f 1022/1022/1022 1027/1027/1027 1021/1021/1021 
f 1021/1021/1021 1028/1028/1028 1026/1026/1026 
f 1021/1021/1021 1027/1027/1027 1028/1028/1028 
f 1022/1022/1022 1029/1029/1029 1027/1027/1027 
f 1029/1029/1029 1028/1028/1028 1027/1027/1027 
f 1029/1029/1029 1022/1022/1022 1030/1030/1030 
f 1024/1024/1024 1030/1030/1030 1022/1022/1022 
f 1029/1029/1029 1030/1030/1030 1028/1028/1028 
f 1031/1031/1031 1024/1024/1024 1026/1026/1026 
f 1031/1031/1031 1030/1030/1030 1024/1024/1024 
f 1031/1031/1031 1026/1026/1026 1032/1032/1032 
f 1028/1028/1028 1032/1032/1032 1026/1026/1026 
f 1030/1030/1030 1031/1031/1031 1033/1033/1033 
f 1033/1033/1033 1031/1031/1031 1032/1032/1032 
f 1030/1030/1030 1034/1034/1034 1028/1028/1028 
f 1035/1035/1035 1030/1030/1030 1033/1033/1033 
f 1030/1030/1030 1035/1035/1035 1034/1034/1034 
f 1033/1033/1033 1032/1032/1032 1036/1036/1036 
f 1032/1032/1032 1028/1028/1028 1036/1036/1036 
f 1035/1035/1035 1033/1033/1033 1036/1036/1036 
f 1028/1028/1028 1034/1034/1034 1036/1036/1036 
f 1035/1035/1035 1036/1036/1036 1034/1034/1034 
f 1037/1037/1037 1038/1038/1038 1039/1039/1039 
f 1039/1039/1039 1038/1038/1038 1040/1040/1040 
f 1039/1039/1039 1041/1041/1041 1037/1037/1037 
f 1042/1042/1042 1039/1039/1039 1040/1040/1040 
f 1041/1041/1041 1039/1039/1039 1043/1043/1043 
f 1039/1039/1039 1042/1042/1042 1044/1044/1044 
f 1043/1043/1043 1039/1039/1039 1045/1045/1045 
f 1045/1045/1045 1039/1039/1039 1044/1044/1044 
f 1046/1046/1046 1047/1047/1047 1048/1048/1048 
f 1047/1047/1047 1049/1049/1049 1048/1048/1048 
f 1047/1047/1047 1046/1046/1046 1050/1050/1050 
f 1051/1051/1051 1049/1049/1049 1047/1047/1047 
f 1050/1050/1050 1052/1052/1052 1047/1047/1047 
f 1047/1047/1047 1053/1053/1053 1051/1051/1051 
f 1052/1052/1052 1054/1054/1054 1047/1047/1047 
f 1054/1054/1054 1053/1053/1053 1047/1047/1047 
f 1055/1055/1055 1056/1056/1056 1057/1057/1057 
f 1057/1057/1057 1056/1056/1056 1058/1058/1058 
f 1057/1057/1057 1059/1059/1059 1055/1055/1055 
f 1060/1060/1060 1057/1057/1057 1058/1058/1058 
f 1059/1059/1059 1057/1057/1057 1061/1061/1061 
f 1057/1057/1057 1060/1060/1060 1062/1062/1062 
f 1061/1061/1061 1057/1057/1057 1063/1063/1063 
f 1063/1063/1063 1057/1057/1057 1062/1062/1062 
f 1064/1064/1064 1065/1065/1065 1066/1066/1066 
f 1065/1065/1065 1067/1067/1067 1066/1066/1066 
f 1065/1065/1065 1064/1064/1064 1068/1068/1068 
f 1069/1069/1069 1067/1067/1067 1065/1065/1065 
f 1068/1068/1068 1070/1070/1070 1065/1065/1065 
f 1065/1065/1065 1071/1071/1071 1069/1069/1069 
f 1070/1070/1070 1072/1072/1072 1065/1065/1065 
f 1072/1072/1072 1071/1071/1071 1065/1065/1065 
f 1073/1073/1073 1074/1074/1074 1075/1075/1075 
f 1074/1074/1074 1076/1076/1076 1075/1075/1075 
f 1074/1074/1074 1073/1073/1073 1077/1077/1077 
f 1078/1078/1078 1076/1076/1076 1074/1074/1074 
f 1077/1077/1077 1079/1079/1079 1074/1074/1074 
f 1074/1074/1074 1080/1080/1080 1078/1078/1078 
f 1079/1079/1079 1081/1081/1081 1074/1074/1074 
f 1081/1081/1081 1080/1080/1080 1074/1074/1074 
f 1082/1082/1082 1083/1083/1083 1084/1084/1084 
f 1083/1083/1083 1085/1085/1085 1084/1084/1084 
f 1083/1083/1083 1082/1082/1082 1086/1086/1086 
f 1087/1087/1087 1085/1085/1085 1083/1083/1083 
f 1086/1086/1086 1088/1088/1088 1083/1083/1083 
f 1083/1083/1083 1089/1089/1089 1087/1087/1087 
f 1088/1088/1088 1090/1090/1090 1083/1083/1083 
f 1090/1090/1090 1089/1089/1089 1083/1083/1083 
f 1091/1091/1091 1092/1092/1092 1093/1093/1093 
f 1092/1092/1092 1091/1091/1091 1094/1094/1094 
f 1095/1095/1095 1093/1093/1093 1092/1092/1092 
f 1092/1092/1092 1096/1096/1096 1095/1095/1095 
f 1097/1097/1097 1091/1091/1091 1093/1093/1093 
f 1095/1095/1095 1097/1097/1097 1093/1093/1093 
f 1098/1098/1098 1095/1095/1095 1096/1096/1096 
f 1099/1099/1099 1095/1095/1095 1098/1098/1098 
f 1091/1091/1091 1100/1100/1100 1094/1094/1094 
f 1094/1094/1094 1100/1100/1100 1101/1101/1101 
f 1102/1102/1102 1101/1101/1101 1100/1100/1100 
f 1103/1103/1103 1098/1098/1098 1102/1102/1102 
f 1098/1098/1098 1103/1103/1103 1099/1099/1099 
f 1100/1100/1100 1103/1103/1103 1102/1102/1102 
f 1095/1095/1095 1099/1099/1099 1104/1104/1104 
f 1104/1104/1104 1099/1099/1099 1103/1103/1103 
f 1100/1100/1100 1105/1105/1105 1103/1103/1103 
f 1105/1105/1105 1104/1104/1104 1103/1103/1103 
f 1104/1104/1104 1106/1106/1106 1095/1095/1095 
f 1097/1097/1097 1095/1095/1095 1106/1106/1106 
f 1104/1104/1104 1107/1107/1107 1106/1106/1106 
f 1107/1107/1107 1097/1097/1097 1106/1106/1106 
f 1100/1100/1100 1091/1091/1091 1108/1108/1108 
f 1091/1091/1091 1097/1097/1097 1108/1108/1108 
f 1105/1105/1105 1100/1100/1100 1109/1109/1109 
f 1108/1108/1108 1109/1109/1109 1100/1100/1100 
f 1105/1105/1105 1110/1110/1110 1104/1104/1104 
f 1107/1107/1107 1104/1104/1104 1110/1110/1110 
f 1110/1110/1110 1105/1105/1105 1111/1111/1111 
f 1112/1112/1112 1105/1105/1105 1109/1109/1109 
f 1105/1105/1105 1112/1112/1112 1111/1111/1111 
f 1108/1108/1108 1112/1112/1112 1109/1109/1109 
f 1110/1110/1110 1111/1111/1111 1113/1113/1113 
f 1111/1111/1111 1112/1112/1112 1113/1113/1113 
f 1110/1110/1110 1113/1113/1113 1114/1114/1114 
f 1107/1107/1107 1110/1110/1110 1114/1114/1114 
f 1113/1113/1113 1112/1112/1112 1115/1115/1115 
f 1114/1114/1114 1116/1116/1116 1107/1107/1107 
f 1116/1116/1116 1117/1117/1117 1107/1107/1107 
f 1118/1118/1118 1115/1115/1115 1112/1112/1112 
f 1112/1112/1112 1119/1119/1119 1118/1118/1118 
f 1119/1119/1119 1117/1117/1117 1118/1118/1118 
f 1112/1112/1112 1108/1108/1108 1119/1119/1119 
f 1120/1120/1120 1107/1107/1107 1117/1117/1117 
f 1119/1119/1119 1120/1120/1120 1117/1117/1117 
f 1120/1120/1120 1119/1119/1119 1108/1108/1108 
f 1097/1097/1097 1107/1107/1107 1120/1120/1120 
f 1108/1108/1108 1097/1097/1097 1120/1120/1120 
f 1121/1121/1121 1122/1122/1122 1123/1123/1123 
f 1124/1124/1124 1121/1121/1121 1123/1123/1123 
f 1122/1122/1122 1121/1121/1121 1125/1125/1125 
f 1121/1121/1121 1124/1124/1124 1126/1126/1126 
f 1125/1125/1125 1127/1127/1127 1122/1122/1122 
f 1128/1128/1128 1126/1126/1126 1124/1124/1124 
f 1122/1122/1122 1127/1127/1127 1129/1129/1129 
f 1128/1128/1128 1124/1124/1124 1130/1130/1130 
f 1131/1131/1131 1129/1129/1129 1127/1127/1127 
f 1131/1131/1131 1128/1128/1128 1130/1130/1130 
f 1127/1127/1127 1132/1132/1132 1131/1131/1131 
f 1128/1128/1128 1131/1131/1131 1132/1132/1132 
f 1133/1133/1133 1134/1134/1134 1135/1135/1135 
f 1136/1136/1136 1135/1135/1135 1134/1134/1134 
f 1134/1134/1134 1133/1133/1133 1137/1137/1137 
f 1136/1136/1136 1134/1134/1134 1138/1138/1138 
f 1133/1133/1133 1139/1139/1139 1137/1137/1137 
f 1140/1140/1140 1136/1136/1136 1138/1138/1138 
f 1139/1139/1139 1141/1141/1141 1137/1137/1137 
f 1138/1138/1138 1142/1142/1142 1140/1140/1140 
f 1139/1139/1139 1143/1143/1143 1141/1141/1141 
f 1144/1144/1144 1140/1140/1140 1142/1142/1142 
f 1140/1140/1140 1144/1144/1144 1143/1143/1143 
f 1141/1141/1141 1143/1143/1143 1144/1144/1144 
f 1145/1145/1145 1146/1146/1146 1147/1147/1147 
f 1146/1146/1146 1145/1145/1145 1148/1148/1148 
f 1149/1149/1149 1147/1147/1147 1146/1146/1146 
f 1149/1149/1149 1146/1146/1146 1150/1150/1150 
f 1147/1147/1147 1151/1151/1151 1145/1145/1145 
f 1152/1152/1152 1149/1149/1149 1150/1150/1150 
f 1145/1145/1145 1153/1153/1153 1148/1148/1148 
f 1151/1151/1151 1153/1153/1153 1145/1145/1145 
f 1148/1148/1148 1153/1153/1153 1154/1154/1154 
f 1153/1153/1153 1155/1155/1155 1154/1154/1154 
f 1156/1156/1156 1152/1152/1152 1155/1155/1155 
f 1153/1153/1153 1156/1156/1156 1155/1155/1155 
f 1156/1156/1156 1157/1157/1157 1152/1152/1152 
f 1157/1157/1157 1149/1149/1149 1152/1152/1152 
f 1153/1153/1153 1158/1158/1158 1156/1156/1156 
f 1157/1157/1157 1156/1156/1156 1158/1158/1158 
f 1153/1153/1153 1151/1151/1151 1159/1159/1159 
f 1158/1158/1158 1153/1153/1153 1159/1159/1159 
f 1158/1158/1158 1160/1160/1160 1157/1157/1157 
f 1160/1160/1160 1149/1149/1149 1157/1157/1157 
f 1161/1161/1161 1158/1158/1158 1159/1159/1159 
f 1159/1159/1159 1151/1151/1151 1161/1161/1161 
f 1162/1162/1162 1160/1160/1160 1158/1158/1158 
f 1158/1158/1158 1161/1161/1161 1162/1162/1162 
f 1149/1149/1149 1160/1160/1160 1163/1163/1163 
f 1163/1163/1163 1164/1164/1164 1149/1149/1149 
f 1149/1149/1149 1164/1164/1164 1147/1147/1147 
f 1151/1151/1151 1147/1147/1147 1164/1164/1164 
f 1165/1165/1165 1164/1164/1164 1163/1163/1163 
f 1163/1163/1163 1160/1160/1160 1165/1165/1165 
f 1166/1166/1166 1151/1151/1151 1164/1164/1164 
f 1166/1166/1166 1161/1161/1161 1151/1151/1151 
f 1167/1167/1167 1166/1166/1166 1164/1164/1164 
f 1164/1164/1164 1165/1165/1165 1167/1167/1167 
f 1161/1161/1161 1166/1166/1166 1168/1168/1168 
f 1167/1167/1167 1168/1168/1168 1166/1166/1166 
f 1161/1161/1161 1168/1168/1168 1169/1169/1169 
f 1168/1168/1168 1167/1167/1167 1170/1170/1170 
f 1167/1167/1167 1165/1165/1165 1170/1170/1170 
f 1171/1171/1171 1161/1161/1161 1169/1169/1169 
f 1162/1162/1162 1161/1161/1161 1171/1171/1171 
f 1170/1170/1170 1165/1165/1165 1172/1172/1172 
f 1165/1165/1165 1173/1173/1173 1172/1172/1172 
f 1171/1171/1171 1174/1174/1174 1162/1162/1162 
f 1174/1174/1174 1171/1171/1171 1173/1173/1173 
f 1165/1165/1165 1174/1174/1174 1173/1173/1173 
f 1160/1160/1160 1162/1162/1162 1174/1174/1174 
f 1174/1174/1174 1165/1165/1165 1160/1160/1160 
f 1175/1175/1175 979/979/979 978/978/978 
f 1176/1176/1176 979/979/979 1175/1175/1175 
f 991/991/991 1175/1175/1175 978/978/978 
f 1177/1177/1177 1176/1176/1176 1175/1175/1175 
f 991/991/991 1177/1177/1177 1175/1175/1175 
f 1177/1177/1177 1178/1178/1178 1176/1176/1176 
f 986/986/986 1177/1177/1177 991/991/991 
f 1177/1177/1177 986/986/986 1178/1178/1178 
f 1179/1179/1179 991/991/991 978/978/978 
f 1179/1179/1179 978/978/978 1180/1180/1180 
f 983/983/983 991/991/991 1179/1179/1179 
f 983/983/983 1179/1179/1179 1180/1180/1180 
f 978/978/978 976/976/976 1180/1180/1180 
f 983/983/983 1180/1180/1180 976/976/976 
f 1178/1178/1178 1181/1181/1181 1176/1176/1176 
f 1178/1178/1178 1182/1182/1182 1181/1181/1181 
f 1181/1181/1181 1183/1183/1183 1176/1176/1176 
f 1182/1182/1182 1183/1183/1183 1181/1181/1181 
f 1184/1184/1184 1182/1182/1182 1178/1178/1178 
f 1182/1182/1182 1184/1184/1184 1183/1183/1183 
f 1184/1184/1184 1178/1178/1178 1185/1185/1185 
f 986/986/986 1185/1185/1185 1178/1178/1178 
f 1183/1183/1183 1186/1186/1186 1176/1176/1176 
f 979/979/979 1176/1176/1176 1186/1186/1186 
f 1184/1184/1184 1187/1187/1187 1183/1183/1183 
f 1184/1184/1184 1188/1188/1188 1187/1187/1187 
f 1187/1187/1187 944/944/944 1183/1183/1183 
f 1188/1188/1188 944/944/944 1187/1187/1187 
f 942/942/942 1188/1188/1188 1184/1184/1184 
f 1188/1188/1188 942/942/942 944/944/944 
f 942/942/942 1184/1184/1184 940/940/940 
f 1185/1185/1185 940/940/940 1184/1184/1184 
f 941/941/941 1186/1186/1186 1183/1183/1183 
f 944/944/944 941/941/941 1183/1183/1183 
f 1185/1185/1185 1189/1189/1189 1186/1186/1186 
f 1189/1189/1189 979/979/979 1186/1186/1186 
f 1185/1185/1185 1190/1190/1190 1189/1189/1189 
f 1190/1190/1190 979/979/979 1189/1189/1189 
f 986/986/986 1190/1190/1190 1185/1185/1185 
f 1190/1190/1190 986/986/986 979/979/979 
f 1191/1191/1191 1185/1185/1185 1186/1186/1186 
f 940/940/940 1185/1185/1185 1191/1191/1191 
f 1191/1191/1191 1186/1186/1186 1192/1192/1192 
f 1186/1186/1186 941/941/941 1192/1192/1192 
f 1193/1193/1193 1191/1191/1191 1192/1192/1192 
f 1193/1193/1193 940/940/940 1191/1191/1191 
f 1193/1193/1193 1192/1192/1192 1194/1194/1194 
f 940/940/940 1193/1193/1193 1194/1194/1194 
f 941/941/941 1194/1194/1194 1192/1192/1192 
f 940/940/940 1194/1194/1194 941/941/941 
f 1195/1195/1195 1196/1196/1196 1197/1197/1197 
f 1196/1196/1196 1195/1195/1195 1198/1198/1198 
f 1199/1199/1199 1198/1198/1198 1195/1195/1195 
f 1197/1197/1197 1199/1199/1199 1195/1195/1195 
f 1200/1200/1200 1196/1196/1196 1198/1198/1198 
f 1198/1198/1198 1199/1199/1199 1200/1200/1200 
f 1201/1201/1201 1197/1197/1197 1196/1196/1196 
f 1202/1202/1202 1201/1201/1201 1196/1196/1196 
f 1197/1197/1197 1201/1201/1201 1203/1203/1203 
f 1204/1204/1204 1203/1203/1203 1201/1201/1201 
f 1202/1202/1202 1204/1204/1204 1201/1201/1201 
f 1203/1203/1203 1204/1204/1204 1205/1205/1205 
f 1204/1204/1204 1206/1206/1206 1205/1205/1205 
f 1205/1205/1205 1206/1206/1206 1203/1203/1203 
f 1203/1203/1203 1206/1206/1206 1197/1197/1197 
f 1206/1206/1206 1204/1204/1204 1202/1202/1202 
f 1199/1199/1199 1197/1197/1197 1207/1207/1207 
f 1206/1206/1206 1208/1208/1208 1197/1197/1197 
f 1208/1208/1208 1207/1207/1207 1197/1197/1197 
f 1199/1199/1199 1207/1207/1207 1209/1209/1209 
f 1208/1208/1208 1206/1206/1206 1210/1210/1210 
f 1207/1207/1207 1208/1208/1208 1211/1211/1211 
f 1212/1212/1212 1211/1211/1211 1208/1208/1208 
f 1211/1211/1211 1213/1213/1213 1207/1207/1207 
f 1211/1211/1211 1212/1212/1212 1214/1214/1214 
f 1213/1213/1213 1211/1211/1211 1214/1214/1214 
f 1212/1212/1212 1213/1213/1213 1214/1214/1214 
f 1208/1208/1208 1210/1210/1210 1215/1215/1215 
f 1215/1215/1215 1212/1212/1212 1208/1208/1208 
f 1212/1212/1212 1215/1215/1215 1216/1216/1216 
f 1215/1215/1215 1217/1217/1217 1216/1216/1216 
f 1217/1217/1217 1212/1212/1212 1216/1216/1216 
f 1217/1217/1217 1215/1215/1215 1210/1210/1210 
f 1196/1196/1196 1213/1213/1213 1212/1212/1212 
f 1212/1212/1212 1202/1202/1202 1196/1196/1196 
f 1212/1212/1212 1217/1217/1217 1202/1202/1202 
f 1196/1196/1196 1200/1200/1200 1213/1213/1213 
f 1213/1213/1213 1218/1218/1218 1207/1207/1207 
f 1218/1218/1218 1209/1209/1209 1207/1207/1207 
f 1218/1218/1218 1213/1213/1213 1219/1219/1219 
f 1220/1220/1220 1219/1219/1219 1213/1213/1213 
f 1220/1220/1220 1218/1218/1218 1219/1219/1219 
f 1220/1220/1220 1213/1213/1213 1200/1200/1200 
f 1218/1218/1218 1220/1220/1220 1209/1209/1209 
f 1217/1217/1217 1221/1221/1221 1202/1202/1202 
f 1221/1221/1221 1222/1222/1222 1202/1202/1202 
f 1223/1223/1223 1202/1202/1202 1222/1222/1222 
f 1221/1221/1221 1223/1223/1223 1222/1222/1222 
f 1202/1202/1202 1223/1223/1223 1206/1206/1206 
f 1206/1206/1206 1223/1223/1223 1224/1224/1224 
f 1223/1223/1223 1221/1221/1221 1224/1224/1224 
f 1224/1224/1224 1210/1210/1210 1206/1206/1206 
f 1221/1221/1221 1217/1217/1217 1225/1225/1225 
f 1210/1210/1210 1226/1226/1226 1217/1217/1217 
f 1217/1217/1217 1226/1226/1226 1225/1225/1225 
f 1226/1226/1226 1210/1210/1210 1227/1227/1227 
f 1227/1227/1227 1210/1210/1210 1228/1228/1228 
f 1228/1228/1228 1226/1226/1226 1227/1227/1227 
f 1210/1210/1210 1224/1224/1224 1228/1228/1228 
f 1226/1226/1226 1228/1228/1228 1225/1225/1225 
f 1229/1229/1229 1224/1224/1224 1221/1221/1221 
f 1224/1224/1224 1229/1229/1229 1230/1230/1230 
f 1231/1231/1231 1224/1224/1224 1230/1230/1230 
f 1229/1229/1229 1231/1231/1231 1230/1230/1230 
f 1231/1231/1231 1228/1228/1228 1224/1224/1224 
f 1232/1232/1232 1229/1229/1229 1221/1221/1221 
f 1221/1221/1221 1225/1225/1225 1232/1232/1232 
f 1231/1231/1231 1229/1229/1229 1232/1232/1232 
f 1228/1228/1228 1233/1233/1233 1225/1225/1225 
f 1233/1233/1233 1228/1228/1228 1234/1234/1234 
f 1225/1225/1225 1233/1233/1233 1235/1235/1235 
f 1234/1234/1234 1235/1235/1235 1233/1233/1233 
f 1235/1235/1235 1232/1232/1232 1225/1225/1225 
f 1228/1228/1228 1236/1236/1236 1234/1234/1234 
f 1236/1236/1236 1228/1228/1228 1231/1231/1231 
f 1235/1235/1235 1234/1234/1234 1236/1236/1236 
f 1231/1231/1231 1237/1237/1237 1236/1236/1236 
f 1232/1232/1232 1238/1238/1238 1231/1231/1231 
f 1237/1237/1237 1231/1231/1231 1238/1238/1238 
f 1238/1238/1238 1232/1232/1232 1239/1239/1239 
f 1240/1240/1240 1239/1239/1239 1232/1232/1232 
f 1240/1240/1240 1238/1238/1238 1239/1239/1239 
f 1232/1232/1232 1235/1235/1235 1240/1240/1240 
f 1238/1238/1238 1240/1240/1240 1237/1237/1237 
f 1241/1241/1241 1235/1235/1235 1236/1236/1236 
f 1235/1235/1235 1241/1241/1241 1242/1242/1242 
f 1243/1243/1243 1241/1241/1241 1236/1236/1236 
f 1243/1243/1243 1242/1242/1242 1241/1241/1241 
f 1236/1236/1236 1237/1237/1237 1243/1243/1243 
f 1235/1235/1235 1242/1242/1242 1244/1244/1244 
f 1235/1235/1235 1244/1244/1244 1240/1240/1240 
f 1242/1242/1242 1243/1243/1243 1244/1244/1244 
f 1245/1245/1245 1237/1237/1237 1240/1240/1240 
f 1237/1237/1237 1245/1245/1245 1246/1246/1246 
f 1245/1245/1245 1240/1240/1240 1247/1247/1247 
f 1247/1247/1247 1246/1246/1246 1245/1245/1245 
f 1248/1248/1248 1237/1237/1237 1246/1246/1246 
f 1246/1246/1246 1247/1247/1247 1248/1248/1248 
f 1249/1249/1249 1243/1243/1243 1237/1237/1237 
f 1237/1237/1237 1248/1248/1248 1249/1249/1249 
f 1250/1250/1250 1240/1240/1240 1244/1244/1244 
f 1240/1240/1240 1250/1250/1250 1247/1247/1247 
f 1243/1243/1243 1251/1251/1251 1244/1244/1244 
f 1244/1244/1244 1251/1251/1251 1250/1250/1250 
f 1251/1251/1251 1243/1243/1243 1252/1252/1252 
f 1243/1243/1243 1249/1249/1249 1252/1252/1252 
f 1249/1249/1249 1251/1251/1251 1252/1252/1252 
f 1251/1251/1251 1249/1249/1249 1250/1250/1250 
f 1253/1253/1253 1249/1249/1249 1248/1248/1248 
f 1254/1254/1254 1250/1250/1250 1249/1249/1249 
f 1253/1253/1253 1254/1254/1254 1249/1249/1249 
f 1250/1250/1250 1254/1254/1254 1255/1255/1255 
f 1254/1254/1254 1256/1256/1256 1255/1255/1255 
f 1255/1255/1255 1256/1256/1256 1250/1250/1250 
f 1256/1256/1256 1254/1254/1254 1253/1253/1253 
f 1256/1256/1256 1247/1247/1247 1250/1250/1250 
f 1247/1247/1247 1257/1257/1257 1248/1248/1248 
f 1257/1257/1257 1247/1247/1247 1258/1258/1258 
f 1258/1258/1258 1247/1247/1247 1259/1259/1259 
f 1259/1259/1259 1257/1257/1257 1258/1258/1258 
f 1247/1247/1247 1256/1256/1256 1259/1259/1259 
f 1257/1257/1257 1260/1260/1260 1248/1248/1248 
f 1248/1248/1248 1260/1260/1260 1253/1253/1253 
f 1257/1257/1257 1259/1259/1259 1260/1260/1260 
f 1259/1259/1259 1261/1261/1261 1260/1260/1260 
f 1261/1261/1261 1259/1259/1259 1262/1262/1262 
f 1260/1260/1260 1261/1261/1261 1263/1263/1263 
f 1263/1263/1263 1253/1253/1253 1260/1260/1260 
f 1262/1262/1262 1263/1263/1263 1261/1261/1261 
f 1262/1262/1262 1259/1259/1259 1264/1264/1264 
f 1256/1256/1256 1264/1264/1264 1259/1259/1259 
f 1263/1263/1263 1262/1262/1262 1264/1264/1264 
f 1265/1265/1265 1256/1256/1256 1253/1253/1253 
f 1253/1253/1253 1263/1263/1263 1265/1265/1265 
f 1256/1256/1256 1265/1265/1265 1266/1266/1266 
f 1266/1266/1266 1264/1264/1264 1256/1256/1256 
f 1265/1265/1265 1263/1263/1263 1267/1267/1267 
f 1267/1267/1267 1266/1266/1266 1265/1265/1265 
f 1268/1268/1268 1263/1263/1263 1264/1264/1264 
f 1263/1263/1263 1269/1269/1269 1267/1267/1267 
f 1263/1263/1263 1268/1268/1268 1269/1269/1269 
f 1269/1269/1269 1270/1270/1270 1267/1267/1267 
f 1266/1266/1266 1267/1267/1267 1270/1270/1270 
f 1270/1270/1270 1269/1269/1269 1268/1268/1268 
f 1264/1264/1264 1266/1266/1266 1270/1270/1270 
f 1268/1268/1268 1264/1264/1264 1270/1270/1270 
f 1271/1271/1271 1272/1272/1272 1273/1273/1273 
f 1271/1271/1271 1273/1273/1273 1274/1274/1274 
f 1274/1274/1274 1273/1273/1273 1275/1275/1275 
f 1272/1272/1272 1275/1275/1275 1273/1273/1273 
f 1271/1271/1271 1274/1274/1274 1276/1276/1276 
f 1276/1276/1276 1274/1274/1274 1275/1275/1275 
f 1275/1275/1275 1272/1272/1272 1277/1277/1277 
f 1277/1277/1277 1272/1272/1272 1278/1278/1278 
f 1279/1279/1279 1275/1275/1275 1277/1277/1277 
f 1278/1278/1278 1279/1279/1279 1277/1277/1277 
f 1275/1275/1275 1279/1279/1279 1280/1280/1280 
f 1275/1275/1275 1280/1280/1280 1276/1276/1276 
f 1280/1280/1280 1281/1281/1281 1276/1276/1276 
f 1280/1280/1280 1282/1282/1282 1281/1281/1281 
f 1282/1282/1282 1276/1276/1276 1281/1281/1281 
f 1282/1282/1282 1280/1280/1280 1279/1279/1279 
f 1276/1276/1276 1282/1282/1282 1283/1283/1283 
f 1283/1283/1283 1271/1271/1271 1276/1276/1276 
f 1284/1284/1284 1282/1282/1282 1279/1279/1279 
f 1279/1279/1279 1278/1278/1278 1284/1284/1284 
f 1283/1283/1283 1282/1282/1282 1285/1285/1285 
f 1271/1271/1271 1283/1283/1283 1285/1285/1285 
f 1282/1282/1282 1284/1284/1284 1286/1286/1286 
f 1286/1286/1286 1285/1285/1285 1282/1282/1282 
f 1287/1287/1287 1286/1286/1286 1284/1284/1284 
f 1287/1287/1287 1285/1285/1285 1286/1286/1286 
f 1287/1287/1287 1284/1284/1284 1278/1278/1278 
f 1285/1285/1285 1288/1288/1288 1271/1271/1271 
f 1287/1287/1287 1288/1288/1288 1285/1285/1285 
f 1289/1289/1289 1271/1271/1271 1288/1288/1288 
f 1287/1287/1287 1289/1289/1289 1288/1288/1288 
f 1287/1287/1287 1278/1278/1278 1289/1289/1289 
f 1271/1271/1271 1289/1289/1289 1272/1272/1272 
f 1278/1278/1278 1272/1272/1272 1289/1289/1289 
f 1290/1290/1290 1291/1291/1291 1292/1292/1292 
f 1292/1292/1292 1293/1293/1293 1290/1290/1290 
f 1291/1291/1291 1294/1294/1294 1292/1292/1292 
f 1293/1293/1293 1292/1292/1292 1295/1295/1295 
f 1291/1291/1291 1296/1296/1296 1294/1294/1294 
f 1297/1297/1297 1293/1293/1293 1295/1295/1295 
f 1296/1296/1296 1291/1291/1291 1298/1298/1298 
f 1293/1293/1293 1297/1297/1297 1299/1299/1299 
f 1300/1300/1300 1296/1296/1296 1298/1298/1298 
f 1297/1297/1297 1300/1300/1300 1299/1299/1299 
f 1301/1301/1301 1296/1296/1296 1300/1300/1300 
f 1300/1300/1300 1297/1297/1297 1301/1301/1301 
f 1302/1302/1302 1303/1303/1303 1304/1304/1304 
f 1303/1303/1303 1302/1302/1302 1305/1305/1305 
f 1302/1302/1302 1304/1304/1304 1306/1306/1306 
f 1307/1307/1307 1304/1304/1304 1303/1303/1303 
f 1304/1304/1304 1307/1307/1307 1306/1306/1306 
f 1308/1308/1308 1302/1302/1302 1306/1306/1306 
f 1305/1305/1305 1302/1302/1302 1308/1308/1308 
f 1309/1309/1309 1303/1303/1303 1305/1305/1305 
f 1307/1307/1307 1303/1303/1303 1309/1309/1309 
f 1305/1305/1305 1308/1308/1308 1309/1309/1309 
f 1307/1307/1307 1310/1310/1310 1306/1306/1306 
f 1308/1308/1308 1306/1306/1306 1310/1310/1310 
f 1307/1307/1307 1311/1311/1311 1310/1310/1310 
f 1309/1309/1309 1311/1311/1311 1307/1307/1307 
f 1312/1312/1312 1308/1308/1308 1310/1310/1310 
f 1311/1311/1311 1312/1312/1312 1310/1310/1310 
f 1309/1309/1309 1308/1308/1308 1313/1313/1313 
f 1311/1311/1311 1309/1309/1309 1313/1313/1313 
f 1308/1308/1308 1312/1312/1312 1313/1313/1313 
f 1312/1312/1312 1311/1311/1311 1313/1313/1313 
f 1314/1314/1314 1315/1315/1315 1316/1316/1316 
f 1315/1315/1315 1314/1314/1314 1317/1317/1317 
f 1318/1318/1318 1317/1317/1317 1314/1314/1314 
f 1319/1319/1319 1318/1318/1318 1314/1314/1314 
f 1316/1316/1316 1319/1319/1319 1314/1314/1314 
f 1318/1318/1318 1320/1320/1320 1317/1317/1317 
f 1320/1320/1320 1315/1315/1315 1317/1317/1317 
f 1320/1320/1320 1318/1318/1318 1321/1321/1321 
f 1318/1318/1318 1319/1319/1319 1322/1322/1322 
f 1319/1319/1319 1320/1320/1320 1322/1322/1322 
f 1320/1320/1320 1319/1319/1319 1323/1323/1323 
f 1315/1315/1315 1320/1320/1320 1323/1323/1323 
f 1319/1319/1319 1316/1316/1316 1324/1324/1324 
f 1324/1324/1324 1323/1323/1323 1319/1319/1319 
f 1325/1325/1325 1315/1315/1315 1323/1323/1323 
f 1323/1323/1323 1324/1324/1324 1325/1325/1325 
f 1326/1326/1326 1316/1316/1316 1315/1315/1315 
f 1315/1315/1315 1325/1325/1325 1326/1326/1326 
f 1327/1327/1327 1324/1324/1324 1316/1316/1316 
f 1326/1326/1326 1327/1327/1327 1316/1316/1316 
f 1324/1324/1324 1327/1327/1327 1328/1328/1328 
f 1328/1328/1328 1325/1325/1325 1324/1324/1324 
f 1327/1327/1327 1326/1326/1326 1329/1329/1329 
f 1327/1327/1327 1329/1329/1329 1330/1330/1330 
f 1330/1330/1330 1328/1328/1328 1331/1331/1331 
f 1328/1328/1328 1330/1330/1330 1332/1332/1332 
f 1329/1329/1329 1332/1332/1332 1330/1330/1330 
f 1333/1333/1333 1328/1328/1328 1332/1332/1332 
f 1332/1332/1332 1329/1329/1329 1333/1333/1333 
f 1325/1325/1325 1328/1328/1328 1333/1333/1333 
f 1329/1329/1329 1326/1326/1326 1334/1334/1334 
f 1334/1334/1334 1333/1333/1333 1329/1329/1329 
f 1335/1335/1335 1325/1325/1325 1333/1333/1333 
f 1333/1333/1333 1334/1334/1334 1335/1335/1335 
f 1325/1325/1325 1335/1335/1335 1336/1336/1336 
f 1336/1336/1336 1326/1326/1326 1325/1325/1325 
f 1334/1334/1334 1337/1337/1337 1335/1335/1335 
f 1337/1337/1337 1336/1336/1336 1335/1335/1335 
f 1337/1337/1337 1334/1334/1334 1338/1338/1338 
f 1339/1339/1339 1334/1334/1334 1326/1326/1326 
f 1334/1334/1334 1339/1339/1339 1338/1338/1338 
f 1326/1326/1326 1336/1336/1336 1339/1339/1339 
f 1340/1340/1340 1338/1338/1338 1339/1339/1339 
f 1340/1340/1340 1337/1337/1337 1341/1341/1341 
f 1342/1342/1342 1339/1339/1339 1336/1336/1336 
f 1339/1339/1339 1342/1342/1342 1340/1340/1340 
f 1342/1342/1342 1336/1336/1336 1337/1337/1337 
f 1337/1337/1337 1340/1340/1340 1342/1342/1342 
f 1343/1343/1343 1344/1344/1344 1345/1345/1345 
f 1345/1345/1345 1346/1346/1346 1343/1343/1343 
f 1343/1343/1343 1347/1347/1347 1344/1344/1344 
f 1347/1347/1347 1343/1343/1343 1346/1346/1346 
f 1348/1348/1348 1345/1345/1345 1344/1344/1344 
f 1346/1346/1346 1345/1345/1345 1348/1348/1348 
f 1348/1348/1348 1344/1344/1344 1349/1349/1349 
f 1344/1344/1344 1347/1347/1347 1349/1349/1349 
f 1346/1346/1346 1348/1348/1348 1350/1350/1350 
f 1350/1350/1350 1348/1348/1348 1349/1349/1349 
f 1346/1346/1346 1351/1351/1351 1347/1347/1347 
f 1351/1351/1351 1352/1352/1352 1347/1347/1347 
f 1353/1353/1353 1351/1351/1351 1346/1346/1346 
f 1351/1351/1351 1353/1353/1353 1352/1352/1352 
f 1350/1350/1350 1353/1353/1353 1346/1346/1346 
f 1347/1347/1347 1352/1352/1352 1354/1354/1354 
f 1353/1353/1353 1354/1354/1354 1352/1352/1352 
f 1354/1354/1354 1349/1349/1349 1347/1347/1347 
f 1353/1353/1353 1355/1355/1355 1354/1354/1354 
f 1355/1355/1355 1353/1353/1353 1350/1350/1350 
f 1349/1349/1349 1354/1354/1354 1356/1356/1356 
f 1355/1355/1355 1356/1356/1356 1354/1354/1354 
f 1349/1349/1349 1357/1357/1357 1350/1350/1350 
f 1358/1358/1358 1350/1350/1350 1357/1357/1357 
f 1357/1357/1357 1349/1349/1349 1359/1359/1359 
f 1358/1358/1358 1357/1357/1357 1359/1359/1359 
f 1349/1349/1349 1356/1356/1356 1359/1359/1359 
f 1350/1350/1350 1358/1358/1358 1360/1360/1360 
f 1350/1350/1350 1360/1360/1360 1355/1355/1355 
f 1360/1360/1360 1358/1358/1358 1359/1359/1359 
f 1355/1355/1355 1361/1361/1361 1356/1356/1356 
f 1361/1361/1361 1362/1362/1362 1356/1356/1356 
f 1361/1361/1361 1355/1355/1355 1363/1363/1363 
f 1361/1361/1361 1363/1363/1363 1362/1362/1362 
f 1355/1355/1355 850/850/850 1363/1363/1363 
f 850/850/850 1355/1355/1355 1360/1360/1360 
f 1363/1363/1363 1364/1364/1364 1362/1362/1362 
f 1363/1363/1363 850/850/850 1364/1364/1364 
f 1356/1356/1356 1362/1362/1362 1364/1364/1364 
f 1360/1360/1360 831/831/831 850/850/850 
f 850/850/850 849/849/849 1364/1364/1364 
f 849/849/849 1356/1356/1356 1364/1364/1364 
f 1356/1356/1356 849/849/849 1359/1359/1359 
f 1360/1360/1360 1365/1365/1365 831/831/831 
f 1359/1359/1359 1365/1365/1365 1360/1360/1360 
f 831/831/831 1365/1365/1365 834/834/834 
f 1359/1359/1359 849/849/849 834/834/834 
f 832/832/832 834/834/834 849/849/849 
f 1365/1365/1365 1359/1359/1359 1366/1366/1366 
f 1366/1366/1366 1359/1359/1359 834/834/834 
f 1365/1365/1365 1366/1366/1366 834/834/834 
f 1367/1367/1367 1368/1368/1368 1369/1369/1369 
f 1370/1370/1370 1371/1371/1371 1369/1369/1369 
f 1371/1371/1371 1367/1367/1367 1369/1369/1369 
f 1371/1371/1371 1370/1370/1370 1372/1372/1372 
f 1373/1373/1373 1372/1372/1372 1370/1370/1370 
f 1373/1373/1373 1371/1371/1371 1372/1372/1372 
f 1374/1374/1374 1373/1373/1373 1370/1370/1370 
f 1371/1371/1371 1373/1373/1373 1367/1367/1367 
f 1375/1375/1375 1374/1374/1374 1368/1368/1368 
f 1374/1374/1374 1375/1375/1375 1376/1376/1376 
f 1374/1374/1374 1376/1376/1376 1377/1377/1377 
f 1375/1375/1375 1377/1377/1377 1376/1376/1376 
f 1373/1373/1373 1374/1374/1374 1377/1377/1377 
f 1378/1378/1378 1375/1375/1375 1368/1368/1368 
f 1368/1368/1368 1367/1367/1367 1378/1378/1378 
f 1377/1377/1377 1375/1375/1375 1378/1378/1378 
f 1373/1373/1373 1379/1379/1379 1367/1367/1367 
f 1379/1379/1379 1373/1373/1373 1380/1380/1380 
f 1381/1381/1381 1367/1367/1367 1379/1379/1379 
f 1381/1381/1381 1378/1378/1378 1367/1367/1367 
f 1382/1382/1382 1379/1379/1379 1380/1380/1380 
f 1373/1373/1373 1382/1382/1382 1380/1380/1380 
f 1379/1379/1379 1382/1382/1382 1381/1381/1381 
f 1382/1382/1382 1373/1373/1373 1377/1377/1377 
f 1382/1382/1382 1383/1383/1383 1381/1381/1381 
f 1383/1383/1383 1382/1382/1382 1384/1384/1384 
f 1385/1385/1385 1381/1381/1381 1383/1383/1383 
f 1383/1383/1383 1384/1384/1384 1385/1385/1385 
f 1382/1382/1382 1386/1386/1386 1384/1384/1384 
f 1385/1385/1385 1384/1384/1384 1386/1386/1386 
f 1382/1382/1382 1377/1377/1377 1387/1387/1387 
f 1387/1387/1387 1386/1386/1386 1382/1382/1382 
f 1377/1377/1377 1388/1388/1388 1387/1387/1387 
f 1377/1377/1377 1389/1389/1389 1388/1388/1388 
f 1378/1378/1378 1389/1389/1389 1377/1377/1377 
f 1389/1389/1389 1390/1390/1390 1388/1388/1388 
f 1390/1390/1390 1387/1387/1387 1388/1388/1388 
f 1391/1391/1391 1389/1389/1389 1378/1378/1378 
f 1390/1390/1390 1389/1389/1389 1391/1391/1391 
f 1391/1391/1391 1378/1378/1378 1390/1390/1390 
f 1390/1390/1390 1378/1378/1378 1392/1392/1392 
f 1378/1378/1378 1381/1381/1381 1392/1392/1392 
f 1387/1387/1387 1390/1390/1390 1392/1392/1392 
f 1381/1381/1381 1385/1385/1385 1392/1392/1392 
f 1392/1392/1392 1393/1393/1393 1387/1387/1387 
f 1392/1392/1392 1394/1394/1394 1393/1393/1393 
f 1395/1395/1395 1387/1387/1387 1393/1393/1393 
f 1392/1392/1392 1396/1396/1396 1394/1394/1394 
f 1396/1396/1396 1393/1393/1393 1394/1394/1394 
f 1396/1396/1396 1392/1392/1392 1385/1385/1385 
f 1393/1393/1393 1396/1396/1396 1395/1395/1395 
f 1387/1387/1387 1395/1395/1395 1386/1386/1386 
f 1385/1385/1385 1386/1386/1386 1397/1397/1397 
f 1397/1397/1397 1386/1386/1386 1398/1398/1398 
f 1397/1397/1397 1399/1399/1399 1385/1385/1385 
f 1396/1396/1396 1385/1385/1385 1399/1399/1399 
f 1400/1400/1400 1397/1397/1397 1398/1398/1398 
f 1400/1400/1400 1398/1398/1398 1386/1386/1386 
f 1400/1400/1400 1386/1386/1386 1395/1395/1395 
f 1397/1397/1397 1400/1400/1400 1399/1399/1399 
f 1396/1396/1396 1401/1401/1401 1395/1395/1395 
f 1401/1401/1401 1402/1402/1402 1395/1395/1395 
f 1402/1402/1402 1400/1400/1400 1395/1395/1395 
f 1403/1403/1403 1401/1401/1401 1396/1396/1396 
f 1403/1403/1403 1404/1404/1404 1401/1401/1401 
f 1404/1404/1404 1402/1402/1402 1401/1401/1401 
f 1404/1404/1404 1403/1403/1403 1405/1405/1405 
f 1405/1405/1405 1402/1402/1402 1404/1404/1404 
f 1406/1406/1406 1405/1405/1405 1403/1403/1403 
f 1396/1396/1396 1406/1406/1406 1403/1403/1403 
f 1402/1402/1402 1405/1405/1405 1406/1406/1406 
f 1406/1406/1406 1396/1396/1396 1399/1399/1399 
f 1400/1400/1400 1407/1407/1407 1399/1399/1399 
f 1406/1406/1406 1399/1399/1399 1408/1408/1408 
f 1407/1407/1407 1408/1408/1408 1399/1399/1399 
f 1407/1407/1407 1400/1400/1400 1409/1409/1409 
f 1410/1410/1410 1409/1409/1409 1400/1400/1400 
f 1410/1410/1410 1407/1407/1407 1409/1409/1409 
f 1407/1407/1407 1410/1410/1410 1408/1408/1408 
f 1400/1400/1400 1402/1402/1402 1410/1410/1410 
f 1408/1408/1408 1411/1411/1411 1406/1406/1406 
f 1412/1412/1412 1402/1402/1402 1406/1406/1406 
f 1411/1411/1411 1412/1412/1412 1406/1406/1406 
f 1408/1408/1408 1410/1410/1410 1413/1413/1413 
f 1411/1411/1411 1408/1408/1408 1413/1413/1413 
f 1413/1413/1413 1410/1410/1410 1414/1414/1414 
f 1402/1402/1402 1415/1415/1415 1410/1410/1410 
f 1414/1414/1414 1410/1410/1410 1415/1415/1415 
f 1402/1402/1402 1412/1412/1412 1416/1416/1416 
f 1416/1416/1416 1415/1415/1415 1402/1402/1402 
f 1417/1417/1417 1416/1416/1416 1412/1412/1412 
f 1412/1412/1412 1411/1411/1411 1417/1417/1417 
f 1411/1411/1411 1415/1415/1415 1417/1417/1417 
f 1416/1416/1416 1417/1417/1417 1418/1418/1418 
f 1417/1417/1417 1415/1415/1415 1418/1418/1418 
f 1415/1415/1415 1416/1416/1416 1418/1418/1418 
f 1415/1415/1415 1419/1419/1419 1414/1414/1414 
f 1411/1411/1411 1419/1419/1419 1415/1415/1415 
f 1419/1419/1419 1413/1413/1413 1414/1414/1414 
f 1413/1413/1413 1420/1420/1420 1411/1411/1411 
f 1419/1419/1419 1411/1411/1411 1420/1420/1420 
f 1413/1413/1413 1419/1419/1419 1420/1420/1420 
f 1421/1421/1421 1422/1422/1422 1423/1423/1423 
f 1421/1421/1421 1424/1424/1424 1422/1422/1422 
f 1424/1424/1424 1425/1425/1425 1422/1422/1422 
f 1422/1422/1422 1425/1425/1425 1426/1426/1426 
f 1427/1427/1427 1428/1428/1428 1429/1429/1429 
f 1429/1429/1429 1428/1428/1428 1430/1430/1430 
f 1429/1429/1429 1431/1431/1431 1427/1427/1427 
f 1432/1432/1432 1429/1429/1429 1430/1430/1430 
f 1431/1431/1431 1429/1429/1429 1433/1433/1433 
f 1429/1429/1429 1432/1432/1432 1434/1434/1434 
f 1433/1433/1433 1429/1429/1429 1435/1435/1435 
f 1435/1435/1435 1429/1429/1429 1434/1434/1434 
f 1436/1436/1436 1437/1437/1437 1438/1438/1438 
f 1438/1438/1438 1437/1437/1437 1439/1439/1439 
f 1438/1438/1438 1440/1440/1440 1436/1436/1436 
f 1441/1441/1441 1438/1438/1438 1439/1439/1439 
f 1440/1440/1440 1438/1438/1438 1442/1442/1442 
f 1438/1438/1438 1441/1441/1441 1443/1443/1443 
f 1442/1442/1442 1438/1438/1438 1444/1444/1444 
f 1444/1444/1444 1438/1438/1438 1443/1443/1443 
f 1445/1445/1445 1446/1446/1446 1447/1447/1447 
f 1446/1446/1446 1448/1448/1448 1447/1447/1447 
f 1446/1446/1446 1445/1445/1445 1449/1449/1449 
f 1450/1450/1450 1448/1448/1448 1446/1446/1446 
f 1449/1449/1449 1451/1451/1451 1446/1446/1446 
f 1446/1446/1446 1452/1452/1452 1450/1450/1450 
f 1451/1451/1451 1453/1453/1453 1446/1446/1446 
f 1453/1453/1453 1452/1452/1452 1446/1446/1446 
f 1454/1454/1454 1455/1455/1455 1456/1456/1456 
f 1455/1455/1455 1454/1454/1454 1457/1457/1457 
f 1456/1456/1456 1458/1458/1458 1454/1454/1454 
f 1459/1459/1459 1455/1455/1455 1457/1457/1457 
f 1458/1458/1458 1456/1456/1456 1460/1460/1460 
f 1455/1455/1455 1459/1459/1459 1461/1461/1461 
f 1462/1462/1462 1458/1458/1458 1460/1460/1460 
f 1463/1463/1463 1461/1461/1461 1459/1459/1459 
f 1458/1458/1458 1462/1462/1462 1464/1464/1464 
f 1463/1463/1463 1464/1464/1464 1462/1462/1462 
f 1461/1461/1461 1463/1463/1463 1465/1465/1465 
f 1462/1462/1462 1465/1465/1465 1463/1463/1463 
f 1466/1466/1466 1467/1467/1467 1468/1468/1468 
f 1468/1468/1468 1467/1467/1467 1469/1469/1469 
f 1468/1468/1468 1470/1470/1470 1466/1466/1466 
f 1471/1471/1471 1468/1468/1468 1469/1469/1469 
f 1470/1470/1470 1468/1468/1468 1472/1472/1472 
f 1468/1468/1468 1471/1471/1471 1473/1473/1473 
f 1472/1472/1472 1468/1468/1468 1474/1474/1474 
f 1474/1474/1474 1468/1468/1468 1473/1473/1473 
f 1475/1475/1475 1476/1476/1476 1477/1477/1477 
f 1476/1476/1476 1478/1478/1478 1477/1477/1477 
f 1476/1476/1476 1475/1475/1475 1479/1479/1479 
f 1480/1480/1480 1478/1478/1478 1476/1476/1476 
f 1479/1479/1479 1481/1481/1481 1476/1476/1476 
f 1476/1476/1476 1482/1482/1482 1480/1480/1480 
f 1481/1481/1481 1483/1483/1483 1476/1476/1476 
f 1483/1483/1483 1482/1482/1482 1476/1476/1476 
f 1484/1484/1484 1485/1485/1485 1486/1486/1486 
f 1486/1486/1486 1485/1485/1485 1487/1487/1487 
f 1486/1486/1486 1488/1488/1488 1484/1484/1484 
f 1489/1489/1489 1486/1486/1486 1487/1487/1487 
f 1488/1488/1488 1486/1486/1486 1490/1490/1490 
f 1486/1486/1486 1489/1489/1489 1491/1491/1491 
f 1490/1490/1490 1486/1486/1486 1492/1492/1492 
f 1492/1492/1492 1486/1486/1486 1491/1491/1491 
f 422/422/422 421/421/421 1493/1493/1493 
f 423/423/423 1493/1493/1493 421/421/421 
f 422/422/422 1494/1494/1494 408/408/408 
f 406/406/406 408/408/408 1494/1494/1494 
f 1493/1493/1493 1495/1495/1495 422/422/422 
f 1494/1494/1494 422/422/422 1495/1495/1495 
f 423/423/423 1496/1496/1496 1493/1493/1493 
f 1496/1496/1496 1495/1495/1495 1493/1493/1493 
f 1496/1496/1496 423/423/423 1497/1497/1497 
f 1497/1497/1497 423/423/423 418/418/418 
f 1496/1496/1496 1497/1497/1497 1498/1498/1498 
f 1498/1498/1498 1497/1497/1497 418/418/418 
f 1494/1494/1494 1499/1499/1499 406/406/406 
f 400/400/400 406/406/406 1499/1499/1499 
f 1495/1495/1495 1500/1500/1500 1494/1494/1494 
f 1499/1499/1499 1494/1494/1494 1500/1500/1500 
f 1496/1496/1496 1501/1501/1501 1495/1495/1495 
f 1500/1500/1500 1495/1495/1495 1501/1501/1501 
f 1498/1498/1498 1502/1502/1502 1496/1496/1496 
f 1501/1501/1501 1496/1496/1496 1502/1502/1502 
f 1502/1502/1502 1498/1498/1498 1503/1503/1503 
f 1503/1503/1503 1498/1498/1498 418/418/418 
f 1502/1502/1502 1504/1504/1504 1501/1501/1501 
f 1503/1503/1503 1505/1505/1505 1502/1502/1502 
f 1504/1504/1504 1502/1502/1502 1505/1505/1505 
f 1506/1506/1506 1503/1503/1503 418/418/418 
f 1506/1506/1506 1505/1505/1505 1503/1503/1503 
f 1501/1501/1501 1507/1507/1507 1500/1500/1500 
f 1507/1507/1507 1501/1501/1501 1504/1504/1504 
f 1508/1508/1508 1500/1500/1500 1507/1507/1507 
f 1500/1500/1500 1508/1508/1508 1499/1499/1499 
f 1504/1504/1504 1509/1509/1509 1507/1507/1507 
f 1505/1505/1505 1510/1510/1510 1504/1504/1504 
f 1509/1509/1509 1504/1504/1504 1510/1510/1510 
f 1506/1506/1506 1511/1511/1511 1505/1505/1505 
f 1511/1511/1511 1510/1510/1510 1505/1505/1505 
f 1507/1507/1507 1512/1512/1512 1508/1508/1508 
f 1512/1512/1512 1507/1507/1507 1509/1509/1509 
f 1513/1513/1513 1514/1514/1514 1515/1515/1515 
f 1516/1516/1516 1514/1514/1514 1513/1513/1513 
f 1513/1513/1513 1517/1517/1517 1516/1516/1516 
f 1516/1516/1516 1517/1517/1517 1518/1518/1518 
f 1519/1519/1519 1520/1520/1520 1521/1521/1521 
f 1522/1522/1522 1519/1519/1519 1521/1521/1521 
f 1521/1521/1521 1520/1520/1520 1522/1522/1522 
f 1519/1519/1519 1522/1522/1522 1523/1523/1523 
f 1524/1524/1524 1523/1523/1523 1522/1522/1522 
f 1520/1520/1520 1524/1524/1524 1522/1522/1522 
f 1525/1525/1525 1519/1519/1519 1523/1523/1523 
f 1519/1519/1519 1525/1525/1525 1520/1520/1520 
f 1523/1523/1523 1524/1524/1524 1526/1526/1526 
f 1526/1526/1526 1525/1525/1525 1523/1523/1523 
f 1526/1526/1526 1524/1524/1524 1527/1527/1527 
f 1527/1527/1527 1525/1525/1525 1526/1526/1526 
f 1524/1524/1524 1520/1520/1520 1528/1528/1528 
f 1527/1527/1527 1524/1524/1524 1528/1528/1528 
f 1525/1525/1525 1529/1529/1529 1520/1520/1520 
f 1529/1529/1529 1525/1525/1525 1530/1530/1530 
f 1529/1529/1529 1531/1531/1531 1520/1520/1520 
f 1530/1530/1530 1531/1531/1531 1529/1529/1529 
f 1528/1528/1528 1520/1520/1520 1531/1531/1531 
f 1532/1532/1532 1530/1530/1530 1525/1525/1525 
f 1525/1525/1525 1527/1527/1527 1532/1532/1532 
f 1531/1531/1531 1530/1530/1530 1532/1532/1532 
f 1533/1533/1533 1531/1531/1531 1532/1532/1532 
f 1531/1531/1531 1533/1533/1533 1534/1534/1534 
f 1533/1533/1533 1532/1532/1532 1535/1535/1535 
f 1535/1535/1535 1534/1534/1534 1533/1533/1533 
f 1535/1535/1535 1532/1532/1532 1527/1527/1527 
f 1534/1534/1534 1536/1536/1536 1531/1531/1531 
f 1536/1536/1536 1528/1528/1528 1531/1531/1531 
f 1534/1534/1534 1535/1535/1535 1536/1536/1536 
f 1537/1537/1537 1527/1527/1527 1528/1528/1528 
f 1527/1527/1527 1537/1537/1537 1538/1538/1538 
f 1527/1527/1527 1538/1538/1538 1539/1539/1539 
f 1537/1537/1537 1539/1539/1539 1538/1538/1538 
f 1527/1527/1527 1539/1539/1539 1535/1535/1535 
f 1537/1537/1537 1528/1528/1528 1540/1540/1540 
f 1528/1528/1528 1536/1536/1536 1540/1540/1540 
f 1539/1539/1539 1537/1537/1537 1540/1540/1540 
f 1535/1535/1535 1541/1541/1541 1536/1536/1536 
f 1542/1542/1542 1541/1541/1541 1535/1535/1535 
f 1541/1541/1541 1543/1543/1543 1536/1536/1536 
f 1542/1542/1542 1543/1543/1543 1541/1541/1541 
f 1543/1543/1543 1540/1540/1540 1536/1536/1536 
f 1535/1535/1535 1544/1544/1544 1542/1542/1542 
f 1544/1544/1544 1535/1535/1535 1539/1539/1539 
f 1543/1543/1543 1542/1542/1542 1544/1544/1544 
f 1540/1540/1540 1545/1545/1545 1539/1539/1539 
f 1545/1545/1545 1540/1540/1540 1546/1546/1546 
f 1547/1547/1547 1546/1546/1546 1540/1540/1540 
f 1547/1547/1547 1545/1545/1545 1546/1546/1546 
f 1540/1540/1540 1543/1543/1543 1547/1547/1547 
f 1548/1548/1548 1539/1539/1539 1545/1545/1545 
f 1539/1539/1539 1548/1548/1548 1544/1544/1544 
f 1545/1545/1545 1547/1547/1547 1548/1548/1548 
f 1547/1547/1547 1549/1549/1549 1548/1548/1548 
f 1549/1549/1549 1547/1547/1547 1550/1550/1550 
f 1548/1548/1548 1549/1549/1549 1551/1551/1551 
f 1550/1550/1550 1551/1551/1551 1549/1549/1549 
f 1551/1551/1551 1544/1544/1544 1548/1548/1548 
f 1552/1552/1552 1550/1550/1550 1547/1547/1547 
f 1551/1551/1551 1550/1550/1550 1552/1552/1552 
f 1552/1552/1552 1547/1547/1547 1543/1543/1543 
f 1553/1553/1553 1543/1543/1543 1544/1544/1544 
f 1554/1554/1554 1544/1544/1544 1551/1551/1551 
f 1544/1544/1544 1554/1554/1554 1553/1553/1553 
f 1543/1543/1543 1553/1553/1553 1555/1555/1555 
f 1554/1554/1554 1555/1555/1555 1553/1553/1553 
f 1543/1543/1543 1555/1555/1555 1556/1556/1556 
f 1555/1555/1555 1554/1554/1554 1556/1556/1556 
f 1556/1556/1556 1552/1552/1552 1543/1543/1543 
f 1551/1551/1551 1552/1552/1552 1557/1557/1557 
f 1557/1557/1557 1552/1552/1552 1558/1558/1558 
f 1369/1369/1369 1551/1551/1551 1557/1557/1557 
f 1551/1551/1551 1369/1369/1369 1554/1554/1554 
f 1370/1370/1370 1557/1557/1557 1558/1558/1558 
f 1370/1370/1370 1558/1558/1558 1552/1552/1552 
f 1552/1552/1552 1556/1556/1556 1370/1370/1370 
f 1557/1557/1557 1370/1370/1370 1369/1369/1369 
f 1554/1554/1554 1559/1559/1559 1556/1556/1556 
f 1560/1560/1560 1559/1559/1559 1554/1554/1554 
f 1556/1556/1556 1559/1559/1559 1374/1374/1374 
f 1560/1560/1560 1374/1374/1374 1559/1559/1559 
f 1374/1374/1374 1370/1370/1370 1556/1556/1556 
f 1554/1554/1554 1368/1368/1368 1560/1560/1560 
f 1554/1554/1554 1369/1369/1369 1368/1368/1368 
f 1368/1368/1368 1374/1374/1374 1560/1560/1560 
f 1561/1561/1561 1562/1562/1562 1563/1563/1563 
f 1562/1562/1562 1561/1561/1561 1564/1564/1564 
f 1564/1564/1564 1565/1565/1565 1562/1562/1562 
f 1564/1564/1564 1561/1561/1561 1566/1566/1566 
f 1566/1566/1566 1561/1561/1561 1567/1567/1567 
f 1563/1563/1563 1567/1567/1567 1561/1561/1561 
f 1566/1566/1566 1568/1568/1568 1564/1564/1564 
f 1565/1565/1565 1564/1564/1564 1568/1568/1568 
f 1568/1568/1568 1566/1566/1566 1569/1569/1569 
f 1566/1566/1566 1567/1567/1567 1569/1569/1569 
f 1567/1567/1567 1568/1568/1568 1569/1569/1569 
f 1568/1568/1568 1567/1567/1567 1565/1565/1565 
f 1562/1562/1562 1565/1565/1565 1570/1570/1570 
f 1570/1570/1570 1563/1563/1563 1562/1562/1562 
f 1571/1571/1571 1565/1565/1565 1567/1567/1567 
f 1567/1567/1567 1563/1563/1563 1571/1571/1571 
f 1565/1565/1565 1571/1571/1571 1572/1572/1572 
f 1570/1570/1570 1565/1565/1565 1572/1572/1572 
f 1563/1563/1563 1573/1573/1573 1571/1571/1571 
f 1573/1573/1573 1572/1572/1572 1571/1571/1571 
f 1570/1570/1570 1574/1574/1574 1563/1563/1563 
f 1574/1574/1574 1573/1573/1573 1563/1563/1563 
f 1575/1575/1575 1573/1573/1573 1574/1574/1574 
f 1573/1573/1573 1575/1575/1575 1576/1576/1576 
f 1577/1577/1577 1573/1573/1573 1576/1576/1576 
f 1575/1575/1575 1577/1577/1577 1576/1576/1576 
f 1572/1572/1572 1573/1573/1573 1577/1577/1577 
f 1574/1574/1574 1578/1578/1578 1575/1575/1575 
f 1578/1578/1578 1577/1577/1577 1575/1575/1575 
f 1574/1574/1574 1570/1570/1570 1578/1578/1578 
f 1579/1579/1579 1572/1572/1572 1577/1577/1577 
f 1578/1578/1578 1579/1579/1579 1577/1577/1577 
f 1580/1580/1580 1570/1570/1570 1572/1572/1572 
f 1572/1572/1572 1579/1579/1579 1580/1580/1580 
f 1578/1578/1578 1570/1570/1570 1581/1581/1581 
f 1579/1579/1579 1578/1578/1578 1581/1581/1581 
f 1582/1582/1582 1581/1581/1581 1570/1570/1570 
f 1570/1570/1570 1580/1580/1580 1582/1582/1582 
f 1583/1583/1583 1579/1579/1579 1581/1581/1581 
f 1581/1581/1581 1582/1582/1582 1583/1583/1583 
f 1580/1580/1580 1579/1579/1579 1584/1584/1584 
f 1579/1579/1579 1583/1583/1583 1584/1584/1584 
f 1585/1585/1585 1580/1580/1580 1584/1584/1584 
f 1585/1585/1585 1582/1582/1582 1580/1580/1580 
f 1583/1583/1583 1585/1585/1585 1584/1584/1584 
f 1582/1582/1582 1585/1585/1585 1586/1586/1586 
f 1585/1585/1585 1583/1583/1583 1586/1586/1586 
f 1583/1583/1583 1582/1582/1582 1586/1586/1586 
f 1587/1587/1587 1588/1588/1588 1589/1589/1589 
f 1590/1590/1590 1587/1587/1587 1589/1589/1589 
f 1588/1588/1588 1587/1587/1587 1591/1591/1591 
f 1587/1587/1587 1590/1590/1590 1592/1592/1592 
f 1593/1593/1593 1588/1588/1588 1591/1591/1591 
f 1592/1592/1592 1590/1590/1590 1594/1594/1594 
f 1588/1588/1588 1593/1593/1593 1595/1595/1595 
f 1594/1594/1594 1596/1596/1596 1592/1592/1592 
f 1595/1595/1595 1593/1593/1593 1597/1597/1597 
f 1596/1596/1596 1594/1594/1594 1598/1598/1598 
f 1597/1597/1597 1593/1593/1593 1598/1598/1598 
f 1597/1597/1597 1598/1598/1598 1594/1594/1594 
f 1599/1599/1599 1600/1600/1600 1601/1601/1601 
f 1601/1601/1601 1600/1600/1600 1602/1602/1602 
f 1600/1600/1600 1599/1599/1599 1603/1603/1603 
f 1603/1603/1603 1599/1599/1599 1604/1604/1604 
f 1605/1605/1605 1606/1606/1606 1607/1607/1607 
f 1606/1606/1606 1605/1605/1605 1608/1608/1608 
f 1608/1608/1608 1605/1605/1605 1609/1609/1609 
f 1606/1606/1606 1608/1608/1608 1610/1610/1610 
f 1611/1611/1611 1199/1199/1199 1209/1209/1209 
f 1199/1199/1199 1611/1611/1611 1612/1612/1612 
f 1612/1612/1612 1200/1200/1200 1199/1199/1199 
f 1612/1612/1612 1613/1613/1613 1200/1200/1200 
f 1612/1612/1612 1614/1614/1614 1613/1613/1613 
f 1613/1613/1613 1615/1615/1615 1200/1200/1200 
f 1614/1614/1614 1615/1615/1615 1613/1613/1613 
f 1614/1614/1614 1612/1612/1612 1616/1616/1616 
f 1616/1616/1616 1615/1615/1615 1614/1614/1614 
f 1611/1611/1611 1616/1616/1616 1612/1612/1612 
f 1615/1615/1615 1616/1616/1616 1611/1611/1611 
f 1615/1615/1615 1220/1220/1220 1200/1200/1200 
f 1611/1611/1611 1209/1209/1209 1617/1617/1617 
f 1220/1220/1220 1618/1618/1618 1209/1209/1209 
f 1618/1618/1618 1617/1617/1617 1209/1209/1209 
f 1618/1618/1618 1220/1220/1220 1619/1619/1619 
f 1620/1620/1620 1619/1619/1619 1220/1220/1220 
f 1620/1620/1620 1618/1618/1618 1619/1619/1619 
f 1220/1220/1220 1615/1615/1615 1620/1620/1620 
f 1618/1618/1618 1620/1620/1620 1617/1617/1617 
f 1621/1621/1621 1615/1615/1615 1611/1611/1611 
f 1617/1617/1617 1622/1622/1622 1611/1611/1611 
f 1622/1622/1622 1621/1621/1621 1611/1611/1611 
f 1621/1621/1621 1623/1623/1623 1615/1615/1615 
f 1615/1615/1615 1624/1624/1624 1620/1620/1620 
f 1623/1623/1623 1624/1624/1624 1615/1615/1615 
f 1625/1625/1625 1617/1617/1617 1620/1620/1620 
f 1625/1625/1625 1620/1620/1620 1624/1624/1624 
f 1617/1617/1617 1625/1625/1625 1626/1626/1626 
f 1622/1622/1622 1617/1617/1617 1626/1626/1626 
f 1625/1625/1625 1627/1627/1627 1626/1626/1626 
f 1626/1626/1626 1627/1627/1627 1622/1622/1622 
f 1627/1627/1627 1625/1625/1625 1628/1628/1628 
f 1624/1624/1624 1628/1628/1628 1625/1625/1625 
f 1624/1624/1624 1627/1627/1627 1628/1628/1628 
f 1627/1627/1627 1624/1624/1624 1622/1622/1622 
f 1624/1624/1624 1623/1623/1623 1629/1629/1629 
f 1629/1629/1629 1622/1622/1622 1624/1624/1624 
f 1621/1621/1621 1629/1629/1629 1623/1623/1623 
f 1622/1622/1622 1629/1629/1629 1630/1630/1630 
f 1629/1629/1629 1621/1621/1621 1630/1630/1630 
f 1621/1621/1621 1622/1622/1622 1630/1630/1630 
f 1631/1631/1631 1632/1632/1632 1633/1633/1633 
f 1632/1632/1632 1631/1631/1631 1634/1634/1634 
f 1635/1635/1635 1636/1636/1636 1637/1637/1637 
f 1637/1637/1637 1638/1638/1638 1635/1635/1635 
f 1639/1639/1639 1635/1635/1635 1638/1638/1638 
f 1637/1637/1637 1640/1640/1640 1638/1638/1638 
f 1641/1641/1641 1639/1639/1639 1638/1638/1638 
f 1641/1641/1641 1638/1638/1638 1640/1640/1640 
f 1642/1642/1642 1640/1640/1640 1637/1637/1637 
f 1641/1641/1641 1643/1643/1643 1639/1639/1639 
f 1640/1640/1640 1642/1642/1642 1644/1644/1644 
f 1640/1640/1640 1645/1645/1645 1641/1641/1641 
f 1645/1645/1645 1640/1640/1640 1644/1644/1644 
f 1646/1646/1646 1644/1644/1644 1642/1642/1642 
f 1644/1644/1644 1646/1646/1646 1645/1645/1645 
f 1646/1646/1646 1642/1642/1642 1647/1647/1647 
f 1648/1648/1648 1642/1642/1642 1637/1637/1637 
f 1647/1647/1647 1642/1642/1642 1648/1648/1648 
f 1637/1637/1637 1636/1636/1636 1648/1648/1648 
f 1647/1647/1647 1649/1649/1649 1646/1646/1646 
f 1648/1648/1648 1649/1649/1649 1647/1647/1647 
f 1646/1646/1646 1650/1650/1650 1645/1645/1645 
f 1649/1649/1649 1650/1650/1650 1646/1646/1646 
f 1651/1651/1651 1645/1645/1645 1650/1650/1650 
f 1650/1650/1650 1649/1649/1649 1651/1651/1651 
f 1641/1641/1641 1645/1645/1645 1651/1651/1651 
f 1649/1649/1649 1648/1648/1648 1652/1652/1652 
f 1636/1636/1636 1652/1652/1652 1648/1648/1648 
f 1652/1652/1652 1651/1651/1651 1649/1649/1649 
f 1636/1636/1636 1653/1653/1653 1652/1652/1652 
f 1651/1651/1651 1652/1652/1652 1653/1653/1653 
f 1641/1641/1641 1651/1651/1651 1654/1654/1654 
f 1653/1653/1653 1654/1654/1654 1651/1651/1651 
f 1654/1654/1654 1643/1643/1643 1641/1641/1641 
f 1655/1655/1655 1653/1653/1653 1636/1636/1636 
f 1635/1635/1635 1655/1655/1655 1636/1636/1636 
f 1656/1656/1656 1654/1654/1654 1653/1653/1653 
f 1643/1643/1643 1654/1654/1654 1656/1656/1656 
f 1657/1657/1657 1656/1656/1656 1653/1653/1653 
f 1653/1653/1653 1655/1655/1655 1657/1657/1657 
f 1656/1656/1656 1657/1657/1657 1658/1658/1658 
f 1655/1655/1655 1658/1658/1658 1657/1657/1657 
f 1658/1658/1658 1659/1659/1659 1656/1656/1656 
f 1643/1643/1643 1656/1656/1656 1659/1659/1659 
f 1655/1655/1655 1635/1635/1635 1660/1660/1660 
f 1635/1635/1635 1639/1639/1639 1660/1660/1660 
f 1639/1639/1639 1643/1643/1643 1661/1661/1661 
f 1661/1661/1661 1660/1660/1660 1639/1639/1639 
f 1659/1659/1659 1662/1662/1662 1643/1643/1643 
f 1661/1661/1661 1643/1643/1643 1662/1662/1662 
f 1655/1655/1655 1660/1660/1660 1663/1663/1663 
f 1660/1660/1660 1661/1661/1661 1663/1663/1663 
f 1655/1655/1655 1663/1663/1663 1664/1664/1664 
f 1655/1655/1655 1664/1664/1664 1658/1658/1658 
f 1661/1661/1661 1665/1665/1665 1663/1663/1663 
f 1665/1665/1665 1664/1664/1664 1663/1663/1663 
f 1666/1666/1666 1661/1661/1661 1662/1662/1662 
f 1665/1665/1665 1661/1661/1661 1666/1666/1666 
f 1664/1664/1664 1667/1667/1667 1658/1658/1658 
f 1667/1667/1667 1659/1659/1659 1658/1658/1658 
f 1664/1664/1664 1665/1665/1665 1668/1668/1668 
f 1667/1667/1667 1664/1664/1664 1668/1668/1668 
f 1665/1665/1665 1669/1669/1669 1668/1668/1668 
f 1667/1667/1667 1668/1668/1668 1669/1669/1669 
f 1670/1670/1670 1669/1669/1669 1665/1665/1665 
f 1670/1670/1670 1665/1665/1665 1666/1666/1666 
f 1669/1669/1669 1671/1671/1671 1667/1667/1667 
f 1669/1669/1669 1670/1670/1670 1672/1672/1672 
f 1672/1672/1672 1671/1671/1671 1669/1669/1669 
f 1667/1667/1667 1673/1673/1673 1659/1659/1659 
f 1662/1662/1662 1659/1659/1659 1673/1673/1673 
f 1662/1662/1662 1674/1674/1674 1666/1666/1666 
f 1673/1673/1673 1674/1674/1674 1662/1662/1662 
f 1666/1666/1666 1674/1674/1674 1675/1675/1675 
f 1675/1675/1675 1674/1674/1674 1673/1673/1673 
f 1673/1673/1673 1667/1667/1667 1676/1676/1676 
f 1675/1675/1675 1673/1673/1673 1676/1676/1676 
f 1671/1671/1671 1676/1676/1676 1667/1667/1667 
f 1675/1675/1675 1677/1677/1677 1666/1666/1666 
f 1670/1670/1670 1666/1666/1666 1677/1677/1677 
f 1676/1676/1676 1678/1678/1678 1675/1675/1675 
f 1677/1677/1677 1675/1675/1675 1678/1678/1678 
f 1679/1679/1679 1676/1676/1676 1671/1671/1671 
f 1671/1671/1671 1672/1672/1672 1679/1679/1679 
f 1676/1676/1676 1679/1679/1679 1680/1680/1680 
f 1680/1680/1680 1678/1678/1678 1676/1676/1676 
f 1680/1680/1680 1679/1679/1679 1681/1681/1681 
f 1672/1672/1672 1681/1681/1681 1679/1679/1679 
f 1681/1681/1681 1682/1682/1682 1680/1680/1680 
f 1682/1682/1682 1678/1678/1678 1680/1680/1680 
f 1681/1681/1681 1672/1672/1672 1683/1683/1683 
f 1682/1682/1682 1684/1684/1684 1678/1678/1678 
f 1672/1672/1672 1685/1685/1685 1683/1683/1683 
f 1686/1686/1686 1678/1678/1678 1684/1684/1684 
f 1672/1672/1672 1687/1687/1687 1685/1685/1685 
f 1686/1686/1686 1685/1685/1685 1687/1687/1687 
f 1670/1670/1670 1687/1687/1687 1672/1672/1672 
f 1677/1677/1677 1687/1687/1687 1670/1670/1670 
f 1687/1687/1687 1688/1688/1688 1686/1686/1686 
f 1687/1687/1687 1677/1677/1677 1688/1688/1688 
f 1688/1688/1688 1678/1678/1678 1686/1686/1686 
f 1678/1678/1678 1688/1688/1688 1677/1677/1677 
f 1689/1689/1689 1690/1690/1690 1691/1691/1691 
f 1692/1692/1692 1691/1691/1691 1690/1690/1690 
f 1689/1689/1689 1691/1691/1691 1693/1693/1693 
f 1689/1689/1689 1693/1693/1693 1694/1694/1694 
f 1695/1695/1695 1689/1689/1689 1694/1694/1694 
f 1693/1693/1693 1696/1696/1696 1694/1694/1694 
f 1695/1695/1695 1694/1694/1694 1696/1696/1696 
f 1697/1697/1697 1689/1689/1689 1695/1695/1695 
f 1697/1697/1697 1695/1695/1695 1696/1696/1696 
f 1690/1690/1690 1689/1689/1689 1697/1697/1697 
f 1691/1691/1691 1698/1698/1698 1693/1693/1693 
f 1693/1693/1693 1699/1699/1699 1696/1696/1696 
f 1699/1699/1699 1693/1693/1693 1698/1698/1698 
f 1697/1697/1697 1696/1696/1696 1700/1700/1700 
f 1696/1696/1696 1699/1699/1699 1700/1700/1700 
f 1701/1701/1701 1697/1697/1697 1700/1700/1700 
f 1701/1701/1701 1690/1690/1690 1697/1697/1697 
f 1691/1691/1691 1702/1702/1702 1698/1698/1698 
f 1691/1691/1691 1692/1692/1692 1702/1702/1702 
f 1690/1690/1690 1701/1701/1701 1703/1703/1703 
f 1690/1690/1690 1703/1703/1703 1699/1699/1699 
f 1701/1701/1701 1700/1700/1700 1704/1704/1704 
f 1692/1692/1692 1690/1690/1690 1705/1705/1705 
f 1699/1699/1699 1705/1705/1705 1690/1690/1690 
f 1699/1699/1699 1698/1698/1698 1705/1705/1705 
f 1700/1700/1700 1699/1699/1699 1706/1706/1706 
f 1700/1700/1700 1706/1706/1706 1704/1704/1704 
f 1706/1706/1706 1699/1699/1699 1703/1703/1703 
f 1707/1707/1707 1701/1701/1701 1704/1704/1704 
f 1701/1701/1701 1707/1707/1707 1703/1703/1703 
f 1704/1704/1704 1706/1706/1706 1708/1708/1708 
f 1707/1707/1707 1704/1704/1704 1708/1708/1708 
f 1703/1703/1703 1708/1708/1708 1706/1706/1706 
f 1709/1709/1709 1707/1707/1707 1708/1708/1708 
f 1709/1709/1709 1703/1703/1703 1707/1707/1707 
f 1708/1708/1708 1703/1703/1703 1709/1709/1709 
f 1710/1710/1710 1705/1705/1705 1698/1698/1698 
f 1710/1710/1710 1698/1698/1698 1702/1702/1702 
f 1705/1705/1705 1710/1710/1710 1711/1711/1711 
f 1692/1692/1692 1705/1705/1705 1711/1711/1711 
f 1702/1702/1702 1712/1712/1712 1710/1710/1710 
f 1713/1713/1713 1702/1702/1702 1692/1692/1692 
f 1702/1702/1702 1713/1713/1713 1712/1712/1712 
f 1713/1713/1713 1692/1692/1692 1711/1711/1711 
f 1714/1714/1714 1710/1710/1710 1712/1712/1712 
f 1712/1712/1712 1713/1713/1713 1714/1714/1714 
f 1711/1711/1711 1710/1710/1710 1714/1714/1714 
f 1711/1711/1711 1714/1714/1714 1713/1713/1713 
f 1715/1715/1715 1716/1716/1716 1717/1717/1717 
f 1718/1718/1718 1717/1717/1717 1716/1716/1716 
f 1716/1716/1716 1715/1715/1715 1719/1719/1719 
f 1720/1720/1720 1718/1718/1718 1716/1716/1716 
f 1719/1719/1719 1721/1721/1721 1716/1716/1716 
f 1716/1716/1716 1721/1721/1721 1720/1720/1720 
f 1719/1719/1719 1722/1722/1722 1721/1721/1721 
f 1722/1722/1722 1719/1719/1719 1723/1723/1723 
f 1719/1719/1719 1724/1724/1724 1723/1723/1723 
f 1724/1724/1724 1719/1719/1719 1715/1715/1715 
f 1724/1724/1724 1722/1722/1722 1725/1725/1725 
f 1722/1722/1722 1724/1724/1724 1726/1726/1726 
f 1722/1722/1722 1726/1726/1726 1721/1721/1721 
f 1715/1715/1715 1726/1726/1726 1724/1724/1724 
f 1727/1727/1727 1721/1721/1721 1726/1726/1726 
f 1726/1726/1726 1715/1715/1715 1727/1727/1727 
f 1721/1721/1721 1727/1727/1727 1720/1720/1720 
f 1717/1717/1717 1727/1727/1727 1715/1715/1715 
f 1728/1728/1728 1720/1720/1720 1727/1727/1727 
f 1727/1727/1727 1717/1717/1717 1728/1728/1728 
f 1728/1728/1728 1729/1729/1729 1720/1720/1720 
f 1718/1718/1718 1720/1720/1720 1729/1729/1729 
f 1729/1729/1729 1728/1728/1728 1730/1730/1730 
f 1729/1729/1729 1730/1730/1730 1731/1731/1731 
f 1731/1731/1731 1718/1718/1718 1732/1732/1732 
f 1718/1718/1718 1731/1731/1731 1733/1733/1733 
f 1731/1731/1731 1734/1734/1734 1733/1733/1733 
f 1734/1734/1734 1718/1718/1718 1733/1733/1733 
f 1734/1734/1734 1731/1731/1731 1730/1730/1730 
f 1717/1717/1717 1718/1718/1718 1734/1734/1734 
f 1730/1730/1730 1728/1728/1728 1735/1735/1735 
f 1735/1735/1735 1734/1734/1734 1730/1730/1730 
f 1717/1717/1717 1736/1736/1736 1728/1728/1728 
f 1736/1736/1736 1735/1735/1735 1728/1728/1728 
f 1737/1737/1737 1717/1717/1717 1734/1734/1734 
f 1734/1734/1734 1735/1735/1735 1737/1737/1737 
f 1736/1736/1736 1717/1717/1717 1738/1738/1738 
f 1717/1717/1717 1737/1737/1737 1738/1738/1738 
f 1735/1735/1735 1736/1736/1736 1739/1739/1739 
f 1740/1740/1740 1739/1739/1739 1736/1736/1736 
f 1738/1738/1738 1740/1740/1740 1736/1736/1736 
f 1741/1741/1741 1735/1735/1735 1739/1739/1739 
f 1735/1735/1735 1741/1741/1741 1737/1737/1737 
f 1741/1741/1741 1738/1738/1738 1737/1737/1737 
f 1740/1740/1740 1741/1741/1741 1742/1742/1742 
f 1743/1743/1743 1738/1738/1738 1741/1741/1741 
f 1740/1740/1740 1738/1738/1738 1743/1743/1743 
f 1741/1741/1741 1740/1740/1740 1743/1743/1743 
f 1744/1744/1744 1745/1745/1745 1746/1746/1746 
f 1745/1745/1745 1747/1747/1747 1746/1746/1746 
f 1746/1746/1746 1748/1748/1748 1744/1744/1744 
f 1748/1748/1748 1746/1746/1746 1747/1747/1747 
f 1748/1748/1748 1749/1749/1749 1744/1744/1744 
f 1747/1747/1747 1750/1750/1750 1748/1748/1748 
f 1749/1749/1749 1748/1748/1748 1751/1751/1751 
f 1750/1750/1750 1751/1751/1751 1748/1748/1748 
f 1752/1752/1752 1750/1750/1750 1747/1747/1747 
f 1751/1751/1751 1750/1750/1750 1752/1752/1752 
f 1752/1752/1752 1747/1747/1747 1753/1753/1753 
f 1745/1745/1745 1753/1753/1753 1747/1747/1747 
f 1744/1744/1744 1749/1749/1749 1754/1754/1754 
f 1749/1749/1749 1751/1751/1751 1754/1754/1754 
f 1754/1754/1754 1755/1755/1755 1744/1744/1744 
f 1745/1745/1745 1744/1744/1744 1755/1755/1755 
f 1754/1754/1754 1751/1751/1751 1756/1756/1756 
f 1756/1756/1756 1755/1755/1755 1754/1754/1754 
f 1751/1751/1751 1752/1752/1752 1757/1757/1757 
f 1753/1753/1753 1757/1757/1757 1752/1752/1752 
f 1756/1756/1756 1751/1751/1751 1758/1758/1758 
f 1757/1757/1757 1758/1758/1758 1751/1751/1751 
f 1758/1758/1758 1759/1759/1759 1756/1756/1756 
f 1759/1759/1759 1758/1758/1758 1760/1760/1760 
f 1761/1761/1761 1760/1760/1760 1758/1758/1758 
f 1758/1758/1758 1757/1757/1757 1761/1761/1761 
f 1762/1762/1762 1756/1756/1756 1759/1759/1759 
f 1755/1755/1755 1756/1756/1756 1762/1762/1762 
f 1762/1762/1762 1745/1745/1745 1755/1755/1755 
f 1759/1759/1759 1763/1763/1763 1762/1762/1762 
f 1757/1757/1757 1764/1764/1764 1761/1761/1761 
f 1757/1757/1757 1753/1753/1753 1764/1764/1764 
f 1764/1764/1764 1753/1753/1753 1745/1745/1745 
f 1761/1761/1761 1764/1764/1764 1765/1765/1765 
f 1766/1766/1766 1762/1762/1762 1763/1763/1763 
f 1745/1745/1745 1762/1762/1762 1766/1766/1766 
f 1766/1766/1766 1764/1764/1764 1745/1745/1745 
f 1764/1764/1764 1766/1766/1766 1765/1765/1765 
f 1763/1763/1763 1767/1767/1767 1766/1766/1766 
f 1765/1765/1765 1766/1766/1766 1767/1767/1767 
f 1768/1768/1768 1769/1769/1769 1770/1770/1770 
f 1768/1768/1768 1770/1770/1770 1771/1771/1771 
f 1772/1772/1772 1768/1768/1768 1771/1771/1771 
f 1773/1773/1773 1770/1770/1770 1769/1769/1769 
f 1770/1770/1770 1773/1773/1773 1774/1774/1774 
f 1773/1773/1773 1769/1769/1769 1775/1775/1775 
f 1769/1769/1769 1768/1768/1768 1775/1775/1775 
f 1773/1773/1773 1776/1776/1776 1774/1774/1774 
f 1774/1774/1774 1776/1776/1776 1777/1777/1777 
f 1776/1776/1776 1778/1778/1778 1777/1777/1777 
f 1779/1779/1779 1768/1768/1768 1772/1772/1772 
f 1772/1772/1772 1778/1778/1778 1780/1780/1780 
f 1772/1772/1772 1780/1780/1780 1779/1779/1779 
f 1776/1776/1776 1780/1780/1780 1778/1778/1778 
f 1781/1781/1781 1768/1768/1768 1779/1779/1779 
f 1780/1780/1780 1781/1781/1781 1779/1779/1779 
f 1776/1776/1776 1782/1782/1782 1780/1780/1780 
f 1781/1781/1781 1780/1780/1780 1782/1782/1782 
f 1768/1768/1768 1781/1781/1781 1783/1783/1783 
f 1783/1783/1783 1775/1775/1775 1768/1768/1768 
f 1781/1781/1781 1784/1784/1784 1783/1783/1783 
f 1775/1775/1775 1783/1783/1783 1784/1784/1784 
f 1785/1785/1785 1776/1776/1776 1773/1773/1773 
f 1775/1775/1775 1785/1785/1785 1773/1773/1773 
f 1786/1786/1786 1782/1782/1782 1776/1776/1776 
f 1776/1776/1776 1785/1785/1785 1786/1786/1786 
f 1782/1782/1782 1787/1787/1787 1781/1781/1781 
f 1787/1787/1787 1784/1784/1784 1781/1781/1781 
f 1788/1788/1788 1782/1782/1782 1786/1786/1786 
f 1785/1785/1785 1788/1788/1788 1786/1786/1786 
f 1787/1787/1787 1782/1782/1782 1789/1789/1789 
f 1788/1788/1788 1789/1789/1789 1782/1782/1782 
f 1789/1789/1789 1790/1790/1790 1787/1787/1787 
f 1790/1790/1790 1784/1784/1784 1787/1787/1787 
f 1790/1790/1790 1789/1789/1789 1791/1791/1791 
f 1788/1788/1788 1791/1791/1791 1789/1789/1789 
f 1784/1784/1784 1790/1790/1790 1792/1792/1792 
f 1793/1793/1793 1788/1788/1788 1785/1785/1785 
f 1794/1794/1794 1785/1785/1785 1775/1775/1775 
f 1784/1784/1784 1794/1794/1794 1775/1775/1775 
f 1785/1785/1785 1794/1794/1794 1793/1793/1793 
f 1784/1784/1784 1795/1795/1795 1794/1794/1794 
f 1795/1795/1795 1793/1793/1793 1794/1794/1794 
f 1795/1795/1795 1784/1784/1784 1792/1792/1792 
f 1796/1796/1796 1788/1788/1788 1793/1793/1793 
f 1793/1793/1793 1795/1795/1795 1796/1796/1796 
f 1788/1788/1788 1796/1796/1796 1797/1797/1797 
f 1791/1791/1791 1788/1788/1788 1797/1797/1797 
f 1798/1798/1798 1796/1796/1796 1795/1795/1795 
f 1795/1795/1795 1792/1792/1792 1798/1798/1798 
f 1797/1797/1797 1796/1796/1796 1799/1799/1799 
f 1796/1796/1796 1798/1798/1798 1799/1799/1799 
f 1791/1791/1791 1797/1797/1797 1800/1800/1800 
f 1791/1791/1791 1801/1801/1801 1790/1790/1790 
f 1792/1792/1792 1790/1790/1790 1801/1801/1801 
f 1801/1801/1801 1791/1791/1791 1800/1800/1800 
f 1798/1798/1798 1792/1792/1792 1802/1802/1802 
f 1792/1792/1792 1801/1801/1801 1802/1802/1802 
f 1803/1803/1803 1799/1799/1799 1798/1798/1798 
f 1798/1798/1798 1802/1802/1802 1803/1803/1803 
f 1799/1799/1799 1804/1804/1804 1797/1797/1797 
f 1800/1800/1800 1797/1797/1797 1804/1804/1804 
f 1804/1804/1804 1799/1799/1799 1805/1805/1805 
f 1799/1799/1799 1803/1803/1803 1805/1805/1805 
f 1805/1805/1805 1806/1806/1806 1804/1804/1804 
f 1802/1802/1802 1801/1801/1801 1807/1807/1807 
f 1800/1800/1800 1807/1807/1807 1801/1801/1801 
f 1800/1800/1800 1804/1804/1804 1808/1808/1808 
f 1808/1808/1808 1804/1804/1804 1806/1806/1806 
f 1807/1807/1807 1800/1800/1800 1808/1808/1808 
f 1805/1805/1805 1809/1809/1809 1806/1806/1806 
f 1809/1809/1809 1808/1808/1808 1806/1806/1806 
f 1809/1809/1809 1805/1805/1805 1810/1810/1810 
f 1803/1803/1803 1810/1810/1810 1805/1805/1805 
f 1809/1809/1809 1810/1810/1810 1811/1811/1811 
f 1810/1810/1810 1803/1803/1803 1811/1811/1811 
f 1809/1809/1809 1811/1811/1811 1812/1812/1812 
f 1803/1803/1803 1812/1812/1812 1811/1811/1811 
f 1808/1808/1808 1809/1809/1809 1813/1813/1813 
f 1813/1813/1813 1807/1807/1807 1808/1808/1808 
f 1812/1812/1812 1813/1813/1813 1809/1809/1809 
f 1807/1807/1807 1813/1813/1813 1814/1814/1814 
f 1812/1812/1812 1814/1814/1814 1813/1813/1813 
f 1812/1812/1812 1807/1807/1807 1814/1814/1814 
f 1812/1812/1812 1803/1803/1803 1815/1815/1815 
f 1807/1807/1807 1812/1812/1812 1815/1815/1815 
f 1803/1803/1803 1802/1802/1802 1815/1815/1815 
f 1802/1802/1802 1807/1807/1807 1815/1815/1815 
f 287/287/287 292/292/292 1816/1816/1816 
f 1816/1816/1816 286/286/286 287/287/287 
f 1817/1817/1817 292/292/292 291/291/291 
f 291/291/291 290/290/290 1817/1817/1817 
f 1818/1818/1818 1816/1816/1816 292/292/292 
f 292/292/292 1817/1817/1817 1818/1818/1818 
f 1819/1819/1819 286/286/286 1816/1816/1816 
f 1819/1819/1819 259/259/259 286/286/286 
f 263/263/263 259/259/259 1819/1819/1819 
f 1820/1820/1820 1819/1819/1819 1816/1816/1816 
f 1816/1816/1816 1818/1818/1818 1820/1820/1820 
f 1819/1819/1819 1821/1821/1821 263/263/263 
f 1821/1821/1821 1819/1819/1819 1820/1820/1820 
f 1822/1822/1822 263/263/263 1821/1821/1821 
f 263/263/263 1822/1822/1822 262/262/262 
f 1823/1823/1823 1818/1818/1818 1817/1817/1817 
f 1817/1817/1817 290/290/290 1823/1823/1823 
f 1824/1824/1824 1820/1820/1820 1818/1818/1818 
f 1818/1818/1818 1823/1823/1823 1824/1824/1824 
f 1825/1825/1825 1824/1824/1824 1823/1823/1823 
f 1823/1823/1823 290/290/290 1825/1825/1825 
f 1826/1826/1826 1820/1820/1820 1824/1824/1824 
f 1820/1820/1820 1826/1826/1826 1821/1821/1821 
f 1827/1827/1827 1824/1824/1824 1825/1825/1825 
f 1824/1824/1824 1827/1827/1827 1826/1826/1826 
f 1825/1825/1825 290/290/290 1827/1827/1827 
f 1828/1828/1828 1821/1821/1821 1826/1826/1826 
f 1821/1821/1821 1828/1828/1828 1822/1822/1822 
f 1829/1829/1829 1826/1826/1826 1827/1827/1827 
f 1826/1826/1826 1829/1829/1829 1828/1828/1828 
f 1827/1827/1827 290/290/290 1829/1829/1829 
f 1830/1830/1830 1828/1828/1828 1829/1829/1829 
f 1829/1829/1829 290/290/290 1830/1830/1830 
f 1831/1831/1831 1822/1822/1822 1828/1828/1828 
f 1830/1830/1830 1831/1831/1831 1828/1828/1828 
f 1831/1831/1831 1832/1832/1832 1822/1822/1822 
f 1832/1832/1832 262/262/262 1822/1822/1822 
f 1832/1832/1832 265/265/265 262/262/262 
f 265/265/265 1832/1832/1832 273/273/273 
f 1833/1833/1833 273/273/273 1832/1832/1832 
f 1832/1832/1832 1831/1831/1831 1833/1833/1833 
f 277/277/277 273/273/273 1833/1833/1833 
f 1831/1831/1831 1830/1830/1830 1834/1834/1834 
f 1834/1834/1834 1833/1833/1833 1831/1831/1831 
f 1830/1830/1830 290/290/290 1834/1834/1834 
f 1835/1835/1835 277/277/277 1833/1833/1833 
f 1835/1835/1835 1833/1833/1833 1834/1834/1834 
f 1834/1834/1834 290/290/290 1835/1835/1835 
f 281/281/281 277/277/277 1835/1835/1835 
f 1835/1835/1835 290/290/290 281/281/281 
f 1836/1836/1836 1837/1837/1837 1838/1838/1838 
f 1837/1837/1837 1839/1839/1839 1838/1838/1838 
f 1839/1839/1839 1840/1840/1840 1838/1838/1838 
f 1836/1836/1836 1838/1838/1838 1840/1840/1840 
f 1837/1837/1837 1841/1841/1841 1839/1839/1839 
f 1841/1841/1841 1840/1840/1840 1839/1839/1839 
f 1842/1842/1842 1836/1836/1836 1840/1840/1840 
f 1841/1841/1841 1837/1837/1837 1843/1843/1843 
f 1836/1836/1836 1842/1842/1842 1844/1844/1844 
f 1845/1845/1845 1842/1842/1842 1840/1840/1840 
f 1842/1842/1842 1845/1845/1845 1844/1844/1844 
f 1845/1845/1845 1840/1840/1840 1846/1846/1846 
f 1840/1840/1840 1841/1841/1841 1846/1846/1846 
f 1846/1846/1846 1841/1841/1841 1847/1847/1847 
f 1841/1841/1841 1848/1848/1848 1847/1847/1847 
f 1848/1848/1848 1846/1846/1846 1847/1847/1847 
f 1841/1841/1841 1843/1843/1843 1848/1848/1848 
f 1846/1846/1846 1848/1848/1848 1845/1845/1845 
f 1844/1844/1844 1849/1849/1849 1836/1836/1836 
f 1837/1837/1837 1836/1836/1836 1849/1849/1849 
f 1850/1850/1850 1844/1844/1844 1845/1845/1845 
f 1848/1848/1848 1850/1850/1850 1845/1845/1845 
f 1851/1851/1851 1849/1849/1849 1844/1844/1844 
f 1851/1851/1851 1844/1844/1844 1850/1850/1850 
f 1849/1849/1849 1852/1852/1852 1837/1837/1837 
f 1851/1851/1851 1852/1852/1852 1849/1849/1849 
f 1853/1853/1853 1837/1837/1837 1852/1852/1852 
f 1851/1851/1851 1853/1853/1853 1852/1852/1852 
f 1843/1843/1843 1837/1837/1837 1853/1853/1853 
f 1853/1853/1853 1848/1848/1848 1843/1843/1843 
f 1851/1851/1851 1854/1854/1854 1853/1853/1853 
f 1848/1848/1848 1853/1853/1853 1854/1854/1854 
f 1851/1851/1851 1850/1850/1850 1854/1854/1854 
f 1854/1854/1854 1850/1850/1850 1848/1848/1848 
f 1855/1855/1855 1856/1856/1856 1857/1857/1857 
f 1856/1856/1856 1858/1858/1858 1857/1857/1857 
f 1856/1856/1856 1855/1855/1855 1859/1859/1859 
f 1860/1860/1860 1858/1858/1858 1856/1856/1856 
f 1859/1859/1859 1861/1861/1861 1856/1856/1856 
f 1856/1856/1856 1862/1862/1862 1860/1860/1860 
f 1861/1861/1861 1863/1863/1863 1856/1856/1856 
f 1863/1863/1863 1862/1862/1862 1856/1856/1856 
f 1864/1864/1864 1865/1865/1865 1866/1866/1866 
f 1865/1865/1865 1867/1867/1867 1866/1866/1866 
f 1865/1865/1865 1864/1864/1864 1868/1868/1868 
f 1869/1869/1869 1867/1867/1867 1865/1865/1865 
f 1868/1868/1868 1870/1870/1870 1865/1865/1865 
f 1865/1865/1865 1871/1871/1871 1869/1869/1869 
f 1870/1870/1870 1872/1872/1872 1865/1865/1865 
f 1872/1872/1872 1871/1871/1871 1865/1865/1865 
f 973/973/973 1873/1873/1873 972/972/972 
f 974/974/974 1874/1874/1874 973/973/973 
f 1873/1873/1873 973/973/973 1874/1874/1874 
f 1875/1875/1875 974/974/974 959/959/959 
f 974/974/974 1876/1876/1876 1874/1874/1874 
f 1876/1876/1876 974/974/974 1875/1875/1875 
f 1877/1877/1877 1874/1874/1874 1876/1876/1876 
f 1874/1874/1874 1878/1878/1878 1873/1873/1873 
f 1874/1874/1874 1877/1877/1877 1878/1878/1878 
f 1879/1879/1879 1875/1875/1875 959/959/959 
f 1880/1880/1880 1879/1879/1879 959/959/959 
f 958/958/958 1880/1880/1880 959/959/959 
f 1879/1879/1879 1881/1881/1881 1875/1875/1875 
f 1876/1876/1876 1875/1875/1875 1881/1881/1881 
f 1880/1880/1880 1882/1882/1882 1879/1879/1879 
f 958/958/958 1882/1882/1882 1880/1880/1880 
f 1881/1881/1881 1879/1879/1879 1882/1882/1882 
f 1882/1882/1882 958/958/958 1883/1883/1883 
f 1883/1883/1883 958/958/958 955/955/955 
f 1881/1881/1881 1884/1884/1884 1876/1876/1876 
f 1877/1877/1877 1876/1876/1876 1884/1884/1884 
f 1882/1882/1882 1885/1885/1885 1881/1881/1881 
f 1884/1884/1884 1881/1881/1881 1885/1885/1885 
f 1883/1883/1883 1886/1886/1886 1882/1882/1882 
f 1885/1885/1885 1882/1882/1882 1886/1886/1886 
f 955/955/955 1887/1887/1887 1883/1883/1883 
f 1886/1886/1886 1883/1883/1883 1887/1887/1887 
f 1887/1887/1887 955/955/955 954/954/954 
f 954/954/954 1888/1888/1888 1887/1887/1887 
f 1888/1888/1888 954/954/954 963/963/963 
f 1887/1887/1887 1889/1889/1889 1886/1886/1886 
f 1889/1889/1889 1887/1887/1887 1888/1888/1888 
f 1886/1886/1886 1890/1890/1890 1885/1885/1885 
f 1890/1890/1890 1886/1886/1886 1889/1889/1889 
f 1891/1891/1891 1885/1885/1885 1890/1890/1890 
f 1885/1885/1885 1891/1891/1891 1884/1884/1884 
f 1888/1888/1888 963/963/963 1892/1892/1892 
f 1892/1892/1892 963/963/963 966/966/966 
f 1888/1888/1888 1893/1893/1893 1889/1889/1889 
f 1893/1893/1893 1888/1888/1888 1892/1892/1892 
f 1889/1889/1889 1894/1894/1894 1890/1890/1890 
f 1894/1894/1894 1889/1889/1889 1893/1893/1893 
f 1890/1890/1890 1895/1895/1895 1891/1891/1891 
f 1895/1895/1895 1890/1890/1890 1894/1894/1894 
f 1892/1892/1892 966/966/966 1896/1896/1896 
f 1896/1896/1896 966/966/966 970/970/970 
f 1893/1893/1893 1892/1892/1892 1897/1897/1897 
f 1897/1897/1897 1892/1892/1892 1896/1896/1896 
f 1894/1894/1894 1893/1893/1893 1898/1898/1898 
f 1897/1897/1897 1898/1898/1898 1893/1893/1893 
f 1894/1894/1894 1899/1899/1899 1895/1895/1895 
f 1899/1899/1899 1894/1894/1894 1898/1898/1898 
f 1896/1896/1896 970/970/970 1900/1900/1900 
f 1900/1900/1900 970/970/970 972/972/972 
f 1897/1897/1897 1896/1896/1896 1901/1901/1901 
f 1901/1901/1901 1896/1896/1896 1900/1900/1900 
f 1898/1898/1898 1897/1897/1897 1902/1902/1902 
f 1901/1901/1901 1902/1902/1902 1897/1897/1897 
f 1899/1899/1899 1898/1898/1898 1903/1903/1903 
f 1902/1902/1902 1903/1903/1903 1898/1898/1898 
f 1900/1900/1900 972/972/972 1904/1904/1904 
f 1904/1904/1904 972/972/972 1873/1873/1873 
f 1901/1901/1901 1900/1900/1900 1905/1905/1905 
f 1905/1905/1905 1900/1900/1900 1904/1904/1904 
f 1902/1902/1902 1901/1901/1901 1906/1906/1906 
f 1905/1905/1905 1906/1906/1906 1901/1901/1901 
f 1906/1906/1906 1907/1907/1907 1902/1902/1902 
f 1903/1903/1903 1902/1902/1902 1907/1907/1907 
f 1873/1873/1873 1908/1908/1908 1904/1904/1904 
f 1908/1908/1908 1873/1873/1873 1878/1878/1878 
f 1905/1905/1905 1904/1904/1904 1909/1909/1909 
f 1909/1909/1909 1904/1904/1904 1908/1908/1908 
f 1906/1906/1906 1905/1905/1905 1910/1910/1910 
f 1909/1909/1909 1910/1910/1910 1905/1905/1905 
f 1910/1910/1910 1911/1911/1911 1906/1906/1906 
f 1907/1907/1907 1906/1906/1906 1911/1911/1911 
f 1910/1910/1910 1909/1909/1909 1912/1912/1912 
f 1909/1909/1909 1908/1908/1908 1913/1913/1913 
f 1913/1913/1913 1912/1912/1912 1909/1909/1909 
f 1912/1912/1912 1914/1914/1914 1910/1910/1910 
f 1911/1911/1911 1910/1910/1910 1914/1914/1914 
f 1912/1912/1912 1913/1913/1913 1915/1915/1915 
f 1913/1913/1913 1908/1908/1908 1916/1916/1916 
f 1908/1908/1908 1878/1878/1878 1916/1916/1916 
f 1913/1913/1913 1916/1916/1916 1917/1917/1917 
f 1917/1917/1917 1915/1915/1915 1913/1913/1913 
f 1916/1916/1916 1878/1878/1878 1918/1918/1918 
f 1877/1877/1877 1918/1918/1918 1878/1878/1878 
f 1917/1917/1917 1916/1916/1916 1919/1919/1919 
f 1918/1918/1918 1919/1919/1919 1916/1916/1916 
f 1918/1918/1918 1877/1877/1877 1920/1920/1920 
f 1884/1884/1884 1920/1920/1920 1877/1877/1877 
f 1920/1920/1920 1884/1884/1884 1891/1891/1891 
f 1920/1920/1920 1921/1921/1921 1918/1918/1918 
f 1919/1919/1919 1918/1918/1918 1921/1921/1921 
f 1891/1891/1891 1922/1922/1922 1920/1920/1920 
f 1921/1921/1921 1920/1920/1920 1922/1922/1922 
f 1922/1922/1922 1891/1891/1891 1895/1895/1895 
f 1922/1922/1922 1895/1895/1895 1923/1923/1923 
f 1923/1923/1923 1895/1895/1895 1899/1899/1899 
f 1921/1921/1921 1922/1922/1922 1924/1924/1924 
f 1924/1924/1924 1922/1922/1922 1923/1923/1923 
f 1921/1921/1921 1925/1925/1925 1919/1919/1919 
f 1925/1925/1925 1921/1921/1921 1924/1924/1924 
f 1926/1926/1926 1919/1919/1919 1925/1925/1925 
f 1919/1919/1919 1926/1926/1926 1917/1917/1917 
f 1927/1927/1927 1923/1923/1923 1899/1899/1899 
f 1924/1924/1924 1923/1923/1923 1928/1928/1928 
f 1928/1928/1928 1923/1923/1923 1927/1927/1927 
f 1903/1903/1903 1927/1927/1927 1899/1899/1899 
f 1929/1929/1929 1924/1924/1924 1928/1928/1928 
f 1925/1925/1925 1924/1924/1924 1929/1929/1929 
f 1926/1926/1926 1925/1925/1925 1930/1930/1930 
f 1930/1930/1930 1925/1925/1925 1929/1929/1929 
f 1931/1931/1931 1917/1917/1917 1926/1926/1926 
f 1915/1915/1915 1917/1917/1917 1931/1931/1931 
f 1932/1932/1932 1926/1926/1926 1930/1930/1930 
f 1931/1931/1931 1926/1926/1926 1932/1932/1932 
f 1933/1933/1933 1931/1931/1931 1932/1932/1932 
f 1930/1930/1930 1934/1934/1934 1932/1932/1932 
f 1935/1935/1935 1931/1931/1931 1933/1933/1933 
f 1931/1931/1931 1935/1935/1935 1915/1915/1915 
f 1936/1936/1936 1933/1933/1933 1932/1932/1932 
f 1933/1933/1933 1936/1936/1936 1935/1935/1935 
f 1936/1936/1936 1932/1932/1932 1934/1934/1934 
f 1937/1937/1937 1915/1915/1915 1935/1935/1935 
f 1915/1915/1915 1937/1937/1937 1912/1912/1912 
f 1914/1914/1914 1912/1912/1912 1937/1937/1937 
f 1938/1938/1938 1937/1937/1937 1935/1935/1935 
f 1938/1938/1938 1935/1935/1935 1936/1936/1936 
f 1939/1939/1939 1914/1914/1914 1937/1937/1937 
f 1937/1937/1937 1938/1938/1938 1939/1939/1939 
f 1914/1914/1914 1939/1939/1939 1940/1940/1940 
f 1940/1940/1940 1911/1911/1911 1914/1914/1914 
f 1939/1939/1939 1941/1941/1941 1940/1940/1940 
f 1911/1911/1911 1940/1940/1940 1942/1942/1942 
f 1941/1941/1941 1942/1942/1942 1940/1940/1940 
f 1942/1942/1942 1907/1907/1907 1911/1911/1911 
f 1943/1943/1943 1938/1938/1938 1936/1936/1936 
f 1934/1934/1934 1943/1943/1943 1936/1936/1936 
f 1938/1938/1938 1944/1944/1944 1939/1939/1939 
f 1939/1939/1939 1944/1944/1944 1941/1941/1941 
f 1938/1938/1938 1943/1943/1943 1945/1945/1945 
f 1938/1938/1938 1945/1945/1945 1944/1944/1944 
f 1907/1907/1907 1942/1942/1942 1946/1946/1946 
f 1946/1946/1946 1903/1903/1903 1907/1907/1907 
f 1942/1942/1942 1941/1941/1941 1947/1947/1947 
f 1947/1947/1947 1946/1946/1946 1942/1942/1942 
f 1948/1948/1948 1941/1941/1941 1944/1944/1944 
f 1949/1949/1949 1947/1947/1947 1941/1941/1941 
f 1941/1941/1941 1948/1948/1948 1949/1949/1949 
f 1947/1947/1947 1949/1949/1949 1950/1950/1950 
f 1948/1948/1948 1951/1951/1951 1949/1949/1949 
f 1951/1951/1951 1950/1950/1950 1949/1949/1949 
f 1951/1951/1951 1948/1948/1948 1952/1952/1952 
f 1950/1950/1950 1951/1951/1951 1953/1953/1953 
f 1948/1948/1948 1954/1954/1954 1952/1952/1952 
f 1944/1944/1944 1955/1955/1955 1948/1948/1948 
f 1954/1954/1954 1948/1948/1948 1955/1955/1955 
f 1955/1955/1955 1944/1944/1944 1945/1945/1945 
f 1955/1955/1955 1956/1956/1956 1954/1954/1954 
f 1945/1945/1945 1957/1957/1957 1955/1955/1955 
f 1956/1956/1956 1955/1955/1955 1957/1957/1957 
f 1957/1957/1957 1945/1945/1945 1943/1943/1943 
f 1956/1956/1956 1957/1957/1957 1958/1958/1958 
f 1943/1943/1943 1959/1959/1959 1957/1957/1957 
f 1957/1957/1957 1959/1959/1959 1958/1958/1958 
f 1943/1943/1943 1934/1934/1934 1959/1959/1959 
f 1956/1956/1956 1958/1958/1958 1960/1960/1960 
f 1960/1960/1960 1958/1958/1958 1961/1961/1961 
f 1961/1961/1961 1962/1962/1962 1960/1960/1960 
f 1963/1963/1963 1958/1958/1958 1959/1959/1959 
f 1934/1934/1934 1963/1963/1963 1959/1959/1959 
f 1963/1963/1963 1961/1961/1961 1958/1958/1958 
f 1961/1961/1961 1964/1964/1964 1962/1962/1962 
f 1963/1963/1963 1934/1934/1934 1965/1965/1965 
f 1930/1930/1930 1965/1965/1965 1934/1934/1934 
f 1929/1929/1929 1965/1965/1965 1930/1930/1930 
f 1965/1965/1965 1966/1966/1966 1963/1963/1963 
f 1966/1966/1966 1961/1961/1961 1963/1963/1963 
f 1929/1929/1929 1967/1967/1967 1965/1965/1965 
f 1966/1966/1966 1965/1965/1965 1967/1967/1967 
f 1928/1928/1928 1967/1967/1967 1929/1929/1929 
f 1928/1928/1928 1968/1968/1968 1967/1967/1967 
f 1968/1968/1968 1966/1966/1966 1967/1967/1967 
f 1927/1927/1927 1968/1968/1968 1928/1928/1928 
f 1966/1966/1966 1969/1969/1969 1961/1961/1961 
f 1964/1964/1964 1961/1961/1961 1969/1969/1969 
f 1966/1966/1966 1968/1968/1968 1970/1970/1970 
f 1970/1970/1970 1969/1969/1969 1966/1966/1966 
f 1927/1927/1927 1971/1971/1971 1968/1968/1968 
f 1971/1971/1971 1970/1970/1970 1968/1968/1968 
f 1903/1903/1903 1971/1971/1971 1927/1927/1927 
f 1964/1964/1964 1969/1969/1969 1972/1972/1972 
f 1970/1970/1970 1972/1972/1972 1969/1969/1969 
f 1972/1972/1972 1973/1973/1973 1964/1964/1964 
f 1970/1970/1970 1971/1971/1971 1974/1974/1974 
f 1974/1974/1974 1972/1972/1972 1970/1970/1970 
f 1903/1903/1903 1975/1975/1975 1971/1971/1971 
f 1975/1975/1975 1974/1974/1974 1971/1971/1971 
f 1903/1903/1903 1946/1946/1946 1975/1975/1975 
f 1973/1973/1973 1972/1972/1972 1976/1976/1976 
f 1974/1974/1974 1976/1976/1976 1972/1972/1972 
f 1976/1976/1976 1977/1977/1977 1973/1973/1973 
f 1974/1974/1974 1975/1975/1975 1978/1978/1978 
f 1978/1978/1978 1976/1976/1976 1974/1974/1974 
f 1979/1979/1979 1975/1975/1975 1946/1946/1946 
f 1975/1975/1975 1979/1979/1979 1978/1978/1978 
f 1946/1946/1946 1947/1947/1947 1979/1979/1979 
f 1950/1950/1950 1979/1979/1979 1947/1947/1947 
f 1980/1980/1980 1977/1977/1977 1976/1976/1976 
f 1976/1976/1976 1978/1978/1978 1980/1980/1980 
f 1977/1977/1977 1980/1980/1980 1981/1981/1981 
f 1980/1980/1980 1982/1982/1982 1981/1981/1981 
f 1979/1979/1979 1950/1950/1950 1983/1983/1983 
f 1983/1983/1983 1978/1978/1978 1979/1979/1979 
f 1978/1978/1978 1983/1983/1983 1980/1980/1980 
f 1982/1982/1982 1980/1980/1980 1983/1983/1983 
f 1953/1953/1953 1983/1983/1983 1950/1950/1950 
f 1983/1983/1983 1953/1953/1953 1982/1982/1982 
f 1984/1984/1984 1499/1499/1499 1508/1508/1508 
f 400/400/400 1499/1499/1499 1984/1984/1984 
f 1985/1985/1985 1508/1508/1508 1512/1512/1512 
f 1508/1508/1508 1985/1985/1985 1984/1984/1984 
f 400/400/400 1984/1984/1984 1986/1986/1986 
f 396/396/396 400/400/400 1986/1986/1986 
f 1987/1987/1987 1984/1984/1984 1985/1985/1985 
f 1986/1986/1986 1984/1984/1984 1987/1987/1987 
f 402/402/402 396/396/396 1986/1986/1986 
f 1987/1987/1987 1985/1985/1985 1988/1988/1988 
f 1985/1985/1985 1512/1512/1512 1989/1989/1989 
f 1988/1988/1988 1985/1985/1985 1989/1989/1989 
f 1989/1989/1989 1512/1512/1512 1990/1990/1990 
f 1509/1509/1509 1990/1990/1990 1512/1512/1512 
f 1988/1988/1988 1989/1989/1989 1991/1991/1991 
f 1990/1990/1990 1509/1509/1509 1992/1992/1992 
f 1510/1510/1510 1992/1992/1992 1509/1509/1509 
f 1989/1989/1989 1990/1990/1990 1993/1993/1993 
f 1991/1991/1991 1989/1989/1989 1993/1993/1993 
f 1992/1992/1992 1994/1994/1994 1990/1990/1990 
f 1993/1993/1993 1990/1990/1990 1994/1994/1994 
f 1992/1992/1992 1510/1510/1510 1995/1995/1995 
f 1511/1511/1511 1995/1995/1995 1510/1510/1510 
f 1994/1994/1994 1992/1992/1992 1996/1996/1996 
f 1995/1995/1995 1996/1996/1996 1992/1992/1992 
f 1994/1994/1994 1997/1997/1997 1993/1993/1993 
f 1991/1991/1991 1993/1993/1993 1998/1998/1998 
f 1998/1998/1998 1993/1993/1993 1997/1997/1997 
f 1997/1997/1997 1994/1994/1994 1999/1999/1999 
f 1996/1996/1996 1999/1999/1999 1994/1994/1994 
f 1998/1998/1998 1997/1997/1997 2000/2000/2000 
f 1995/1995/1995 2001/2001/2001 1996/1996/1996 
f 1999/1999/1999 2002/2002/2002 1997/1997/1997 
f 2000/2000/2000 1997/1997/1997 2002/2002/2002 
f 1996/1996/1996 2003/2003/2003 1999/1999/1999 
f 2001/2001/2001 2003/2003/2003 1996/1996/1996 
f 1999/1999/1999 2004/2004/2004 2002/2002/2002 
f 2003/2003/2003 2004/2004/2004 1999/1999/1999 
f 2000/2000/2000 2002/2002/2002 2005/2005/2005 
f 2001/2001/2001 1995/1995/1995 2006/2006/2006 
f 1511/1511/1511 2006/2006/2006 1995/1995/1995 
f 2003/2003/2003 2001/2001/2001 2007/2007/2007 
f 2006/2006/2006 1511/1511/1511 2008/2008/2008 
f 1506/1506/1506 2008/2008/2008 1511/1511/1511 
f 2006/2006/2006 2009/2009/2009 2001/2001/2001 
f 2009/2009/2009 2007/2007/2007 2001/2001/2001 
f 2008/2008/2008 2010/2010/2010 2006/2006/2006 
f 2010/2010/2010 2009/2009/2009 2006/2006/2006 
f 2008/2008/2008 1506/1506/1506 2011/2011/2011 
f 2011/2011/2011 1506/1506/1506 418/418/418 
f 2012/2012/2012 2010/2010/2010 2008/2008/2008 
f 2008/2008/2008 2011/2011/2011 2012/2012/2012 
f 2010/2010/2010 403/403/403 2009/2009/2009 
f 403/403/403 2010/2010/2010 405/405/405 
f 2012/2012/2012 405/405/405 2010/2010/2010 
f 403/403/403 401/401/401 2009/2009/2009 
f 2009/2009/2009 401/401/401 2007/2007/2007 
f 405/405/405 2012/2012/2012 410/410/410 
f 2013/2013/2013 2012/2012/2012 2011/2011/2011 
f 2013/2013/2013 410/410/410 2012/2012/2012 
f 2013/2013/2013 2011/2011/2011 418/418/418 
f 410/410/410 2013/2013/2013 416/416/416 
f 416/416/416 2013/2013/2013 418/418/418 
f 401/401/401 2014/2014/2014 2007/2007/2007 
f 401/401/401 398/398/398 2014/2014/2014 
f 2015/2015/2015 2007/2007/2007 2014/2014/2014 
f 2007/2007/2007 2015/2015/2015 2003/2003/2003 
f 2004/2004/2004 2003/2003/2003 2015/2015/2015 
f 398/398/398 2016/2016/2016 2014/2014/2014 
f 2016/2016/2016 398/398/398 402/402/402 
f 2014/2014/2014 2017/2017/2017 2015/2015/2015 
f 2017/2017/2017 2014/2014/2014 2016/2016/2016 
f 2015/2015/2015 2018/2018/2018 2004/2004/2004 
f 2018/2018/2018 2015/2015/2015 2017/2017/2017 
f 2019/2019/2019 2004/2004/2004 2018/2018/2018 
f 2004/2004/2004 2019/2019/2019 2002/2002/2002 
f 2005/2005/2005 2002/2002/2002 2019/2019/2019 
f 2020/2020/2020 2019/2019/2019 2018/2018/2018 
f 2019/2019/2019 2021/2021/2021 2005/2005/2005 
f 2019/2019/2019 2020/2020/2020 2021/2021/2021 
f 2021/2021/2021 2000/2000/2000 2005/2005/2005 
f 2000/2000/2000 2021/2021/2021 2022/2022/2022 
f 2000/2000/2000 2022/2022/2022 1998/1998/1998 
f 2017/2017/2017 2023/2023/2023 2018/2018/2018 
f 2020/2020/2020 2018/2018/2018 2023/2023/2023 
f 2023/2023/2023 2017/2017/2017 2024/2024/2024 
f 2024/2024/2024 2017/2017/2017 2016/2016/2016 
f 2020/2020/2020 2025/2025/2025 2021/2021/2021 
f 2025/2025/2025 2022/2022/2022 2021/2021/2021 
f 2024/2024/2024 2016/2016/2016 2026/2026/2026 
f 2026/2026/2026 2016/2016/2016 402/402/402 
f 2027/2027/2027 2023/2023/2023 2024/2024/2024 
f 2026/2026/2026 2027/2027/2027 2024/2024/2024 
f 2028/2028/2028 2020/2020/2020 2023/2023/2023 
f 2028/2028/2028 2023/2023/2023 2027/2027/2027 
f 2025/2025/2025 2020/2020/2020 2029/2029/2029 
f 2029/2029/2029 2020/2020/2020 2028/2028/2028 
f 2026/2026/2026 402/402/402 2030/2030/2030 
f 2030/2030/2030 402/402/402 1986/1986/1986 
f 2027/2027/2027 2026/2026/2026 2031/2031/2031 
f 2030/2030/2030 2031/2031/2031 2026/2026/2026 
f 2032/2032/2032 2028/2028/2028 2027/2027/2027 
f 2033/2033/2033 2029/2029/2029 2028/2028/2028 
f 2033/2033/2033 2028/2028/2028 2032/2032/2032 
f 2029/2029/2029 2033/2033/2033 2034/2034/2034 
f 2034/2034/2034 2025/2025/2025 2029/2029/2029 
f 2035/2035/2035 2034/2034/2034 2033/2033/2033 
f 2033/2033/2033 2036/2036/2036 2035/2035/2035 
f 2036/2036/2036 2033/2033/2033 2032/2032/2032 
f 2036/2036/2036 2032/2032/2032 2037/2037/2037 
f 2032/2032/2032 2038/2038/2038 2037/2037/2037 
f 2032/2032/2032 2027/2027/2027 2039/2039/2039 
f 2038/2038/2038 2032/2032/2032 2039/2039/2039 
f 2039/2039/2039 2027/2027/2027 2031/2031/2031 
f 2038/2038/2038 2039/2039/2039 2040/2040/2040 
f 2039/2039/2039 2031/2031/2031 2040/2040/2040 
f 2038/2038/2038 2040/2040/2040 2041/2041/2041 
f 2040/2040/2040 2031/2031/2031 2042/2042/2042 
f 2031/2031/2031 2030/2030/2030 2042/2042/2042 
f 2041/2041/2041 2040/2040/2040 2043/2043/2043 
f 2043/2043/2043 2040/2040/2040 2042/2042/2042 
f 2041/2041/2041 2043/2043/2043 2044/2044/2044 
f 2045/2045/2045 2042/2042/2042 2030/2030/2030 
f 2030/2030/2030 1986/1986/1986 2045/2045/2045 
f 2046/2046/2046 2043/2043/2043 2042/2042/2042 
f 2042/2042/2042 2045/2045/2045 2046/2046/2046 
f 2047/2047/2047 2044/2044/2044 2043/2043/2043 
f 2043/2043/2043 2046/2046/2046 2047/2047/2047 
f 2044/2044/2044 2047/2047/2047 2048/2048/2048 
f 2047/2047/2047 2049/2049/2049 2048/2048/2048 
f 2049/2049/2049 2047/2047/2047 2050/2050/2050 
f 2046/2046/2046 2050/2050/2050 2047/2047/2047 
f 2049/2049/2049 2050/2050/2050 2051/2051/2051 
f 2045/2045/2045 2052/2052/2052 2046/2046/2046 
f 2050/2050/2050 2046/2046/2046 2052/2052/2052 
f 2045/2045/2045 1986/1986/1986 2053/2053/2053 
f 2052/2052/2052 2045/2045/2045 2053/2053/2053 
f 1987/1987/1987 2053/2053/2053 1986/1986/1986 
f 2054/2054/2054 2051/2051/2051 2050/2050/2050 
f 2050/2050/2050 2052/2052/2052 2054/2054/2054 
f 2051/2051/2051 2054/2054/2054 2055/2055/2055 
f 2053/2053/2053 2056/2056/2056 2052/2052/2052 
f 2056/2056/2056 2054/2054/2054 2052/2052/2052 
f 1987/1987/1987 2057/2057/2057 2053/2053/2053 
f 2056/2056/2056 2053/2053/2053 2057/2057/2057 
f 1988/1988/1988 2057/2057/2057 1987/1987/1987 
f 2054/2054/2054 2056/2056/2056 2058/2058/2058 
f 2058/2058/2058 2055/2055/2055 2054/2054/2054 
f 2057/2057/2057 2059/2059/2059 2056/2056/2056 
f 2059/2059/2059 2058/2058/2058 2056/2056/2056 
f 1988/1988/1988 2060/2060/2060 2057/2057/2057 
f 2059/2059/2059 2057/2057/2057 2060/2060/2060 
f 1991/1991/1991 2060/2060/2060 1988/1988/1988 
f 2061/2061/2061 2055/2055/2055 2058/2058/2058 
f 2059/2059/2059 2061/2061/2061 2058/2058/2058 
f 2055/2055/2055 2061/2061/2061 2062/2062/2062 
f 2061/2061/2061 2063/2063/2063 2062/2062/2062 
f 1991/1991/1991 2064/2064/2064 2060/2060/2060 
f 2064/2064/2064 2059/2059/2059 2060/2060/2060 
f 1998/1998/1998 2064/2064/2064 1991/1991/1991 
f 1998/1998/1998 2022/2022/2022 2064/2064/2064 
f 2059/2059/2059 2064/2064/2064 2065/2065/2065 
f 2065/2065/2065 2061/2061/2061 2059/2059/2059 
f 2022/2022/2022 2065/2065/2065 2064/2064/2064 
f 2063/2063/2063 2061/2061/2061 2066/2066/2066 
f 2061/2061/2061 2065/2065/2065 2066/2066/2066 
f 2066/2066/2066 2035/2035/2035 2063/2063/2063 
f 2035/2035/2035 2066/2066/2066 2034/2034/2034 
f 2067/2067/2067 2066/2066/2066 2065/2065/2065 
f 2065/2065/2065 2022/2022/2022 2067/2067/2067 
f 2067/2067/2067 2034/2034/2034 2066/2066/2066 
f 2022/2022/2022 2025/2025/2025 2067/2067/2067 
f 2034/2034/2034 2067/2067/2067 2025/2025/2025 
f 2068/2068/2068 164/164/164 162/162/162 
f 165/165/165 2068/2068/2068 162/162/162 
f 2068/2068/2068 2069/2069/2069 164/164/164 
f 2069/2069/2069 154/154/154 164/164/164 
f 2070/2070/2070 2068/2068/2068 165/165/165 
f 2071/2071/2071 2069/2069/2069 2068/2068/2068 
f 2070/2070/2070 2071/2071/2071 2068/2068/2068 
f 2071/2071/2071 2072/2072/2072 2069/2069/2069 
f 2072/2072/2072 154/154/154 2069/2069/2069 
f 2072/2072/2072 2071/2071/2071 2073/2073/2073 
f 2073/2073/2073 154/154/154 2072/2072/2072 
f 2073/2073/2073 2071/2071/2071 2074/2074/2074 
f 2071/2071/2071 2070/2070/2070 2074/2074/2074 
f 2073/2073/2073 2074/2074/2074 2075/2075/2075 
f 2075/2075/2075 154/154/154 2073/2073/2073 
f 2074/2074/2074 2070/2070/2070 2076/2076/2076 
f 305/305/305 2070/2070/2070 165/165/165 
f 305/305/305 165/165/165 163/163/163 
f 305/305/305 2076/2076/2076 2070/2070/2070 
f 2074/2074/2074 2076/2076/2076 2077/2077/2077 
f 2075/2075/2075 2074/2074/2074 2077/2077/2077 
f 2076/2076/2076 305/305/305 301/301/301 
f 294/294/294 154/154/154 2075/2075/2075 
f 2077/2077/2077 294/294/294 2075/2075/2075 
f 2077/2077/2077 2076/2076/2076 299/299/299 
f 301/301/301 299/299/299 2076/2076/2076 
f 294/294/294 2077/2077/2077 295/295/295 
f 299/299/299 295/295/295 2077/2077/2077 
f 2078/2078/2078 2079/2079/2079 2080/2080/2080 
f 2079/2079/2079 2078/2078/2078 2081/2081/2081 
f 2079/2079/2079 2081/2081/2081 2082/2082/2082 
f 2080/2080/2080 2083/2083/2083 2078/2078/2078 
f 2084/2084/2084 2083/2083/2083 2080/2080/2080 
f 2078/2078/2078 2085/2085/2085 2081/2081/2081 
f 2082/2082/2082 2081/2081/2081 2086/2086/2086 
f 2081/2081/2081 2085/2085/2085 2086/2086/2086 
f 2085/2085/2085 2078/2078/2078 2087/2087/2087 
f 2087/2087/2087 2078/2078/2078 2083/2083/2083 
f 2086/2086/2086 2085/2085/2085 2088/2088/2088 
f 2083/2083/2083 2089/2089/2089 2087/2087/2087 
f 2090/2090/2090 2082/2082/2082 2086/2086/2086 
f 2086/2086/2086 2088/2088/2088 2091/2091/2091 
f 2092/2092/2092 2090/2090/2090 2086/2086/2086 
f 2091/2091/2091 2092/2092/2092 2086/2086/2086 
f 2090/2090/2090 2092/2092/2092 2093/2093/2093 
f 2094/2094/2094 2092/2092/2092 2091/2091/2091 
f 2089/2089/2089 2083/2083/2083 2095/2095/2095 
f 2095/2095/2095 2094/2094/2094 2089/2089/2089 
f 2092/2092/2092 2094/2094/2094 2095/2095/2095 
f 2095/2095/2095 2093/2093/2093 2092/2092/2092 
f 2084/2084/2084 2095/2095/2095 2083/2083/2083 
f 2093/2093/2093 2095/2095/2095 2084/2084/2084 
f 2096/2096/2096 2097/2097/2097 2098/2098/2098 
f 2097/2097/2097 2099/2099/2099 2098/2098/2098 
f 2100/2100/2100 2098/2098/2098 2099/2099/2099 
f 2097/2097/2097 2101/2101/2101 2099/2099/2099 
f 2102/2102/2102 2100/2100/2100 2099/2099/2099 
f 2102/2102/2102 2099/2099/2099 2101/2101/2101 
f 2103/2103/2103 2101/2101/2101 2097/2097/2097 
f 2097/2097/2097 2096/2096/2096 2104/2104/2104 
f 2104/2104/2104 2103/2103/2103 2097/2097/2097 
f 2101/2101/2101 2103/2103/2103 2105/2105/2105 
f 2103/2103/2103 2104/2104/2104 2106/2106/2106 
f 2107/2107/2107 2101/2101/2101 2105/2105/2105 
f 2108/2108/2108 2105/2105/2105 2103/2103/2103 
f 2106/2106/2106 2108/2108/2108 2103/2103/2103 
f 2108/2108/2108 2109/2109/2109 2105/2105/2105 
f 2107/2107/2107 2105/2105/2105 2109/2109/2109 
f 2110/2110/2110 2108/2108/2108 2106/2106/2106 
f 2101/2101/2101 2107/2107/2107 2111/2111/2111 
f 2101/2101/2101 2111/2111/2111 2102/2102/2102 
f 2109/2109/2109 2112/2112/2112 2107/2107/2107 
f 711/711/711 2109/2109/2109 2108/2108/2108 
f 711/711/711 2108/2108/2108 2110/2110/2110 
f 2109/2109/2109 704/704/704 2112/2112/2112 
f 2109/2109/2109 711/711/711 2113/2113/2113 
f 2113/2113/2113 704/704/704 2109/2109/2109 
f 2112/2112/2112 702/702/702 2107/2107/2107 
f 704/704/704 702/702/702 2112/2112/2112 
f 704/704/704 2113/2113/2113 708/708/708 
f 2113/2113/2113 711/711/711 708/708/708 
f 2114/2114/2114 2111/2111/2111 2107/2107/2107 
f 2107/2107/2107 702/702/702 2114/2114/2114 
f 2111/2111/2111 2114/2114/2114 2115/2115/2115 
f 2111/2111/2111 2115/2115/2115 2102/2102/2102 
f 2114/2114/2114 2116/2116/2116 2115/2115/2115 
f 2102/2102/2102 2115/2115/2115 2117/2117/2117 
f 2117/2117/2117 2118/2118/2118 2102/2102/2102 
f 2100/2100/2100 2102/2102/2102 2118/2118/2118 
f 2115/2115/2115 2119/2119/2119 2117/2117/2117 
f 2115/2115/2115 2116/2116/2116 2119/2119/2119 
f 2120/2120/2120 2118/2118/2118 2117/2117/2117 
f 2119/2119/2119 2120/2120/2120 2117/2117/2117 
f 2121/2121/2121 2100/2100/2100 2118/2118/2118 
f 2120/2120/2120 2121/2121/2121 2118/2118/2118 
f 2116/2116/2116 2114/2114/2114 2122/2122/2122 
f 702/702/702 2122/2122/2122 2114/2114/2114 
f 2122/2122/2122 2104/2104/2104 2116/2116/2116 
f 2104/2104/2104 2122/2122/2122 2106/2106/2106 
f 2116/2116/2116 2104/2104/2104 2096/2096/2096 
f 2096/2096/2096 2119/2119/2119 2116/2116/2116 
f 2106/2106/2106 2122/2122/2122 2123/2123/2123 
f 702/702/702 2123/2123/2123 2122/2122/2122 
f 2123/2123/2123 2110/2110/2110 2106/2106/2106 
f 2123/2123/2123 702/702/702 701/701/701 
f 701/701/701 2110/2110/2110 2123/2123/2123 
f 2096/2096/2096 2124/2124/2124 2119/2119/2119 
f 2120/2120/2120 2119/2119/2119 2124/2124/2124 
f 2096/2096/2096 2125/2125/2125 2124/2124/2124 
f 2125/2125/2125 2096/2096/2096 2098/2098/2098 
f 2126/2126/2126 2120/2120/2120 2124/2124/2124 
f 2110/2110/2110 701/701/701 706/706/706 
f 706/706/706 711/711/711 2110/2110/2110 
f 2098/2098/2098 2127/2127/2127 2125/2125/2125 
f 2127/2127/2127 2098/2098/2098 2100/2100/2100 
f 2128/2128/2128 2124/2124/2124 2125/2125/2125 
f 2128/2128/2128 2125/2125/2125 2127/2127/2127 
f 2124/2124/2124 2128/2128/2128 2126/2126/2126 
f 2129/2129/2129 2127/2127/2127 2100/2100/2100 
f 2127/2127/2127 2130/2130/2130 2128/2128/2128 
f 2127/2127/2127 2129/2129/2129 2130/2130/2130 
f 2100/2100/2100 2121/2121/2121 2129/2129/2129 
f 2128/2128/2128 2130/2130/2130 2131/2131/2131 
f 2129/2129/2129 2131/2131/2131 2130/2130/2130 
f 2132/2132/2132 2126/2126/2126 2128/2128/2128 
f 2121/2121/2121 2133/2133/2133 2129/2129/2129 
f 2133/2133/2133 2131/2131/2131 2129/2129/2129 
f 2128/2128/2128 2131/2131/2131 2134/2134/2134 
f 2132/2132/2132 2128/2128/2128 2134/2134/2134 
f 2135/2135/2135 2131/2131/2131 2133/2133/2133 
f 2136/2136/2136 2134/2134/2134 2131/2131/2131 
f 2131/2131/2131 2135/2135/2135 2136/2136/2136 
f 2133/2133/2133 2137/2137/2137 2135/2135/2135 
f 2133/2133/2133 2121/2121/2121 2138/2138/2138 
f 2137/2137/2137 2133/2133/2133 2138/2138/2138 
f 2139/2139/2139 2138/2138/2138 2121/2121/2121 
f 2140/2140/2140 2135/2135/2135 2137/2137/2137 
f 2136/2136/2136 2135/2135/2135 2140/2140/2140 
f 2138/2138/2138 2141/2141/2141 2137/2137/2137 
f 2141/2141/2141 2138/2138/2138 2139/2139/2139 
f 2139/2139/2139 2121/2121/2121 2142/2142/2142 
f 2121/2121/2121 2120/2120/2120 2142/2142/2142 
f 2120/2120/2120 2126/2126/2126 2142/2142/2142 
f 2142/2142/2142 2126/2126/2126 2132/2132/2132 
f 2132/2132/2132 2139/2139/2139 2142/2142/2142 
f 2139/2139/2139 2143/2143/2143 2141/2141/2141 
f 2132/2132/2132 2143/2143/2143 2139/2139/2139 
f 2141/2141/2141 2143/2143/2143 2144/2144/2144 
f 2132/2132/2132 2145/2145/2145 2143/2143/2143 
f 2145/2145/2145 2144/2144/2144 2143/2143/2143 
f 2134/2134/2134 2145/2145/2145 2132/2132/2132 
f 2134/2134/2134 2136/2136/2136 2145/2145/2145 
f 2136/2136/2136 2146/2146/2146 2145/2145/2145 
f 2144/2144/2144 2145/2145/2145 2146/2146/2146 
f 2146/2146/2146 2136/2136/2136 2147/2147/2147 
f 2136/2136/2136 2140/2140/2140 2147/2147/2147 
f 2141/2141/2141 2144/2144/2144 2148/2148/2148 
f 2137/2137/2137 2141/2141/2141 2148/2148/2148 
f 2140/2140/2140 2137/2137/2137 2149/2149/2149 
f 2148/2148/2148 2149/2149/2149 2137/2137/2137 
f 2150/2150/2150 2147/2147/2147 2140/2140/2140 
f 2151/2151/2151 2146/2146/2146 2147/2147/2147 
f 2147/2147/2147 2150/2150/2150 2151/2151/2151 
f 2152/2152/2152 2144/2144/2144 2146/2146/2146 
f 2146/2146/2146 2151/2151/2151 2152/2152/2152 
f 2144/2144/2144 2153/2153/2153 2148/2148/2148 
f 2152/2152/2152 2153/2153/2153 2144/2144/2144 
f 2154/2154/2154 2149/2149/2149 2148/2148/2148 
f 2154/2154/2154 2148/2148/2148 2153/2153/2153 
f 2155/2155/2155 2140/2140/2140 2149/2149/2149 
f 2149/2149/2149 2154/2154/2154 2155/2155/2155 
f 2140/2140/2140 2155/2155/2155 2150/2150/2150 
f 2152/2152/2152 2156/2156/2156 2153/2153/2153 
f 2157/2157/2157 2154/2154/2154 2153/2153/2153 
f 2153/2153/2153 2156/2156/2156 2157/2157/2157 
f 2155/2155/2155 2154/2154/2154 2158/2158/2158 
f 2154/2154/2154 2157/2157/2157 2158/2158/2158 
f 2155/2155/2155 2159/2159/2159 2150/2150/2150 
f 2158/2158/2158 2159/2159/2159 2155/2155/2155 
f 2160/2160/2160 2158/2158/2158 2157/2157/2157 
f 2156/2156/2156 2160/2160/2160 2157/2157/2157 
f 2159/2159/2159 2158/2158/2158 2161/2161/2161 
f 2160/2160/2160 2161/2161/2161 2158/2158/2158 
f 2162/2162/2162 2150/2150/2150 2159/2159/2159 
f 2162/2162/2162 2151/2151/2151 2150/2150/2150 
f 2151/2151/2151 2163/2163/2163 2152/2152/2152 
f 2163/2163/2163 2151/2151/2151 2162/2162/2162 
f 2152/2152/2152 2163/2163/2163 2156/2156/2156 
f 2159/2159/2159 2164/2164/2164 2162/2162/2162 
f 2163/2163/2163 2162/2162/2162 2164/2164/2164 
f 2161/2161/2161 2165/2165/2165 2159/2159/2159 
f 2165/2165/2165 2164/2164/2164 2159/2159/2159 
f 2164/2164/2164 2166/2166/2166 2163/2163/2163 
f 2166/2166/2166 2156/2156/2156 2163/2163/2163 
f 2167/2167/2167 2164/2164/2164 2165/2165/2165 
f 2156/2156/2156 2166/2166/2166 2168/2168/2168 
f 2160/2160/2160 2156/2156/2156 2168/2168/2168 
f 2169/2169/2169 2166/2166/2166 2164/2164/2164 
f 2164/2164/2164 2167/2167/2167 2169/2169/2169 
f 2170/2170/2170 2168/2168/2168 2166/2166/2166 
f 2166/2166/2166 2169/2169/2169 2170/2170/2170 
f 2168/2168/2168 2171/2171/2171 2160/2160/2160 
f 2170/2170/2170 2171/2171/2171 2168/2168/2168 
f 2165/2165/2165 2172/2172/2172 2167/2167/2167 
f 2172/2172/2172 2165/2165/2165 2161/2161/2161 
f 2160/2160/2160 2173/2173/2173 2161/2161/2161 
f 2172/2172/2172 2161/2161/2161 2173/2173/2173 
f 2173/2173/2173 2160/2160/2160 2171/2171/2171 
f 2172/2172/2172 2173/2173/2173 2174/2174/2174 
f 2171/2171/2171 2174/2174/2174 2173/2173/2173 
f 2172/2172/2172 2175/2175/2175 2167/2167/2167 
f 2167/2167/2167 2176/2176/2176 2169/2169/2169 
f 2176/2176/2176 2170/2170/2170 2169/2169/2169 
f 2176/2176/2176 2167/2167/2167 2175/2175/2175 
f 2171/2171/2171 2170/2170/2170 2177/2177/2177 
f 2170/2170/2170 2176/2176/2176 2177/2177/2177 
f 2174/2174/2174 2171/2171/2171 2178/2178/2178 
f 2171/2171/2171 2177/2177/2177 2178/2178/2178 
f 2174/2174/2174 2179/2179/2179 2172/2172/2172 
f 2172/2172/2172 2179/2179/2179 2175/2175/2175 
f 2178/2178/2178 2180/2180/2180 2174/2174/2174 
f 2180/2180/2180 2179/2179/2179 2174/2174/2174 
f 2181/2181/2181 2177/2177/2177 2176/2176/2176 
f 2181/2181/2181 2176/2176/2176 2175/2175/2175 
f 2182/2182/2182 2178/2178/2178 2177/2177/2177 
f 2177/2177/2177 2181/2181/2181 2182/2182/2182 
f 2178/2178/2178 2182/2182/2182 2183/2183/2183 
f 2183/2183/2183 2180/2180/2180 2178/2178/2178 
f 2184/2184/2184 2183/2183/2183 2182/2182/2182 
f 2184/2184/2184 2180/2180/2180 2183/2183/2183 
f 2185/2185/2185 2175/2175/2175 2179/2179/2179 
f 2179/2179/2179 2180/2180/2180 2185/2185/2185 
f 2175/2175/2175 2185/2185/2185 2186/2186/2186 
f 2175/2175/2175 2186/2186/2186 2181/2181/2181 
f 2187/2187/2187 2186/2186/2186 2185/2185/2185 
f 2187/2187/2187 2181/2181/2181 2186/2186/2186 
f 2188/2188/2188 2185/2185/2185 2180/2180/2180 
f 2187/2187/2187 2185/2185/2185 2188/2188/2188 
f 2188/2188/2188 2180/2180/2180 2189/2189/2189 
f 2180/2180/2180 2184/2184/2184 2189/2189/2189 
f 2190/2190/2190 2188/2188/2188 2189/2189/2189 
f 2190/2190/2190 2189/2189/2189 2184/2184/2184 
f 2188/2188/2188 2190/2190/2190 2191/2191/2191 
f 2187/2187/2187 2188/2188/2188 2191/2191/2191 
f 2192/2192/2192 2191/2191/2191 2190/2190/2190 
f 2192/2192/2192 2187/2187/2187 2191/2191/2191 
f 2184/2184/2184 2193/2193/2193 2190/2190/2190 
f 2193/2193/2193 2192/2192/2192 2190/2190/2190 
f 2194/2194/2194 2187/2187/2187 2192/2192/2192 
f 2192/2192/2192 2193/2193/2193 2194/2194/2194 
f 2187/2187/2187 2194/2194/2194 2195/2195/2195 
f 2181/2181/2181 2187/2187/2187 2195/2195/2195 
f 2193/2193/2193 2196/2196/2196 2194/2194/2194 
f 2184/2184/2184 2196/2196/2196 2193/2193/2193 
f 2196/2196/2196 2195/2195/2195 2194/2194/2194 
f 2196/2196/2196 2184/2184/2184 2197/2197/2197 
f 2195/2195/2195 2196/2196/2196 2197/2197/2197 
f 2197/2197/2197 2181/2181/2181 2195/2195/2195 
f 2182/2182/2182 2197/2197/2197 2184/2184/2184 
f 2181/2181/2181 2197/2197/2197 2182/2182/2182 
f 2198/2198/2198 2199/2199/2199 2200/2200/2200 
f 2201/2201/2201 2200/2200/2200 2199/2199/2199 
f 2198/2198/2198 2200/2200/2200 2202/2202/2202 
f 2198/2198/2198 2203/2203/2203 2199/2199/2199 
f 2201/2201/2201 2199/2199/2199 2203/2203/2203 
f 2198/2198/2198 2202/2202/2202 2204/2204/2204 
f 2200/2200/2200 2205/2205/2205 2202/2202/2202 
f 2204/2204/2204 2202/2202/2202 2205/2205/2205 
f 2206/2206/2206 2205/2205/2205 2200/2200/2200 
f 2200/2200/2200 2201/2201/2201 2206/2206/2206 
f 2205/2205/2205 2207/2207/2207 2204/2204/2204 
f 2198/2198/2198 2204/2204/2204 2208/2208/2208 
f 2198/2198/2198 2208/2208/2208 2203/2203/2203 
f 2207/2207/2207 2208/2208/2208 2204/2204/2204 
f 2209/2209/2209 2201/2201/2201 2203/2203/2203 
f 2203/2203/2203 2208/2208/2208 2209/2209/2209 
f 2201/2201/2201 2210/2210/2210 2206/2206/2206 
f 2205/2205/2205 2206/2206/2206 2210/2210/2210 
f 2211/2211/2211 2201/2201/2201 2209/2209/2209 
f 2210/2210/2210 2201/2201/2201 2211/2211/2211 
f 2212/2212/2212 2209/2209/2209 2208/2208/2208 
f 2208/2208/2208 2207/2207/2207 2212/2212/2212 
f 2213/2213/2213 2211/2211/2211 2209/2209/2209 
f 2210/2210/2210 2211/2211/2211 2213/2213/2213 
f 2214/2214/2214 2209/2209/2209 2212/2212/2212 
f 2209/2209/2209 2214/2214/2214 2213/2213/2213 
f 2212/2212/2212 2207/2207/2207 2214/2214/2214 
f 2214/2214/2214 2210/2210/2210 2213/2213/2213 
f 2215/2215/2215 2207/2207/2207 2205/2205/2205 
f 2205/2205/2205 2210/2210/2210 2215/2215/2215 
f 2207/2207/2207 2216/2216/2216 2214/2214/2214 
f 2210/2210/2210 2214/2214/2214 2216/2216/2216 
f 2207/2207/2207 2215/2215/2215 2216/2216/2216 
f 2216/2216/2216 2215/2215/2215 2210/2210/2210 
f 2217/2217/2217 2218/2218/2218 2219/2219/2219 
f 2217/2217/2217 2219/2219/2219 2220/2220/2220 
f 2221/2221/2221 2219/2219/2219 2218/2218/2218 
f 2219/2219/2219 2221/2221/2221 2222/2222/2222 
f 2221/2221/2221 2223/2223/2223 2222/2222/2222 
f 2221/2221/2221 2224/2224/2224 2223/2223/2223 
f 2224/2224/2224 2225/2225/2225 2223/2223/2223 
f 2226/2226/2226 2221/2221/2221 2218/2218/2218 
f 2226/2226/2226 2224/2224/2224 2221/2221/2221 
f 2217/2217/2217 2227/2227/2227 2218/2218/2218 
f 2227/2227/2227 2226/2226/2226 2218/2218/2218 
f 2227/2227/2227 2217/2217/2217 2228/2228/2228 
f 2220/2220/2220 2229/2229/2229 2217/2217/2217 
f 2220/2220/2220 2230/2230/2230 2229/2229/2229 
f 2225/2225/2225 2229/2229/2229 2230/2230/2230 
f 2231/2231/2231 2217/2217/2217 2229/2229/2229 
f 2217/2217/2217 2231/2231/2231 2228/2228/2228 
f 2232/2232/2232 2229/2229/2229 2225/2225/2225 
f 2224/2224/2224 2232/2232/2232 2225/2225/2225 
f 2232/2232/2232 2231/2231/2231 2229/2229/2229 
f 2233/2233/2233 2232/2232/2232 2224/2224/2224 
f 2224/2224/2224 2226/2226/2226 2233/2233/2233 
f 2232/2232/2232 2233/2233/2233 2234/2234/2234 
f 2231/2231/2231 2232/2232/2232 2234/2234/2234 
f 2233/2233/2233 2226/2226/2226 2235/2235/2235 
f 2234/2234/2234 2233/2233/2233 2235/2235/2235 
f 2231/2231/2231 2234/2234/2234 2236/2236/2236 
f 2234/2234/2234 2235/2235/2235 2236/2236/2236 
f 2235/2235/2235 2226/2226/2226 2237/2237/2237 
f 2226/2226/2226 2238/2238/2238 2237/2237/2237 
f 2226/2226/2226 2227/2227/2227 2238/2238/2238 
f 2239/2239/2239 2235/2235/2235 2237/2237/2237 
f 2237/2237/2237 2238/2238/2238 2239/2239/2239 
f 2227/2227/2227 2240/2240/2240 2238/2238/2238 
f 2227/2227/2227 2228/2228/2228 2240/2240/2240 
f 2228/2228/2228 2231/2231/2231 2240/2240/2240 
f 2231/2231/2231 2236/2236/2236 2241/2241/2241 
f 2240/2240/2240 2231/2231/2231 2241/2241/2241 
f 2242/2242/2242 2236/2236/2236 2235/2235/2235 
f 2235/2235/2235 2239/2239/2239 2242/2242/2242 
f 2236/2236/2236 2242/2242/2242 2243/2243/2243 
f 2241/2241/2241 2236/2236/2236 2244/2244/2244 
f 2244/2244/2244 2236/2236/2236 2243/2243/2243 
f 2240/2240/2240 2241/2241/2241 2244/2244/2244 
f 2242/2242/2242 2245/2245/2245 2243/2243/2243 
f 2244/2244/2244 2243/2243/2243 2245/2245/2245 
f 2245/2245/2245 2242/2242/2242 2246/2246/2246 
f 2242/2242/2242 2239/2239/2239 2246/2246/2246 
f 2244/2244/2244 2245/2245/2245 2247/2247/2247 
f 2246/2246/2246 2239/2239/2239 2248/2248/2248 
f 2249/2249/2249 2244/2244/2244 2247/2247/2247 
f 2250/2250/2250 2248/2248/2248 2239/2239/2239 
f 2251/2251/2251 2244/2244/2244 2249/2249/2249 
f 2250/2250/2250 2251/2251/2251 2249/2249/2249 
f 2244/2244/2244 2251/2251/2251 2240/2240/2240 
f 2250/2250/2250 2239/2239/2239 2252/2252/2252 
f 2251/2251/2251 2250/2250/2250 2252/2252/2252 
f 2252/2252/2252 2240/2240/2240 2251/2251/2251 
f 2252/2252/2252 2239/2239/2239 2238/2238/2238 
f 2240/2240/2240 2252/2252/2252 2238/2238/2238 
f 2253/2253/2253 2254/2254/2254 2255/2255/2255 
f 2253/2253/2253 2255/2255/2255 2256/2256/2256 
f 2254/2254/2254 2253/2253/2253 2257/2257/2257 
f 2253/2253/2253 2256/2256/2256 2258/2258/2258 
f 2259/2259/2259 2254/2254/2254 2257/2257/2257 
f 2254/2254/2254 2259/2259/2259 2260/2260/2260 
f 2261/2261/2261 2257/2257/2257 2253/2253/2253 
f 2257/2257/2257 2261/2261/2261 2259/2259/2259 
f 2258/2258/2258 2256/2256/2256 2262/2262/2262 
f 2263/2263/2263 2260/2260/2260 2259/2259/2259 
f 2260/2260/2260 2263/2263/2263 2264/2264/2264 
f 2264/2264/2264 2263/2263/2263 2262/2262/2262 
f 2262/2262/2262 2265/2265/2265 2258/2258/2258 
f 2265/2265/2265 2262/2262/2262 2263/2263/2263 
f 2266/2266/2266 2258/2258/2258 2265/2265/2265 
f 2266/2266/2266 2265/2265/2265 2263/2263/2263 
f 2259/2259/2259 2267/2267/2267 2263/2263/2263 
f 2267/2267/2267 2259/2259/2259 2261/2261/2261 
f 2263/2263/2263 2267/2267/2267 2268/2268/2268 
f 2263/2263/2263 2268/2268/2268 2266/2266/2266 
f 2267/2267/2267 2269/2269/2269 2268/2268/2268 
f 2269/2269/2269 2266/2266/2266 2268/2268/2268 
f 2269/2269/2269 2267/2267/2267 2270/2270/2270 
f 2261/2261/2261 2270/2270/2270 2267/2267/2267 
f 2266/2266/2266 2269/2269/2269 2271/2271/2271 
f 2272/2272/2272 2270/2270/2270 2261/2261/2261 
f 2266/2266/2266 2271/2271/2271 2273/2273/2273 
f 2274/2274/2274 2272/2272/2272 2261/2261/2261 
f 2273/2273/2273 2275/2275/2275 2266/2266/2266 
f 2258/2258/2258 2266/2266/2266 2275/2275/2275 
f 2276/2276/2276 2273/2273/2273 2274/2274/2274 
f 2276/2276/2276 2274/2274/2274 2261/2261/2261 
f 2273/2273/2273 2276/2276/2276 2275/2275/2275 
f 2258/2258/2258 2275/2275/2275 2276/2276/2276 
f 2253/2253/2253 2276/2276/2276 2261/2261/2261 
f 2276/2276/2276 2253/2253/2253 2258/2258/2258 
f 2277/2277/2277 2278/2278/2278 2279/2279/2279 
f 2278/2278/2278 2277/2277/2277 2280/2280/2280 
f 2278/2278/2278 2280/2280/2280 2281/2281/2281 
f 2277/2277/2277 2282/2282/2282 2280/2280/2280 
f 2282/2282/2282 2281/2281/2281 2280/2280/2280 
f 2281/2281/2281 2283/2283/2283 2278/2278/2278 
f 2281/2281/2281 2282/2282/2282 2284/2284/2284 
f 2283/2283/2283 2285/2285/2285 2278/2278/2278 
f 2278/2278/2278 2285/2285/2285 2279/2279/2279 
f 2283/2283/2283 2286/2286/2286 2285/2285/2285 
f 2282/2282/2282 2287/2287/2287 2284/2284/2284 
f 2288/2288/2288 2285/2285/2285 2286/2286/2286 
f 2282/2282/2282 2289/2289/2289 2287/2287/2287 
f 2288/2288/2288 2287/2287/2287 2289/2289/2289 
f 2279/2279/2279 2285/2285/2285 2290/2290/2290 
f 2285/2285/2285 2288/2288/2288 2291/2291/2291 
f 2289/2289/2289 2291/2291/2291 2288/2288/2288 
f 2292/2292/2292 2290/2290/2290 2285/2285/2285 
f 2285/2285/2285 2291/2291/2291 2292/2292/2292 
f 2293/2293/2293 2279/2279/2279 2290/2290/2290 
f 2292/2292/2292 2293/2293/2293 2290/2290/2290 
f 2293/2293/2293 2277/2277/2277 2279/2279/2279 
f 2282/2282/2282 2277/2277/2277 2293/2293/2293 
f 2292/2292/2292 2294/2294/2294 2293/2293/2293 
f 2293/2293/2293 2294/2294/2294 2282/2282/2282 
f 2291/2291/2291 2294/2294/2294 2292/2292/2292 
f 2294/2294/2294 2289/2289/2289 2282/2282/2282 
f 2294/2294/2294 2291/2291/2291 2289/2289/2289 
f 2295/2295/2295 2296/2296/2296 2297/2297/2297 
f 2296/2296/2296 2298/2298/2298 2297/2297/2297 
f 2299/2299/2299 2296/2296/2296 2295/2295/2295 
f 2299/2299/2299 2298/2298/2298 2296/2296/2296 
f 2300/2300/2300 2298/2298/2298 2299/2299/2299 
f 2301/2301/2301 2299/2299/2299 2295/2295/2295 
f 2301/2301/2301 2300/2300/2300 2299/2299/2299 
f 2300/2300/2300 2301/2301/2301 2302/2302/2302 
f 2300/2300/2300 2303/2303/2303 2298/2298/2298 
f 2304/2304/2304 2298/2298/2298 2303/2303/2303 
f 2305/2305/2305 2302/2302/2302 2301/2301/2301 
f 2295/2295/2295 2305/2305/2305 2301/2301/2301 
f 2302/2302/2302 2305/2305/2305 2306/2306/2306 
f 2305/2305/2305 2307/2307/2307 2306/2306/2306 
f 2305/2305/2305 2295/2295/2295 2308/2308/2308 
f 2308/2308/2308 2295/2295/2295 2297/2297/2297 
f 2305/2305/2305 2309/2309/2309 2307/2307/2307 
f 2309/2309/2309 2304/2304/2304 2307/2307/2307 
f 2308/2308/2308 2310/2310/2310 2305/2305/2305 
f 2310/2310/2310 2309/2309/2309 2305/2305/2305 
f 2297/2297/2297 2311/2311/2311 2308/2308/2308 
f 2311/2311/2311 2310/2310/2310 2308/2308/2308 
f 2311/2311/2311 2297/2297/2297 2298/2298/2298 
f 2310/2310/2310 2312/2312/2312 2309/2309/2309 
f 2312/2312/2312 2310/2310/2310 2311/2311/2311 
f 2304/2304/2304 2309/2309/2309 2312/2312/2312 
f 2298/2298/2298 2312/2312/2312 2311/2311/2311 
f 2312/2312/2312 2298/2298/2298 2304/2304/2304 
f 2313/2313/2313 2314/2314/2314 2315/2315/2315 
f 2315/2315/2315 2314/2314/2314 2316/2316/2316 
f 2313/2313/2313 2317/2317/2317 2314/2314/2314 
f 2313/2313/2313 2315/2315/2315 2318/2318/2318 
f 2318/2318/2318 2315/2315/2315 2316/2316/2316 
f 2313/2313/2313 2319/2319/2319 2317/2317/2317 
f 2314/2314/2314 2317/2317/2317 2320/2320/2320 
f 2317/2317/2317 2319/2319/2319 2320/2320/2320 
f 2321/2321/2321 2316/2316/2316 2314/2314/2314 
f 2320/2320/2320 2321/2321/2321 2314/2314/2314 
f 2313/2313/2313 2318/2318/2318 2322/2322/2322 
f 2313/2313/2313 2322/2322/2322 2319/2319/2319 
f 2316/2316/2316 2323/2323/2323 2318/2318/2318 
f 2323/2323/2323 2322/2322/2322 2318/2318/2318 
f 2316/2316/2316 2321/2321/2321 2324/2324/2324 
f 2321/2321/2321 2320/2320/2320 2324/2324/2324 
f 2323/2323/2323 2316/2316/2316 2325/2325/2325 
f 2324/2324/2324 2325/2325/2325 2316/2316/2316 
f 2323/2323/2323 2325/2325/2325 2326/2326/2326 
f 2324/2324/2324 2326/2326/2326 2325/2325/2325 
f 2322/2322/2322 2323/2323/2323 2327/2327/2327 
f 2324/2324/2324 2320/2320/2320 2328/2328/2328 
f 2319/2319/2319 2322/2322/2322 2329/2329/2329 
f 2329/2329/2329 2320/2320/2320 2319/2319/2319 
f 2327/2327/2327 2329/2329/2329 2322/2322/2322 
f 2329/2329/2329 2328/2328/2328 2320/2320/2320 
f 2330/2330/2330 2327/2327/2327 2323/2323/2323 
f 2326/2326/2326 2330/2330/2330 2323/2323/2323 
f 2330/2330/2330 2329/2329/2329 2327/2327/2327 
f 2324/2324/2324 2330/2330/2330 2326/2326/2326 
f 2328/2328/2328 2329/2329/2329 2331/2331/2331 
f 2331/2331/2331 2324/2324/2324 2328/2328/2328 
f 2329/2329/2329 2330/2330/2330 2331/2331/2331 
f 2330/2330/2330 2324/2324/2324 2331/2331/2331 

