# This file is brought to you by Roblox Corporation
# Generated by Roblox Studio

mtllib Slap_10.mtl

g Handle1

v -354.778 3.60494 13.2172 
v -354.953 3.60263 13.257 
v -355.012 2.98142 12.937 
v -354.873 3.08684 12.8754 
v -354.787 2.93258 12.8172 
v -354.889 2.80287 12.8133 
v -354.384 2.78026 12.6983 
v -354.366 4.32885 14.0715 
v -354.565 4.21288 13.8021 
v -354.478 4.32966 13.8383 
v -354.411 4.24805 13.8322 
v -354.526 4.09441 13.7823 
v -354.47 4.63177 13.4806 
v -354.514 4.70478 13.4814 
v -354.763 3.63461 13.3134 
v -354.367 2.7092 12.4892 
v -354.408 3.25924 12.0706 
v -354.361 3.20039 12.0606 
v -354.425 3.17459 12.035 
v -354.469 3.20524 12.0472 
v -354.502 3.23793 12.0807 
v -354.349 3.27721 12.1423 
v -354.312 3.22011 12.1182 
v -354.687 2.8809 12.756 
v -354.777 2.76118 12.7181 
v -354.687 2.8809 12.756 
v -354.787 2.93258 12.8172 
v -354.666 2.98436 12.8953 
v -354.667 4.56807 13.0106 
v -354.737 4.59865 13.0126 
v -354.61 4.49813 13.0324 
v -354.667 4.56807 13.0106 
v -354.466 4.44426 13.9374 
v -354.402 4.41966 13.8989 
v -354.402 4.41966 13.8989 
v -354.355 4.34959 13.877 
v -354.356 4.18273 13.9105 
v -354.701 3.56893 13.6475 
v -354.55 3.75069 13.8122 
v -354.442 4.00532 13.8704 
v -354.734 3.92669 13.7278 
v -354.635 4.10705 13.7757 
v -354.658 3.82645 13.7127 
v -354.748 3.4503 14.0138 
v -354.703 3.55779 14.0644 
v -354.632 3.50523 14.0422 
v -354.452 3.83241 14.2568 
v -354.551 3.69471 14.1585 
v -354.592 3.79423 14.1985 
v -354.507 3.90639 14.2764 
v -354.645 3.69488 14.1415 
v -354.808 3.32091 13.9544 
v -354.647 3.36684 13.9444 
v -354.808 3.32091 13.9544 
v -354.44 3.95662 14.3486 
v -354.407 3.90459 14.3221 
v -355.048 3.49126 13.3036 
v -355.048 3.56094 13.3473 
v -354.945 3.6148 13.3 
v -354.953 3.60263 13.257 
v -355.114 3.36685 13.2241 
v -354.881 3.54456 13.6545 
v -354.976 3.48261 13.7049 
v -355.045 1.78418 13.1598 
v -354.695 1.86584 12.9791 
v -354.835 2.04682 12.9169 
v -354.714 2.04276 12.8705 
v -354.503 2.0273 12.9529 
v -354.558 2.09019 12.8556 
v -354.801 3.76536 13.6927 
v -354.502 3.23793 12.0807 
v -354.328 3.10263 12.111 
v -354.647 4.35774 13.0035 
v -354.718 4.44261 12.9597 
v -354.469 3.20524 12.0472 
v -354.502 3.12743 12.0889 
v -354.316 2.97396 12.2069 
v -354.423 3.09557 12.0704 
v -354.728 4.14874 12.9668 
v -354.782 4.28198 12.9341 
v -354.718 4.44261 12.9597 
v -354.799 4.50321 12.9865 
v -354.509 4.66126 13.676 
v -354.525 3.02144 12.1805 
v -354.424 2.97331 12.1569 
v -354.782 4.28198 12.9341 
v -354.866 4.35235 12.9734 
v -354.553 2.92943 12.2805 
v -354.572 3.31047 13.9879 
v -354.79 3.84438 12.9492 
v -354.945 3.6148 13.3 
v -354.823 4.14338 12.9229 
v -354.922 4.17878 12.9648 
v -354.87 3.93422 12.911 
v -354.823 4.14338 12.9229 
v -354.574 4.7388 13.5026 
v -354.514 4.70478 13.4814 
v -354.441 2.86952 12.2533 
v -354.797 3.55706 12.9518 
v -354.87 3.93422 12.911 
v -354.974 3.97344 12.9564 
v -354.581 4.59686 13.4211 
v -354.648 4.65163 13.4704 
v -354.788 3.33363 12.938 
v -354.918 3.53796 12.9141 
v -354.898 3.77241 12.9107 
v -354.898 3.77241 12.9107 
v -355.012 3.77488 12.9585 
v -354.739 4.50592 13.444 
v -354.667 4.44599 13.3867 
v -354.523 4.50296 13.4396 
v -354.789 2.51852 12.6853 
v -354.628 2.59143 12.5089 
v -354.636 2.404 12.6271 
v -354.747 3.9489 13.3501 
v -354.883 3.86332 13.3192 
v -354.827 4.05291 13.3329 
v -354.748 3.13964 12.9206 
v -354.634 4.29703 13.3943 
v -354.736 4.30067 13.3642 
v -354.667 4.44599 13.3867 
v -354.914 3.30966 12.9041 
v -354.918 3.53796 12.9141 
v -355.038 3.54138 12.9665 
v -354.828 4.327 13.4193 
v -354.736 4.30067 13.3642 
v -354.866 4.32826 13.5379 
v -354.487 2.5577 12.5221 
v -354.473 2.39401 12.6841 
v -354.873 3.08684 12.8754 
v -354.914 3.30966 12.9041 
v -355.041 3.29288 12.9626 
v -354.581 4.59686 13.4211 
v -354.827 4.05291 13.3329 
v -354.921 4.08069 13.3917 
v -354.478 4.32966 13.8383 
v -354.542 4.36471 13.9073 
v -354.609 2.19507 12.7641 
v -354.772 2.23116 12.7815 
v -354.933 2.54858 12.8286 
v -354.472 2.1697 12.85 
v -355.119 3.32395 13.0876 
v -354.883 3.86332 13.3192 
v -354.989 3.83732 13.3735 
v -354.628 4.24977 13.8813 
v -354.565 4.21288 13.8021 
v -354.913 2.27337 12.8685 
v -354.73 3.60589 13.5813 
v -354.635 4.10705 13.7757 
v -354.714 4.11642 13.8505 
v -354.925 1.80163 13.0291 
v -354.986 2.06787 13.0116 
v -354.738 1.5641 13.0346 
v -354.896 1.54973 13.0486 
v -354.655 1.51884 13.1726 
v -354.734 3.92669 13.7278 
v -354.81 3.93965 13.8052 
v -354.881 3.54456 13.6545 
v -354.801 3.76536 13.6927 
v -354.894 3.73275 13.7572 
v -355.055 3.30423 13.6764 
v -354.507 3.90639 14.2764 
v -354.655 3.81909 14.2764 
v -354.483 2.67514 12.4245 
v -354.609 2.72558 12.4374 
v -354.463 2.77971 12.3379 
v -354.581 2.83887 12.3648 
v -354.367 2.7092 12.4892 
v -354.425 3.17459 12.035 
v -354.701 3.56893 13.6475 
v -354.603 3.51029 13.752 
v -354.695 1.86584 12.9791 
v -354.714 2.04276 12.8705 
v -354.503 2.0273 12.9529 
v -354.558 2.09019 12.8556 
v -354.508 1.80544 13.1749 
v -354.328 3.10263 12.111 
v -354.316 2.97396 12.2069 
v -354.619 4.33984 13.1089 
v -354.738 4.44406 13.2219 
v -354.647 4.4185 13.1945 
v -354.525 3.02144 12.1805 
v -354.424 2.97331 12.1569 
v -354.553 2.92943 12.2805 
v -354.572 3.31047 13.9879 
v -354.441 2.86952 12.2533 
v -354.628 2.59143 12.5089 
v -354.636 2.404 12.6271 
v -354.487 2.5577 12.5221 
v -354.473 2.39401 12.6841 
v -354.472 2.1697 12.85 
v -354.349 2.23865 13.0237 
v -354.73 3.60589 13.5813 
v -354.896 1.54973 13.0486 
v -354.931 1.51228 13.1645 
v -354.953 1.49352 13.3793 
v -354.949 1.48889 13.6319 
v -354.91 1.50774 13.7912 
v -354.327 2.86714 12.3066 
v -354.483 2.67514 12.4245 
v -354.342 2.79694 12.3807 
v -354.463 2.77971 12.3379 
v -354.673 1.49093 13.679 
v -354.753 1.50694 13.8171 
v -354.738 1.5641 13.0346 
v -354.655 1.51884 13.1726 
v -354.616 1.50632 13.4213 
v -354.902 3.25767 13.9142 
v -354.907 3.35807 13.9081 
v -354.976 3.16667 13.884 
v -355.012 2.98142 12.937 
v -354.873 3.08684 12.8754 
v -354.889 2.80287 12.8133 
v -354.366 4.32885 14.0715 
v -354.432 4.35854 14.0868 
v -354.367 2.7092 12.4892 
v -354.425 3.17459 12.035 
v -354.687 2.8809 12.756 
v -354.777 2.76118 12.7181 
v -354.687 2.8809 12.756 
v -354.598 2.90941 12.7014 
v -354.691 2.83058 12.6511 
v -354.744 4.61788 13.0905 
v -354.667 4.56807 13.0106 
v -354.737 4.59865 13.0126 
v -354.747 4.59135 13.1667 
v -354.682 4.56341 13.1896 
v -354.451 4.42472 14.0239 
v -354.466 4.44426 13.9374 
v -354.402 4.41966 13.8989 
v -354.828 3.40235 14.0708 
v -354.748 3.4503 14.0138 
v -354.808 3.32091 13.9544 
v -354.889 3.24784 14.0021 
v -354.808 3.32091 13.9544 
v -354.982 2.57922 13.9023 
v -354.911 2.32626 13.9057 
v -354.924 2.53614 13.9702 
v -355.184 2.85197 13.3281 
v -355.163 2.57945 13.397 
v -355.189 2.8593 13.4149 
v -355.134 2.77321 13.6433 
v -355.085 2.47013 13.6795 
v -355.104 2.71813 13.7175 
v -355.131 2.77427 13.1031 
v -355.12 2.53381 13.1356 
v -355.16 2.82541 13.1954 
v -355.173 2.84056 13.5045 
v -355.15 3.11561 13.5513 
v -355.083 3.34125 13.5809 
v -355.128 3.3471 13.4542 
v -355.174 3.1324 13.4373 
v -355.048 3.49126 13.3036 
v -355.115 3.37133 13.328 
v -355.048 3.56094 13.3473 
v -354.945 3.6148 13.3 
v -355.051 3.49162 13.2567 
v -354.953 3.60263 13.257 
v -355.059 3.55756 13.2127 
v -355.114 3.36685 13.2241 
v -355.004 3.44336 13.6177 
v -355.015 3.52665 13.5895 
v -354.9 3.2218 13.9491 
v -354.947 3.10434 13.965 
v -354.881 3.54456 13.6545 
v -354.99 3.42579 13.6569 
v -354.976 3.48261 13.7049 
v -355.126 2.09257 13.3763 
v -355.088 2.10652 13.1576 
v -355.045 1.78418 13.1598 
v -355.092 1.76017 13.3692 
v -354.63 2.92118 12.5955 
v -354.462 3.28922 12.1148 
v -354.506 3.25937 12.2162 
v -354.442 3.19625 12.407 
v -354.502 3.23793 12.0807 
v -354.539 3.18997 12.1446 
v -354.536 3.18435 12.3456 
v -354.442 3.19625 12.407 
v -354.469 3.20524 12.0472 
v -354.502 3.12743 12.0889 
v -354.57 3.10523 12.254 
v -354.799 4.50321 12.9865 
v -354.665 2.8232 12.5133 
v -354.714 2.69648 12.5759 
v -354.525 3.02144 12.1805 
v -354.597 3.0228 12.3616 
v -354.561 3.0991 12.4573 
v -354.811 4.49577 13.1775 
v -354.831 4.524 13.0807 
v -354.866 4.35235 12.9734 
v -354.57 4.70129 13.6704 
v -354.509 4.66126 13.676 
v -354.572 4.74485 13.5924 
v -354.553 2.92943 12.2805 
v -354.879 4.346 13.1809 
v -354.906 4.37423 13.0767 
v -354.922 4.17878 12.9648 
v -354.574 4.7388 13.5026 
v -354.937 4.17348 13.1828 
v -354.969 4.1929 13.074 
v -354.87 3.93422 12.911 
v -354.974 3.97344 12.9564 
v -354.648 4.65163 13.4704 
v -354.672 4.65697 13.5809 
v -354.643 4.607 13.677 
v -355.012 3.77488 12.9585 
v -354.988 3.97389 13.1854 
v -355.023 3.98674 13.0706 
v -354.739 4.50592 13.444 
v -354.772 4.51149 13.5601 
v -354.735 4.46798 13.6639 
v -354.789 2.51852 12.6853 
v -354.628 2.59143 12.5089 
v -355.038 3.54138 12.9665 
v -355.024 3.78546 13.1922 
v -355.063 3.78596 13.0738 
v -354.828 4.327 13.4193 
v -354.866 4.32826 13.5379 
v -354.821 4.299 13.6466 
v -355.041 3.29288 12.9626 
v -355.095 3.55615 13.0841 
v -354.921 4.08069 13.3917 
v -354.958 4.07745 13.5148 
v -354.906 4.0535 13.6276 
v -354.542 4.36471 13.9073 
v -354.933 2.54858 12.8286 
v -354.544 4.33608 14.0167 
v -355.119 3.32395 13.0876 
v -354.989 3.83732 13.3735 
v -354.964 3.80664 13.6066 
v -355.022 3.82354 13.4942 
v -354.628 4.24977 13.8813 
v -354.913 2.27337 12.8685 
v -354.349 2.23865 13.0237 
v -354.631 4.21855 13.9974 
v -355.125 3.05985 13.0845 
v -355.073 3.55393 13.472 
v -354.714 4.11642 13.8505 
v -354.925 1.80163 13.0291 
v -354.986 2.06787 13.0116 
v -355.035 2.3621 12.996 
v -355.06 2.63907 12.9955 
v -354.896 1.54973 13.0486 
v -354.721 4.08033 13.9675 
v -355.156 3.10684 13.2106 
v -354.81 3.93965 13.8052 
v -354.931 1.51228 13.1645 
v -354.953 1.49352 13.3793 
v -354.82 3.90219 13.9254 
v -354.747 3.83404 14.0088 
v -355.17 3.12841 13.3246 
v -354.894 3.73275 13.7572 
v -354.949 1.48889 13.6319 
v -355.052 1.72748 13.6252 
v -354.906 3.68881 13.8754 
v -354.831 3.62579 13.9618 
v -354.925 1.70656 13.8145 
v -354.91 1.50774 13.7912 
v -355.065 2.02845 13.6359 
v -354.978 3.43892 13.823 
v -355.055 3.30423 13.6764 
v -354.914 1.96403 13.8379 
v -355.119 3.06458 13.6609 
v -355.04 3.22762 13.7878 
v -355.088 2.9979 13.7563 
v -354.413 3.86077 14.4689 
v -355.039 2.92736 13.842 
v -355.062 2.65937 13.7851 
v -354.988 2.86079 13.9353 
v -354.925 2.80802 14.0212 
v -354.814 3.00247 14.1323 
v -354.69 3.01238 14.1428 
v -354.906 3.03373 14.0643 
v -354.798 3.16247 14.1867 
v -354.768 3.29575 14.2486 
v -354.875 3.19862 14.1112 
v -354.562 3.93593 14.3448 
v -354.507 3.90639 14.2764 
v -354.568 3.89538 14.4397 
v -354.615 3.69949 14.442 
v -354.729 3.42642 14.3107 
v -354.835 3.34483 14.1729 
v -354.655 3.81909 14.2764 
v -354.667 3.77508 14.3813 
v -354.679 3.57137 14.3784 
v -354.79 3.48717 14.2382 
v -354.777 3.54321 14.1348 
v -354.703 3.55779 14.0644 
v -354.722 3.68716 14.2065 
v -354.645 3.69488 14.1415 
v -354.737 3.63628 14.3093 
v -354.584 3.02713 12.5238 
v -354.483 2.67514 12.4245 
v -354.609 2.72558 12.4374 
v -354.581 2.83887 12.3648 
v -354.625 2.9365 12.4444 
v -354.902 3.25767 13.9142 
v -354.907 3.35807 13.9081 
v -354.976 3.16667 13.884 
v -354.778 3.60494 13.2172 
v -354.808 3.85599 13.2169 
v -354.924 3.79631 13.245 
v -354.953 3.60263 13.257 
v -354.492 4.2599 14.0869 
v -354.415 4.19721 14.0818 
v -354.366 4.32885 14.0715 
v -354.432 4.35854 14.0868 
v -354.687 2.8809 12.756 
v -354.747 4.59135 13.1667 
v -354.682 4.56341 13.1896 
v -354.667 4.56807 13.0106 
v -354.682 4.56341 13.1896 
v -354.624 4.50738 13.1872 
v -354.451 4.42472 14.0239 
v -354.366 4.32885 14.0715 
v -354.321 4.27447 14.0273 
v -354.466 4.44426 13.9374 
v -354.363 4.15219 14.0155 
v -354.588 3.69687 13.9469 
v -354.637 3.43285 13.8801 
v -354.461 3.97469 14.0004 
v -354.808 3.32091 13.9544 
v -354.647 3.36684 13.9444 
v -354.808 3.32091 13.9544 
v -354.911 2.32626 13.9057 
v -354.924 2.53614 13.9702 
v -355.083 3.34125 13.5809 
v -355.051 3.49162 13.2567 
v -354.953 3.60263 13.257 
v -355.059 3.55756 13.2127 
v -355.114 3.36685 13.2241 
v -355.004 3.44336 13.6177 
v -354.898 3.56517 13.6259 
v -355.015 3.52665 13.5895 
v -354.798 3.37085 13.9272 
v -354.881 3.54456 13.6545 
v -354.559 1.73145 13.7367 
v -354.526 1.94177 13.8173 
v -354.551 3.95719 14.0496 
v -354.648 3.77297 14.0146 
v -354.717 3.60872 13.9781 
v -354.486 4.06416 14.0688 
v -354.415 4.19721 14.0818 
v -354.566 4.14004 14.0707 
v -354.486 4.06416 14.0688 
v -354.442 3.19625 12.407 
v -354.323 3.13043 12.4043 
v -354.299 3.20119 12.3408 
v -354.619 4.33984 13.1089 
v -354.738 4.44406 13.2219 
v -354.647 4.4185 13.1945 
v -354.509 4.66126 13.676 
v -354.464 4.59341 13.6548 
v -354.811 4.49577 13.1775 
v -354.738 4.44406 13.2219 
v -354.81 4.27183 13.2321 
v -354.774 4.10549 13.2119 
v -354.57 4.70129 13.6704 
v -354.509 4.66126 13.676 
v -354.733 3.57434 13.0739 
v -354.879 4.346 13.1809 
v -354.81 4.27183 13.2321 
v -354.937 4.17348 13.1828 
v -354.854 4.13433 13.235 
v -354.897 3.94009 13.2398 
v -354.854 4.13433 13.235 
v -354.643 4.607 13.677 
v -354.574 4.53498 13.702 
v -354.727 4.25411 13.6849 
v -354.627 4.25196 13.6503 
v -354.662 4.38842 13.697 
v -354.988 3.97389 13.1854 
v -354.897 3.94009 13.2398 
v -354.574 4.53498 13.702 
v -354.514 4.45696 13.6563 
v -354.735 4.46798 13.6639 
v -354.662 4.38842 13.697 
v -355.024 3.78546 13.1922 
v -354.924 3.79631 13.245 
v -354.866 4.32826 13.5379 
v -354.821 4.299 13.6466 
v -354.727 4.25411 13.6849 
v -354.806 4.00914 13.6649 
v -354.728 3.90891 13.6185 
v -354.906 4.0535 13.6276 
v -354.806 4.00914 13.6649 
v -354.544 4.33608 14.0167 
v -354.964 3.80664 13.6066 
v -354.851 3.81623 13.6467 
v -354.851 3.81623 13.6467 
v -354.631 4.21855 13.9974 
v -354.73 3.60589 13.5813 
v -354.721 4.08033 13.9675 
v -354.649 4.00963 14.0451 
v -354.898 3.56517 13.6259 
v -354.81 3.93965 13.8052 
v -354.551 3.95719 14.0496 
v -354.82 3.90219 13.9254 
v -354.747 3.83404 14.0088 
v -354.881 3.54456 13.6545 
v -354.673 1.49093 13.679 
v -354.831 3.62579 13.9618 
v -354.648 3.77297 14.0146 
v -354.925 1.70656 13.8145 
v -354.91 1.50774 13.7912 
v -354.73 1.70194 13.8562 
v -354.978 3.43892 13.823 
v -354.717 3.60872 13.9781 
v -355.055 3.30423 13.6764 
v -354.753 1.50694 13.8171 
v -354.73 1.70194 13.8562 
v -354.914 1.96403 13.8379 
v -354.711 1.92617 13.8972 
v -354.502 2.19444 13.8831 
v -354.711 1.92617 13.8972 
v -354.692 2.19232 13.956 
v -354.507 2.52152 13.9404 
v -354.798 3.37085 13.9272 
v -355.088 2.9979 13.7563 
v -354.692 2.19232 13.956 
v -354.674 2.48546 14.0292 
v -354.543 2.83975 13.9911 
v -354.413 3.86077 14.4689 
v -354.385 3.82606 14.424 
v -354.674 2.48546 14.0292 
v -354.837 2.50784 14.0137 
v -354.576 3.08189 14.0517 
v -354.681 2.78392 14.0873 
v -354.46 3.89131 14.495 
v -354.413 3.86077 14.4689 
v -354.473 3.95158 14.4535 
v -354.572 3.37113 14.2468 
v -354.664 3.29071 14.2689 
v -354.685 3.16371 14.2035 
v -354.681 2.78392 14.0873 
v -354.822 2.77802 14.0794 
v -354.69 3.01238 14.1428 
v -354.925 2.80802 14.0212 
v -354.814 3.00247 14.1323 
v -354.69 3.01238 14.1428 
v -354.422 3.72922 14.3967 
v -354.906 3.03373 14.0643 
v -354.798 3.16247 14.1867 
v -354.685 3.16371 14.2035 
v -354.507 3.5692 14.3437 
v -354.528 3.81895 14.49 
v -354.465 3.76033 14.4676 
v -354.664 3.29071 14.2689 
v -354.768 3.29575 14.2486 
v -354.875 3.19862 14.1112 
v -354.568 3.89538 14.4397 
v -354.615 3.69949 14.442 
v -354.541 3.63441 14.4271 
v -354.588 3.5344 14.3821 
v -354.635 3.39186 14.317 
v -354.729 3.42642 14.3107 
v -354.635 3.39186 14.317 
v -354.667 3.77508 14.3813 
v -354.679 3.57137 14.3784 
v -354.588 3.5344 14.3821 
v -354.541 3.63441 14.4271 
v -354.902 3.25767 13.9142 
v -354.976 3.16667 13.884 
v -354.778 3.60494 13.2172 
v -354.953 3.60263 13.257 
v -355.012 2.98142 12.937 
v -354.384 2.78026 12.6983 
v -354.417 2.94599 12.6306 
v -354.48 2.89844 12.7209 
v -354.366 4.32885 14.0715 
v -354.432 4.35854 14.0868 
v -354.763 3.63461 13.3134 
v -354.441 2.78956 12.8684 
v -354.408 3.25924 12.0706 
v -354.361 3.20039 12.0606 
v -354.425 3.17459 12.035 
v -354.502 3.23793 12.0807 
v -354.462 3.28922 12.1148 
v -354.349 3.27721 12.1423 
v -354.312 3.22011 12.1182 
v -354.408 3.31056 12.1671 
v -354.687 2.8809 12.756 
v -354.565 2.8989 12.807 
v -354.687 2.8809 12.756 
v -354.787 2.93258 12.8172 
v -354.666 2.98436 12.8953 
v -354.598 2.90941 12.7014 
v -354.691 2.83058 12.6511 
v -354.598 2.90941 12.7014 
v -354.744 4.61788 13.0905 
v -354.656 4.60296 13.104 
v -354.667 4.56807 13.0106 
v -354.737 4.59865 13.0126 
v -354.747 4.59135 13.1667 
v -354.682 4.56341 13.1896 
v -354.656 4.60296 13.104 
v -354.599 4.50714 13.1146 
v -354.682 4.56341 13.1896 
v -354.624 4.50738 13.1872 
v -354.364 4.41044 13.9951 
v -354.451 4.42472 14.0239 
v -354.466 4.44426 13.9374 
v -354.402 4.41966 13.8989 
v -354.701 3.56893 13.6475 
v -354.603 3.51029 13.752 
v -354.637 3.43285 13.8801 
v -354.507 3.90639 14.2764 
v -354.808 3.32091 13.9544 
v -354.889 3.24784 14.0021 
v -354.647 3.36684 13.9444 
v -354.808 3.32091 13.9544 
v -354.407 3.90459 14.3221 
v -354.584 3.31183 13.8976 
v -354.539 2.96565 13.1112 
v -355.048 3.49126 13.3036 
v -354.953 3.60263 13.257 
v -355.059 3.55756 13.2127 
v -354.9 3.2218 13.9491 
v -354.63 2.92118 12.5955 
v -354.534 2.97818 12.6352 
v -354.534 2.97818 12.6352 
v -354.419 3.27956 12.2707 
v -354.318 3.24036 12.2486 
v -354.408 3.31056 12.1671 
v -354.462 3.28922 12.1148 
v -354.506 3.25937 12.2162 
v -354.419 3.27956 12.2707 
v -354.442 3.19625 12.407 
v -354.323 3.13043 12.4043 
v -354.299 3.20119 12.3408 
v -354.502 3.23793 12.0807 
v -354.536 3.18435 12.3456 
v -354.442 3.19625 12.407 
v -354.561 3.0991 12.4573 
v -354.831 4.524 13.0807 
v -354.57 4.70129 13.6704 
v -354.509 4.66126 13.676 
v -354.489 4.71912 13.5858 
v -354.572 4.74485 13.5924 
v -354.572 3.31047 13.9879 
v -354.945 3.6148 13.3 
v -354.574 4.7388 13.5026 
v -354.514 4.70478 13.4814 
v -354.648 4.65163 13.4704 
v -354.672 4.65697 13.5809 
v -354.628 2.59143 12.5089 
v -354.866 4.32826 13.5379 
v -354.873 3.08684 12.8754 
v -354.478 4.32966 13.8383 
v -354.542 4.36471 13.9073 
v -354.544 4.33608 14.0167 
v -355.119 3.32395 13.0876 
v -354.628 4.24977 13.8813 
v -354.565 4.21288 13.8021 
v -354.73 3.60589 13.5813 
v -354.898 3.56517 13.6259 
v -354.881 3.54456 13.6545 
v -354.798 3.37085 13.9272 
v -355.088 2.9979 13.7563 
v -354.413 3.86077 14.4689 
v -354.46 3.89131 14.495 
v -354.413 3.86077 14.4689 
v -354.41 3.92892 14.4201 
v -354.473 3.95158 14.4535 
v -354.486 3.98256 14.3862 
v -354.44 3.95662 14.3486 
v -354.562 3.93593 14.3448 
v -354.507 3.90639 14.2764 
v -354.568 3.89538 14.4397 
v -354.655 3.81909 14.2764 
v -354.592 3.79423 14.1985 
v -354.722 3.68716 14.2065 
v -354.645 3.69488 14.1415 
v -354.737 3.63628 14.3093 
v -354.584 3.02713 12.5238 
v -354.492 3.08726 12.5289 
v -354.362 3.03174 12.5123 
v -354.492 3.08726 12.5289 
v -354.778 3.60494 13.2172 
v -354.808 3.85599 13.2169 
v -354.384 2.78026 12.6983 
v -354.343 2.82673 12.572 
v -354.417 2.94599 12.6306 
v -354.48 2.89844 12.7209 
v -354.411 4.24805 13.8322 
v -354.47 4.63177 13.4806 
v -354.514 4.70478 13.4814 
v -354.489 4.71912 13.5858 
v -354.446 4.61982 13.57 
v -354.763 3.63461 13.3134 
v -354.674 3.44195 13.2887 
v -354.685 3.41501 13.1944 
v -354.691 3.63384 13.4515 
v -354.647 3.46081 13.446 
v -354.596 3.31817 13.5376 
v -354.623 3.26234 13.2318 
v -354.441 2.78956 12.8684 
v -354.368 2.52034 12.8593 
v -354.376 2.62537 12.6189 
v -354.367 2.7092 12.4892 
v -354.408 3.25924 12.0706 
v -354.361 3.20039 12.0606 
v -354.425 3.17459 12.035 
v -354.502 3.23793 12.0807 
v -354.349 3.27721 12.1423 
v -354.312 3.22011 12.1182 
v -354.408 3.31056 12.1671 
v -354.687 2.8809 12.756 
v -354.565 2.8989 12.807 
v -354.687 2.8809 12.756 
v -354.666 2.98436 12.8953 
v -354.656 4.60296 13.104 
v -354.599 4.50714 13.1146 
v -354.61 4.49813 13.0324 
v -354.667 4.56807 13.0106 
v -354.682 4.56341 13.1896 
v -354.624 4.50738 13.1872 
v -354.366 4.32885 14.0715 
v -354.321 4.27447 14.0273 
v -354.319 4.32029 13.9509 
v -354.364 4.41044 13.9951 
v -354.402 4.41966 13.8989 
v -354.355 4.34959 13.877 
v -354.363 4.15219 14.0155 
v -354.356 4.18273 13.9105 
v -354.633 3.43063 13.598 
v -354.701 3.56893 13.6475 
v -354.603 3.51029 13.752 
v -354.585 3.36702 13.7044 
v -354.55 3.75069 13.8122 
v -354.588 3.69687 13.9469 
v -354.637 3.43285 13.8801 
v -354.442 4.00532 13.8704 
v -354.461 3.97469 14.0004 
v -354.658 3.82645 13.7127 
v -354.632 3.50523 14.0422 
v -354.452 3.83241 14.2568 
v -354.551 3.69471 14.1585 
v -354.507 3.90639 14.2764 
v -354.647 3.36684 13.9444 
v -354.808 3.32091 13.9544 
v -354.44 3.95662 14.3486 
v -354.407 3.90459 14.3221 
v -354.584 3.31183 13.8976 
v -354.557 3.2404 13.8298 
v -354.583 3.33422 13.8296 
v -354.539 2.96565 13.1112 
v -354.649 3.17755 13.0662 
v -354.65 3.45498 13.5373 
v -354.695 1.86584 12.9791 
v -354.714 2.04276 12.8705 
v -354.503 2.0273 12.9529 
v -354.356 2.03615 13.3379 
v -354.435 1.83864 13.4708 
v -354.508 1.80544 13.1749 
v -354.394 2.02664 13.1249 
v -354.369 2.01806 13.4856 
v -354.41 1.98878 13.6343 
v -354.559 1.73145 13.7367 
v -354.526 1.94177 13.8173 
v -354.648 3.77297 14.0146 
v -354.318 3.24036 12.2486 
v -354.442 3.19625 12.407 
v -354.323 3.13043 12.4043 
v -354.299 3.20119 12.3408 
v -354.28 3.14783 12.1934 
v -354.328 3.10263 12.111 
v -354.273 3.03018 12.3082 
v -354.647 4.35774 13.0035 
v -354.316 2.97396 12.2069 
v -354.619 4.33984 13.1089 
v -354.738 4.44406 13.2219 
v -354.647 4.4185 13.1945 
v -354.728 4.14874 12.9668 
v -354.509 4.66126 13.676 
v -354.464 4.59341 13.6548 
v -354.686 4.10844 13.0976 
v -354.774 4.10549 13.2119 
v -354.572 3.31047 13.9879 
v -354.73 3.8382 13.0868 
v -354.733 3.57434 13.0739 
v -354.79 3.84438 12.9492 
v -354.87 3.93422 12.911 
v -354.703 3.36542 13.0564 
v -354.797 3.55706 12.9518 
v -354.727 4.25411 13.6849 
v -354.627 4.25196 13.6503 
v -354.788 3.33363 12.938 
v -354.514 4.45696 13.6563 
v -354.484 4.45278 13.5441 
v -354.523 4.50296 13.4396 
v -354.628 2.59143 12.5089 
v -354.747 3.9489 13.3501 
v -354.748 3.13964 12.9206 
v -354.634 4.29703 13.3943 
v -354.728 3.90891 13.6185 
v -354.577 4.23058 13.5153 
v -354.487 2.5577 12.5221 
v -354.473 2.39401 12.6841 
v -354.873 3.08684 12.8754 
v -354.667 3.91671 13.4802 
v -354.472 2.1697 12.85 
v -355.119 3.32395 13.0876 
v -354.349 2.23865 13.0237 
v -354.73 3.60589 13.5813 
v -354.738 1.5641 13.0346 
v -354.655 1.51884 13.1726 
v -354.383 2.5972 13.1725 
v -354.327 2.27545 13.2582 
v -354.616 1.50632 13.4213 
v -354.4 2.61074 13.4648 
v -354.349 2.2659 13.4813 
v -354.881 3.54456 13.6545 
v -354.673 1.49093 13.679 
v -354.421 2.57995 13.7325 
v -354.391 2.23399 13.6997 
v -354.73 1.70194 13.8562 
v -354.753 1.50694 13.8171 
v -354.502 2.19444 13.8831 
v -354.507 2.96979 13.4675 
v -354.491 2.9261 13.7667 
v -354.507 2.52152 13.9404 
v -354.674 2.48546 14.0292 
v -354.543 2.83975 13.9911 
v -354.41 3.92892 14.4201 
v -354.413 3.86077 14.4689 
v -354.385 3.82606 14.424 
v -354.383 3.86862 14.3728 
v -354.576 3.08189 14.0517 
v -354.46 3.89131 14.495 
v -354.413 3.86077 14.4689 
v -354.41 3.92892 14.4201 
v -354.586 3.22145 14.14 
v -354.572 3.37113 14.2468 
v -354.664 3.29071 14.2689 
v -354.685 3.16371 14.2035 
v -354.69 3.01238 14.1428 
v -354.486 3.98256 14.3862 
v -354.422 3.72922 14.3967 
v -354.412 3.7652 14.3109 
v -354.546 3.44506 14.1194 
v -354.507 3.5692 14.3437 
v -354.484 3.61507 14.2266 
v -354.507 3.90639 14.2764 
v -354.465 3.76033 14.4676 
v -354.541 3.63441 14.4271 
v -354.327 2.86714 12.3066 
v -354.342 2.79694 12.3807 
v -354.3 2.90282 12.4215 
v -354.362 3.03174 12.5123 

vn 0.220472 0.0314961 0.976378 
vn 0.220472 0.023622 0.976378 
vn -0.661417 0.0393701 -0.748031 
vn -0.456693 0.0787402 -0.889764 
vn -0.401575 0.338583 -0.850394 
vn -0.606299 0.188976 -0.779528 
vn 0.92126 0.244094 0.299213 
vn 0.141732 -0.0393701 0.992126 
vn 0.125984 0.19685 -0.968504 
vn 0.19685 0.267717 -0.944882 
vn 0.141732 0.19685 -0.968504 
vn 0.110236 0.212598 -0.968504 
vn 0.858268 0.456693 -0.228346 
vn 0.826772 0.496063 -0.259843 
vn 0.874016 0.377953 -0.299213 
vn 0.818898 -0.496063 -0.275591 
vn 0.181102 0.637795 -0.748031 
vn 0.417323 0.480315 -0.771654 
vn 0.110236 0.362205 -0.92126 
vn -0.102362 0.496063 -0.866142 
vn -0.220472 0.614173 -0.755906 
vn 0.425197 0.724409 -0.543307 
vn 0.503937 0.590551 -0.629921 
vn -0.267717 0.472441 -0.84252 
vn -0.685039 0.322835 -0.653543 
vn -0.267717 0.472441 -0.84252 
vn -0.401575 0.338583 -0.850394 
vn 0.0944882 0.795276 -0.606299 
vn 0.299213 0.913386 -0.275591 
vn 0.385827 0.905512 -0.188976 
vn 0.818898 0.519685 -0.228346 
vn 0.299213 0.913386 -0.275591 
vn 0.283465 0.96063 0.0551181 
vn 0.338583 0.944882 -0.0393701 
vn 0.338583 0.944882 -0.0393701 
vn 0.795276 0.582677 -0.149606 
vn 0.889764 -0.267717 -0.370079 
vn 0.748031 0.511811 -0.417323 
vn 0.952756 -0.251969 0.173228 
vn 0.905512 -0.433071 0.015748 
vn 0.0708661 0.204724 -0.976378 
vn 0.0787402 0.204724 -0.976378 
vn 0.0866142 0.212598 -0.976378 
vn 0.023622 0.417323 -0.905512 
vn 0.0551181 0.448819 -0.889764 
vn -0.023622 0.496063 -0.866142 
vn 0.291339 0.448819 -0.84252 
vn 0.19685 0.433071 -0.88189 
vn 0.220472 0.433071 -0.874016 
vn 0.314961 0.480315 -0.818898 
vn 0.149606 0.456693 -0.88189 
vn -0.708661 0.511811 -0.480315 
vn -0.141732 0.527559 -0.834646 
vn -0.708661 0.511811 -0.480315 
vn 0.346457 0.590551 -0.732283 
vn 0.354331 0.551181 -0.755906 
vn -0.818898 0.496063 -0.283465 
vn -0.80315 0.330709 -0.496063 
vn -0.551181 0.448819 -0.700787 
vn 0.220472 0.023622 0.976378 
vn -0.968504 0.244094 0.0393701 
vn -0.645669 0.582677 -0.496063 
vn -0.866142 0.440945 -0.244094 
vn -0.874016 -0.220472 -0.425197 
vn 0.204724 -0.425197 -0.88189 
vn -0.409449 -0.385827 -0.826772 
vn -0.0944882 -0.551181 -0.826772 
vn 0.574803 -0.559055 -0.598425 
vn 0.299213 -0.637795 -0.708661 
vn 0.0551181 0.188976 -0.976378 
vn -0.220472 0.614173 -0.755906 
vn 0.866142 -0.133858 -0.480315 
vn 0.551181 0.0314961 -0.834646 
vn 0.19685 0.15748 -0.968504 
vn -0.102362 0.496063 -0.866142 
vn -0.661417 -0.299213 -0.692913 
vn 0.92126 -0.212598 -0.322835 
vn 0.425197 -0.330709 -0.84252 
vn 0.472441 -0.0314961 -0.88189 
vn 0.472441 -0.0314961 -0.88189 
vn 0.19685 0.15748 -0.968504 
vn 0.00787402 0.330709 -0.944882 
vn 0.850394 0.377953 0.354331 
vn -0.905512 -0.15748 -0.393701 
vn 0.354331 -0.535433 -0.76378 
vn 0.472441 -0.0314961 -0.88189 
vn -0.220472 0.220472 -0.952756 
vn -0.92126 -0.141732 -0.362205 
vn 0.716535 0.685039 -0.0866142 
vn 0.913386 -0.141732 -0.377953 
vn -0.551181 0.448819 -0.700787 
vn -0.330709 0.173228 -0.929134 
vn -0.322835 0.15748 -0.929134 
vn 0.409449 -0.0314961 -0.913386 
vn -0.330709 0.173228 -0.929134 
vn 0.370079 0.913386 -0.165354 
vn 0.826772 0.496063 -0.259843 
vn -0.456693 -0.574803 -0.677165 
vn 0.866142 0.0551181 -0.496063 
vn 0.409449 -0.0314961 -0.913386 
vn -0.362205 0.102362 -0.929134 
vn -0.267717 0.456693 -0.850394 
vn -0.133858 0.511811 -0.850394 
vn 0.535433 0.125984 -0.834646 
vn 0.283465 0.015748 -0.96063 
vn 0.330709 -0.023622 -0.944882 
vn 0.330709 -0.023622 -0.944882 
vn -0.385827 0.0393701 -0.92126 
vn -0.346457 0.385827 -0.858268 
vn -0.354331 0.393701 -0.850394 
vn 0.850394 -0.283465 -0.448819 
vn -0.685039 -0.141732 -0.716535 
vn -0.433071 -0.417323 -0.795276 
vn -0.188976 -0.519685 -0.834646 
vn 0.23622 0.023622 -0.968504 
vn 0.149606 0.0708661 -0.984252 
vn 0.251969 0.023622 -0.968504 
vn 0.503937 0.314961 -0.80315 
vn 0.283465 0.015748 -0.96063 
vn 0.283465 0.015748 -0.96063 
vn -0.354331 0.393701 -0.850394 
vn 0.251969 0.102362 -0.96063 
vn 0.283465 0.015748 -0.96063 
vn -0.685039 0.0551181 -0.724409 
vn -0.417323 0.322835 -0.850394 
vn 0.283465 0.015748 -0.96063 
vn -0.818898 0.370079 0.440945 
vn 0.346457 -0.622047 -0.700787 
vn 0.622047 -0.511811 -0.598425 
vn -0.456693 0.0787402 -0.889764 
vn 0.251969 0.102362 -0.96063 
vn -0.661417 0.023622 -0.755906 
vn -0.267717 0.456693 -0.850394 
vn 0.251969 0.023622 -0.968504 
vn -0.464567 0.23622 -0.858268 
vn 0.19685 0.267717 -0.944882 
vn -0.299213 0.645669 -0.700787 
vn 0.0944882 -0.551181 -0.826772 
vn -0.417323 -0.409449 -0.811024 
vn -0.740157 -0.023622 -0.669291 
vn 0.661417 -0.448819 -0.598425 
vn -0.952756 0.0787402 -0.291339 
vn 0.149606 0.0708661 -0.984252 
vn -0.488189 0.188976 -0.850394 
vn -0.511811 0.535433 -0.669291 
vn 0.125984 0.19685 -0.968504 
vn -0.661417 -0.244094 -0.708661 
vn 0.937008 0.125984 0.330709 
vn 0.0787402 0.204724 -0.976378 
vn -0.566929 0.496063 -0.653543 
vn -0.472441 -0.204724 -0.858268 
vn -0.708661 -0.19685 -0.677165 
vn -0.11811 -0.11811 -0.984252 
vn -0.0787402 -0.0866142 -0.992126 
vn 0.826772 -0.425197 -0.377953 
vn 0.0708661 0.204724 -0.976378 
vn -0.598425 0.440945 -0.669291 
vn -0.645669 0.582677 -0.496063 
vn 0.0551181 0.188976 -0.976378 
vn -0.84252 0.385827 -0.370079 
vn -0.905512 0.307087 0.291339 
vn 0.314961 0.480315 -0.818898 
vn -0.464567 0.653543 -0.598425 
vn 0.102362 -0.629921 -0.76378 
vn -0.606299 -0.299213 -0.732283 
vn 0.307087 -0.708661 -0.637795 
vn -0.433071 -0.535433 -0.724409 
vn 0.818898 -0.496063 -0.275591 
vn 0.110236 0.362205 -0.92126 
vn 0.748031 0.511811 -0.417323 
vn 0.850394 0.377953 -0.362205 
vn 0.204724 -0.425197 -0.88189 
vn -0.0944882 -0.551181 -0.826772 
vn 0.574803 -0.559055 -0.598425 
vn 0.299213 -0.637795 -0.708661 
vn 0.795276 -0.464567 -0.385827 
vn 0.866142 -0.133858 -0.480315 
vn 0.92126 -0.212598 -0.322835 
vn 0.96063 -0.19685 0.188976 
vn 0.251969 0.0787402 0.968504 
vn 0.291339 0 0.96063 
vn -0.905512 -0.15748 -0.393701 
vn 0.354331 -0.535433 -0.76378 
vn -0.92126 -0.141732 -0.362205 
vn 0.716535 0.685039 -0.0866142 
vn -0.456693 -0.574803 -0.677165 
vn -0.433071 -0.417323 -0.795276 
vn -0.188976 -0.519685 -0.834646 
vn 0.346457 -0.622047 -0.700787 
vn 0.622047 -0.511811 -0.598425 
vn 0.661417 -0.448819 -0.598425 
vn 0.944882 -0.181102 -0.259843 
vn 0.937008 0.125984 0.330709 
vn -0.0787402 -0.0866142 -0.992126 
vn -0.874016 -0.401575 -0.275591 
vn -0.897638 -0.448819 -0.0393701 
vn -0.92126 -0.322835 0.212598 
vn -0.96063 -0.102362 0.251969 
vn 0.307087 -0.692913 -0.653543 
vn 0.102362 -0.629921 -0.76378 
vn 0.322835 -0.716535 -0.614173 
vn 0.307087 -0.708661 -0.637795 
vn 0.874016 -0.456693 0.165354 
vn 0.84252 -0.204724 0.503937 
vn -0.11811 -0.11811 -0.984252 
vn 0.826772 -0.425197 -0.377953 
vn 0.88189 -0.472441 0 
vn -0.354331 0.0393701 0.937008 
vn -0.488189 0.0393701 0.874016 
vn -0.787402 0.204724 0.582677 
vn -0.661417 0.0393701 -0.748031 
vn -0.456693 0.0787402 -0.889764 
vn -0.606299 0.188976 -0.779528 
vn 0.141732 -0.0393701 0.992126 
vn 0.181102 -0.102362 0.976378 
vn 0.818898 -0.496063 -0.275591 
vn 0.110236 0.362205 -0.92126 
vn -0.267717 0.472441 -0.84252 
vn -0.685039 0.322835 -0.653543 
vn -0.267717 0.472441 -0.84252 
vn -0.480315 0.795276 -0.362205 
vn -0.795276 0.559055 -0.244094 
vn 0.283465 0.913386 -0.299213 
vn 0.299213 0.913386 -0.275591 
vn 0.385827 0.905512 -0.188976 
vn 0.165354 0.897638 0.401575 
vn 0.204724 0.866142 0.456693 
vn 0.283465 0.850394 0.440945 
vn 0.283465 0.96063 0.0551181 
vn 0.338583 0.944882 -0.0393701 
vn -0.700787 0.527559 -0.488189 
vn 0.023622 0.417323 -0.905512 
vn -0.708661 0.511811 -0.480315 
vn -0.897638 0.448819 0 
vn -0.708661 0.511811 -0.480315 
vn -0.826772 -0.149606 0.543307 
vn -0.598425 -0.212598 0.771654 
vn -0.661417 -0.204724 0.724409 
vn -0.992126 -0.0314961 -0.11811 
vn -0.992126 -0.102362 0.0393701 
vn -1 -0.023622 0.0629921 
vn -0.952756 -0.0472441 0.291339 
vn -0.92126 -0.125984 0.377953 
vn -0.913386 -0.0708661 0.401575 
vn -0.905512 -0.0393701 -0.417323 
vn -0.944882 -0.0866142 -0.307087 
vn -0.976378 -0.0393701 -0.220472 
vn -0.976378 -0.0393701 0.220472 
vn -0.952756 0.133858 0.283465 
vn -0.866142 0.283465 0.409449 
vn -0.96063 0.228346 0.133858 
vn -0.984252 0.125984 0.0944882 
vn -0.818898 0.496063 -0.283465 
vn -0.952756 0.307087 -0.0787402 
vn -0.80315 0.330709 -0.496063 
vn -0.551181 0.448819 -0.700787 
vn -0.708661 0.330709 0.622047 
vn 0.220472 0.023622 0.976378 
vn -0.779528 0.283465 0.559055 
vn -0.968504 0.244094 0.0393701 
vn -0.637795 0.370079 0.677165 
vn -0.645669 0.188976 0.740157 
vn -0.818898 0.496063 0.291339 
vn -0.889764 0.188976 0.425197 
vn -0.645669 0.582677 -0.496063 
vn -0.645669 0.582677 -0.496063 
vn -0.866142 0.440945 -0.244094 
vn -0.992126 -0.0944882 0.015748 
vn -0.929134 -0.11811 -0.354331 
vn -0.874016 -0.220472 -0.425197 
vn -0.96063 -0.259843 -0.0393701 
vn -0.80315 0.574803 0.15748 
vn -0.0551181 0.795276 -0.606299 
vn -0.385827 0.905512 0.173228 
vn 0.330709 0.566929 0.755906 
vn -0.220472 0.614173 -0.755906 
vn -0.80315 0.582677 -0.11811 
vn -0.401575 0.818898 0.417323 
vn 0.330709 0.566929 0.755906 
vn -0.102362 0.496063 -0.866142 
vn -0.661417 -0.299213 -0.692913 
vn -0.92126 0.385827 0.015748 
vn 0.00787402 0.330709 -0.944882 
vn -0.92126 0.173228 -0.346457 
vn -0.834646 0.0551181 -0.543307 
vn -0.905512 -0.15748 -0.393701 
vn -0.937008 0.354331 0.0472441 
vn -0.929134 0.354331 0.0629921 
vn -0.259843 0.330709 0.905512 
vn -0.834646 0.543307 -0.0393701 
vn -0.220472 0.220472 -0.952756 
vn 0.370079 0.771654 0.519685 
vn 0.850394 0.377953 0.354331 
vn 0.307087 0.929134 0.204724 
vn -0.92126 -0.141732 -0.362205 
vn -0.409449 0.220472 0.889764 
vn -0.826772 0.409449 -0.393701 
vn -0.322835 0.15748 -0.929134 
vn 0.370079 0.913386 -0.165354 
vn -0.464567 0.165354 0.866142 
vn -0.866142 0.299213 -0.401575 
vn 0.409449 -0.0314961 -0.913386 
vn -0.362205 0.102362 -0.929134 
vn -0.133858 0.511811 -0.850394 
vn -0.76378 0.622047 0.15748 
vn -0.669291 0.559055 0.488189 
vn -0.385827 0.0393701 -0.92126 
vn -0.480315 0.125984 0.866142 
vn -0.889764 0.204724 -0.409449 
vn -0.346457 0.385827 -0.858268 
vn -0.755906 0.456693 0.464567 
vn -0.755906 0.456693 0.464567 
vn -0.685039 -0.141732 -0.716535 
vn -0.433071 -0.417323 -0.795276 
vn -0.685039 0.0551181 -0.724409 
vn -0.472441 0.125984 0.874016 
vn -0.984252 0.15748 -0.0629921 
vn -0.417323 0.322835 -0.850394 
vn -0.818898 0.370079 0.440945 
vn -0.818898 0.370079 0.440945 
vn -0.661417 0.023622 -0.755906 
vn -0.984252 0.149606 -0.11811 
vn -0.464567 0.23622 -0.858268 
vn -0.850394 0.267717 0.456693 
vn -0.850394 0.267717 0.448819 
vn -0.299213 0.645669 -0.700787 
vn -0.740157 -0.023622 -0.669291 
vn -0.700787 0.519685 0.496063 
vn -0.952756 0.0787402 -0.291339 
vn -0.488189 0.188976 -0.850394 
vn -0.866142 0.173228 0.464567 
vn -0.968504 0.204724 0.133858 
vn -0.511811 0.535433 -0.669291 
vn -0.661417 -0.244094 -0.708661 
vn 0.944882 -0.181102 -0.259843 
vn -0.574803 0.275591 0.771654 
vn -0.897638 0 -0.433071 
vn -0.96063 0.23622 0.15748 
vn -0.566929 0.496063 -0.653543 
vn -0.472441 -0.204724 -0.858268 
vn -0.708661 -0.19685 -0.677165 
vn -0.834646 -0.11811 -0.535433 
vn -0.834646 -0.0314961 -0.551181 
vn -0.0787402 -0.0866142 -0.992126 
vn -0.598425 0.228346 0.771654 
vn -0.984252 0.0708661 -0.173228 
vn -0.598425 0.440945 -0.669291 
vn -0.874016 -0.401575 -0.275591 
vn -0.897638 -0.448819 -0.0393701 
vn -0.653543 0.188976 0.732283 
vn -0.677165 0.15748 0.724409 
vn -0.984252 0.125984 -0.0866142 
vn -0.84252 0.385827 -0.370079 
vn -0.92126 -0.322835 0.212598 
vn -0.92126 -0.220472 0.322835 
vn -0.889764 0.228346 0.393701 
vn -0.716535 0.0944882 0.692913 
vn -0.88189 -0.244094 0.401575 
vn -0.96063 -0.102362 0.251969 
vn -0.913386 -0.0787402 0.393701 
vn -0.88189 0.19685 0.433071 
vn -0.905512 0.307087 0.291339 
vn -0.818898 -0.0393701 0.574803 
vn -0.937008 0.110236 0.330709 
vn -0.866142 0.173228 0.472441 
vn -0.889764 0.0629921 0.448819 
vn 0.779528 0.338583 0.527559 
vn -0.866142 0.0393701 0.503937 
vn -0.874016 -0.102362 0.480315 
vn -0.850394 -0.015748 0.519685 
vn -0.692913 -0.11811 0.716535 
vn -0.362205 -0.204724 0.905512 
vn 0.669291 -0.19685 0.716535 
vn -0.779528 -0.023622 0.629921 
vn -0.110236 -0.362205 0.92126 
vn -0.181102 -0.393701 0.897638 
vn -0.866142 0.0629921 0.496063 
vn -0.251969 0.771654 -0.582677 
vn 0.314961 0.480315 -0.818898 
vn -0.645669 0.488189 0.582677 
vn -0.0393701 -0.307087 0.952756 
vn -0.19685 -0.370079 0.913386 
vn -0.755906 -0.102362 0.645669 
vn -0.464567 0.653543 -0.598425 
vn -0.637795 0.165354 0.755906 
vn -0.173228 -0.354331 0.92126 
vn -0.779528 -0.0393701 0.629921 
vn -0.653543 0.511811 -0.551181 
vn 0.0551181 0.448819 -0.889764 
vn -0.559055 0.566929 -0.606299 
vn 0.149606 0.456693 -0.88189 
vn -0.76378 0 0.645669 
vn -0.472441 0.677165 0.566929 
vn 0.102362 -0.629921 -0.76378 
vn -0.606299 -0.299213 -0.732283 
vn -0.433071 -0.535433 -0.724409 
vn -0.913386 -0.0866142 -0.401575 
vn -0.354331 0.0393701 0.937008 
vn -0.488189 0.0393701 0.874016 
vn -0.787402 0.204724 0.582677 
vn 0.220472 0.0314961 0.976378 
vn 0.220472 0.0314961 0.976378 
vn 0.220472 0.0314961 0.976378 
vn 0.220472 0.023622 0.976378 
vn 0.0551181 -0.0629921 1 
vn 0.102362 0.0393701 0.992126 
vn 0.141732 -0.0393701 0.992126 
vn 0.181102 -0.102362 0.976378 
vn -0.267717 0.472441 -0.84252 
vn 0.165354 0.897638 0.401575 
vn 0.204724 0.866142 0.456693 
vn 0.299213 0.913386 -0.275591 
vn 0.204724 0.866142 0.456693 
vn 0.677165 0.700787 0.228346 
vn 0.283465 0.850394 0.440945 
vn 0.141732 -0.0393701 0.992126 
vn 0.84252 0.448819 0.299213 
vn 0.283465 0.96063 0.0551181 
vn 0.92126 -0.393701 -0.0314961 
vn 0.937008 -0.322835 0.125984 
vn 0.968504 -0.204724 0.125984 
vn 0.897638 -0.440945 0.0393701 
vn -0.708661 0.511811 -0.480315 
vn -0.141732 0.527559 -0.834646 
vn -0.708661 0.511811 -0.480315 
vn -0.598425 -0.212598 0.771654 
vn -0.661417 -0.204724 0.724409 
vn -0.866142 0.283465 0.409449 
vn -0.708661 0.330709 0.622047 
vn 0.220472 0.023622 0.976378 
vn -0.779528 0.283465 0.559055 
vn -0.968504 0.244094 0.0393701 
vn -0.637795 0.370079 0.677165 
vn -0.322835 0.0472441 0.944882 
vn -0.645669 0.188976 0.740157 
vn -0.165354 -0.102362 0.984252 
vn -0.645669 0.582677 -0.496063 
vn 0.866142 -0.425197 0.267717 
vn 0.834646 -0.307087 0.456693 
vn 0.496063 -0.417323 0.755906 
vn 0.456693 -0.370079 0.811024 
vn 0.448819 -0.370079 0.811024 
vn 0.559055 -0.401575 0.724409 
vn 0.102362 0.0393701 0.992126 
vn -0.0393701 -0.0866142 0.992126 
vn 0.559055 -0.401575 0.724409 
vn 0.330709 0.566929 0.755906 
vn 0.330709 0.566929 0.755906 
vn 0.330709 0.566929 0.755906 
vn 0.96063 -0.19685 0.188976 
vn 0.251969 0.0787402 0.968504 
vn 0.291339 0 0.96063 
vn 0.850394 0.377953 0.354331 
vn 0.834646 0.448819 0.322835 
vn -0.259843 0.330709 0.905512 
vn 0.251969 0.0787402 0.968504 
vn 0.275591 -0.0551181 0.96063 
vn 0.543307 -0.102362 0.834646 
vn 0.370079 0.771654 0.519685 
vn 0.850394 0.377953 0.354331 
vn 0.976378 0.125984 -0.165354 
vn -0.409449 0.220472 0.889764 
vn 0.275591 -0.0551181 0.96063 
vn -0.464567 0.165354 0.866142 
vn -0.464567 0.165354 0.866142 
vn 0.244094 -0.015748 0.968504 
vn -0.464567 0.165354 0.866142 
vn -0.669291 0.559055 0.488189 
vn -0.0944882 0.244094 0.968504 
vn 0.314961 -0.23622 0.92126 
vn 0.322835 -0.204724 0.92126 
vn 0.346457 -0.228346 0.913386 
vn -0.480315 0.125984 0.866142 
vn 0.244094 -0.015748 0.968504 
vn -0.0944882 0.244094 0.968504 
vn 0.401575 -0.212598 0.889764 
vn -0.755906 0.456693 0.464567 
vn 0.346457 -0.228346 0.913386 
vn -0.472441 0.125984 0.874016 
vn 0.220472 0.0314961 0.976378 
vn -0.818898 0.370079 0.440945 
vn -0.818898 0.370079 0.440945 
vn 0.314961 -0.23622 0.92126 
vn 0.322835 -0.181102 0.929134 
vn 0.322835 -0.181102 0.929134 
vn -0.850394 0.267717 0.448819 
vn 0.322835 -0.181102 0.929134 
vn -0.700787 0.519685 0.496063 
vn -0.866142 0.173228 0.464567 
vn -0.338583 0 0.937008 
vn -0.338583 0 0.937008 
vn -0.574803 0.275591 0.771654 
vn 0.937008 0.125984 0.330709 
vn -0.598425 0.228346 0.771654 
vn -0.598425 0.23622 0.76378 
vn -0.322835 0.0472441 0.944882 
vn -0.598425 0.440945 -0.669291 
vn 0.496063 -0.417323 0.755906 
vn -0.653543 0.188976 0.732283 
vn -0.677165 0.15748 0.724409 
vn -0.645669 0.582677 -0.496063 
vn 0.874016 -0.456693 0.165354 
vn -0.716535 0.0944882 0.692913 
vn 0.456693 -0.370079 0.811024 
vn -0.88189 -0.244094 0.401575 
vn -0.96063 -0.102362 0.251969 
vn 0.677165 -0.354331 0.637795 
vn -0.88189 0.19685 0.433071 
vn 0.448819 -0.370079 0.811024 
vn -0.905512 0.307087 0.291339 
vn 0.84252 -0.204724 0.503937 
vn 0.677165 -0.354331 0.637795 
vn -0.818898 -0.0393701 0.574803 
vn 0.496063 -0.291339 0.818898 
vn 0.858268 -0.204724 0.472441 
vn 0.496063 -0.291339 0.818898 
vn 0.370079 -0.251969 0.897638 
vn 0.897638 0 0.440945 
vn -0.165354 -0.102362 0.984252 
vn -0.889764 0.0629921 0.448819 
vn 0.370079 -0.251969 0.897638 
vn 0.440945 -0.181102 0.88189 
vn 0.952756 0.0944882 0.291339 
vn 0.779528 0.338583 0.527559 
vn 0.92126 0.23622 0.314961 
vn 0.440945 -0.181102 0.88189 
vn -0.291339 -0.299213 0.905512 
vn 0.984252 0.0708661 0.165354 
vn 0.551181 -0.0944882 0.826772 
vn 0.590551 0.488189 0.637795 
vn 0.779528 0.338583 0.527559 
vn 0.511811 0.700787 0.488189 
vn 0.590551 -0.503937 0.629921 
vn 0.614173 -0.472441 0.629921 
vn 0.661417 -0.377953 0.645669 
vn 0.551181 -0.0944882 0.826772 
vn -0.291339 -0.204724 0.937008 
vn 0.669291 -0.19685 0.716535 
vn -0.692913 -0.11811 0.716535 
vn -0.362205 -0.204724 0.905512 
vn 0.669291 -0.19685 0.716535 
vn 0.913386 -0.393701 -0.0629921 
vn -0.779528 -0.023622 0.629921 
vn -0.110236 -0.362205 0.92126 
vn 0.661417 -0.377953 0.645669 
vn 0.92126 -0.385827 0.015748 
vn 0.244094 -0.19685 0.952756 
vn 0.0866142 -0.251969 0.968504 
vn 0.614173 -0.472441 0.629921 
vn -0.181102 -0.393701 0.897638 
vn -0.866142 0.0629921 0.496063 
vn -0.645669 0.488189 0.582677 
vn -0.0393701 -0.307087 0.952756 
vn -0.110236 -0.330709 0.937008 
vn 0.543307 -0.503937 0.669291 
vn 0.574803 -0.488189 0.653543 
vn -0.19685 -0.370079 0.913386 
vn 0.574803 -0.488189 0.653543 
vn -0.637795 0.165354 0.755906 
vn -0.173228 -0.354331 0.92126 
vn 0.543307 -0.503937 0.669291 
vn -0.110236 -0.330709 0.937008 
vn -0.354331 0.0393701 0.937008 
vn -0.787402 0.204724 0.582677 
vn 0.220472 0.0314961 0.976378 
vn 0.220472 0.023622 0.976378 
vn -0.661417 0.0393701 -0.748031 
vn 0.92126 0.244094 0.299213 
vn 0.755906 0.370079 0.543307 
vn 0.653543 0.590551 0.472441 
vn 0.141732 -0.0393701 0.992126 
vn 0.181102 -0.102362 0.976378 
vn 0.874016 0.377953 -0.299213 
vn 0.850394 0.503937 0.11811 
vn 0.181102 0.637795 -0.748031 
vn 0.417323 0.480315 -0.771654 
vn 0.110236 0.362205 -0.92126 
vn -0.220472 0.614173 -0.755906 
vn -0.0551181 0.795276 -0.606299 
vn 0.425197 0.724409 -0.543307 
vn 0.503937 0.590551 -0.629921 
vn 0.212598 0.866142 -0.456693 
vn -0.267717 0.472441 -0.84252 
vn 0.456693 0.771654 0.448819 
vn -0.267717 0.472441 -0.84252 
vn -0.401575 0.338583 -0.850394 
vn 0.0944882 0.795276 -0.606299 
vn -0.480315 0.795276 -0.362205 
vn -0.795276 0.559055 -0.244094 
vn -0.480315 0.795276 -0.362205 
vn 0.283465 0.913386 -0.299213 
vn 0.212598 0.905512 -0.362205 
vn 0.299213 0.913386 -0.275591 
vn 0.385827 0.905512 -0.188976 
vn 0.165354 0.897638 0.401575 
vn 0.204724 0.866142 0.456693 
vn 0.212598 0.905512 -0.362205 
vn 0.850394 0.496063 -0.173228 
vn 0.204724 0.866142 0.456693 
vn 0.677165 0.700787 0.228346 
vn 0.370079 0.661417 0.653543 
vn 0.283465 0.850394 0.440945 
vn 0.283465 0.96063 0.0551181 
vn 0.338583 0.944882 -0.0393701 
vn 0.748031 0.511811 -0.417323 
vn 0.850394 0.377953 -0.362205 
vn 0.968504 -0.204724 0.125984 
vn 0.314961 0.480315 -0.818898 
vn -0.708661 0.511811 -0.480315 
vn -0.897638 0.448819 0 
vn -0.141732 0.527559 -0.834646 
vn -0.708661 0.511811 -0.480315 
vn 0.354331 0.551181 -0.755906 
vn 0.874016 0.480315 0.0629921 
vn 0.88189 0.433071 -0.181102 
vn -0.818898 0.496063 -0.283465 
vn 0.220472 0.023622 0.976378 
vn -0.779528 0.283465 0.559055 
vn -0.818898 0.496063 0.291339 
vn -0.80315 0.574803 0.15748 
vn -0.566929 0.779528 0.259843 
vn -0.566929 0.779528 0.259843 
vn 0.401575 0.866142 0.299213 
vn 0.700787 0.692913 0.173228 
vn 0.212598 0.866142 -0.456693 
vn -0.0551181 0.795276 -0.606299 
vn -0.385827 0.905512 0.173228 
vn 0.401575 0.866142 0.299213 
vn 0.330709 0.566929 0.755906 
vn 0.330709 0.566929 0.755906 
vn 0.330709 0.566929 0.755906 
vn -0.220472 0.614173 -0.755906 
vn -0.401575 0.818898 0.417323 
vn 0.330709 0.566929 0.755906 
vn -0.929134 0.354331 0.0629921 
vn -0.834646 0.543307 -0.0393701 
vn 0.370079 0.771654 0.519685 
vn 0.850394 0.377953 0.354331 
vn 0.866142 0.448819 -0.220472 
vn 0.307087 0.929134 0.204724 
vn 0.716535 0.685039 -0.0866142 
vn -0.551181 0.448819 -0.700787 
vn 0.370079 0.913386 -0.165354 
vn 0.826772 0.496063 -0.259843 
vn -0.133858 0.511811 -0.850394 
vn -0.76378 0.622047 0.15748 
vn -0.433071 -0.417323 -0.795276 
vn -0.818898 0.370079 0.440945 
vn -0.456693 0.0787402 -0.889764 
vn 0.19685 0.267717 -0.944882 
vn -0.299213 0.645669 -0.700787 
vn -0.700787 0.519685 0.496063 
vn -0.952756 0.0787402 -0.291339 
vn -0.511811 0.535433 -0.669291 
vn 0.125984 0.19685 -0.968504 
vn 0.937008 0.125984 0.330709 
vn -0.322835 0.0472441 0.944882 
vn -0.645669 0.582677 -0.496063 
vn -0.165354 -0.102362 0.984252 
vn -0.889764 0.0629921 0.448819 
vn 0.779528 0.338583 0.527559 
vn 0.590551 0.488189 0.637795 
vn 0.779528 0.338583 0.527559 
vn 0.771654 0.574803 0.283465 
vn 0.511811 0.700787 0.488189 
vn 0.511811 0.84252 0.188976 
vn 0.346457 0.590551 -0.732283 
vn -0.251969 0.771654 -0.582677 
vn 0.314961 0.480315 -0.818898 
vn -0.645669 0.488189 0.582677 
vn -0.464567 0.653543 -0.598425 
vn 0.220472 0.433071 -0.874016 
vn -0.559055 0.566929 -0.606299 
vn 0.149606 0.456693 -0.88189 
vn -0.76378 0 0.645669 
vn -0.472441 0.677165 0.566929 
vn -0.433071 0.716535 0.543307 
vn 0.889764 0.125984 0.433071 
vn -0.433071 0.716535 0.543307 
vn 0.220472 0.0314961 0.976378 
vn 0.220472 0.0314961 0.976378 
vn 0.92126 0.244094 0.299213 
vn 0.96063 0.0314961 0.283465 
vn 0.755906 0.370079 0.543307 
vn 0.653543 0.590551 0.472441 
vn 0.141732 0.19685 -0.968504 
vn 0.858268 0.456693 -0.228346 
vn 0.826772 0.496063 -0.259843 
vn 0.866142 0.448819 -0.220472 
vn 0.889764 0.417323 -0.188976 
vn 0.874016 0.377953 -0.299213 
vn 0.897638 0.385827 -0.212598 
vn 0.929134 0.338583 -0.165354 
vn 0.984252 0.11811 -0.133858 
vn 0.944882 0.307087 -0.11811 
vn 0.952756 0.283465 -0.0944882 
vn 0.929134 0.307087 -0.19685 
vn 0.850394 0.503937 0.11811 
vn 0.992126 -0.0314961 -0.11811 
vn 0.937008 -0.307087 -0.181102 
vn 0.818898 -0.496063 -0.275591 
vn 0.181102 0.637795 -0.748031 
vn 0.417323 0.480315 -0.771654 
vn 0.110236 0.362205 -0.92126 
vn -0.220472 0.614173 -0.755906 
vn 0.425197 0.724409 -0.543307 
vn 0.503937 0.590551 -0.629921 
vn 0.212598 0.866142 -0.456693 
vn -0.267717 0.472441 -0.84252 
vn 0.456693 0.771654 0.448819 
vn -0.267717 0.472441 -0.84252 
vn 0.0944882 0.795276 -0.606299 
vn 0.212598 0.905512 -0.362205 
vn 0.850394 0.496063 -0.173228 
vn 0.818898 0.519685 -0.228346 
vn 0.299213 0.913386 -0.275591 
vn 0.204724 0.866142 0.456693 
vn 0.677165 0.700787 0.228346 
vn 0.141732 -0.0393701 0.992126 
vn 0.84252 0.448819 0.299213 
vn 0.88189 0.354331 0.314961 
vn 0.370079 0.661417 0.653543 
vn 0.338583 0.944882 -0.0393701 
vn 0.795276 0.582677 -0.149606 
vn 0.92126 -0.393701 -0.0314961 
vn 0.889764 -0.267717 -0.370079 
vn 0.897638 0.401575 -0.188976 
vn 0.748031 0.511811 -0.417323 
vn 0.850394 0.377953 -0.362205 
vn 0.976378 0.188976 -0.11811 
vn 0.952756 -0.251969 0.173228 
vn 0.937008 -0.322835 0.125984 
vn 0.968504 -0.204724 0.125984 
vn 0.905512 -0.433071 0.015748 
vn 0.897638 -0.440945 0.0393701 
vn 0.0866142 0.212598 -0.976378 
vn -0.023622 0.496063 -0.866142 
vn 0.291339 0.448819 -0.84252 
vn 0.19685 0.433071 -0.88189 
vn 0.314961 0.480315 -0.818898 
vn -0.141732 0.527559 -0.834646 
vn -0.708661 0.511811 -0.480315 
vn 0.346457 0.590551 -0.732283 
vn 0.354331 0.551181 -0.755906 
vn 0.874016 0.480315 0.0629921 
vn 0.976378 0.19685 0.0393701 
vn 0.952756 0.283465 0.133858 
vn 0.88189 0.433071 -0.181102 
vn 0.84252 0.314961 -0.440945 
vn 0.929134 0.377953 0.0314961 
vn 0.204724 -0.425197 -0.88189 
vn -0.0944882 -0.551181 -0.826772 
vn 0.574803 -0.559055 -0.598425 
vn 0.96063 -0.267717 -0.0551181 
vn 0.897638 -0.433071 0.0472441 
vn 0.795276 -0.464567 -0.385827 
vn 0.874016 -0.385827 -0.291339 
vn 0.968504 -0.220472 0.125984 
vn 0.905512 -0.267717 0.322835 
vn 0.866142 -0.425197 0.267717 
vn 0.834646 -0.307087 0.456693 
vn 0.456693 -0.370079 0.811024 
vn 0.700787 0.692913 0.173228 
vn 0.330709 0.566929 0.755906 
vn 0.330709 0.566929 0.755906 
vn 0.330709 0.566929 0.755906 
vn 0.976378 0.0708661 -0.19685 
vn 0.866142 -0.133858 -0.480315 
vn 1 -0.0787402 0.0393701 
vn 0.551181 0.0314961 -0.834646 
vn 0.92126 -0.212598 -0.322835 
vn 0.96063 -0.19685 0.188976 
vn 0.251969 0.0787402 0.968504 
vn 0.291339 0 0.96063 
vn 0.472441 -0.0314961 -0.88189 
vn 0.850394 0.377953 0.354331 
vn 0.834646 0.448819 0.322835 
vn 0.897638 -0.267717 -0.346457 
vn 0.543307 -0.102362 0.834646 
vn 0.716535 0.685039 -0.0866142 
vn 0.897638 0.0551181 0.433071 
vn 0.976378 0.125984 -0.165354 
vn 0.913386 -0.141732 -0.377953 
vn 0.409449 -0.0314961 -0.913386 
vn 0.88189 0.188976 -0.425197 
vn 0.866142 0.0551181 -0.496063 
vn 0.314961 -0.23622 0.92126 
vn 0.322835 -0.204724 0.92126 
vn 0.535433 0.125984 -0.834646 
vn 0.401575 -0.212598 0.889764 
vn 0.937008 -0.338583 -0.102362 
vn 0.850394 -0.283465 -0.448819 
vn -0.433071 -0.417323 -0.795276 
vn 0.23622 0.023622 -0.968504 
vn 0.503937 0.314961 -0.80315 
vn 0.283465 0.015748 -0.96063 
vn 0.322835 -0.181102 0.929134 
vn 0.80315 -0.267717 -0.527559 
vn 0.346457 -0.622047 -0.700787 
vn 0.622047 -0.511811 -0.598425 
vn -0.456693 0.0787402 -0.889764 
vn 0.818898 -0.173228 -0.543307 
vn 0.661417 -0.448819 -0.598425 
vn -0.952756 0.0787402 -0.291339 
vn 0.944882 -0.181102 -0.259843 
vn 0.937008 0.125984 0.330709 
vn -0.11811 -0.11811 -0.984252 
vn 0.826772 -0.425197 -0.377953 
vn 0.968504 0.244094 0 
vn 1 0.00787402 -0.015748 
vn 0.88189 -0.472441 0 
vn 0.976378 0.212598 0.0629921 
vn 0.992126 0.023622 0.125984 
vn -0.645669 0.582677 -0.496063 
vn 0.874016 -0.456693 0.165354 
vn 0.96063 0.110236 0.244094 
vn 0.937008 -0.0708661 0.346457 
vn 0.677165 -0.354331 0.637795 
vn 0.84252 -0.204724 0.503937 
vn 0.858268 -0.204724 0.472441 
vn 0.952756 0.291339 -0.0472441 
vn 0.976378 0.19685 0.11811 
vn 0.897638 0 0.440945 
vn 0.440945 -0.181102 0.88189 
vn 0.952756 0.0944882 0.291339 
vn 0.771654 0.574803 0.283465 
vn 0.779528 0.338583 0.527559 
vn 0.92126 0.23622 0.314961 
vn 0.937008 0.23622 0.244094 
vn 0.984252 0.0708661 0.165354 
vn 0.590551 0.488189 0.637795 
vn 0.779528 0.338583 0.527559 
vn 0.771654 0.574803 0.283465 
vn 0.629921 -0.464567 0.622047 
vn 0.590551 -0.503937 0.629921 
vn 0.614173 -0.472441 0.629921 
vn 0.661417 -0.377953 0.645669 
vn 0.669291 -0.19685 0.716535 
vn 0.511811 0.84252 0.188976 
vn 0.913386 -0.393701 -0.0629921 
vn 0.92126 -0.204724 -0.338583 
vn 0.984252 -0.173228 0.0472441 
vn 0.92126 -0.385827 0.015748 
vn 0.92126 -0.377953 0.015748 
vn 0.314961 0.480315 -0.818898 
vn 0.0866142 -0.251969 0.968504 
vn -0.110236 -0.330709 0.937008 
vn 0.307087 -0.692913 -0.653543 
vn 0.322835 -0.716535 -0.614173 
vn 0.984252 -0.110236 0.149606 
vn 0.889764 0.125984 0.433071 

vt 61.9942 -57.061 
vt 61.9722 -57.0607 
vt 61.9649 -56.9831 
vt 61.9823 -56.9962 
vt 61.9931 -56.977 
vt 61.9802 -56.9608 
vt 62.0434 -56.9579 
vt 62.0457 -57.1515 
vt 62.0207 -57.137 
vt 62.0317 -57.1516 
vt 62.0401 -57.1414 
vt 62.0257 -57.1222 
vt 62.0326 -57.1894 
vt 62.0272 -57.1985 
vt 61.9961 -57.0647 
vt 62.0455 -56.949 
vt 62.0404 -57.0178 
vt 62.0463 -57.0104 
vt 62.0383 -57.0072 
vt 62.0328 -57.011 
vt 62.0287 -57.0151 
vt 62.0477 -57.02 
vt 62.0524 -57.0129 
vt 62.0056 -56.9705 
vt 61.9942 -56.9555 
vt 62.0056 -56.9705 
vt 61.9931 -56.977 
vt 62.0082 -56.9834 
vt 62.0081 -57.1814 
vt 61.9993 -57.1852 
vt 62.0151 -57.1727 
vt 62.0081 -57.1814 
vt 62.0332 -57.1659 
vt 62.0412 -57.1628 
vt 62.0412 -57.1628 
vt 62.0471 -57.1541 
vt 62.047 -57.1332 
vt 62.0038 -57.0565 
vt 62.0227 -57.0792 
vt 62.0362 -57.1111 
vt 61.9997 -57.1012 
vt 62.012 -57.1238 
vt 62.0092 -57.0887 
vt 61.9979 -57.0417 
vt 62.0035 -57.0551 
vt 62.0124 -57.0485 
vt 62.0349 -57.0894 
vt 62.0226 -57.0722 
vt 62.0174 -57.0847 
vt 62.028 -57.0987 
vt 62.0108 -57.0723 
vt 61.9904 -57.0255 
vt 62.0105 -57.0312 
vt 61.9904 -57.0255 
vt 62.0364 -57.105 
vt 62.0406 -57.0985 
vt 61.9604 -57.0468 
vt 61.9604 -57.0555 
vt 61.9733 -57.0622 
vt 61.9722 -57.0607 
vt 61.9522 -57.0312 
vt 61.9813 -57.0535 
vt 61.9694 -57.0457 
vt 61.9608 -56.8334 
vt 62.0046 -56.8436 
vt 61.9871 -56.8662 
vt 62.0022 -56.8657 
vt 62.0285 -56.8638 
vt 62.0216 -56.8717 
vt 61.9913 -57.0811 
vt 62.0287 -57.0151 
vt 62.0504 -56.9982 
vt 62.0105 -57.1551 
vt 62.0016 -57.1657 
vt 62.0328 -57.011 
vt 62.0287 -57.0013 
vt 62.052 -56.9821 
vt 62.0386 -56.9973 
vt 62.0004 -57.129 
vt 61.9937 -57.1456 
vt 62.0016 -57.1657 
vt 61.9915 -57.1733 
vt 62.0278 -57.193 
vt 62.0257 -56.9881 
vt 62.0384 -56.9821 
vt 61.9937 -57.1456 
vt 61.9831 -57.1544 
vt 62.0223 -56.9766 
vt 62.0199 -57.0242 
vt 61.9927 -57.0909 
vt 61.9733 -57.0622 
vt 61.9886 -57.1283 
vt 61.9761 -57.1327 
vt 61.9827 -57.1022 
vt 61.9886 -57.1283 
vt 62.0197 -57.2027 
vt 62.0272 -57.1985 
vt 62.0362 -56.9691 
vt 61.9917 -57.055 
vt 61.9827 -57.1022 
vt 61.9697 -57.1071 
vt 62.0187 -57.185 
vt 62.0104 -57.1918 
vt 61.9929 -57.0271 
vt 61.9766 -57.0526 
vt 61.9792 -57.0819 
vt 61.9792 -57.0819 
vt 61.965 -57.0823 
vt 61.9991 -57.1736 
vt 62.008 -57.1661 
vt 62.0261 -57.1733 
vt 61.9928 -56.9252 
vt 62.013 -56.9343 
vt 62.012 -56.9109 
vt 61.998 -57.104 
vt 61.9811 -57.0933 
vt 61.9881 -57.117 
vt 61.9979 -57.0028 
vt 62.0121 -57.1475 
vt 61.9994 -57.148 
vt 62.008 -57.1661 
vt 61.9772 -57.0241 
vt 61.9766 -57.0526 
vt 61.9616 -57.0531 
vt 61.9879 -57.1513 
vt 61.9994 -57.148 
vt 61.9831 -57.1514 
vt 62.0306 -56.9301 
vt 62.0322 -56.9096 
vt 61.9823 -56.9962 
vt 61.9772 -57.0241 
vt 61.9612 -57.022 
vt 62.0187 -57.185 
vt 61.9881 -57.117 
vt 61.9762 -57.1205 
vt 62.0317 -57.1516 
vt 62.0236 -57.156 
vt 62.0153 -56.8848 
vt 61.995 -56.8893 
vt 61.9748 -56.929 
vt 62.0325 -56.8816 
vt 61.9515 -57.0259 
vt 61.9811 -57.0933 
vt 61.9678 -57.0901 
vt 62.0129 -57.1416 
vt 62.0207 -57.137 
vt 61.9773 -56.8946 
vt 62.0002 -57.0611 
vt 62.012 -57.1238 
vt 62.0022 -57.1249 
vt 61.9757 -56.8356 
vt 61.9682 -56.8689 
vt 61.9992 -56.8059 
vt 61.9794 -56.8041 
vt 62.0095 -56.8002 
vt 61.9997 -57.1012 
vt 61.9901 -57.1028 
vt 61.9813 -57.0535 
vt 61.9913 -57.0811 
vt 61.9797 -57.077 
vt 61.9595 -57.0234 
vt 62.028 -57.0987 
vt 62.0096 -57.0878 
vt 62.031 -56.9448 
vt 62.0153 -56.9511 
vt 62.0335 -56.9579 
vt 62.0187 -56.9652 
vt 61.903 -57.0455 
vt 61.8462 -57.0383 
vt 62.0478 -57.0038 
vt 62.0609 -57.016 
vt 61.9643 -57.0046 
vt 61.9507 -57.0022 
vt 61.961 -57.0285 
vt 61.9488 -57.0216 
vt 61.9887 -57.028 
vt 61.8557 -57.0504 
vt 61.8677 -57.052 
vt 61.9805 -57.0141 
vt 61.9946 -56.9992 
vt 61.9912 -57.0105 
vt 61.8644 -57.0257 
vt 61.8615 -57.0384 
vt 61.8769 -57.0223 
vt 62.0904 -57.0199 
vt 61.8735 -57.0362 
vt 61.9055 -57.013 
vt 61.9203 -57.012 
vt 61.9071 -57.0306 
vt 61.9274 -57.0322 
vt 61.9481 -57.0325 
vt 61.9698 -57.0478 
vt 62.0395 -57.0002 
vt 61.9729 -56.9794 
vt 61.9874 -56.9751 
vt 62.0143 -56.9723 
vt 62.0459 -56.9727 
vt 62.0658 -56.9777 
vt 61.8802 -57.0505 
vt 61.8949 -57.031 
vt 61.8895 -57.0486 
vt 61.8841 -57.0335 
vt 62.0517 -57.0073 
vt 62.069 -56.9973 
vt 61.9712 -56.9992 
vt 61.9884 -57.0095 
vt 62.0195 -57.0144 
vt 61.9189 -57.0176 
vt 61.9196 -57.0302 
vt 61.9226 -57.0062 
vt 62.041 -56.9831 
vt 62.0487 -56.9962 
vt 62.0565 -56.9608 
vt 61.8992 -57.1515 
vt 61.8973 -57.1552 
vt 62.097 -56.949 
vt 62.1538 -57.0072 
vt 62.0636 -56.9705 
vt 62.0684 -56.9555 
vt 62.0636 -56.9705 
vt 62.0705 -56.9741 
vt 62.0767 -56.9642 
vt 62.0218 -57.1876 
vt 62.0318 -57.1814 
vt 62.0316 -57.1852 
vt 62.0123 -57.1843 
vt 62.0094 -57.1808 
vt 61.9051 -57.1635 
vt 61.916 -57.1659 
vt 61.9208 -57.1628 
vt 61.8993 -57.0357 
vt 61.9064 -57.0417 
vt 61.9138 -57.0255 
vt 61.9079 -57.0164 
vt 61.9138 -57.0255 
vt 61.9203 -56.9328 
vt 61.9199 -56.9012 
vt 61.9119 -56.9274 
vt 61.9921 -56.9669 
vt 61.9835 -56.9328 
vt 61.9813 -56.9678 
vt 61.9527 -56.957 
vt 61.9482 -56.9192 
vt 61.9434 -56.9502 
vt 62.0202 -56.9572 
vt 62.0162 -56.9271 
vt 62.0087 -56.9636 
vt 61.9701 -56.9655 
vt 61.9642 -56.9998 
vt 61.9605 -57.028 
vt 61.9764 -57.0288 
vt 61.9785 -57.0019 
vt 61.9952 -57.0468 
vt 61.9921 -57.0318 
vt 61.9897 -57.0555 
vt 61.9956 -57.0622 
vt 62.001 -57.0468 
vt 62.001 -57.0607 
vt 62.0065 -57.0551 
vt 62.0051 -57.0312 
vt 61.9559 -57.0408 
vt 61.9594 -57.0512 
vt 61.9145 -57.0131 
vt 61.9125 -56.9984 
vt 61.9513 -57.0535 
vt 61.951 -57.0386 
vt 61.945 -57.0457 
vt 61.9861 -56.872 
vt 62.0134 -56.8737 
vt 62.0132 -56.8334 
vt 61.987 -56.8304 
vt 62.0837 -56.9755 
vt 62.1438 -57.0215 
vt 62.1311 -57.0178 
vt 62.1073 -57.0099 
vt 62.148 -57.0151 
vt 62.1401 -57.0091 
vt 62.1149 -57.0084 
vt 62.1073 -57.0099 
vt 62.1522 -57.011 
vt 62.147 -57.0013 
vt 62.1264 -56.9985 
vt 62.0348 -57.1733 
vt 62.094 -56.9633 
vt 62.0861 -56.9475 
vt 62.1356 -56.9881 
vt 62.1129 -56.9882 
vt 62.101 -56.9978 
vt 62.0109 -57.1724 
vt 62.023 -57.1759 
vt 62.0364 -57.1544 
vt 61.9493 -57.1981 
vt 61.9486 -57.193 
vt 61.9591 -57.2035 
vt 62.1231 -56.9766 
vt 62.0105 -57.1536 
vt 62.0235 -57.1572 
vt 62.0375 -57.1327 
vt 61.9703 -57.2027 
vt 62.0103 -57.1321 
vt 62.0239 -57.1345 
vt 62.0443 -57.1022 
vt 62.0386 -57.1071 
vt 61.9743 -57.1918 
vt 61.9605 -57.1925 
vt 61.9485 -57.1863 
vt 62.0383 -57.0823 
vt 62.01 -57.1071 
vt 62.0243 -57.1087 
vt 61.9776 -57.1736 
vt 61.9631 -57.1743 
vt 61.9501 -57.1689 
vt 62.0725 -56.9252 
vt 62.0945 -56.9343 
vt 62.0373 -57.0531 
vt 62.0091 -57.0836 
vt 62.0239 -57.0836 
vt 61.9807 -57.1513 
vt 61.9659 -57.1514 
vt 61.9523 -57.1478 
vt 62.0378 -57.022 
vt 62.0226 -57.0549 
vt 61.9842 -57.1205 
vt 61.9688 -57.1201 
vt 61.9547 -57.1171 
vt 61.9197 -57.156 
vt 62.0546 -56.929 
vt 61.906 -57.1524 
vt 62.0222 -57.0259 
vt 61.9864 -57.0901 
vt 61.9573 -57.0862 
vt 61.9713 -57.0883 
vt 61.923 -57.1416 
vt 62.0496 -56.8946 
vt 62.0302 -56.8902 
vt 61.9085 -57.1377 
vt 62.0226 -56.9929 
vt 61.9741 -57.0546 
vt 61.9268 -57.1249 
vt 62.0295 -56.8356 
vt 62.0317 -56.8689 
vt 62.0336 -56.9057 
vt 62.0337 -56.9403 
vt 62.0271 -56.8041 
vt 61.9122 -57.1204 
vt 62.0068 -56.9987 
vt 61.9325 -57.1028 
vt 62.0126 -56.7994 
vt 61.9857 -56.7971 
vt 61.9174 -57.0982 
vt 61.907 -57.0896 
vt 61.9925 -57.0014 
vt 61.9385 -57.077 
vt 61.9541 -56.7965 
vt 61.955 -56.8263 
vt 61.9237 -57.0715 
vt 61.9129 -57.0636 
vt 61.9313 -56.8237 
vt 61.9342 -56.7989 
vt 61.9536 -56.8639 
vt 61.9302 -57.0403 
vt 61.9486 -57.0234 
vt 61.9284 -56.8559 
vt 61.9505 -56.9935 
vt 61.9347 -57.0138 
vt 61.9386 -56.9851 
vt 61.8495 -57.093 
vt 61.9279 -56.9763 
vt 61.935 -56.9428 
vt 61.9162 -56.968 
vt 61.9055 -56.9614 
vt 61.8916 -56.9857 
vt 61.8903 -56.9869 
vt 61.9001 -56.9896 
vt 61.8848 -57.0057 
vt 61.8771 -57.0224 
vt 61.8942 -57.0102 
vt 61.865 -57.1024 
vt 61.8736 -57.0987 
vt 61.8532 -57.0973 
vt 61.8529 -57.0728 
vt 61.8693 -57.0387 
vt 61.8865 -57.0285 
vt 61.8736 -57.0878 
vt 61.8605 -57.0823 
vt 61.8608 -57.0568 
vt 61.8783 -57.0463 
vt 61.8913 -57.0533 
vt 61.9001 -57.0551 
vt 61.8823 -57.0713 
vt 61.8904 -57.0723 
vt 61.8695 -57.0649 
vt 62.0927 -56.9888 
vt 62.1051 -56.9448 
vt 62.1035 -56.9511 
vt 62.1125 -56.9652 
vt 62.1026 -56.9775 
vt 62.0214 -57.0176 
vt 62.022 -57.0302 
vt 62.0306 -57.0062 
vt 62.0058 -57.061 
vt 62.0096 -57.0924 
vt 62.0241 -57.0849 
vt 62.0278 -57.0607 
vt 61.9701 -57.1429 
vt 61.9604 -57.135 
vt 61.9543 -57.1515 
vt 61.9627 -57.1552 
vt 61.9944 -56.9705 
vt 62.002 -57.1843 
vt 61.9938 -57.1808 
vt 61.9919 -57.1814 
vt 61.9938 -57.1808 
vt 61.9865 -57.1738 
vt 61.9649 -57.1635 
vt 61.9543 -57.1515 
vt 61.9487 -57.1447 
vt 61.9668 -57.1659 
vt 61.954 -57.1294 
vt 61.9821 -57.0725 
vt 61.9882 -57.0395 
vt 61.9663 -57.1072 
vt 62.0096 -57.0255 
vt 61.9895 -57.0312 
vt 62.0096 -57.0255 
vt 62.0225 -56.9012 
vt 62.0241 -56.9274 
vt 62.0439 -57.028 
vt 62.0399 -57.0468 
vt 62.0278 -57.0607 
vt 62.0409 -57.0551 
vt 62.0478 -57.0312 
vt 62.034 -57.0408 
vt 62.0209 -57.056 
vt 62.0355 -57.0512 
vt 62.0084 -57.0317 
vt 62.0187 -57.0535 
vt 61.9785 -56.8268 
vt 61.9743 -56.8531 
vt 61.9774 -57.105 
vt 61.9896 -57.082 
vt 61.9982 -57.0615 
vt 61.9693 -57.1184 
vt 61.9604 -57.135 
vt 61.9793 -57.1279 
vt 61.9693 -57.1184 
vt 61.9638 -57.0099 
vt 61.949 -57.0017 
vt 61.946 -57.0105 
vt 61.9859 -57.1529 
vt 62.0008 -57.1659 
vt 61.9895 -57.1627 
vt 61.9722 -57.193 
vt 61.9666 -57.1846 
vt 62.01 -57.1724 
vt 62.0008 -57.1659 
vt 62.0098 -57.1444 
vt 62.0053 -57.1236 
vt 61.9799 -57.1981 
vt 61.9722 -57.193 
vt 62.0003 -57.0572 
vt 62.0184 -57.1536 
vt 62.0098 -57.1444 
vt 62.0257 -57.1321 
vt 62.0153 -57.1272 
vt 62.0207 -57.1029 
vt 62.0153 -57.1272 
vt 61.989 -57.1863 
vt 61.9803 -57.1773 
vt 61.9995 -57.1422 
vt 61.9869 -57.1419 
vt 61.9914 -57.1589 
vt 62.0321 -57.1071 
vt 62.0207 -57.1029 
vt 61.9803 -57.1773 
vt 61.9729 -57.1675 
vt 62.0005 -57.1689 
vt 61.9914 -57.1589 
vt 62.0366 -57.0836 
vt 62.0241 -57.0849 
vt 62.0169 -57.1514 
vt 62.0112 -57.1478 
vt 61.9995 -57.1422 
vt 62.0094 -57.1115 
vt 61.9996 -57.099 
vt 62.0218 -57.1171 
vt 62.0094 -57.1115 
vt 61.9766 -57.1524 
vt 62.0291 -57.0862 
vt 62.015 -57.0874 
vt 62.015 -57.0874 
vt 61.9875 -57.1377 
vt 61.9998 -57.0611 
vt 61.9988 -57.1204 
vt 61.9898 -57.1116 
vt 62.0209 -57.056 
vt 62.0099 -57.1028 
vt 61.9774 -57.105 
vt 62.0111 -57.0982 
vt 62.002 -57.0896 
vt 62.0187 -57.0535 
vt 61.9927 -56.7968 
vt 62.0125 -57.0636 
vt 61.9896 -57.082 
vt 62.0242 -56.8237 
vt 62.0223 -56.7989 
vt 61.9998 -56.8231 
vt 62.0309 -57.0403 
vt 61.9982 -57.0615 
vt 62.0405 -57.0234 
vt 62.0027 -56.7988 
vt 61.9998 -56.8231 
vt 62.0228 -56.8559 
vt 61.9975 -56.8512 
vt 61.9713 -56.8847 
vt 61.9975 -56.8512 
vt 61.9951 -56.8844 
vt 61.972 -56.9256 
vt 62.0084 -57.0317 
vt 62.0446 -56.9851 
vt 61.9951 -56.8844 
vt 61.9928 -56.9211 
vt 61.9764 -56.9654 
vt 61.9602 -57.093 
vt 61.9567 -57.0886 
vt 61.9928 -56.9211 
vt 62.0133 -56.9239 
vt 61.9806 -56.9956 
vt 61.9937 -56.9584 
vt 61.9661 -57.0968 
vt 61.9602 -57.093 
vt 61.9677 -57.1043 
vt 61.9801 -57.0318 
vt 61.9915 -57.0217 
vt 61.9943 -57.0059 
vt 61.9937 -56.9584 
vt 62.0114 -56.9576 
vt 61.9948 -56.9869 
vt 62.0242 -56.9614 
vt 62.0104 -56.9857 
vt 61.9948 -56.9869 
vt 61.9613 -57.0765 
vt 62.0218 -56.9896 
vt 62.0083 -57.0057 
vt 61.9943 -57.0059 
vt 61.972 -57.0565 
vt 61.9745 -57.0878 
vt 61.9667 -57.0804 
vt 61.9915 -57.0217 
vt 62.0046 -57.0224 
vt 62.0179 -57.0102 
vt 61.9796 -57.0973 
vt 61.9855 -57.0728 
vt 61.9762 -57.0647 
vt 61.9821 -57.0522 
vt 61.9879 -57.0344 
vt 61.9997 -57.0387 
vt 61.9879 -57.0344 
vt 61.992 -57.0823 
vt 61.9935 -57.0568 
vt 61.9821 -57.0522 
vt 61.9762 -57.0647 
vt 61.9189 -56.9786 
vt 61.9226 -56.9694 
vt 62.006 -56.9942 
vt 62.001 -56.9722 
vt 62.041 -56.9649 
vt 62.0708 -57.0434 
vt 62.0793 -57.0392 
vt 62.068 -57.0314 
vt 61.8992 -57.0457 
vt 61.8973 -57.0373 
vt 61.994 -56.9961 
vt 62.0496 -57.0363 
vt 62.1493 -57.0404 
vt 62.1506 -57.0463 
vt 62.1538 -57.0383 
vt 62.148 -57.0287 
vt 62.1438 -57.0337 
vt 62.1403 -57.0477 
vt 62.1433 -57.0524 
vt 62.1372 -57.0404 
vt 62.0636 -57.0056 
vt 62.0573 -57.0208 
vt 62.0636 -57.0056 
vt 62.056 -56.9931 
vt 62.0462 -57.0082 
vt 62.0705 -57.0166 
vt 62.0767 -57.005 
vt 62.0705 -57.0166 
vt 62.0218 -56.9984 
vt 62.0201 -57.0094 
vt 62.0318 -57.0081 
vt 62.0316 -56.9993 
vt 62.0123 -56.998 
vt 62.0094 -57.0062 
vt 62.0201 -57.0094 
vt 62.0188 -57.0166 
vt 62.0094 -57.0062 
vt 62.0097 -57.0135 
vt 61.9087 -57.046 
vt 61.9051 -57.0351 
vt 61.916 -57.0332 
vt 61.9208 -57.0412 
vt 61.9522 -57.0038 
vt 61.9391 -57.016 
vt 61.9231 -57.0118 
vt 61.8736 -57.028 
vt 61.9138 -56.9904 
vt 61.9079 -56.9803 
vt 61.9151 -57.0105 
vt 61.9138 -56.9904 
vt 61.8679 -57.0406 
vt 61.9209 -57.0184 
vt 62.0192 -57.024 
vt 61.9952 -56.9604 
vt 62.001 -56.9722 
vt 62.0065 -56.9591 
vt 61.9145 -56.9789 
vt 62.0837 -57.0126 
vt 62.0787 -57.0246 
vt 62.0787 -57.0246 
vt 62.1243 -57.039 
vt 62.1271 -57.0517 
vt 62.1372 -57.0404 
vt 62.1438 -57.0337 
vt 62.1311 -57.0282 
vt 62.1243 -57.039 
vt 62.1073 -57.0362 
vt 62.1076 -57.051 
vt 62.1155 -57.054 
vt 62.148 -57.0287 
vt 62.1149 -57.0244 
vt 62.1073 -57.0362 
vt 62.101 -57.0212 
vt 62.023 -56.9875 
vt 61.9493 -57.0201 
vt 61.9486 -57.0278 
vt 61.9599 -57.0303 
vt 61.9591 -57.0199 
vt 61.9096 -57.0199 
vt 61.9956 -56.9733 
vt 61.9703 -57.0197 
vt 61.9729 -57.0272 
vt 61.9743 -57.0104 
vt 61.9605 -57.0075 
vt 62.0945 -57.013 
vt 61.9659 -56.9831 
vt 62.0487 -56.9823 
vt 61.9283 -57.0317 
vt 61.9197 -57.0236 
vt 61.906 -57.0234 
vt 62.0222 -56.9515 
vt 61.923 -57.0129 
vt 61.9329 -57.0207 
vt 61.9605 -57.0002 
vt 61.9549 -56.9791 
vt 61.9513 -56.9813 
vt 61.9172 -56.9916 
vt 61.9386 -56.9554 
vt 61.8495 -57.0398 
vt 61.8462 -57.0339 
vt 61.8495 -57.0398 
vt 61.8556 -57.0401 
vt 61.8514 -57.0323 
vt 61.8599 -57.0306 
vt 61.8645 -57.0364 
vt 61.865 -57.0211 
vt 61.8736 -57.028 
vt 61.8532 -57.0204 
vt 61.8736 -57.0096 
vt 61.8833 -57.0174 
vt 61.8823 -57.0012 
vt 61.8904 -57.0108 
vt 61.8695 -56.9992 
vt 62.0927 -57.0184 
vt 62.092 -57.0299 
vt 62.0941 -57.0461 
vt 62.092 -57.0299 
vt 61.994 -57.061 
vt 61.994 -57.0924 
vt 61.9292 -56.9579 
vt 61.9134 -56.9637 
vt 61.9207 -56.9786 
vt 61.932 -56.9727 
vt 62.0709 -57.1414 
vt 62.0269 -57.1894 
vt 62.0271 -57.1985 
vt 62.0401 -57.2003 
vt 62.0381 -57.1879 
vt 62.006 -57.0647 
vt 62.003 -57.0406 
vt 61.9912 -57.0373 
vt 62.0233 -57.0646 
vt 62.0226 -57.043 
vt 62.0341 -57.0252 
vt 61.9958 -57.0182 
vt 61.9504 -56.9591 
vt 61.9493 -56.9254 
vt 61.9192 -56.9386 
vt 61.903 -56.949 
vt 61.8507 -57.0178 
vt 61.8494 -57.0104 
vt 61.8462 -57.0072 
vt 61.852 -57.0151 
vt 61.8597 -57.02 
vt 61.8567 -57.0129 
vt 61.8628 -57.0242 
vt 61.9364 -56.9705 
vt 61.9427 -56.9728 
vt 61.9364 -56.9705 
vt 61.9538 -56.9834 
vt 61.9799 -57.1858 
vt 61.9812 -57.1738 
vt 61.9709 -57.1727 
vt 61.9682 -57.1814 
vt 61.9906 -57.1808 
vt 61.9903 -57.1738 
vt 62.1008 -57.1515 
vt 62.0953 -57.1447 
vt 62.0857 -57.1504 
vt 62.0913 -57.1617 
vt 62.0792 -57.1628 
vt 62.0765 -57.1541 
vt 62.0938 -57.1294 
vt 62.0807 -57.1332 
vt 62.0416 -57.0392 
vt 62.0478 -57.0565 
vt 62.0609 -57.0492 
vt 62.0549 -57.0313 
vt 62.0684 -57.0792 
vt 62.0852 -57.0725 
vt 62.0769 -57.0395 
vt 62.0757 -57.1111 
vt 62.0919 -57.1072 
vt 62.056 -57.0887 
vt 62.0972 -57.0485 
vt 62.124 -57.0894 
vt 62.1117 -57.0722 
vt 62.1264 -57.0987 
vt 62.0849 -57.0312 
vt 62.0862 -57.0255 
vt 62.1355 -57.105 
vt 62.1321 -57.0985 
vt 62.0791 -57.0244 
vt 62.0706 -57.0154 
vt 62.0706 -57.0272 
vt 61.9808 -56.9811 
vt 61.9751 -57.0076 
vt 62.034 -57.0423 
vt 61.9643 -56.8436 
vt 61.9507 -56.8657 
vt 61.961 -56.8638 
vt 62.0091 -56.8649 
vt 62.0257 -56.8402 
vt 61.9887 -56.8361 
vt 61.9825 -56.8637 
vt 62.0276 -56.8626 
vt 62.0462 -56.859 
vt 62.059 -56.8268 
vt 62.069 -56.8531 
vt 62.0937 -57.082 
vt 61.8729 -57.0154 
vt 61.8927 -57.0099 
vt 61.8924 -57.0017 
vt 61.8845 -57.0105 
vt 61.866 -57.0039 
vt 61.8557 -56.9982 
vt 61.8804 -56.9892 
vt 61.9673 -57.1551 
vt 61.8677 -56.9821 
vt 61.9805 -57.1529 
vt 61.9946 -57.1659 
vt 61.9912 -57.1627 
vt 61.9627 -57.129 
vt 62.0514 -57.193 
vt 62.0487 -57.1846 
vt 61.9791 -57.1239 
vt 61.9934 -57.1236 
vt 62.0904 -57.0242 
vt 61.9777 -57.0902 
vt 61.9761 -57.0572 
vt 61.9605 -57.0909 
vt 61.9557 -57.1022 
vt 61.9739 -57.0311 
vt 61.9608 -57.055 
vt 62.0525 -57.1422 
vt 62.0482 -57.1419 
vt 61.9591 -57.0271 
vt 62.0489 -57.1675 
vt 62.0349 -57.167 
vt 62.0218 -57.1733 
vt 61.9055 -56.9343 
vt 62.0106 -57.104 
vt 61.9569 -57.0028 
vt 62.0162 -57.1475 
vt 62.0442 -57.099 
vt 62.0313 -57.1392 
vt 61.9071 -56.9301 
vt 61.9274 -56.9096 
vt 61.9513 -56.9962 
vt 62.0269 -57.1 
vt 61.9481 -56.8816 
vt 61.9778 -57.0259 
vt 61.9698 -56.8902 
vt 62.0395 -57.0611 
vt 61.9712 -56.8059 
vt 61.9884 -56.8002 
vt 61.9884 -56.935 
vt 61.9991 -56.8948 
vt 62.0195 -56.7987 
vt 62.025 -56.9367 
vt 62.027 -56.8936 
vt 62.0487 -57.0535 
vt 62.0517 -56.7968 
vt 62.0584 -56.9329 
vt 62.0543 -56.8896 
vt 62.0739 -56.8231 
vt 62.069 -56.7988 
vt 62.0773 -56.8847 
vt 62.0253 -56.9816 
vt 62.0627 -56.9762 
vt 62.0844 -56.9256 
vt 62.0955 -56.9211 
vt 62.0908 -56.9654 
vt 62.1444 -57.1015 
vt 62.1505 -57.093 
vt 62.1449 -57.0886 
vt 62.1385 -57.094 
vt 62.0983 -56.9956 
vt 62.1538 -57.0968 
vt 62.1505 -57.093 
vt 62.1444 -57.1015 
vt 62.1094 -57.0131 
vt 62.1227 -57.0318 
vt 62.1255 -57.0217 
vt 62.1173 -57.0059 
vt 62.1097 -56.9869 
vt 62.1401 -57.1082 
vt 62.1415 -57.0765 
vt 62.1307 -57.081 
vt 62.1068 -57.041 
vt 62.1348 -57.0565 
vt 62.1202 -57.0623 
vt 62.1264 -57.0987 
vt 62.1503 -57.0804 
vt 62.1453 -57.0647 
vt 61.8802 -56.9688 
vt 61.8895 -56.96 
vt 61.8946 -56.9732 
vt 61.9059 -56.9894 

usemtl Handle1Mtl

f 3/3/3 4/4/4 5/5/5 
f 5/5/5 6/6/6 3/3/3 
f 9/9/9 10/10/10 11/11/11 
f 11/11/11 12/12/12 9/9/9 
f 17/17/17 18/18/18 19/19/19 
f 19/19/19 20/20/20 17/17/17 
f 17/17/17 20/20/20 21/21/21 
f 5/5/5 24/24/24 25/25/25 
f 25/25/25 6/6/6 5/5/5 
f 41/41/41 42/42/42 12/12/12 
f 12/12/12 43/43/43 41/41/41 
f 40/40/40 12/12/12 11/11/11 
f 39/39/39 43/43/43 12/12/12 
f 12/12/12 40/40/40 39/39/39 
f 44/44/44 45/45/45 46/46/46 
f 47/47/47 48/48/48 49/49/49 
f 49/49/49 50/50/50 47/47/47 
f 51/51/51 49/49/49 48/48/48 
f 44/44/44 46/46/46 53/53/53 
f 53/53/53 54/54/54 44/44/44 
f 50/50/50 55/55/55 56/56/56 
f 56/56/56 47/47/47 50/50/50 
f 59/59/59 57/57/57 58/58/58 
f 65/65/65 66/66/66 67/67/67 
f 68/68/68 65/65/65 67/67/67 
f 43/43/43 70/70/70 41/41/41 
f 31/31/31 73/73/73 74/74/74 
f 74/74/74 32/32/32 31/31/31 
f 12/12/12 42/42/42 9/9/9 
f 78/78/78 19/19/19 18/18/18 
f 18/18/18 72/72/72 78/78/78 
f 73/73/73 79/79/79 80/80/80 
f 80/80/80 74/74/74 73/73/73 
f 29/29/29 81/81/81 82/82/82 
f 82/82/82 30/30/30 29/29/29 
f 76/76/76 75/75/75 19/19/19 
f 19/19/19 78/78/78 76/76/76 
f 10/10/10 35/35/35 36/36/36 
f 36/36/36 11/11/11 10/10/10 
f 85/85/85 78/78/78 72/72/72 
f 72/72/72 77/77/77 85/85/85 
f 81/81/81 86/86/86 87/87/87 
f 87/87/87 82/82/82 81/81/81 
f 84/84/84 76/76/76 78/78/78 
f 78/78/78 85/85/85 84/84/84 
f 86/86/86 92/92/92 93/93/93 
f 93/93/93 87/87/87 86/86/86 
f 79/79/79 90/90/90 94/94/94 
f 94/94/94 95/95/95 79/79/79 
f 84/84/84 85/85/85 98/98/98 
f 92/92/92 100/100/100 101/101/101 
f 101/101/101 93/93/93 92/92/92 
f 97/97/97 102/102/102 103/103/103 
f 103/103/103 96/96/96 97/97/97 
f 99/99/99 105/105/105 106/106/106 
f 106/106/106 90/90/90 99/99/99 
f 107/107/107 108/108/108 101/101/101 
f 101/101/101 100/100/100 107/107/107 
f 109/109/109 103/103/103 102/102/102 
f 102/102/102 110/110/110 109/109/109 
f 113/113/113 114/114/114 112/112/112 
f 115/115/115 116/116/116 117/117/117 
f 119/119/119 120/120/120 121/121/121 
f 104/104/104 122/122/122 105/105/105 
f 105/105/105 99/99/99 104/104/104 
f 123/123/123 124/124/124 108/108/108 
f 108/108/108 107/107/107 123/123/123 
f 125/125/125 109/109/109 110/110/110 
f 110/110/110 126/126/126 125/125/125 
f 117/117/117 120/120/120 119/119/119 
f 119/119/119 115/115/115 117/117/117 
f 114/114/114 113/113/113 128/128/128 
f 118/118/118 130/130/130 122/122/122 
f 122/122/122 104/104/104 118/118/118 
f 131/131/131 132/132/132 124/124/124 
f 124/124/124 123/123/123 131/131/131 
f 111/111/111 119/119/119 121/121/121 
f 121/121/121 133/133/133 111/111/111 
f 134/134/134 135/135/135 125/125/125 
f 125/125/125 126/126/126 134/134/134 
f 137/137/137 33/33/33 34/34/34 
f 114/114/114 138/138/138 139/139/139 
f 139/139/139 112/112/112 114/114/114 
f 13/13/13 111/111/111 133/133/133 
f 133/133/133 14/14/14 13/13/13 
f 140/140/140 6/6/6 25/25/25 
f 129/129/129 141/141/141 138/138/138 
f 138/138/138 114/114/114 129/129/129 
f 132/132/132 131/131/131 4/4/4 
f 4/4/4 3/3/3 132/132/132 
f 116/116/116 115/115/115 15/15/15 
f 15/15/15 91/91/91 116/116/116 
f 143/143/143 144/144/144 135/135/135 
f 135/135/135 134/134/134 143/143/143 
f 145/145/145 137/137/137 136/136/136 
f 112/112/112 139/139/139 147/147/147 
f 144/144/144 143/143/143 59/59/59 
f 59/59/59 58/58/58 144/144/144 
f 149/149/149 150/150/150 145/145/145 
f 145/145/145 146/146/146 149/149/149 
f 151/151/151 152/152/152 66/66/66 
f 66/66/66 65/65/65 151/151/151 
f 66/66/66 147/147/147 139/139/139 
f 139/139/139 67/67/67 66/66/66 
f 151/151/151 65/65/65 153/153/153 
f 153/153/153 154/154/154 151/151/151 
f 150/150/150 149/149/149 156/156/156 
f 156/156/156 157/157/157 150/150/150 
f 147/147/147 66/66/66 152/152/152 
f 79/79/79 95/95/95 80/80/80 
f 157/157/157 156/156/156 159/159/159 
f 159/159/159 160/160/160 157/157/157 
f 70/70/70 43/43/43 38/38/38 
f 38/38/38 158/158/158 70/70/70 
f 160/160/160 159/159/159 62/62/62 
f 62/62/62 63/63/63 160/160/160 
f 90/90/90 106/106/106 94/94/94 
f 46/46/46 45/45/45 51/51/51 
f 51/51/51 48/48/48 46/46/46 
f 118/118/118 28/28/28 27/27/27 
f 27/27/27 130/130/130 118/118/118 
f 128/128/128 164/164/164 16/16/16 
f 113/113/113 165/165/165 164/164/164 
f 164/164/164 128/128/128 113/113/113 
f 88/88/88 98/98/98 166/166/166 
f 166/166/166 167/167/167 88/88/88 
f 166/166/166 164/164/164 165/165/165 
f 165/165/165 167/167/167 166/166/166 
f 138/138/138 69/69/69 67/67/67 
f 67/67/67 139/139/139 138/138/138 
f 141/141/141 69/69/69 138/138/138 
f 173/173/173 175/175/175 174/174/174 
f 181/181/181 180/180/180 179/179/179 
f 186/186/186 184/184/184 182/182/182 
f 189/189/189 190/190/190 188/188/188 
f 176/176/176 172/172/172 174/174/174 
f 178/178/178 199/199/199 186/186/186 
f 186/186/186 183/183/183 178/178/178 
f 199/199/199 201/201/201 202/202/202 
f 202/202/202 186/186/186 199/199/199 
f 200/200/200 202/202/202 201/201/201 
f 201/201/201 168/168/168 200/200/200 
f 174/174/174 175/175/175 191/191/191 
f 203/203/203 204/204/204 198/198/198 
f 198/198/198 197/197/197 203/203/203 
f 195/195/195 194/194/194 205/205/205 
f 205/205/205 206/206/206 195/195/195 
f 207/207/207 203/203/203 197/197/197 
f 197/197/197 196/196/196 207/207/207 
f 196/196/196 195/195/195 206/206/206 
f 206/206/206 207/207/207 196/196/196 
f 222/222/222 219/219/219 218/218/218 
f 231/231/231 232/232/232 233/233/233 
f 233/233/233 234/234/234 231/231/231 
f 236/236/236 237/237/237 238/238/238 
f 239/239/239 240/240/240 241/241/241 
f 242/242/242 243/243/243 244/244/244 
f 245/245/245 246/246/246 247/247/247 
f 241/241/241 240/240/240 248/248/248 
f 249/249/249 250/250/250 251/251/251 
f 251/251/251 252/252/252 249/249/249 
f 253/253/253 254/254/254 255/255/255 
f 260/260/260 257/257/257 259/259/259 
f 263/263/263 264/264/264 234/234/234 
f 265/265/265 266/266/266 267/267/267 
f 268/268/268 269/269/269 270/270/270 
f 270/270/270 271/271/271 268/268/268 
f 272/272/272 222/222/222 221/221/221 
f 273/273/273 276/276/276 277/277/277 
f 277/277/277 274/274/274 273/273/273 
f 276/276/276 280/280/280 281/281/281 
f 281/281/281 277/277/277 276/276/276 
f 282/282/282 278/278/278 274/274/274 
f 274/274/274 277/277/277 282/282/282 
f 222/222/222 272/272/272 284/284/284 
f 284/284/284 285/285/285 222/222/222 
f 277/277/277 281/281/281 286/286/286 
f 286/286/286 282/282/282 277/277/277 
f 287/287/287 288/288/288 278/278/278 
f 278/278/278 282/282/282 287/287/287 
f 225/225/225 283/283/283 290/290/290 
f 282/282/282 286/286/286 295/295/295 
f 295/295/295 287/287/287 282/282/282 
f 290/290/290 289/289/289 226/226/226 
f 226/226/226 223/223/223 290/290/290 
f 283/283/283 291/291/291 297/297/297 
f 297/297/297 290/290/290 283/283/283 
f 297/297/297 296/296/296 289/289/289 
f 289/289/289 290/290/290 297/297/297 
f 301/301/301 297/297/297 291/291/291 
f 291/291/291 298/298/298 301/301/301 
f 305/305/305 306/306/306 292/292/292 
f 301/301/301 300/300/300 296/296/296 
f 296/296/296 297/297/297 301/301/301 
f 298/298/298 303/303/303 309/309/309 
f 309/309/309 301/301/301 298/298/298 
f 311/311/311 312/312/312 306/306/306 
f 306/306/306 305/305/305 311/311/311 
f 313/313/313 285/285/285 314/314/314 
f 307/307/307 317/317/317 309/309/309 
f 309/309/309 303/303/303 307/307/307 
f 309/309/309 308/308/308 300/300/300 
f 300/300/300 301/301/301 309/309/309 
f 304/304/304 310/310/310 311/311/311 
f 311/311/311 305/305/305 304/304/304 
f 311/311/311 319/319/319 320/320/320 
f 320/320/320 312/312/312 311/311/311 
f 315/315/315 322/322/322 317/317/317 
f 317/317/317 307/307/307 315/315/315 
f 317/317/317 316/316/316 308/308/308 
f 308/308/308 309/309/309 317/317/317 
f 310/310/310 318/318/318 319/319/319 
f 319/319/319 311/311/311 310/310/310 
f 319/319/319 324/324/324 325/325/325 
f 325/325/325 320/320/320 319/319/319 
f 219/219/219 313/313/313 327/327/327 
f 315/315/315 321/321/321 329/329/329 
f 329/329/329 322/322/322 315/315/315 
f 322/322/322 259/259/259 316/316/316 
f 316/316/316 317/317/317 322/322/322 
f 324/324/324 319/319/319 318/318/318 
f 318/318/318 323/323/323 324/324/324 
f 331/331/331 325/325/325 324/324/324 
f 324/324/324 332/332/332 331/331/331 
f 229/229/229 326/326/326 328/328/328 
f 334/334/334 327/327/327 313/313/313 
f 321/321/321 211/211/211 337/337/337 
f 337/337/337 329/329/329 321/321/321 
f 260/260/260 259/259/259 322/322/322 
f 322/322/322 329/329/329 260/260/260 
f 258/258/258 257/257/257 253/253/253 
f 253/253/253 256/256/256 258/258/258 
f 330/330/330 332/332/332 324/324/324 
f 324/324/324 323/323/323 330/330/330 
f 262/262/262 331/331/331 332/332/332 
f 332/332/332 338/338/338 262/262/262 
f 333/333/333 336/336/336 328/328/328 
f 328/328/328 326/326/326 333/333/333 
f 342/342/342 343/343/343 327/327/327 
f 327/327/327 334/334/334 342/342/342 
f 211/211/211 343/343/343 245/245/245 
f 245/245/245 337/337/337 211/211/211 
f 346/346/346 260/260/260 329/329/329 
f 329/329/329 337/337/337 346/346/346 
f 257/257/257 260/260/260 254/254/254 
f 254/254/254 253/253/253 257/257/257 
f 332/332/332 330/330/330 255/255/255 
f 255/255/255 338/338/338 332/332/332 
f 339/339/339 345/345/345 336/336/336 
f 336/336/336 333/333/333 339/339/339 
f 341/341/341 342/342/342 334/334/334 
f 246/246/246 343/343/343 342/342/342 
f 271/271/271 270/270/270 348/348/348 
f 348/348/348 349/349/349 271/271/271 
f 247/247/247 346/346/346 337/337/337 
f 337/337/337 245/245/245 247/247/247 
f 260/260/260 346/346/346 352/352/352 
f 352/352/352 254/254/254 260/260/260 
f 338/338/338 255/255/255 254/254/254 
f 254/254/254 251/251/251 338/338/338 
f 345/345/345 339/339/339 347/347/347 
f 347/347/347 350/350/350 345/345/345 
f 269/269/269 246/246/246 342/342/342 
f 342/342/342 341/341/341 269/269/269 
f 247/247/247 246/246/246 240/240/240 
f 240/240/240 239/239/239 247/247/247 
f 349/349/349 354/354/354 355/355/355 
f 355/355/355 271/271/271 349/349/349 
f 351/351/351 350/350/350 356/356/356 
f 356/356/356 357/357/357 351/351/351 
f 346/346/346 247/247/247 239/239/239 
f 239/239/239 352/352/352 346/346/346 
f 251/251/251 254/254/254 352/352/352 
f 352/352/352 252/252/252 251/251/251 
f 261/261/261 266/266/266 265/265/265 
f 350/350/350 347/347/347 353/353/353 
f 353/353/353 356/356/356 350/350/350 
f 268/268/268 240/240/240 246/246/246 
f 246/246/246 269/269/269 268/268/268 
f 358/358/358 355/355/355 354/354/354 
f 354/354/354 359/359/359 358/358/358 
f 360/360/360 268/268/268 271/271/271 
f 271/271/271 355/355/355 360/360/360 
f 357/357/357 356/356/356 361/361/361 
f 361/361/361 209/209/209 357/357/357 
f 241/241/241 252/252/252 352/352/352 
f 352/352/352 239/239/239 241/241/241 
f 266/266/266 261/261/261 250/250/250 
f 250/250/250 362/362/362 266/266/266 
f 356/356/356 353/353/353 267/267/267 
f 267/267/267 361/361/361 356/356/356 
f 243/243/243 240/240/240 268/268/268 
f 268/268/268 360/360/360 243/243/243 
f 363/363/363 360/360/360 355/355/355 
f 355/355/355 358/358/358 363/363/363 
f 242/242/242 248/248/248 240/240/240 
f 240/240/240 243/243/243 242/242/242 
f 248/248/248 249/249/249 252/252/252 
f 252/252/252 241/241/241 248/248/248 
f 362/362/362 250/250/250 249/249/249 
f 249/249/249 364/364/364 362/362/362 
f 361/361/361 267/267/267 362/362/362 
f 362/362/362 365/365/365 361/361/361 
f 237/237/237 243/243/243 360/360/360 
f 360/360/360 363/363/363 237/237/237 
f 364/364/364 249/249/249 248/248/248 
f 248/248/248 242/242/242 364/364/364 
f 365/365/365 362/362/362 364/364/364 
f 364/364/364 366/366/366 365/365/365 
f 213/213/213 327/327/327 343/343/343 
f 343/343/343 211/211/211 213/213/213 
f 366/366/366 364/364/364 242/242/242 
f 242/242/242 244/244/244 366/366/366 
f 208/208/208 263/263/263 233/233/233 
f 368/368/368 366/366/366 244/244/244 
f 244/244/244 369/369/369 368/368/368 
f 236/236/236 369/369/369 243/243/243 
f 243/243/243 237/237/237 236/236/236 
f 263/263/263 208/208/208 210/210/210 
f 210/210/210 264/264/264 263/263/263 
f 370/370/370 368/368/368 369/369/369 
f 369/369/369 236/236/236 370/370/370 
f 371/371/371 370/370/370 236/236/236 
f 236/236/236 238/238/238 371/371/371 
f 264/264/264 210/210/210 368/368/368 
f 368/368/368 370/370/370 264/264/264 
f 374/374/374 264/264/264 370/370/370 
f 370/370/370 371/371/371 374/374/374 
f 372/372/372 375/375/375 377/377/377 
f 264/264/264 374/374/374 377/377/377 
f 377/377/377 234/234/234 264/264/264 
f 375/375/375 376/376/376 383/383/383 
f 383/383/383 377/377/377 375/375/375 
f 250/250/250 262/262/262 338/338/338 
f 338/338/338 251/251/251 250/250/250 
f 362/362/362 267/267/267 266/266/266 
f 377/377/377 383/383/383 231/231/231 
f 231/231/231 234/234/234 377/377/377 
f 376/376/376 382/382/382 387/387/387 
f 387/387/387 383/383/383 376/376/376 
f 232/232/232 231/231/231 388/388/388 
f 388/388/388 389/389/389 232/232/232 
f 385/385/385 380/380/380 378/378/378 
f 378/378/378 384/384/384 385/385/385 
f 386/386/386 381/381/381 385/385/385 
f 385/385/385 392/392/392 386/386/386 
f 382/382/382 386/386/386 392/392/392 
f 392/392/392 387/387/387 382/382/382 
f 383/383/383 387/387/387 388/388/388 
f 388/388/388 231/231/231 383/383/383 
f 388/388/388 390/390/390 391/391/391 
f 391/391/391 389/389/389 388/388/388 
f 392/392/392 385/385/385 384/384/384 
f 384/384/384 390/390/390 392/392/392 
f 387/387/387 392/392/392 390/390/390 
f 390/390/390 388/388/388 387/387/387 
f 366/366/366 368/368/368 210/210/210 
f 210/210/210 365/365/365 366/366/366 
f 243/243/243 369/369/369 244/244/244 
f 285/285/285 313/313/313 219/219/219 
f 219/219/219 222/222/222 285/285/285 
f 365/365/365 210/210/210 209/209/209 
f 209/209/209 361/361/361 365/365/365 
f 245/245/245 343/343/343 246/246/246 
f 270/270/270 269/269/269 341/341/341 
f 341/341/341 340/340/340 270/270/270 
f 270/270/270 340/340/340 344/344/344 
f 344/344/344 348/348/348 270/270/270 
f 285/285/285 284/284/284 395/395/395 
f 395/395/395 314/314/314 285/285/285 
f 287/287/287 295/295/295 396/396/396 
f 396/396/396 397/397/397 287/287/287 
f 288/288/288 287/287/287 397/397/397 
f 397/397/397 393/393/393 288/288/288 
f 272/272/272 393/393/393 397/397/397 
f 397/397/397 284/284/284 272/272/272 
f 284/284/284 397/397/397 396/396/396 
f 396/396/396 395/395/395 284/284/284 
f 398/398/398 399/399/399 400/400/400 
f 401/401/401 402/402/402 403/403/403 
f 403/403/403 404/404/404 401/401/401 
f 405/405/405 406/406/406 407/407/407 
f 407/407/407 408/408/408 405/405/405 
f 429/429/429 430/430/430 431/431/431 
f 433/433/433 434/434/434 435/435/435 
f 428/428/428 433/433/433 435/435/435 
f 398/398/398 436/436/436 399/399/399 
f 422/422/422 440/440/440 441/441/441 
f 441/441/441 420/420/420 422/422/422 
f 442/442/442 420/420/420 441/441/441 
f 440/440/440 422/422/422 443/443/443 
f 443/443/443 422/422/422 419/419/419 
f 419/419/419 444/444/444 443/443/443 
f 444/444/444 419/419/419 417/417/417 
f 417/417/417 416/416/416 444/444/444 
f 445/445/445 446/446/446 406/406/406 
f 406/406/406 405/405/405 445/445/445 
f 447/447/447 448/448/448 449/449/449 
f 414/414/414 413/413/413 451/451/451 
f 451/451/451 452/452/452 414/414/414 
f 411/411/411 410/410/410 455/455/455 
f 455/455/455 456/456/456 411/411/411 
f 451/451/451 457/457/457 458/458/458 
f 451/451/451 458/458/458 450/450/450 
f 462/462/462 463/463/463 456/456/456 
f 456/456/456 455/455/455 462/462/462 
f 464/464/464 465/465/465 463/463/463 
f 463/463/463 462/462/462 464/464/464 
f 466/466/466 402/402/402 458/458/458 
f 458/458/458 467/467/467 466/466/466 
f 468/468/468 469/469/469 460/460/460 
f 460/460/460 459/459/459 468/468/468 
f 470/470/470 471/471/471 472/472/472 
f 473/473/473 474/474/474 465/465/465 
f 465/465/465 464/464/464 473/473/473 
f 454/454/454 453/453/453 475/475/475 
f 475/475/475 476/476/476 454/454/454 
f 472/472/472 471/471/471 476/476/476 
f 476/476/476 475/475/475 472/472/472 
f 477/477/477 478/478/478 469/469/469 
f 469/469/469 468/468/468 477/477/477 
f 473/473/473 479/479/479 480/480/480 
f 480/480/480 474/474/474 473/473/473 
f 482/482/482 483/483/483 478/478/478 
f 478/478/478 477/477/477 482/482/482 
f 484/484/484 485/485/485 471/471/471 
f 471/471/471 470/470/470 484/484/484 
f 430/430/430 480/480/480 479/479/479 
f 479/479/479 431/431/431 430/430/430 
f 486/486/486 487/487/487 483/483/483 
f 483/483/483 482/482/482 486/486/486 
f 488/488/488 405/405/405 408/408/408 
f 408/408/408 415/415/415 488/488/488 
f 486/486/486 489/489/489 490/490/490 
f 490/490/490 487/487/487 486/486/486 
f 491/491/491 485/485/485 484/484/484 
f 405/405/405 488/488/488 492/492/492 
f 492/492/492 445/445/445 405/405/405 
f 434/434/434 490/490/490 489/489/489 
f 489/489/489 435/435/435 434/434/434 
f 445/445/445 492/492/492 494/494/494 
f 494/494/494 495/495/495 445/445/445 
f 493/493/493 485/485/485 491/491/491 
f 491/491/491 496/496/496 493/493/493 
f 467/467/467 458/458/458 457/457/457 
f 446/446/446 445/445/445 495/495/495 
f 495/495/495 498/498/498 446/446/446 
f 494/494/494 499/499/499 500/500/500 
f 500/500/500 495/495/495 494/494/494 
f 495/495/495 500/500/500 504/504/504 
f 504/504/504 498/498/498 495/495/495 
f 437/437/437 434/434/434 433/433/433 
f 502/502/502 438/438/438 507/507/507 
f 500/500/500 503/503/503 509/509/509 
f 509/509/509 504/504/504 500/500/500 
f 403/403/403 402/402/402 466/466/466 
f 505/505/505 506/506/506 511/511/511 
f 511/511/511 512/512/512 505/505/505 
f 438/438/438 439/439/439 514/514/514 
f 514/514/514 507/507/507 438/438/438 
f 436/436/436 509/509/509 503/503/503 
f 503/503/503 399/399/399 436/436/436 
f 512/512/512 516/516/516 513/513/513 
f 513/513/513 505/505/505 512/512/512 
f 439/439/439 515/515/515 517/517/517 
f 517/517/517 514/514/514 439/439/439 
f 421/421/421 420/420/420 442/442/442 
f 442/442/442 519/519/519 421/421/421 
f 513/513/513 516/516/516 521/521/521 
f 521/521/521 426/426/426 513/513/513 
f 522/522/522 517/517/517 515/515/515 
f 515/515/515 518/518/518 522/522/522 
f 519/519/519 425/425/425 424/424/424 
f 526/526/526 527/527/527 426/426/426 
f 426/426/426 521/521/521 526/526/526 
f 529/529/529 522/522/522 518/518/518 
f 518/518/518 523/523/523 529/529/529 
f 423/423/423 436/436/436 398/398/398 
f 536/536/536 537/537/537 527/527/527 
f 527/527/527 526/526/526 536/536/536 
f 538/538/538 529/529/529 523/523/523 
f 523/523/523 528/528/528 538/538/538 
f 427/427/427 527/527/527 537/537/537 
f 537/537/537 539/539/539 427/427/427 
f 540/540/540 537/537/537 536/536/536 
f 536/536/536 541/541/541 540/540/540 
f 539/539/539 537/537/537 540/540/540 
f 540/540/540 543/543/543 539/539/539 
f 544/544/544 540/540/540 541/541/541 
f 541/541/541 545/545/545 544/544/544 
f 531/531/531 530/530/530 547/547/547 
f 547/547/547 548/548/548 531/531/531 
f 545/545/545 549/549/549 550/550/550 
f 550/550/550 544/544/544 545/545/545 
f 551/551/551 543/543/543 540/540/540 
f 552/552/552 547/547/547 530/530/530 
f 530/530/530 532/532/532 552/552/552 
f 548/548/548 547/547/547 553/553/553 
f 553/553/553 554/554/554 548/548/548 
f 555/555/555 556/556/556 533/533/533 
f 533/533/533 546/546/546 555/555/555 
f 557/557/557 550/550/550 549/549/549 
f 549/549/549 558/558/558 557/557/557 
f 559/559/559 553/553/553 547/547/547 
f 547/547/547 552/552/552 559/559/559 
f 554/554/554 553/553/553 560/560/560 
f 560/560/560 561/561/561 554/554/554 
f 560/560/560 557/557/557 558/558/558 
f 558/558/558 561/561/561 560/560/560 
f 527/527/527 427/427/427 426/426/426 
f 534/534/534 533/533/533 556/556/556 
f 562/562/562 546/546/546 542/542/542 
f 555/555/555 546/546/546 562/562/562 
f 578/578/578 579/579/579 575/575/575 
f 576/576/576 575/575/575 580/580/580 
f 580/580/580 581/581/581 576/576/576 
f 575/575/575 579/579/579 582/582/582 
f 582/582/582 580/580/580 575/575/575 
f 570/570/570 584/584/584 574/574/574 
f 585/585/585 586/586/586 587/587/587 
f 587/587/587 584/584/584 585/585/585 
f 583/583/583 588/588/588 589/589/589 
f 590/590/590 585/585/585 584/584/584 
f 584/584/584 570/570/570 590/590/590 
f 591/591/591 592/592/592 593/593/593 
f 593/593/593 594/594/594 591/591/591 
f 595/595/595 596/596/596 592/592/592 
f 592/592/592 591/591/591 595/595/595 
f 599/599/599 600/600/600 598/598/598 
f 601/601/601 602/602/602 572/572/572 
f 572/572/572 571/571/571 601/601/601 
f 603/603/603 602/602/602 601/601/601 
f 601/601/601 604/604/604 603/603/603 
f 588/588/588 621/621/621 620/620/620 
f 570/570/570 569/569/569 622/622/622 
f 622/622/622 590/590/590 570/570/570 
f 582/582/582 623/623/623 624/624/624 
f 624/624/624 580/580/580 582/582/582 
f 625/625/625 626/626/626 627/627/627 
f 627/627/627 628/628/628 625/625/625 
f 629/629/629 631/631/631 624/624/624 
f 623/623/623 629/629/629 624/624/624 
f 628/628/628 627/627/627 633/633/633 
f 633/633/633 634/634/634 628/628/628 
f 636/636/636 591/591/591 594/594/594 
f 637/637/637 638/638/638 639/639/639 
f 639/639/639 640/640/640 637/637/637 
f 614/614/614 611/611/611 641/641/641 
f 642/642/642 573/573/573 565/565/565 
f 565/565/565 566/566/566 642/642/642 
f 643/643/643 640/640/640 639/639/639 
f 639/639/639 644/644/644 643/643/643 
f 637/637/637 640/640/640 646/646/646 
f 643/643/643 645/645/645 646/646/646 
f 646/646/646 640/640/640 643/643/643 
f 604/604/604 650/650/650 651/651/651 
f 652/652/652 602/602/602 603/603/603 
f 650/650/650 655/655/655 654/654/654 
f 658/658/658 605/605/605 656/656/656 
f 656/656/656 657/657/657 658/658/658 
f 611/611/611 607/607/607 659/659/659 
f 664/664/664 665/665/665 662/662/662 
f 666/666/666 665/665/665 664/664/664 
f 664/664/664 667/667/667 666/666/666 
f 668/668/668 666/666/666 667/667/667 
f 667/667/667 669/669/669 668/668/668 
f 587/587/587 615/615/615 574/574/574 
f 574/574/574 584/584/584 587/587/587 
f 671/671/671 668/668/668 669/669/669 
f 669/669/669 672/672/672 671/671/671 
f 670/670/670 665/665/665 666/666/666 
f 666/666/666 668/668/668 670/670/670 
f 610/610/610 609/609/609 619/619/619 
f 673/673/673 671/671/671 672/672/672 
f 672/672/672 674/674/674 673/673/673 
f 635/635/635 676/676/676 677/677/677 
f 634/634/634 633/633/633 635/635/635 
f 635/635/635 677/677/677 634/634/634 
f 678/678/678 630/630/630 629/629/629 
f 629/629/629 679/679/679 678/678/678 
f 569/569/569 678/678/678 679/679/679 
f 679/679/679 622/622/622 569/569/569 
f 676/676/676 620/620/620 621/621/621 
f 621/621/621 677/677/677 676/676/676 
f 682/682/682 683/683/683 684/684/684 
f 684/684/684 685/685/685 682/682/682 
f 687/687/687 688/688/688 689/689/689 
f 689/689/689 690/690/690 687/687/687 
f 680/680/680 691/691/691 692/692/692 
f 692/692/692 693/693/693 680/680/680 
f 691/691/691 694/694/694 695/695/695 
f 695/695/695 692/692/692 691/691/691 
f 695/695/695 696/696/696 697/697/697 
f 697/697/697 692/692/692 695/695/695 
f 682/682/682 698/698/698 699/699/699 
f 699/699/699 700/700/700 682/682/682 
f 700/700/700 701/701/701 683/683/683 
f 683/683/683 682/682/682 700/700/700 
f 698/698/698 682/682/682 685/685/685 
f 713/713/713 714/714/714 715/715/715 
f 715/715/715 716/716/716 713/713/713 
f 714/714/714 713/713/713 717/717/717 
f 719/719/719 720/720/720 721/721/721 
f 721/721/721 722/722/722 719/719/719 
f 723/723/723 722/722/722 721/721/721 
f 721/721/721 724/724/724 723/723/723 
f 720/720/720 725/725/725 726/726/726 
f 726/726/726 721/721/721 720/720/720 
f 727/727/727 728/728/728 729/729/729 
f 729/729/729 730/730/730 727/727/727 
f 729/729/729 731/731/731 732/732/732 
f 732/732/732 733/733/733 729/729/729 
f 734/734/734 726/726/726 725/725/725 
f 725/725/725 735/735/735 734/734/734 
f 726/726/726 686/686/686 724/724/724 
f 724/724/724 721/721/721 726/726/726 
f 731/731/731 729/729/729 728/728/728 
f 728/728/728 736/736/736 731/731/731 
f 731/731/731 734/734/734 735/735/735 
f 735/735/735 732/732/732 731/731/731 
f 686/686/686 726/726/726 734/734/734 
f 745/745/745 746/746/746 747/747/747 
f 746/746/746 696/696/696 730/730/730 
f 730/730/730 747/747/747 746/746/746 
f 729/729/729 733/733/733 747/747/747 
f 747/747/747 730/730/730 729/729/729 
f 697/697/697 748/748/748 749/749/749 
f 692/692/692 697/697/697 693/693/693 
f 750/750/750 696/696/696 695/695/695 
f 754/754/754 755/755/755 756/756/756 
f 756/756/756 757/757/757 754/754/754 
f 758/758/758 755/755/755 754/754/754 
f 758/758/758 759/759/759 755/755/755 
f 760/760/760 755/755/755 759/759/759 
f 759/759/759 761/761/761 760/760/760 
f 763/763/763 767/767/767 707/707/707 
f 707/707/707 706/706/706 763/763/763 
f 768/768/768 703/703/703 707/707/707 
f 707/707/707 767/767/767 768/768/768 
f 766/766/766 765/765/765 769/769/769 
f 766/766/766 769/769/769 767/767/767 
f 763/763/763 766/766/766 767/767/767 
f 771/771/771 768/768/768 767/767/767 
f 767/767/767 769/769/769 771/771/771 
f 772/772/772 770/770/770 715/715/715 
f 715/715/715 714/714/714 772/772/772 
f 774/774/774 772/772/772 714/714/714 
f 714/714/714 718/718/718 774/774/774 
f 776/776/776 777/777/777 690/690/690 
f 690/690/690 689/689/689 776/776/776 
f 778/778/778 775/775/775 770/770/770 
f 770/770/770 772/772/772 778/778/778 
f 779/779/779 778/778/778 772/772/772 
f 746/746/746 745/745/745 780/780/780 
f 781/781/781 681/681/681 680/680/680 
f 680/680/680 782/782/782 781/781/781 
f 778/778/778 781/781/781 783/783/783 
f 783/783/783 775/775/775 778/778/778 
f 696/696/696 727/727/727 730/730/730 
f 696/696/696 750/750/750 727/727/727 
f 781/781/781 778/778/778 779/779/779 
f 779/779/779 681/681/681 781/781/781 
f 782/782/782 680/680/680 693/693/693 
f 693/693/693 785/785/785 782/782/782 
f 782/782/782 786/786/786 783/783/783 
f 783/783/783 781/781/781 782/782/782 
f 785/785/785 693/693/693 697/697/697 
f 697/697/697 749/749/749 785/785/785 
f 785/785/785 789/789/789 786/786/786 
f 786/786/786 782/782/782 785/785/785 
f 791/791/791 792/792/792 687/687/687 
f 687/687/687 690/690/690 791/791/791 
f 749/749/749 795/795/795 789/789/789 
f 789/789/789 785/785/785 749/749/749 
f 777/777/777 790/790/790 791/791/791 
f 791/791/791 690/690/690 777/777/777 
f 796/796/796 792/792/792 791/791/791 
f 791/791/791 798/798/798 796/796/796 
f 788/788/788 798/798/798 791/791/791 
f 791/791/791 790/790/790 788/788/788 
f 798/798/798 802/802/802 794/794/794 
f 794/794/794 796/796/796 798/798/798 
f 797/797/797 802/802/802 798/798/798 
f 798/798/798 788/788/788 797/797/797 
f 794/794/794 802/802/802 694/694/694 
f 694/694/694 691/691/691 794/794/794 
f 753/753/753 757/757/757 756/756/756 
f 699/699/699 805/805/805 803/803/803 
f 803/803/803 800/800/800 699/699/699 
f 802/802/802 797/797/797 806/806/806 
f 806/806/806 694/694/694 802/802/802 
f 750/750/750 695/695/695 694/694/694 
f 694/694/694 806/806/806 750/750/750 
f 807/807/807 751/751/751 756/756/756 
f 756/756/756 808/808/808 807/807/807 
f 809/809/809 810/810/810 805/805/805 
f 805/805/805 699/699/699 809/809/809 
f 728/728/728 727/727/727 750/750/750 
f 750/750/750 806/806/806 728/728/728 
f 811/811/811 808/808/808 756/756/756 
f 756/756/756 755/755/755 811/811/811 
f 812/812/812 813/813/813 810/810/810 
f 810/810/810 809/809/809 812/812/812 
f 757/757/757 805/805/805 810/810/810 
f 810/810/810 754/754/754 757/757/757 
f 811/811/811 755/755/755 760/760/760 
f 760/760/760 815/815/815 811/811/811 
f 816/816/816 817/817/817 813/813/813 
f 813/813/813 812/812/812 816/816/816 
f 754/754/754 810/810/810 813/813/813 
f 813/813/813 758/758/758 754/754/754 
f 818/818/818 819/819/819 815/815/815 
f 758/758/758 813/813/813 817/817/817 
f 817/817/817 759/759/759 758/758/758 
f 817/817/817 820/820/820 761/761/761 
f 761/761/761 759/759/759 817/817/817 
f 697/697/697 696/696/696 821/821/821 
f 821/821/821 748/748/748 697/697/697 
f 822/822/822 816/816/816 812/812/812 
f 812/812/812 821/821/821 822/822/822 
f 817/817/817 816/816/816 823/823/823 
f 823/823/823 820/820/820 817/817/817 
f 733/733/733 741/741/741 745/745/745 
f 745/745/745 747/747/747 733/733/733 
f 822/822/822 821/821/821 696/696/696 
f 696/696/696 746/746/746 822/822/822 
f 700/700/700 699/699/699 800/800/800 
f 800/800/800 799/799/799 700/700/700 
f 825/825/825 823/823/823 816/816/816 
f 816/816/816 822/822/822 825/825/825 
f 826/826/826 827/827/827 828/828/828 
f 828/828/828 829/829/829 826/826/826 
f 830/830/830 825/825/825 822/822/822 
f 822/822/822 746/746/746 830/830/830 
f 831/831/831 832/832/832 833/833/833 
f 753/753/753 803/803/803 805/805/805 
f 805/805/805 757/757/757 753/753/753 
f 834/834/834 835/835/835 836/836/836 
f 836/836/836 837/837/837 834/834/834 
f 780/780/780 834/834/834 830/830/830 
f 830/830/830 746/746/746 780/780/780 
f 809/809/809 699/699/699 698/698/698 
f 698/698/698 748/748/748 809/809/809 
f 837/837/837 838/838/838 830/830/830 
f 830/830/830 834/834/834 837/837/837 
f 828/828/828 840/840/840 841/841/841 
f 841/841/841 829/829/829 828/828/828 
f 743/743/743 826/826/826 829/829/829 
f 829/829/829 744/744/744 743/743/743 
f 842/842/842 835/835/835 834/834/834 
f 834/834/834 780/780/780 842/842/842 
f 841/841/841 840/840/840 843/843/843 
f 843/843/843 844/844/844 841/841/841 
f 841/841/841 738/738/738 744/744/744 
f 744/744/744 829/829/829 841/841/841 
f 821/821/821 812/812/812 809/809/809 
f 809/809/809 748/748/748 821/821/821 
f 737/737/737 842/842/842 780/780/780 
f 780/780/780 741/741/741 737/737/737 
f 844/844/844 843/843/843 835/835/835 
f 835/835/835 842/842/842 844/844/844 
f 844/844/844 739/739/739 738/738/738 
f 738/738/738 841/841/841 844/844/844 
f 749/749/749 748/748/748 712/712/712 
f 712/712/712 795/795/795 749/749/749 
f 739/739/739 844/844/844 842/842/842 
f 842/842/842 737/737/737 739/739/739 
f 840/840/840 846/846/846 847/847/847 
f 846/846/846 840/840/840 828/828/828 
f 828/828/828 827/827/827 846/846/846 
f 701/701/701 700/700/700 799/799/799 
f 849/849/849 848/848/848 850/850/850 
f 769/769/769 850/850/850 848/848/848 
f 848/848/848 771/771/771 769/769/769 
f 850/850/850 769/769/769 765/765/765 
f 765/765/765 851/851/851 850/850/850 
f 850/850/850 683/683/683 701/701/701 
f 701/701/701 849/849/849 850/850/850 
f 851/851/851 684/684/684 683/683/683 
f 683/683/683 850/850/850 851/851/851 

g Handle2

v -354.774 3.60557 13.2368 
v -354.804 3.85662 13.2364 
v -354.366 2.78514 12.7043 
v -354.324 2.82736 12.5777 
v -354.402 2.95339 12.6415 
v -354.467 2.91025 12.7304 
v -354.408 4.25199 13.8128 
v -354.453 4.6409 13.476 
v -354.497 4.7147 13.4763 
v -354.472 4.7281 13.5814 
v -354.428 4.62816 13.5662 
v -354.745 3.64217 13.3074 
v -354.656 3.44967 13.2844 
v -354.666 3.42178 13.1911 
v -354.671 3.6362 13.4488 
v -354.628 3.46695 13.4437 
v -354.577 3.32384 13.5357 
v -354.604 3.26848 13.2278 
v -354.424 2.79963 12.8707 
v -354.348 2.51971 12.857 
v -354.358 2.61923 12.6153 
v -354.351 2.69928 12.4836 
v -354.404 3.272 12.0556 
v -354.353 3.21 12.0452 
v -354.423 3.18183 12.0166 
v -354.506 3.25021 12.0655 
v -354.341 3.2917 12.1314 
v -354.302 3.23192 12.1056 
v -354.404 3.32789 12.1579 
v -354.692 2.89035 12.7392 
v -354.556 2.91433 12.816 
v -354.692 2.89035 12.7392 
v -354.664 3.00027 12.8832 
v -354.652 4.62107 13.0968 
v -354.582 4.51706 13.1112 
v -354.594 4.50852 13.0279 
v -354.661 4.58633 13.0051 
v -354.678 4.58074 13.1987 
v -354.61 4.52139 13.1918 
v -354.363 4.32806 14.0913 
v -354.304 4.28344 14.0333 
v -354.301 4.32737 13.9572 
v -354.356 4.42367 14.0081 
v -354.395 4.43856 13.8981 
v -354.339 4.36124 13.874 
v -354.345 4.14432 14.0148 
v -354.338 4.17738 13.9031 
v -354.616 3.43866 13.5943 
v -354.686 3.57917 13.6392 
v -354.586 3.51785 13.7448 
v -354.566 3.3708 13.7021 
v -354.531 3.74565 13.8157 
v -354.57 3.69041 13.9494 
v -354.617 3.42876 13.8827 
v -354.424 3.99666 13.8707 
v -354.443 3.96588 14.0012 
v -354.656 3.83071 13.6932 
v -354.633 3.51515 14.0249 
v -354.446 3.84138 14.24 
v -354.547 3.70337 14.1408 
v -354.501 3.916 14.2601 
v -354.65 3.3774 13.9277 
v -354.822 3.33115 13.9448 
v -354.433 3.96843 14.334 
v -354.4 3.91561 14.307 
v -354.567 3.32143 13.8988 
v -354.537 3.24434 13.8305 
v -354.564 3.33989 13.8323 
v -354.521 2.97431 13.1076 
v -354.632 3.18385 13.0574 
v -354.631 3.46254 13.5379 
v -354.691 1.85733 12.9614 
v -354.715 2.03173 12.854 
v -354.492 2.01612 12.941 
v -354.337 2.0308 13.3368 
v -354.417 1.82998 13.4717 
v -354.492 1.79615 13.1672 
v -354.377 2.01892 13.119 
v -354.35 2.01365 13.4881 
v -354.392 1.98343 13.6407 
v -354.542 1.72294 13.7421 
v -354.509 1.93563 13.8264 
v -354.639 3.76557 14.0308 
v -354.304 3.25422 12.252 
v -354.435 3.20759 12.4221 
v -354.317 3.14177 12.4194 
v -354.292 3.21253 12.3559 
v -354.26 3.14925 12.1894 
v -354.31 3.09995 12.1013 
v -354.253 3.02861 12.309 
v -354.636 4.35837 12.9868 
v -354.297 2.96971 12.2005 
v -354.6 4.33591 13.1127 
v -354.733 4.44563 13.2413 
v -354.641 4.4185 13.2138 
v -354.719 4.14811 12.9492 
v -354.492 4.66881 13.6831 
v -354.447 4.60239 13.6613 
v -354.668 4.10309 13.0906 
v -354.763 4.10344 13.2286 
v -354.558 3.32417 13.9861 
v -354.712 3.8393 13.0954 
v -354.714 3.57686 13.0706 
v -354.771 3.84155 12.9416 
v -354.861 3.93359 12.8928 
v -354.685 3.3692 13.0479 
v -354.78 3.55816 12.9418 
v -354.721 4.24938 13.7033 
v -354.62 4.24786 13.6688 
v -354.777 3.33615 12.9213 
v -354.506 4.45271 13.6741 
v -354.466 4.44601 13.5421 
v -354.506 4.49729 13.4306 
v -354.636 2.58308 12.493 
v -354.742 3.94937 13.3307 
v -354.738 3.14594 12.9045 
v -354.629 4.29734 13.3751 
v -354.721 3.90529 13.6371 
v -354.561 4.22522 13.5048 
v -354.48 2.54526 12.5081 
v -354.461 2.38378 12.6721 
v -354.882 3.08841 12.8576 
v -354.651 3.91325 13.4694 
v -354.458 2.16073 12.838 
v -355.138 3.32552 13.0818 
v -354.33 2.23503 13.0185 
v -354.711 3.60841 13.5879 
v -354.74 1.56174 13.0149 
v -354.639 1.51033 13.1651 
v -354.363 2.60208 13.1725 
v -354.307 2.2756 13.2579 
v -354.598 1.49687 13.4213 
v -354.381 2.61499 13.466 
v -354.329 2.26637 13.4838 
v -354.894 3.55622 13.6446 
v -354.656 1.4818 13.6823 
v -354.401 2.58215 13.7374 
v -354.372 2.23257 13.7066 
v -354.716 1.69486 13.8689 
v -354.736 1.50284 13.8272 
v -354.485 2.19035 13.8925 
v -354.488 2.97562 13.4666 
v -354.472 2.93004 13.7691 
v -354.489 2.52152 13.9492 
v -354.665 2.48184 14.0469 
v -354.524 2.84164 13.9969 
v -354.395 3.94042 14.4257 
v -354.398 3.86754 14.4794 
v -354.367 3.83078 14.4303 
v -354.364 3.87335 14.3777 
v -354.556 3.08331 14.055 
v -354.448 3.90107 14.5078 
v -354.398 3.86754 14.4794 
v -354.395 3.94042 14.4257 
v -354.573 3.21216 14.1524 
v -354.56 3.36105 14.2594 
v -354.651 3.28126 14.2815 
v -354.672 3.15615 14.2165 
v -354.676 3.00845 14.1571 
v -354.476 3.99941 14.39 
v -354.404 3.72134 14.3955 
v -354.394 3.76111 14.3041 
v -354.527 3.4416 14.1203 
v -354.489 3.56148 14.344 
v -354.466 3.60751 14.2269 
v -354.501 3.916 14.2601 
v -354.463 3.75529 14.4869 
v -354.543 3.6278 14.4459 
v -354.321 2.85328 12.2935 
v -354.336 2.7826 12.3684 
v -354.281 2.90062 12.4244 
v -354.345 3.03426 12.521 

vn 0.220472 0.0314961 0.976378 
vn 0.220472 0.0314961 0.976378 
vn 0.92126 0.244094 0.299213 
vn 0.96063 0.0314961 0.283465 
vn 0.755906 0.370079 0.543307 
vn 0.653543 0.590551 0.472441 
vn 0.141732 0.19685 -0.968504 
vn 0.858268 0.456693 -0.228346 
vn 0.826772 0.496063 -0.259843 
vn 0.866142 0.448819 -0.220472 
vn 0.889764 0.417323 -0.188976 
vn 0.874016 0.377953 -0.299213 
vn 0.897638 0.385827 -0.212598 
vn 0.929134 0.338583 -0.165354 
vn 0.984252 0.11811 -0.133858 
vn 0.944882 0.307087 -0.11811 
vn 0.952756 0.283465 -0.0944882 
vn 0.929134 0.307087 -0.19685 
vn 0.850394 0.503937 0.11811 
vn 0.992126 -0.0314961 -0.11811 
vn 0.937008 -0.307087 -0.181102 
vn 0.818898 -0.496063 -0.275591 
vn 0.181102 0.637795 -0.748031 
vn 0.417323 0.480315 -0.771654 
vn 0.110236 0.362205 -0.92126 
vn -0.220472 0.614173 -0.755906 
vn 0.425197 0.724409 -0.543307 
vn 0.503937 0.590551 -0.629921 
vn 0.212598 0.866142 -0.456693 
vn -0.267717 0.472441 -0.84252 
vn 0.456693 0.771654 0.448819 
vn -0.267717 0.472441 -0.84252 
vn 0.0944882 0.795276 -0.606299 
vn 0.212598 0.905512 -0.362205 
vn 0.850394 0.496063 -0.173228 
vn 0.818898 0.519685 -0.228346 
vn 0.299213 0.913386 -0.275591 
vn 0.204724 0.866142 0.456693 
vn 0.677165 0.700787 0.228346 
vn 0.141732 -0.0393701 0.992126 
vn 0.84252 0.448819 0.299213 
vn 0.88189 0.354331 0.314961 
vn 0.370079 0.661417 0.653543 
vn 0.338583 0.944882 -0.0393701 
vn 0.795276 0.582677 -0.149606 
vn 0.92126 -0.393701 -0.0314961 
vn 0.889764 -0.267717 -0.370079 
vn 0.897638 0.401575 -0.188976 
vn 0.748031 0.511811 -0.417323 
vn 0.850394 0.377953 -0.362205 
vn 0.976378 0.188976 -0.11811 
vn 0.952756 -0.251969 0.173228 
vn 0.937008 -0.322835 0.125984 
vn 0.968504 -0.204724 0.125984 
vn 0.905512 -0.433071 0.015748 
vn 0.897638 -0.440945 0.0393701 
vn 0.0866142 0.212598 -0.976378 
vn -0.023622 0.496063 -0.866142 
vn 0.291339 0.448819 -0.84252 
vn 0.19685 0.433071 -0.88189 
vn 0.314961 0.480315 -0.818898 
vn -0.141732 0.527559 -0.834646 
vn -0.708661 0.511811 -0.480315 
vn 0.346457 0.590551 -0.732283 
vn 0.354331 0.551181 -0.755906 
vn 0.874016 0.480315 0.0629921 
vn 0.976378 0.19685 0.0393701 
vn 0.952756 0.283465 0.133858 
vn 0.88189 0.433071 -0.181102 
vn 0.84252 0.314961 -0.440945 
vn 0.929134 0.377953 0.0314961 
vn 0.204724 -0.425197 -0.88189 
vn -0.0944882 -0.551181 -0.826772 
vn 0.574803 -0.559055 -0.598425 
vn 0.96063 -0.267717 -0.0551181 
vn 0.897638 -0.433071 0.0472441 
vn 0.795276 -0.464567 -0.385827 
vn 0.874016 -0.385827 -0.291339 
vn 0.968504 -0.220472 0.125984 
vn 0.905512 -0.267717 0.322835 
vn 0.866142 -0.425197 0.267717 
vn 0.834646 -0.307087 0.456693 
vn 0.456693 -0.370079 0.811024 
vn 0.700787 0.692913 0.173228 
vn 0.330709 0.566929 0.755906 
vn 0.330709 0.566929 0.755906 
vn 0.330709 0.566929 0.755906 
vn 0.976378 0.0708661 -0.19685 
vn 0.866142 -0.133858 -0.480315 
vn 1 -0.0787402 0.0393701 
vn 0.551181 0.0314961 -0.834646 
vn 0.92126 -0.212598 -0.322835 
vn 0.96063 -0.19685 0.188976 
vn 0.251969 0.0787402 0.968504 
vn 0.291339 0 0.96063 
vn 0.472441 -0.0314961 -0.88189 
vn 0.850394 0.377953 0.354331 
vn 0.834646 0.448819 0.322835 
vn 0.897638 -0.267717 -0.346457 
vn 0.543307 -0.102362 0.834646 
vn 0.716535 0.685039 -0.0866142 
vn 0.897638 0.0551181 0.433071 
vn 0.976378 0.125984 -0.165354 
vn 0.913386 -0.141732 -0.377953 
vn 0.409449 -0.0314961 -0.913386 
vn 0.88189 0.188976 -0.425197 
vn 0.866142 0.0551181 -0.496063 
vn 0.314961 -0.23622 0.92126 
vn 0.322835 -0.204724 0.92126 
vn 0.535433 0.125984 -0.834646 
vn 0.401575 -0.212598 0.889764 
vn 0.937008 -0.338583 -0.102362 
vn 0.850394 -0.283465 -0.448819 
vn -0.433071 -0.417323 -0.795276 
vn 0.23622 0.023622 -0.968504 
vn 0.503937 0.314961 -0.80315 
vn 0.283465 0.015748 -0.96063 
vn 0.322835 -0.181102 0.929134 
vn 0.80315 -0.267717 -0.527559 
vn 0.346457 -0.622047 -0.700787 
vn 0.622047 -0.511811 -0.598425 
vn -0.456693 0.0787402 -0.889764 
vn 0.818898 -0.173228 -0.543307 
vn 0.661417 -0.448819 -0.598425 
vn -0.952756 0.0787402 -0.291339 
vn 0.944882 -0.181102 -0.259843 
vn 0.937008 0.125984 0.330709 
vn -0.11811 -0.11811 -0.984252 
vn 0.826772 -0.425197 -0.377953 
vn 0.968504 0.244094 0 
vn 1 0.00787402 -0.015748 
vn 0.88189 -0.472441 0 
vn 0.976378 0.212598 0.0629921 
vn 0.992126 0.023622 0.125984 
vn -0.645669 0.582677 -0.496063 
vn 0.874016 -0.456693 0.165354 
vn 0.96063 0.110236 0.244094 
vn 0.937008 -0.0708661 0.346457 
vn 0.677165 -0.354331 0.637795 
vn 0.84252 -0.204724 0.503937 
vn 0.858268 -0.204724 0.472441 
vn 0.952756 0.291339 -0.0472441 
vn 0.976378 0.19685 0.11811 
vn 0.897638 0 0.440945 
vn 0.440945 -0.181102 0.88189 
vn 0.952756 0.0944882 0.291339 
vn 0.771654 0.574803 0.283465 
vn 0.779528 0.338583 0.527559 
vn 0.92126 0.23622 0.314961 
vn 0.937008 0.23622 0.244094 
vn 0.984252 0.0708661 0.165354 
vn 0.590551 0.488189 0.637795 
vn 0.779528 0.338583 0.527559 
vn 0.771654 0.574803 0.283465 
vn 0.629921 -0.464567 0.622047 
vn 0.590551 -0.503937 0.629921 
vn 0.614173 -0.472441 0.629921 
vn 0.661417 -0.377953 0.645669 
vn 0.669291 -0.19685 0.716535 
vn 0.511811 0.84252 0.188976 
vn 0.913386 -0.393701 -0.0629921 
vn 0.92126 -0.204724 -0.338583 
vn 0.984252 -0.173228 0.0472441 
vn 0.92126 -0.385827 0.015748 
vn 0.92126 -0.377953 0.015748 
vn 0.314961 0.480315 -0.818898 
vn 0.0866142 -0.251969 0.968504 
vn -0.110236 -0.330709 0.937008 
vn 0.307087 -0.692913 -0.653543 
vn 0.322835 -0.716535 -0.614173 
vn 0.984252 -0.110236 0.149606 
vn 0.889764 0.125984 0.433071 

vt 0.480572 0.3501 
vt 0.480433 0.272995 
vt 0.269611 0.603382 
vt 0.218295 0.58911 
vt 0.242104 0.552482 
vt 0.278812 0.567086 
vt 0.730561 0.152581 
vt 0.587629 0.0347297 
vt 0.587977 0.0123065 
vt 0.630391 0.00790071 
vt 0.623976 0.0384011 
vt 0.519657 0.340987 
vt 0.509622 0.400159 
vt 0.47128 0.408433 
vt 0.57581 0.341223 
vt 0.573578 0.394367 
vt 0.610788 0.438174 
vt 0.486486 0.455323 
vt 0.338763 0.600528 
vt 0.335082 0.683212 
vt 0.237346 0.650955 
vt 0.184607 0.625208 
vt 0.0144511 0.456274 
vt 0.0104037 0.474349 
vt 0 0.482274 
vt 0.0185516 0.462821 
vt 0.0436032 0.450756 
vt 0.0338253 0.468293 
vt 0.0536814 0.440511 
vt 0.293089 0.572473 
vt 0.313821 0.566947 
vt 0.293089 0.572473 
vt 0.349706 0.540698 
vt 0.434547 0.0435786 
vt 0.438871 0.0730073 
vt 0.405451 0.0757747 
vt 0.39658 0.0542952 
vt 0.469319 0.0557241 
vt 0.468374 0.0729346 
vt 0.827825 0.127766 
vt 0.809873 0.144468 
vt 0.778827 0.130395 
vt 0.796766 0.102706 
vt 0.757664 0.0998739 
vt 0.748786 0.121396 
vt 0.805052 0.182021 
vt 0.762402 0.172642 
vt 0.635372 0.403636 
vt 0.65549 0.361159 
vt 0.697964 0.379169 
vt 0.678619 0.42317 
vt 0.722447 0.305335 
vt 0.777184 0.321865 
vt 0.75005 0.402952 
vt 0.746101 0.22713 
vt 0.798948 0.236537 
vt 0.681989 0.282066 
vt 0.815942 0.380723 
vt 0.903161 0.280238 
vt 0.863181 0.322528 
vt 0.911147 0.257515 
vt 0.77618 0.423226 
vt 0.780242 0.437332 
vt 0.940497 0.242089 
vt 0.929723 0.258069 
vt 0.757127 0.440124 
vt 0.729563 0.46206 
vt 0.729493 0.433244 
vt 0.437488 0.546445 
vt 0.419184 0.481363 
vt 0.610682 0.396158 
vt 0.383754 0.88423 
vt 0.339636 0.829893 
vt 0.373132 0.834638 
vt 0.529625 0.83192 
vt 0.583647 0.892583 
vt 0.463352 0.902778 
vt 0.443022 0.834843 
vt 0.589649 0.837477 
vt 0.650104 0.846469 
vt 0.691751 0.925504 
vt 0.724495 0.860907 
vt 0.804705 0.298493 
vt 0.0868115 0.462072 
vt 0.151204 0.475619 
vt 0.150095 0.495836 
vt 0.124279 0.474102 
vt 0.0643639 0.490492 
vt 0.0308654 0.504375 
vt 0.111059 0.526624 
vt 0.393673 0.118891 
vt 0.0698825 0.543891 
vt 0.436533 0.124389 
vt 0.482461 0.0923822 
vt 0.471346 0.10023 
vt 0.378776 0.183083 
vt 0.667056 0.0256735 
vt 0.658445 0.0465113 
vt 0.431923 0.195459 
vt 0.478421 0.196365 
vt 0.793835 0.44054 
vt 0.427541 0.278458 
vt 0.422298 0.359497 
vt 0.37161 0.27656 
vt 0.356102 0.248969 
vt 0.415187 0.423663 
vt 0.372655 0.364805 
vt 0.670687 0.15072 
vt 0.656628 0.151381 
vt 0.367057 0.433426 
vt 0.659038 0.0884197 
vt 0.613444 0.0897019 
vt 0.570954 0.0742918 
vt 0.19264 0.66138 
vt 0.534588 0.24446 
vt 0.359984 0.493007 
vt 0.552557 0.13754 
vt 0.643706 0.25674 
vt 0.601739 0.157947 
vt 0.198004 0.671737 
vt 0.263845 0.722011 
vt 0.341628 0.509225 
vt 0.587484 0.254345 
vt 0.331271 0.790903 
vt 0.42787 0.4364 
vt 0.401904 0.769728 
vt 0.628575 0.349807 
vt 0.406343 0.976902 
vt 0.462433 0.990804 
vt 0.462399 0.659606 
vt 0.49723 0.758427 
vt 0.563536 0.994647 
vt 0.581195 0.655447 
vt 0.587926 0.761359 
vt 0.658339 0.368643 
vt 0.668275 0.999374 
vt 0.690032 0.664906 
vt 0.676694 0.771159 
vt 0.740307 0.934566 
vt 0.724428 0.994459 
vt 0.751247 0.783305 
vt 0.582325 0.545172 
vt 0.703952 0.55859 
vt 0.774535 0.68285 
vt 0.810646 0.693925 
vt 0.795144 0.585111 
vt 0.969524 0.250594 
vt 0.989375 0.271527 
vt 0.97112 0.282187 
vt 0.950307 0.269115 
vt 0.819795 0.510742 
vt 1 0.262148 
vt 0.989375 0.271527 
vt 0.969524 0.250594 
vt 0.855679 0.46788 
vt 0.899089 0.42191 
vt 0.908085 0.446609 
vt 0.881513 0.485614 
vt 0.856821 0.532091 
vt 0.955755 0.234121 
vt 0.960048 0.31193 
vt 0.925153 0.300878 
vt 0.847287 0.399203 
vt 0.938472 0.361078 
vt 0.890883 0.34699 
vt 0.911147 0.257515 
vt 0.988836 0.302376 
vt 0.972397 0.341048 
vt 0.110391 0.5767 
vt 0.14053 0.598262 
vt 0.157086 0.565741 
vt 0.194025 0.526147 

usemtl Handle2Mtl

f 854/854/854 855/855/855 856/856/856 
f 856/856/856 857/857/857 854/854/854 
f 859/859/859 860/860/860 861/861/861 
f 861/861/861 862/862/862 859/859/859 
f 852/852/852 863/863/863 864/864/864 
f 864/864/864 865/865/865 852/852/852 
f 863/863/863 866/866/866 867/867/867 
f 867/867/867 864/864/864 863/863/863 
f 867/867/867 868/868/868 869/869/869 
f 869/869/869 864/864/864 867/867/867 
f 854/854/854 870/870/870 871/871/871 
f 871/871/871 872/872/872 854/854/854 
f 872/872/872 873/873/873 855/855/855 
f 855/855/855 854/854/854 872/872/872 
f 870/870/870 854/854/854 857/857/857 
f 885/885/885 886/886/886 887/887/887 
f 887/887/887 888/888/888 885/885/885 
f 886/886/886 885/885/885 889/889/889 
f 891/891/891 892/892/892 893/893/893 
f 893/893/893 894/894/894 891/891/891 
f 895/895/895 894/894/894 893/893/893 
f 893/893/893 896/896/896 895/895/895 
f 892/892/892 897/897/897 898/898/898 
f 898/898/898 893/893/893 892/892/892 
f 899/899/899 900/900/900 901/901/901 
f 901/901/901 902/902/902 899/899/899 
f 901/901/901 903/903/903 904/904/904 
f 904/904/904 905/905/905 901/901/901 
f 906/906/906 898/898/898 897/897/897 
f 897/897/897 907/907/907 906/906/906 
f 898/898/898 858/858/858 896/896/896 
f 896/896/896 893/893/893 898/898/898 
f 903/903/903 901/901/901 900/900/900 
f 900/900/900 908/908/908 903/903/903 
f 903/903/903 906/906/906 907/907/907 
f 907/907/907 904/904/904 903/903/903 
f 858/858/858 898/898/898 906/906/906 
f 917/917/917 918/918/918 919/919/919 
f 918/918/918 868/868/868 902/902/902 
f 902/902/902 919/919/919 918/918/918 
f 901/901/901 905/905/905 919/919/919 
f 919/919/919 902/902/902 901/901/901 
f 869/869/869 920/920/920 921/921/921 
f 864/864/864 869/869/869 865/865/865 
f 922/922/922 868/868/868 867/867/867 
f 926/926/926 927/927/927 928/928/928 
f 928/928/928 929/929/929 926/926/926 
f 930/930/930 927/927/927 926/926/926 
f 930/930/930 931/931/931 927/927/927 
f 932/932/932 927/927/927 931/931/931 
f 931/931/931 933/933/933 932/932/932 
f 935/935/935 939/939/939 879/879/879 
f 879/879/879 878/878/878 935/935/935 
f 940/940/940 875/875/875 879/879/879 
f 879/879/879 939/939/939 940/940/940 
f 938/938/938 937/937/937 941/941/941 
f 938/938/938 941/941/941 939/939/939 
f 935/935/935 938/938/938 939/939/939 
f 943/943/943 940/940/940 939/939/939 
f 939/939/939 941/941/941 943/943/943 
f 944/944/944 942/942/942 887/887/887 
f 887/887/887 886/886/886 944/944/944 
f 946/946/946 944/944/944 886/886/886 
f 886/886/886 890/890/890 946/946/946 
f 948/948/948 949/949/949 862/862/862 
f 862/862/862 861/861/861 948/948/948 
f 950/950/950 947/947/947 942/942/942 
f 942/942/942 944/944/944 950/950/950 
f 951/951/951 950/950/950 944/944/944 
f 918/918/918 917/917/917 952/952/952 
f 953/953/953 853/853/853 852/852/852 
f 852/852/852 954/954/954 953/953/953 
f 950/950/950 953/953/953 955/955/955 
f 955/955/955 947/947/947 950/950/950 
f 868/868/868 899/899/899 902/902/902 
f 868/868/868 922/922/922 899/899/899 
f 953/953/953 950/950/950 951/951/951 
f 951/951/951 853/853/853 953/953/953 
f 954/954/954 852/852/852 865/865/865 
f 865/865/865 957/957/957 954/954/954 
f 954/954/954 958/958/958 955/955/955 
f 955/955/955 953/953/953 954/954/954 
f 957/957/957 865/865/865 869/869/869 
f 869/869/869 921/921/921 957/957/957 
f 957/957/957 961/961/961 958/958/958 
f 958/958/958 954/954/954 957/957/957 
f 963/963/963 964/964/964 859/859/859 
f 859/859/859 862/862/862 963/963/963 
f 921/921/921 967/967/967 961/961/961 
f 961/961/961 957/957/957 921/921/921 
f 949/949/949 962/962/962 963/963/963 
f 963/963/963 862/862/862 949/949/949 
f 968/968/968 964/964/964 963/963/963 
f 963/963/963 970/970/970 968/968/968 
f 960/960/960 970/970/970 963/963/963 
f 963/963/963 962/962/962 960/960/960 
f 970/970/970 974/974/974 966/966/966 
f 966/966/966 968/968/968 970/970/970 
f 969/969/969 974/974/974 970/970/970 
f 970/970/970 960/960/960 969/969/969 
f 966/966/966 974/974/974 866/866/866 
f 866/866/866 863/863/863 966/966/966 
f 925/925/925 929/929/929 928/928/928 
f 871/871/871 977/977/977 975/975/975 
f 975/975/975 972/972/972 871/871/871 
f 974/974/974 969/969/969 978/978/978 
f 978/978/978 866/866/866 974/974/974 
f 922/922/922 867/867/867 866/866/866 
f 866/866/866 978/978/978 922/922/922 
f 979/979/979 923/923/923 928/928/928 
f 928/928/928 980/980/980 979/979/979 
f 981/981/981 982/982/982 977/977/977 
f 977/977/977 871/871/871 981/981/981 
f 900/900/900 899/899/899 922/922/922 
f 922/922/922 978/978/978 900/900/900 
f 983/983/983 980/980/980 928/928/928 
f 928/928/928 927/927/927 983/983/983 
f 984/984/984 985/985/985 982/982/982 
f 982/982/982 981/981/981 984/984/984 
f 929/929/929 977/977/977 982/982/982 
f 982/982/982 926/926/926 929/929/929 
f 983/983/983 927/927/927 932/932/932 
f 932/932/932 987/987/987 983/983/983 
f 988/988/988 989/989/989 985/985/985 
f 985/985/985 984/984/984 988/988/988 
f 926/926/926 982/982/982 985/985/985 
f 985/985/985 930/930/930 926/926/926 
f 990/990/990 991/991/991 987/987/987 
f 930/930/930 985/985/985 989/989/989 
f 989/989/989 931/931/931 930/930/930 
f 989/989/989 992/992/992 933/933/933 
f 933/933/933 931/931/931 989/989/989 
f 869/869/869 868/868/868 993/993/993 
f 993/993/993 920/920/920 869/869/869 
f 994/994/994 988/988/988 984/984/984 
f 984/984/984 993/993/993 994/994/994 
f 989/989/989 988/988/988 995/995/995 
f 995/995/995 992/992/992 989/989/989 
f 905/905/905 913/913/913 917/917/917 
f 917/917/917 919/919/919 905/905/905 
f 994/994/994 993/993/993 868/868/868 
f 868/868/868 918/918/918 994/994/994 
f 872/872/872 871/871/871 972/972/972 
f 972/972/972 971/971/971 872/872/872 
f 997/997/997 995/995/995 988/988/988 
f 988/988/988 994/994/994 997/997/997 
f 998/998/998 999/999/999 1000/1000/1000 
f 1000/1000/1000 1001/1001/1001 998/998/998 
f 1002/1002/1002 997/997/997 994/994/994 
f 994/994/994 918/918/918 1002/1002/1002 
f 1003/1003/1003 1004/1004/1004 1005/1005/1005 
f 925/925/925 975/975/975 977/977/977 
f 977/977/977 929/929/929 925/925/925 
f 1006/1006/1006 1007/1007/1007 1008/1008/1008 
f 1008/1008/1008 1009/1009/1009 1006/1006/1006 
f 952/952/952 1006/1006/1006 1002/1002/1002 
f 1002/1002/1002 918/918/918 952/952/952 
f 981/981/981 871/871/871 870/870/870 
f 870/870/870 920/920/920 981/981/981 
f 1009/1009/1009 1010/1010/1010 1002/1002/1002 
f 1002/1002/1002 1006/1006/1006 1009/1009/1009 
f 1000/1000/1000 1012/1012/1012 1013/1013/1013 
f 1013/1013/1013 1001/1001/1001 1000/1000/1000 
f 915/915/915 998/998/998 1001/1001/1001 
f 1001/1001/1001 916/916/916 915/915/915 
f 1014/1014/1014 1007/1007/1007 1006/1006/1006 
f 1006/1006/1006 952/952/952 1014/1014/1014 
f 1013/1013/1013 1012/1012/1012 1015/1015/1015 
f 1015/1015/1015 1016/1016/1016 1013/1013/1013 
f 1013/1013/1013 910/910/910 916/916/916 
f 916/916/916 1001/1001/1001 1013/1013/1013 
f 993/993/993 984/984/984 981/981/981 
f 981/981/981 920/920/920 993/993/993 
f 909/909/909 1014/1014/1014 952/952/952 
f 952/952/952 913/913/913 909/909/909 
f 1016/1016/1016 1015/1015/1015 1007/1007/1007 
f 1007/1007/1007 1014/1014/1014 1016/1016/1016 
f 1016/1016/1016 911/911/911 910/910/910 
f 910/910/910 1013/1013/1013 1016/1016/1016 
f 921/921/921 920/920/920 884/884/884 
f 884/884/884 967/967/967 921/921/921 
f 911/911/911 1016/1016/1016 1014/1014/1014 
f 1014/1014/1014 909/909/909 911/911/911 
f 1012/1012/1012 1018/1018/1018 1019/1019/1019 
f 1018/1018/1018 1012/1012/1012 1000/1000/1000 
f 1000/1000/1000 999/999/999 1018/1018/1018 
f 873/873/873 872/872/872 971/971/971 
f 1021/1021/1021 1020/1020/1020 1022/1022/1022 
f 941/941/941 1022/1022/1022 1020/1020/1020 
f 1020/1020/1020 943/943/943 941/941/941 
f 1022/1022/1022 941/941/941 937/937/937 
f 937/937/937 1023/1023/1023 1022/1022/1022 
f 1022/1022/1022 855/855/855 873/873/873 
f 873/873/873 1021/1021/1021 1022/1022/1022 
f 1023/1023/1023 856/856/856 855/855/855 
f 855/855/855 1022/1022/1022 1023/1023/1023 

g Handle3

v -354.91 3.25845 13.9329 
v -354.917 3.35886 13.9256 
v -354.992 3.17076 13.8957 
v -355.025 2.9822 12.922 
v -354.882 3.08841 12.8576 
v -354.902 2.80665 12.7977 
v -354.363 4.32806 14.0913 
v -354.429 4.35649 14.1063 
v -354.351 2.69928 12.4836 
v -354.423 3.18183 12.0166 
v -354.692 2.89035 12.7392 
v -354.791 2.76763 12.705 
v -354.692 2.89035 12.7392 
v -354.608 2.92531 12.6941 
v -354.707 2.84176 12.6462 
v -354.738 4.63615 13.0845 
v -354.661 4.58633 13.0051 
v -354.729 4.61676 13.0088 
v -354.744 4.6093 13.1747 
v -354.678 4.58074 13.1987 
v -354.445 4.44173 14.0327 
v -354.46 4.46347 13.9385 
v -354.395 4.43856 13.8981 
v -354.842 3.4129 14.0611 
v -354.748 3.45865 13.9957 
v -354.822 3.33115 13.9448 
v -354.907 3.25682 14.0021 
v -354.822 3.33115 13.9448 
v -354.999 2.57622 13.9132 
v -354.923 2.322 13.9211 
v -354.937 2.53204 13.9847 
v -355.204 2.85134 13.3258 
v -355.182 2.5774 13.3978 
v -355.209 2.85883 13.4162 
v -355.153 2.77226 13.6491 
v -355.104 2.46761 13.6871 
v -355.122 2.71671 13.7255 
v -355.149 2.77348 13.0948 
v -355.139 2.53208 13.1295 
v -355.18 2.82463 13.191 
v -355.192 2.83977 13.5089 
v -355.169 3.11828 13.557 
v -355.1 3.34692 13.5891 
v -355.147 3.35167 13.4568 
v -355.194 3.13492 13.4391 
v -355.065 3.50118 13.298 
v -355.134 3.37747 13.3265 
v -355.064 3.56756 13.3374 
v -354.956 3.62377 13.286 
v -355.065 3.49823 13.2691 
v -354.949 3.6031 13.2766 
v -355.074 3.56323 13.2239 
v -355.133 3.37173 13.2248 
v -355.016 3.45077 13.6312 
v -355.028 3.53043 13.6043 
v -354.916 3.23172 13.955 
v -354.965 3.10812 13.9735 
v -354.894 3.55622 13.6446 
v -355.003 3.43744 13.647 
v -354.993 3.49142 13.7 
v -355.146 2.09068 13.3766 
v -355.107 2.10416 13.1505 
v -355.062 1.77977 13.1513 
v -355.111 1.75497 13.3685 
v -354.646 2.93268 12.5987 
v -354.463 3.30512 12.1027 
v -354.514 3.27748 12.2197 
v -354.435 3.20759 12.4221 
v -354.506 3.25021 12.0655 
v -354.555 3.20162 12.1422 
v -354.544 3.20072 12.3539 
v -354.435 3.20759 12.4221 
v -354.471 3.21517 12.0299 
v -354.515 3.12144 12.0751 
v -354.588 3.11294 12.2543 
v -354.799 4.50983 12.9676 
v -354.683 2.82666 12.5064 
v -354.73 2.69758 12.565 
v -354.544 3.0183 12.1727 
v -354.615 3.02988 12.3625 
v -354.58 3.10618 12.4585 
v -354.816 4.50238 13.1957 
v -354.848 4.53487 13.0799 
v -354.871 4.35676 12.9544 
v -354.563 4.71672 13.6808 
v -354.492 4.66881 13.6831 
v -354.566 4.76343 13.5965 
v -354.572 2.9266 12.2733 
v -354.887 4.35041 13.1987 
v -354.922 4.38242 13.0688 
v -354.929 4.18193 12.9463 
v -354.567 4.75706 13.4992 
v -354.946 4.17679 13.2001 
v -354.986 4.19889 13.066 
v -354.861 3.93359 12.8928 
v -354.981 3.97549 12.9378 
v -354.651 4.66187 13.4534 
v -354.687 4.66941 13.584 
v -354.657 4.61818 13.6868 
v -355.019 3.77567 12.9401 
v -354.997 3.97641 13.2027 
v -355.041 3.99084 13.0624 
v -354.746 4.51364 13.4268 
v -354.787 4.52062 13.5694 
v -354.75 4.47711 13.6732 
v -354.803 2.51569 12.671 
v -354.636 2.58308 12.493 
v -355.052 3.54248 12.952 
v -355.033 3.78798 13.2096 
v -355.083 3.78911 13.0726 
v -354.836 4.33346 13.4023 
v -354.883 4.33566 13.5467 
v -354.837 4.3064 13.6555 
v -355.055 3.29335 12.9475 
v -355.115 3.55914 13.0817 
v -354.931 4.08541 13.3746 
v -354.975 4.0828 13.5239 
v -354.923 4.05885 13.6366 
v -354.548 4.37763 13.8933 
v -354.947 2.54811 12.8152 
v -354.558 4.34647 14.0266 
v -355.138 3.32552 13.0818 
v -354.998 3.8411 13.3564 
v -354.982 3.81011 13.6158 
v -355.042 3.82763 13.4969 
v -354.638 4.26048 13.868 
v -354.926 2.26848 12.8543 
v -354.33 2.23503 13.0185 
v -354.643 4.22406 14.0129 
v -355.143 3.05985 13.0758 
v -355.092 3.55865 13.4752 
v -354.725 4.12634 13.8374 
v -354.935 1.79754 13.0119 
v -355 2.06393 12.9981 
v -355.052 2.35973 12.9853 
v -355.077 2.63844 12.9844 
v -354.897 1.54799 13.0287 
v -354.733 4.0849 13.9829 
v -355.176 3.10825 13.2071 
v -354.822 3.94847 13.7919 
v -354.948 1.50425 13.1589 
v -354.971 1.48455 13.3785 
v -354.833 3.90597 13.9401 
v -354.761 3.83718 14.0232 
v -355.19 3.13093 13.3229 
v -354.911 3.74047 13.7498 
v -354.968 1.48244 13.6361 
v -355.07 1.72307 13.6317 
v -354.924 3.69337 13.8833 
v -354.846 3.62768 13.9757 
v -354.943 1.70168 13.8225 
v -354.929 1.5057 13.7962 
v -355.084 2.02688 13.6437 
v -354.996 3.44285 13.8317 
v -355.073 3.31037 13.6822 
v -354.93 1.96324 13.8494 
v -355.138 3.06678 13.6675 
v -355.057 3.23108 13.7972 
v -355.106 2.99916 13.7653 
v -354.398 3.86754 14.4794 
v -355.056 2.92815 13.8521 
v -355.079 2.65732 13.7947 
v -355.005 2.86047 13.9457 
v -354.938 2.80565 14.0356 
v -354.821 2.99838 14.1504 
v -354.676 3.00845 14.1571 
v -354.922 3.03325 14.0769 
v -354.8 3.15523 14.2052 
v -354.771 3.28788 14.2666 
v -354.892 3.19988 14.1212 
v -354.567 3.95136 14.3332 
v -354.501 3.916 14.2601 
v -354.581 3.90515 14.4513 
v -354.616 3.69335 14.4611 
v -354.733 3.41901 14.329 
v -354.85 3.34279 14.1858 
v -354.664 3.83217 14.2645 
v -354.68 3.77838 14.3964 
v -354.683 3.56429 14.3968 
v -354.805 3.48638 14.2508 
v -354.79 3.55344 14.1237 
v -354.702 3.56677 14.0466 
v -354.733 3.6985 14.1944 
v -354.642 3.70401 14.1238 
v -354.753 3.63628 14.3223 
v -354.593 3.04067 12.5352 
v -354.481 2.66254 12.4092 
v -354.621 2.7196 12.4227 
v -354.59 2.82816 12.3503 
v -354.643 2.93477 12.4364 

vn -0.354331 0.0393701 0.937008 
vn -0.488189 0.0393701 0.874016 
vn -0.787402 0.204724 0.582677 
vn -0.661417 0.0393701 -0.748031 
vn -0.456693 0.0787402 -0.889764 
vn -0.606299 0.188976 -0.779528 
vn 0.141732 -0.0393701 0.992126 
vn 0.181102 -0.102362 0.976378 
vn 0.818898 -0.496063 -0.275591 
vn 0.110236 0.362205 -0.92126 
vn -0.267717 0.472441 -0.84252 
vn -0.685039 0.322835 -0.653543 
vn -0.267717 0.472441 -0.84252 
vn -0.480315 0.795276 -0.362205 
vn -0.795276 0.559055 -0.244094 
vn 0.283465 0.913386 -0.299213 
vn 0.299213 0.913386 -0.275591 
vn 0.385827 0.905512 -0.188976 
vn 0.165354 0.897638 0.401575 
vn 0.204724 0.866142 0.456693 
vn 0.283465 0.850394 0.440945 
vn 0.283465 0.96063 0.0551181 
vn 0.338583 0.944882 -0.0393701 
vn -0.700787 0.527559 -0.488189 
vn 0.023622 0.417323 -0.905512 
vn -0.708661 0.511811 -0.480315 
vn -0.897638 0.448819 0 
vn -0.708661 0.511811 -0.480315 
vn -0.826772 -0.149606 0.543307 
vn -0.598425 -0.212598 0.771654 
vn -0.661417 -0.204724 0.724409 
vn -0.992126 -0.0314961 -0.11811 
vn -0.992126 -0.102362 0.0393701 
vn -1 -0.023622 0.0629921 
vn -0.952756 -0.0472441 0.291339 
vn -0.92126 -0.125984 0.377953 
vn -0.913386 -0.0708661 0.401575 
vn -0.905512 -0.0393701 -0.417323 
vn -0.944882 -0.0866142 -0.307087 
vn -0.976378 -0.0393701 -0.220472 
vn -0.976378 -0.0393701 0.220472 
vn -0.952756 0.133858 0.283465 
vn -0.866142 0.283465 0.409449 
vn -0.96063 0.228346 0.133858 
vn -0.984252 0.125984 0.0944882 
vn -0.818898 0.496063 -0.283465 
vn -0.952756 0.307087 -0.0787402 
vn -0.80315 0.330709 -0.496063 
vn -0.551181 0.448819 -0.700787 
vn -0.708661 0.330709 0.622047 
vn 0.220472 0.023622 0.976378 
vn -0.779528 0.283465 0.559055 
vn -0.968504 0.244094 0.0393701 
vn -0.637795 0.370079 0.677165 
vn -0.645669 0.188976 0.740157 
vn -0.818898 0.496063 0.291339 
vn -0.889764 0.188976 0.425197 
vn -0.645669 0.582677 -0.496063 
vn -0.645669 0.582677 -0.496063 
vn -0.866142 0.440945 -0.244094 
vn -0.992126 -0.0944882 0.015748 
vn -0.929134 -0.11811 -0.354331 
vn -0.874016 -0.220472 -0.425197 
vn -0.96063 -0.259843 -0.0393701 
vn -0.80315 0.574803 0.15748 
vn -0.0551181 0.795276 -0.606299 
vn -0.385827 0.905512 0.173228 
vn 0.330709 0.566929 0.755906 
vn -0.220472 0.614173 -0.755906 
vn -0.80315 0.582677 -0.11811 
vn -0.401575 0.818898 0.417323 
vn 0.330709 0.566929 0.755906 
vn -0.102362 0.496063 -0.866142 
vn -0.661417 -0.299213 -0.692913 
vn -0.92126 0.385827 0.015748 
vn 0.00787402 0.330709 -0.944882 
vn -0.92126 0.173228 -0.346457 
vn -0.834646 0.0551181 -0.543307 
vn -0.905512 -0.15748 -0.393701 
vn -0.937008 0.354331 0.0472441 
vn -0.929134 0.354331 0.0629921 
vn -0.259843 0.330709 0.905512 
vn -0.834646 0.543307 -0.0393701 
vn -0.220472 0.220472 -0.952756 
vn 0.370079 0.771654 0.519685 
vn 0.850394 0.377953 0.354331 
vn 0.307087 0.929134 0.204724 
vn -0.92126 -0.141732 -0.362205 
vn -0.409449 0.220472 0.889764 
vn -0.826772 0.409449 -0.393701 
vn -0.322835 0.15748 -0.929134 
vn 0.370079 0.913386 -0.165354 
vn -0.464567 0.165354 0.866142 
vn -0.866142 0.299213 -0.401575 
vn 0.409449 -0.0314961 -0.913386 
vn -0.362205 0.102362 -0.929134 
vn -0.133858 0.511811 -0.850394 
vn -0.76378 0.622047 0.15748 
vn -0.669291 0.559055 0.488189 
vn -0.385827 0.0393701 -0.92126 
vn -0.480315 0.125984 0.866142 
vn -0.889764 0.204724 -0.409449 
vn -0.346457 0.385827 -0.858268 
vn -0.755906 0.456693 0.464567 
vn -0.755906 0.456693 0.464567 
vn -0.685039 -0.141732 -0.716535 
vn -0.433071 -0.417323 -0.795276 
vn -0.685039 0.0551181 -0.724409 
vn -0.472441 0.125984 0.874016 
vn -0.984252 0.15748 -0.0629921 
vn -0.417323 0.322835 -0.850394 
vn -0.818898 0.370079 0.440945 
vn -0.818898 0.370079 0.440945 
vn -0.661417 0.023622 -0.755906 
vn -0.984252 0.149606 -0.11811 
vn -0.464567 0.23622 -0.858268 
vn -0.850394 0.267717 0.456693 
vn -0.850394 0.267717 0.448819 
vn -0.299213 0.645669 -0.700787 
vn -0.740157 -0.023622 -0.669291 
vn -0.700787 0.519685 0.496063 
vn -0.952756 0.0787402 -0.291339 
vn -0.488189 0.188976 -0.850394 
vn -0.866142 0.173228 0.464567 
vn -0.968504 0.204724 0.133858 
vn -0.511811 0.535433 -0.669291 
vn -0.661417 -0.244094 -0.708661 
vn 0.944882 -0.181102 -0.259843 
vn -0.574803 0.275591 0.771654 
vn -0.897638 0 -0.433071 
vn -0.96063 0.23622 0.15748 
vn -0.566929 0.496063 -0.653543 
vn -0.472441 -0.204724 -0.858268 
vn -0.708661 -0.19685 -0.677165 
vn -0.834646 -0.11811 -0.535433 
vn -0.834646 -0.0314961 -0.551181 
vn -0.0787402 -0.0866142 -0.992126 
vn -0.598425 0.228346 0.771654 
vn -0.984252 0.0708661 -0.173228 
vn -0.598425 0.440945 -0.669291 
vn -0.874016 -0.401575 -0.275591 
vn -0.897638 -0.448819 -0.0393701 
vn -0.653543 0.188976 0.732283 
vn -0.677165 0.15748 0.724409 
vn -0.984252 0.125984 -0.0866142 
vn -0.84252 0.385827 -0.370079 
vn -0.92126 -0.322835 0.212598 
vn -0.92126 -0.220472 0.322835 
vn -0.889764 0.228346 0.393701 
vn -0.716535 0.0944882 0.692913 
vn -0.88189 -0.244094 0.401575 
vn -0.96063 -0.102362 0.251969 
vn -0.913386 -0.0787402 0.393701 
vn -0.88189 0.19685 0.433071 
vn -0.905512 0.307087 0.291339 
vn -0.818898 -0.0393701 0.574803 
vn -0.937008 0.110236 0.330709 
vn -0.866142 0.173228 0.472441 
vn -0.889764 0.0629921 0.448819 
vn 0.779528 0.338583 0.527559 
vn -0.866142 0.0393701 0.503937 
vn -0.874016 -0.102362 0.480315 
vn -0.850394 -0.015748 0.519685 
vn -0.692913 -0.11811 0.716535 
vn -0.362205 -0.204724 0.905512 
vn 0.669291 -0.19685 0.716535 
vn -0.779528 -0.023622 0.629921 
vn -0.110236 -0.362205 0.92126 
vn -0.181102 -0.393701 0.897638 
vn -0.866142 0.0629921 0.496063 
vn -0.251969 0.771654 -0.582677 
vn 0.314961 0.480315 -0.818898 
vn -0.645669 0.488189 0.582677 
vn -0.0393701 -0.307087 0.952756 
vn -0.19685 -0.370079 0.913386 
vn -0.755906 -0.102362 0.645669 
vn -0.464567 0.653543 -0.598425 
vn -0.637795 0.165354 0.755906 
vn -0.173228 -0.354331 0.92126 
vn -0.779528 -0.0393701 0.629921 
vn -0.653543 0.511811 -0.551181 
vn 0.0551181 0.448819 -0.889764 
vn -0.559055 0.566929 -0.606299 
vn 0.149606 0.456693 -0.88189 
vn -0.76378 0 0.645669 
vn -0.472441 0.677165 0.566929 
vn 0.102362 -0.629921 -0.76378 
vn -0.606299 -0.299213 -0.732283 
vn -0.433071 -0.535433 -0.724409 
vn -0.913386 -0.0866142 -0.401575 

vt 0.236115 0.456758 
vt 0.238585 0.42592 
vt 0.248377 0.484705 
vt 0.633342 0.541602 
vt 0.658372 0.509225 
vt 0.683641 0.596438 
vt 0.172175 0.127766 
vt 0.165951 0.118648 
vt 0.815393 0.625208 
vt 1 0.482274 
vt 0.706911 0.572473 
vt 0.722326 0.609244 
vt 0.706911 0.572473 
vt 0.729119 0.563718 
vt 0.749551 0.587928 
vt 0.570964 0.0389943 
vt 0.60342 0.0542952 
vt 0.602627 0.0449005 
vt 0.539973 0.0471431 
vt 0.530681 0.0557241 
vt 0.191526 0.0983193 
vt 0.226667 0.0923204 
vt 0.242336 0.0998739 
vt 0.172435 0.412321 
vt 0.195606 0.397594 
vt 0.219758 0.437332 
vt 0.200396 0.459775 
vt 0.219758 0.437332 
vt 0.240939 0.665129 
vt 0.239582 0.742821 
vt 0.213344 0.678361 
vt 0.474354 0.58136 
vt 0.446342 0.665058 
vt 0.439074 0.579107 
vt 0.346233 0.60555 
vt 0.331502 0.698632 
vt 0.316075 0.622465 
vt 0.565819 0.605223 
vt 0.552607 0.679075 
vt 0.528284 0.589515 
vt 0.402647 0.584863 
vt 0.38362 0.500389 
vt 0.371598 0.431087 
vt 0.423116 0.429289 
vt 0.429986 0.49523 
vt 0.484309 0.385014 
vt 0.474382 0.421849 
vt 0.466566 0.363613 
vt 0.485771 0.347072 
vt 0.503384 0.384905 
vt 0.503244 0.350809 
vt 0.521263 0.36465 
vt 0.516653 0.423223 
vt 0.356653 0.399724 
vt 0.368094 0.374144 
vt 0.221905 0.467772 
vt 0.21546 0.503849 
vt 0.341661 0.368643 
vt 0.340685 0.405122 
vt 0.321199 0.387672 
vt 0.454757 0.814592 
vt 0.543672 0.810308 
vt 0.542789 0.909308 
vt 0.457635 0.916684 
vt 0.772153 0.560101 
vt 0.967556 0.447068 
vt 0.926353 0.456234 
vt 0.848796 0.475619 
vt 0.981448 0.462821 
vt 0.955459 0.477549 
vt 0.87375 0.479276 
vt 0.848796 0.475619 
vt 0.995043 0.472858 
vt 0.978081 0.496757 
vt 0.910998 0.503576 
vt 0.613241 0.0742135 
vt 0.805581 0.590196 
vt 0.780142 0.629115 
vt 0.94085 0.529308 
vt 0.867245 0.528893 
vt 0.828359 0.505459 
vt 0.535562 0.0765002 
vt 0.574916 0.0678288 
vt 0.618538 0.120547 
vt 0.335211 0.0133792 
vt 0.332944 0.0256735 
vt 0.366929 0 
vt 0.900202 0.557568 
vt 0.534194 0.122497 
vt 0.576556 0.113827 
vt 0.622028 0.173855 
vt 0.403445 0.00185883 
vt 0.533423 0.175483 
vt 0.57766 0.169519 
vt 0.643898 0.248969 
vt 0.625469 0.236921 
vt 0.416512 0.0286294 
vt 0.371611 0.0269889 
vt 0.332511 0.0423383 
vt 0.624586 0.297905 
vt 0.532367 0.236783 
vt 0.579045 0.232837 
vt 0.427253 0.0733811 
vt 0.380036 0.0716722 
vt 0.337838 0.0850348 
vt 0.735667 0.68377 
vt 0.80736 0.66138 
vt 0.621357 0.36962 
vt 0.529623 0.294656 
vt 0.577725 0.294503 
vt 0.437291 0.128333 
vt 0.389063 0.127945 
vt 0.344873 0.136932 
vt 0.622923 0.445943 
vt 0.573566 0.365085 
vt 0.448489 0.203984 
vt 0.398473 0.204979 
vt 0.35262 0.212334 
vt 0.238926 0.11675 
vt 0.677418 0.67454 
vt 0.194434 0.125545 
vt 0.57213 0.4364 
vt 0.455924 0.27873 
vt 0.361166 0.288151 
vt 0.406824 0.282961 
vt 0.249463 0.152053 
vt 0.661207 0.759065 
vt 0.598096 0.769728 
vt 0.202276 0.161642 
vt 0.573399 0.517512 
vt 0.415862 0.365767 
vt 0.262003 0.193009 
vt 0.595923 0.903949 
vt 0.603 0.822179 
vt 0.609377 0.731814 
vt 0.609581 0.646746 
vt 0.587988 0.981317 
vt 0.214449 0.204093 
vt 0.522133 0.503082 
vt 0.2804 0.247299 
vt 0.540884 0.992816 
vt 0.453541 0.998578 
vt 0.231547 0.258805 
vt 0.197673 0.279737 
vt 0.475771 0.496456 
vt 0.299936 0.310844 
vt 0.350882 1 
vt 0.353573 0.926723 
vt 0.251886 0.324341 
vt 0.216751 0.343695 
vt 0.276656 0.933147 
vt 0.286115 0.994211 
vt 0.349252 0.834285 
vt 0.273161 0.40109 
vt 0.332779 0.442456 
vt 0.267128 0.854072 
vt 0.339081 0.516061 
vt 0.287494 0.465987 
vt 0.300283 0.53654 
vt 0.0106245 0.271527 
vt 0.265455 0.558203 
vt 0.288581 0.640513 
vt 0.22753 0.578651 
vt 0.192593 0.594858 
vt 0.147446 0.535136 
vt 0.143179 0.532091 
vt 0.17509 0.525536 
vt 0.125325 0.485994 
vt 0.100171 0.44506 
vt 0.15601 0.474892 
vt 0.0610508 0.248443 
vt 0.0888529 0.257515 
vt 0.0225094 0.260896 
vt 0.021548 0.32106 
vt 0.0749279 0.404929 
vt 0.130957 0.429986 
vt 0.0888567 0.284326 
vt 0.0462338 0.297845 
vt 0.0474147 0.360409 
vt 0.104384 0.38627 
vt 0.146452 0.36906 
vt 0.175045 0.364581 
vt 0.117296 0.324846 
vt 0.143723 0.322476 
vt 0.0754818 0.340474 
vt 0.801304 0.527562 
vt 0.841692 0.635669 
vt 0.836453 0.620177 
vt 0.865938 0.585384 
vt 0.833586 0.555397 

usemtl Handle2Mtl

f 1038/1038/1038 1035/1035/1035 1034/1034/1034 
f 1047/1047/1047 1048/1048/1048 1049/1049/1049 
f 1049/1049/1049 1050/1050/1050 1047/1047/1047 
f 1052/1052/1052 1053/1053/1053 1054/1054/1054 
f 1055/1055/1055 1056/1056/1056 1057/1057/1057 
f 1058/1058/1058 1059/1059/1059 1060/1060/1060 
f 1061/1061/1061 1062/1062/1062 1063/1063/1063 
f 1057/1057/1057 1056/1056/1056 1064/1064/1064 
f 1065/1065/1065 1066/1066/1066 1067/1067/1067 
f 1067/1067/1067 1068/1068/1068 1065/1065/1065 
f 1069/1069/1069 1070/1070/1070 1071/1071/1071 
f 1076/1076/1076 1073/1073/1073 1075/1075/1075 
f 1079/1079/1079 1080/1080/1080 1050/1050/1050 
f 1081/1081/1081 1082/1082/1082 1083/1083/1083 
f 1084/1084/1084 1085/1085/1085 1086/1086/1086 
f 1086/1086/1086 1087/1087/1087 1084/1084/1084 
f 1088/1088/1088 1038/1038/1038 1037/1037/1037 
f 1089/1089/1089 1092/1092/1092 1093/1093/1093 
f 1093/1093/1093 1090/1090/1090 1089/1089/1089 
f 1092/1092/1092 1096/1096/1096 1097/1097/1097 
f 1097/1097/1097 1093/1093/1093 1092/1092/1092 
f 1098/1098/1098 1094/1094/1094 1090/1090/1090 
f 1090/1090/1090 1093/1093/1093 1098/1098/1098 
f 1038/1038/1038 1088/1088/1088 1100/1100/1100 
f 1100/1100/1100 1101/1101/1101 1038/1038/1038 
f 1093/1093/1093 1097/1097/1097 1102/1102/1102 
f 1102/1102/1102 1098/1098/1098 1093/1093/1093 
f 1103/1103/1103 1104/1104/1104 1094/1094/1094 
f 1094/1094/1094 1098/1098/1098 1103/1103/1103 
f 1041/1041/1041 1099/1099/1099 1106/1106/1106 
f 1098/1098/1098 1102/1102/1102 1111/1111/1111 
f 1111/1111/1111 1103/1103/1103 1098/1098/1098 
f 1106/1106/1106 1105/1105/1105 1042/1042/1042 
f 1042/1042/1042 1039/1039/1039 1106/1106/1106 
f 1099/1099/1099 1107/1107/1107 1113/1113/1113 
f 1113/1113/1113 1106/1106/1106 1099/1099/1099 
f 1113/1113/1113 1112/1112/1112 1105/1105/1105 
f 1105/1105/1105 1106/1106/1106 1113/1113/1113 
f 1117/1117/1117 1113/1113/1113 1107/1107/1107 
f 1107/1107/1107 1114/1114/1114 1117/1117/1117 
f 1121/1121/1121 1122/1122/1122 1108/1108/1108 
f 1117/1117/1117 1116/1116/1116 1112/1112/1112 
f 1112/1112/1112 1113/1113/1113 1117/1117/1117 
f 1114/1114/1114 1119/1119/1119 1125/1125/1125 
f 1125/1125/1125 1117/1117/1117 1114/1114/1114 
f 1127/1127/1127 1128/1128/1128 1122/1122/1122 
f 1122/1122/1122 1121/1121/1121 1127/1127/1127 
f 1129/1129/1129 1101/1101/1101 1130/1130/1130 
f 1123/1123/1123 1133/1133/1133 1125/1125/1125 
f 1125/1125/1125 1119/1119/1119 1123/1123/1123 
f 1125/1125/1125 1124/1124/1124 1116/1116/1116 
f 1116/1116/1116 1117/1117/1117 1125/1125/1125 
f 1120/1120/1120 1126/1126/1126 1127/1127/1127 
f 1127/1127/1127 1121/1121/1121 1120/1120/1120 
f 1127/1127/1127 1135/1135/1135 1136/1136/1136 
f 1136/1136/1136 1128/1128/1128 1127/1127/1127 
f 1131/1131/1131 1138/1138/1138 1133/1133/1133 
f 1133/1133/1133 1123/1123/1123 1131/1131/1131 
f 1133/1133/1133 1132/1132/1132 1124/1124/1124 
f 1124/1124/1124 1125/1125/1125 1133/1133/1133 
f 1126/1126/1126 1134/1134/1134 1135/1135/1135 
f 1135/1135/1135 1127/1127/1127 1126/1126/1126 
f 1135/1135/1135 1140/1140/1140 1141/1141/1141 
f 1141/1141/1141 1136/1136/1136 1135/1135/1135 
f 1035/1035/1035 1129/1129/1129 1143/1143/1143 
f 1131/1131/1131 1137/1137/1137 1145/1145/1145 
f 1145/1145/1145 1138/1138/1138 1131/1131/1131 
f 1138/1138/1138 1075/1075/1075 1132/1132/1132 
f 1132/1132/1132 1133/1133/1133 1138/1138/1138 
f 1140/1140/1140 1135/1135/1135 1134/1134/1134 
f 1134/1134/1134 1139/1139/1139 1140/1140/1140 
f 1147/1147/1147 1141/1141/1141 1140/1140/1140 
f 1140/1140/1140 1148/1148/1148 1147/1147/1147 
f 1045/1045/1045 1142/1142/1142 1144/1144/1144 
f 1150/1150/1150 1143/1143/1143 1129/1129/1129 
f 1137/1137/1137 1027/1027/1027 1153/1153/1153 
f 1153/1153/1153 1145/1145/1145 1137/1137/1137 
f 1076/1076/1076 1075/1075/1075 1138/1138/1138 
f 1138/1138/1138 1145/1145/1145 1076/1076/1076 
f 1074/1074/1074 1073/1073/1073 1069/1069/1069 
f 1069/1069/1069 1072/1072/1072 1074/1074/1074 
f 1146/1146/1146 1148/1148/1148 1140/1140/1140 
f 1140/1140/1140 1139/1139/1139 1146/1146/1146 
f 1078/1078/1078 1147/1147/1147 1148/1148/1148 
f 1148/1148/1148 1154/1154/1154 1078/1078/1078 
f 1149/1149/1149 1152/1152/1152 1144/1144/1144 
f 1144/1144/1144 1142/1142/1142 1149/1149/1149 
f 1158/1158/1158 1159/1159/1159 1143/1143/1143 
f 1143/1143/1143 1150/1150/1150 1158/1158/1158 
f 1027/1027/1027 1159/1159/1159 1061/1061/1061 
f 1061/1061/1061 1153/1153/1153 1027/1027/1027 
f 1162/1162/1162 1076/1076/1076 1145/1145/1145 
f 1145/1145/1145 1153/1153/1153 1162/1162/1162 
f 1073/1073/1073 1076/1076/1076 1070/1070/1070 
f 1070/1070/1070 1069/1069/1069 1073/1073/1073 
f 1148/1148/1148 1146/1146/1146 1071/1071/1071 
f 1071/1071/1071 1154/1154/1154 1148/1148/1148 
f 1155/1155/1155 1161/1161/1161 1152/1152/1152 
f 1152/1152/1152 1149/1149/1149 1155/1155/1155 
f 1157/1157/1157 1158/1158/1158 1150/1150/1150 
f 1062/1062/1062 1159/1159/1159 1158/1158/1158 
f 1087/1087/1087 1086/1086/1086 1164/1164/1164 
f 1164/1164/1164 1165/1165/1165 1087/1087/1087 
f 1063/1063/1063 1162/1162/1162 1153/1153/1153 
f 1153/1153/1153 1061/1061/1061 1063/1063/1063 
f 1076/1076/1076 1162/1162/1162 1168/1168/1168 
f 1168/1168/1168 1070/1070/1070 1076/1076/1076 
f 1154/1154/1154 1071/1071/1071 1070/1070/1070 
f 1070/1070/1070 1067/1067/1067 1154/1154/1154 
f 1161/1161/1161 1155/1155/1155 1163/1163/1163 
f 1163/1163/1163 1166/1166/1166 1161/1161/1161 
f 1085/1085/1085 1062/1062/1062 1158/1158/1158 
f 1158/1158/1158 1157/1157/1157 1085/1085/1085 
f 1063/1063/1063 1062/1062/1062 1056/1056/1056 
f 1056/1056/1056 1055/1055/1055 1063/1063/1063 
f 1165/1165/1165 1170/1170/1170 1171/1171/1171 
f 1171/1171/1171 1087/1087/1087 1165/1165/1165 
f 1167/1167/1167 1166/1166/1166 1172/1172/1172 
f 1172/1172/1172 1173/1173/1173 1167/1167/1167 
f 1162/1162/1162 1063/1063/1063 1055/1055/1055 
f 1055/1055/1055 1168/1168/1168 1162/1162/1162 
f 1067/1067/1067 1070/1070/1070 1168/1168/1168 
f 1168/1168/1168 1068/1068/1068 1067/1067/1067 
f 1077/1077/1077 1082/1082/1082 1081/1081/1081 
f 1166/1166/1166 1163/1163/1163 1169/1169/1169 
f 1169/1169/1169 1172/1172/1172 1166/1166/1166 
f 1084/1084/1084 1056/1056/1056 1062/1062/1062 
f 1062/1062/1062 1085/1085/1085 1084/1084/1084 
f 1174/1174/1174 1171/1171/1171 1170/1170/1170 
f 1170/1170/1170 1175/1175/1175 1174/1174/1174 
f 1176/1176/1176 1084/1084/1084 1087/1087/1087 
f 1087/1087/1087 1171/1171/1171 1176/1176/1176 
f 1173/1173/1173 1172/1172/1172 1177/1177/1177 
f 1177/1177/1177 1025/1025/1025 1173/1173/1173 
f 1057/1057/1057 1068/1068/1068 1168/1168/1168 
f 1168/1168/1168 1055/1055/1055 1057/1057/1057 
f 1082/1082/1082 1077/1077/1077 1066/1066/1066 
f 1066/1066/1066 1178/1178/1178 1082/1082/1082 
f 1172/1172/1172 1169/1169/1169 1083/1083/1083 
f 1083/1083/1083 1177/1177/1177 1172/1172/1172 
f 1059/1059/1059 1056/1056/1056 1084/1084/1084 
f 1084/1084/1084 1176/1176/1176 1059/1059/1059 
f 1179/1179/1179 1176/1176/1176 1171/1171/1171 
f 1171/1171/1171 1174/1174/1174 1179/1179/1179 
f 1058/1058/1058 1064/1064/1064 1056/1056/1056 
f 1056/1056/1056 1059/1059/1059 1058/1058/1058 
f 1064/1064/1064 1065/1065/1065 1068/1068/1068 
f 1068/1068/1068 1057/1057/1057 1064/1064/1064 
f 1178/1178/1178 1066/1066/1066 1065/1065/1065 
f 1065/1065/1065 1180/1180/1180 1178/1178/1178 
f 1177/1177/1177 1083/1083/1083 1178/1178/1178 
f 1178/1178/1178 1181/1181/1181 1177/1177/1177 
f 1053/1053/1053 1059/1059/1059 1176/1176/1176 
f 1176/1176/1176 1179/1179/1179 1053/1053/1053 
f 1180/1180/1180 1065/1065/1065 1064/1064/1064 
f 1064/1064/1064 1058/1058/1058 1180/1180/1180 
f 1181/1181/1181 1178/1178/1178 1180/1180/1180 
f 1180/1180/1180 1182/1182/1182 1181/1181/1181 
f 1029/1029/1029 1143/1143/1143 1159/1159/1159 
f 1159/1159/1159 1027/1027/1027 1029/1029/1029 
f 1182/1182/1182 1180/1180/1180 1058/1058/1058 
f 1058/1058/1058 1060/1060/1060 1182/1182/1182 
f 1024/1024/1024 1079/1079/1079 1049/1049/1049 
f 1184/1184/1184 1182/1182/1182 1060/1060/1060 
f 1060/1060/1060 1185/1185/1185 1184/1184/1184 
f 1052/1052/1052 1185/1185/1185 1059/1059/1059 
f 1059/1059/1059 1053/1053/1053 1052/1052/1052 
f 1079/1079/1079 1024/1024/1024 1026/1026/1026 
f 1026/1026/1026 1080/1080/1080 1079/1079/1079 
f 1186/1186/1186 1184/1184/1184 1185/1185/1185 
f 1185/1185/1185 1052/1052/1052 1186/1186/1186 
f 1187/1187/1187 1186/1186/1186 1052/1052/1052 
f 1052/1052/1052 1054/1054/1054 1187/1187/1187 
f 1080/1080/1080 1026/1026/1026 1184/1184/1184 
f 1184/1184/1184 1186/1186/1186 1080/1080/1080 
f 1190/1190/1190 1080/1080/1080 1186/1186/1186 
f 1186/1186/1186 1187/1187/1187 1190/1190/1190 
f 1188/1188/1188 1191/1191/1191 1193/1193/1193 
f 1080/1080/1080 1190/1190/1190 1193/1193/1193 
f 1193/1193/1193 1050/1050/1050 1080/1080/1080 
f 1191/1191/1191 1192/1192/1192 1199/1199/1199 
f 1199/1199/1199 1193/1193/1193 1191/1191/1191 
f 1066/1066/1066 1078/1078/1078 1154/1154/1154 
f 1154/1154/1154 1067/1067/1067 1066/1066/1066 
f 1178/1178/1178 1083/1083/1083 1082/1082/1082 
f 1193/1193/1193 1199/1199/1199 1047/1047/1047 
f 1047/1047/1047 1050/1050/1050 1193/1193/1193 
f 1192/1192/1192 1198/1198/1198 1203/1203/1203 
f 1203/1203/1203 1199/1199/1199 1192/1192/1192 
f 1048/1048/1048 1047/1047/1047 1204/1204/1204 
f 1204/1204/1204 1205/1205/1205 1048/1048/1048 
f 1201/1201/1201 1196/1196/1196 1194/1194/1194 
f 1194/1194/1194 1200/1200/1200 1201/1201/1201 
f 1202/1202/1202 1197/1197/1197 1201/1201/1201 
f 1201/1201/1201 1208/1208/1208 1202/1202/1202 
f 1198/1198/1198 1202/1202/1202 1208/1208/1208 
f 1208/1208/1208 1203/1203/1203 1198/1198/1198 
f 1199/1199/1199 1203/1203/1203 1204/1204/1204 
f 1204/1204/1204 1047/1047/1047 1199/1199/1199 
f 1204/1204/1204 1206/1206/1206 1207/1207/1207 
f 1207/1207/1207 1205/1205/1205 1204/1204/1204 
f 1208/1208/1208 1201/1201/1201 1200/1200/1200 
f 1200/1200/1200 1206/1206/1206 1208/1208/1208 
f 1203/1203/1203 1208/1208/1208 1206/1206/1206 
f 1206/1206/1206 1204/1204/1204 1203/1203/1203 
f 1182/1182/1182 1184/1184/1184 1026/1026/1026 
f 1026/1026/1026 1181/1181/1181 1182/1182/1182 
f 1059/1059/1059 1185/1185/1185 1060/1060/1060 
f 1101/1101/1101 1129/1129/1129 1035/1035/1035 
f 1035/1035/1035 1038/1038/1038 1101/1101/1101 
f 1181/1181/1181 1026/1026/1026 1025/1025/1025 
f 1025/1025/1025 1177/1177/1177 1181/1181/1181 
f 1061/1061/1061 1159/1159/1159 1062/1062/1062 
f 1086/1086/1086 1085/1085/1085 1157/1157/1157 
f 1157/1157/1157 1156/1156/1156 1086/1086/1086 
f 1086/1086/1086 1156/1156/1156 1160/1160/1160 
f 1160/1160/1160 1164/1164/1164 1086/1086/1086 
f 1101/1101/1101 1100/1100/1100 1211/1211/1211 
f 1211/1211/1211 1130/1130/1130 1101/1101/1101 
f 1103/1103/1103 1111/1111/1111 1212/1212/1212 
f 1212/1212/1212 1213/1213/1213 1103/1103/1103 
f 1104/1104/1104 1103/1103/1103 1213/1213/1213 
f 1213/1213/1213 1209/1209/1209 1104/1104/1104 
f 1088/1088/1088 1209/1209/1209 1213/1213/1213 
f 1213/1213/1213 1100/1100/1100 1088/1088/1088 
f 1100/1100/1100 1213/1213/1213 1212/1212/1212 
f 1212/1212/1212 1211/1211/1211 1100/1100/1100 

g Handle4

v -354.351 2.69928 12.4836 
v -354.423 3.18183 12.0166 
v -354.686 3.57917 13.6392 
v -354.586 3.51785 13.7448 
v -354.691 1.85733 12.9614 
v -354.715 2.03173 12.854 
v -354.492 2.01612 12.941 
v -354.552 2.07743 12.8415 
v -354.492 1.79615 13.1672 
v -354.31 3.09995 12.1013 
v -354.297 2.96971 12.2005 
v -354.6 4.33591 13.1127 
v -354.733 4.44563 13.2413 
v -354.641 4.4185 13.2138 
v -354.544 3.0183 12.1727 
v -354.417 2.9626 12.1416 
v -354.572 2.9266 12.2733 
v -354.558 3.32417 13.9861 
v -354.45 2.85802 12.2397 
v -354.636 2.58308 12.493 
v -354.639 2.3936 12.6104 
v -354.48 2.54526 12.5081 
v -354.461 2.38378 12.6721 
v -354.458 2.16073 12.838 
v -354.33 2.23503 13.0185 
v -354.711 3.60841 13.5879 
v -354.897 1.54799 13.0287 
v -354.948 1.50425 13.1589 
v -354.971 1.48455 13.3785 
v -354.968 1.48244 13.6361 
v -354.929 1.5057 13.7962 
v -354.321 2.85328 12.2935 
v -354.481 2.66254 12.4092 
v -354.336 2.7826 12.3684 
v -354.457 2.76554 12.3251 
v -354.656 1.4818 13.6823 
v -354.736 1.50284 13.8272 
v -354.74 1.56174 13.0149 
v -354.639 1.51033 13.1651 
v -354.598 1.49687 13.4213 

vn 0.818898 -0.496063 -0.275591 
vn 0.110236 0.362205 -0.92126 
vn 0.748031 0.511811 -0.417323 
vn 0.850394 0.377953 -0.362205 
vn 0.204724 -0.425197 -0.88189 
vn -0.0944882 -0.551181 -0.826772 
vn 0.574803 -0.559055 -0.598425 
vn 0.299213 -0.637795 -0.708661 
vn 0.795276 -0.464567 -0.385827 
vn 0.866142 -0.133858 -0.480315 
vn 0.92126 -0.212598 -0.322835 
vn 0.96063 -0.19685 0.188976 
vn 0.251969 0.0787402 0.968504 
vn 0.291339 0 0.96063 
vn -0.905512 -0.15748 -0.393701 
vn 0.354331 -0.535433 -0.76378 
vn -0.92126 -0.141732 -0.362205 
vn 0.716535 0.685039 -0.0866142 
vn -0.456693 -0.574803 -0.677165 
vn -0.433071 -0.417323 -0.795276 
vn -0.188976 -0.519685 -0.834646 
vn 0.346457 -0.622047 -0.700787 
vn 0.622047 -0.511811 -0.598425 
vn 0.661417 -0.448819 -0.598425 
vn 0.944882 -0.181102 -0.259843 
vn 0.937008 0.125984 0.330709 
vn -0.0787402 -0.0866142 -0.992126 
vn -0.874016 -0.401575 -0.275591 
vn -0.897638 -0.448819 -0.0393701 
vn -0.92126 -0.322835 0.212598 
vn -0.96063 -0.102362 0.251969 
vn 0.307087 -0.692913 -0.653543 
vn 0.102362 -0.629921 -0.76378 
vn 0.322835 -0.716535 -0.614173 
vn 0.307087 -0.708661 -0.637795 
vn 0.874016 -0.456693 0.165354 
vn 0.84252 -0.204724 0.503937 
vn -0.11811 -0.11811 -0.984252 
vn 0.826772 -0.425197 -0.377953 
vn 0.88189 -0.472441 0 

vt 0.184607 0.102503 
vt 0 0.165239 
vt 0.65549 0.466717 
vt 0.697964 0.360017 
vt 0.383754 0.460022 
vt 0.339636 0.480689 
vt 0.373132 0.250783 
vt 0.333582 0.311053 
vt 0.463352 0.255759 
vt 0.0308654 0.0593915 
vt 0.0698825 0.0461402 
vt 0.436533 0.377235 
vt 0.482461 0.506969 
vt 0.471346 0.408008 
vt 0.0591495 0.275241 
vt 0.049533 0.164929 
vt 0.0997979 0.305595 
vt 0.793835 0.326004 
vt 0.0887255 0.183389 
vt 0.19264 0.386828 
vt 0.240692 0.395599 
vt 0.198004 0.233095 
vt 0.263845 0.218397 
vt 0.331271 0.216482 
vt 0.401904 0.0826829 
vt 0.628575 0.498233 
vt 0.412012 0.679686 
vt 0.459116 0.71783 
vt 0.546459 0.7423 
vt 0.649118 0.738036 
vt 0.713885 0.694965 
vt 0.110391 0.0585503 
vt 0.158308 0.229293 
vt 0.14053 0.0754629 
vt 0.123115 0.207198 
vt 0.668275 0.436656 
vt 0.724428 0.52333 
vt 0.406343 0.507292 
vt 0.462433 0.416793 
vt 0.563536 0.373807 

usemtl Handle2Mtl

f 1219/1219/1219 1221/1221/1221 1220/1220/1220 
f 1227/1227/1227 1226/1226/1226 1225/1225/1225 
f 1232/1232/1232 1230/1230/1230 1228/1228/1228 
f 1235/1235/1235 1236/1236/1236 1234/1234/1234 
f 1222/1222/1222 1218/1218/1218 1220/1220/1220 
f 1224/1224/1224 1245/1245/1245 1232/1232/1232 
f 1232/1232/1232 1229/1229/1229 1224/1224/1224 
f 1245/1245/1245 1247/1247/1247 1248/1248/1248 
f 1248/1248/1248 1232/1232/1232 1245/1245/1245 
f 1246/1246/1246 1248/1248/1248 1247/1247/1247 
f 1247/1247/1247 1214/1214/1214 1246/1246/1246 
f 1220/1220/1220 1221/1221/1221 1237/1237/1237 
f 1249/1249/1249 1250/1250/1250 1244/1244/1244 
f 1244/1244/1244 1243/1243/1243 1249/1249/1249 
f 1241/1241/1241 1240/1240/1240 1251/1251/1251 
f 1251/1251/1251 1252/1252/1252 1241/1241/1241 
f 1253/1253/1253 1249/1249/1249 1243/1243/1243 
f 1243/1243/1243 1242/1242/1242 1253/1253/1253 
f 1242/1242/1242 1241/1241/1241 1252/1252/1252 
f 1252/1252/1252 1253/1253/1253 1242/1242/1242 

g Handle5

v -354.91 3.25845 13.9329 
v -354.917 3.35886 13.9256 
v -354.992 3.17076 13.8957 
v -354.774 3.60557 13.2368 
v -354.804 3.85662 13.2364 
v -354.919 3.79694 13.2645 
v -354.949 3.6031 13.2766 
v -354.491 4.25864 14.1069 
v -354.413 4.198 14.1016 
v -354.363 4.32806 14.0913 
v -354.429 4.35649 14.1063 
v -354.692 2.89035 12.7392 
v -354.744 4.6093 13.1747 
v -354.678 4.58074 13.1987 
v -354.661 4.58633 13.0051 
v -354.678 4.58074 13.1987 
v -354.61 4.52139 13.1918 
v -354.445 4.44173 14.0327 
v -354.363 4.32806 14.0913 
v -354.304 4.28344 14.0333 
v -354.46 4.46347 13.9385 
v -354.345 4.14432 14.0148 
v -354.57 3.69041 13.9494 
v -354.617 3.42876 13.8827 
v -354.443 3.96588 14.0012 
v -354.822 3.33115 13.9448 
v -354.65 3.3774 13.9277 
v -354.822 3.33115 13.9448 
v -354.923 2.322 13.9211 
v -354.937 2.53204 13.9847 
v -355.1 3.34692 13.5891 
v -355.065 3.49823 13.2691 
v -354.949 3.6031 13.2766 
v -355.074 3.56323 13.2239 
v -355.133 3.37173 13.2248 
v -355.016 3.45077 13.6312 
v -354.905 3.56611 13.6448 
v -355.028 3.53043 13.6043 
v -354.802 3.3688 13.9469 
v -354.894 3.55622 13.6446 
v -354.542 1.72294 13.7421 
v -354.509 1.93563 13.8264 
v -354.541 3.94884 14.0648 
v -354.639 3.76557 14.0308 
v -354.708 3.60131 13.9944 
v -354.474 4.05612 14.0833 
v -354.413 4.198 14.1016 
v -354.567 4.13831 14.0905 
v -354.474 4.05612 14.0833 
v -354.435 3.20759 12.4221 
v -354.317 3.14177 12.4194 
v -354.292 3.21253 12.3559 
v -354.6 4.33591 13.1127 
v -354.733 4.44563 13.2413 
v -354.641 4.4185 13.2138 
v -354.492 4.66881 13.6831 
v -354.447 4.60239 13.6613 
v -354.816 4.50238 13.1957 
v -354.733 4.44563 13.2413 
v -354.804 4.27073 13.2513 
v -354.763 4.10344 13.2286 
v -354.563 4.71672 13.6808 
v -354.492 4.66881 13.6831 
v -354.714 3.57686 13.0706 
v -354.887 4.35041 13.1987 
v -354.804 4.27073 13.2513 
v -354.946 4.17679 13.2001 
v -354.863 4.13764 13.2523 
v -354.892 3.93977 13.2592 
v -354.863 4.13764 13.2523 
v -354.657 4.61818 13.6868 
v -354.576 4.53986 13.7214 
v -354.721 4.24938 13.7033 
v -354.62 4.24786 13.6688 
v -354.655 4.38385 13.7153 
v -354.997 3.97641 13.2027 
v -354.892 3.93977 13.2592 
v -354.576 4.53986 13.7214 
v -354.506 4.45271 13.6741 
v -354.75 4.47711 13.6732 
v -354.655 4.38385 13.7153 
v -355.033 3.78798 13.2096 
v -354.919 3.79694 13.2645 
v -354.883 4.33566 13.5467 
v -354.837 4.3064 13.6555 
v -354.721 4.24938 13.7033 
v -354.8 4.00552 13.6835 
v -354.721 3.90529 13.6371 
v -354.923 4.05885 13.6366 
v -354.8 4.00552 13.6835 
v -354.558 4.34647 14.0266 
v -354.982 3.81011 13.6158 
v -354.858 3.81623 13.6655 
v -354.858 3.81623 13.6655 
v -354.643 4.22406 14.0129 
v -354.711 3.60841 13.5879 
v -354.733 4.0849 13.9829 
v -354.661 4.01435 14.0604 
v -354.905 3.56611 13.6448 
v -354.822 3.94847 13.7919 
v -354.541 3.94884 14.0648 
v -354.833 3.90597 13.9401 
v -354.761 3.83718 14.0232 
v -354.894 3.55622 13.6446 
v -354.656 1.4818 13.6823 
v -354.846 3.62768 13.9757 
v -354.639 3.76557 14.0308 
v -354.943 1.70168 13.8225 
v -354.929 1.5057 13.7962 
v -354.716 1.69486 13.8689 
v -354.996 3.44285 13.8317 
v -354.708 3.60131 13.9944 
v -355.073 3.31037 13.6822 
v -354.736 1.50284 13.8272 
v -354.716 1.69486 13.8689 
v -354.93 1.96324 13.8494 
v -354.701 1.92034 13.9136 
v -354.485 2.19035 13.8925 
v -354.701 1.92034 13.9136 
v -354.685 2.18728 13.974 
v -354.489 2.52152 13.9492 
v -354.802 3.3688 13.9469 
v -355.106 2.99916 13.7653 
v -354.685 2.18728 13.974 
v -354.665 2.48184 14.0469 
v -354.524 2.84164 13.9969 
v -354.398 3.86754 14.4794 
v -354.367 3.83078 14.4303 
v -354.665 2.48184 14.0469 
v -354.843 2.50185 14.0318 
v -354.556 3.08331 14.055 
v -354.67 2.78203 14.1038 
v -354.448 3.90107 14.5078 
v -354.398 3.86754 14.4794 
v -354.463 3.9656 14.4632 
v -354.56 3.36105 14.2594 
v -354.651 3.28126 14.2815 
v -354.672 3.15615 14.2165 
v -354.67 2.78203 14.1038 
v -354.828 2.77393 14.0981 
v -354.676 3.00845 14.1571 
v -354.938 2.80565 14.0356 
v -354.821 2.99838 14.1504 
v -354.676 3.00845 14.1571 
v -354.404 3.72134 14.3955 
v -354.922 3.03325 14.0769 
v -354.8 3.15523 14.2052 
v -354.672 3.15615 14.2165 
v -354.489 3.56148 14.344 
v -354.523 3.81501 14.509 
v -354.463 3.75529 14.4869 
v -354.651 3.28126 14.2815 
v -354.771 3.28788 14.2666 
v -354.892 3.19988 14.1212 
v -354.581 3.90515 14.4513 
v -354.616 3.69335 14.4611 
v -354.543 3.6278 14.4459 
v -354.577 3.52432 14.3955 
v -354.623 3.3821 14.33 
v -354.733 3.41901 14.329 
v -354.623 3.3821 14.33 
v -354.68 3.77838 14.3964 
v -354.683 3.56429 14.3968 
v -354.577 3.52432 14.3955 
v -354.543 3.6278 14.4459 

vn -0.354331 0.0393701 0.937008 
vn -0.488189 0.0393701 0.874016 
vn -0.787402 0.204724 0.582677 
vn 0.220472 0.0314961 0.976378 
vn 0.220472 0.0314961 0.976378 
vn 0.220472 0.0314961 0.976378 
vn 0.220472 0.023622 0.976378 
vn 0.0551181 -0.0629921 1 
vn 0.102362 0.0393701 0.992126 
vn 0.141732 -0.0393701 0.992126 
vn 0.181102 -0.102362 0.976378 
vn -0.267717 0.472441 -0.84252 
vn 0.165354 0.897638 0.401575 
vn 0.204724 0.866142 0.456693 
vn 0.299213 0.913386 -0.275591 
vn 0.204724 0.866142 0.456693 
vn 0.677165 0.700787 0.228346 
vn 0.283465 0.850394 0.440945 
vn 0.141732 -0.0393701 0.992126 
vn 0.84252 0.448819 0.299213 
vn 0.283465 0.96063 0.0551181 
vn 0.92126 -0.393701 -0.0314961 
vn 0.937008 -0.322835 0.125984 
vn 0.968504 -0.204724 0.125984 
vn 0.897638 -0.440945 0.0393701 
vn -0.708661 0.511811 -0.480315 
vn -0.141732 0.527559 -0.834646 
vn -0.708661 0.511811 -0.480315 
vn -0.598425 -0.212598 0.771654 
vn -0.661417 -0.204724 0.724409 
vn -0.866142 0.283465 0.409449 
vn -0.708661 0.330709 0.622047 
vn 0.220472 0.023622 0.976378 
vn -0.779528 0.283465 0.559055 
vn -0.968504 0.244094 0.0393701 
vn -0.637795 0.370079 0.677165 
vn -0.322835 0.0472441 0.944882 
vn -0.645669 0.188976 0.740157 
vn -0.165354 -0.102362 0.984252 
vn -0.645669 0.582677 -0.496063 
vn 0.866142 -0.425197 0.267717 
vn 0.834646 -0.307087 0.456693 
vn 0.496063 -0.417323 0.755906 
vn 0.456693 -0.370079 0.811024 
vn 0.448819 -0.370079 0.811024 
vn 0.559055 -0.401575 0.724409 
vn 0.102362 0.0393701 0.992126 
vn -0.0393701 -0.0866142 0.992126 
vn 0.559055 -0.401575 0.724409 
vn 0.330709 0.566929 0.755906 
vn 0.330709 0.566929 0.755906 
vn 0.330709 0.566929 0.755906 
vn 0.96063 -0.19685 0.188976 
vn 0.251969 0.0787402 0.968504 
vn 0.291339 0 0.96063 
vn 0.850394 0.377953 0.354331 
vn 0.834646 0.448819 0.322835 
vn -0.259843 0.330709 0.905512 
vn 0.251969 0.0787402 0.968504 
vn 0.275591 -0.0551181 0.96063 
vn 0.543307 -0.102362 0.834646 
vn 0.370079 0.771654 0.519685 
vn 0.850394 0.377953 0.354331 
vn 0.976378 0.125984 -0.165354 
vn -0.409449 0.220472 0.889764 
vn 0.275591 -0.0551181 0.96063 
vn -0.464567 0.165354 0.866142 
vn -0.464567 0.165354 0.866142 
vn 0.244094 -0.015748 0.968504 
vn -0.464567 0.165354 0.866142 
vn -0.669291 0.559055 0.488189 
vn -0.0944882 0.244094 0.968504 
vn 0.314961 -0.23622 0.92126 
vn 0.322835 -0.204724 0.92126 
vn 0.346457 -0.228346 0.913386 
vn -0.480315 0.125984 0.866142 
vn 0.244094 -0.015748 0.968504 
vn -0.0944882 0.244094 0.968504 
vn 0.401575 -0.212598 0.889764 
vn -0.755906 0.456693 0.464567 
vn 0.346457 -0.228346 0.913386 
vn -0.472441 0.125984 0.874016 
vn 0.220472 0.0314961 0.976378 
vn -0.818898 0.370079 0.440945 
vn -0.818898 0.370079 0.440945 
vn 0.314961 -0.23622 0.92126 
vn 0.322835 -0.181102 0.929134 
vn 0.322835 -0.181102 0.929134 
vn -0.850394 0.267717 0.448819 
vn 0.322835 -0.181102 0.929134 
vn -0.700787 0.519685 0.496063 
vn -0.866142 0.173228 0.464567 
vn -0.338583 0 0.937008 
vn -0.338583 0 0.937008 
vn -0.574803 0.275591 0.771654 
vn 0.937008 0.125984 0.330709 
vn -0.598425 0.228346 0.771654 
vn -0.598425 0.23622 0.76378 
vn -0.322835 0.0472441 0.944882 
vn -0.598425 0.440945 -0.669291 
vn 0.496063 -0.417323 0.755906 
vn -0.653543 0.188976 0.732283 
vn -0.677165 0.15748 0.724409 
vn -0.645669 0.582677 -0.496063 
vn 0.874016 -0.456693 0.165354 
vn -0.716535 0.0944882 0.692913 
vn 0.456693 -0.370079 0.811024 
vn -0.88189 -0.244094 0.401575 
vn -0.96063 -0.102362 0.251969 
vn 0.677165 -0.354331 0.637795 
vn -0.88189 0.19685 0.433071 
vn 0.448819 -0.370079 0.811024 
vn -0.905512 0.307087 0.291339 
vn 0.84252 -0.204724 0.503937 
vn 0.677165 -0.354331 0.637795 
vn -0.818898 -0.0393701 0.574803 
vn 0.496063 -0.291339 0.818898 
vn 0.858268 -0.204724 0.472441 
vn 0.496063 -0.291339 0.818898 
vn 0.370079 -0.251969 0.897638 
vn 0.897638 0 0.440945 
vn -0.165354 -0.102362 0.984252 
vn -0.889764 0.0629921 0.448819 
vn 0.370079 -0.251969 0.897638 
vn 0.440945 -0.181102 0.88189 
vn 0.952756 0.0944882 0.291339 
vn 0.779528 0.338583 0.527559 
vn 0.92126 0.23622 0.314961 
vn 0.440945 -0.181102 0.88189 
vn -0.291339 -0.299213 0.905512 
vn 0.984252 0.0708661 0.165354 
vn 0.551181 -0.0944882 0.826772 
vn 0.590551 0.488189 0.637795 
vn 0.779528 0.338583 0.527559 
vn 0.511811 0.700787 0.488189 
vn 0.590551 -0.503937 0.629921 
vn 0.614173 -0.472441 0.629921 
vn 0.661417 -0.377953 0.645669 
vn 0.551181 -0.0944882 0.826772 
vn -0.291339 -0.204724 0.937008 
vn 0.669291 -0.19685 0.716535 
vn -0.692913 -0.11811 0.716535 
vn -0.362205 -0.204724 0.905512 
vn 0.669291 -0.19685 0.716535 
vn 0.913386 -0.393701 -0.0629921 
vn -0.779528 -0.023622 0.629921 
vn -0.110236 -0.362205 0.92126 
vn 0.661417 -0.377953 0.645669 
vn 0.92126 -0.385827 0.015748 
vn 0.244094 -0.19685 0.952756 
vn 0.0866142 -0.251969 0.968504 
vn 0.614173 -0.472441 0.629921 
vn -0.181102 -0.393701 0.897638 
vn -0.866142 0.0629921 0.496063 
vn -0.645669 0.488189 0.582677 
vn -0.0393701 -0.307087 0.952756 
vn -0.110236 -0.330709 0.937008 
vn 0.543307 -0.503937 0.669291 
vn 0.574803 -0.488189 0.653543 
vn -0.19685 -0.370079 0.913386 
vn 0.574803 -0.488189 0.653543 
vn -0.637795 0.165354 0.755906 
vn -0.173228 -0.354331 0.92126 
vn 0.543307 -0.503937 0.669291 
vn -0.110236 -0.330709 0.937008 

vt 0.686869 0.456758 
vt 0.691843 0.42592 
vt 0.767543 0.484705 
vt 0.551002 0.3501 
vt 0.584094 0.272995 
vt 0.710235 0.291325 
vt 0.74245 0.350809 
vt 0.23879 0.148942 
vt 0.154346 0.168195 
vt 0.100872 0.127766 
vt 0.173736 0.118648 
vt 0.451255 0.572473 
vt 0.517641 0.0471431 
vt 0.446175 0.0557241 
vt 0.429462 0.0542952 
vt 0.446175 0.0557241 
vt 0.38251 0.0729346 
vt 0.193506 0.0983193 
vt 0.100872 0.127766 
vt 0.0522264 0.144468 
vt 0.210355 0.0923204 
vt 0.0978654 0.182021 
vt 0.344004 0.321865 
vt 0.396501 0.402952 
vt 0.205199 0.236537 
vt 0.583722 0.437332 
vt 0.407925 0.423226 
vt 0.583722 0.437332 
vt 0.69639 0.742821 
vt 0.710082 0.678361 
vt 0.88362 0.431087 
vt 0.848597 0.384905 
vt 0.74245 0.350809 
vt 0.857551 0.36465 
vt 0.917427 0.423223 
vt 0.797339 0.399724 
vt 0.682174 0.362315 
vt 0.81011 0.374144 
vt 0.573383 0.421995 
vt 0.663472 0.368643 
vt 0.31213 0.925504 
vt 0.275732 0.860907 
vt 0.302831 0.241914 
vt 0.409559 0.298493 
vt 0.484458 0.34894 
vt 0.231634 0.209061 
vt 0.154346 0.168195 
vt 0.319286 0.185754 
vt 0.231634 0.209061 
vt 0.183674 0.475619 
vt 0.0546001 0.495836 
vt 0.0280901 0.474102 
vt 0.377235 0.124389 
vt 0.506969 0.0923822 
vt 0.408008 0.10023 
vt 0.256752 0.0256735 
vt 0.208203 0.0465113 
vt 0.586941 0.0765002 
vt 0.506969 0.0923822 
vt 0.585561 0.145278 
vt 0.54655 0.196365 
vt 0.324005 0.0133792 
vt 0.256752 0.0256735 
vt 0.502289 0.359497 
vt 0.660918 0.122497 
vt 0.585561 0.145278 
vt 0.724162 0.175483 
vt 0.633942 0.187507 
vt 0.681166 0.247165 
vt 0.633942 0.187507 
vt 0.403976 0.0423383 
vt 0.328028 0.0644572 
vt 0.495624 0.15072 
vt 0.385882 0.151381 
vt 0.424707 0.10947 
vt 0.780095 0.236783 
vt 0.681166 0.247165 
vt 0.328028 0.0644572 
vt 0.26319 0.0884197 
vt 0.504179 0.0850348 
vt 0.424707 0.10947 
vt 0.819405 0.294656 
vt 0.710235 0.291325 
vt 0.647395 0.127945 
vt 0.597823 0.136932 
vt 0.495624 0.15072 
vt 0.581726 0.225957 
vt 0.496345 0.25674 
vt 0.690296 0.212334 
vt 0.581726 0.225957 
vt 0.295668 0.125545 
vt 0.754435 0.288151 
vt 0.630919 0.285205 
vt 0.630919 0.285205 
vt 0.390682 0.161642 
vt 0.498233 0.349807 
vt 0.489153 0.204093 
vt 0.410537 0.225807 
vt 0.682174 0.362315 
vt 0.58626 0.247299 
vt 0.302831 0.241914 
vt 0.59699 0.258805 
vt 0.517505 0.279737 
vt 0.663472 0.368643 
vt 0.436656 0.999374 
vt 0.609214 0.343695 
vt 0.409559 0.298493 
vt 0.711769 0.933147 
vt 0.694965 0.994211 
vt 0.498091 0.934566 
vt 0.769753 0.40109 
vt 0.484458 0.34894 
vt 0.853679 0.442456 
vt 0.52333 0.994459 
vt 0.498091 0.934566 
vt 0.699236 0.854072 
vt 0.477923 0.8657 
vt 0.249294 0.783305 
vt 0.477923 0.8657 
vt 0.457029 0.783956 
vt 0.255291 0.68285 
vt 0.573383 0.421995 
vt 0.889545 0.53654 
vt 0.457029 0.783956 
vt 0.437516 0.693925 
vt 0.294231 0.585111 
vt 0.152701 0.271527 
vt 0.122174 0.282187 
vt 0.437516 0.693925 
vt 0.615924 0.687052 
vt 0.330416 0.510742 
vt 0.445172 0.60226 
vt 0.203938 0.262148 
vt 0.152701 0.271527 
vt 0.218094 0.243636 
vt 0.326095 0.42191 
vt 0.426156 0.446609 
vt 0.449797 0.485614 
vt 0.445172 0.60226 
vt 0.599572 0.604071 
vt 0.454445 0.532091 
vt 0.711004 0.594858 
vt 0.590478 0.535136 
vt 0.454445 0.532091 
vt 0.162379 0.31193 
vt 0.690742 0.525536 
vt 0.572298 0.485994 
vt 0.449797 0.485614 
vt 0.255106 0.361078 
vt 0.277617 0.28437 
vt 0.209291 0.302376 
vt 0.426156 0.446609 
vt 0.539821 0.44506 
vt 0.656674 0.474892 
vt 0.321742 0.260896 
vt 0.373136 0.32106 
vt 0.292092 0.341048 
vt 0.343513 0.371765 
vt 0.394422 0.415541 
vt 0.497113 0.404929 
vt 0.394422 0.415541 
vt 0.429872 0.297845 
vt 0.443171 0.360409 
vt 0.343513 0.371765 
vt 0.292092 0.341048 

usemtl Handle2Mtl

f 1254/1254/1254 1255/1255/1255 1256/1256/1256 
f 1257/1257/1257 1258/1258/1258 1259/1259/1259 
f 1259/1259/1259 1260/1260/1260 1257/1257/1257 
f 1261/1261/1261 1262/1262/1262 1263/1263/1263 
f 1263/1263/1263 1264/1264/1264 1261/1261/1261 
f 1285/1285/1285 1286/1286/1286 1287/1287/1287 
f 1289/1289/1289 1290/1290/1290 1291/1291/1291 
f 1284/1284/1284 1289/1289/1289 1291/1291/1291 
f 1254/1254/1254 1292/1292/1292 1255/1255/1255 
f 1278/1278/1278 1296/1296/1296 1297/1297/1297 
f 1297/1297/1297 1276/1276/1276 1278/1278/1278 
f 1298/1298/1298 1276/1276/1276 1297/1297/1297 
f 1296/1296/1296 1278/1278/1278 1299/1299/1299 
f 1299/1299/1299 1278/1278/1278 1275/1275/1275 
f 1275/1275/1275 1300/1300/1300 1299/1299/1299 
f 1300/1300/1300 1275/1275/1275 1273/1273/1273 
f 1273/1273/1273 1272/1272/1272 1300/1300/1300 
f 1301/1301/1301 1302/1302/1302 1262/1262/1262 
f 1262/1262/1262 1261/1261/1261 1301/1301/1301 
f 1303/1303/1303 1304/1304/1304 1305/1305/1305 
f 1270/1270/1270 1269/1269/1269 1307/1307/1307 
f 1307/1307/1307 1308/1308/1308 1270/1270/1270 
f 1267/1267/1267 1266/1266/1266 1311/1311/1311 
f 1311/1311/1311 1312/1312/1312 1267/1267/1267 
f 1307/1307/1307 1313/1313/1313 1314/1314/1314 
f 1307/1307/1307 1314/1314/1314 1306/1306/1306 
f 1318/1318/1318 1319/1319/1319 1312/1312/1312 
f 1312/1312/1312 1311/1311/1311 1318/1318/1318 
f 1320/1320/1320 1321/1321/1321 1319/1319/1319 
f 1319/1319/1319 1318/1318/1318 1320/1320/1320 
f 1322/1322/1322 1258/1258/1258 1314/1314/1314 
f 1314/1314/1314 1323/1323/1323 1322/1322/1322 
f 1324/1324/1324 1325/1325/1325 1316/1316/1316 
f 1316/1316/1316 1315/1315/1315 1324/1324/1324 
f 1326/1326/1326 1327/1327/1327 1328/1328/1328 
f 1329/1329/1329 1330/1330/1330 1321/1321/1321 
f 1321/1321/1321 1320/1320/1320 1329/1329/1329 
f 1310/1310/1310 1309/1309/1309 1331/1331/1331 
f 1331/1331/1331 1332/1332/1332 1310/1310/1310 
f 1328/1328/1328 1327/1327/1327 1332/1332/1332 
f 1332/1332/1332 1331/1331/1331 1328/1328/1328 
f 1333/1333/1333 1334/1334/1334 1325/1325/1325 
f 1325/1325/1325 1324/1324/1324 1333/1333/1333 
f 1329/1329/1329 1335/1335/1335 1336/1336/1336 
f 1336/1336/1336 1330/1330/1330 1329/1329/1329 
f 1338/1338/1338 1339/1339/1339 1334/1334/1334 
f 1334/1334/1334 1333/1333/1333 1338/1338/1338 
f 1340/1340/1340 1341/1341/1341 1327/1327/1327 
f 1327/1327/1327 1326/1326/1326 1340/1340/1340 
f 1286/1286/1286 1336/1336/1336 1335/1335/1335 
f 1335/1335/1335 1287/1287/1287 1286/1286/1286 
f 1342/1342/1342 1343/1343/1343 1339/1339/1339 
f 1339/1339/1339 1338/1338/1338 1342/1342/1342 
f 1344/1344/1344 1261/1261/1261 1264/1264/1264 
f 1264/1264/1264 1271/1271/1271 1344/1344/1344 
f 1342/1342/1342 1345/1345/1345 1346/1346/1346 
f 1346/1346/1346 1343/1343/1343 1342/1342/1342 
f 1347/1347/1347 1341/1341/1341 1340/1340/1340 
f 1261/1261/1261 1344/1344/1344 1348/1348/1348 
f 1348/1348/1348 1301/1301/1301 1261/1261/1261 
f 1290/1290/1290 1346/1346/1346 1345/1345/1345 
f 1345/1345/1345 1291/1291/1291 1290/1290/1290 
f 1301/1301/1301 1348/1348/1348 1350/1350/1350 
f 1350/1350/1350 1351/1351/1351 1301/1301/1301 
f 1349/1349/1349 1341/1341/1341 1347/1347/1347 
f 1347/1347/1347 1352/1352/1352 1349/1349/1349 
f 1323/1323/1323 1314/1314/1314 1313/1313/1313 
f 1302/1302/1302 1301/1301/1301 1351/1351/1351 
f 1351/1351/1351 1354/1354/1354 1302/1302/1302 
f 1350/1350/1350 1355/1355/1355 1356/1356/1356 
f 1356/1356/1356 1351/1351/1351 1350/1350/1350 
f 1351/1351/1351 1356/1356/1356 1360/1360/1360 
f 1360/1360/1360 1354/1354/1354 1351/1351/1351 
f 1293/1293/1293 1290/1290/1290 1289/1289/1289 
f 1358/1358/1358 1294/1294/1294 1363/1363/1363 
f 1356/1356/1356 1359/1359/1359 1365/1365/1365 
f 1365/1365/1365 1360/1360/1360 1356/1356/1356 
f 1259/1259/1259 1258/1258/1258 1322/1322/1322 
f 1361/1361/1361 1362/1362/1362 1367/1367/1367 
f 1367/1367/1367 1368/1368/1368 1361/1361/1361 
f 1294/1294/1294 1295/1295/1295 1370/1370/1370 
f 1370/1370/1370 1363/1363/1363 1294/1294/1294 
f 1292/1292/1292 1365/1365/1365 1359/1359/1359 
f 1359/1359/1359 1255/1255/1255 1292/1292/1292 
f 1368/1368/1368 1372/1372/1372 1369/1369/1369 
f 1369/1369/1369 1361/1361/1361 1368/1368/1368 
f 1295/1295/1295 1371/1371/1371 1373/1373/1373 
f 1373/1373/1373 1370/1370/1370 1295/1295/1295 
f 1277/1277/1277 1276/1276/1276 1298/1298/1298 
f 1298/1298/1298 1375/1375/1375 1277/1277/1277 
f 1369/1369/1369 1372/1372/1372 1377/1377/1377 
f 1377/1377/1377 1282/1282/1282 1369/1369/1369 
f 1378/1378/1378 1373/1373/1373 1371/1371/1371 
f 1371/1371/1371 1374/1374/1374 1378/1378/1378 
f 1375/1375/1375 1281/1281/1281 1280/1280/1280 
f 1382/1382/1382 1383/1383/1383 1282/1282/1282 
f 1282/1282/1282 1377/1377/1377 1382/1382/1382 
f 1385/1385/1385 1378/1378/1378 1374/1374/1374 
f 1374/1374/1374 1379/1379/1379 1385/1385/1385 
f 1279/1279/1279 1292/1292/1292 1254/1254/1254 
f 1392/1392/1392 1393/1393/1393 1383/1383/1383 
f 1383/1383/1383 1382/1382/1382 1392/1392/1392 
f 1394/1394/1394 1385/1385/1385 1379/1379/1379 
f 1379/1379/1379 1384/1384/1384 1394/1394/1394 
f 1283/1283/1283 1383/1383/1383 1393/1393/1393 
f 1393/1393/1393 1395/1395/1395 1283/1283/1283 
f 1396/1396/1396 1393/1393/1393 1392/1392/1392 
f 1392/1392/1392 1397/1397/1397 1396/1396/1396 
f 1395/1395/1395 1393/1393/1393 1396/1396/1396 
f 1396/1396/1396 1399/1399/1399 1395/1395/1395 
f 1400/1400/1400 1396/1396/1396 1397/1397/1397 
f 1397/1397/1397 1401/1401/1401 1400/1400/1400 
f 1387/1387/1387 1386/1386/1386 1403/1403/1403 
f 1403/1403/1403 1404/1404/1404 1387/1387/1387 
f 1401/1401/1401 1405/1405/1405 1406/1406/1406 
f 1406/1406/1406 1400/1400/1400 1401/1401/1401 
f 1407/1407/1407 1399/1399/1399 1396/1396/1396 
f 1408/1408/1408 1403/1403/1403 1386/1386/1386 
f 1386/1386/1386 1388/1388/1388 1408/1408/1408 
f 1404/1404/1404 1403/1403/1403 1409/1409/1409 
f 1409/1409/1409 1410/1410/1410 1404/1404/1404 
f 1411/1411/1411 1412/1412/1412 1389/1389/1389 
f 1389/1389/1389 1402/1402/1402 1411/1411/1411 
f 1413/1413/1413 1406/1406/1406 1405/1405/1405 
f 1405/1405/1405 1414/1414/1414 1413/1413/1413 
f 1415/1415/1415 1409/1409/1409 1403/1403/1403 
f 1403/1403/1403 1408/1408/1408 1415/1415/1415 
f 1410/1410/1410 1409/1409/1409 1416/1416/1416 
f 1416/1416/1416 1417/1417/1417 1410/1410/1410 
f 1416/1416/1416 1413/1413/1413 1414/1414/1414 
f 1414/1414/1414 1417/1417/1417 1416/1416/1416 
f 1383/1383/1383 1283/1283/1283 1282/1282/1282 
f 1390/1390/1390 1389/1389/1389 1412/1412/1412 
f 1418/1418/1418 1402/1402/1402 1398/1398/1398 
f 1411/1411/1411 1402/1402/1402 1418/1418/1418 

g Handle6

v -354.774 3.60557 13.2368 
v -354.949 3.6031 13.2766 
v -355.025 2.9822 12.922 
v -354.882 3.08841 12.8576 
v -354.795 2.93935 12.8002 
v -354.902 2.80665 12.7977 
v -354.366 2.78514 12.7043 
v -354.363 4.32806 14.0913 
v -354.563 4.21682 13.7827 
v -354.474 4.33502 13.8194 
v -354.408 4.25199 13.8128 
v -354.523 4.09866 13.7629 
v -354.453 4.6409 13.476 
v -354.497 4.7147 13.4763 
v -354.745 3.64217 13.3074 
v -354.351 2.69928 12.4836 
v -354.404 3.272 12.0556 
v -354.353 3.21 12.0452 
v -354.423 3.18183 12.0166 
v -354.471 3.21517 12.0299 
v -354.506 3.25021 12.0655 
v -354.341 3.2917 12.1314 
v -354.302 3.23192 12.1056 
v -354.692 2.89035 12.7392 
v -354.791 2.76763 12.705 
v -354.692 2.89035 12.7392 
v -354.795 2.93935 12.8002 
v -354.664 3.00027 12.8832 
v -354.661 4.58633 13.0051 
v -354.729 4.61676 13.0088 
v -354.594 4.50852 13.0279 
v -354.661 4.58633 13.0051 
v -354.46 4.46347 13.9385 
v -354.395 4.43856 13.8981 
v -354.395 4.43856 13.8981 
v -354.339 4.36124 13.874 
v -354.338 4.17738 13.9031 
v -354.686 3.57917 13.6392 
v -354.531 3.74565 13.8157 
v -354.424 3.99666 13.8707 
v -354.733 3.93078 13.7083 
v -354.633 4.11114 13.7562 
v -354.656 3.83071 13.6932 
v -354.748 3.45865 13.9957 
v -354.702 3.56677 14.0466 
v -354.633 3.51515 14.0249 
v -354.446 3.84138 14.24 
v -354.547 3.70337 14.1408 
v -354.588 3.80289 14.181 
v -354.501 3.916 14.2601 
v -354.642 3.70401 14.1238 
v -354.822 3.33115 13.9448 
v -354.65 3.3774 13.9277 
v -354.822 3.33115 13.9448 
v -354.433 3.96843 14.334 
v -354.4 3.91561 14.307 
v -355.065 3.50118 13.298 
v -355.064 3.56756 13.3374 
v -354.956 3.62377 13.286 
v -354.949 3.6031 13.2766 
v -355.133 3.37173 13.2248 
v -354.894 3.55622 13.6446 
v -354.993 3.49142 13.7 
v -355.062 1.77977 13.1513 
v -354.691 1.85733 12.9614 
v -354.843 2.0391 12.9004 
v -354.715 2.03173 12.854 
v -354.492 2.01612 12.941 
v -354.552 2.07743 12.8415 
v -354.8 3.76914 13.6732 
v -354.506 3.25021 12.0655 
v -354.31 3.09995 12.1013 
v -354.636 4.35837 12.9868 
v -354.714 4.44576 12.9403 
v -354.471 3.21517 12.0299 
v -354.515 3.12144 12.0751 
v -354.297 2.96971 12.2005 
v -354.414 3.08896 12.0536 
v -354.719 4.14811 12.9492 
v -354.773 4.28135 12.9164 
v -354.714 4.44576 12.9403 
v -354.799 4.50983 12.9676 
v -354.492 4.66881 13.6831 
v -354.544 3.0183 12.1727 
v -354.417 2.9626 12.1416 
v -354.773 4.28135 12.9164 
v -354.871 4.35676 12.9544 
v -354.572 2.9266 12.2733 
v -354.558 3.32417 13.9861 
v -354.771 3.84155 12.9416 
v -354.956 3.62377 13.286 
v -354.829 4.14685 12.9044 
v -354.929 4.18193 12.9463 
v -354.861 3.93359 12.8928 
v -354.829 4.14685 12.9044 
v -354.567 4.75706 13.4992 
v -354.497 4.7147 13.4763 
v -354.45 2.85802 12.2397 
v -354.78 3.55816 12.9418 
v -354.861 3.93359 12.8928 
v -354.981 3.97549 12.9378 
v -354.587 4.606 13.4041 
v -354.651 4.66187 13.4534 
v -354.777 3.33615 12.9213 
v -354.912 3.53828 12.8948 
v -354.891 3.77193 12.8918 
v -354.891 3.77193 12.8918 
v -355.019 3.77567 12.9401 
v -354.746 4.51364 13.4268 
v -354.674 4.45386 13.3697 
v -354.506 4.49729 13.4306 
v -354.803 2.51569 12.671 
v -354.636 2.58308 12.493 
v -354.639 2.3936 12.6104 
v -354.742 3.94937 13.3307 
v -354.88 3.86473 13.2995 
v -354.822 4.05338 13.3135 
v -354.738 3.14594 12.9045 
v -354.629 4.29734 13.3751 
v -354.73 4.30098 13.345 
v -354.674 4.45386 13.3697 
v -354.909 3.31171 12.8849 
v -354.912 3.53828 12.8948 
v -355.052 3.54248 12.952 
v -354.836 4.33346 13.4023 
v -354.73 4.30098 13.345 
v -354.883 4.33566 13.5467 
v -354.48 2.54526 12.5081 
v -354.461 2.38378 12.6721 
v -354.882 3.08841 12.8576 
v -354.909 3.31171 12.8849 
v -355.055 3.29335 12.9475 
v -354.587 4.606 13.4041 
v -354.822 4.05338 13.3135 
v -354.931 4.08541 13.3746 
v -354.474 4.33502 13.8194 
v -354.548 4.37763 13.8933 
v -354.607 2.18404 12.7475 
v -354.78 2.22297 12.7653 
v -354.947 2.54811 12.8152 
v -354.458 2.16073 12.838 
v -355.138 3.32552 13.0818 
v -354.88 3.86473 13.2995 
v -354.998 3.8411 13.3564 
v -354.638 4.26048 13.868 
v -354.563 4.21682 13.7827 
v -354.926 2.26848 12.8543 
v -354.711 3.60841 13.5879 
v -354.633 4.11114 13.7562 
v -354.725 4.12634 13.8374 
v -354.935 1.79754 13.0119 
v -355 2.06393 12.9981 
v -354.74 1.56174 13.0149 
v -354.897 1.54799 13.0287 
v -354.639 1.51033 13.1651 
v -354.733 3.93078 13.7083 
v -354.822 3.94847 13.7919 
v -354.894 3.55622 13.6446 
v -354.8 3.76914 13.6732 
v -354.911 3.74047 13.7498 
v -355.073 3.31037 13.6822 
v -354.501 3.916 14.2601 
v -354.664 3.83217 14.2645 
v -354.481 2.66254 12.4092 
v -354.621 2.7196 12.4227 
v -354.457 2.76554 12.3251 
v -354.59 2.82816 12.3503 

vn 0.220472 0.0314961 0.976378 
vn 0.220472 0.023622 0.976378 
vn -0.661417 0.0393701 -0.748031 
vn -0.456693 0.0787402 -0.889764 
vn -0.401575 0.338583 -0.850394 
vn -0.606299 0.188976 -0.779528 
vn 0.92126 0.244094 0.299213 
vn 0.141732 -0.0393701 0.992126 
vn 0.125984 0.19685 -0.968504 
vn 0.19685 0.267717 -0.944882 
vn 0.141732 0.19685 -0.968504 
vn 0.110236 0.212598 -0.968504 
vn 0.858268 0.456693 -0.228346 
vn 0.826772 0.496063 -0.259843 
vn 0.874016 0.377953 -0.299213 
vn 0.818898 -0.496063 -0.275591 
vn 0.181102 0.637795 -0.748031 
vn 0.417323 0.480315 -0.771654 
vn 0.110236 0.362205 -0.92126 
vn -0.102362 0.496063 -0.866142 
vn -0.220472 0.614173 -0.755906 
vn 0.425197 0.724409 -0.543307 
vn 0.503937 0.590551 -0.629921 
vn -0.267717 0.472441 -0.84252 
vn -0.685039 0.322835 -0.653543 
vn -0.267717 0.472441 -0.84252 
vn -0.401575 0.338583 -0.850394 
vn 0.0944882 0.795276 -0.606299 
vn 0.299213 0.913386 -0.275591 
vn 0.385827 0.905512 -0.188976 
vn 0.818898 0.519685 -0.228346 
vn 0.299213 0.913386 -0.275591 
vn 0.283465 0.96063 0.0551181 
vn 0.338583 0.944882 -0.0393701 
vn 0.338583 0.944882 -0.0393701 
vn 0.795276 0.582677 -0.149606 
vn 0.889764 -0.267717 -0.370079 
vn 0.748031 0.511811 -0.417323 
vn 0.952756 -0.251969 0.173228 
vn 0.905512 -0.433071 0.015748 
vn 0.0708661 0.204724 -0.976378 
vn 0.0787402 0.204724 -0.976378 
vn 0.0866142 0.212598 -0.976378 
vn 0.023622 0.417323 -0.905512 
vn 0.0551181 0.448819 -0.889764 
vn -0.023622 0.496063 -0.866142 
vn 0.291339 0.448819 -0.84252 
vn 0.19685 0.433071 -0.88189 
vn 0.220472 0.433071 -0.874016 
vn 0.314961 0.480315 -0.818898 
vn 0.149606 0.456693 -0.88189 
vn -0.708661 0.511811 -0.480315 
vn -0.141732 0.527559 -0.834646 
vn -0.708661 0.511811 -0.480315 
vn 0.346457 0.590551 -0.732283 
vn 0.354331 0.551181 -0.755906 
vn -0.818898 0.496063 -0.283465 
vn -0.80315 0.330709 -0.496063 
vn -0.551181 0.448819 -0.700787 
vn 0.220472 0.023622 0.976378 
vn -0.968504 0.244094 0.0393701 
vn -0.645669 0.582677 -0.496063 
vn -0.866142 0.440945 -0.244094 
vn -0.874016 -0.220472 -0.425197 
vn 0.204724 -0.425197 -0.88189 
vn -0.409449 -0.385827 -0.826772 
vn -0.0944882 -0.551181 -0.826772 
vn 0.574803 -0.559055 -0.598425 
vn 0.299213 -0.637795 -0.708661 
vn 0.0551181 0.188976 -0.976378 
vn -0.220472 0.614173 -0.755906 
vn 0.866142 -0.133858 -0.480315 
vn 0.551181 0.0314961 -0.834646 
vn 0.19685 0.15748 -0.968504 
vn -0.102362 0.496063 -0.866142 
vn -0.661417 -0.299213 -0.692913 
vn 0.92126 -0.212598 -0.322835 
vn 0.425197 -0.330709 -0.84252 
vn 0.472441 -0.0314961 -0.88189 
vn 0.472441 -0.0314961 -0.88189 
vn 0.19685 0.15748 -0.968504 
vn 0.00787402 0.330709 -0.944882 
vn 0.850394 0.377953 0.354331 
vn -0.905512 -0.15748 -0.393701 
vn 0.354331 -0.535433 -0.76378 
vn 0.472441 -0.0314961 -0.88189 
vn -0.220472 0.220472 -0.952756 
vn -0.92126 -0.141732 -0.362205 
vn 0.716535 0.685039 -0.0866142 
vn 0.913386 -0.141732 -0.377953 
vn -0.551181 0.448819 -0.700787 
vn -0.330709 0.173228 -0.929134 
vn -0.322835 0.15748 -0.929134 
vn 0.409449 -0.0314961 -0.913386 
vn -0.330709 0.173228 -0.929134 
vn 0.370079 0.913386 -0.165354 
vn 0.826772 0.496063 -0.259843 
vn -0.456693 -0.574803 -0.677165 
vn 0.866142 0.0551181 -0.496063 
vn 0.409449 -0.0314961 -0.913386 
vn -0.362205 0.102362 -0.929134 
vn -0.267717 0.456693 -0.850394 
vn -0.133858 0.511811 -0.850394 
vn 0.535433 0.125984 -0.834646 
vn 0.283465 0.015748 -0.96063 
vn 0.330709 -0.023622 -0.944882 
vn 0.330709 -0.023622 -0.944882 
vn -0.385827 0.0393701 -0.92126 
vn -0.346457 0.385827 -0.858268 
vn -0.354331 0.393701 -0.850394 
vn 0.850394 -0.283465 -0.448819 
vn -0.685039 -0.141732 -0.716535 
vn -0.433071 -0.417323 -0.795276 
vn -0.188976 -0.519685 -0.834646 
vn 0.23622 0.023622 -0.968504 
vn 0.149606 0.0708661 -0.984252 
vn 0.251969 0.023622 -0.968504 
vn 0.503937 0.314961 -0.80315 
vn 0.283465 0.015748 -0.96063 
vn 0.283465 0.015748 -0.96063 
vn -0.354331 0.393701 -0.850394 
vn 0.251969 0.102362 -0.96063 
vn 0.283465 0.015748 -0.96063 
vn -0.685039 0.0551181 -0.724409 
vn -0.417323 0.322835 -0.850394 
vn 0.283465 0.015748 -0.96063 
vn -0.818898 0.370079 0.440945 
vn 0.346457 -0.622047 -0.700787 
vn 0.622047 -0.511811 -0.598425 
vn -0.456693 0.0787402 -0.889764 
vn 0.251969 0.102362 -0.96063 
vn -0.661417 0.023622 -0.755906 
vn -0.267717 0.456693 -0.850394 
vn 0.251969 0.023622 -0.968504 
vn -0.464567 0.23622 -0.858268 
vn 0.19685 0.267717 -0.944882 
vn -0.299213 0.645669 -0.700787 
vn 0.0944882 -0.551181 -0.826772 
vn -0.417323 -0.409449 -0.811024 
vn -0.740157 -0.023622 -0.669291 
vn 0.661417 -0.448819 -0.598425 
vn -0.952756 0.0787402 -0.291339 
vn 0.149606 0.0708661 -0.984252 
vn -0.488189 0.188976 -0.850394 
vn -0.511811 0.535433 -0.669291 
vn 0.125984 0.19685 -0.968504 
vn -0.661417 -0.244094 -0.708661 
vn 0.937008 0.125984 0.330709 
vn 0.0787402 0.204724 -0.976378 
vn -0.566929 0.496063 -0.653543 
vn -0.472441 -0.204724 -0.858268 
vn -0.708661 -0.19685 -0.677165 
vn -0.11811 -0.11811 -0.984252 
vn -0.0787402 -0.0866142 -0.992126 
vn 0.826772 -0.425197 -0.377953 
vn 0.0708661 0.204724 -0.976378 
vn -0.598425 0.440945 -0.669291 
vn -0.645669 0.582677 -0.496063 
vn 0.0551181 0.188976 -0.976378 
vn -0.84252 0.385827 -0.370079 
vn -0.905512 0.307087 0.291339 
vn 0.314961 0.480315 -0.818898 
vn -0.464567 0.653543 -0.598425 
vn 0.102362 -0.629921 -0.76378 
vn -0.606299 -0.299213 -0.732283 
vn 0.307087 -0.708661 -0.637795 
vn -0.433071 -0.535433 -0.724409 

vt 0.448998 0.3501 
vt 0.25755 0.350809 
vt 0.193407 0.541602 
vt 0.345124 0.509225 
vt 0.439666 0.556602 
vt 0.327247 0.596438 
vt 0.878982 0.603382 
vt 0.899128 0.127766 
vt 0.681236 0.163383 
vt 0.777068 0.127515 
vt 0.850248 0.152581 
vt 0.724483 0.19977 
vt 0.784832 0.0347297 
vt 0.737543 0.0123065 
vt 0.465823 0.340987 
vt 0.897497 0.625208 
vt 0.853162 0.456274 
vt 0.904293 0.474349 
vt 0.834761 0.482274 
vt 0.786643 0.472858 
vt 0.750522 0.462821 
vt 0.917065 0.450756 
vt 0.957386 0.468293 
vt 0.548745 0.572473 
vt 0.449621 0.609244 
vt 0.548745 0.572473 
vt 0.439666 0.556602 
vt 0.571698 0.540698 
vt 0.570538 0.0542952 
vt 0.493708 0.0449005 
vt 0.632075 0.0757747 
vt 0.570538 0.0542952 
vt 0.789645 0.0923204 
vt 0.859606 0.0998739 
vt 0.859606 0.0998739 
vt 0.911366 0.121396 
vt 0.910291 0.172642 
vt 0.533283 0.361159 
vt 0.697999 0.305335 
vt 0.816064 0.22713 
vt 0.496961 0.251281 
vt 0.605239 0.195887 
vt 0.58019 0.282066 
vt 0.481508 0.397594 
vt 0.530984 0.364581 
vt 0.608259 0.380723 
vt 0.80506 0.280238 
vt 0.697241 0.322528 
vt 0.651637 0.291962 
vt 0.744957 0.257515 
vt 0.594316 0.322476 
vt 0.416278 0.437332 
vt 0.592075 0.423226 
vt 0.416278 0.437332 
vt 0.818283 0.242089 
vt 0.854465 0.258069 
vt 0.153749 0.385014 
vt 0.154477 0.363613 
vt 0.267119 0.347072 
vt 0.25755 0.350809 
vt 0.0825731 0.423223 
vt 0.336528 0.368643 
vt 0.23312 0.387672 
vt 0.157796 0.909308 
vt 0.539978 0.88423 
vt 0.38705 0.828645 
vt 0.519311 0.829893 
vt 0.749217 0.834638 
vt 0.688947 0.815325 
vt 0.423725 0.300829 
vt 0.750522 0.462821 
vt 0.940609 0.504375 
vt 0.591965 0.118891 
vt 0.514069 0.0928276 
vt 0.786643 0.472858 
vt 0.750327 0.496757 
vt 0.95386 0.543891 
vt 0.836933 0.506542 
vt 0.503093 0.183083 
vt 0.444594 0.142161 
vt 0.514069 0.0928276 
vt 0.426134 0.0742135 
vt 0.743248 0.0256735 
vt 0.724759 0.529308 
vt 0.835071 0.544092 
vt 0.444594 0.142161 
vt 0.352703 0.120547 
vt 0.694405 0.557568 
vt 0.673996 0.44054 
vt 0.436323 0.27656 
vt 0.267119 0.347072 
vt 0.400051 0.184728 
vt 0.29136 0.173855 
vt 0.348959 0.248969 
vt 0.400051 0.184728 
vt 0.671798 0.00185883 
vt 0.737543 0.0123065 
vt 0.816611 0.575969 
vt 0.427882 0.364805 
vt 0.348959 0.248969 
vt 0.235197 0.236921 
vt 0.663726 0.0454507 
vt 0.590717 0.0286294 
vt 0.438265 0.433426 
vt 0.295968 0.370671 
vt 0.317936 0.298666 
vt 0.317936 0.298666 
vt 0.193941 0.297905 
vt 0.49181 0.0733811 
vt 0.569938 0.0917879 
vt 0.727563 0.0742918 
vt 0.437111 0.68377 
vt 0.613172 0.66138 
vt 0.604401 0.718945 
vt 0.482874 0.24446 
vt 0.334697 0.270744 
vt 0.395999 0.212514 
vt 0.481826 0.493007 
vt 0.605782 0.13754 
vt 0.495105 0.136421 
vt 0.569938 0.0917879 
vt 0.300736 0.440789 
vt 0.295968 0.370671 
vt 0.164839 0.36962 
vt 0.394646 0.128333 
vt 0.495105 0.136421 
vt 0.352605 0.127945 
vt 0.766905 0.671737 
vt 0.781603 0.722011 
vt 0.345124 0.509225 
vt 0.300736 0.440789 
vt 0.16131 0.445943 
vt 0.663726 0.0454507 
vt 0.395999 0.212514 
vt 0.292408 0.203984 
vt 0.777068 0.127515 
vt 0.706187 0.11675 
vt 0.633616 0.783113 
vt 0.455927 0.772029 
vt 0.280183 0.67454 
vt 0.783518 0.790903 
vt 0.0762383 0.4364 
vt 0.334697 0.270744 
vt 0.219008 0.27873 
vt 0.61287 0.152053 
vt 0.681236 0.163383 
vt 0.301892 0.759065 
vt 0.501767 0.349807 
vt 0.605239 0.195887 
vt 0.519155 0.193009 
vt 0.287984 0.903949 
vt 0.22179 0.822179 
vt 0.492708 0.976902 
vt 0.320314 0.981317 
vt 0.583207 0.990804 
vt 0.496961 0.251281 
vt 0.41374 0.247299 
vt 0.336528 0.368643 
vt 0.423725 0.300829 
vt 0.32271 0.310844 
vt 0.146321 0.442456 
vt 0.744957 0.257515 
vt 0.583641 0.284326 
vt 0.770707 0.635669 
vt 0.634068 0.620177 
vt 0.792802 0.603551 
vt 0.663689 0.585384 

usemtl Handle2Mtl

f 1421/1421/1421 1422/1422/1422 1423/1423/1423 
f 1423/1423/1423 1424/1424/1424 1421/1421/1421 
f 1427/1427/1427 1428/1428/1428 1429/1429/1429 
f 1429/1429/1429 1430/1430/1430 1427/1427/1427 
f 1435/1435/1435 1436/1436/1436 1437/1437/1437 
f 1437/1437/1437 1438/1438/1438 1435/1435/1435 
f 1435/1435/1435 1438/1438/1438 1439/1439/1439 
f 1423/1423/1423 1442/1442/1442 1443/1443/1443 
f 1443/1443/1443 1424/1424/1424 1423/1423/1423 
f 1459/1459/1459 1460/1460/1460 1430/1430/1430 
f 1430/1430/1430 1461/1461/1461 1459/1459/1459 
f 1458/1458/1458 1430/1430/1430 1429/1429/1429 
f 1457/1457/1457 1461/1461/1461 1430/1430/1430 
f 1430/1430/1430 1458/1458/1458 1457/1457/1457 
f 1462/1462/1462 1463/1463/1463 1464/1464/1464 
f 1465/1465/1465 1466/1466/1466 1467/1467/1467 
f 1467/1467/1467 1468/1468/1468 1465/1465/1465 
f 1469/1469/1469 1467/1467/1467 1466/1466/1466 
f 1462/1462/1462 1464/1464/1464 1471/1471/1471 
f 1471/1471/1471 1472/1472/1472 1462/1462/1462 
f 1468/1468/1468 1473/1473/1473 1474/1474/1474 
f 1474/1474/1474 1465/1465/1465 1468/1468/1468 
f 1477/1477/1477 1475/1475/1475 1476/1476/1476 
f 1483/1483/1483 1484/1484/1484 1485/1485/1485 
f 1486/1486/1486 1483/1483/1483 1485/1485/1485 
f 1461/1461/1461 1488/1488/1488 1459/1459/1459 
f 1449/1449/1449 1491/1491/1491 1492/1492/1492 
f 1492/1492/1492 1450/1450/1450 1449/1449/1449 
f 1430/1430/1430 1460/1460/1460 1427/1427/1427 
f 1496/1496/1496 1437/1437/1437 1436/1436/1436 
f 1436/1436/1436 1490/1490/1490 1496/1496/1496 
f 1491/1491/1491 1497/1497/1497 1498/1498/1498 
f 1498/1498/1498 1492/1492/1492 1491/1491/1491 
f 1447/1447/1447 1499/1499/1499 1500/1500/1500 
f 1500/1500/1500 1448/1448/1448 1447/1447/1447 
f 1494/1494/1494 1493/1493/1493 1437/1437/1437 
f 1437/1437/1437 1496/1496/1496 1494/1494/1494 
f 1428/1428/1428 1453/1453/1453 1454/1454/1454 
f 1454/1454/1454 1429/1429/1429 1428/1428/1428 
f 1503/1503/1503 1496/1496/1496 1490/1490/1490 
f 1490/1490/1490 1495/1495/1495 1503/1503/1503 
f 1499/1499/1499 1504/1504/1504 1505/1505/1505 
f 1505/1505/1505 1500/1500/1500 1499/1499/1499 
f 1502/1502/1502 1494/1494/1494 1496/1496/1496 
f 1496/1496/1496 1503/1503/1503 1502/1502/1502 
f 1504/1504/1504 1510/1510/1510 1511/1511/1511 
f 1511/1511/1511 1505/1505/1505 1504/1504/1504 
f 1497/1497/1497 1508/1508/1508 1512/1512/1512 
f 1512/1512/1512 1513/1513/1513 1497/1497/1497 
f 1502/1502/1502 1503/1503/1503 1516/1516/1516 
f 1510/1510/1510 1518/1518/1518 1519/1519/1519 
f 1519/1519/1519 1511/1511/1511 1510/1510/1510 
f 1515/1515/1515 1520/1520/1520 1521/1521/1521 
f 1521/1521/1521 1514/1514/1514 1515/1515/1515 
f 1517/1517/1517 1523/1523/1523 1524/1524/1524 
f 1524/1524/1524 1508/1508/1508 1517/1517/1517 
f 1525/1525/1525 1526/1526/1526 1519/1519/1519 
f 1519/1519/1519 1518/1518/1518 1525/1525/1525 
f 1527/1527/1527 1521/1521/1521 1520/1520/1520 
f 1520/1520/1520 1528/1528/1528 1527/1527/1527 
f 1531/1531/1531 1532/1532/1532 1530/1530/1530 
f 1533/1533/1533 1534/1534/1534 1535/1535/1535 
f 1537/1537/1537 1538/1538/1538 1539/1539/1539 
f 1522/1522/1522 1540/1540/1540 1523/1523/1523 
f 1523/1523/1523 1517/1517/1517 1522/1522/1522 
f 1541/1541/1541 1542/1542/1542 1526/1526/1526 
f 1526/1526/1526 1525/1525/1525 1541/1541/1541 
f 1543/1543/1543 1527/1527/1527 1528/1528/1528 
f 1528/1528/1528 1544/1544/1544 1543/1543/1543 
f 1535/1535/1535 1538/1538/1538 1537/1537/1537 
f 1537/1537/1537 1533/1533/1533 1535/1535/1535 
f 1532/1532/1532 1531/1531/1531 1546/1546/1546 
f 1536/1536/1536 1548/1548/1548 1540/1540/1540 
f 1540/1540/1540 1522/1522/1522 1536/1536/1536 
f 1549/1549/1549 1550/1550/1550 1542/1542/1542 
f 1542/1542/1542 1541/1541/1541 1549/1549/1549 
f 1529/1529/1529 1537/1537/1537 1539/1539/1539 
f 1539/1539/1539 1551/1551/1551 1529/1529/1529 
f 1552/1552/1552 1553/1553/1553 1543/1543/1543 
f 1543/1543/1543 1544/1544/1544 1552/1552/1552 
f 1555/1555/1555 1451/1451/1451 1452/1452/1452 
f 1532/1532/1532 1556/1556/1556 1557/1557/1557 
f 1557/1557/1557 1530/1530/1530 1532/1532/1532 
f 1431/1431/1431 1529/1529/1529 1551/1551/1551 
f 1551/1551/1551 1432/1432/1432 1431/1431/1431 
f 1558/1558/1558 1424/1424/1424 1443/1443/1443 
f 1547/1547/1547 1559/1559/1559 1556/1556/1556 
f 1556/1556/1556 1532/1532/1532 1547/1547/1547 
f 1550/1550/1550 1549/1549/1549 1422/1422/1422 
f 1422/1422/1422 1421/1421/1421 1550/1550/1550 
f 1534/1534/1534 1533/1533/1533 1433/1433/1433 
f 1433/1433/1433 1509/1509/1509 1534/1534/1534 
f 1561/1561/1561 1562/1562/1562 1553/1553/1553 
f 1553/1553/1553 1552/1552/1552 1561/1561/1561 
f 1563/1563/1563 1555/1555/1555 1554/1554/1554 
f 1530/1530/1530 1557/1557/1557 1565/1565/1565 
f 1562/1562/1562 1561/1561/1561 1477/1477/1477 
f 1477/1477/1477 1476/1476/1476 1562/1562/1562 
f 1567/1567/1567 1568/1568/1568 1563/1563/1563 
f 1563/1563/1563 1564/1564/1564 1567/1567/1567 
f 1569/1569/1569 1570/1570/1570 1484/1484/1484 
f 1484/1484/1484 1483/1483/1483 1569/1569/1569 
f 1484/1484/1484 1565/1565/1565 1557/1557/1557 
f 1557/1557/1557 1485/1485/1485 1484/1484/1484 
f 1569/1569/1569 1483/1483/1483 1571/1571/1571 
f 1571/1571/1571 1572/1572/1572 1569/1569/1569 
f 1568/1568/1568 1567/1567/1567 1574/1574/1574 
f 1574/1574/1574 1575/1575/1575 1568/1568/1568 
f 1565/1565/1565 1484/1484/1484 1570/1570/1570 
f 1497/1497/1497 1513/1513/1513 1498/1498/1498 
f 1575/1575/1575 1574/1574/1574 1577/1577/1577 
f 1577/1577/1577 1578/1578/1578 1575/1575/1575 
f 1488/1488/1488 1461/1461/1461 1456/1456/1456 
f 1456/1456/1456 1576/1576/1576 1488/1488/1488 
f 1578/1578/1578 1577/1577/1577 1480/1480/1480 
f 1480/1480/1480 1481/1481/1481 1578/1578/1578 
f 1508/1508/1508 1524/1524/1524 1512/1512/1512 
f 1464/1464/1464 1463/1463/1463 1469/1469/1469 
f 1469/1469/1469 1466/1466/1466 1464/1464/1464 
f 1536/1536/1536 1446/1446/1446 1445/1445/1445 
f 1445/1445/1445 1548/1548/1548 1536/1536/1536 
f 1546/1546/1546 1582/1582/1582 1434/1434/1434 
f 1531/1531/1531 1583/1583/1583 1582/1582/1582 
f 1582/1582/1582 1546/1546/1546 1531/1531/1531 
f 1506/1506/1506 1516/1516/1516 1584/1584/1584 
f 1584/1584/1584 1585/1585/1585 1506/1506/1506 
f 1584/1584/1584 1582/1582/1582 1583/1583/1583 
f 1583/1583/1583 1585/1585/1585 1584/1584/1584 
f 1556/1556/1556 1487/1487/1487 1485/1485/1485 
f 1485/1485/1485 1557/1557/1557 1556/1556/1556 
f 1559/1559/1559 1487/1487/1487 1556/1556/1556 

g Handle7

v -354.91 3.25845 13.9329 
v -354.992 3.17076 13.8957 
v -354.774 3.60557 13.2368 
v -354.949 3.6031 13.2766 
v -355.025 2.9822 12.922 
v -354.366 2.78514 12.7043 
v -354.402 2.95339 12.6415 
v -354.467 2.91025 12.7304 
v -354.363 4.32806 14.0913 
v -354.429 4.35649 14.1063 
v -354.745 3.64217 13.3074 
v -354.424 2.79963 12.8707 
v -354.404 3.272 12.0556 
v -354.353 3.21 12.0452 
v -354.423 3.18183 12.0166 
v -354.506 3.25021 12.0655 
v -354.463 3.30512 12.1027 
v -354.341 3.2917 12.1314 
v -354.302 3.23192 12.1056 
v -354.404 3.32789 12.1579 
v -354.692 2.89035 12.7392 
v -354.556 2.91433 12.816 
v -354.692 2.89035 12.7392 
v -354.795 2.93935 12.8002 
v -354.664 3.00027 12.8832 
v -354.608 2.92531 12.6941 
v -354.707 2.84176 12.6462 
v -354.608 2.92531 12.6941 
v -354.738 4.63615 13.0845 
v -354.652 4.62107 13.0968 
v -354.661 4.58633 13.0051 
v -354.729 4.61676 13.0088 
v -354.744 4.6093 13.1747 
v -354.678 4.58074 13.1987 
v -354.652 4.62107 13.0968 
v -354.582 4.51706 13.1112 
v -354.678 4.58074 13.1987 
v -354.61 4.52139 13.1918 
v -354.356 4.42367 14.0081 
v -354.445 4.44173 14.0327 
v -354.46 4.46347 13.9385 
v -354.395 4.43856 13.8981 
v -354.686 3.57917 13.6392 
v -354.586 3.51785 13.7448 
v -354.617 3.42876 13.8827 
v -354.501 3.916 14.2601 
v -354.822 3.33115 13.9448 
v -354.907 3.25682 14.0021 
v -354.65 3.3774 13.9277 
v -354.822 3.33115 13.9448 
v -354.4 3.91561 14.307 
v -354.567 3.32143 13.8988 
v -354.521 2.97431 13.1076 
v -355.065 3.50118 13.298 
v -354.949 3.6031 13.2766 
v -355.074 3.56323 13.2239 
v -354.916 3.23172 13.955 
v -354.646 2.93268 12.5987 
v -354.546 2.99377 12.6404 
v -354.546 2.99377 12.6404 
v -354.411 3.29689 12.2767 
v -354.304 3.25422 12.252 
v -354.404 3.32789 12.1579 
v -354.463 3.30512 12.1027 
v -354.514 3.27748 12.2197 
v -354.411 3.29689 12.2767 
v -354.435 3.20759 12.4221 
v -354.317 3.14177 12.4194 
v -354.292 3.21253 12.3559 
v -354.506 3.25021 12.0655 
v -354.544 3.20072 12.3539 
v -354.435 3.20759 12.4221 
v -354.58 3.10618 12.4585 
v -354.848 4.53487 13.0799 
v -354.563 4.71672 13.6808 
v -354.492 4.66881 13.6831 
v -354.472 4.7281 13.5814 
v -354.566 4.76343 13.5965 
v -354.558 3.32417 13.9861 
v -354.956 3.62377 13.286 
v -354.567 4.75706 13.4992 
v -354.497 4.7147 13.4763 
v -354.651 4.66187 13.4534 
v -354.687 4.66941 13.584 
v -354.636 2.58308 12.493 
v -354.883 4.33566 13.5467 
v -354.882 3.08841 12.8576 
v -354.474 4.33502 13.8194 
v -354.548 4.37763 13.8933 
v -354.558 4.34647 14.0266 
v -355.138 3.32552 13.0818 
v -354.638 4.26048 13.868 
v -354.563 4.21682 13.7827 
v -354.711 3.60841 13.5879 
v -354.905 3.56611 13.6448 
v -354.894 3.55622 13.6446 
v -354.802 3.3688 13.9469 
v -355.106 2.99916 13.7653 
v -354.398 3.86754 14.4794 
v -354.448 3.90107 14.5078 
v -354.398 3.86754 14.4794 
v -354.395 3.94042 14.4257 
v -354.463 3.9656 14.4632 
v -354.476 3.99941 14.39 
v -354.433 3.96843 14.334 
v -354.567 3.95136 14.3332 
v -354.501 3.916 14.2601 
v -354.581 3.90515 14.4513 
v -354.664 3.83217 14.2645 
v -354.588 3.80289 14.181 
v -354.733 3.6985 14.1944 
v -354.642 3.70401 14.1238 
v -354.753 3.63628 14.3223 
v -354.593 3.04067 12.5352 
v -354.5 3.10159 12.5398 
v -354.345 3.03426 12.521 
v -354.5 3.10159 12.5398 

vn -0.354331 0.0393701 0.937008 
vn -0.787402 0.204724 0.582677 
vn 0.220472 0.0314961 0.976378 
vn 0.220472 0.023622 0.976378 
vn -0.661417 0.0393701 -0.748031 
vn 0.92126 0.244094 0.299213 
vn 0.755906 0.370079 0.543307 
vn 0.653543 0.590551 0.472441 
vn 0.141732 -0.0393701 0.992126 
vn 0.181102 -0.102362 0.976378 
vn 0.874016 0.377953 -0.299213 
vn 0.850394 0.503937 0.11811 
vn 0.181102 0.637795 -0.748031 
vn 0.417323 0.480315 -0.771654 
vn 0.110236 0.362205 -0.92126 
vn -0.220472 0.614173 -0.755906 
vn -0.0551181 0.795276 -0.606299 
vn 0.425197 0.724409 -0.543307 
vn 0.503937 0.590551 -0.629921 
vn 0.212598 0.866142 -0.456693 
vn -0.267717 0.472441 -0.84252 
vn 0.456693 0.771654 0.448819 
vn -0.267717 0.472441 -0.84252 
vn -0.401575 0.338583 -0.850394 
vn 0.0944882 0.795276 -0.606299 
vn -0.480315 0.795276 -0.362205 
vn -0.795276 0.559055 -0.244094 
vn -0.480315 0.795276 -0.362205 
vn 0.283465 0.913386 -0.299213 
vn 0.212598 0.905512 -0.362205 
vn 0.299213 0.913386 -0.275591 
vn 0.385827 0.905512 -0.188976 
vn 0.165354 0.897638 0.401575 
vn 0.204724 0.866142 0.456693 
vn 0.212598 0.905512 -0.362205 
vn 0.850394 0.496063 -0.173228 
vn 0.204724 0.866142 0.456693 
vn 0.677165 0.700787 0.228346 
vn 0.370079 0.661417 0.653543 
vn 0.283465 0.850394 0.440945 
vn 0.283465 0.96063 0.0551181 
vn 0.338583 0.944882 -0.0393701 
vn 0.748031 0.511811 -0.417323 
vn 0.850394 0.377953 -0.362205 
vn 0.968504 -0.204724 0.125984 
vn 0.314961 0.480315 -0.818898 
vn -0.708661 0.511811 -0.480315 
vn -0.897638 0.448819 0 
vn -0.141732 0.527559 -0.834646 
vn -0.708661 0.511811 -0.480315 
vn 0.354331 0.551181 -0.755906 
vn 0.874016 0.480315 0.0629921 
vn 0.88189 0.433071 -0.181102 
vn -0.818898 0.496063 -0.283465 
vn 0.220472 0.023622 0.976378 
vn -0.779528 0.283465 0.559055 
vn -0.818898 0.496063 0.291339 
vn -0.80315 0.574803 0.15748 
vn -0.566929 0.779528 0.259843 
vn -0.566929 0.779528 0.259843 
vn 0.401575 0.866142 0.299213 
vn 0.700787 0.692913 0.173228 
vn 0.212598 0.866142 -0.456693 
vn -0.0551181 0.795276 -0.606299 
vn -0.385827 0.905512 0.173228 
vn 0.401575 0.866142 0.299213 
vn 0.330709 0.566929 0.755906 
vn 0.330709 0.566929 0.755906 
vn 0.330709 0.566929 0.755906 
vn -0.220472 0.614173 -0.755906 
vn -0.401575 0.818898 0.417323 
vn 0.330709 0.566929 0.755906 
vn -0.929134 0.354331 0.0629921 
vn -0.834646 0.543307 -0.0393701 
vn 0.370079 0.771654 0.519685 
vn 0.850394 0.377953 0.354331 
vn 0.866142 0.448819 -0.220472 
vn 0.307087 0.929134 0.204724 
vn 0.716535 0.685039 -0.0866142 
vn -0.551181 0.448819 -0.700787 
vn 0.370079 0.913386 -0.165354 
vn 0.826772 0.496063 -0.259843 
vn -0.133858 0.511811 -0.850394 
vn -0.76378 0.622047 0.15748 
vn -0.433071 -0.417323 -0.795276 
vn -0.818898 0.370079 0.440945 
vn -0.456693 0.0787402 -0.889764 
vn 0.19685 0.267717 -0.944882 
vn -0.299213 0.645669 -0.700787 
vn -0.700787 0.519685 0.496063 
vn -0.952756 0.0787402 -0.291339 
vn -0.511811 0.535433 -0.669291 
vn 0.125984 0.19685 -0.968504 
vn 0.937008 0.125984 0.330709 
vn -0.322835 0.0472441 0.944882 
vn -0.645669 0.582677 -0.496063 
vn -0.165354 -0.102362 0.984252 
vn -0.889764 0.0629921 0.448819 
vn 0.779528 0.338583 0.527559 
vn 0.590551 0.488189 0.637795 
vn 0.779528 0.338583 0.527559 
vn 0.771654 0.574803 0.283465 
vn 0.511811 0.700787 0.488189 
vn 0.511811 0.84252 0.188976 
vn 0.346457 0.590551 -0.732283 
vn -0.251969 0.771654 -0.582677 
vn 0.314961 0.480315 -0.818898 
vn -0.645669 0.488189 0.582677 
vn -0.464567 0.653543 -0.598425 
vn 0.220472 0.433071 -0.874016 
vn -0.559055 0.566929 -0.606299 
vn 0.149606 0.456693 -0.88189 
vn -0.76378 0 0.645669 
vn -0.472441 0.677165 0.566929 
vn -0.433071 0.716535 0.543307 
vn 0.889764 0.125984 0.433071 
vn -0.433071 0.716535 0.543307 

vt 0.236115 0.686869 
vt 0.248377 0.767543 
vt 0.519428 0.551002 
vt 0.503244 0.74245 
vt 0.633342 0.806593 
vt 0.730389 0.121018 
vt 0.757896 0.157258 
vt 0.721188 0.226064 
vt 0.172175 0.100872 
vt 0.165951 0.173736 
vt 0.480343 0.534177 
vt 0.661237 0.182703 
vt 0.985549 0.146838 
vt 0.989596 0.0957075 
vt 1 0.165239 
vt 0.981448 0.249478 
vt 0.967556 0.205932 
vt 0.956397 0.0829353 
vt 0.966175 0.0426143 
vt 0.946319 0.147223 
vt 0.706911 0.451255 
vt 0.686179 0.318498 
vt 0.706911 0.451255 
vt 0.68203 0.560334 
vt 0.650294 0.428302 
vt 0.729119 0.354728 
vt 0.749551 0.456174 
vt 0.729119 0.354728 
vt 0.570964 0.513899 
vt 0.565453 0.418302 
vt 0.60342 0.429462 
vt 0.602627 0.506292 
vt 0.539973 0.517641 
vt 0.530681 0.446175 
vt 0.565453 0.418302 
vt 0.561129 0.355332 
vt 0.530681 0.446175 
vt 0.531626 0.38251 
vt 0.203234 0.0985531 
vt 0.191526 0.193506 
vt 0.226667 0.210355 
vt 0.242336 0.140394 
vt 0.34451 0.466717 
vt 0.302036 0.360017 
vt 0.24995 0.396501 
vt 0.0888529 0.255043 
vt 0.219758 0.583722 
vt 0.200396 0.671791 
vt 0.22382 0.407925 
vt 0.219758 0.583722 
vt 0.0702774 0.145535 
vt 0.242873 0.339389 
vt 0.562512 0.290131 
vt 0.484309 0.846251 
vt 0.503244 0.74245 
vt 0.521263 0.857551 
vt 0.221905 0.684221 
vt 0.772153 0.389747 
vt 0.756015 0.284793 
vt 0.756015 0.284793 
vt 0.904181 0.159343 
vt 0.913188 0.0486748 
vt 0.946319 0.147223 
vt 0.967556 0.205932 
vt 0.926353 0.253899 
vt 0.904181 0.159343 
vt 0.848796 0.183674 
vt 0.849905 0.0546001 
vt 0.875721 0.0280901 
vt 0.981448 0.249478 
vt 0.87375 0.287108 
vt 0.848796 0.183674 
vt 0.828359 0.31445 
vt 0.574916 0.60903 
vt 0.335211 0.324005 
vt 0.332944 0.256752 
vt 0.369609 0.235625 
vt 0.366929 0.325987 
vt 0.206165 0.326004 
vt 0.485771 0.732881 
vt 0.403445 0.328202 
vt 0.412023 0.262457 
vt 0.416512 0.409283 
vt 0.371611 0.434851 
vt 0.80736 0.386828 
vt 0.389063 0.647395 
vt 0.658372 0.654876 
vt 0.266968 0.222932 
vt 0.238926 0.293813 
vt 0.194434 0.295668 
vt 0.57213 0.923762 
vt 0.249463 0.38713 
vt 0.281673 0.318764 
vt 0.371425 0.498233 
vt 0.353286 0.682174 
vt 0.341661 0.663472 
vt 0.230837 0.573383 
vt 0.300283 0.889545 
vt 0.0106245 0.152701 
vt 0 0.203938 
vt 0.0106245 0.152701 
vt 0.0304756 0.149319 
vt 0.0169 0.218094 
vt 0.0442454 0.232351 
vt 0.0595028 0.181717 
vt 0.0610508 0.315296 
vt 0.0888529 0.255043 
vt 0.0225094 0.321742 
vt 0.0888567 0.416359 
vt 0.120554 0.348363 
vt 0.117296 0.489666 
vt 0.143723 0.405684 
vt 0.0754818 0.506743 
vt 0.801304 0.339044 
vt 0.799226 0.238415 
vt 0.805974 0.097229 
vt 0.799226 0.238415 

usemtl Handle2Mtl

f 1601/1601/1601 1602/1602/1602 1598/1598/1598 
f 1599/1599/1599 1598/1598/1598 1603/1603/1603 
f 1603/1603/1603 1604/1604/1604 1599/1599/1599 
f 1598/1598/1598 1602/1602/1602 1605/1605/1605 
f 1605/1605/1605 1603/1603/1603 1598/1598/1598 
f 1593/1593/1593 1607/1607/1607 1597/1597/1597 
f 1608/1608/1608 1609/1609/1609 1610/1610/1610 
f 1610/1610/1610 1607/1607/1607 1608/1608/1608 
f 1606/1606/1606 1611/1611/1611 1612/1612/1612 
f 1613/1613/1613 1608/1608/1608 1607/1607/1607 
f 1607/1607/1607 1593/1593/1593 1613/1613/1613 
f 1614/1614/1614 1615/1615/1615 1616/1616/1616 
f 1616/1616/1616 1617/1617/1617 1614/1614/1614 
f 1618/1618/1618 1619/1619/1619 1615/1615/1615 
f 1615/1615/1615 1614/1614/1614 1618/1618/1618 
f 1622/1622/1622 1623/1623/1623 1621/1621/1621 
f 1624/1624/1624 1625/1625/1625 1595/1595/1595 
f 1595/1595/1595 1594/1594/1594 1624/1624/1624 
f 1626/1626/1626 1625/1625/1625 1624/1624/1624 
f 1624/1624/1624 1627/1627/1627 1626/1626/1626 
f 1611/1611/1611 1644/1644/1644 1643/1643/1643 
f 1593/1593/1593 1592/1592/1592 1645/1645/1645 
f 1645/1645/1645 1613/1613/1613 1593/1593/1593 
f 1605/1605/1605 1646/1646/1646 1647/1647/1647 
f 1647/1647/1647 1603/1603/1603 1605/1605/1605 
f 1648/1648/1648 1649/1649/1649 1650/1650/1650 
f 1650/1650/1650 1651/1651/1651 1648/1648/1648 
f 1652/1652/1652 1654/1654/1654 1647/1647/1647 
f 1646/1646/1646 1652/1652/1652 1647/1647/1647 
f 1651/1651/1651 1650/1650/1650 1656/1656/1656 
f 1656/1656/1656 1657/1657/1657 1651/1651/1651 
f 1659/1659/1659 1614/1614/1614 1617/1617/1617 
f 1660/1660/1660 1661/1661/1661 1662/1662/1662 
f 1662/1662/1662 1663/1663/1663 1660/1660/1660 
f 1637/1637/1637 1634/1634/1634 1664/1664/1664 
f 1665/1665/1665 1596/1596/1596 1588/1588/1588 
f 1588/1588/1588 1589/1589/1589 1665/1665/1665 
f 1666/1666/1666 1663/1663/1663 1662/1662/1662 
f 1662/1662/1662 1667/1667/1667 1666/1666/1666 
f 1660/1660/1660 1663/1663/1663 1669/1669/1669 
f 1666/1666/1666 1668/1668/1668 1669/1669/1669 
f 1669/1669/1669 1663/1663/1663 1666/1666/1666 
f 1627/1627/1627 1673/1673/1673 1674/1674/1674 
f 1675/1675/1675 1625/1625/1625 1626/1626/1626 
f 1673/1673/1673 1678/1678/1678 1677/1677/1677 
f 1681/1681/1681 1628/1628/1628 1679/1679/1679 
f 1679/1679/1679 1680/1680/1680 1681/1681/1681 
f 1634/1634/1634 1630/1630/1630 1682/1682/1682 
f 1687/1687/1687 1688/1688/1688 1685/1685/1685 
f 1689/1689/1689 1688/1688/1688 1687/1687/1687 
f 1687/1687/1687 1690/1690/1690 1689/1689/1689 
f 1691/1691/1691 1689/1689/1689 1690/1690/1690 
f 1690/1690/1690 1692/1692/1692 1691/1691/1691 
f 1610/1610/1610 1638/1638/1638 1597/1597/1597 
f 1597/1597/1597 1607/1607/1607 1610/1610/1610 
f 1694/1694/1694 1691/1691/1691 1692/1692/1692 
f 1692/1692/1692 1695/1695/1695 1694/1694/1694 
f 1693/1693/1693 1688/1688/1688 1689/1689/1689 
f 1689/1689/1689 1691/1691/1691 1693/1693/1693 
f 1633/1633/1633 1632/1632/1632 1642/1642/1642 
f 1696/1696/1696 1694/1694/1694 1695/1695/1695 
f 1695/1695/1695 1697/1697/1697 1696/1696/1696 
f 1658/1658/1658 1699/1699/1699 1700/1700/1700 
f 1657/1657/1657 1656/1656/1656 1658/1658/1658 
f 1658/1658/1658 1700/1700/1700 1657/1657/1657 
f 1701/1701/1701 1653/1653/1653 1652/1652/1652 
f 1652/1652/1652 1702/1702/1702 1701/1701/1701 
f 1592/1592/1592 1701/1701/1701 1702/1702/1702 
f 1702/1702/1702 1645/1645/1645 1592/1592/1592 
f 1699/1699/1699 1643/1643/1643 1644/1644/1644 
f 1644/1644/1644 1700/1700/1700 1699/1699/1699 

g Stick1

v -354.854 1.61016 13.3123 
v -354.854 0.0472642 13.3123 
v -354.854 1.61016 13.4744 
v -354.854 0.0472642 13.4744 
v -354.64 0.0472642 13.3123 
v -354.854 0.0472642 13.3123 
v -354.64 1.61016 13.3123 
v -354.854 1.61016 13.3123 
v -354.854 0.0472642 13.3123 
v -354.64 0.0472642 13.3123 
v -354.854 0.0472642 13.4744 
v -354.64 0.0472642 13.4744 
v -354.64 0.0472642 13.3123 
v -354.64 1.61016 13.3123 
v -354.64 0.0472642 13.4744 
v -354.64 1.61016 13.4744 
v -354.64 1.61016 13.4744 
v -354.854 1.61016 13.4744 
v -354.64 0.0472642 13.4744 
v -354.854 0.0472642 13.4744 
v -354.64 1.61016 13.3123 
v -354.854 1.61016 13.3123 
v -354.64 1.61016 13.4744 
v -354.854 1.61016 13.4744 

vn -1 0 0 
vn -1 0 0 
vn -1 0 0 
vn -1 0 0 
vn 0 0 -1 
vn 0 0 -1 
vn 0 0 -1 
vn 0 0 -1 
vn 0 -1 0 
vn 0 -1 0 
vn 0 -1 0 
vn 0 -1 0 
vn 1 0 0 
vn 1 0 0 
vn 1 0 0 
vn 1 0 0 
vn 0 0 1 
vn 0 0 1 
vn 0 0 1 
vn 0 0 1 
vn 0 1 0 
vn 0 1 0 
vn 0 1 0 
vn 0 1 0 

vt 1.69536 0.75 
vt 1.5 0.75 
vt 1.69536 0.729733 
vt 1.5 0.729733 
vt 1.52682 0.75 
vt 1.5 0.75 
vt 1.52682 0.554638 
vt 1.5 0.554638 
vt 1.52682 0.75 
vt 1.5 0.75 
vt 1.52682 0.729733 
vt 1.5 0.729733 
vt 1.69536 0.75 
vt 1.5 0.75 
vt 1.69536 0.729733 
vt 1.5 0.729733 
vt 1.52682 0.75 
vt 1.5 0.75 
vt 1.52682 0.554638 
vt 1.5 0.554638 
vt 1.52682 0.75 
vt 1.5 0.75 
vt 1.52682 0.729733 
vt 1.5 0.729733 

usemtl Stick1Mtl

f 1703/1703/1703 1704/1704/1704 1705/1705/1705 
f 1705/1705/1705 1704/1704/1704 1706/1706/1706 
f 1707/1707/1707 1708/1708/1708 1709/1709/1709 
f 1709/1709/1709 1708/1708/1708 1710/1710/1710 
f 1711/1711/1711 1712/1712/1712 1713/1713/1713 
f 1713/1713/1713 1712/1712/1712 1714/1714/1714 
f 1715/1715/1715 1716/1716/1716 1717/1717/1717 
f 1717/1717/1717 1716/1716/1716 1718/1718/1718 
f 1719/1719/1719 1720/1720/1720 1721/1721/1721 
f 1721/1721/1721 1720/1720/1720 1722/1722/1722 
f 1723/1723/1723 1724/1724/1724 1725/1725/1725 
f 1725/1725/1725 1724/1724/1724 1726/1726/1726 

