# This file is brought to you by Roblox Corporation
# Generated by Roblox Studio

mtllib Slap_6.mtl

g Handle1

v 35.2951 1.30742 -66.8885 
v 35.4704 1.30972 -66.8487 
v 35.5292 1.93094 -67.1687 
v 35.3902 1.82552 -67.2303 
v 35.3036 1.97978 -67.2885 
v 35.4066 2.10948 -67.2925 
v 34.9013 2.13209 -67.4075 
v 34.8828 0.583506 -66.0343 
v 35.0824 0.699474 -66.3036 
v 34.9946 0.582691 -66.2675 
v 34.9276 0.664304 -66.2736 
v 35.0428 0.817948 -66.3235 
v 34.9875 0.280585 -66.6252 
v 35.0308 0.207575 -66.6243 
v 35.2797 1.27775 -66.7924 
v 34.8843 2.20315 -67.6166 
v 34.9249 1.65311 -68.0352 
v 34.8781 1.71196 -68.0451 
v 34.9418 1.73777 -68.0707 
v 34.9859 1.70711 -68.0585 
v 35.0189 1.67443 -68.0251 
v 34.8664 1.63515 -67.9635 
v 34.8295 1.69225 -67.9875 
v 35.2037 2.03145 -67.3497 
v 35.2945 2.15118 -67.3876 
v 35.2037 2.03145 -67.3497 
v 35.3036 1.97978 -67.2885 
v 35.1827 1.92799 -67.2104 
v 35.1838 0.344289 -67.0951 
v 35.2541 0.3137 -67.0932 
v 35.1274 0.414225 -67.0733 
v 35.1838 0.344289 -67.0951 
v 34.9831 0.468097 -66.1683 
v 34.919 0.492691 -66.2069 
v 34.919 0.492691 -66.2069 
v 34.8716 0.562767 -66.2287 
v 34.8726 0.729621 -66.1952 
v 35.2179 1.34342 -66.4582 
v 35.067 1.16166 -66.2935 
v 34.9589 0.907032 -66.2353 
v 35.2512 0.985666 -66.3779 
v 35.152 0.805304 -66.3301 
v 35.1749 1.0859 -66.393 
v 35.2653 1.46205 -66.0919 
v 35.22 1.35456 -66.0413 
v 35.1492 1.40712 -66.0635 
v 34.969 1.07995 -65.849 
v 35.0677 1.21764 -65.9473 
v 35.1095 1.11812 -65.9073 
v 35.024 1.00596 -65.8293 
v 35.162 1.21747 -65.9643 
v 35.325 1.59144 -66.1513 
v 35.164 1.54551 -66.1613 
v 35.325 1.59144 -66.1513 
v 34.9569 0.955738 -65.7571 
v 34.9237 1.00777 -65.7836 
v 35.5655 1.42109 -66.8021 
v 35.5648 1.35141 -66.7585 
v 35.4617 1.29756 -66.8057 
v 35.4704 1.30972 -66.8487 
v 35.6307 1.5455 -66.8817 
v 35.3981 1.36779 -66.4512 
v 35.4928 1.42975 -66.4009 
v 35.5618 3.12817 -66.946 
v 35.2118 3.04652 -67.1267 
v 35.3518 2.86554 -67.1888 
v 35.2307 2.8696 -67.2352 
v 35.0201 2.88505 -67.1528 
v 35.0753 2.82217 -67.2501 
v 35.3182 1.14699 -66.413 
v 35.0189 1.67443 -68.0251 
v 34.8448 1.80973 -67.9948 
v 35.1641 0.554611 -67.1023 
v 35.2355 0.469749 -67.1461 
v 34.9859 1.70711 -68.0585 
v 35.0191 1.78492 -68.0168 
v 34.8327 1.93839 -67.8988 
v 34.9398 1.81678 -68.0353 
v 35.2455 0.763616 -67.1389 
v 35.2991 0.630377 -67.1717 
v 35.2355 0.469749 -67.1461 
v 35.316 0.409142 -67.1193 
v 35.0256 0.251098 -66.4298 
v 35.0425 1.89091 -67.9252 
v 34.9415 1.93905 -67.9489 
v 35.2991 0.630377 -67.1717 
v 35.3833 0.560003 -67.1323 
v 35.0703 1.98292 -67.8252 
v 35.089 1.60188 -66.1179 
v 35.3067 1.06797 -67.1566 
v 35.4617 1.29756 -66.8057 
v 35.3399 0.768972 -67.1828 
v 35.4395 0.73357 -67.1409 
v 35.3867 0.978138 -67.1947 
v 35.3399 0.768972 -67.1828 
v 35.091 0.173559 -66.6032 
v 35.0308 0.207575 -66.6243 
v 34.9584 2.04284 -67.8525 
v 35.3144 1.3553 -67.154 
v 35.3867 0.978138 -67.1947 
v 35.4909 0.938909 -67.1494 
v 35.0984 0.315492 -66.6847 
v 35.1653 0.260722 -66.6353 
v 35.3049 1.57872 -67.1678 
v 35.4352 1.37439 -67.1917 
v 35.4151 1.13995 -67.195 
v 35.4151 1.13995 -67.195 
v 35.5287 1.13747 -67.1472 
v 35.2559 0.406432 -66.6618 
v 35.1843 0.466363 -66.7191 
v 35.04 0.409397 -66.6662 
v 35.306 2.39383 -67.4205 
v 35.1447 2.32093 -67.5968 
v 35.1528 2.50836 -67.4786 
v 35.2641 0.963456 -66.7556 
v 35.3998 1.04904 -66.7866 
v 35.3436 0.859442 -66.7728 
v 35.265 1.77271 -67.1852 
v 35.1515 0.615329 -66.7114 
v 35.2529 0.611685 -66.7415 
v 35.1843 0.466363 -66.7191 
v 35.4309 1.6027 -67.2017 
v 35.4352 1.37439 -67.1917 
v 35.5553 1.37097 -67.1393 
v 35.3449 0.585354 -66.6865 
v 35.2529 0.611685 -66.7415 
v 35.3834 0.584091 -66.5678 
v 35.0039 2.35465 -67.5836 
v 34.9905 2.51834 -67.4217 
v 35.3902 1.82552 -67.2303 
v 35.4309 1.6027 -67.2017 
v 35.5586 1.61947 -67.1431 
v 35.0984 0.315492 -66.6847 
v 35.3436 0.859442 -66.7728 
v 35.4385 0.831668 -66.714 
v 34.9946 0.582691 -66.2675 
v 35.0595 0.54764 -66.1985 
v 35.126 2.71729 -67.3417 
v 35.2887 2.6812 -67.3242 
v 35.4497 2.36378 -67.2772 
v 34.9887 2.74265 -67.2558 
v 35.6365 1.58841 -67.0182 
v 35.3998 1.04904 -66.7866 
v 35.5057 1.07504 -66.7323 
v 35.145 0.662585 -66.2244 
v 35.0824 0.699474 -66.3036 
v 35.4298 2.63899 -67.2373 
v 35.2468 1.30646 -66.5244 
v 35.152 0.805304 -66.3301 
v 35.2308 0.795935 -66.2553 
v 35.4425 3.11072 -67.0767 
v 35.5032 2.84448 -67.0941 
v 35.2551 3.34825 -67.0711 
v 35.4129 3.36263 -67.0572 
v 35.1722 3.39352 -66.9331 
v 35.2512 0.985666 -66.3779 
v 35.3274 0.9727 -66.3005 
v 35.3981 1.36779 -66.4512 
v 35.3182 1.14699 -66.413 
v 35.4107 1.1796 -66.3486 
v 35.5723 1.60812 -66.4294 
v 35.024 1.00596 -65.8293 
v 35.1718 1.09326 -65.8293 
v 35.0004 2.23721 -67.6813 
v 35.1256 2.18677 -67.6684 
v 34.9802 2.13264 -67.7679 
v 35.0985 2.07349 -67.7409 
v 34.8843 2.20315 -67.6166 
v 34.9418 1.73777 -68.0707 
v 35.2179 1.34342 -66.4582 
v 35.1202 1.40206 -66.3537 
v 35.2118 3.04652 -67.1267 
v 35.2307 2.8696 -67.2352 
v 35.0201 2.88505 -67.1528 
v 35.0753 2.82217 -67.2501 
v 35.0247 3.10691 -66.9309 
v 34.8448 1.80973 -67.9948 
v 34.8327 1.93839 -67.8988 
v 35.1359 0.57251 -66.9969 
v 35.2548 0.468298 -66.8839 
v 35.1641 0.49385 -66.9112 
v 35.0425 1.89091 -67.9252 
v 34.9415 1.93905 -67.9489 
v 35.0703 1.98292 -67.8252 
v 35.089 1.60188 -66.1179 
v 34.9584 2.04284 -67.8525 
v 35.1447 2.32093 -67.5968 
v 35.1528 2.50836 -67.4786 
v 35.0039 2.35465 -67.5836 
v 34.9905 2.51834 -67.4217 
v 34.9887 2.74265 -67.2558 
v 34.8662 2.6737 -67.082 
v 35.2468 1.30646 -66.5244 
v 35.4129 3.36263 -67.0572 
v 35.4479 3.40007 -66.9413 
v 35.4703 3.41883 -66.7264 
v 35.4664 3.42346 -66.4739 
v 35.4269 3.40461 -66.3146 
v 34.8441 2.04522 -67.7992 
v 35.0004 2.23721 -67.6813 
v 34.8596 2.11542 -67.725 
v 34.9802 2.13264 -67.7679 
v 35.1904 3.42142 -66.4268 
v 35.2697 3.40542 -66.2886 
v 35.2551 3.34825 -67.0711 
v 35.1722 3.39352 -66.9331 
v 35.1328 3.40603 -66.6844 
v 35.4195 1.65469 -66.1916 
v 35.4241 1.55428 -66.1976 
v 35.4934 1.74568 -66.2217 
v 35.5292 1.93094 -67.1687 
v 35.3902 1.82552 -67.2303 
v 35.4066 2.10948 -67.2925 
v 34.8828 0.583506 -66.0343 
v 34.9496 0.553818 -66.019 
v 34.8843 2.20315 -67.6166 
v 34.9418 1.73777 -68.0707 
v 35.2037 2.03145 -67.3497 
v 35.2945 2.15118 -67.3876 
v 35.2037 2.03145 -67.3497 
v 35.1153 2.00295 -67.4044 
v 35.2082 2.08177 -67.4546 
v 35.2611 0.29447 -67.0153 
v 35.1838 0.344289 -67.0951 
v 35.2541 0.3137 -67.0932 
v 35.2645 0.321002 -66.9391 
v 35.1991 0.348941 -66.9162 
v 34.9677 0.487629 -66.0819 
v 34.9831 0.468097 -66.1683 
v 34.919 0.492691 -66.2069 
v 35.3454 1.51 -66.0349 
v 35.2653 1.46205 -66.0919 
v 35.325 1.59144 -66.1513 
v 35.4057 1.66451 -66.1037 
v 35.325 1.59144 -66.1513 
v 35.4994 2.33314 -66.2034 
v 35.4282 2.5861 -66.2001 
v 35.4408 2.37622 -66.1356 
v 35.7013 2.06039 -66.7776 
v 35.6797 2.3329 -66.7087 
v 35.7063 2.05305 -66.6908 
v 35.6506 2.13915 -66.4625 
v 35.6024 2.44222 -66.4262 
v 35.6209 2.19422 -66.3883 
v 35.6478 2.13809 -67.0026 
v 35.6369 2.37854 -66.9701 
v 35.6772 2.08694 -66.9103 
v 35.6899 2.07179 -66.6012 
v 35.6666 1.79675 -66.5544 
v 35.5997 1.57111 -66.5249 
v 35.6453 1.56525 -66.6516 
v 35.6915 1.77995 -66.6685 
v 35.5655 1.42109 -66.8021 
v 35.6316 1.54103 -66.7777 
v 35.5648 1.35141 -66.7585 
v 35.4617 1.29756 -66.8057 
v 35.5676 1.42074 -66.8491 
v 35.4704 1.30972 -66.8487 
v 35.5758 1.35479 -66.893 
v 35.6307 1.5455 -66.8817 
v 35.5207 1.46899 -66.4881 
v 35.5324 1.3857 -66.5162 
v 35.4171 1.69055 -66.1566 
v 35.4643 1.80802 -66.1408 
v 35.3981 1.36779 -66.4512 
v 35.5067 1.48656 -66.4488 
v 35.4928 1.42975 -66.4009 
v 35.6429 2.81978 -66.7294 
v 35.6051 2.80583 -66.9482 
v 35.5618 3.12817 -66.946 
v 35.6091 3.15219 -66.7365 
v 35.1474 1.99117 -67.5102 
v 34.979 1.62314 -67.9909 
v 35.023 1.65298 -67.8896 
v 34.9587 1.7161 -67.6988 
v 35.0189 1.67443 -68.0251 
v 35.0559 1.72239 -67.9612 
v 35.0534 1.72801 -67.7602 
v 34.9587 1.7161 -67.6988 
v 34.9859 1.70711 -68.0585 
v 35.0191 1.78492 -68.0168 
v 35.0868 1.80713 -67.8518 
v 35.316 0.409142 -67.1193 
v 35.1819 2.08916 -67.5925 
v 35.2307 2.21588 -67.5299 
v 35.0425 1.89091 -67.9252 
v 35.1138 1.88956 -67.7441 
v 35.0784 1.81326 -67.6485 
v 35.328 0.416587 -66.9282 
v 35.3482 0.388354 -67.025 
v 35.3833 0.560003 -67.1323 
v 35.0872 0.211068 -66.4353 
v 35.0256 0.251098 -66.4298 
v 35.089 0.167506 -66.5134 
v 35.0703 1.98292 -67.8252 
v 35.3957 0.56635 -66.9248 
v 35.4228 0.538123 -67.0291 
v 35.4395 0.73357 -67.1409 
v 35.091 0.173559 -66.6032 
v 35.4537 0.738872 -66.923 
v 35.4857 0.719451 -67.0318 
v 35.3867 0.978138 -67.1947 
v 35.4909 0.938909 -67.1494 
v 35.1653 0.260722 -66.6353 
v 35.1887 0.255381 -66.5249 
v 35.1604 0.305358 -66.4287 
v 35.5287 1.13747 -67.1472 
v 35.5049 0.93846 -66.9203 
v 35.5404 0.925612 -67.0352 
v 35.2559 0.406432 -66.6618 
v 35.2891 0.400868 -66.5456 
v 35.2522 0.444376 -66.4418 
v 35.306 2.39383 -67.4205 
v 35.1447 2.32093 -67.5968 
v 35.5553 1.37097 -67.1393 
v 35.5409 1.12689 -66.9136 
v 35.5802 1.12639 -67.0319 
v 35.3449 0.585354 -66.6865 
v 35.3834 0.584091 -66.5678 
v 35.338 0.613351 -66.4591 
v 35.5586 1.61947 -67.1431 
v 35.6123 1.35621 -67.0217 
v 35.4385 0.831668 -66.714 
v 35.4753 0.834909 -66.591 
v 35.4227 0.858857 -66.4782 
v 35.0595 0.54764 -66.1985 
v 35.4497 2.36378 -67.2772 
v 35.0612 0.576276 -66.089 
v 35.6365 1.58841 -67.0182 
v 35.5057 1.07504 -66.7323 
v 35.4814 1.10571 -66.4992 
v 35.5395 1.08882 -66.6115 
v 35.145 0.662585 -66.2244 
v 35.4298 2.63899 -67.2373 
v 34.8662 2.6737 -67.082 
v 35.1483 0.693805 -66.1083 
v 35.6421 1.8525 -67.0213 
v 35.5902 1.35843 -66.6338 
v 35.2308 0.795935 -66.2553 
v 35.4425 3.11072 -67.0767 
v 35.5032 2.84448 -67.0941 
v 35.5523 2.55026 -67.1098 
v 35.5771 2.27328 -67.1103 
v 35.4129 3.36263 -67.0572 
v 35.2384 0.832023 -66.1383 
v 35.6735 1.80552 -66.8952 
v 35.3274 0.9727 -66.3005 
v 35.4479 3.40007 -66.9413 
v 35.4703 3.41883 -66.7264 
v 35.3372 1.01016 -66.1803 
v 35.2644 1.07832 -66.097 
v 35.6873 1.78395 -66.7811 
v 35.4107 1.1796 -66.3486 
v 35.4664 3.42346 -66.4739 
v 35.5688 3.18487 -66.4805 
v 35.4233 1.22355 -66.2304 
v 35.3484 1.28656 -66.1439 
v 35.4423 3.20579 -66.2913 
v 35.4269 3.40461 -66.3146 
v 35.5824 2.8839 -66.4699 
v 35.4954 1.47344 -66.2827 
v 35.5723 1.60812 -66.4294 
v 35.4308 2.94833 -66.2679 
v 35.6365 1.84778 -66.4449 
v 35.5569 1.68474 -66.318 
v 35.6051 1.91446 -66.3494 
v 34.9303 1.05159 -65.6369 
v 35.5557 1.98499 -66.2637 
v 35.5789 2.25299 -66.3206 
v 35.5054 2.05157 -66.1705 
v 35.4416 2.10434 -66.0845 
v 35.3312 1.90988 -65.9734 
v 35.2066 1.89997 -65.963 
v 35.4231 1.87863 -66.0415 
v 35.3146 1.74988 -65.919 
v 35.2848 1.6166 -65.8571 
v 35.3919 1.71373 -65.9945 
v 35.0792 0.976426 -65.7609 
v 35.024 1.00596 -65.8293 
v 35.0851 1.01697 -65.6661 
v 35.1322 1.21286 -65.6637 
v 35.2457 1.48594 -65.7951 
v 35.3518 1.56752 -65.9329 
v 35.1718 1.09326 -65.8293 
v 35.1841 1.13728 -65.7245 
v 35.1963 1.34098 -65.7274 
v 35.3069 1.42518 -65.8675 
v 35.2938 1.36915 -65.971 
v 35.22 1.35456 -66.0413 
v 35.2389 1.22519 -65.8993 
v 35.162 1.21747 -65.9643 
v 35.2545 1.27607 -65.7964 
v 35.101 1.88522 -67.5819 
v 35.0004 2.23721 -67.6813 
v 35.1256 2.18677 -67.6684 
v 35.0985 2.07349 -67.7409 
v 35.1421 1.97585 -67.6614 
v 35.4195 1.65469 -66.1916 
v 35.4241 1.55428 -66.1976 
v 35.4934 1.74568 -66.2217 
v 35.2951 1.30742 -66.8885 
v 35.3254 1.05637 -66.8889 
v 35.4409 1.11605 -66.8607 
v 35.4704 1.30972 -66.8487 
v 35.0091 0.652455 -66.0188 
v 34.9318 0.715143 -66.024 
v 34.8828 0.583506 -66.0343 
v 34.9496 0.553818 -66.019 
v 35.2037 2.03145 -67.3497 
v 35.2645 0.321002 -66.9391 
v 35.1991 0.348941 -66.9162 
v 35.1838 0.344289 -67.0951 
v 35.1991 0.348941 -66.9162 
v 35.1408 0.404978 -66.9185 
v 34.9677 0.487629 -66.0819 
v 34.8828 0.583506 -66.0343 
v 34.8383 0.637887 -66.0784 
v 34.9831 0.468097 -66.1683 
v 34.8801 0.760159 -66.0903 
v 35.1055 1.21548 -66.1589 
v 35.1536 1.4795 -66.2256 
v 34.9784 0.93766 -66.1053 
v 35.325 1.59144 -66.1513 
v 35.164 1.54551 -66.1613 
v 35.325 1.59144 -66.1513 
v 35.4282 2.5861 -66.2001 
v 35.4408 2.37622 -66.1356 
v 35.5997 1.57111 -66.5249 
v 35.5676 1.42074 -66.8491 
v 35.4704 1.30972 -66.8487 
v 35.5758 1.35479 -66.893 
v 35.6307 1.5455 -66.8817 
v 35.5207 1.46899 -66.4881 
v 35.4152 1.34719 -66.4798 
v 35.5324 1.3857 -66.5162 
v 35.3156 1.5415 -66.1786 
v 35.3981 1.36779 -66.4512 
v 35.0763 3.18091 -66.369 
v 35.043 2.97058 -66.2885 
v 35.0678 0.955167 -66.0561 
v 35.1655 1.13938 -66.0912 
v 35.2341 1.30364 -66.1276 
v 35.0026 0.848199 -66.0369 
v 34.9318 0.715143 -66.024 
v 35.0829 0.772314 -66.0351 
v 35.0026 0.848199 -66.0369 
v 34.9587 1.7161 -67.6988 
v 34.8405 1.78192 -67.7015 
v 34.8162 1.71116 -67.765 
v 35.1359 0.57251 -66.9969 
v 35.2548 0.468298 -66.8839 
v 35.1641 0.49385 -66.9112 
v 35.0256 0.251098 -66.4298 
v 34.9811 0.318945 -66.451 
v 35.328 0.416587 -66.9282 
v 35.2548 0.468298 -66.8839 
v 35.3267 0.640526 -66.8737 
v 35.291 0.806862 -66.8938 
v 35.0872 0.211068 -66.4353 
v 35.0256 0.251098 -66.4298 
v 35.2505 1.33801 -67.0319 
v 35.3957 0.56635 -66.9248 
v 35.3267 0.640526 -66.8737 
v 35.4537 0.738872 -66.923 
v 35.371 0.778022 -66.8708 
v 35.4143 0.972265 -66.8659 
v 35.371 0.778022 -66.8708 
v 35.1604 0.305358 -66.4287 
v 35.0909 0.377376 -66.4038 
v 35.2444 0.658245 -66.4208 
v 35.1439 0.660395 -66.4554 
v 35.1794 0.523937 -66.4088 
v 35.5049 0.93846 -66.9203 
v 35.4143 0.972265 -66.8659 
v 35.0909 0.377376 -66.4038 
v 35.0315 0.455397 -66.4495 
v 35.2522 0.444376 -66.4418 
v 35.1794 0.523937 -66.4088 
v 35.5409 1.12689 -66.9136 
v 35.4409 1.11605 -66.8607 
v 35.3834 0.584091 -66.5678 
v 35.338 0.613351 -66.4591 
v 35.2444 0.658245 -66.4208 
v 35.3232 0.903212 -66.4408 
v 35.245 1.00344 -66.4872 
v 35.4227 0.858857 -66.4782 
v 35.3232 0.903212 -66.4408 
v 35.0612 0.576276 -66.089 
v 35.4814 1.10571 -66.4992 
v 35.3683 1.09612 -66.459 
v 35.3683 1.09612 -66.459 
v 35.1483 0.693805 -66.1083 
v 35.2468 1.30646 -66.5244 
v 35.2384 0.832023 -66.1383 
v 35.1664 0.902724 -66.0607 
v 35.4152 1.34719 -66.4798 
v 35.3274 0.9727 -66.3005 
v 35.0678 0.955167 -66.0561 
v 35.3372 1.01016 -66.1803 
v 35.2644 1.07832 -66.097 
v 35.3981 1.36779 -66.4512 
v 35.1904 3.42142 -66.4268 
v 35.3484 1.28656 -66.1439 
v 35.1655 1.13938 -66.0912 
v 35.4423 3.20579 -66.2913 
v 35.4269 3.40461 -66.3146 
v 35.2466 3.21041 -66.2496 
v 35.4954 1.47344 -66.2827 
v 35.2341 1.30364 -66.1276 
v 35.5723 1.60812 -66.4294 
v 35.2697 3.40542 -66.2886 
v 35.2466 3.21041 -66.2496 
v 35.4308 2.94833 -66.2679 
v 35.2282 2.98618 -66.2085 
v 35.0188 2.71791 -66.2227 
v 35.2282 2.98618 -66.2085 
v 35.209 2.72003 -66.1497 
v 35.0243 2.39084 -66.1654 
v 35.3156 1.5415 -66.1786 
v 35.6051 1.91446 -66.3494 
v 35.209 2.72003 -66.1497 
v 35.1911 2.4269 -66.0765 
v 35.0599 2.0726 -66.1147 
v 34.9303 1.05159 -65.6369 
v 34.9023 1.0863 -65.6818 
v 35.1911 2.4269 -66.0765 
v 35.3545 2.40452 -66.0921 
v 35.0931 1.83046 -66.054 
v 35.1982 2.12844 -66.0185 
v 34.9772 1.02105 -65.6107 
v 34.9303 1.05159 -65.6369 
v 34.9902 0.960775 -65.6523 
v 35.0891 1.54123 -65.859 
v 35.1807 1.62165 -65.8368 
v 35.2024 1.74864 -65.9022 
v 35.1982 2.12844 -66.0185 
v 35.3396 2.13433 -66.0264 
v 35.2066 1.89997 -65.963 
v 35.4416 2.10434 -66.0845 
v 35.3312 1.90988 -65.9734 
v 35.2066 1.89997 -65.963 
v 34.9392 1.18314 -65.709 
v 35.4231 1.87863 -66.0415 
v 35.3146 1.74988 -65.919 
v 35.2024 1.74864 -65.9022 
v 35.0241 1.34316 -65.7621 
v 35.0447 1.0934 -65.6158 
v 34.9821 1.15203 -65.6382 
v 35.1807 1.62165 -65.8368 
v 35.2848 1.6166 -65.8571 
v 35.3919 1.71373 -65.9945 
v 35.0851 1.01697 -65.6661 
v 35.1322 1.21286 -65.6637 
v 35.058 1.27794 -65.6786 
v 35.1051 1.37795 -65.7237 
v 35.1517 1.52049 -65.7888 
v 35.2457 1.48594 -65.7951 
v 35.1517 1.52049 -65.7888 
v 35.1841 1.13728 -65.7245 
v 35.1963 1.34098 -65.7274 
v 35.1051 1.37795 -65.7237 
v 35.058 1.27794 -65.6786 
v 35.4195 1.65469 -66.1916 
v 35.4934 1.74568 -66.2217 
v 35.2951 1.30742 -66.8885 
v 35.4704 1.30972 -66.8487 
v 35.5292 1.93094 -67.1687 
v 34.9013 2.13209 -67.4075 
v 34.9345 1.96636 -67.4752 
v 34.9975 2.01391 -67.3848 
v 34.8828 0.583506 -66.0343 
v 34.9496 0.553818 -66.019 
v 35.2797 1.27775 -66.7924 
v 34.9578 2.1228 -67.2374 
v 34.9249 1.65311 -68.0352 
v 34.8781 1.71196 -68.0451 
v 34.9418 1.73777 -68.0707 
v 35.0189 1.67443 -68.0251 
v 34.979 1.62314 -67.9909 
v 34.8664 1.63515 -67.9635 
v 34.8295 1.69225 -67.9875 
v 34.9253 1.60179 -67.9387 
v 35.2037 2.03145 -67.3497 
v 35.0821 2.01346 -67.2987 
v 35.2037 2.03145 -67.3497 
v 35.3036 1.97978 -67.2885 
v 35.1827 1.92799 -67.2104 
v 35.1153 2.00295 -67.4044 
v 35.2082 2.08177 -67.4546 
v 35.1153 2.00295 -67.4044 
v 35.2611 0.29447 -67.0153 
v 35.1735 0.309396 -67.0017 
v 35.1838 0.344289 -67.0951 
v 35.2541 0.3137 -67.0932 
v 35.2645 0.321002 -66.9391 
v 35.1991 0.348941 -66.9162 
v 35.1735 0.309396 -67.0017 
v 35.1159 0.405215 -66.9911 
v 35.1991 0.348941 -66.9162 
v 35.1408 0.404978 -66.9185 
v 34.8807 0.501913 -66.1107 
v 34.9677 0.487629 -66.0819 
v 34.9831 0.468097 -66.1683 
v 34.919 0.492691 -66.2069 
v 35.2179 1.34342 -66.4582 
v 35.1202 1.40206 -66.3537 
v 35.1536 1.4795 -66.2256 
v 35.024 1.00596 -65.8293 
v 35.325 1.59144 -66.1513 
v 35.4057 1.66451 -66.1037 
v 35.164 1.54551 -66.1613 
v 35.325 1.59144 -66.1513 
v 34.9237 1.00777 -65.7836 
v 35.1013 1.60053 -66.2082 
v 35.0562 1.94671 -66.9945 
v 35.5655 1.42109 -66.8021 
v 35.4704 1.30972 -66.8487 
v 35.5758 1.35479 -66.893 
v 35.4171 1.69055 -66.1566 
v 35.1474 1.99117 -67.5102 
v 35.0513 1.93418 -67.4705 
v 35.0513 1.93418 -67.4705 
v 34.9364 1.63279 -67.835 
v 34.835 1.67199 -67.8572 
v 34.9253 1.60179 -67.9387 
v 34.979 1.62314 -67.9909 
v 35.023 1.65298 -67.8896 
v 34.9364 1.63279 -67.835 
v 34.9587 1.7161 -67.6988 
v 34.8405 1.78192 -67.7015 
v 34.8162 1.71116 -67.765 
v 35.0189 1.67443 -68.0251 
v 35.0534 1.72801 -67.7602 
v 34.9587 1.7161 -67.6988 
v 35.0784 1.81326 -67.6485 
v 35.3482 0.388354 -67.025 
v 35.0872 0.211068 -66.4353 
v 35.0256 0.251098 -66.4298 
v 35.0062 0.193231 -66.52 
v 35.089 0.167506 -66.5134 
v 35.089 1.60188 -66.1179 
v 35.4617 1.29756 -66.8057 
v 35.091 0.173559 -66.6032 
v 35.0308 0.207575 -66.6243 
v 35.1653 0.260722 -66.6353 
v 35.1887 0.255381 -66.5249 
v 35.1447 2.32093 -67.5968 
v 35.3834 0.584091 -66.5678 
v 35.3902 1.82552 -67.2303 
v 34.9946 0.582691 -66.2675 
v 35.0595 0.54764 -66.1985 
v 35.0612 0.576276 -66.089 
v 35.6365 1.58841 -67.0182 
v 35.145 0.662585 -66.2244 
v 35.0824 0.699474 -66.3036 
v 35.2468 1.30646 -66.5244 
v 35.4152 1.34719 -66.4798 
v 35.3981 1.36779 -66.4512 
v 35.3156 1.5415 -66.1786 
v 35.6051 1.91446 -66.3494 
v 34.9303 1.05159 -65.6369 
v 34.9772 1.02105 -65.6107 
v 34.9303 1.05159 -65.6369 
v 34.9272 0.98343 -65.6857 
v 34.9902 0.960775 -65.6523 
v 35.0032 0.929795 -65.7196 
v 34.9569 0.955738 -65.7571 
v 35.0792 0.976426 -65.7609 
v 35.024 1.00596 -65.8293 
v 35.0851 1.01697 -65.6661 
v 35.1718 1.09326 -65.8293 
v 35.1095 1.11812 -65.9073 
v 35.2389 1.22519 -65.8993 
v 35.162 1.21747 -65.9643 
v 35.2545 1.27607 -65.7964 
v 35.101 1.88522 -67.5819 
v 35.0088 1.82509 -67.5768 
v 34.8795 1.88062 -67.5934 
v 35.0088 1.82509 -67.5768 
v 35.2951 1.30742 -66.8885 
v 35.3254 1.05637 -66.8889 
v 34.9013 2.13209 -67.4075 
v 34.8605 2.08562 -67.5337 
v 34.9345 1.96636 -67.4752 
v 34.9975 2.01391 -67.3848 
v 34.9276 0.664304 -66.2736 
v 34.9875 0.280585 -66.6252 
v 35.0308 0.207575 -66.6243 
v 35.0062 0.193231 -66.52 
v 34.9629 0.292539 -66.5358 
v 35.2797 1.27775 -66.7924 
v 35.191 1.47041 -66.8171 
v 35.2019 1.49735 -66.9114 
v 35.208 1.27851 -66.6542 
v 35.1637 1.45155 -66.6597 
v 35.1132 1.59418 -66.5682 
v 35.1397 1.65002 -66.874 
v 34.9578 2.1228 -67.2374 
v 34.8851 2.39201 -67.2464 
v 34.8936 2.28699 -67.4869 
v 34.8843 2.20315 -67.6166 
v 34.9249 1.65311 -68.0352 
v 34.8781 1.71196 -68.0451 
v 34.9418 1.73777 -68.0707 
v 35.0189 1.67443 -68.0251 
v 34.8664 1.63515 -67.9635 
v 34.8295 1.69225 -67.9875 
v 34.9253 1.60179 -67.9387 
v 35.2037 2.03145 -67.3497 
v 35.0821 2.01346 -67.2987 
v 35.2037 2.03145 -67.3497 
v 35.1827 1.92799 -67.2104 
v 35.1735 0.309396 -67.0017 
v 35.1159 0.405215 -66.9911 
v 35.1274 0.414225 -67.0733 
v 35.1838 0.344289 -67.0951 
v 35.1991 0.348941 -66.9162 
v 35.1408 0.404978 -66.9185 
v 34.8828 0.583506 -66.0343 
v 34.8383 0.637887 -66.0784 
v 34.8358 0.592067 -66.1548 
v 34.8807 0.501913 -66.1107 
v 34.919 0.492691 -66.2069 
v 34.8716 0.562767 -66.2287 
v 34.8801 0.760159 -66.0903 
v 34.8726 0.729621 -66.1952 
v 35.1506 1.48173 -66.5077 
v 35.2179 1.34342 -66.4582 
v 35.1202 1.40206 -66.3537 
v 35.1023 1.54533 -66.4013 
v 35.067 1.16166 -66.2935 
v 35.1055 1.21548 -66.1589 
v 35.1536 1.4795 -66.2256 
v 34.9589 0.907032 -66.2353 
v 34.9784 0.93766 -66.1053 
v 35.1749 1.0859 -66.393 
v 35.1492 1.40712 -66.0635 
v 34.969 1.07995 -65.849 
v 35.0677 1.21764 -65.9473 
v 35.024 1.00596 -65.8293 
v 35.164 1.54551 -66.1613 
v 35.325 1.59144 -66.1513 
v 34.9569 0.955738 -65.7571 
v 34.9237 1.00777 -65.7836 
v 35.1013 1.60053 -66.2082 
v 35.0737 1.67195 -66.276 
v 35.0996 1.57813 -66.2762 
v 35.0562 1.94671 -66.9945 
v 35.1663 1.7348 -67.0395 
v 35.1669 1.45738 -66.5685 
v 35.2118 3.04652 -67.1267 
v 35.2307 2.8696 -67.2352 
v 35.0201 2.88505 -67.1528 
v 34.8735 2.8762 -66.7679 
v 34.952 3.07371 -66.635 
v 35.0247 3.10691 -66.9309 
v 34.9114 2.88572 -66.9809 
v 34.8861 2.89429 -66.6202 
v 34.9269 2.92357 -66.4715 
v 35.0763 3.18091 -66.369 
v 35.043 2.97058 -66.2885 
v 35.1655 1.13938 -66.0912 
v 34.835 1.67199 -67.8572 
v 34.9587 1.7161 -67.6988 
v 34.8405 1.78192 -67.7015 
v 34.8162 1.71116 -67.765 
v 34.7969 1.76452 -67.9124 
v 34.8448 1.80973 -67.9948 
v 34.7904 1.88217 -67.7975 
v 35.1641 0.554611 -67.1023 
v 34.8327 1.93839 -67.8988 
v 35.1359 0.57251 -66.9969 
v 35.2548 0.468298 -66.8839 
v 35.1641 0.49385 -66.9112 
v 35.2455 0.763616 -67.1389 
v 35.0256 0.251098 -66.4298 
v 34.9811 0.318945 -66.451 
v 35.2034 0.803911 -67.0082 
v 35.291 0.806862 -66.8938 
v 35.089 1.60188 -66.1179 
v 35.2471 1.07415 -67.019 
v 35.2505 1.33801 -67.0319 
v 35.3067 1.06797 -67.1566 
v 35.3867 0.978138 -67.1947 
v 35.2198 1.54693 -67.0494 
v 35.3144 1.3553 -67.154 
v 35.2444 0.658245 -66.4208 
v 35.1439 0.660395 -66.4554 
v 35.3049 1.57872 -67.1678 
v 35.0315 0.455397 -66.4495 
v 35.0014 0.459571 -66.5617 
v 35.04 0.409397 -66.6662 
v 35.1447 2.32093 -67.5968 
v 35.2641 0.963456 -66.7556 
v 35.265 1.77271 -67.1852 
v 35.1515 0.615329 -66.7114 
v 35.245 1.00344 -66.4872 
v 35.0944 0.681776 -66.5904 
v 35.0039 2.35465 -67.5836 
v 34.9905 2.51834 -67.4217 
v 35.3902 1.82552 -67.2303 
v 35.1843 0.995642 -66.6255 
v 34.9887 2.74265 -67.2558 
v 35.6365 1.58841 -67.0182 
v 34.8662 2.6737 -67.082 
v 35.2468 1.30646 -66.5244 
v 35.2551 3.34825 -67.0711 
v 35.1722 3.39352 -66.9331 
v 34.8999 2.31515 -66.9332 
v 34.8442 2.63691 -66.8475 
v 35.1328 3.40603 -66.6844 
v 34.9175 2.30161 -66.641 
v 34.8659 2.64646 -66.6244 
v 35.3981 1.36779 -66.4512 
v 35.1904 3.42142 -66.4268 
v 34.9376 2.33241 -66.3733 
v 34.9076 2.67836 -66.4061 
v 35.2466 3.21041 -66.2496 
v 35.2697 3.40542 -66.2886 
v 35.0188 2.71791 -66.2227 
v 35.0239 1.94256 -66.6382 
v 35.0082 1.98625 -66.339 
v 35.0243 2.39084 -66.1654 
v 35.1911 2.4269 -66.0765 
v 35.0599 2.0726 -66.1147 
v 34.9272 0.98343 -65.6857 
v 34.9303 1.05159 -65.6369 
v 34.9023 1.0863 -65.6818 
v 34.8997 1.04373 -65.733 
v 35.0931 1.83046 -66.054 
v 34.9772 1.02105 -65.6107 
v 34.9303 1.05159 -65.6369 
v 34.9272 0.98343 -65.6857 
v 35.1031 1.6909 -65.9658 
v 35.0891 1.54123 -65.859 
v 35.1807 1.62165 -65.8368 
v 35.2024 1.74864 -65.9022 
v 35.2066 1.89997 -65.963 
v 35.0032 0.929795 -65.7196 
v 34.9392 1.18314 -65.709 
v 34.9294 1.14715 -65.7949 
v 35.0633 1.46729 -65.9864 
v 35.0241 1.34316 -65.7621 
v 35.0014 1.29729 -65.8792 
v 35.024 1.00596 -65.8293 
v 34.9821 1.15203 -65.6382 
v 35.058 1.27794 -65.6786 
v 34.8441 2.04522 -67.7992 
v 34.8596 2.11542 -67.725 
v 34.8173 2.00953 -67.6843 
v 34.8795 1.88062 -67.5934 

vn -0.220472 -0.0314961 0.976378 
vn -0.220472 -0.023622 0.976378 
vn 0.661417 -0.0393701 -0.748031 
vn 0.456693 -0.0787402 -0.889764 
vn 0.401575 -0.338583 -0.850394 
vn 0.606299 -0.188976 -0.779528 
vn -0.92126 -0.244094 0.299213 
vn -0.141732 0.0393701 0.992126 
vn -0.125984 -0.19685 -0.968504 
vn -0.19685 -0.267717 -0.944882 
vn -0.141732 -0.19685 -0.968504 
vn -0.110236 -0.212598 -0.968504 
vn -0.858268 -0.456693 -0.228346 
vn -0.826772 -0.496063 -0.259843 
vn -0.874016 -0.377953 -0.299213 
vn -0.818898 0.496063 -0.275591 
vn -0.181102 -0.637795 -0.748031 
vn -0.417323 -0.480315 -0.771654 
vn -0.110236 -0.362205 -0.92126 
vn 0.102362 -0.496063 -0.866142 
vn 0.220472 -0.614173 -0.755906 
vn -0.425197 -0.724409 -0.543307 
vn -0.503937 -0.590551 -0.629921 
vn 0.267717 -0.472441 -0.84252 
vn 0.685039 -0.322835 -0.653543 
vn 0.267717 -0.472441 -0.84252 
vn 0.401575 -0.338583 -0.850394 
vn -0.0944882 -0.795276 -0.606299 
vn -0.299213 -0.913386 -0.275591 
vn -0.385827 -0.905512 -0.188976 
vn -0.818898 -0.519685 -0.228346 
vn -0.299213 -0.913386 -0.275591 
vn -0.283465 -0.96063 0.0551181 
vn -0.338583 -0.944882 -0.0393701 
vn -0.338583 -0.944882 -0.0393701 
vn -0.795276 -0.582677 -0.149606 
vn -0.889764 0.267717 -0.370079 
vn -0.748031 -0.511811 -0.417323 
vn -0.952756 0.251969 0.173228 
vn -0.905512 0.433071 0.015748 
vn -0.0708661 -0.204724 -0.976378 
vn -0.0787402 -0.204724 -0.976378 
vn -0.0866142 -0.212598 -0.976378 
vn -0.023622 -0.417323 -0.905512 
vn -0.0551181 -0.448819 -0.889764 
vn 0.023622 -0.496063 -0.866142 
vn -0.291339 -0.448819 -0.84252 
vn -0.19685 -0.433071 -0.88189 
vn -0.220472 -0.433071 -0.874016 
vn -0.314961 -0.480315 -0.818898 
vn -0.149606 -0.456693 -0.88189 
vn 0.708661 -0.511811 -0.480315 
vn 0.141732 -0.527559 -0.834646 
vn 0.708661 -0.511811 -0.480315 
vn -0.346457 -0.590551 -0.732283 
vn -0.354331 -0.551181 -0.755906 
vn 0.818898 -0.496063 -0.283465 
vn 0.80315 -0.330709 -0.496063 
vn 0.551181 -0.448819 -0.700787 
vn -0.220472 -0.023622 0.976378 
vn 0.968504 -0.244094 0.0393701 
vn 0.645669 -0.582677 -0.496063 
vn 0.866142 -0.440945 -0.244094 
vn 0.874016 0.220472 -0.425197 
vn -0.204724 0.425197 -0.88189 
vn 0.409449 0.385827 -0.826772 
vn 0.0944882 0.551181 -0.826772 
vn -0.574803 0.559055 -0.598425 
vn -0.299213 0.637795 -0.708661 
vn -0.0551181 -0.188976 -0.976378 
vn 0.220472 -0.614173 -0.755906 
vn -0.866142 0.133858 -0.480315 
vn -0.551181 -0.0314961 -0.834646 
vn -0.19685 -0.15748 -0.968504 
vn 0.102362 -0.496063 -0.866142 
vn 0.661417 0.299213 -0.692913 
vn -0.92126 0.212598 -0.322835 
vn -0.425197 0.330709 -0.84252 
vn -0.472441 0.0314961 -0.88189 
vn -0.472441 0.0314961 -0.88189 
vn -0.19685 -0.15748 -0.968504 
vn -0.00787402 -0.330709 -0.944882 
vn -0.850394 -0.377953 0.354331 
vn 0.905512 0.15748 -0.393701 
vn -0.354331 0.535433 -0.76378 
vn -0.472441 0.0314961 -0.88189 
vn 0.220472 -0.220472 -0.952756 
vn 0.92126 0.141732 -0.362205 
vn -0.716535 -0.685039 -0.0866142 
vn -0.913386 0.141732 -0.377953 
vn 0.551181 -0.448819 -0.700787 
vn 0.330709 -0.173228 -0.929134 
vn 0.322835 -0.15748 -0.929134 
vn -0.409449 0.0314961 -0.913386 
vn 0.330709 -0.173228 -0.929134 
vn -0.370079 -0.913386 -0.165354 
vn -0.826772 -0.496063 -0.259843 
vn 0.456693 0.574803 -0.677165 
vn -0.866142 -0.0551181 -0.496063 
vn -0.409449 0.0314961 -0.913386 
vn 0.362205 -0.102362 -0.929134 
vn 0.267717 -0.456693 -0.850394 
vn 0.133858 -0.511811 -0.850394 
vn -0.535433 -0.125984 -0.834646 
vn -0.283465 -0.015748 -0.96063 
vn -0.330709 0.023622 -0.944882 
vn -0.330709 0.023622 -0.944882 
vn 0.385827 -0.0393701 -0.92126 
vn 0.346457 -0.385827 -0.858268 
vn 0.354331 -0.393701 -0.850394 
vn -0.850394 0.283465 -0.448819 
vn 0.685039 0.141732 -0.716535 
vn 0.433071 0.417323 -0.795276 
vn 0.188976 0.519685 -0.834646 
vn -0.23622 -0.023622 -0.968504 
vn -0.149606 -0.0708661 -0.984252 
vn -0.251969 -0.023622 -0.968504 
vn -0.503937 -0.314961 -0.80315 
vn -0.283465 -0.015748 -0.96063 
vn -0.283465 -0.015748 -0.96063 
vn 0.354331 -0.393701 -0.850394 
vn -0.251969 -0.102362 -0.96063 
vn -0.283465 -0.015748 -0.96063 
vn 0.685039 -0.0551181 -0.724409 
vn 0.417323 -0.322835 -0.850394 
vn -0.283465 -0.015748 -0.96063 
vn 0.818898 -0.370079 0.440945 
vn -0.346457 0.622047 -0.700787 
vn -0.622047 0.511811 -0.598425 
vn 0.456693 -0.0787402 -0.889764 
vn -0.251969 -0.102362 -0.96063 
vn 0.661417 -0.023622 -0.755906 
vn 0.267717 -0.456693 -0.850394 
vn -0.251969 -0.023622 -0.968504 
vn 0.464567 -0.23622 -0.858268 
vn -0.19685 -0.267717 -0.944882 
vn 0.299213 -0.645669 -0.700787 
vn -0.0944882 0.551181 -0.826772 
vn 0.417323 0.409449 -0.811024 
vn 0.740157 0.023622 -0.669291 
vn -0.661417 0.448819 -0.598425 
vn 0.952756 -0.0787402 -0.291339 
vn -0.149606 -0.0708661 -0.984252 
vn 0.488189 -0.188976 -0.850394 
vn 0.511811 -0.535433 -0.669291 
vn -0.125984 -0.19685 -0.968504 
vn 0.661417 0.244094 -0.708661 
vn -0.937008 -0.125984 0.330709 
vn -0.0787402 -0.204724 -0.976378 
vn 0.566929 -0.496063 -0.653543 
vn 0.472441 0.204724 -0.858268 
vn 0.708661 0.19685 -0.677165 
vn 0.11811 0.11811 -0.984252 
vn 0.0787402 0.0866142 -0.992126 
vn -0.826772 0.425197 -0.377953 
vn -0.0708661 -0.204724 -0.976378 
vn 0.598425 -0.440945 -0.669291 
vn 0.645669 -0.582677 -0.496063 
vn -0.0551181 -0.188976 -0.976378 
vn 0.84252 -0.385827 -0.370079 
vn 0.905512 -0.307087 0.291339 
vn -0.314961 -0.480315 -0.818898 
vn 0.464567 -0.653543 -0.598425 
vn -0.102362 0.629921 -0.76378 
vn 0.606299 0.299213 -0.732283 
vn -0.307087 0.708661 -0.637795 
vn 0.433071 0.535433 -0.724409 
vn -0.818898 0.496063 -0.275591 
vn -0.110236 -0.362205 -0.92126 
vn -0.748031 -0.511811 -0.417323 
vn -0.850394 -0.377953 -0.362205 
vn -0.204724 0.425197 -0.88189 
vn 0.0944882 0.551181 -0.826772 
vn -0.574803 0.559055 -0.598425 
vn -0.299213 0.637795 -0.708661 
vn -0.795276 0.464567 -0.385827 
vn -0.866142 0.133858 -0.480315 
vn -0.92126 0.212598 -0.322835 
vn -0.96063 0.19685 0.188976 
vn -0.251969 -0.0787402 0.968504 
vn -0.291339 0 0.96063 
vn 0.905512 0.15748 -0.393701 
vn -0.354331 0.535433 -0.76378 
vn 0.92126 0.141732 -0.362205 
vn -0.716535 -0.685039 -0.0866142 
vn 0.456693 0.574803 -0.677165 
vn 0.433071 0.417323 -0.795276 
vn 0.188976 0.519685 -0.834646 
vn -0.346457 0.622047 -0.700787 
vn -0.622047 0.511811 -0.598425 
vn -0.661417 0.448819 -0.598425 
vn -0.944882 0.181102 -0.259843 
vn -0.937008 -0.125984 0.330709 
vn 0.0787402 0.0866142 -0.992126 
vn 0.874016 0.401575 -0.275591 
vn 0.897638 0.448819 -0.0393701 
vn 0.92126 0.322835 0.212598 
vn 0.96063 0.102362 0.251969 
vn -0.307087 0.692913 -0.653543 
vn -0.102362 0.629921 -0.76378 
vn -0.322835 0.716535 -0.614173 
vn -0.307087 0.708661 -0.637795 
vn -0.874016 0.456693 0.165354 
vn -0.84252 0.204724 0.503937 
vn 0.11811 0.11811 -0.984252 
vn -0.826772 0.425197 -0.377953 
vn -0.88189 0.472441 0 
vn 0.354331 -0.0393701 0.937008 
vn 0.488189 -0.0393701 0.874016 
vn 0.787402 -0.204724 0.582677 
vn 0.661417 -0.0393701 -0.748031 
vn 0.456693 -0.0787402 -0.889764 
vn 0.606299 -0.188976 -0.779528 
vn -0.141732 0.0393701 0.992126 
vn -0.181102 0.102362 0.976378 
vn -0.818898 0.496063 -0.275591 
vn -0.110236 -0.362205 -0.92126 
vn 0.267717 -0.472441 -0.84252 
vn 0.685039 -0.322835 -0.653543 
vn 0.267717 -0.472441 -0.84252 
vn 0.480315 -0.795276 -0.362205 
vn 0.795276 -0.559055 -0.244094 
vn -0.283465 -0.913386 -0.299213 
vn -0.299213 -0.913386 -0.275591 
vn -0.385827 -0.905512 -0.188976 
vn -0.165354 -0.897638 0.401575 
vn -0.204724 -0.866142 0.456693 
vn -0.283465 -0.850394 0.440945 
vn -0.283465 -0.96063 0.0551181 
vn -0.338583 -0.944882 -0.0393701 
vn 0.700787 -0.527559 -0.488189 
vn -0.023622 -0.417323 -0.905512 
vn 0.708661 -0.511811 -0.480315 
vn 0.897638 -0.448819 0 
vn 0.708661 -0.511811 -0.480315 
vn 0.826772 0.149606 0.543307 
vn 0.598425 0.212598 0.771654 
vn 0.661417 0.204724 0.724409 
vn 0.992126 0.0314961 -0.11811 
vn 0.992126 0.102362 0.0393701 
vn 1 0.023622 0.0629921 
vn 0.952756 0.0472441 0.291339 
vn 0.92126 0.125984 0.377953 
vn 0.913386 0.0708661 0.401575 
vn 0.905512 0.0393701 -0.417323 
vn 0.944882 0.0866142 -0.307087 
vn 0.976378 0.0393701 -0.220472 
vn 0.976378 0.0393701 0.220472 
vn 0.952756 -0.133858 0.283465 
vn 0.866142 -0.283465 0.409449 
vn 0.96063 -0.228346 0.133858 
vn 0.984252 -0.125984 0.0944882 
vn 0.818898 -0.496063 -0.283465 
vn 0.952756 -0.307087 -0.0787402 
vn 0.80315 -0.330709 -0.496063 
vn 0.551181 -0.448819 -0.700787 
vn 0.708661 -0.330709 0.622047 
vn -0.220472 -0.023622 0.976378 
vn 0.779528 -0.283465 0.559055 
vn 0.968504 -0.244094 0.0393701 
vn 0.637795 -0.370079 0.677165 
vn 0.645669 -0.188976 0.740157 
vn 0.818898 -0.496063 0.291339 
vn 0.889764 -0.188976 0.425197 
vn 0.645669 -0.582677 -0.496063 
vn 0.645669 -0.582677 -0.496063 
vn 0.866142 -0.440945 -0.244094 
vn 0.992126 0.0944882 0.015748 
vn 0.929134 0.11811 -0.354331 
vn 0.874016 0.220472 -0.425197 
vn 0.96063 0.259843 -0.0393701 
vn 0.80315 -0.574803 0.15748 
vn 0.0551181 -0.795276 -0.606299 
vn 0.385827 -0.905512 0.173228 
vn -0.330709 -0.566929 0.755906 
vn 0.220472 -0.614173 -0.755906 
vn 0.80315 -0.582677 -0.11811 
vn 0.401575 -0.818898 0.417323 
vn -0.330709 -0.566929 0.755906 
vn 0.102362 -0.496063 -0.866142 
vn 0.661417 0.299213 -0.692913 
vn 0.92126 -0.385827 0.015748 
vn -0.00787402 -0.330709 -0.944882 
vn 0.92126 -0.173228 -0.346457 
vn 0.834646 -0.0551181 -0.543307 
vn 0.905512 0.15748 -0.393701 
vn 0.937008 -0.354331 0.0472441 
vn 0.929134 -0.354331 0.0629921 
vn 0.259843 -0.330709 0.905512 
vn 0.834646 -0.543307 -0.0393701 
vn 0.220472 -0.220472 -0.952756 
vn -0.370079 -0.771654 0.519685 
vn -0.850394 -0.377953 0.354331 
vn -0.307087 -0.929134 0.204724 
vn 0.92126 0.141732 -0.362205 
vn 0.409449 -0.220472 0.889764 
vn 0.826772 -0.409449 -0.393701 
vn 0.322835 -0.15748 -0.929134 
vn -0.370079 -0.913386 -0.165354 
vn 0.464567 -0.165354 0.866142 
vn 0.866142 -0.299213 -0.401575 
vn -0.409449 0.0314961 -0.913386 
vn 0.362205 -0.102362 -0.929134 
vn 0.133858 -0.511811 -0.850394 
vn 0.76378 -0.622047 0.15748 
vn 0.669291 -0.559055 0.488189 
vn 0.385827 -0.0393701 -0.92126 
vn 0.480315 -0.125984 0.866142 
vn 0.889764 -0.204724 -0.409449 
vn 0.346457 -0.385827 -0.858268 
vn 0.755906 -0.456693 0.464567 
vn 0.755906 -0.456693 0.464567 
vn 0.685039 0.141732 -0.716535 
vn 0.433071 0.417323 -0.795276 
vn 0.685039 -0.0551181 -0.724409 
vn 0.472441 -0.125984 0.874016 
vn 0.984252 -0.15748 -0.0629921 
vn 0.417323 -0.322835 -0.850394 
vn 0.818898 -0.370079 0.440945 
vn 0.818898 -0.370079 0.440945 
vn 0.661417 -0.023622 -0.755906 
vn 0.984252 -0.149606 -0.11811 
vn 0.464567 -0.23622 -0.858268 
vn 0.850394 -0.267717 0.456693 
vn 0.850394 -0.267717 0.448819 
vn 0.299213 -0.645669 -0.700787 
vn 0.740157 0.023622 -0.669291 
vn 0.700787 -0.519685 0.496063 
vn 0.952756 -0.0787402 -0.291339 
vn 0.488189 -0.188976 -0.850394 
vn 0.866142 -0.173228 0.464567 
vn 0.968504 -0.204724 0.133858 
vn 0.511811 -0.535433 -0.669291 
vn 0.661417 0.244094 -0.708661 
vn -0.944882 0.181102 -0.259843 
vn 0.574803 -0.275591 0.771654 
vn 0.897638 0 -0.433071 
vn 0.96063 -0.23622 0.15748 
vn 0.566929 -0.496063 -0.653543 
vn 0.472441 0.204724 -0.858268 
vn 0.708661 0.19685 -0.677165 
vn 0.834646 0.11811 -0.535433 
vn 0.834646 0.0314961 -0.551181 
vn 0.0787402 0.0866142 -0.992126 
vn 0.598425 -0.228346 0.771654 
vn 0.984252 -0.0708661 -0.173228 
vn 0.598425 -0.440945 -0.669291 
vn 0.874016 0.401575 -0.275591 
vn 0.897638 0.448819 -0.0393701 
vn 0.653543 -0.188976 0.732283 
vn 0.677165 -0.15748 0.724409 
vn 0.984252 -0.125984 -0.0866142 
vn 0.84252 -0.385827 -0.370079 
vn 0.92126 0.322835 0.212598 
vn 0.92126 0.220472 0.322835 
vn 0.889764 -0.228346 0.393701 
vn 0.716535 -0.0944882 0.692913 
vn 0.88189 0.244094 0.401575 
vn 0.96063 0.102362 0.251969 
vn 0.913386 0.0787402 0.393701 
vn 0.88189 -0.19685 0.433071 
vn 0.905512 -0.307087 0.291339 
vn 0.818898 0.0393701 0.574803 
vn 0.937008 -0.110236 0.330709 
vn 0.866142 -0.173228 0.472441 
vn 0.889764 -0.0629921 0.448819 
vn -0.779528 -0.338583 0.527559 
vn 0.866142 -0.0393701 0.503937 
vn 0.874016 0.102362 0.480315 
vn 0.850394 0.015748 0.519685 
vn 0.692913 0.11811 0.716535 
vn 0.362205 0.204724 0.905512 
vn -0.669291 0.19685 0.716535 
vn 0.779528 0.023622 0.629921 
vn 0.110236 0.362205 0.92126 
vn 0.181102 0.393701 0.897638 
vn 0.866142 -0.0629921 0.496063 
vn 0.251969 -0.771654 -0.582677 
vn -0.314961 -0.480315 -0.818898 
vn 0.645669 -0.488189 0.582677 
vn 0.0393701 0.307087 0.952756 
vn 0.19685 0.370079 0.913386 
vn 0.755906 0.102362 0.645669 
vn 0.464567 -0.653543 -0.598425 
vn 0.637795 -0.165354 0.755906 
vn 0.173228 0.354331 0.92126 
vn 0.779528 0.0393701 0.629921 
vn 0.653543 -0.511811 -0.551181 
vn -0.0551181 -0.448819 -0.889764 
vn 0.559055 -0.566929 -0.606299 
vn -0.149606 -0.456693 -0.88189 
vn 0.76378 0 0.645669 
vn 0.472441 -0.677165 0.566929 
vn -0.102362 0.629921 -0.76378 
vn 0.606299 0.299213 -0.732283 
vn 0.433071 0.535433 -0.724409 
vn 0.913386 0.0866142 -0.401575 
vn 0.354331 -0.0393701 0.937008 
vn 0.488189 -0.0393701 0.874016 
vn 0.787402 -0.204724 0.582677 
vn -0.220472 -0.0314961 0.976378 
vn -0.220472 -0.0314961 0.976378 
vn -0.220472 -0.0314961 0.976378 
vn -0.220472 -0.023622 0.976378 
vn -0.0551181 0.0629921 1 
vn -0.102362 -0.0393701 0.992126 
vn -0.141732 0.0393701 0.992126 
vn -0.181102 0.102362 0.976378 
vn 0.267717 -0.472441 -0.84252 
vn -0.165354 -0.897638 0.401575 
vn -0.204724 -0.866142 0.456693 
vn -0.299213 -0.913386 -0.275591 
vn -0.204724 -0.866142 0.456693 
vn -0.677165 -0.700787 0.228346 
vn -0.283465 -0.850394 0.440945 
vn -0.141732 0.0393701 0.992126 
vn -0.84252 -0.448819 0.299213 
vn -0.283465 -0.96063 0.0551181 
vn -0.92126 0.393701 -0.0314961 
vn -0.937008 0.322835 0.125984 
vn -0.968504 0.204724 0.125984 
vn -0.897638 0.440945 0.0393701 
vn 0.708661 -0.511811 -0.480315 
vn 0.141732 -0.527559 -0.834646 
vn 0.708661 -0.511811 -0.480315 
vn 0.598425 0.212598 0.771654 
vn 0.661417 0.204724 0.724409 
vn 0.866142 -0.283465 0.409449 
vn 0.708661 -0.330709 0.622047 
vn -0.220472 -0.023622 0.976378 
vn 0.779528 -0.283465 0.559055 
vn 0.968504 -0.244094 0.0393701 
vn 0.637795 -0.370079 0.677165 
vn 0.322835 -0.0472441 0.944882 
vn 0.645669 -0.188976 0.740157 
vn 0.165354 0.102362 0.984252 
vn 0.645669 -0.582677 -0.496063 
vn -0.866142 0.425197 0.267717 
vn -0.834646 0.307087 0.456693 
vn -0.496063 0.417323 0.755906 
vn -0.456693 0.370079 0.811024 
vn -0.448819 0.370079 0.811024 
vn -0.559055 0.401575 0.724409 
vn -0.102362 -0.0393701 0.992126 
vn 0.0393701 0.0866142 0.992126 
vn -0.559055 0.401575 0.724409 
vn -0.330709 -0.566929 0.755906 
vn -0.330709 -0.566929 0.755906 
vn -0.330709 -0.566929 0.755906 
vn -0.96063 0.19685 0.188976 
vn -0.251969 -0.0787402 0.968504 
vn -0.291339 0 0.96063 
vn -0.850394 -0.377953 0.354331 
vn -0.834646 -0.448819 0.322835 
vn 0.259843 -0.330709 0.905512 
vn -0.251969 -0.0787402 0.968504 
vn -0.275591 0.0551181 0.96063 
vn -0.543307 0.102362 0.834646 
vn -0.370079 -0.771654 0.519685 
vn -0.850394 -0.377953 0.354331 
vn -0.976378 -0.125984 -0.165354 
vn 0.409449 -0.220472 0.889764 
vn -0.275591 0.0551181 0.96063 
vn 0.464567 -0.165354 0.866142 
vn 0.464567 -0.165354 0.866142 
vn -0.244094 0.015748 0.968504 
vn 0.464567 -0.165354 0.866142 
vn 0.669291 -0.559055 0.488189 
vn 0.0944882 -0.244094 0.968504 
vn -0.314961 0.23622 0.92126 
vn -0.322835 0.204724 0.92126 
vn -0.346457 0.228346 0.913386 
vn 0.480315 -0.125984 0.866142 
vn -0.244094 0.015748 0.968504 
vn 0.0944882 -0.244094 0.968504 
vn -0.401575 0.212598 0.889764 
vn 0.755906 -0.456693 0.464567 
vn -0.346457 0.228346 0.913386 
vn 0.472441 -0.125984 0.874016 
vn -0.220472 -0.0314961 0.976378 
vn 0.818898 -0.370079 0.440945 
vn 0.818898 -0.370079 0.440945 
vn -0.314961 0.23622 0.92126 
vn -0.322835 0.181102 0.929134 
vn -0.322835 0.181102 0.929134 
vn 0.850394 -0.267717 0.448819 
vn -0.322835 0.181102 0.929134 
vn 0.700787 -0.519685 0.496063 
vn 0.866142 -0.173228 0.464567 
vn 0.338583 0 0.937008 
vn 0.338583 0 0.937008 
vn 0.574803 -0.275591 0.771654 
vn -0.937008 -0.125984 0.330709 
vn 0.598425 -0.228346 0.771654 
vn 0.598425 -0.23622 0.76378 
vn 0.322835 -0.0472441 0.944882 
vn 0.598425 -0.440945 -0.669291 
vn -0.496063 0.417323 0.755906 
vn 0.653543 -0.188976 0.732283 
vn 0.677165 -0.15748 0.724409 
vn 0.645669 -0.582677 -0.496063 
vn -0.874016 0.456693 0.165354 
vn 0.716535 -0.0944882 0.692913 
vn -0.456693 0.370079 0.811024 
vn 0.88189 0.244094 0.401575 
vn 0.96063 0.102362 0.251969 
vn -0.677165 0.354331 0.637795 
vn 0.88189 -0.19685 0.433071 
vn -0.448819 0.370079 0.811024 
vn 0.905512 -0.307087 0.291339 
vn -0.84252 0.204724 0.503937 
vn -0.677165 0.354331 0.637795 
vn 0.818898 0.0393701 0.574803 
vn -0.496063 0.291339 0.818898 
vn -0.858268 0.204724 0.472441 
vn -0.496063 0.291339 0.818898 
vn -0.370079 0.251969 0.897638 
vn -0.897638 0 0.440945 
vn 0.165354 0.102362 0.984252 
vn 0.889764 -0.0629921 0.448819 
vn -0.370079 0.251969 0.897638 
vn -0.440945 0.181102 0.88189 
vn -0.952756 -0.0944882 0.291339 
vn -0.779528 -0.338583 0.527559 
vn -0.92126 -0.23622 0.314961 
vn -0.440945 0.181102 0.88189 
vn 0.291339 0.299213 0.905512 
vn -0.984252 -0.0708661 0.165354 
vn -0.551181 0.0944882 0.826772 
vn -0.590551 -0.488189 0.637795 
vn -0.779528 -0.338583 0.527559 
vn -0.511811 -0.700787 0.488189 
vn -0.590551 0.503937 0.629921 
vn -0.614173 0.472441 0.629921 
vn -0.661417 0.377953 0.645669 
vn -0.551181 0.0944882 0.826772 
vn 0.291339 0.204724 0.937008 
vn -0.669291 0.19685 0.716535 
vn 0.692913 0.11811 0.716535 
vn 0.362205 0.204724 0.905512 
vn -0.669291 0.19685 0.716535 
vn -0.913386 0.393701 -0.0629921 
vn 0.779528 0.023622 0.629921 
vn 0.110236 0.362205 0.92126 
vn -0.661417 0.377953 0.645669 
vn -0.92126 0.385827 0.015748 
vn -0.244094 0.19685 0.952756 
vn -0.0866142 0.251969 0.968504 
vn -0.614173 0.472441 0.629921 
vn 0.181102 0.393701 0.897638 
vn 0.866142 -0.0629921 0.496063 
vn 0.645669 -0.488189 0.582677 
vn 0.0393701 0.307087 0.952756 
vn 0.110236 0.330709 0.937008 
vn -0.543307 0.503937 0.669291 
vn -0.574803 0.488189 0.653543 
vn 0.19685 0.370079 0.913386 
vn -0.574803 0.488189 0.653543 
vn 0.637795 -0.165354 0.755906 
vn 0.173228 0.354331 0.92126 
vn -0.543307 0.503937 0.669291 
vn 0.110236 0.330709 0.937008 
vn 0.354331 -0.0393701 0.937008 
vn 0.787402 -0.204724 0.582677 
vn -0.220472 -0.0314961 0.976378 
vn -0.220472 -0.023622 0.976378 
vn 0.661417 -0.0393701 -0.748031 
vn -0.92126 -0.244094 0.299213 
vn -0.755906 -0.370079 0.543307 
vn -0.653543 -0.590551 0.472441 
vn -0.141732 0.0393701 0.992126 
vn -0.181102 0.102362 0.976378 
vn -0.874016 -0.377953 -0.299213 
vn -0.850394 -0.503937 0.11811 
vn -0.181102 -0.637795 -0.748031 
vn -0.417323 -0.480315 -0.771654 
vn -0.110236 -0.362205 -0.92126 
vn 0.220472 -0.614173 -0.755906 
vn 0.0551181 -0.795276 -0.606299 
vn -0.425197 -0.724409 -0.543307 
vn -0.503937 -0.590551 -0.629921 
vn -0.212598 -0.866142 -0.456693 
vn 0.267717 -0.472441 -0.84252 
vn -0.456693 -0.771654 0.448819 
vn 0.267717 -0.472441 -0.84252 
vn 0.401575 -0.338583 -0.850394 
vn -0.0944882 -0.795276 -0.606299 
vn 0.480315 -0.795276 -0.362205 
vn 0.795276 -0.559055 -0.244094 
vn 0.480315 -0.795276 -0.362205 
vn -0.283465 -0.913386 -0.299213 
vn -0.212598 -0.905512 -0.362205 
vn -0.299213 -0.913386 -0.275591 
vn -0.385827 -0.905512 -0.188976 
vn -0.165354 -0.897638 0.401575 
vn -0.204724 -0.866142 0.456693 
vn -0.212598 -0.905512 -0.362205 
vn -0.850394 -0.496063 -0.173228 
vn -0.204724 -0.866142 0.456693 
vn -0.677165 -0.700787 0.228346 
vn -0.370079 -0.661417 0.653543 
vn -0.283465 -0.850394 0.440945 
vn -0.283465 -0.96063 0.0551181 
vn -0.338583 -0.944882 -0.0393701 
vn -0.748031 -0.511811 -0.417323 
vn -0.850394 -0.377953 -0.362205 
vn -0.968504 0.204724 0.125984 
vn -0.314961 -0.480315 -0.818898 
vn 0.708661 -0.511811 -0.480315 
vn 0.897638 -0.448819 0 
vn 0.141732 -0.527559 -0.834646 
vn 0.708661 -0.511811 -0.480315 
vn -0.354331 -0.551181 -0.755906 
vn -0.874016 -0.480315 0.0629921 
vn -0.88189 -0.433071 -0.181102 
vn 0.818898 -0.496063 -0.283465 
vn -0.220472 -0.023622 0.976378 
vn 0.779528 -0.283465 0.559055 
vn 0.818898 -0.496063 0.291339 
vn 0.80315 -0.574803 0.15748 
vn 0.566929 -0.779528 0.259843 
vn 0.566929 -0.779528 0.259843 
vn -0.401575 -0.866142 0.299213 
vn -0.700787 -0.692913 0.173228 
vn -0.212598 -0.866142 -0.456693 
vn 0.0551181 -0.795276 -0.606299 
vn 0.385827 -0.905512 0.173228 
vn -0.401575 -0.866142 0.299213 
vn -0.330709 -0.566929 0.755906 
vn -0.330709 -0.566929 0.755906 
vn -0.330709 -0.566929 0.755906 
vn 0.220472 -0.614173 -0.755906 
vn 0.401575 -0.818898 0.417323 
vn -0.330709 -0.566929 0.755906 
vn 0.929134 -0.354331 0.0629921 
vn 0.834646 -0.543307 -0.0393701 
vn -0.370079 -0.771654 0.519685 
vn -0.850394 -0.377953 0.354331 
vn -0.866142 -0.448819 -0.220472 
vn -0.307087 -0.929134 0.204724 
vn -0.716535 -0.685039 -0.0866142 
vn 0.551181 -0.448819 -0.700787 
vn -0.370079 -0.913386 -0.165354 
vn -0.826772 -0.496063 -0.259843 
vn 0.133858 -0.511811 -0.850394 
vn 0.76378 -0.622047 0.15748 
vn 0.433071 0.417323 -0.795276 
vn 0.818898 -0.370079 0.440945 
vn 0.456693 -0.0787402 -0.889764 
vn -0.19685 -0.267717 -0.944882 
vn 0.299213 -0.645669 -0.700787 
vn 0.700787 -0.519685 0.496063 
vn 0.952756 -0.0787402 -0.291339 
vn 0.511811 -0.535433 -0.669291 
vn -0.125984 -0.19685 -0.968504 
vn -0.937008 -0.125984 0.330709 
vn 0.322835 -0.0472441 0.944882 
vn 0.645669 -0.582677 -0.496063 
vn 0.165354 0.102362 0.984252 
vn 0.889764 -0.0629921 0.448819 
vn -0.779528 -0.338583 0.527559 
vn -0.590551 -0.488189 0.637795 
vn -0.779528 -0.338583 0.527559 
vn -0.771654 -0.574803 0.283465 
vn -0.511811 -0.700787 0.488189 
vn -0.511811 -0.84252 0.188976 
vn -0.346457 -0.590551 -0.732283 
vn 0.251969 -0.771654 -0.582677 
vn -0.314961 -0.480315 -0.818898 
vn 0.645669 -0.488189 0.582677 
vn 0.464567 -0.653543 -0.598425 
vn -0.220472 -0.433071 -0.874016 
vn 0.559055 -0.566929 -0.606299 
vn -0.149606 -0.456693 -0.88189 
vn 0.76378 0 0.645669 
vn 0.472441 -0.677165 0.566929 
vn 0.433071 -0.716535 0.543307 
vn -0.889764 -0.125984 0.433071 
vn 0.433071 -0.716535 0.543307 
vn -0.220472 -0.0314961 0.976378 
vn -0.220472 -0.0314961 0.976378 
vn -0.92126 -0.244094 0.299213 
vn -0.96063 -0.0314961 0.283465 
vn -0.755906 -0.370079 0.543307 
vn -0.653543 -0.590551 0.472441 
vn -0.141732 -0.19685 -0.968504 
vn -0.858268 -0.456693 -0.228346 
vn -0.826772 -0.496063 -0.259843 
vn -0.866142 -0.448819 -0.220472 
vn -0.889764 -0.417323 -0.188976 
vn -0.874016 -0.377953 -0.299213 
vn -0.897638 -0.385827 -0.212598 
vn -0.929134 -0.338583 -0.165354 
vn -0.984252 -0.11811 -0.133858 
vn -0.944882 -0.307087 -0.11811 
vn -0.952756 -0.283465 -0.0944882 
vn -0.929134 -0.307087 -0.19685 
vn -0.850394 -0.503937 0.11811 
vn -0.992126 0.0314961 -0.11811 
vn -0.937008 0.307087 -0.181102 
vn -0.818898 0.496063 -0.275591 
vn -0.181102 -0.637795 -0.748031 
vn -0.417323 -0.480315 -0.771654 
vn -0.110236 -0.362205 -0.92126 
vn 0.220472 -0.614173 -0.755906 
vn -0.425197 -0.724409 -0.543307 
vn -0.503937 -0.590551 -0.629921 
vn -0.212598 -0.866142 -0.456693 
vn 0.267717 -0.472441 -0.84252 
vn -0.456693 -0.771654 0.448819 
vn 0.267717 -0.472441 -0.84252 
vn -0.0944882 -0.795276 -0.606299 
vn -0.212598 -0.905512 -0.362205 
vn -0.850394 -0.496063 -0.173228 
vn -0.818898 -0.519685 -0.228346 
vn -0.299213 -0.913386 -0.275591 
vn -0.204724 -0.866142 0.456693 
vn -0.677165 -0.700787 0.228346 
vn -0.141732 0.0393701 0.992126 
vn -0.84252 -0.448819 0.299213 
vn -0.88189 -0.354331 0.314961 
vn -0.370079 -0.661417 0.653543 
vn -0.338583 -0.944882 -0.0393701 
vn -0.795276 -0.582677 -0.149606 
vn -0.92126 0.393701 -0.0314961 
vn -0.889764 0.267717 -0.370079 
vn -0.897638 -0.401575 -0.188976 
vn -0.748031 -0.511811 -0.417323 
vn -0.850394 -0.377953 -0.362205 
vn -0.976378 -0.188976 -0.11811 
vn -0.952756 0.251969 0.173228 
vn -0.937008 0.322835 0.125984 
vn -0.968504 0.204724 0.125984 
vn -0.905512 0.433071 0.015748 
vn -0.897638 0.440945 0.0393701 
vn -0.0866142 -0.212598 -0.976378 
vn 0.023622 -0.496063 -0.866142 
vn -0.291339 -0.448819 -0.84252 
vn -0.19685 -0.433071 -0.88189 
vn -0.314961 -0.480315 -0.818898 
vn 0.141732 -0.527559 -0.834646 
vn 0.708661 -0.511811 -0.480315 
vn -0.346457 -0.590551 -0.732283 
vn -0.354331 -0.551181 -0.755906 
vn -0.874016 -0.480315 0.0629921 
vn -0.976378 -0.19685 0.0393701 
vn -0.952756 -0.283465 0.133858 
vn -0.88189 -0.433071 -0.181102 
vn -0.84252 -0.314961 -0.440945 
vn -0.929134 -0.377953 0.0314961 
vn -0.204724 0.425197 -0.88189 
vn 0.0944882 0.551181 -0.826772 
vn -0.574803 0.559055 -0.598425 
vn -0.96063 0.267717 -0.0551181 
vn -0.897638 0.433071 0.0472441 
vn -0.795276 0.464567 -0.385827 
vn -0.874016 0.385827 -0.291339 
vn -0.968504 0.220472 0.125984 
vn -0.905512 0.267717 0.322835 
vn -0.866142 0.425197 0.267717 
vn -0.834646 0.307087 0.456693 
vn -0.456693 0.370079 0.811024 
vn -0.700787 -0.692913 0.173228 
vn -0.330709 -0.566929 0.755906 
vn -0.330709 -0.566929 0.755906 
vn -0.330709 -0.566929 0.755906 
vn -0.976378 -0.0708661 -0.19685 
vn -0.866142 0.133858 -0.480315 
vn -1 0.0787402 0.0393701 
vn -0.551181 -0.0314961 -0.834646 
vn -0.92126 0.212598 -0.322835 
vn -0.96063 0.19685 0.188976 
vn -0.251969 -0.0787402 0.968504 
vn -0.291339 0 0.96063 
vn -0.472441 0.0314961 -0.88189 
vn -0.850394 -0.377953 0.354331 
vn -0.834646 -0.448819 0.322835 
vn -0.897638 0.267717 -0.346457 
vn -0.543307 0.102362 0.834646 
vn -0.716535 -0.685039 -0.0866142 
vn -0.897638 -0.0551181 0.433071 
vn -0.976378 -0.125984 -0.165354 
vn -0.913386 0.141732 -0.377953 
vn -0.409449 0.0314961 -0.913386 
vn -0.88189 -0.188976 -0.425197 
vn -0.866142 -0.0551181 -0.496063 
vn -0.314961 0.23622 0.92126 
vn -0.322835 0.204724 0.92126 
vn -0.535433 -0.125984 -0.834646 
vn -0.401575 0.212598 0.889764 
vn -0.937008 0.338583 -0.102362 
vn -0.850394 0.283465 -0.448819 
vn 0.433071 0.417323 -0.795276 
vn -0.23622 -0.023622 -0.968504 
vn -0.503937 -0.314961 -0.80315 
vn -0.283465 -0.015748 -0.96063 
vn -0.322835 0.181102 0.929134 
vn -0.80315 0.267717 -0.527559 
vn -0.346457 0.622047 -0.700787 
vn -0.622047 0.511811 -0.598425 
vn 0.456693 -0.0787402 -0.889764 
vn -0.818898 0.173228 -0.543307 
vn -0.661417 0.448819 -0.598425 
vn 0.952756 -0.0787402 -0.291339 
vn -0.944882 0.181102 -0.259843 
vn -0.937008 -0.125984 0.330709 
vn 0.11811 0.11811 -0.984252 
vn -0.826772 0.425197 -0.377953 
vn -0.968504 -0.244094 0 
vn -1 -0.00787402 -0.015748 
vn -0.88189 0.472441 0 
vn -0.976378 -0.212598 0.0629921 
vn -0.992126 -0.023622 0.125984 
vn 0.645669 -0.582677 -0.496063 
vn -0.874016 0.456693 0.165354 
vn -0.96063 -0.110236 0.244094 
vn -0.937008 0.0708661 0.346457 
vn -0.677165 0.354331 0.637795 
vn -0.84252 0.204724 0.503937 
vn -0.858268 0.204724 0.472441 
vn -0.952756 -0.291339 -0.0472441 
vn -0.976378 -0.19685 0.11811 
vn -0.897638 0 0.440945 
vn -0.440945 0.181102 0.88189 
vn -0.952756 -0.0944882 0.291339 
vn -0.771654 -0.574803 0.283465 
vn -0.779528 -0.338583 0.527559 
vn -0.92126 -0.23622 0.314961 
vn -0.937008 -0.23622 0.244094 
vn -0.984252 -0.0708661 0.165354 
vn -0.590551 -0.488189 0.637795 
vn -0.779528 -0.338583 0.527559 
vn -0.771654 -0.574803 0.283465 
vn -0.629921 0.464567 0.622047 
vn -0.590551 0.503937 0.629921 
vn -0.614173 0.472441 0.629921 
vn -0.661417 0.377953 0.645669 
vn -0.669291 0.19685 0.716535 
vn -0.511811 -0.84252 0.188976 
vn -0.913386 0.393701 -0.0629921 
vn -0.92126 0.204724 -0.338583 
vn -0.984252 0.173228 0.0472441 
vn -0.92126 0.385827 0.015748 
vn -0.92126 0.377953 0.015748 
vn -0.314961 -0.480315 -0.818898 
vn -0.0866142 0.251969 0.968504 
vn 0.110236 0.330709 0.937008 
vn -0.307087 0.692913 -0.653543 
vn -0.322835 0.716535 -0.614173 
vn -0.984252 0.110236 0.149606 
vn -0.889764 -0.125984 0.433071 

vt 1.18967 1.95167 
vt 1.16775 1.95196 
vt 1.16041 2.02961 
vt 1.17778 2.01644 
vt 1.1886 2.03572 
vt 1.17573 2.05193 
vt 1.23889 2.05476 
vt 1.2412 1.86119 
vt 1.21626 1.87568 
vt 1.22723 1.86108 
vt 1.2356 1.87129 
vt 1.22121 1.89049 
vt 1.22812 1.82332 
vt 1.2227 1.81419 
vt 1.1916 1.94797 
vt 1.24101 2.06364 
vt 1.23594 1.99489 
vt 1.24179 2.00224 
vt 1.23383 2.00547 
vt 1.22832 2.00164 
vt 1.22419 1.99755 
vt 1.24325 1.99264 
vt 1.24787 1.99978 
vt 1.20109 2.04218 
vt 1.18974 2.05714 
vt 1.20109 2.04218 
vt 1.1886 2.03572 
vt 1.20372 2.02925 
vt 1.20358 1.83128 
vt 1.19479 1.82746 
vt 1.21063 1.84003 
vt 1.20358 1.83128 
vt 1.22867 1.84676 
vt 1.23668 1.84983 
vt 1.23668 1.84983 
vt 1.2426 1.85859 
vt 1.24248 1.87945 
vt 1.19932 1.95618 
vt 1.21817 1.93345 
vt 1.23169 1.90163 
vt 1.19516 1.91146 
vt 1.20756 1.88891 
vt 1.20469 1.92398 
vt 1.19339 1.971 
vt 1.19905 1.95757 
vt 1.2079 1.96414 
vt 1.23043 1.92324 
vt 1.21809 1.94045 
vt 1.21287 1.92801 
vt 1.22355 1.91399 
vt 1.20631 1.94043 
vt 1.18592 1.98718 
vt 1.20605 1.98144 
vt 1.18592 1.98718 
vt 1.23195 1.90771 
vt 1.23609 1.91422 
vt 1.15587 1.96588 
vt 1.15595 1.95717 
vt 1.16885 1.95044 
vt 1.16775 1.95196 
vt 1.14772 1.98143 
vt 1.17679 1.95922 
vt 1.16496 1.96697 
vt 1.15633 2.17927 
vt 1.20008 2.16906 
vt 1.18258 2.14644 
vt 1.19772 2.14695 
vt 1.22404 2.14888 
vt 1.21714 2.14102 
vt 1.18678 1.93162 
vt 1.22419 1.99755 
vt 1.24595 2.01446 
vt 1.20604 1.85757 
vt 1.19712 1.84697 
vt 1.22832 2.00164 
vt 1.22417 2.01136 
vt 1.24747 2.03055 
vt 1.23408 2.01535 
vt 1.19586 1.8837 
vt 1.18916 1.86704 
vt 1.19712 1.84697 
vt 1.18705 1.83939 
vt 1.22336 1.81963 
vt 1.22124 2.02461 
vt 1.23387 2.03063 
vt 1.18916 1.86704 
vt 1.17865 1.85825 
vt 1.21776 2.03611 
vt 1.21543 1.98848 
vt 1.18822 1.92174 
vt 1.16885 1.95044 
vt 1.18407 1.88437 
vt 1.17162 1.87994 
vt 1.17822 1.91051 
vt 1.18407 1.88437 
vt 1.21518 1.80994 
vt 1.2227 1.81419 
vt 1.23175 2.0436 
vt 1.18725 1.95766 
vt 1.17822 1.91051 
vt 1.16519 1.90561 
vt 1.21425 1.82768 
vt 1.20589 1.82084 
vt 1.18844 1.98559 
vt 1.17215 1.96005 
vt 1.17467 1.93074 
vt 1.17467 1.93074 
vt 1.16047 1.93043 
vt 1.19457 1.83905 
vt 1.20351 1.84654 
vt 1.22156 1.83942 
vt 1.18831 2.08748 
vt 1.20846 2.07836 
vt 1.20746 2.10179 
vt 1.19355 1.90868 
vt 1.17658 1.91938 
vt 1.1836 1.89568 
vt 1.19343 2.00984 
vt 1.20762 1.86516 
vt 1.19495 1.86471 
vt 1.20351 1.84654 
vt 1.1727 1.98858 
vt 1.17215 1.96005 
vt 1.15714 1.95962 
vt 1.18345 1.86142 
vt 1.19495 1.86471 
vt 1.17863 1.86126 
vt 1.22606 2.08258 
vt 1.22775 2.10304 
vt 1.17778 2.01644 
vt 1.1727 1.98858 
vt 1.15673 1.99068 
vt 1.21425 1.82768 
vt 1.1836 1.89568 
vt 1.17174 1.89221 
vt 1.22723 1.86108 
vt 1.21911 1.8567 
vt 1.2108 2.12791 
vt 1.19046 2.1234 
vt 1.17034 2.08372 
vt 1.22797 2.13108 
vt 1.147 1.9868 
vt 1.17658 1.91938 
vt 1.16334 1.92263 
vt 1.20843 1.87107 
vt 1.21626 1.87568 
vt 1.17283 2.11812 
vt 1.19571 1.95155 
vt 1.20756 1.88891 
vt 1.1977 1.88774 
vt 1.17124 2.17709 
vt 1.16366 2.14381 
vt 1.19467 2.20678 
vt 1.17494 2.20858 
vt 1.20503 2.21244 
vt 1.19516 1.91146 
vt 1.18563 1.90983 
vt 1.17679 1.95922 
vt 1.18678 1.93162 
vt 1.17521 1.9357 
vt 1.15502 1.98926 
vt 1.22355 1.91399 
vt 1.20508 1.9249 
vt 1.2265 2.0679 
vt 1.21086 2.06159 
vt 1.22903 2.05483 
vt 1.21425 2.04743 
vt 1.09852 1.96718 
vt 1.04176 1.97436 
vt 1.24332 2.00887 
vt 1.25638 1.99666 
vt 1.15976 2.00811 
vt 1.1462 2.01047 
vt 1.1565 1.98415 
vt 1.14433 1.99105 
vt 1.18424 1.98472 
vt 1.05125 1.96224 
vt 1.06325 1.96072 
vt 1.17599 1.99863 
vt 1.19011 2.01348 
vt 1.1867 2.00215 
vt 1.05995 1.98695 
vt 1.05699 1.97432 
vt 1.07245 1.99043 
vt 1.28586 1.99276 
vt 1.06904 1.97644 
vt 1.10099 1.99973 
vt 1.11577 2.00073 
vt 1.10264 1.98213 
vt 1.12289 1.98044 
vt 1.14362 1.98023 
vt 1.16534 1.96491 
vt 1.23504 2.01248 
vt 1.16845 2.03325 
vt 1.18294 2.03762 
vt 1.20979 2.04042 
vt 1.24136 2.03993 
vt 1.26128 2.035 
vt 1.0757 1.96215 
vt 1.09044 1.98169 
vt 1.08497 1.96408 
vt 1.07962 1.97916 
vt 1.24725 2.00543 
vt 1.26452 2.01535 
vt 1.16671 2.01352 
vt 1.18396 2.00316 
vt 1.21505 1.99824 
vt 1.11436 1.99508 
vt 1.11512 1.98253 
vt 1.11813 2.00646 
vt 1.23651 2.02961 
vt 1.24421 2.01644 
vt 1.25198 2.05193 
vt 1.0947 1.86119 
vt 1.09279 1.85747 
vt 1.29249 2.06364 
vt 1.34926 2.00547 
vt 1.25913 2.04218 
vt 1.26387 2.05714 
vt 1.25913 2.04218 
vt 1.26596 2.03862 
vt 1.27224 2.04847 
vt 1.21733 1.82506 
vt 1.22731 1.83128 
vt 1.22707 1.82746 
vt 1.2078 1.82837 
vt 1.20494 1.83186 
vt 1.10065 1.8492 
vt 1.11146 1.84676 
vt 1.11628 1.84983 
vt 1.09478 1.977 
vt 1.10191 1.971 
vt 1.10933 1.98718 
vt 1.10338 1.99631 
vt 1.10933 1.98718 
vt 1.11585 2.07989 
vt 1.11543 2.11151 
vt 1.10736 2.08527 
vt 1.18762 2.0458 
vt 1.17901 2.07986 
vt 1.17677 2.04488 
vt 1.14822 2.05564 
vt 1.14369 2.09352 
vt 1.13895 2.06252 
vt 1.21575 2.05551 
vt 1.21168 2.08557 
vt 1.20421 2.04911 
vt 1.16557 2.04722 
vt 1.15972 2.01284 
vt 1.15602 1.98464 
vt 1.17187 1.9839 
vt 1.17398 2.01074 
vt 1.19068 1.96588 
vt 1.18763 1.98088 
vt 1.18523 1.95717 
vt 1.19113 1.95044 
vt 1.19655 1.96584 
vt 1.19651 1.95196 
vt 1.20205 1.9576 
vt 1.20063 1.98143 
vt 1.15143 1.97187 
vt 1.15495 1.96146 
vt 1.10999 1.99957 
vt 1.10801 2.01425 
vt 1.14682 1.95922 
vt 1.14652 1.97407 
vt 1.14053 1.96697 
vt 1.1816 2.14072 
vt 1.20894 2.13898 
vt 1.20867 2.17927 
vt 1.18248 2.18227 
vt 1.27919 2.03714 
vt 1.33928 1.99114 
vt 1.32661 1.99487 
vt 1.30276 2.00276 
vt 1.34355 1.99755 
vt 1.33556 2.00355 
vt 1.31044 2.00425 
vt 1.30276 2.00276 
vt 1.34773 2.00164 
vt 1.34252 2.01136 
vt 1.32189 2.01414 
vt 1.23033 1.83939 
vt 1.28947 2.04939 
vt 1.28165 2.06523 
vt 1.33107 2.02461 
vt 1.30844 2.02444 
vt 1.29648 2.0149 
vt 1.20644 1.84032 
vt 1.21854 1.83679 
vt 1.23196 1.85825 
vt 1.14484 1.81463 
vt 1.14414 1.81963 
vt 1.15459 1.80919 
vt 1.31857 2.03611 
vt 1.20602 1.85904 
vt 1.21905 1.85551 
vt 1.23303 1.87994 
vt 1.16582 1.80994 
vt 1.20579 1.88061 
vt 1.21939 1.87818 
vt 1.23976 1.91051 
vt 1.23409 1.90561 
vt 1.16984 1.82084 
vt 1.15603 1.82017 
vt 1.14401 1.82642 
vt 1.23382 1.93043 
vt 1.20546 1.90555 
vt 1.21981 1.90395 
vt 1.17314 1.83905 
vt 1.15862 1.83836 
vt 1.14564 1.84379 
vt 1.26798 2.08748 
vt 1.29002 2.07836 
vt 1.23283 1.95962 
vt 1.20462 1.92911 
vt 1.21941 1.92905 
vt 1.17622 1.86142 
vt 1.16139 1.86126 
vt 1.14781 1.86492 
vt 1.23331 1.99068 
vt 1.21813 1.95777 
vt 1.17967 1.89221 
vt 1.16429 1.89261 
vt 1.15019 1.8956 
vt 1.11523 1.8567 
vt 1.25006 2.08372 
vt 1.10155 1.86028 
vt 1.21769 1.9868 
vt 1.18195 1.92263 
vt 1.15282 1.92646 
vt 1.16686 1.92435 
vt 1.11847 1.87107 
vt 1.24508 2.11812 
vt 1.22567 2.12246 
vt 1.10396 1.87497 
vt 1.21808 2.01981 
vt 1.16964 1.95805 
vt 1.12232 1.88774 
vt 1.225 2.17709 
vt 1.22718 2.14381 
vt 1.22914 2.10703 
vt 1.2292 2.07241 
vt 1.22256 2.20858 
vt 1.1077 1.89225 
vt 1.20231 2.01394 
vt 1.12798 1.90983 
vt 1.20808 2.21326 
vt 1.18122 2.2156 
vt 1.11296 1.91452 
vt 1.10254 1.92304 
vt 1.18806 2.01124 
vt 1.13399 1.9357 
vt 1.14965 2.21618 
vt 1.15048 2.18636 
vt 1.11921 1.94119 
vt 1.10841 1.94907 
vt 1.12683 2.18897 
vt 1.12974 2.21382 
vt 1.14915 2.14873 
vt 1.12575 1.97243 
vt 1.14409 1.98926 
vt 1.1239 2.15679 
vt 1.14603 2.01922 
vt 1.13016 1.99884 
vt 1.13409 2.02755 
vt 1.04502 1.9197 
vt 1.12339 2.03637 
vt 1.1305 2.06987 
vt 1.11172 2.04469 
vt 1.10098 2.05129 
vt 1.0871 2.02698 
vt 1.08579 2.02574 
vt 1.0956 2.02308 
vt 1.0803 2.00698 
vt 1.07256 1.99032 
vt 1.08973 2.00246 
vt 1.06053 1.9103 
vt 1.06908 1.91399 
vt 1.04868 1.91537 
vt 1.04838 1.93985 
vt 1.0648 1.97399 
vt 1.08203 1.98419 
vt 1.06908 1.9249 
vt 1.05597 1.93041 
vt 1.05634 1.95587 
vt 1.07386 1.96639 
vt 1.08679 1.95939 
vt 1.09558 1.95757 
vt 1.07783 1.9414 
vt 1.08595 1.94043 
vt 1.06497 1.94776 
vt 1.28816 2.0239 
vt 1.30058 2.0679 
vt 1.29897 2.06159 
vt 1.30803 2.04743 
vt 1.29809 2.03523 
vt 1.2169 1.99508 
vt 1.21747 1.98253 
vt 1.22614 2.00646 
vt 1.20135 1.95167 
vt 1.20513 1.92029 
vt 1.21958 1.92775 
vt 1.22326 1.95196 
vt 1.1656 1.8698 
vt 1.15594 1.87764 
vt 1.14982 1.86119 
vt 1.15816 1.85747 
vt 1.18993 2.04218 
vt 1.19753 1.82837 
vt 1.18935 1.83186 
vt 1.18743 1.83128 
vt 1.18935 1.83186 
vt 1.18206 1.83887 
vt 1.16042 1.8492 
vt 1.14982 1.86119 
vt 1.14425 1.86798 
vt 1.16235 1.84676 
vt 1.14947 1.88327 
vt 1.17765 1.94018 
vt 1.18366 1.97318 
vt 1.16176 1.90545 
vt 1.20509 1.98718 
vt 1.18497 1.98144 
vt 1.20509 1.98718 
vt 1.21799 2.11151 
vt 1.21956 2.08527 
vt 1.23942 1.98464 
vt 1.23542 1.96584 
vt 1.22326 1.95196 
vt 1.23644 1.9576 
vt 1.2433 1.98143 
vt 1.22955 1.97187 
vt 1.21636 1.95665 
vt 1.23101 1.96146 
vt 1.20391 1.98093 
vt 1.21422 1.95922 
vt 1.174 2.18586 
vt 1.16983 2.15957 
vt 1.17294 1.90764 
vt 1.18515 1.93067 
vt 1.19373 1.9512 
vt 1.16479 1.89427 
vt 1.15594 1.87764 
vt 1.17482 1.88479 
vt 1.16479 1.89427 
vt 1.15929 2.00276 
vt 1.14452 2.01099 
vt 1.14148 2.00214 
vt 1.18145 1.85981 
vt 1.19631 1.84678 
vt 1.18498 1.84998 
vt 1.16766 1.81963 
vt 1.1621 1.82812 
vt 1.20546 1.84032 
vt 1.19631 1.84678 
vt 1.2053 1.86831 
vt 1.20084 1.8891 
vt 1.17536 1.81463 
vt 1.16766 1.81963 
vt 1.19577 1.9555 
vt 1.21393 1.85904 
vt 1.2053 1.86831 
vt 1.22117 1.88061 
vt 1.21084 1.8855 
vt 1.21625 1.90978 
vt 1.21084 1.8855 
vt 1.18451 1.82642 
vt 1.17582 1.83542 
vt 1.19501 1.87053 
vt 1.18244 1.8708 
vt 1.18689 1.85374 
vt 1.22757 1.90555 
vt 1.21625 1.90978 
vt 1.17582 1.83542 
vt 1.1684 1.84517 
vt 1.19599 1.84379 
vt 1.18689 1.85374 
vt 1.23207 1.92911 
vt 1.21958 1.92775 
vt 1.21238 1.86126 
vt 1.20671 1.86492 
vt 1.19501 1.87053 
vt 1.20486 1.90115 
vt 1.19509 1.91368 
vt 1.21729 1.8956 
vt 1.20486 1.90115 
vt 1.17212 1.86028 
vt 1.22464 1.92646 
vt 1.2105 1.92526 
vt 1.2105 1.92526 
vt 1.18299 1.87497 
vt 1.19531 1.95155 
vt 1.19427 1.89225 
vt 1.18527 1.90109 
vt 1.21636 1.95665 
vt 1.20538 1.90983 
vt 1.17294 1.90764 
vt 1.20661 1.91452 
vt 1.19751 1.92304 
vt 1.21422 1.95922 
vt 1.18826 2.21592 
vt 1.20801 1.94907 
vt 1.18515 1.93067 
vt 1.21975 2.18897 
vt 1.21783 2.21382 
vt 1.19529 2.18955 
vt 1.22639 1.97243 
vt 1.19373 1.9512 
vt 1.236 1.98926 
vt 1.19818 2.21392 
vt 1.19529 2.18955 
vt 1.21832 2.15679 
vt 1.19298 2.16152 
vt 1.16681 2.12799 
vt 1.19298 2.16152 
vt 1.19059 2.12825 
vt 1.16749 2.0871 
vt 1.20391 1.98093 
vt 1.2401 2.02755 
vt 1.19059 2.12825 
vt 1.18835 2.09161 
vt 1.17195 2.04732 
vt 1.15575 1.9197 
vt 1.15225 1.92403 
vt 1.18835 2.09161 
vt 1.20878 2.08881 
vt 1.17609 2.01705 
vt 1.18923 2.0543 
vt 1.16161 1.91588 
vt 1.15575 1.9197 
vt 1.16324 1.90834 
vt 1.1756 1.9809 
vt 1.18705 1.99095 
vt 1.18976 2.00683 
vt 1.18923 2.0543 
vt 1.20691 2.05504 
vt 1.19029 2.02574 
vt 1.21966 2.05129 
vt 1.20587 2.02698 
vt 1.19029 2.02574 
vt 1.15686 1.93614 
vt 1.21734 2.02308 
vt 1.20378 2.00698 
vt 1.18976 2.00683 
vt 1.16747 1.95614 
vt 1.17005 1.92492 
vt 1.16223 1.93225 
vt 1.18705 1.99095 
vt 1.20007 1.99032 
vt 1.21344 2.00246 
vt 1.1751 1.91537 
vt 1.18098 1.93985 
vt 1.17171 1.94799 
vt 1.17759 1.96049 
vt 1.18342 1.97831 
vt 1.19518 1.97399 
vt 1.18342 1.97831 
vt 1.18748 1.93041 
vt 1.189 1.95587 
vt 1.17759 1.96049 
vt 1.17171 1.94799 
vt 1.11436 2.03408 
vt 1.11813 2.04331 
vt 1.20148 2.01852 
vt 1.19651 2.04044 
vt 1.23651 2.04778 
vt 1.26635 1.9693 
vt 1.27481 1.97345 
vt 1.26352 1.98132 
vt 1.0947 1.96699 
vt 1.09279 1.97533 
vt 1.18946 2.01659 
vt 1.24509 1.97636 
vt 1.34481 1.97225 
vt 1.34606 1.9664 
vt 1.34926 1.97436 
vt 1.34355 1.984 
vt 1.33928 1.97902 
vt 1.33585 1.96494 
vt 1.33886 1.96032 
vt 1.33275 1.9723 
vt 1.25913 2.0071 
vt 1.25276 1.9919 
vt 1.25913 2.0071 
vt 1.25148 2.01959 
vt 1.24172 2.00447 
vt 1.26596 1.99605 
vt 1.27224 2.00767 
vt 1.26596 1.99605 
vt 1.21733 2.01427 
vt 1.21563 2.00333 
vt 1.22731 2.00461 
vt 1.22707 2.0134 
vt 1.2078 2.0147 
vt 1.20494 2.00652 
vt 1.21563 2.00333 
vt 1.21431 1.99612 
vt 1.20494 2.00652 
vt 1.20523 1.99923 
vt 1.10425 1.96672 
vt 1.10065 1.97759 
vt 1.11146 1.97952 
vt 1.11628 1.97151 
vt 1.14769 2.00887 
vt 1.13463 1.99666 
vt 1.11862 2.00083 
vt 1.06908 1.98464 
vt 1.10933 2.02227 
vt 1.10338 2.03235 
vt 1.11058 2.00214 
vt 1.10933 2.02227 
vt 1.06337 1.9721 
vt 1.11644 1.9943 
vt 1.21473 1.98866 
vt 1.19068 2.05232 
vt 1.19651 2.04044 
vt 1.20205 2.05362 
vt 1.10999 2.03377 
vt 1.27919 2.00006 
vt 1.27423 1.98805 
vt 1.27423 1.98805 
vt 1.31979 1.97368 
vt 1.32256 1.96101 
vt 1.33275 1.9723 
vt 1.33928 1.97902 
vt 1.32661 1.98451 
vt 1.31979 1.97368 
vt 1.30276 1.97647 
vt 1.3031 1.96169 
vt 1.31104 1.95866 
vt 1.34355 1.984 
vt 1.31044 1.98831 
vt 1.30276 1.97647 
vt 1.29648 1.99144 
vt 1.21854 2.02516 
vt 1.14484 1.99253 
vt 1.14414 1.98484 
vt 1.15541 1.98242 
vt 1.15459 1.99276 
vt 1.10515 1.99276 
vt 1.19113 2.03934 
vt 1.16582 1.99301 
vt 1.16846 1.98549 
vt 1.16984 2.0023 
vt 1.15603 2.00522 
vt 1.29002 1.99973 
vt 1.16139 2.02956 
vt 1.24421 2.03041 
vt 1.12385 1.98096 
vt 1.11523 1.98908 
vt 1.10155 1.98929 
vt 1.21769 2.06119 
vt 1.11847 1.99976 
vt 1.12837 1.99193 
vt 1.15597 2.01248 
vt 1.15039 2.03354 
vt 1.14682 2.0314 
vt 1.11274 2.02108 
vt 1.13409 2.05728 
vt 1.04502 1.97292 
vt 1.04176 1.97879 
vt 1.04502 1.97292 
vt 1.05113 1.97254 
vt 1.04695 1.98041 
vt 1.05536 1.98204 
vt 1.06006 1.97625 
vt 1.06053 1.99154 
vt 1.06908 1.98464 
vt 1.04868 1.99228 
vt 1.06908 2.00311 
vt 1.07883 1.99532 
vt 1.07783 2.0115 
vt 1.08595 2.00188 
vt 1.06497 2.01345 
vt 1.28816 1.99426 
vt 1.28752 1.98274 
vt 1.2896 1.96657 
vt 1.28752 1.98274 
vt 1.18953 1.95167 
vt 1.18949 1.92029 
vt 1.12466 2.05476 
vt 1.10888 2.04895 
vt 1.1162 2.03404 
vt 1.12749 2.03999 
vt 1.26641 1.87129 
vt 1.22245 1.82332 
vt 1.22256 1.81419 
vt 1.2356 1.8124 
vt 1.23363 1.82481 
vt 1.20155 1.94797 
vt 1.19847 1.97205 
vt 1.18668 1.97542 
vt 1.21882 1.94806 
vt 1.21813 1.96969 
vt 1.22958 1.98752 
vt 1.19135 1.9945 
vt 1.14593 2.0536 
vt 1.1448 2.08725 
vt 1.11474 2.07412 
vt 1.09852 2.06364 
vt 1.0462 1.99489 
vt 1.04496 2.00224 
vt 1.04176 2.00547 
vt 1.04746 1.99755 
vt 1.05517 1.99264 
vt 1.05216 1.99978 
vt 1.05826 1.98847 
vt 1.13188 2.04218 
vt 1.13826 2.03993 
vt 1.13188 2.04218 
vt 1.14929 2.02925 
vt 1.17538 1.82692 
vt 1.17671 1.8389 
vt 1.16643 1.84003 
vt 1.16371 1.83128 
vt 1.18607 1.83186 
vt 1.18578 1.83887 
vt 1.29631 1.86119 
vt 1.29079 1.86798 
vt 1.28125 1.86226 
vt 1.28676 1.85099 
vt 1.27474 1.84983 
vt 1.27201 1.85859 
vt 1.28931 1.88327 
vt 1.2762 1.87945 
vt 1.23713 1.97346 
vt 1.24332 1.95618 
vt 1.25638 1.96351 
vt 1.25043 1.98141 
vt 1.26391 1.93345 
vt 1.28074 1.94018 
vt 1.2724 1.97318 
vt 1.27118 1.90163 
vt 1.28743 1.90545 
vt 1.25147 1.92398 
vt 1.29266 1.96414 
vt 1.31948 1.92324 
vt 1.30719 1.94045 
vt 1.32194 1.91399 
vt 1.28043 1.98144 
vt 1.28168 1.98718 
vt 1.33096 1.90771 
vt 1.32765 1.91422 
vt 1.27457 1.98831 
vt 1.2661 1.99724 
vt 1.26608 1.98551 
vt 1.17629 2.03159 
vt 1.17066 2.0051 
vt 1.22954 1.97042 
vt 1.15976 2.16906 
vt 1.1462 2.14695 
vt 1.1565 2.14888 
vt 1.20462 2.14777 
vt 1.22123 2.17246 
vt 1.18424 2.17661 
vt 1.17799 2.14896 
vt 1.22308 2.15003 
vt 1.24167 2.15369 
vt 1.25447 2.18586 
vt 1.26454 2.15957 
vt 1.2892 1.93067 
vt 1.06845 1.99725 
vt 1.08825 2.00276 
vt 1.08791 2.01099 
vt 1.07997 2.00214 
vt 1.06155 2.00881 
vt 1.05125 2.01446 
vt 1.07591 2.02352 
vt 1.16281 1.85757 
vt 1.06325 2.03055 
vt 1.17599 1.85981 
vt 1.19011 1.84678 
vt 1.1867 1.84998 
vt 1.15823 1.8837 
vt 1.24688 1.81963 
vt 1.24423 1.82812 
vt 1.17457 1.88874 
vt 1.18887 1.8891 
vt 1.28586 1.98848 
vt 1.17323 1.92252 
vt 1.17161 1.9555 
vt 1.15603 1.92174 
vt 1.15126 1.91051 
vt 1.16943 1.98161 
vt 1.15635 1.95766 
vt 1.24799 1.87053 
vt 1.24367 1.8708 
vt 1.15463 1.98559 
vt 1.24441 1.84517 
vt 1.23039 1.84569 
vt 1.21733 1.83942 
vt 1.10099 2.07836 
vt 1.20614 1.90868 
vt 1.15245 2.00984 
vt 1.21167 1.86516 
vt 1.2397 1.91368 
vt 1.22679 1.87347 
vt 1.10264 2.08258 
vt 1.12289 2.10304 
vt 1.14681 2.01644 
vt 1.22241 1.9127 
vt 1.14362 2.13108 
vt 1.17333 1.9868 
vt 1.16534 2.12246 
vt 1.23504 1.95155 
vt 1.16671 2.20678 
vt 1.18396 2.21244 
vt 1.18395 2.07764 
vt 1.19466 2.11786 
vt 1.21505 2.214 
vt 1.22048 2.07595 
vt 1.22255 2.11905 
vt 1.2442 1.95922 
vt 1.24725 2.21592 
vt 1.25394 2.0798 
vt 1.24984 2.12304 
vt 1.2694 2.18955 
vt 1.26452 2.21392 
vt 1.27277 2.12799 
vt 1.22082 2.03107 
vt 1.25822 2.03653 
vt 1.27993 2.0871 
vt 1.29103 2.09161 
vt 1.28626 2.04732 
vt 1.33989 1.91118 
vt 1.34599 1.9197 
vt 1.34038 1.92403 
vt 1.33398 1.91871 
vt 1.29384 2.01705 
vt 1.34926 1.91588 
vt 1.34599 1.9197 
vt 1.33989 1.91118 
vt 1.30488 1.99961 
vt 1.31823 1.9809 
vt 1.32099 1.99095 
vt 1.31282 2.00683 
vt 1.30523 2.02574 
vt 1.33565 1.90447 
vt 1.33697 1.93614 
vt 1.32624 1.93164 
vt 1.3023 1.97166 
vt 1.33034 1.95614 
vt 1.3157 1.95041 
vt 1.32194 1.91399 
vt 1.34582 1.93225 
vt 1.34077 1.94799 
vt 1.0757 2.0439 
vt 1.08497 2.05267 
vt 1.09006 2.03944 
vt 1.10142 2.02332 

usemtl Handle1Mtl

f 3/3/3 4/4/4 5/5/5 
f 5/5/5 6/6/6 3/3/3 
f 9/9/9 10/10/10 11/11/11 
f 11/11/11 12/12/12 9/9/9 
f 17/17/17 18/18/18 19/19/19 
f 19/19/19 20/20/20 17/17/17 
f 17/17/17 20/20/20 21/21/21 
f 5/5/5 24/24/24 25/25/25 
f 25/25/25 6/6/6 5/5/5 
f 41/41/41 42/42/42 12/12/12 
f 12/12/12 43/43/43 41/41/41 
f 40/40/40 12/12/12 11/11/11 
f 39/39/39 43/43/43 12/12/12 
f 12/12/12 40/40/40 39/39/39 
f 44/44/44 45/45/45 46/46/46 
f 47/47/47 48/48/48 49/49/49 
f 49/49/49 50/50/50 47/47/47 
f 51/51/51 49/49/49 48/48/48 
f 44/44/44 46/46/46 53/53/53 
f 53/53/53 54/54/54 44/44/44 
f 50/50/50 55/55/55 56/56/56 
f 56/56/56 47/47/47 50/50/50 
f 59/59/59 57/57/57 58/58/58 
f 65/65/65 66/66/66 67/67/67 
f 68/68/68 65/65/65 67/67/67 
f 43/43/43 70/70/70 41/41/41 
f 31/31/31 73/73/73 74/74/74 
f 74/74/74 32/32/32 31/31/31 
f 12/12/12 42/42/42 9/9/9 
f 78/78/78 19/19/19 18/18/18 
f 18/18/18 72/72/72 78/78/78 
f 73/73/73 79/79/79 80/80/80 
f 80/80/80 74/74/74 73/73/73 
f 29/29/29 81/81/81 82/82/82 
f 82/82/82 30/30/30 29/29/29 
f 76/76/76 75/75/75 19/19/19 
f 19/19/19 78/78/78 76/76/76 
f 10/10/10 35/35/35 36/36/36 
f 36/36/36 11/11/11 10/10/10 
f 85/85/85 78/78/78 72/72/72 
f 72/72/72 77/77/77 85/85/85 
f 81/81/81 86/86/86 87/87/87 
f 87/87/87 82/82/82 81/81/81 
f 84/84/84 76/76/76 78/78/78 
f 78/78/78 85/85/85 84/84/84 
f 86/86/86 92/92/92 93/93/93 
f 93/93/93 87/87/87 86/86/86 
f 79/79/79 90/90/90 94/94/94 
f 94/94/94 95/95/95 79/79/79 
f 84/84/84 85/85/85 98/98/98 
f 92/92/92 100/100/100 101/101/101 
f 101/101/101 93/93/93 92/92/92 
f 97/97/97 102/102/102 103/103/103 
f 103/103/103 96/96/96 97/97/97 
f 99/99/99 105/105/105 106/106/106 
f 106/106/106 90/90/90 99/99/99 
f 107/107/107 108/108/108 101/101/101 
f 101/101/101 100/100/100 107/107/107 
f 109/109/109 103/103/103 102/102/102 
f 102/102/102 110/110/110 109/109/109 
f 113/113/113 114/114/114 112/112/112 
f 115/115/115 116/116/116 117/117/117 
f 119/119/119 120/120/120 121/121/121 
f 104/104/104 122/122/122 105/105/105 
f 105/105/105 99/99/99 104/104/104 
f 123/123/123 124/124/124 108/108/108 
f 108/108/108 107/107/107 123/123/123 
f 125/125/125 109/109/109 110/110/110 
f 110/110/110 126/126/126 125/125/125 
f 117/117/117 120/120/120 119/119/119 
f 119/119/119 115/115/115 117/117/117 
f 114/114/114 113/113/113 128/128/128 
f 118/118/118 130/130/130 122/122/122 
f 122/122/122 104/104/104 118/118/118 
f 131/131/131 132/132/132 124/124/124 
f 124/124/124 123/123/123 131/131/131 
f 111/111/111 119/119/119 121/121/121 
f 121/121/121 133/133/133 111/111/111 
f 134/134/134 135/135/135 125/125/125 
f 125/125/125 126/126/126 134/134/134 
f 137/137/137 33/33/33 34/34/34 
f 114/114/114 138/138/138 139/139/139 
f 139/139/139 112/112/112 114/114/114 
f 13/13/13 111/111/111 133/133/133 
f 133/133/133 14/14/14 13/13/13 
f 140/140/140 6/6/6 25/25/25 
f 129/129/129 141/141/141 138/138/138 
f 138/138/138 114/114/114 129/129/129 
f 132/132/132 131/131/131 4/4/4 
f 4/4/4 3/3/3 132/132/132 
f 116/116/116 115/115/115 15/15/15 
f 15/15/15 91/91/91 116/116/116 
f 143/143/143 144/144/144 135/135/135 
f 135/135/135 134/134/134 143/143/143 
f 145/145/145 137/137/137 136/136/136 
f 112/112/112 139/139/139 147/147/147 
f 144/144/144 143/143/143 59/59/59 
f 59/59/59 58/58/58 144/144/144 
f 149/149/149 150/150/150 145/145/145 
f 145/145/145 146/146/146 149/149/149 
f 151/151/151 152/152/152 66/66/66 
f 66/66/66 65/65/65 151/151/151 
f 66/66/66 147/147/147 139/139/139 
f 139/139/139 67/67/67 66/66/66 
f 151/151/151 65/65/65 153/153/153 
f 153/153/153 154/154/154 151/151/151 
f 150/150/150 149/149/149 156/156/156 
f 156/156/156 157/157/157 150/150/150 
f 147/147/147 66/66/66 152/152/152 
f 79/79/79 95/95/95 80/80/80 
f 157/157/157 156/156/156 159/159/159 
f 159/159/159 160/160/160 157/157/157 
f 70/70/70 43/43/43 38/38/38 
f 38/38/38 158/158/158 70/70/70 
f 160/160/160 159/159/159 62/62/62 
f 62/62/62 63/63/63 160/160/160 
f 90/90/90 106/106/106 94/94/94 
f 46/46/46 45/45/45 51/51/51 
f 51/51/51 48/48/48 46/46/46 
f 118/118/118 28/28/28 27/27/27 
f 27/27/27 130/130/130 118/118/118 
f 128/128/128 164/164/164 16/16/16 
f 113/113/113 165/165/165 164/164/164 
f 164/164/164 128/128/128 113/113/113 
f 88/88/88 98/98/98 166/166/166 
f 166/166/166 167/167/167 88/88/88 
f 166/166/166 164/164/164 165/165/165 
f 165/165/165 167/167/167 166/166/166 
f 138/138/138 69/69/69 67/67/67 
f 67/67/67 139/139/139 138/138/138 
f 141/141/141 69/69/69 138/138/138 
f 173/173/173 175/175/175 174/174/174 
f 181/181/181 180/180/180 179/179/179 
f 186/186/186 184/184/184 182/182/182 
f 189/189/189 190/190/190 188/188/188 
f 176/176/176 172/172/172 174/174/174 
f 178/178/178 199/199/199 186/186/186 
f 186/186/186 183/183/183 178/178/178 
f 199/199/199 201/201/201 202/202/202 
f 202/202/202 186/186/186 199/199/199 
f 200/200/200 202/202/202 201/201/201 
f 201/201/201 168/168/168 200/200/200 
f 174/174/174 175/175/175 191/191/191 
f 203/203/203 204/204/204 198/198/198 
f 198/198/198 197/197/197 203/203/203 
f 195/195/195 194/194/194 205/205/205 
f 205/205/205 206/206/206 195/195/195 
f 207/207/207 203/203/203 197/197/197 
f 197/197/197 196/196/196 207/207/207 
f 196/196/196 195/195/195 206/206/206 
f 206/206/206 207/207/207 196/196/196 
f 222/222/222 219/219/219 218/218/218 
f 231/231/231 232/232/232 233/233/233 
f 233/233/233 234/234/234 231/231/231 
f 236/236/236 237/237/237 238/238/238 
f 239/239/239 240/240/240 241/241/241 
f 242/242/242 243/243/243 244/244/244 
f 245/245/245 246/246/246 247/247/247 
f 241/241/241 240/240/240 248/248/248 
f 249/249/249 250/250/250 251/251/251 
f 251/251/251 252/252/252 249/249/249 
f 253/253/253 254/254/254 255/255/255 
f 260/260/260 257/257/257 259/259/259 
f 263/263/263 264/264/264 234/234/234 
f 265/265/265 266/266/266 267/267/267 
f 268/268/268 269/269/269 270/270/270 
f 270/270/270 271/271/271 268/268/268 
f 272/272/272 222/222/222 221/221/221 
f 273/273/273 276/276/276 277/277/277 
f 277/277/277 274/274/274 273/273/273 
f 276/276/276 280/280/280 281/281/281 
f 281/281/281 277/277/277 276/276/276 
f 282/282/282 278/278/278 274/274/274 
f 274/274/274 277/277/277 282/282/282 
f 222/222/222 272/272/272 284/284/284 
f 284/284/284 285/285/285 222/222/222 
f 277/277/277 281/281/281 286/286/286 
f 286/286/286 282/282/282 277/277/277 
f 287/287/287 288/288/288 278/278/278 
f 278/278/278 282/282/282 287/287/287 
f 225/225/225 283/283/283 290/290/290 
f 282/282/282 286/286/286 295/295/295 
f 295/295/295 287/287/287 282/282/282 
f 290/290/290 289/289/289 226/226/226 
f 226/226/226 223/223/223 290/290/290 
f 283/283/283 291/291/291 297/297/297 
f 297/297/297 290/290/290 283/283/283 
f 297/297/297 296/296/296 289/289/289 
f 289/289/289 290/290/290 297/297/297 
f 301/301/301 297/297/297 291/291/291 
f 291/291/291 298/298/298 301/301/301 
f 305/305/305 306/306/306 292/292/292 
f 301/301/301 300/300/300 296/296/296 
f 296/296/296 297/297/297 301/301/301 
f 298/298/298 303/303/303 309/309/309 
f 309/309/309 301/301/301 298/298/298 
f 311/311/311 312/312/312 306/306/306 
f 306/306/306 305/305/305 311/311/311 
f 313/313/313 285/285/285 314/314/314 
f 307/307/307 317/317/317 309/309/309 
f 309/309/309 303/303/303 307/307/307 
f 309/309/309 308/308/308 300/300/300 
f 300/300/300 301/301/301 309/309/309 
f 304/304/304 310/310/310 311/311/311 
f 311/311/311 305/305/305 304/304/304 
f 311/311/311 319/319/319 320/320/320 
f 320/320/320 312/312/312 311/311/311 
f 315/315/315 322/322/322 317/317/317 
f 317/317/317 307/307/307 315/315/315 
f 317/317/317 316/316/316 308/308/308 
f 308/308/308 309/309/309 317/317/317 
f 310/310/310 318/318/318 319/319/319 
f 319/319/319 311/311/311 310/310/310 
f 319/319/319 324/324/324 325/325/325 
f 325/325/325 320/320/320 319/319/319 
f 219/219/219 313/313/313 327/327/327 
f 315/315/315 321/321/321 329/329/329 
f 329/329/329 322/322/322 315/315/315 
f 322/322/322 259/259/259 316/316/316 
f 316/316/316 317/317/317 322/322/322 
f 324/324/324 319/319/319 318/318/318 
f 318/318/318 323/323/323 324/324/324 
f 331/331/331 325/325/325 324/324/324 
f 324/324/324 332/332/332 331/331/331 
f 229/229/229 326/326/326 328/328/328 
f 334/334/334 327/327/327 313/313/313 
f 321/321/321 211/211/211 337/337/337 
f 337/337/337 329/329/329 321/321/321 
f 260/260/260 259/259/259 322/322/322 
f 322/322/322 329/329/329 260/260/260 
f 258/258/258 257/257/257 253/253/253 
f 253/253/253 256/256/256 258/258/258 
f 330/330/330 332/332/332 324/324/324 
f 324/324/324 323/323/323 330/330/330 
f 262/262/262 331/331/331 332/332/332 
f 332/332/332 338/338/338 262/262/262 
f 333/333/333 336/336/336 328/328/328 
f 328/328/328 326/326/326 333/333/333 
f 342/342/342 343/343/343 327/327/327 
f 327/327/327 334/334/334 342/342/342 
f 211/211/211 343/343/343 245/245/245 
f 245/245/245 337/337/337 211/211/211 
f 346/346/346 260/260/260 329/329/329 
f 329/329/329 337/337/337 346/346/346 
f 257/257/257 260/260/260 254/254/254 
f 254/254/254 253/253/253 257/257/257 
f 332/332/332 330/330/330 255/255/255 
f 255/255/255 338/338/338 332/332/332 
f 339/339/339 345/345/345 336/336/336 
f 336/336/336 333/333/333 339/339/339 
f 341/341/341 342/342/342 334/334/334 
f 246/246/246 343/343/343 342/342/342 
f 271/271/271 270/270/270 348/348/348 
f 348/348/348 349/349/349 271/271/271 
f 247/247/247 346/346/346 337/337/337 
f 337/337/337 245/245/245 247/247/247 
f 260/260/260 346/346/346 352/352/352 
f 352/352/352 254/254/254 260/260/260 
f 338/338/338 255/255/255 254/254/254 
f 254/254/254 251/251/251 338/338/338 
f 345/345/345 339/339/339 347/347/347 
f 347/347/347 350/350/350 345/345/345 
f 269/269/269 246/246/246 342/342/342 
f 342/342/342 341/341/341 269/269/269 
f 247/247/247 246/246/246 240/240/240 
f 240/240/240 239/239/239 247/247/247 
f 349/349/349 354/354/354 355/355/355 
f 355/355/355 271/271/271 349/349/349 
f 351/351/351 350/350/350 356/356/356 
f 356/356/356 357/357/357 351/351/351 
f 346/346/346 247/247/247 239/239/239 
f 239/239/239 352/352/352 346/346/346 
f 251/251/251 254/254/254 352/352/352 
f 352/352/352 252/252/252 251/251/251 
f 261/261/261 266/266/266 265/265/265 
f 350/350/350 347/347/347 353/353/353 
f 353/353/353 356/356/356 350/350/350 
f 268/268/268 240/240/240 246/246/246 
f 246/246/246 269/269/269 268/268/268 
f 358/358/358 355/355/355 354/354/354 
f 354/354/354 359/359/359 358/358/358 
f 360/360/360 268/268/268 271/271/271 
f 271/271/271 355/355/355 360/360/360 
f 357/357/357 356/356/356 361/361/361 
f 361/361/361 209/209/209 357/357/357 
f 241/241/241 252/252/252 352/352/352 
f 352/352/352 239/239/239 241/241/241 
f 266/266/266 261/261/261 250/250/250 
f 250/250/250 362/362/362 266/266/266 
f 356/356/356 353/353/353 267/267/267 
f 267/267/267 361/361/361 356/356/356 
f 243/243/243 240/240/240 268/268/268 
f 268/268/268 360/360/360 243/243/243 
f 363/363/363 360/360/360 355/355/355 
f 355/355/355 358/358/358 363/363/363 
f 242/242/242 248/248/248 240/240/240 
f 240/240/240 243/243/243 242/242/242 
f 248/248/248 249/249/249 252/252/252 
f 252/252/252 241/241/241 248/248/248 
f 362/362/362 250/250/250 249/249/249 
f 249/249/249 364/364/364 362/362/362 
f 361/361/361 267/267/267 362/362/362 
f 362/362/362 365/365/365 361/361/361 
f 237/237/237 243/243/243 360/360/360 
f 360/360/360 363/363/363 237/237/237 
f 364/364/364 249/249/249 248/248/248 
f 248/248/248 242/242/242 364/364/364 
f 365/365/365 362/362/362 364/364/364 
f 364/364/364 366/366/366 365/365/365 
f 213/213/213 327/327/327 343/343/343 
f 343/343/343 211/211/211 213/213/213 
f 366/366/366 364/364/364 242/242/242 
f 242/242/242 244/244/244 366/366/366 
f 208/208/208 263/263/263 233/233/233 
f 368/368/368 366/366/366 244/244/244 
f 244/244/244 369/369/369 368/368/368 
f 236/236/236 369/369/369 243/243/243 
f 243/243/243 237/237/237 236/236/236 
f 263/263/263 208/208/208 210/210/210 
f 210/210/210 264/264/264 263/263/263 
f 370/370/370 368/368/368 369/369/369 
f 369/369/369 236/236/236 370/370/370 
f 371/371/371 370/370/370 236/236/236 
f 236/236/236 238/238/238 371/371/371 
f 264/264/264 210/210/210 368/368/368 
f 368/368/368 370/370/370 264/264/264 
f 374/374/374 264/264/264 370/370/370 
f 370/370/370 371/371/371 374/374/374 
f 372/372/372 375/375/375 377/377/377 
f 264/264/264 374/374/374 377/377/377 
f 377/377/377 234/234/234 264/264/264 
f 375/375/375 376/376/376 383/383/383 
f 383/383/383 377/377/377 375/375/375 
f 250/250/250 262/262/262 338/338/338 
f 338/338/338 251/251/251 250/250/250 
f 362/362/362 267/267/267 266/266/266 
f 377/377/377 383/383/383 231/231/231 
f 231/231/231 234/234/234 377/377/377 
f 376/376/376 382/382/382 387/387/387 
f 387/387/387 383/383/383 376/376/376 
f 232/232/232 231/231/231 388/388/388 
f 388/388/388 389/389/389 232/232/232 
f 385/385/385 380/380/380 378/378/378 
f 378/378/378 384/384/384 385/385/385 
f 386/386/386 381/381/381 385/385/385 
f 385/385/385 392/392/392 386/386/386 
f 382/382/382 386/386/386 392/392/392 
f 392/392/392 387/387/387 382/382/382 
f 383/383/383 387/387/387 388/388/388 
f 388/388/388 231/231/231 383/383/383 
f 388/388/388 390/390/390 391/391/391 
f 391/391/391 389/389/389 388/388/388 
f 392/392/392 385/385/385 384/384/384 
f 384/384/384 390/390/390 392/392/392 
f 387/387/387 392/392/392 390/390/390 
f 390/390/390 388/388/388 387/387/387 
f 366/366/366 368/368/368 210/210/210 
f 210/210/210 365/365/365 366/366/366 
f 243/243/243 369/369/369 244/244/244 
f 285/285/285 313/313/313 219/219/219 
f 219/219/219 222/222/222 285/285/285 
f 365/365/365 210/210/210 209/209/209 
f 209/209/209 361/361/361 365/365/365 
f 245/245/245 343/343/343 246/246/246 
f 270/270/270 269/269/269 341/341/341 
f 341/341/341 340/340/340 270/270/270 
f 270/270/270 340/340/340 344/344/344 
f 344/344/344 348/348/348 270/270/270 
f 285/285/285 284/284/284 395/395/395 
f 395/395/395 314/314/314 285/285/285 
f 287/287/287 295/295/295 396/396/396 
f 396/396/396 397/397/397 287/287/287 
f 288/288/288 287/287/287 397/397/397 
f 397/397/397 393/393/393 288/288/288 
f 272/272/272 393/393/393 397/397/397 
f 397/397/397 284/284/284 272/272/272 
f 284/284/284 397/397/397 396/396/396 
f 396/396/396 395/395/395 284/284/284 
f 398/398/398 399/399/399 400/400/400 
f 401/401/401 402/402/402 403/403/403 
f 403/403/403 404/404/404 401/401/401 
f 405/405/405 406/406/406 407/407/407 
f 407/407/407 408/408/408 405/405/405 
f 429/429/429 430/430/430 431/431/431 
f 433/433/433 434/434/434 435/435/435 
f 428/428/428 433/433/433 435/435/435 
f 398/398/398 436/436/436 399/399/399 
f 422/422/422 440/440/440 441/441/441 
f 441/441/441 420/420/420 422/422/422 
f 442/442/442 420/420/420 441/441/441 
f 440/440/440 422/422/422 443/443/443 
f 443/443/443 422/422/422 419/419/419 
f 419/419/419 444/444/444 443/443/443 
f 444/444/444 419/419/419 417/417/417 
f 417/417/417 416/416/416 444/444/444 
f 445/445/445 446/446/446 406/406/406 
f 406/406/406 405/405/405 445/445/445 
f 447/447/447 448/448/448 449/449/449 
f 414/414/414 413/413/413 451/451/451 
f 451/451/451 452/452/452 414/414/414 
f 411/411/411 410/410/410 455/455/455 
f 455/455/455 456/456/456 411/411/411 
f 451/451/451 457/457/457 458/458/458 
f 451/451/451 458/458/458 450/450/450 
f 462/462/462 463/463/463 456/456/456 
f 456/456/456 455/455/455 462/462/462 
f 464/464/464 465/465/465 463/463/463 
f 463/463/463 462/462/462 464/464/464 
f 466/466/466 402/402/402 458/458/458 
f 458/458/458 467/467/467 466/466/466 
f 468/468/468 469/469/469 460/460/460 
f 460/460/460 459/459/459 468/468/468 
f 470/470/470 471/471/471 472/472/472 
f 473/473/473 474/474/474 465/465/465 
f 465/465/465 464/464/464 473/473/473 
f 454/454/454 453/453/453 475/475/475 
f 475/475/475 476/476/476 454/454/454 
f 472/472/472 471/471/471 476/476/476 
f 476/476/476 475/475/475 472/472/472 
f 477/477/477 478/478/478 469/469/469 
f 469/469/469 468/468/468 477/477/477 
f 473/473/473 479/479/479 480/480/480 
f 480/480/480 474/474/474 473/473/473 
f 482/482/482 483/483/483 478/478/478 
f 478/478/478 477/477/477 482/482/482 
f 484/484/484 485/485/485 471/471/471 
f 471/471/471 470/470/470 484/484/484 
f 430/430/430 480/480/480 479/479/479 
f 479/479/479 431/431/431 430/430/430 
f 486/486/486 487/487/487 483/483/483 
f 483/483/483 482/482/482 486/486/486 
f 488/488/488 405/405/405 408/408/408 
f 408/408/408 415/415/415 488/488/488 
f 486/486/486 489/489/489 490/490/490 
f 490/490/490 487/487/487 486/486/486 
f 491/491/491 485/485/485 484/484/484 
f 405/405/405 488/488/488 492/492/492 
f 492/492/492 445/445/445 405/405/405 
f 434/434/434 490/490/490 489/489/489 
f 489/489/489 435/435/435 434/434/434 
f 445/445/445 492/492/492 494/494/494 
f 494/494/494 495/495/495 445/445/445 
f 493/493/493 485/485/485 491/491/491 
f 491/491/491 496/496/496 493/493/493 
f 467/467/467 458/458/458 457/457/457 
f 446/446/446 445/445/445 495/495/495 
f 495/495/495 498/498/498 446/446/446 
f 494/494/494 499/499/499 500/500/500 
f 500/500/500 495/495/495 494/494/494 
f 495/495/495 500/500/500 504/504/504 
f 504/504/504 498/498/498 495/495/495 
f 437/437/437 434/434/434 433/433/433 
f 502/502/502 438/438/438 507/507/507 
f 500/500/500 503/503/503 509/509/509 
f 509/509/509 504/504/504 500/500/500 
f 403/403/403 402/402/402 466/466/466 
f 505/505/505 506/506/506 511/511/511 
f 511/511/511 512/512/512 505/505/505 
f 438/438/438 439/439/439 514/514/514 
f 514/514/514 507/507/507 438/438/438 
f 436/436/436 509/509/509 503/503/503 
f 503/503/503 399/399/399 436/436/436 
f 512/512/512 516/516/516 513/513/513 
f 513/513/513 505/505/505 512/512/512 
f 439/439/439 515/515/515 517/517/517 
f 517/517/517 514/514/514 439/439/439 
f 421/421/421 420/420/420 442/442/442 
f 442/442/442 519/519/519 421/421/421 
f 513/513/513 516/516/516 521/521/521 
f 521/521/521 426/426/426 513/513/513 
f 522/522/522 517/517/517 515/515/515 
f 515/515/515 518/518/518 522/522/522 
f 519/519/519 425/425/425 424/424/424 
f 526/526/526 527/527/527 426/426/426 
f 426/426/426 521/521/521 526/526/526 
f 529/529/529 522/522/522 518/518/518 
f 518/518/518 523/523/523 529/529/529 
f 423/423/423 436/436/436 398/398/398 
f 536/536/536 537/537/537 527/527/527 
f 527/527/527 526/526/526 536/536/536 
f 538/538/538 529/529/529 523/523/523 
f 523/523/523 528/528/528 538/538/538 
f 427/427/427 527/527/527 537/537/537 
f 537/537/537 539/539/539 427/427/427 
f 540/540/540 537/537/537 536/536/536 
f 536/536/536 541/541/541 540/540/540 
f 539/539/539 537/537/537 540/540/540 
f 540/540/540 543/543/543 539/539/539 
f 544/544/544 540/540/540 541/541/541 
f 541/541/541 545/545/545 544/544/544 
f 531/531/531 530/530/530 547/547/547 
f 547/547/547 548/548/548 531/531/531 
f 545/545/545 549/549/549 550/550/550 
f 550/550/550 544/544/544 545/545/545 
f 551/551/551 543/543/543 540/540/540 
f 552/552/552 547/547/547 530/530/530 
f 530/530/530 532/532/532 552/552/552 
f 548/548/548 547/547/547 553/553/553 
f 553/553/553 554/554/554 548/548/548 
f 555/555/555 556/556/556 533/533/533 
f 533/533/533 546/546/546 555/555/555 
f 557/557/557 550/550/550 549/549/549 
f 549/549/549 558/558/558 557/557/557 
f 559/559/559 553/553/553 547/547/547 
f 547/547/547 552/552/552 559/559/559 
f 554/554/554 553/553/553 560/560/560 
f 560/560/560 561/561/561 554/554/554 
f 560/560/560 557/557/557 558/558/558 
f 558/558/558 561/561/561 560/560/560 
f 527/527/527 427/427/427 426/426/426 
f 534/534/534 533/533/533 556/556/556 
f 562/562/562 546/546/546 542/542/542 
f 555/555/555 546/546/546 562/562/562 
f 578/578/578 579/579/579 575/575/575 
f 576/576/576 575/575/575 580/580/580 
f 580/580/580 581/581/581 576/576/576 
f 575/575/575 579/579/579 582/582/582 
f 582/582/582 580/580/580 575/575/575 
f 570/570/570 584/584/584 574/574/574 
f 585/585/585 586/586/586 587/587/587 
f 587/587/587 584/584/584 585/585/585 
f 583/583/583 588/588/588 589/589/589 
f 590/590/590 585/585/585 584/584/584 
f 584/584/584 570/570/570 590/590/590 
f 591/591/591 592/592/592 593/593/593 
f 593/593/593 594/594/594 591/591/591 
f 595/595/595 596/596/596 592/592/592 
f 592/592/592 591/591/591 595/595/595 
f 599/599/599 600/600/600 598/598/598 
f 601/601/601 602/602/602 572/572/572 
f 572/572/572 571/571/571 601/601/601 
f 603/603/603 602/602/602 601/601/601 
f 601/601/601 604/604/604 603/603/603 
f 588/588/588 621/621/621 620/620/620 
f 570/570/570 569/569/569 622/622/622 
f 622/622/622 590/590/590 570/570/570 
f 582/582/582 623/623/623 624/624/624 
f 624/624/624 580/580/580 582/582/582 
f 625/625/625 626/626/626 627/627/627 
f 627/627/627 628/628/628 625/625/625 
f 629/629/629 631/631/631 624/624/624 
f 623/623/623 629/629/629 624/624/624 
f 628/628/628 627/627/627 633/633/633 
f 633/633/633 634/634/634 628/628/628 
f 636/636/636 591/591/591 594/594/594 
f 637/637/637 638/638/638 639/639/639 
f 639/639/639 640/640/640 637/637/637 
f 614/614/614 611/611/611 641/641/641 
f 642/642/642 573/573/573 565/565/565 
f 565/565/565 566/566/566 642/642/642 
f 643/643/643 640/640/640 639/639/639 
f 639/639/639 644/644/644 643/643/643 
f 637/637/637 640/640/640 646/646/646 
f 643/643/643 645/645/645 646/646/646 
f 646/646/646 640/640/640 643/643/643 
f 604/604/604 650/650/650 651/651/651 
f 652/652/652 602/602/602 603/603/603 
f 650/650/650 655/655/655 654/654/654 
f 658/658/658 605/605/605 656/656/656 
f 656/656/656 657/657/657 658/658/658 
f 611/611/611 607/607/607 659/659/659 
f 664/664/664 665/665/665 662/662/662 
f 666/666/666 665/665/665 664/664/664 
f 664/664/664 667/667/667 666/666/666 
f 668/668/668 666/666/666 667/667/667 
f 667/667/667 669/669/669 668/668/668 
f 587/587/587 615/615/615 574/574/574 
f 574/574/574 584/584/584 587/587/587 
f 671/671/671 668/668/668 669/669/669 
f 669/669/669 672/672/672 671/671/671 
f 670/670/670 665/665/665 666/666/666 
f 666/666/666 668/668/668 670/670/670 
f 610/610/610 609/609/609 619/619/619 
f 673/673/673 671/671/671 672/672/672 
f 672/672/672 674/674/674 673/673/673 
f 635/635/635 676/676/676 677/677/677 
f 634/634/634 633/633/633 635/635/635 
f 635/635/635 677/677/677 634/634/634 
f 678/678/678 630/630/630 629/629/629 
f 629/629/629 679/679/679 678/678/678 
f 569/569/569 678/678/678 679/679/679 
f 679/679/679 622/622/622 569/569/569 
f 676/676/676 620/620/620 621/621/621 
f 621/621/621 677/677/677 676/676/676 
f 682/682/682 683/683/683 684/684/684 
f 684/684/684 685/685/685 682/682/682 
f 687/687/687 688/688/688 689/689/689 
f 689/689/689 690/690/690 687/687/687 
f 680/680/680 691/691/691 692/692/692 
f 692/692/692 693/693/693 680/680/680 
f 691/691/691 694/694/694 695/695/695 
f 695/695/695 692/692/692 691/691/691 
f 695/695/695 696/696/696 697/697/697 
f 697/697/697 692/692/692 695/695/695 
f 682/682/682 698/698/698 699/699/699 
f 699/699/699 700/700/700 682/682/682 
f 700/700/700 701/701/701 683/683/683 
f 683/683/683 682/682/682 700/700/700 
f 698/698/698 682/682/682 685/685/685 
f 713/713/713 714/714/714 715/715/715 
f 715/715/715 716/716/716 713/713/713 
f 714/714/714 713/713/713 717/717/717 
f 719/719/719 720/720/720 721/721/721 
f 721/721/721 722/722/722 719/719/719 
f 723/723/723 722/722/722 721/721/721 
f 721/721/721 724/724/724 723/723/723 
f 720/720/720 725/725/725 726/726/726 
f 726/726/726 721/721/721 720/720/720 
f 727/727/727 728/728/728 729/729/729 
f 729/729/729 730/730/730 727/727/727 
f 729/729/729 731/731/731 732/732/732 
f 732/732/732 733/733/733 729/729/729 
f 734/734/734 726/726/726 725/725/725 
f 725/725/725 735/735/735 734/734/734 
f 726/726/726 686/686/686 724/724/724 
f 724/724/724 721/721/721 726/726/726 
f 731/731/731 729/729/729 728/728/728 
f 728/728/728 736/736/736 731/731/731 
f 731/731/731 734/734/734 735/735/735 
f 735/735/735 732/732/732 731/731/731 
f 686/686/686 726/726/726 734/734/734 
f 745/745/745 746/746/746 747/747/747 
f 746/746/746 696/696/696 730/730/730 
f 730/730/730 747/747/747 746/746/746 
f 729/729/729 733/733/733 747/747/747 
f 747/747/747 730/730/730 729/729/729 
f 697/697/697 748/748/748 749/749/749 
f 692/692/692 697/697/697 693/693/693 
f 750/750/750 696/696/696 695/695/695 
f 754/754/754 755/755/755 756/756/756 
f 756/756/756 757/757/757 754/754/754 
f 758/758/758 755/755/755 754/754/754 
f 758/758/758 759/759/759 755/755/755 
f 760/760/760 755/755/755 759/759/759 
f 759/759/759 761/761/761 760/760/760 
f 763/763/763 767/767/767 707/707/707 
f 707/707/707 706/706/706 763/763/763 
f 768/768/768 703/703/703 707/707/707 
f 707/707/707 767/767/767 768/768/768 
f 766/766/766 765/765/765 769/769/769 
f 766/766/766 769/769/769 767/767/767 
f 763/763/763 766/766/766 767/767/767 
f 771/771/771 768/768/768 767/767/767 
f 767/767/767 769/769/769 771/771/771 
f 772/772/772 770/770/770 715/715/715 
f 715/715/715 714/714/714 772/772/772 
f 774/774/774 772/772/772 714/714/714 
f 714/714/714 718/718/718 774/774/774 
f 776/776/776 777/777/777 690/690/690 
f 690/690/690 689/689/689 776/776/776 
f 778/778/778 775/775/775 770/770/770 
f 770/770/770 772/772/772 778/778/778 
f 779/779/779 778/778/778 772/772/772 
f 746/746/746 745/745/745 780/780/780 
f 781/781/781 681/681/681 680/680/680 
f 680/680/680 782/782/782 781/781/781 
f 778/778/778 781/781/781 783/783/783 
f 783/783/783 775/775/775 778/778/778 
f 696/696/696 727/727/727 730/730/730 
f 696/696/696 750/750/750 727/727/727 
f 781/781/781 778/778/778 779/779/779 
f 779/779/779 681/681/681 781/781/781 
f 782/782/782 680/680/680 693/693/693 
f 693/693/693 785/785/785 782/782/782 
f 782/782/782 786/786/786 783/783/783 
f 783/783/783 781/781/781 782/782/782 
f 785/785/785 693/693/693 697/697/697 
f 697/697/697 749/749/749 785/785/785 
f 785/785/785 789/789/789 786/786/786 
f 786/786/786 782/782/782 785/785/785 
f 791/791/791 792/792/792 687/687/687 
f 687/687/687 690/690/690 791/791/791 
f 749/749/749 795/795/795 789/789/789 
f 789/789/789 785/785/785 749/749/749 
f 777/777/777 790/790/790 791/791/791 
f 791/791/791 690/690/690 777/777/777 
f 796/796/796 792/792/792 791/791/791 
f 791/791/791 798/798/798 796/796/796 
f 788/788/788 798/798/798 791/791/791 
f 791/791/791 790/790/790 788/788/788 
f 798/798/798 802/802/802 794/794/794 
f 794/794/794 796/796/796 798/798/798 
f 797/797/797 802/802/802 798/798/798 
f 798/798/798 788/788/788 797/797/797 
f 794/794/794 802/802/802 694/694/694 
f 694/694/694 691/691/691 794/794/794 
f 753/753/753 757/757/757 756/756/756 
f 699/699/699 805/805/805 803/803/803 
f 803/803/803 800/800/800 699/699/699 
f 802/802/802 797/797/797 806/806/806 
f 806/806/806 694/694/694 802/802/802 
f 750/750/750 695/695/695 694/694/694 
f 694/694/694 806/806/806 750/750/750 
f 807/807/807 751/751/751 756/756/756 
f 756/756/756 808/808/808 807/807/807 
f 809/809/809 810/810/810 805/805/805 
f 805/805/805 699/699/699 809/809/809 
f 728/728/728 727/727/727 750/750/750 
f 750/750/750 806/806/806 728/728/728 
f 811/811/811 808/808/808 756/756/756 
f 756/756/756 755/755/755 811/811/811 
f 812/812/812 813/813/813 810/810/810 
f 810/810/810 809/809/809 812/812/812 
f 757/757/757 805/805/805 810/810/810 
f 810/810/810 754/754/754 757/757/757 
f 811/811/811 755/755/755 760/760/760 
f 760/760/760 815/815/815 811/811/811 
f 816/816/816 817/817/817 813/813/813 
f 813/813/813 812/812/812 816/816/816 
f 754/754/754 810/810/810 813/813/813 
f 813/813/813 758/758/758 754/754/754 
f 818/818/818 819/819/819 815/815/815 
f 758/758/758 813/813/813 817/817/817 
f 817/817/817 759/759/759 758/758/758 
f 817/817/817 820/820/820 761/761/761 
f 761/761/761 759/759/759 817/817/817 
f 697/697/697 696/696/696 821/821/821 
f 821/821/821 748/748/748 697/697/697 
f 822/822/822 816/816/816 812/812/812 
f 812/812/812 821/821/821 822/822/822 
f 817/817/817 816/816/816 823/823/823 
f 823/823/823 820/820/820 817/817/817 
f 733/733/733 741/741/741 745/745/745 
f 745/745/745 747/747/747 733/733/733 
f 822/822/822 821/821/821 696/696/696 
f 696/696/696 746/746/746 822/822/822 
f 700/700/700 699/699/699 800/800/800 
f 800/800/800 799/799/799 700/700/700 
f 825/825/825 823/823/823 816/816/816 
f 816/816/816 822/822/822 825/825/825 
f 826/826/826 827/827/827 828/828/828 
f 828/828/828 829/829/829 826/826/826 
f 830/830/830 825/825/825 822/822/822 
f 822/822/822 746/746/746 830/830/830 
f 831/831/831 832/832/832 833/833/833 
f 753/753/753 803/803/803 805/805/805 
f 805/805/805 757/757/757 753/753/753 
f 834/834/834 835/835/835 836/836/836 
f 836/836/836 837/837/837 834/834/834 
f 780/780/780 834/834/834 830/830/830 
f 830/830/830 746/746/746 780/780/780 
f 809/809/809 699/699/699 698/698/698 
f 698/698/698 748/748/748 809/809/809 
f 837/837/837 838/838/838 830/830/830 
f 830/830/830 834/834/834 837/837/837 
f 828/828/828 840/840/840 841/841/841 
f 841/841/841 829/829/829 828/828/828 
f 743/743/743 826/826/826 829/829/829 
f 829/829/829 744/744/744 743/743/743 
f 842/842/842 835/835/835 834/834/834 
f 834/834/834 780/780/780 842/842/842 
f 841/841/841 840/840/840 843/843/843 
f 843/843/843 844/844/844 841/841/841 
f 841/841/841 738/738/738 744/744/744 
f 744/744/744 829/829/829 841/841/841 
f 821/821/821 812/812/812 809/809/809 
f 809/809/809 748/748/748 821/821/821 
f 737/737/737 842/842/842 780/780/780 
f 780/780/780 741/741/741 737/737/737 
f 844/844/844 843/843/843 835/835/835 
f 835/835/835 842/842/842 844/844/844 
f 844/844/844 739/739/739 738/738/738 
f 738/738/738 841/841/841 844/844/844 
f 749/749/749 748/748/748 712/712/712 
f 712/712/712 795/795/795 749/749/749 
f 739/739/739 844/844/844 842/842/842 
f 842/842/842 737/737/737 739/739/739 
f 840/840/840 846/846/846 847/847/847 
f 846/846/846 840/840/840 828/828/828 
f 828/828/828 827/827/827 846/846/846 
f 701/701/701 700/700/700 799/799/799 
f 849/849/849 848/848/848 850/850/850 
f 769/769/769 850/850/850 848/848/848 
f 848/848/848 771/771/771 769/769/769 
f 850/850/850 769/769/769 765/765/765 
f 765/765/765 851/851/851 850/850/850 
f 850/850/850 683/683/683 701/701/701 
f 701/701/701 849/849/849 850/850/850 
f 851/851/851 684/684/684 683/683/683 
f 683/683/683 850/850/850 851/851/851 

g Handle2

v 35.2907 1.30679 -66.869 
v 35.321 1.05574 -66.8693 
v 34.8829 2.12721 -67.4015 
v 34.8413 2.08499 -67.5281 
v 34.9194 1.95896 -67.4643 
v 34.9844 2.0021 -67.3754 
v 34.9248 0.660367 -66.2929 
v 34.9703 0.271451 -66.6297 
v 35.0143 0.197654 -66.6295 
v 34.9889 0.184254 -66.5244 
v 34.9451 0.284192 -66.5395 
v 35.2622 1.27019 -66.7984 
v 35.1731 1.46269 -66.8213 
v 35.1833 1.49057 -66.9147 
v 35.1883 1.27615 -66.6569 
v 35.1448 1.44541 -66.6621 
v 35.0942 1.58851 -66.5701 
v 35.1211 1.64388 -66.8779 
v 34.9408 2.11272 -67.235 
v 34.8653 2.39264 -67.2488 
v 34.8748 2.29313 -67.4905 
v 34.868 2.21308 -67.6221 
v 34.9213 1.64036 -68.0501 
v 34.8698 1.70236 -68.0606 
v 34.9396 1.73052 -68.0892 
v 35.0233 1.66215 -68.0402 
v 34.8579 1.62066 -67.9743 
v 34.8194 1.68044 -68.0001 
v 34.921 1.58447 -67.9478 
v 35.2091 2.022 -67.3666 
v 35.073 1.99803 -67.2897 
v 35.2091 2.022 -67.3666 
v 35.1808 1.91209 -67.2226 
v 35.1693 0.291286 -67.009 
v 35.0989 0.395294 -66.9946 
v 35.111 0.403832 -67.0779 
v 35.1778 0.326021 -67.1006 
v 35.195 0.331618 -66.9071 
v 35.1272 0.390962 -66.914 
v 34.88 0.584293 -66.0144 
v 34.8214 0.628911 -66.0725 
v 34.8182 0.584981 -66.1485 
v 34.8733 0.488685 -66.0976 
v 34.9123 0.473793 -66.2077 
v 34.8557 0.551114 -66.2317 
v 34.8617 0.768033 -66.0909 
v 34.8548 0.734975 -66.2026 
v 35.1326 1.4737 -66.5115 
v 35.2029 1.33319 -66.4666 
v 35.1032 1.3945 -66.361 
v 35.0828 1.54155 -66.4037 
v 35.048 1.1667 -66.29 
v 35.0868 1.22194 -66.1563 
v 35.1342 1.48359 -66.2231 
v 34.9408 0.915693 -66.235 
v 34.9604 0.946479 -66.1045 
v 35.1732 1.08165 -66.4126 
v 35.1497 1.3972 -66.0808 
v 34.9632 1.07097 -65.8658 
v 35.0638 1.20898 -65.9649 
v 35.0177 0.996357 -65.8457 
v 35.1669 1.53496 -66.178 
v 35.3392 1.5812 -66.1609 
v 34.9499 0.943927 -65.7718 
v 34.9166 0.996745 -65.7987 
v 35.0838 1.59092 -66.2069 
v 35.0542 1.66802 -66.2752 
v 35.0806 1.57246 -66.2735 
v 35.0385 1.93804 -66.9981 
v 35.1495 1.7285 -67.0484 
v 35.1483 1.44982 -66.5678 
v 35.2077 3.05502 -67.1443 
v 35.2326 2.88062 -67.2518 
v 35.0086 2.89623 -67.1648 
v 34.8542 2.88156 -66.769 
v 34.934 3.08238 -66.634 
v 35.0088 3.1162 -66.9386 
v 34.8939 2.89343 -66.9867 
v 34.8667 2.8987 -66.6177 
v 34.9087 2.92893 -66.465 
v 35.059 3.18941 -66.3637 
v 35.0263 2.97672 -66.2793 
v 35.1564 1.14679 -66.0749 
v 34.821 1.65813 -67.8537 
v 34.9521 1.70476 -67.6836 
v 34.8338 1.77059 -67.6864 
v 34.8096 1.69982 -67.7499 
v 34.7774 1.76311 -67.9163 
v 34.8275 1.81241 -68.0044 
v 34.7704 1.88374 -67.7967 
v 35.1531 0.553981 -67.119 
v 34.8143 1.94264 -67.9053 
v 35.1167 0.576447 -66.9931 
v 35.2497 0.466724 -66.8645 
v 35.1583 0.49385 -66.892 
v 35.2361 0.764246 -67.1566 
v 35.0086 0.243539 -66.4227 
v 34.9644 0.309969 -66.4445 
v 35.1855 0.809266 -67.0151 
v 35.2801 0.80891 -66.8771 
v 35.0747 1.58818 -66.1196 
v 35.2291 1.07305 -67.0103 
v 35.2309 1.33549 -67.0352 
v 35.2884 1.07081 -67.1641 
v 35.3785 0.978768 -67.213 
v 35.2022 1.54315 -67.0579 
v 35.2971 1.35419 -67.1639 
v 35.2381 0.662969 -66.4024 
v 35.1374 0.66449 -66.437 
v 35.2942 1.5762 -67.1845 
v 35.0235 0.459648 -66.4317 
v 34.9826 0.466343 -66.5637 
v 35.0229 0.415066 -66.6752 
v 35.1534 2.32927 -67.6127 
v 35.2593 0.962984 -66.775 
v 35.2549 1.76642 -67.2012 
v 35.1458 0.615014 -66.7307 
v 35.2386 1.00706 -66.4686 
v 35.0784 0.68713 -66.601 
v 34.997 2.36709 -67.5977 
v 34.978 2.52858 -67.4336 
v 35.3993 1.82394 -67.2481 
v 35.168 0.999107 -66.6364 
v 34.9755 2.75163 -67.2678 
v 35.6555 1.58683 -67.024 
v 34.8473 2.67733 -67.0872 
v 35.228 1.30394 -66.5178 
v 35.2574 3.35062 -67.0908 
v 35.1556 3.40202 -66.9407 
v 34.8805 2.31027 -66.9332 
v 34.8242 2.63675 -66.8479 
v 35.1152 3.41548 -66.6844 
v 34.8979 2.29736 -66.6397 
v 34.846 2.64599 -66.6219 
v 35.411 1.35614 -66.4611 
v 35.1729 3.43056 -66.4235 
v 34.9184 2.3302 -66.3684 
v 34.8889 2.67978 -66.3991 
v 35.2331 3.2175 -66.2368 
v 35.2529 3.40951 -66.2786 
v 35.0016 2.72201 -66.2132 
v 35.0049 1.93673 -66.6392 
v 34.9887 1.98231 -66.3366 
v 35.0063 2.39084 -66.1566 
v 35.1823 2.43052 -66.0589 
v 35.0409 2.07071 -66.1088 
v 34.9118 0.971934 -65.68 
v 34.9147 1.04481 -65.6263 
v 34.8839 1.08157 -65.6755 
v 34.8809 1.03901 -65.7281 
v 35.0734 1.82904 -66.0507 
v 34.9654 1.01128 -65.598 
v 34.9147 1.04481 -65.6263 
v 34.9118 0.971934 -65.68 
v 35.0905 1.70019 -65.9533 
v 35.0773 1.55131 -65.8464 
v 35.1685 1.6311 -65.8242 
v 35.1892 1.7562 -65.8893 
v 35.1933 1.90391 -65.9486 
v 34.993 0.912944 -65.7158 
v 34.9209 1.19101 -65.7103 
v 34.9109 1.15125 -65.8016 
v 35.0436 1.47076 -65.9855 
v 35.0057 1.35088 -65.7618 
v 34.9829 1.30485 -65.8788 
v 35.0177 0.996357 -65.8457 
v 34.9804 1.15707 -65.6188 
v 35.0602 1.28456 -65.6599 
v 34.8379 2.05907 -67.8122 
v 34.8531 2.12975 -67.7373 
v 34.7976 2.01174 -67.6813 
v 34.8617 1.8781 -67.5848 

vn -0.220472 -0.0314961 0.976378 
vn -0.220472 -0.0314961 0.976378 
vn -0.92126 -0.244094 0.299213 
vn -0.96063 -0.0314961 0.283465 
vn -0.755906 -0.370079 0.543307 
vn -0.653543 -0.590551 0.472441 
vn -0.141732 -0.19685 -0.968504 
vn -0.858268 -0.456693 -0.228346 
vn -0.826772 -0.496063 -0.259843 
vn -0.866142 -0.448819 -0.220472 
vn -0.889764 -0.417323 -0.188976 
vn -0.874016 -0.377953 -0.299213 
vn -0.897638 -0.385827 -0.212598 
vn -0.929134 -0.338583 -0.165354 
vn -0.984252 -0.11811 -0.133858 
vn -0.944882 -0.307087 -0.11811 
vn -0.952756 -0.283465 -0.0944882 
vn -0.929134 -0.307087 -0.19685 
vn -0.850394 -0.503937 0.11811 
vn -0.992126 0.0314961 -0.11811 
vn -0.937008 0.307087 -0.181102 
vn -0.818898 0.496063 -0.275591 
vn -0.181102 -0.637795 -0.748031 
vn -0.417323 -0.480315 -0.771654 
vn -0.110236 -0.362205 -0.92126 
vn 0.220472 -0.614173 -0.755906 
vn -0.425197 -0.724409 -0.543307 
vn -0.503937 -0.590551 -0.629921 
vn -0.212598 -0.866142 -0.456693 
vn 0.267717 -0.472441 -0.84252 
vn -0.456693 -0.771654 0.448819 
vn 0.267717 -0.472441 -0.84252 
vn -0.0944882 -0.795276 -0.606299 
vn -0.212598 -0.905512 -0.362205 
vn -0.850394 -0.496063 -0.173228 
vn -0.818898 -0.519685 -0.228346 
vn -0.299213 -0.913386 -0.275591 
vn -0.204724 -0.866142 0.456693 
vn -0.677165 -0.700787 0.228346 
vn -0.141732 0.0393701 0.992126 
vn -0.84252 -0.448819 0.299213 
vn -0.88189 -0.354331 0.314961 
vn -0.370079 -0.661417 0.653543 
vn -0.338583 -0.944882 -0.0393701 
vn -0.795276 -0.582677 -0.149606 
vn -0.92126 0.393701 -0.0314961 
vn -0.889764 0.267717 -0.370079 
vn -0.897638 -0.401575 -0.188976 
vn -0.748031 -0.511811 -0.417323 
vn -0.850394 -0.377953 -0.362205 
vn -0.976378 -0.188976 -0.11811 
vn -0.952756 0.251969 0.173228 
vn -0.937008 0.322835 0.125984 
vn -0.968504 0.204724 0.125984 
vn -0.905512 0.433071 0.015748 
vn -0.897638 0.440945 0.0393701 
vn -0.0866142 -0.212598 -0.976378 
vn 0.023622 -0.496063 -0.866142 
vn -0.291339 -0.448819 -0.84252 
vn -0.19685 -0.433071 -0.88189 
vn -0.314961 -0.480315 -0.818898 
vn 0.141732 -0.527559 -0.834646 
vn 0.708661 -0.511811 -0.480315 
vn -0.346457 -0.590551 -0.732283 
vn -0.354331 -0.551181 -0.755906 
vn -0.874016 -0.480315 0.0629921 
vn -0.976378 -0.19685 0.0393701 
vn -0.952756 -0.283465 0.133858 
vn -0.88189 -0.433071 -0.181102 
vn -0.84252 -0.314961 -0.440945 
vn -0.929134 -0.377953 0.0314961 
vn -0.204724 0.425197 -0.88189 
vn 0.0944882 0.551181 -0.826772 
vn -0.574803 0.559055 -0.598425 
vn -0.96063 0.267717 -0.0551181 
vn -0.897638 0.433071 0.0472441 
vn -0.795276 0.464567 -0.385827 
vn -0.874016 0.385827 -0.291339 
vn -0.968504 0.220472 0.125984 
vn -0.905512 0.267717 0.322835 
vn -0.866142 0.425197 0.267717 
vn -0.834646 0.307087 0.456693 
vn -0.456693 0.370079 0.811024 
vn -0.700787 -0.692913 0.173228 
vn -0.330709 -0.566929 0.755906 
vn -0.330709 -0.566929 0.755906 
vn -0.330709 -0.566929 0.755906 
vn -0.976378 -0.0708661 -0.19685 
vn -0.866142 0.133858 -0.480315 
vn -1 0.0787402 0.0393701 
vn -0.551181 -0.0314961 -0.834646 
vn -0.92126 0.212598 -0.322835 
vn -0.96063 0.19685 0.188976 
vn -0.251969 -0.0787402 0.968504 
vn -0.291339 0 0.96063 
vn -0.472441 0.0314961 -0.88189 
vn -0.850394 -0.377953 0.354331 
vn -0.834646 -0.448819 0.322835 
vn -0.897638 0.267717 -0.346457 
vn -0.543307 0.102362 0.834646 
vn -0.716535 -0.685039 -0.0866142 
vn -0.897638 -0.0551181 0.433071 
vn -0.976378 -0.125984 -0.165354 
vn -0.913386 0.141732 -0.377953 
vn -0.409449 0.0314961 -0.913386 
vn -0.88189 -0.188976 -0.425197 
vn -0.866142 -0.0551181 -0.496063 
vn -0.314961 0.23622 0.92126 
vn -0.322835 0.204724 0.92126 
vn -0.535433 -0.125984 -0.834646 
vn -0.401575 0.212598 0.889764 
vn -0.937008 0.338583 -0.102362 
vn -0.850394 0.283465 -0.448819 
vn 0.433071 0.417323 -0.795276 
vn -0.23622 -0.023622 -0.968504 
vn -0.503937 -0.314961 -0.80315 
vn -0.283465 -0.015748 -0.96063 
vn -0.322835 0.181102 0.929134 
vn -0.80315 0.267717 -0.527559 
vn -0.346457 0.622047 -0.700787 
vn -0.622047 0.511811 -0.598425 
vn 0.456693 -0.0787402 -0.889764 
vn -0.818898 0.173228 -0.543307 
vn -0.661417 0.448819 -0.598425 
vn 0.952756 -0.0787402 -0.291339 
vn -0.944882 0.181102 -0.259843 
vn -0.937008 -0.125984 0.330709 
vn 0.11811 0.11811 -0.984252 
vn -0.826772 0.425197 -0.377953 
vn -0.968504 -0.244094 0 
vn -1 -0.00787402 -0.015748 
vn -0.88189 0.472441 0 
vn -0.976378 -0.212598 0.0629921 
vn -0.992126 -0.023622 0.125984 
vn 0.645669 -0.582677 -0.496063 
vn -0.874016 0.456693 0.165354 
vn -0.96063 -0.110236 0.244094 
vn -0.937008 0.0708661 0.346457 
vn -0.677165 0.354331 0.637795 
vn -0.84252 0.204724 0.503937 
vn -0.858268 0.204724 0.472441 
vn -0.952756 -0.291339 -0.0472441 
vn -0.976378 -0.19685 0.11811 
vn -0.897638 0 0.440945 
vn -0.440945 0.181102 0.88189 
vn -0.952756 -0.0944882 0.291339 
vn -0.771654 -0.574803 0.283465 
vn -0.779528 -0.338583 0.527559 
vn -0.92126 -0.23622 0.314961 
vn -0.937008 -0.23622 0.244094 
vn -0.984252 -0.0708661 0.165354 
vn -0.590551 -0.488189 0.637795 
vn -0.779528 -0.338583 0.527559 
vn -0.771654 -0.574803 0.283465 
vn -0.629921 0.464567 0.622047 
vn -0.590551 0.503937 0.629921 
vn -0.614173 0.472441 0.629921 
vn -0.661417 0.377953 0.645669 
vn -0.669291 0.19685 0.716535 
vn -0.511811 -0.84252 0.188976 
vn -0.913386 0.393701 -0.0629921 
vn -0.92126 0.204724 -0.338583 
vn -0.984252 0.173228 0.0472441 
vn -0.92126 0.385827 0.015748 
vn -0.92126 0.377953 0.015748 
vn -0.314961 -0.480315 -0.818898 
vn -0.0866142 0.251969 0.968504 
vn 0.110236 0.330709 0.937008 
vn -0.307087 0.692913 -0.653543 
vn -0.322835 0.716535 -0.614173 
vn -0.984252 0.110236 0.149606 
vn -0.889764 -0.125984 0.433071 

vt -0.477927 -3.88068 
vt -0.481356 -6.39116 
vt -5.66758 4.36609 
vt -6.92994 3.90137 
vt -6.34424 2.70878 
vt -5.44122 3.18429 
vt 5.6718 -10.3118 
vt 2.15567 -14.149 
vt 2.16423 -14.8791 
vt 3.20761 -15.0225 
vt 3.0498 -14.0294 
vt 0.483566 -4.17738 
vt 0.236694 -2.25078 
vt -0.706523 -1.98137 
vt 1.86492 -4.16969 
vt 1.81001 -2.43936 
vt 2.72538 -1.01302 
vt -0.332437 -0.454659 
vt -3.96644 4.27316 
vt -4.05697 6.9653 
vt -6.46129 5.91503 
vt -7.75866 5.07671 
vt -11.9445 -0.423686 
vt -12.0441 0.164806 
vt -12.3 0.422855 
vt -11.8436 -0.210546 
vt -11.2274 -0.603362 
vt -11.4679 -0.03237 
vt -10.9794 -0.936922 
vt -5.09001 3.3597 
vt -4.58001 3.17975 
vt -5.09001 3.3597 
vt -3.69722 2.3251 
vt -1.61015 -13.8609 
vt -1.50378 -12.9027 
vt -2.32591 -12.8126 
vt -2.54413 -13.5119 
vt -0.754749 -13.4654 
vt -0.777989 -12.9051 
vt 8.0645 -11.1198 
vt 7.62288 -10.576 
vt 6.85915 -11.0342 
vt 7.30043 -11.9357 
vt 6.33853 -12.0279 
vt 6.12013 -11.3272 
vt 7.50428 -9.35324 
vt 6.45508 -9.65863 
vt 3.33015 -2.13756 
vt 3.82506 -3.52059 
vt 4.86992 -2.9342 
vt 4.39403 -1.50154 
vt 5.4722 -5.33821 
vt 6.81874 -4.79999 
vt 6.15123 -2.15984 
vt 6.05408 -7.88452 
vt 7.35413 -7.57824 
vt 4.47693 -6.09583 
vt 7.77216 -2.88362 
vt 9.91775 -6.15535 
vt 8.93425 -4.77841 
vt 10.1142 -6.89521 
vt 6.79403 -1.49973 
vt 6.89394 -1.04044 
vt 10.8362 -7.39745 
vt 10.5712 -6.87715 
vt 6.32531 -0.949543 
vt 5.64725 -0.235315 
vt 5.64554 -1.17353 
vt -1.5378 2.51222 
vt -1.98808 0.393182 
vt 2.72278 -2.38106 
vt -2.85965 13.5103 
vt -3.94496 11.7412 
vt -3.12096 11.8957 
vt 0.72878 11.8072 
vt 2.05771 13.7823 
vt -0.901551 14.1143 
vt -1.40166 11.9023 
vt 2.20537 11.9881 
vt 3.69257 12.2809 
vt 4.71707 14.8542 
vt 5.52257 12.751 
vt 7.49575 -5.56099 
vt -10.1644 -0.234931 
vt -8.58037 0.206175 
vt -8.60765 0.864407 
vt -9.24273 0.156762 
vt -10.7166 0.69041 
vt -11.5407 1.14245 
vt -9.56794 1.86686 
vt -2.61563 -11.4087 
vt -10.5809 2.42907 
vt -1.56129 -11.2297 
vt -0.431455 -12.2719 
vt -0.704879 -12.0163 
vt -2.98211 -9.31867 
vt 4.10958 -14.4439 
vt 3.89775 -13.7654 
vt -1.67469 -8.91572 
vt -0.530842 -8.88621 
vt 7.22833 -0.935989 
vt -1.7825 -6.21329 
vt -1.91147 -3.57472 
vt -3.15839 -6.27511 
vt -3.5399 -7.17345 
vt -2.0864 -1.4855 
vt -3.13269 -3.40187 
vt 4.1989 -10.3724 
vt 3.85306 -10.3509 
vt -3.2704 -1.16761 
vt 3.91234 -12.4009 
vt 2.79072 -12.3591 
vt 1.74547 -12.8609 
vt -7.56105 6.25445 
vt 0.85087 -7.32027 
vt -3.44439 0.77231 
vt 1.29291 -10.8015 
vt 3.53518 -6.92044 
vt 2.50279 -10.1371 
vt -7.42911 6.59167 
vt -5.80942 8.22858 
vt -3.89595 1.30035 
vt 2.15212 -6.99841 
vt -4.15073 10.4717 
vt -1.77441 -1.07077 
vt -2.41316 9.78221 
vt 3.16295 -3.89023 
vt -2.30396 16.5277 
vt -0.924143 16.9803 
vt -0.924977 6.19669 
vt -0.0681418 9.41425 
vt 1.56299 17.1055 
vt 1.9974 6.06128 
vt 2.16298 9.50974 
vt 3.89515 -3.27691 
vt 4.13956 17.2594 
vt 4.67479 6.36925 
vt 4.34667 9.8288 
vt 5.91156 15.1493 
vt 5.52093 17.0993 
vt 6.18068 10.2243 
vt 2.0252 2.47077 
vt 5.01723 2.90766 
vt 6.75356 6.95352 
vt 7.6419 7.31412 
vt 7.26055 3.77119 
vt 11.5503 -7.12054 
vt 12.0386 -6.43898 
vt 11.5896 -6.09188 
vt 11.0775 -6.51752 
vt 7.86695 1.34977 
vt 12.3 -6.74436 
vt 12.0386 -6.43898 
vt 11.5503 -7.12054 
vt 8.74971 -0.0457994 
vt 9.8176 -1.54257 
vt 10.0389 -0.738371 
vt 9.38522 0.5316 
vt 8.77779 2.04487 
vt 11.2116 -7.65689 
vt 11.3172 -5.12347 
vt 10.4588 -5.48331 
vt 8.54325 -2.28191 
vt 10.7864 -3.52324 
vt 9.61573 -3.98195 
vt 10.1142 -6.89521 
vt 12.0254 -5.43456 
vt 11.621 -4.1754 
vt -9.58438 3.49733 
vt -8.84297 4.19935 
vt -8.43567 3.1405 
vt -7.52697 1.85132 

usemtl Handle2Mtl

f 854/854/854 855/855/855 856/856/856 
f 856/856/856 857/857/857 854/854/854 
f 859/859/859 860/860/860 861/861/861 
f 861/861/861 862/862/862 859/859/859 
f 852/852/852 863/863/863 864/864/864 
f 864/864/864 865/865/865 852/852/852 
f 863/863/863 866/866/866 867/867/867 
f 867/867/867 864/864/864 863/863/863 
f 867/867/867 868/868/868 869/869/869 
f 869/869/869 864/864/864 867/867/867 
f 854/854/854 870/870/870 871/871/871 
f 871/871/871 872/872/872 854/854/854 
f 872/872/872 873/873/873 855/855/855 
f 855/855/855 854/854/854 872/872/872 
f 870/870/870 854/854/854 857/857/857 
f 885/885/885 886/886/886 887/887/887 
f 887/887/887 888/888/888 885/885/885 
f 886/886/886 885/885/885 889/889/889 
f 891/891/891 892/892/892 893/893/893 
f 893/893/893 894/894/894 891/891/891 
f 895/895/895 894/894/894 893/893/893 
f 893/893/893 896/896/896 895/895/895 
f 892/892/892 897/897/897 898/898/898 
f 898/898/898 893/893/893 892/892/892 
f 899/899/899 900/900/900 901/901/901 
f 901/901/901 902/902/902 899/899/899 
f 901/901/901 903/903/903 904/904/904 
f 904/904/904 905/905/905 901/901/901 
f 906/906/906 898/898/898 897/897/897 
f 897/897/897 907/907/907 906/906/906 
f 898/898/898 858/858/858 896/896/896 
f 896/896/896 893/893/893 898/898/898 
f 903/903/903 901/901/901 900/900/900 
f 900/900/900 908/908/908 903/903/903 
f 903/903/903 906/906/906 907/907/907 
f 907/907/907 904/904/904 903/903/903 
f 858/858/858 898/898/898 906/906/906 
f 917/917/917 918/918/918 919/919/919 
f 918/918/918 868/868/868 902/902/902 
f 902/902/902 919/919/919 918/918/918 
f 901/901/901 905/905/905 919/919/919 
f 919/919/919 902/902/902 901/901/901 
f 869/869/869 920/920/920 921/921/921 
f 864/864/864 869/869/869 865/865/865 
f 922/922/922 868/868/868 867/867/867 
f 926/926/926 927/927/927 928/928/928 
f 928/928/928 929/929/929 926/926/926 
f 930/930/930 927/927/927 926/926/926 
f 930/930/930 931/931/931 927/927/927 
f 932/932/932 927/927/927 931/931/931 
f 931/931/931 933/933/933 932/932/932 
f 935/935/935 939/939/939 879/879/879 
f 879/879/879 878/878/878 935/935/935 
f 940/940/940 875/875/875 879/879/879 
f 879/879/879 939/939/939 940/940/940 
f 938/938/938 937/937/937 941/941/941 
f 938/938/938 941/941/941 939/939/939 
f 935/935/935 938/938/938 939/939/939 
f 943/943/943 940/940/940 939/939/939 
f 939/939/939 941/941/941 943/943/943 
f 944/944/944 942/942/942 887/887/887 
f 887/887/887 886/886/886 944/944/944 
f 946/946/946 944/944/944 886/886/886 
f 886/886/886 890/890/890 946/946/946 
f 948/948/948 949/949/949 862/862/862 
f 862/862/862 861/861/861 948/948/948 
f 950/950/950 947/947/947 942/942/942 
f 942/942/942 944/944/944 950/950/950 
f 951/951/951 950/950/950 944/944/944 
f 918/918/918 917/917/917 952/952/952 
f 953/953/953 853/853/853 852/852/852 
f 852/852/852 954/954/954 953/953/953 
f 950/950/950 953/953/953 955/955/955 
f 955/955/955 947/947/947 950/950/950 
f 868/868/868 899/899/899 902/902/902 
f 868/868/868 922/922/922 899/899/899 
f 953/953/953 950/950/950 951/951/951 
f 951/951/951 853/853/853 953/953/953 
f 954/954/954 852/852/852 865/865/865 
f 865/865/865 957/957/957 954/954/954 
f 954/954/954 958/958/958 955/955/955 
f 955/955/955 953/953/953 954/954/954 
f 957/957/957 865/865/865 869/869/869 
f 869/869/869 921/921/921 957/957/957 
f 957/957/957 961/961/961 958/958/958 
f 958/958/958 954/954/954 957/957/957 
f 963/963/963 964/964/964 859/859/859 
f 859/859/859 862/862/862 963/963/963 
f 921/921/921 967/967/967 961/961/961 
f 961/961/961 957/957/957 921/921/921 
f 949/949/949 962/962/962 963/963/963 
f 963/963/963 862/862/862 949/949/949 
f 968/968/968 964/964/964 963/963/963 
f 963/963/963 970/970/970 968/968/968 
f 960/960/960 970/970/970 963/963/963 
f 963/963/963 962/962/962 960/960/960 
f 970/970/970 974/974/974 966/966/966 
f 966/966/966 968/968/968 970/970/970 
f 969/969/969 974/974/974 970/970/970 
f 970/970/970 960/960/960 969/969/969 
f 966/966/966 974/974/974 866/866/866 
f 866/866/866 863/863/863 966/966/966 
f 925/925/925 929/929/929 928/928/928 
f 871/871/871 977/977/977 975/975/975 
f 975/975/975 972/972/972 871/871/871 
f 974/974/974 969/969/969 978/978/978 
f 978/978/978 866/866/866 974/974/974 
f 922/922/922 867/867/867 866/866/866 
f 866/866/866 978/978/978 922/922/922 
f 979/979/979 923/923/923 928/928/928 
f 928/928/928 980/980/980 979/979/979 
f 981/981/981 982/982/982 977/977/977 
f 977/977/977 871/871/871 981/981/981 
f 900/900/900 899/899/899 922/922/922 
f 922/922/922 978/978/978 900/900/900 
f 983/983/983 980/980/980 928/928/928 
f 928/928/928 927/927/927 983/983/983 
f 984/984/984 985/985/985 982/982/982 
f 982/982/982 981/981/981 984/984/984 
f 929/929/929 977/977/977 982/982/982 
f 982/982/982 926/926/926 929/929/929 
f 983/983/983 927/927/927 932/932/932 
f 932/932/932 987/987/987 983/983/983 
f 988/988/988 989/989/989 985/985/985 
f 985/985/985 984/984/984 988/988/988 
f 926/926/926 982/982/982 985/985/985 
f 985/985/985 930/930/930 926/926/926 
f 990/990/990 991/991/991 987/987/987 
f 930/930/930 985/985/985 989/989/989 
f 989/989/989 931/931/931 930/930/930 
f 989/989/989 992/992/992 933/933/933 
f 933/933/933 931/931/931 989/989/989 
f 869/869/869 868/868/868 993/993/993 
f 993/993/993 920/920/920 869/869/869 
f 994/994/994 988/988/988 984/984/984 
f 984/984/984 993/993/993 994/994/994 
f 989/989/989 988/988/988 995/995/995 
f 995/995/995 992/992/992 989/989/989 
f 905/905/905 913/913/913 917/917/917 
f 917/917/917 919/919/919 905/905/905 
f 994/994/994 993/993/993 868/868/868 
f 868/868/868 918/918/918 994/994/994 
f 872/872/872 871/871/871 972/972/972 
f 972/972/972 971/971/971 872/872/872 
f 997/997/997 995/995/995 988/988/988 
f 988/988/988 994/994/994 997/997/997 
f 998/998/998 999/999/999 1000/1000/1000 
f 1000/1000/1000 1001/1001/1001 998/998/998 
f 1002/1002/1002 997/997/997 994/994/994 
f 994/994/994 918/918/918 1002/1002/1002 
f 1003/1003/1003 1004/1004/1004 1005/1005/1005 
f 925/925/925 975/975/975 977/977/977 
f 977/977/977 929/929/929 925/925/925 
f 1006/1006/1006 1007/1007/1007 1008/1008/1008 
f 1008/1008/1008 1009/1009/1009 1006/1006/1006 
f 952/952/952 1006/1006/1006 1002/1002/1002 
f 1002/1002/1002 918/918/918 952/952/952 
f 981/981/981 871/871/871 870/870/870 
f 870/870/870 920/920/920 981/981/981 
f 1009/1009/1009 1010/1010/1010 1002/1002/1002 
f 1002/1002/1002 1006/1006/1006 1009/1009/1009 
f 1000/1000/1000 1012/1012/1012 1013/1013/1013 
f 1013/1013/1013 1001/1001/1001 1000/1000/1000 
f 915/915/915 998/998/998 1001/1001/1001 
f 1001/1001/1001 916/916/916 915/915/915 
f 1014/1014/1014 1007/1007/1007 1006/1006/1006 
f 1006/1006/1006 952/952/952 1014/1014/1014 
f 1013/1013/1013 1012/1012/1012 1015/1015/1015 
f 1015/1015/1015 1016/1016/1016 1013/1013/1013 
f 1013/1013/1013 910/910/910 916/916/916 
f 916/916/916 1001/1001/1001 1013/1013/1013 
f 993/993/993 984/984/984 981/981/981 
f 981/981/981 920/920/920 993/993/993 
f 909/909/909 1014/1014/1014 952/952/952 
f 952/952/952 913/913/913 909/909/909 
f 1016/1016/1016 1015/1015/1015 1007/1007/1007 
f 1007/1007/1007 1014/1014/1014 1016/1016/1016 
f 1016/1016/1016 911/911/911 910/910/910 
f 910/910/910 1013/1013/1013 1016/1016/1016 
f 921/921/921 920/920/920 884/884/884 
f 884/884/884 967/967/967 921/921/921 
f 911/911/911 1016/1016/1016 1014/1014/1014 
f 1014/1014/1014 909/909/909 911/911/911 
f 1012/1012/1012 1018/1018/1018 1019/1019/1019 
f 1018/1018/1018 1012/1012/1012 1000/1000/1000 
f 1000/1000/1000 999/999/999 1018/1018/1018 
f 873/873/873 872/872/872 971/971/971 
f 1021/1021/1021 1020/1020/1020 1022/1022/1022 
f 941/941/941 1022/1022/1022 1020/1020/1020 
f 1020/1020/1020 943/943/943 941/941/941 
f 1022/1022/1022 941/941/941 937/937/937 
f 937/937/937 1023/1023/1023 1022/1022/1022 
f 1022/1022/1022 855/855/855 873/873/873 
f 873/873/873 1021/1021/1021 1022/1022/1022 
f 1023/1023/1023 856/856/856 855/855/855 
f 855/855/855 1022/1022/1022 1023/1023/1023 

g Handle3

v 35.4266 1.6539 -66.1728 
v 35.4338 1.5535 -66.1802 
v 35.5091 1.74159 -66.2101 
v 35.5424 1.93015 -67.1837 
v 35.3993 1.82394 -67.2481 
v 35.4187 2.1057 -67.3081 
v 34.88 0.584293 -66.0144 
v 34.9459 0.555865 -65.9994 
v 34.868 2.21308 -67.6221 
v 34.9396 1.73052 -68.0892 
v 35.2091 2.022 -67.3666 
v 35.3082 2.14472 -67.4007 
v 35.2091 2.022 -67.3666 
v 35.1249 1.98704 -67.4116 
v 35.2241 2.07059 -67.4595 
v 35.2554 0.276202 -67.0213 
v 35.1778 0.326021 -67.1006 
v 35.2464 0.29559 -67.097 
v 35.2612 0.303049 -66.931 
v 35.195 0.331618 -66.9071 
v 34.962 0.470622 -66.0731 
v 34.9774 0.448885 -66.1672 
v 34.9123 0.473793 -66.2077 
v 35.3594 1.49945 -66.0447 
v 35.2648 1.45371 -66.11 
v 35.3392 1.5812 -66.1609 
v 35.4237 1.65554 -66.1037 
v 35.3392 1.5812 -66.1609 
v 35.5159 2.33613 -66.1926 
v 35.4402 2.59035 -66.1847 
v 35.454 2.38031 -66.1211 
v 35.7211 2.06102 -66.78 
v 35.6996 2.33495 -66.7079 
v 35.7263 2.05353 -66.6896 
v 35.6697 2.14009 -66.4566 
v 35.6208 2.44474 -66.4187 
v 35.6392 2.19564 -66.3802 
v 35.6659 2.13887 -67.011 
v 35.6558 2.38028 -66.9763 
v 35.6967 2.08773 -66.9147 
v 35.7094 2.07258 -66.5968 
v 35.6856 1.79407 -66.5488 
v 35.617 1.56544 -66.5167 
v 35.6645 1.56069 -66.6489 
v 35.7111 1.77743 -66.6666 
v 35.5819 1.41117 -66.8078 
v 35.6507 1.53488 -66.7793 
v 35.5809 1.3448 -66.7684 
v 35.4727 1.28858 -66.8197 
v 35.5818 1.41412 -66.8366 
v 35.466 1.30925 -66.8292 
v 35.5914 1.34912 -66.8819 
v 35.65 1.54062 -66.8809 
v 35.5334 1.46159 -66.4746 
v 35.5453 1.38192 -66.5014 
v 35.4335 1.68063 -66.1508 
v 35.4821 1.80424 -66.1323 
v 35.411 1.35614 -66.4611 
v 35.5197 1.47491 -66.4587 
v 35.5101 1.42093 -66.4058 
v 35.6628 2.82167 -66.7291 
v 35.6237 2.8082 -66.9553 
v 35.5793 3.13258 -66.9545 
v 35.6283 3.15738 -66.7373 
v 35.1635 1.97967 -67.5071 
v 34.9802 1.60723 -68.003 
v 35.0307 1.63487 -67.8861 
v 34.9521 1.70476 -67.6836 
v 35.0233 1.66215 -68.0402 
v 35.0719 1.71073 -67.9635 
v 35.0614 1.71163 -67.7518 
v 34.9521 1.70476 -67.6836 
v 34.9879 1.69719 -68.0759 
v 35.0323 1.79091 -68.0307 
v 35.1052 1.79941 -67.8515 
v 35.3159 0.402528 -67.1382 
v 35.2003 2.08569 -67.5994 
v 35.2474 2.21477 -67.5407 
v 35.0606 1.89406 -67.9331 
v 35.1325 1.88247 -67.7432 
v 35.097 1.80617 -67.6472 
v 35.3332 0.409973 -66.9101 
v 35.3649 0.377488 -67.0258 
v 35.3877 0.555594 -67.1514 
v 35.0798 0.195635 -66.425 
v 35.0086 0.243539 -66.4227 
v 35.0829 0.148924 -66.5093 
v 35.0888 1.98576 -67.8325 
v 35.4039 0.56194 -66.9071 
v 35.4394 0.529934 -67.0369 
v 35.4459 0.73042 -67.1595 
v 35.0836 0.155291 -66.6065 
v 35.463 0.735564 -66.9056 
v 35.503 0.713467 -67.0398 
v 35.3785 0.978768 -67.213 
v 35.4981 0.936862 -67.168 
v 35.168 0.250486 -66.6524 
v 35.204 0.24294 -66.5217 
v 35.1738 0.294177 -66.4189 
v 35.5364 1.13668 -67.1656 
v 35.5145 0.935941 -66.903 
v 35.5582 0.921518 -67.0434 
v 35.2628 0.398715 -66.6789 
v 35.3042 0.391734 -66.5363 
v 35.2673 0.435242 -66.4325 
v 35.3197 2.39666 -67.4348 
v 35.1534 2.32927 -67.6127 
v 35.569 1.36987 -67.1538 
v 35.5503 1.12437 -66.8961 
v 35.5998 1.12324 -67.0332 
v 35.3532 0.578898 -66.7035 
v 35.3997 0.576689 -66.559 
v 35.3543 0.605949 -66.4503 
v 35.5718 1.619 -67.1582 
v 35.632 1.35322 -67.0241 
v 35.4478 0.826943 -66.7312 
v 35.4923 0.829555 -66.5818 
v 35.4397 0.853502 -66.4692 
v 35.0655 0.534727 -66.2125 
v 35.4645 2.36425 -67.2906 
v 35.0752 0.565882 -66.0791 
v 35.6555 1.58683 -67.024 
v 35.5155 1.07126 -66.7493 
v 35.4987 1.10225 -66.4899 
v 35.5589 1.08472 -66.6088 
v 35.1552 0.651876 -66.2378 
v 35.443 2.64387 -67.2515 
v 34.8473 2.67733 -67.0872 
v 35.1598 0.688294 -66.0929 
v 35.66 1.8525 -67.0299 
v 35.6094 1.3537 -66.6306 
v 35.2422 0.786014 -66.2683 
v 35.452 3.11482 -67.0939 
v 35.5173 2.84842 -67.1077 
v 35.569 2.55262 -67.1205 
v 35.5938 2.27391 -67.1213 
v 35.4145 3.36436 -67.077 
v 35.2504 0.827456 -66.1228 
v 35.6932 1.8041 -66.8986 
v 35.3393 0.963881 -66.3139 
v 35.4653 3.4081 -66.9468 
v 35.4882 3.42781 -66.7272 
v 35.3503 1.00638 -66.1657 
v 35.2779 1.07517 -66.0825 
v 35.707 1.78143 -66.7829 
v 35.4276 1.17188 -66.356 
v 35.4848 3.42992 -66.4697 
v 35.5872 3.18928 -66.4741 
v 35.4411 1.21898 -66.2225 
v 35.3627 1.28467 -66.1301 
v 35.46 3.21067 -66.2833 
v 35.4461 3.40666 -66.3095 
v 35.6006 2.88548 -66.462 
v 35.5131 1.4695 -66.274 
v 35.5904 1.60198 -66.4235 
v 35.4472 2.94911 -66.2564 
v 35.6553 1.84557 -66.4383 
v 35.5742 1.68127 -66.3085 
v 35.6229 1.9132 -66.3404 
v 34.9147 1.04481 -65.6263 
v 35.573 1.9842 -66.2537 
v 35.5964 2.25504 -66.311 
v 35.5225 2.05188 -66.1601 
v 35.4555 2.1067 -66.0702 
v 35.3385 1.91398 -65.9553 
v 35.1933 1.90391 -65.9486 
v 35.4387 1.8791 -66.0289 
v 35.3168 1.75713 -65.9006 
v 35.2885 1.62448 -65.8392 
v 35.4092 1.71247 -65.9846 
v 35.0843 0.960993 -65.7726 
v 35.0177 0.996357 -65.8457 
v 35.098 1.00721 -65.6544 
v 35.133 1.21901 -65.6447 
v 35.2497 1.49334 -65.7768 
v 35.3669 1.56957 -65.92 
v 35.1811 1.08019 -65.8413 
v 35.1969 1.13397 -65.7093 
v 35.1998 1.34807 -65.7089 
v 35.3225 1.42597 -65.8549 
v 35.3069 1.35891 -65.982 
v 35.2189 1.34559 -66.0591 
v 35.2501 1.21385 -65.9114 
v 35.159 1.20834 -65.9819 
v 35.2698 1.27607 -65.7835 
v 35.1104 1.87168 -67.5706 
v 34.9984 2.24981 -67.6966 
v 35.1377 2.19276 -67.6831 
v 35.1071 2.0842 -67.7554 
v 35.1604 1.97759 -67.6694 

vn 0.354331 -0.0393701 0.937008 
vn 0.488189 -0.0393701 0.874016 
vn 0.787402 -0.204724 0.582677 
vn 0.661417 -0.0393701 -0.748031 
vn 0.456693 -0.0787402 -0.889764 
vn 0.606299 -0.188976 -0.779528 
vn -0.141732 0.0393701 0.992126 
vn -0.181102 0.102362 0.976378 
vn -0.818898 0.496063 -0.275591 
vn -0.110236 -0.362205 -0.92126 
vn 0.267717 -0.472441 -0.84252 
vn 0.685039 -0.322835 -0.653543 
vn 0.267717 -0.472441 -0.84252 
vn 0.480315 -0.795276 -0.362205 
vn 0.795276 -0.559055 -0.244094 
vn -0.283465 -0.913386 -0.299213 
vn -0.299213 -0.913386 -0.275591 
vn -0.385827 -0.905512 -0.188976 
vn -0.165354 -0.897638 0.401575 
vn -0.204724 -0.866142 0.456693 
vn -0.283465 -0.850394 0.440945 
vn -0.283465 -0.96063 0.0551181 
vn -0.338583 -0.944882 -0.0393701 
vn 0.700787 -0.527559 -0.488189 
vn -0.023622 -0.417323 -0.905512 
vn 0.708661 -0.511811 -0.480315 
vn 0.897638 -0.448819 0 
vn 0.708661 -0.511811 -0.480315 
vn 0.826772 0.149606 0.543307 
vn 0.598425 0.212598 0.771654 
vn 0.661417 0.204724 0.724409 
vn 0.992126 0.0314961 -0.11811 
vn 0.992126 0.102362 0.0393701 
vn 1 0.023622 0.0629921 
vn 0.952756 0.0472441 0.291339 
vn 0.92126 0.125984 0.377953 
vn 0.913386 0.0708661 0.401575 
vn 0.905512 0.0393701 -0.417323 
vn 0.944882 0.0866142 -0.307087 
vn 0.976378 0.0393701 -0.220472 
vn 0.976378 0.0393701 0.220472 
vn 0.952756 -0.133858 0.283465 
vn 0.866142 -0.283465 0.409449 
vn 0.96063 -0.228346 0.133858 
vn 0.984252 -0.125984 0.0944882 
vn 0.818898 -0.496063 -0.283465 
vn 0.952756 -0.307087 -0.0787402 
vn 0.80315 -0.330709 -0.496063 
vn 0.551181 -0.448819 -0.700787 
vn 0.708661 -0.330709 0.622047 
vn -0.220472 -0.023622 0.976378 
vn 0.779528 -0.283465 0.559055 
vn 0.968504 -0.244094 0.0393701 
vn 0.637795 -0.370079 0.677165 
vn 0.645669 -0.188976 0.740157 
vn 0.818898 -0.496063 0.291339 
vn 0.889764 -0.188976 0.425197 
vn 0.645669 -0.582677 -0.496063 
vn 0.645669 -0.582677 -0.496063 
vn 0.866142 -0.440945 -0.244094 
vn 0.992126 0.0944882 0.015748 
vn 0.929134 0.11811 -0.354331 
vn 0.874016 0.220472 -0.425197 
vn 0.96063 0.259843 -0.0393701 
vn 0.80315 -0.574803 0.15748 
vn 0.0551181 -0.795276 -0.606299 
vn 0.385827 -0.905512 0.173228 
vn -0.330709 -0.566929 0.755906 
vn 0.220472 -0.614173 -0.755906 
vn 0.80315 -0.582677 -0.11811 
vn 0.401575 -0.818898 0.417323 
vn -0.330709 -0.566929 0.755906 
vn 0.102362 -0.496063 -0.866142 
vn 0.661417 0.299213 -0.692913 
vn 0.92126 -0.385827 0.015748 
vn -0.00787402 -0.330709 -0.944882 
vn 0.92126 -0.173228 -0.346457 
vn 0.834646 -0.0551181 -0.543307 
vn 0.905512 0.15748 -0.393701 
vn 0.937008 -0.354331 0.0472441 
vn 0.929134 -0.354331 0.0629921 
vn 0.259843 -0.330709 0.905512 
vn 0.834646 -0.543307 -0.0393701 
vn 0.220472 -0.220472 -0.952756 
vn -0.370079 -0.771654 0.519685 
vn -0.850394 -0.377953 0.354331 
vn -0.307087 -0.929134 0.204724 
vn 0.92126 0.141732 -0.362205 
vn 0.409449 -0.220472 0.889764 
vn 0.826772 -0.409449 -0.393701 
vn 0.322835 -0.15748 -0.929134 
vn -0.370079 -0.913386 -0.165354 
vn 0.464567 -0.165354 0.866142 
vn 0.866142 -0.299213 -0.401575 
vn -0.409449 0.0314961 -0.913386 
vn 0.362205 -0.102362 -0.929134 
vn 0.133858 -0.511811 -0.850394 
vn 0.76378 -0.622047 0.15748 
vn 0.669291 -0.559055 0.488189 
vn 0.385827 -0.0393701 -0.92126 
vn 0.480315 -0.125984 0.866142 
vn 0.889764 -0.204724 -0.409449 
vn 0.346457 -0.385827 -0.858268 
vn 0.755906 -0.456693 0.464567 
vn 0.755906 -0.456693 0.464567 
vn 0.685039 0.141732 -0.716535 
vn 0.433071 0.417323 -0.795276 
vn 0.685039 -0.0551181 -0.724409 
vn 0.472441 -0.125984 0.874016 
vn 0.984252 -0.15748 -0.0629921 
vn 0.417323 -0.322835 -0.850394 
vn 0.818898 -0.370079 0.440945 
vn 0.818898 -0.370079 0.440945 
vn 0.661417 -0.023622 -0.755906 
vn 0.984252 -0.149606 -0.11811 
vn 0.464567 -0.23622 -0.858268 
vn 0.850394 -0.267717 0.456693 
vn 0.850394 -0.267717 0.448819 
vn 0.299213 -0.645669 -0.700787 
vn 0.740157 0.023622 -0.669291 
vn 0.700787 -0.519685 0.496063 
vn 0.952756 -0.0787402 -0.291339 
vn 0.488189 -0.188976 -0.850394 
vn 0.866142 -0.173228 0.464567 
vn 0.968504 -0.204724 0.133858 
vn 0.511811 -0.535433 -0.669291 
vn 0.661417 0.244094 -0.708661 
vn -0.944882 0.181102 -0.259843 
vn 0.574803 -0.275591 0.771654 
vn 0.897638 0 -0.433071 
vn 0.96063 -0.23622 0.15748 
vn 0.566929 -0.496063 -0.653543 
vn 0.472441 0.204724 -0.858268 
vn 0.708661 0.19685 -0.677165 
vn 0.834646 0.11811 -0.535433 
vn 0.834646 0.0314961 -0.551181 
vn 0.0787402 0.0866142 -0.992126 
vn 0.598425 -0.228346 0.771654 
vn 0.984252 -0.0708661 -0.173228 
vn 0.598425 -0.440945 -0.669291 
vn 0.874016 0.401575 -0.275591 
vn 0.897638 0.448819 -0.0393701 
vn 0.653543 -0.188976 0.732283 
vn 0.677165 -0.15748 0.724409 
vn 0.984252 -0.125984 -0.0866142 
vn 0.84252 -0.385827 -0.370079 
vn 0.92126 0.322835 0.212598 
vn 0.92126 0.220472 0.322835 
vn 0.889764 -0.228346 0.393701 
vn 0.716535 -0.0944882 0.692913 
vn 0.88189 0.244094 0.401575 
vn 0.96063 0.102362 0.251969 
vn 0.913386 0.0787402 0.393701 
vn 0.88189 -0.19685 0.433071 
vn 0.905512 -0.307087 0.291339 
vn 0.818898 0.0393701 0.574803 
vn 0.937008 -0.110236 0.330709 
vn 0.866142 -0.173228 0.472441 
vn 0.889764 -0.0629921 0.448819 
vn -0.779528 -0.338583 0.527559 
vn 0.866142 -0.0393701 0.503937 
vn 0.874016 0.102362 0.480315 
vn 0.850394 0.015748 0.519685 
vn 0.692913 0.11811 0.716535 
vn 0.362205 0.204724 0.905512 
vn -0.669291 0.19685 0.716535 
vn 0.779528 0.023622 0.629921 
vn 0.110236 0.362205 0.92126 
vn 0.181102 0.393701 0.897638 
vn 0.866142 -0.0629921 0.496063 
vn 0.251969 -0.771654 -0.582677 
vn -0.314961 -0.480315 -0.818898 
vn 0.645669 -0.488189 0.582677 
vn 0.0393701 0.307087 0.952756 
vn 0.19685 0.370079 0.913386 
vn 0.755906 0.102362 0.645669 
vn 0.464567 -0.653543 -0.598425 
vn 0.637795 -0.165354 0.755906 
vn 0.173228 0.354331 0.92126 
vn 0.779528 0.0393701 0.629921 
vn 0.653543 -0.511811 -0.551181 
vn -0.0551181 -0.448819 -0.889764 
vn 0.559055 -0.566929 -0.606299 
vn -0.149606 -0.456693 -0.88189 
vn 0.76378 0 0.645669 
vn 0.472441 -0.677165 0.566929 
vn -0.102362 0.629921 -0.76378 
vn 0.606299 0.299213 -0.732283 
vn 0.433071 0.535433 -0.724409 
vn 0.913386 0.0866142 -0.401575 

vt -6.49158 -0.407952 
vt -6.43081 -1.41201 
vt -6.18993 0.50201 
vt 3.28021 2.35455 
vt 3.89595 1.30035 
vt 4.51756 4.13999 
vt -8.0645 -11.1198 
vt -8.21761 -11.4167 
vt 7.75866 5.07671 
vt 12.3 0.422855 
vt 5.09001 3.3597 
vt 5.46922 4.55693 
vt 5.09001 3.3597 
vt 5.63632 3.07464 
vt 6.13897 3.86288 
vt 1.74572 -14.0101 
vt 2.54413 -13.5119 
vt 2.52463 -13.8178 
vt 0.983324 -13.7448 
vt 0.754749 -13.4654 
vt -7.58846 -12.0785 
vt -6.72398 -12.2739 
vt -6.33853 -12.0279 
vt -8.05811 -1.85479 
vt -7.48808 -2.33431 
vt -6.89394 -1.04044 
vt -7.37027 -0.30971 
vt -6.89394 -1.04044 
vt -6.37289 6.37654 
vt -6.40629 8.90615 
vt -7.05173 6.80735 
vt -0.63088 3.64903 
vt -1.31998 6.3742 
vt -1.49878 3.57569 
vt -3.78267 4.43665 
vt -4.14506 7.46737 
vt -4.52454 4.9874 
vt 1.61914 4.42602 
vt 1.29413 6.83061 
vt 0.695791 3.91456 
vt -2.39489 3.7631 
vt -2.86295 1.01265 
vt -3.1587 -1.24376 
vt -1.89135 -1.30231 
vt -1.72233 0.844677 
vt -0.385998 -2.7439 
vt -0.630213 -1.54457 
vt -0.822472 -3.44071 
vt -0.350042 -3.97926 
vt 0.0832444 -2.74745 
vt 0.0798117 -3.8576 
vt 0.523079 -3.40693 
vt 0.409667 -1.49982 
vt -3.52633 -2.26493 
vt -3.24489 -3.09782 
vt -6.84115 -0.0493209 
vt -6.99968 1.12533 
vt -3.89515 -3.27691 
vt -3.91914 -2.08919 
vt -4.3985 -2.65735 
vt -1.11298 11.243 
vt 1.07434 11.1035 
vt 1.0526 14.3269 
vt -1.04219 14.567 
vt 6.69496 2.95686 
vt 11.5019 -0.723444 
vt 10.4883 -0.425007 
vt 8.58037 0.206175 
vt 11.8436 -0.210546 
vt 11.2043 0.269022 
vt 9.19425 0.325249 
vt 8.58037 0.206175 
vt 12.1781 0.116258 
vt 11.7608 0.894413 
vt 10.1106 1.11643 
vt 2.78572 -12.8634 
vt 7.51729 3.93673 
vt 6.89149 5.20393 
vt 10.8449 1.95426 
vt 9.03422 1.94074 
vt 8.07763 1.17774 
vt 0.874825 -12.789 
vt 1.84293 -13.0713 
vt 2.91603 -11.3548 
vt -4.05381 -14.8442 
vt -4.10958 -14.4439 
vt -3.27354 -15.2798 
vt 9.84497 2.8744 
vt 0.841162 -11.2913 
vt 1.88327 -11.5736 
vt 3.0019 -9.61914 
vt -2.37526 -15.2192 
vt 0.822217 -9.56612 
vt 1.91043 -9.76033 
vt 3.5399 -7.17345 
vt 3.08654 -7.56574 
vt -2.05381 -14.3476 
vt -3.15836 -14.401 
vt -4.12023 -13.9013 
vt 3.06481 -5.58012 
vt 0.796227 -7.57023 
vt 1.9445 -7.69871 
vt -1.78958 -12.8905 
vt -2.95112 -12.9462 
vt -3.98919 -12.5111 
vt 5.7974 6.98346 
vt 7.56105 6.25445 
vt 2.98539 -3.24511 
vt 0.728734 -5.68591 
vt 1.91203 -5.6909 
vt -1.54263 -11.1013 
vt -2.72904 -11.1139 
vt -3.81612 -10.8213 
vt 3.0239 -0.760085 
vt 1.80973 -3.39276 
vt -1.26718 -8.63816 
vt -2.49755 -8.60574 
vt -3.62556 -8.36627 
vt -6.42243 -11.4784 
vt 4.36449 6.68293 
vt -7.51692 -11.1921 
vt 1.77441 -1.07077 
vt -1.08426 -6.20446 
vt -3.41531 -5.89771 
vt -2.29213 -6.06668 
vt -6.16321 -10.329 
vt 3.96569 9.43504 
vt 2.41316 9.78221 
vt -7.32402 -10.0168 
vt 1.80561 1.57018 
vt -2.06979 -3.37057 
vt -5.85473 -8.99549 
vt 2.35971 14.1524 
vt 2.5338 11.49 
vt 2.69067 8.54775 
vt 2.69569 5.77798 
vt 2.1645 16.6714 
vt -7.02454 -8.6346 
vt 0.544467 1.10036 
vt -5.40215 -7.22784 
vt 1.00575 17.0459 
vt -1.1429 17.2335 
vt -6.60393 -6.85321 
vt -7.43724 -6.17165 
vt -0.596022 0.884624 
vt -4.92157 -5.15882 
vt -3.6683 17.2798 
vt -3.60209 14.8939 
vt -6.10361 -4.71936 
vt -6.96793 -4.08921 
vt -5.49427 15.1031 
vt -5.26158 17.0913 
vt -3.7084 11.8842 
vt -5.58024 -2.22047 
vt -4.11365 -0.873619 
vt -5.72866 12.5284 
vt -3.95862 1.52294 
vt -5.22766 -0.107461 
vt -4.91303 2.18973 
vt -12.0386 -6.43898 
vt -5.76981 2.89507 
vt -5.2009 5.57504 
vt -6.70275 3.56085 
vt -7.5622 4.08855 
vt -8.67283 2.14401 
vt -8.77779 2.04487 
vt -7.99278 1.83146 
vt -9.217 0.543985 
vt -9.83578 -0.788818 
vt -8.46215 0.182501 
vt -10.7981 -7.19057 
vt -10.1142 -6.89521 
vt -11.7463 -6.78511 
vt -11.7699 -4.82619 
vt -10.4568 -2.09546 
vt -9.07845 -1.27964 
vt -10.1141 -6.02224 
vt -11.1626 -5.58206 
vt -11.1336 -3.54503 
vt -9.73215 -2.70301 
vt -8.69728 -3.26334 
vt -7.99389 -3.4092 
vt -9.41452 -4.70292 
vt -8.76442 -4.7801 
vt -10.4431 -4.1941 
vt 7.41207 1.8974 
vt 8.40563 5.41731 
vt 8.27673 4.91291 
vt 9.00207 3.78006 
vt 8.20622 2.8037 

usemtl Handle2Mtl

f 1038/1038/1038 1035/1035/1035 1034/1034/1034 
f 1047/1047/1047 1048/1048/1048 1049/1049/1049 
f 1049/1049/1049 1050/1050/1050 1047/1047/1047 
f 1052/1052/1052 1053/1053/1053 1054/1054/1054 
f 1055/1055/1055 1056/1056/1056 1057/1057/1057 
f 1058/1058/1058 1059/1059/1059 1060/1060/1060 
f 1061/1061/1061 1062/1062/1062 1063/1063/1063 
f 1057/1057/1057 1056/1056/1056 1064/1064/1064 
f 1065/1065/1065 1066/1066/1066 1067/1067/1067 
f 1067/1067/1067 1068/1068/1068 1065/1065/1065 
f 1069/1069/1069 1070/1070/1070 1071/1071/1071 
f 1076/1076/1076 1073/1073/1073 1075/1075/1075 
f 1079/1079/1079 1080/1080/1080 1050/1050/1050 
f 1081/1081/1081 1082/1082/1082 1083/1083/1083 
f 1084/1084/1084 1085/1085/1085 1086/1086/1086 
f 1086/1086/1086 1087/1087/1087 1084/1084/1084 
f 1088/1088/1088 1038/1038/1038 1037/1037/1037 
f 1089/1089/1089 1092/1092/1092 1093/1093/1093 
f 1093/1093/1093 1090/1090/1090 1089/1089/1089 
f 1092/1092/1092 1096/1096/1096 1097/1097/1097 
f 1097/1097/1097 1093/1093/1093 1092/1092/1092 
f 1098/1098/1098 1094/1094/1094 1090/1090/1090 
f 1090/1090/1090 1093/1093/1093 1098/1098/1098 
f 1038/1038/1038 1088/1088/1088 1100/1100/1100 
f 1100/1100/1100 1101/1101/1101 1038/1038/1038 
f 1093/1093/1093 1097/1097/1097 1102/1102/1102 
f 1102/1102/1102 1098/1098/1098 1093/1093/1093 
f 1103/1103/1103 1104/1104/1104 1094/1094/1094 
f 1094/1094/1094 1098/1098/1098 1103/1103/1103 
f 1041/1041/1041 1099/1099/1099 1106/1106/1106 
f 1098/1098/1098 1102/1102/1102 1111/1111/1111 
f 1111/1111/1111 1103/1103/1103 1098/1098/1098 
f 1106/1106/1106 1105/1105/1105 1042/1042/1042 
f 1042/1042/1042 1039/1039/1039 1106/1106/1106 
f 1099/1099/1099 1107/1107/1107 1113/1113/1113 
f 1113/1113/1113 1106/1106/1106 1099/1099/1099 
f 1113/1113/1113 1112/1112/1112 1105/1105/1105 
f 1105/1105/1105 1106/1106/1106 1113/1113/1113 
f 1117/1117/1117 1113/1113/1113 1107/1107/1107 
f 1107/1107/1107 1114/1114/1114 1117/1117/1117 
f 1121/1121/1121 1122/1122/1122 1108/1108/1108 
f 1117/1117/1117 1116/1116/1116 1112/1112/1112 
f 1112/1112/1112 1113/1113/1113 1117/1117/1117 
f 1114/1114/1114 1119/1119/1119 1125/1125/1125 
f 1125/1125/1125 1117/1117/1117 1114/1114/1114 
f 1127/1127/1127 1128/1128/1128 1122/1122/1122 
f 1122/1122/1122 1121/1121/1121 1127/1127/1127 
f 1129/1129/1129 1101/1101/1101 1130/1130/1130 
f 1123/1123/1123 1133/1133/1133 1125/1125/1125 
f 1125/1125/1125 1119/1119/1119 1123/1123/1123 
f 1125/1125/1125 1124/1124/1124 1116/1116/1116 
f 1116/1116/1116 1117/1117/1117 1125/1125/1125 
f 1120/1120/1120 1126/1126/1126 1127/1127/1127 
f 1127/1127/1127 1121/1121/1121 1120/1120/1120 
f 1127/1127/1127 1135/1135/1135 1136/1136/1136 
f 1136/1136/1136 1128/1128/1128 1127/1127/1127 
f 1131/1131/1131 1138/1138/1138 1133/1133/1133 
f 1133/1133/1133 1123/1123/1123 1131/1131/1131 
f 1133/1133/1133 1132/1132/1132 1124/1124/1124 
f 1124/1124/1124 1125/1125/1125 1133/1133/1133 
f 1126/1126/1126 1134/1134/1134 1135/1135/1135 
f 1135/1135/1135 1127/1127/1127 1126/1126/1126 
f 1135/1135/1135 1140/1140/1140 1141/1141/1141 
f 1141/1141/1141 1136/1136/1136 1135/1135/1135 
f 1035/1035/1035 1129/1129/1129 1143/1143/1143 
f 1131/1131/1131 1137/1137/1137 1145/1145/1145 
f 1145/1145/1145 1138/1138/1138 1131/1131/1131 
f 1138/1138/1138 1075/1075/1075 1132/1132/1132 
f 1132/1132/1132 1133/1133/1133 1138/1138/1138 
f 1140/1140/1140 1135/1135/1135 1134/1134/1134 
f 1134/1134/1134 1139/1139/1139 1140/1140/1140 
f 1147/1147/1147 1141/1141/1141 1140/1140/1140 
f 1140/1140/1140 1148/1148/1148 1147/1147/1147 
f 1045/1045/1045 1142/1142/1142 1144/1144/1144 
f 1150/1150/1150 1143/1143/1143 1129/1129/1129 
f 1137/1137/1137 1027/1027/1027 1153/1153/1153 
f 1153/1153/1153 1145/1145/1145 1137/1137/1137 
f 1076/1076/1076 1075/1075/1075 1138/1138/1138 
f 1138/1138/1138 1145/1145/1145 1076/1076/1076 
f 1074/1074/1074 1073/1073/1073 1069/1069/1069 
f 1069/1069/1069 1072/1072/1072 1074/1074/1074 
f 1146/1146/1146 1148/1148/1148 1140/1140/1140 
f 1140/1140/1140 1139/1139/1139 1146/1146/1146 
f 1078/1078/1078 1147/1147/1147 1148/1148/1148 
f 1148/1148/1148 1154/1154/1154 1078/1078/1078 
f 1149/1149/1149 1152/1152/1152 1144/1144/1144 
f 1144/1144/1144 1142/1142/1142 1149/1149/1149 
f 1158/1158/1158 1159/1159/1159 1143/1143/1143 
f 1143/1143/1143 1150/1150/1150 1158/1158/1158 
f 1027/1027/1027 1159/1159/1159 1061/1061/1061 
f 1061/1061/1061 1153/1153/1153 1027/1027/1027 
f 1162/1162/1162 1076/1076/1076 1145/1145/1145 
f 1145/1145/1145 1153/1153/1153 1162/1162/1162 
f 1073/1073/1073 1076/1076/1076 1070/1070/1070 
f 1070/1070/1070 1069/1069/1069 1073/1073/1073 
f 1148/1148/1148 1146/1146/1146 1071/1071/1071 
f 1071/1071/1071 1154/1154/1154 1148/1148/1148 
f 1155/1155/1155 1161/1161/1161 1152/1152/1152 
f 1152/1152/1152 1149/1149/1149 1155/1155/1155 
f 1157/1157/1157 1158/1158/1158 1150/1150/1150 
f 1062/1062/1062 1159/1159/1159 1158/1158/1158 
f 1087/1087/1087 1086/1086/1086 1164/1164/1164 
f 1164/1164/1164 1165/1165/1165 1087/1087/1087 
f 1063/1063/1063 1162/1162/1162 1153/1153/1153 
f 1153/1153/1153 1061/1061/1061 1063/1063/1063 
f 1076/1076/1076 1162/1162/1162 1168/1168/1168 
f 1168/1168/1168 1070/1070/1070 1076/1076/1076 
f 1154/1154/1154 1071/1071/1071 1070/1070/1070 
f 1070/1070/1070 1067/1067/1067 1154/1154/1154 
f 1161/1161/1161 1155/1155/1155 1163/1163/1163 
f 1163/1163/1163 1166/1166/1166 1161/1161/1161 
f 1085/1085/1085 1062/1062/1062 1158/1158/1158 
f 1158/1158/1158 1157/1157/1157 1085/1085/1085 
f 1063/1063/1063 1062/1062/1062 1056/1056/1056 
f 1056/1056/1056 1055/1055/1055 1063/1063/1063 
f 1165/1165/1165 1170/1170/1170 1171/1171/1171 
f 1171/1171/1171 1087/1087/1087 1165/1165/1165 
f 1167/1167/1167 1166/1166/1166 1172/1172/1172 
f 1172/1172/1172 1173/1173/1173 1167/1167/1167 
f 1162/1162/1162 1063/1063/1063 1055/1055/1055 
f 1055/1055/1055 1168/1168/1168 1162/1162/1162 
f 1067/1067/1067 1070/1070/1070 1168/1168/1168 
f 1168/1168/1168 1068/1068/1068 1067/1067/1067 
f 1077/1077/1077 1082/1082/1082 1081/1081/1081 
f 1166/1166/1166 1163/1163/1163 1169/1169/1169 
f 1169/1169/1169 1172/1172/1172 1166/1166/1166 
f 1084/1084/1084 1056/1056/1056 1062/1062/1062 
f 1062/1062/1062 1085/1085/1085 1084/1084/1084 
f 1174/1174/1174 1171/1171/1171 1170/1170/1170 
f 1170/1170/1170 1175/1175/1175 1174/1174/1174 
f 1176/1176/1176 1084/1084/1084 1087/1087/1087 
f 1087/1087/1087 1171/1171/1171 1176/1176/1176 
f 1173/1173/1173 1172/1172/1172 1177/1177/1177 
f 1177/1177/1177 1025/1025/1025 1173/1173/1173 
f 1057/1057/1057 1068/1068/1068 1168/1168/1168 
f 1168/1168/1168 1055/1055/1055 1057/1057/1057 
f 1082/1082/1082 1077/1077/1077 1066/1066/1066 
f 1066/1066/1066 1178/1178/1178 1082/1082/1082 
f 1172/1172/1172 1169/1169/1169 1083/1083/1083 
f 1083/1083/1083 1177/1177/1177 1172/1172/1172 
f 1059/1059/1059 1056/1056/1056 1084/1084/1084 
f 1084/1084/1084 1176/1176/1176 1059/1059/1059 
f 1179/1179/1179 1176/1176/1176 1171/1171/1171 
f 1171/1171/1171 1174/1174/1174 1179/1179/1179 
f 1058/1058/1058 1064/1064/1064 1056/1056/1056 
f 1056/1056/1056 1059/1059/1059 1058/1058/1058 
f 1064/1064/1064 1065/1065/1065 1068/1068/1068 
f 1068/1068/1068 1057/1057/1057 1064/1064/1064 
f 1178/1178/1178 1066/1066/1066 1065/1065/1065 
f 1065/1065/1065 1180/1180/1180 1178/1178/1178 
f 1177/1177/1177 1083/1083/1083 1178/1178/1178 
f 1178/1178/1178 1181/1181/1181 1177/1177/1177 
f 1053/1053/1053 1059/1059/1059 1176/1176/1176 
f 1176/1176/1176 1179/1179/1179 1053/1053/1053 
f 1180/1180/1180 1065/1065/1065 1064/1064/1064 
f 1064/1064/1064 1058/1058/1058 1180/1180/1180 
f 1181/1181/1181 1178/1178/1178 1180/1180/1180 
f 1180/1180/1180 1182/1182/1182 1181/1181/1181 
f 1029/1029/1029 1143/1143/1143 1159/1159/1159 
f 1159/1159/1159 1027/1027/1027 1029/1029/1029 
f 1182/1182/1182 1180/1180/1180 1058/1058/1058 
f 1058/1058/1058 1060/1060/1060 1182/1182/1182 
f 1024/1024/1024 1079/1079/1079 1049/1049/1049 
f 1184/1184/1184 1182/1182/1182 1060/1060/1060 
f 1060/1060/1060 1185/1185/1185 1184/1184/1184 
f 1052/1052/1052 1185/1185/1185 1059/1059/1059 
f 1059/1059/1059 1053/1053/1053 1052/1052/1052 
f 1079/1079/1079 1024/1024/1024 1026/1026/1026 
f 1026/1026/1026 1080/1080/1080 1079/1079/1079 
f 1186/1186/1186 1184/1184/1184 1185/1185/1185 
f 1185/1185/1185 1052/1052/1052 1186/1186/1186 
f 1187/1187/1187 1186/1186/1186 1052/1052/1052 
f 1052/1052/1052 1054/1054/1054 1187/1187/1187 
f 1080/1080/1080 1026/1026/1026 1184/1184/1184 
f 1184/1184/1184 1186/1186/1186 1080/1080/1080 
f 1190/1190/1190 1080/1080/1080 1186/1186/1186 
f 1186/1186/1186 1187/1187/1187 1190/1190/1190 
f 1188/1188/1188 1191/1191/1191 1193/1193/1193 
f 1080/1080/1080 1190/1190/1190 1193/1193/1193 
f 1193/1193/1193 1050/1050/1050 1080/1080/1080 
f 1191/1191/1191 1192/1192/1192 1199/1199/1199 
f 1199/1199/1199 1193/1193/1193 1191/1191/1191 
f 1066/1066/1066 1078/1078/1078 1154/1154/1154 
f 1154/1154/1154 1067/1067/1067 1066/1066/1066 
f 1178/1178/1178 1083/1083/1083 1082/1082/1082 
f 1193/1193/1193 1199/1199/1199 1047/1047/1047 
f 1047/1047/1047 1050/1050/1050 1193/1193/1193 
f 1192/1192/1192 1198/1198/1198 1203/1203/1203 
f 1203/1203/1203 1199/1199/1199 1192/1192/1192 
f 1048/1048/1048 1047/1047/1047 1204/1204/1204 
f 1204/1204/1204 1205/1205/1205 1048/1048/1048 
f 1201/1201/1201 1196/1196/1196 1194/1194/1194 
f 1194/1194/1194 1200/1200/1200 1201/1201/1201 
f 1202/1202/1202 1197/1197/1197 1201/1201/1201 
f 1201/1201/1201 1208/1208/1208 1202/1202/1202 
f 1198/1198/1198 1202/1202/1202 1208/1208/1208 
f 1208/1208/1208 1203/1203/1203 1198/1198/1198 
f 1199/1199/1199 1203/1203/1203 1204/1204/1204 
f 1204/1204/1204 1047/1047/1047 1199/1199/1199 
f 1204/1204/1204 1206/1206/1206 1207/1207/1207 
f 1207/1207/1207 1205/1205/1205 1204/1204/1204 
f 1208/1208/1208 1201/1201/1201 1200/1200/1200 
f 1200/1200/1200 1206/1206/1206 1208/1208/1208 
f 1203/1203/1203 1208/1208/1208 1206/1206/1206 
f 1206/1206/1206 1204/1204/1204 1203/1203/1203 
f 1182/1182/1182 1184/1184/1184 1026/1026/1026 
f 1026/1026/1026 1181/1181/1181 1182/1182/1182 
f 1059/1059/1059 1185/1185/1185 1060/1060/1060 
f 1101/1101/1101 1129/1129/1129 1035/1035/1035 
f 1035/1035/1035 1038/1038/1038 1101/1101/1101 
f 1181/1181/1181 1026/1026/1026 1025/1025/1025 
f 1025/1025/1025 1177/1177/1177 1181/1181/1181 
f 1061/1061/1061 1159/1159/1159 1062/1062/1062 
f 1086/1086/1086 1085/1085/1085 1157/1157/1157 
f 1157/1157/1157 1156/1156/1156 1086/1086/1086 
f 1086/1086/1086 1156/1156/1156 1160/1160/1160 
f 1160/1160/1160 1164/1164/1164 1086/1086/1086 
f 1101/1101/1101 1100/1100/1100 1211/1211/1211 
f 1211/1211/1211 1130/1130/1130 1101/1101/1101 
f 1103/1103/1103 1111/1111/1111 1212/1212/1212 
f 1212/1212/1212 1213/1213/1213 1103/1103/1103 
f 1104/1104/1104 1103/1103/1103 1213/1213/1213 
f 1213/1213/1213 1209/1209/1209 1104/1104/1104 
f 1088/1088/1088 1209/1209/1209 1213/1213/1213 
f 1213/1213/1213 1100/1100/1100 1088/1088/1088 
f 1100/1100/1100 1213/1213/1213 1212/1212/1212 
f 1212/1212/1212 1211/1211/1211 1100/1100/1100 

g Handle4

v 35.4266 1.6539 -66.1728 
v 35.5091 1.74159 -66.2101 
v 35.2907 1.30679 -66.869 
v 35.466 1.30925 -66.8292 
v 35.5424 1.93015 -67.1837 
v 34.8829 2.12721 -67.4015 
v 34.9194 1.95896 -67.4643 
v 34.9844 2.0021 -67.3754 
v 34.88 0.584293 -66.0144 
v 34.9459 0.555865 -65.9994 
v 35.2622 1.27019 -66.7984 
v 34.9408 2.11272 -67.235 
v 34.9213 1.64036 -68.0501 
v 34.8698 1.70236 -68.0606 
v 34.9396 1.73052 -68.0892 
v 35.0233 1.66215 -68.0402 
v 34.9802 1.60723 -68.003 
v 34.8579 1.62066 -67.9743 
v 34.8194 1.68044 -68.0001 
v 34.921 1.58447 -67.9478 
v 35.2091 2.022 -67.3666 
v 35.073 1.99803 -67.2897 
v 35.2091 2.022 -67.3666 
v 35.3117 1.973 -67.3055 
v 35.1808 1.91209 -67.2226 
v 35.1249 1.98704 -67.4116 
v 35.2241 2.07059 -67.4595 
v 35.1249 1.98704 -67.4116 
v 35.2554 0.276202 -67.0213 
v 35.1693 0.291286 -67.009 
v 35.1778 0.326021 -67.1006 
v 35.2464 0.29559 -67.097 
v 35.2612 0.303049 -66.931 
v 35.195 0.331618 -66.9071 
v 35.1693 0.291286 -67.009 
v 35.0989 0.395294 -66.9946 
v 35.195 0.331618 -66.9071 
v 35.1272 0.390962 -66.914 
v 34.8733 0.488685 -66.0976 
v 34.962 0.470622 -66.0731 
v 34.9774 0.448885 -66.1672 
v 34.9123 0.473793 -66.2077 
v 35.2029 1.33319 -66.4666 
v 35.1032 1.3945 -66.361 
v 35.1342 1.48359 -66.2231 
v 35.0177 0.996357 -65.8457 
v 35.3392 1.5812 -66.1609 
v 35.4237 1.65554 -66.1037 
v 35.1669 1.53496 -66.178 
v 35.3392 1.5812 -66.1609 
v 34.9166 0.996745 -65.7987 
v 35.0838 1.59092 -66.2069 
v 35.0385 1.93804 -66.9981 
v 35.5819 1.41117 -66.8078 
v 35.466 1.30925 -66.8292 
v 35.5914 1.34912 -66.8819 
v 35.4335 1.68063 -66.1508 
v 35.1635 1.97967 -67.5071 
v 35.0626 1.91858 -67.4653 
v 35.0626 1.91858 -67.4653 
v 34.9284 1.61547 -67.829 
v 34.821 1.65813 -67.8537 
v 34.921 1.58447 -67.9478 
v 34.9802 1.60723 -68.003 
v 35.0307 1.63487 -67.8861 
v 34.9284 1.61547 -67.829 
v 34.9521 1.70476 -67.6836 
v 34.8338 1.77059 -67.6864 
v 34.8096 1.69982 -67.7499 
v 35.0233 1.66215 -68.0402 
v 35.0614 1.71163 -67.7518 
v 34.9521 1.70476 -67.6836 
v 35.097 1.80617 -67.6472 
v 35.3649 0.377488 -67.0258 
v 35.0798 0.195635 -66.425 
v 35.0086 0.243539 -66.4227 
v 34.9889 0.184254 -66.5244 
v 35.0829 0.148924 -66.5093 
v 35.0747 1.58818 -66.1196 
v 35.4727 1.28858 -66.8197 
v 35.0836 0.155291 -66.6065 
v 35.0143 0.197654 -66.6295 
v 35.168 0.250486 -66.6524 
v 35.204 0.24294 -66.5217 
v 35.1534 2.32927 -67.6127 
v 35.3997 0.576689 -66.559 
v 35.3993 1.82394 -67.2481 
v 34.9907 0.577336 -66.2864 
v 35.0655 0.534727 -66.2125 
v 35.0752 0.565882 -66.0791 
v 35.6555 1.58683 -67.024 
v 35.1552 0.651876 -66.2378 
v 35.0799 0.695537 -66.323 
v 35.228 1.30394 -66.5178 
v 35.4217 1.34624 -66.4609 
v 35.411 1.35614 -66.4611 
v 35.3189 1.54355 -66.1589 
v 35.6229 1.9132 -66.3404 
v 34.9147 1.04481 -65.6263 
v 34.9654 1.01128 -65.598 
v 34.9147 1.04481 -65.6263 
v 34.9118 0.971934 -65.68 
v 34.98 0.946759 -65.6425 
v 34.993 0.912944 -65.7158 
v 34.9499 0.943927 -65.7718 
v 35.0843 0.960993 -65.7726 
v 35.0177 0.996357 -65.8457 
v 35.098 1.00721 -65.6544 
v 35.1811 1.08019 -65.8413 
v 35.1051 1.10946 -65.9248 
v 35.2501 1.21385 -65.9114 
v 35.159 1.20834 -65.9819 
v 35.2698 1.27607 -65.7835 
v 35.1104 1.87168 -67.5706 
v 35.0175 1.81076 -67.566 
v 34.8617 1.8781 -67.5848 
v 35.0175 1.81076 -67.566 

vn 0.354331 -0.0393701 0.937008 
vn 0.787402 -0.204724 0.582677 
vn -0.220472 -0.0314961 0.976378 
vn -0.220472 -0.023622 0.976378 
vn 0.661417 -0.0393701 -0.748031 
vn -0.92126 -0.244094 0.299213 
vn -0.755906 -0.370079 0.543307 
vn -0.653543 -0.590551 0.472441 
vn -0.141732 0.0393701 0.992126 
vn -0.181102 0.102362 0.976378 
vn -0.874016 -0.377953 -0.299213 
vn -0.850394 -0.503937 0.11811 
vn -0.181102 -0.637795 -0.748031 
vn -0.417323 -0.480315 -0.771654 
vn -0.110236 -0.362205 -0.92126 
vn 0.220472 -0.614173 -0.755906 
vn 0.0551181 -0.795276 -0.606299 
vn -0.425197 -0.724409 -0.543307 
vn -0.503937 -0.590551 -0.629921 
vn -0.212598 -0.866142 -0.456693 
vn 0.267717 -0.472441 -0.84252 
vn -0.456693 -0.771654 0.448819 
vn 0.267717 -0.472441 -0.84252 
vn 0.401575 -0.338583 -0.850394 
vn -0.0944882 -0.795276 -0.606299 
vn 0.480315 -0.795276 -0.362205 
vn 0.795276 -0.559055 -0.244094 
vn 0.480315 -0.795276 -0.362205 
vn -0.283465 -0.913386 -0.299213 
vn -0.212598 -0.905512 -0.362205 
vn -0.299213 -0.913386 -0.275591 
vn -0.385827 -0.905512 -0.188976 
vn -0.165354 -0.897638 0.401575 
vn -0.204724 -0.866142 0.456693 
vn -0.212598 -0.905512 -0.362205 
vn -0.850394 -0.496063 -0.173228 
vn -0.204724 -0.866142 0.456693 
vn -0.677165 -0.700787 0.228346 
vn -0.370079 -0.661417 0.653543 
vn -0.283465 -0.850394 0.440945 
vn -0.283465 -0.96063 0.0551181 
vn -0.338583 -0.944882 -0.0393701 
vn -0.748031 -0.511811 -0.417323 
vn -0.850394 -0.377953 -0.362205 
vn -0.968504 0.204724 0.125984 
vn -0.314961 -0.480315 -0.818898 
vn 0.708661 -0.511811 -0.480315 
vn 0.897638 -0.448819 0 
vn 0.141732 -0.527559 -0.834646 
vn 0.708661 -0.511811 -0.480315 
vn -0.354331 -0.551181 -0.755906 
vn -0.874016 -0.480315 0.0629921 
vn -0.88189 -0.433071 -0.181102 
vn 0.818898 -0.496063 -0.283465 
vn -0.220472 -0.023622 0.976378 
vn 0.779528 -0.283465 0.559055 
vn 0.818898 -0.496063 0.291339 
vn 0.80315 -0.574803 0.15748 
vn 0.566929 -0.779528 0.259843 
vn 0.566929 -0.779528 0.259843 
vn -0.401575 -0.866142 0.299213 
vn -0.700787 -0.692913 0.173228 
vn -0.212598 -0.866142 -0.456693 
vn 0.0551181 -0.795276 -0.606299 
vn 0.385827 -0.905512 0.173228 
vn -0.401575 -0.866142 0.299213 
vn -0.330709 -0.566929 0.755906 
vn -0.330709 -0.566929 0.755906 
vn -0.330709 -0.566929 0.755906 
vn 0.220472 -0.614173 -0.755906 
vn 0.401575 -0.818898 0.417323 
vn -0.330709 -0.566929 0.755906 
vn 0.929134 -0.354331 0.0629921 
vn 0.834646 -0.543307 -0.0393701 
vn -0.370079 -0.771654 0.519685 
vn -0.850394 -0.377953 0.354331 
vn -0.866142 -0.448819 -0.220472 
vn -0.307087 -0.929134 0.204724 
vn -0.716535 -0.685039 -0.0866142 
vn 0.551181 -0.448819 -0.700787 
vn -0.370079 -0.913386 -0.165354 
vn -0.826772 -0.496063 -0.259843 
vn 0.133858 -0.511811 -0.850394 
vn 0.76378 -0.622047 0.15748 
vn 0.433071 0.417323 -0.795276 
vn 0.818898 -0.370079 0.440945 
vn 0.456693 -0.0787402 -0.889764 
vn -0.19685 -0.267717 -0.944882 
vn 0.299213 -0.645669 -0.700787 
vn 0.700787 -0.519685 0.496063 
vn 0.952756 -0.0787402 -0.291339 
vn 0.511811 -0.535433 -0.669291 
vn -0.125984 -0.19685 -0.968504 
vn -0.937008 -0.125984 0.330709 
vn 0.322835 -0.0472441 0.944882 
vn 0.645669 -0.582677 -0.496063 
vn 0.165354 0.102362 0.984252 
vn 0.889764 -0.0629921 0.448819 
vn -0.779528 -0.338583 0.527559 
vn -0.590551 -0.488189 0.637795 
vn -0.779528 -0.338583 0.527559 
vn -0.771654 -0.574803 0.283465 
vn -0.511811 -0.700787 0.488189 
vn -0.511811 -0.84252 0.188976 
vn -0.346457 -0.590551 -0.732283 
vn 0.251969 -0.771654 -0.582677 
vn -0.314961 -0.480315 -0.818898 
vn 0.645669 -0.488189 0.582677 
vn 0.464567 -0.653543 -0.598425 
vn -0.220472 -0.433071 -0.874016 
vn 0.559055 -0.566929 -0.606299 
vn -0.149606 -0.456693 -0.88189 
vn 0.76378 0 0.645669 
vn 0.472441 -0.677165 0.566929 
vn 0.433071 -0.716535 0.543307 
vn -0.889764 -0.125984 0.433071 
vn 0.433071 -0.716535 0.543307 

vt -6.49158 2.71143 
vt -6.18993 3.45028 
vt 0.477927 1.4671 
vt 0.0798117 3.22047 
vt 3.28021 3.80791 
vt 5.66758 -2.47089 
vt 6.34424 -2.13898 
vt 5.44122 -1.50883 
vt -8.0645 -2.65539 
vt -8.21761 -1.98807 
vt -0.483566 1.31301 
vt 3.96644 -1.90595 
vt 11.9445 -2.23442 
vt 12.0441 -2.70269 
vt 12.3 -2.06589 
vt 11.8436 -1.2944 
vt 11.5019 -1.69321 
vt 11.2274 -2.81967 
vt 11.4679 -3.18894 
vt 10.9794 -2.23089 
vt 5.09001 0.553571 
vt 4.58001 -0.662279 
vt 5.09001 0.553571 
vt 4.47793 1.55256 
vt 3.69722 0.343356 
vt 5.63632 -0.330468 
vt 6.13897 0.598618 
vt 5.63632 -0.330468 
vt 1.74572 1.12729 
vt 1.61015 0.251771 
vt 2.54413 0.353985 
vt 2.52463 1.05763 
vt 0.983324 1.16157 
vt 0.754749 0.507046 
vt 1.61015 0.251771 
vt 1.50378 -0.324931 
vt 0.754749 0.507046 
vt 0.777989 -0.0760269 
vt -7.30043 -2.67663 
vt -7.58846 -1.80701 
vt -6.72398 -1.6527 
vt -6.33853 -2.29343 
vt -3.82506 0.695175 
vt -4.86992 -0.28203 
vt -6.15123 0.0521114 
vt -10.1142 -1.24343 
vt -6.89394 1.76676 
vt -7.37027 2.57334 
vt -6.79403 0.156735 
vt -6.89394 1.76676 
vt -10.5712 -2.24635 
vt -6.32531 -0.47095 
vt 1.5378 -0.922073 
vt -0.385998 4.17112 
vt 0.0798117 3.22047 
vt 0.523079 4.27462 
vt -6.84115 2.68718 
vt 6.69496 -0.00974524 
vt 6.29797 -0.970966 
vt 6.29797 -0.970966 
vt 9.94286 -2.11989 
vt 10.1644 -3.13344 
vt 10.9794 -2.23089 
vt 11.5019 -1.69321 
vt 10.4883 -1.2539 
vt 9.94286 -2.11989 
vt 8.58037 -1.89705 
vt 8.60765 -3.07917 
vt 9.24273 -3.32196 
vt 11.8436 -1.2944 
vt 9.19425 -0.949759 
vt 8.58037 -1.89705 
vt 8.07763 -0.69935 
vt 1.84293 1.99854 
vt -4.05381 -0.611841 
vt -4.10958 -1.22778 
vt -3.20761 -1.42126 
vt -3.27354 -0.593689 
vt -7.22833 -0.593531 
vt -0.350042 3.13283 
vt -2.37526 -0.573399 
vt -2.16423 -1.17553 
vt -2.05381 0.169172 
vt -3.15836 0.403334 
vt 7.56105 -0.0364763 
vt -2.72904 2.34991 
vt 3.89595 2.41843 
vt -5.7326 -1.53751 
vt -6.42243 -0.888357 
vt -7.51692 -0.871361 
vt 1.77441 4.881 
vt -6.16321 -0.0337161 
vt -5.37083 -0.65984 
vt -3.16295 0.983817 
vt -3.60917 2.66843 
vt -3.89515 2.49715 
vt -6.62141 1.67207 
vt -4.91303 4.56763 
vt -12.0386 -2.18072 
vt -12.3 -1.71147 
vt -12.0386 -2.18072 
vt -11.5503 -2.21169 
vt -11.8843 -1.58182 
vt -11.2116 -1.45125 
vt -10.8362 -1.91498 
vt -10.7981 -0.691606 
vt -10.1142 -1.24343 
vt -11.7463 -0.632566 
vt -10.1141 0.23398 
vt -9.33438 -0.388757 
vt -9.41452 0.90536 
vt -8.76442 0.136214 
vt -10.4431 1.06176 
vt 7.41207 -0.474109 
vt 7.36096 -1.39571 
vt 7.52697 -2.68876 
vt 7.36096 -1.39571 

usemtl Handle2Mtl

f 1229/1229/1229 1230/1230/1230 1226/1226/1226 
f 1227/1227/1227 1226/1226/1226 1231/1231/1231 
f 1231/1231/1231 1232/1232/1232 1227/1227/1227 
f 1226/1226/1226 1230/1230/1230 1233/1233/1233 
f 1233/1233/1233 1231/1231/1231 1226/1226/1226 
f 1221/1221/1221 1235/1235/1235 1225/1225/1225 
f 1236/1236/1236 1237/1237/1237 1238/1238/1238 
f 1238/1238/1238 1235/1235/1235 1236/1236/1236 
f 1234/1234/1234 1239/1239/1239 1240/1240/1240 
f 1241/1241/1241 1236/1236/1236 1235/1235/1235 
f 1235/1235/1235 1221/1221/1221 1241/1241/1241 
f 1242/1242/1242 1243/1243/1243 1244/1244/1244 
f 1244/1244/1244 1245/1245/1245 1242/1242/1242 
f 1246/1246/1246 1247/1247/1247 1243/1243/1243 
f 1243/1243/1243 1242/1242/1242 1246/1246/1246 
f 1250/1250/1250 1251/1251/1251 1249/1249/1249 
f 1252/1252/1252 1253/1253/1253 1223/1223/1223 
f 1223/1223/1223 1222/1222/1222 1252/1252/1252 
f 1254/1254/1254 1253/1253/1253 1252/1252/1252 
f 1252/1252/1252 1255/1255/1255 1254/1254/1254 
f 1239/1239/1239 1272/1272/1272 1271/1271/1271 
f 1221/1221/1221 1220/1220/1220 1273/1273/1273 
f 1273/1273/1273 1241/1241/1241 1221/1221/1221 
f 1233/1233/1233 1274/1274/1274 1275/1275/1275 
f 1275/1275/1275 1231/1231/1231 1233/1233/1233 
f 1276/1276/1276 1277/1277/1277 1278/1278/1278 
f 1278/1278/1278 1279/1279/1279 1276/1276/1276 
f 1280/1280/1280 1282/1282/1282 1275/1275/1275 
f 1274/1274/1274 1280/1280/1280 1275/1275/1275 
f 1279/1279/1279 1278/1278/1278 1284/1284/1284 
f 1284/1284/1284 1285/1285/1285 1279/1279/1279 
f 1287/1287/1287 1242/1242/1242 1245/1245/1245 
f 1288/1288/1288 1289/1289/1289 1290/1290/1290 
f 1290/1290/1290 1291/1291/1291 1288/1288/1288 
f 1265/1265/1265 1262/1262/1262 1292/1292/1292 
f 1293/1293/1293 1224/1224/1224 1216/1216/1216 
f 1216/1216/1216 1217/1217/1217 1293/1293/1293 
f 1294/1294/1294 1291/1291/1291 1290/1290/1290 
f 1290/1290/1290 1295/1295/1295 1294/1294/1294 
f 1288/1288/1288 1291/1291/1291 1297/1297/1297 
f 1294/1294/1294 1296/1296/1296 1297/1297/1297 
f 1297/1297/1297 1291/1291/1291 1294/1294/1294 
f 1255/1255/1255 1301/1301/1301 1302/1302/1302 
f 1303/1303/1303 1253/1253/1253 1254/1254/1254 
f 1301/1301/1301 1306/1306/1306 1305/1305/1305 
f 1309/1309/1309 1256/1256/1256 1307/1307/1307 
f 1307/1307/1307 1308/1308/1308 1309/1309/1309 
f 1262/1262/1262 1258/1258/1258 1310/1310/1310 
f 1315/1315/1315 1316/1316/1316 1313/1313/1313 
f 1317/1317/1317 1316/1316/1316 1315/1315/1315 
f 1315/1315/1315 1318/1318/1318 1317/1317/1317 
f 1319/1319/1319 1317/1317/1317 1318/1318/1318 
f 1318/1318/1318 1320/1320/1320 1319/1319/1319 
f 1238/1238/1238 1266/1266/1266 1225/1225/1225 
f 1225/1225/1225 1235/1235/1235 1238/1238/1238 
f 1322/1322/1322 1319/1319/1319 1320/1320/1320 
f 1320/1320/1320 1323/1323/1323 1322/1322/1322 
f 1321/1321/1321 1316/1316/1316 1317/1317/1317 
f 1317/1317/1317 1319/1319/1319 1321/1321/1321 
f 1261/1261/1261 1260/1260/1260 1270/1270/1270 
f 1324/1324/1324 1322/1322/1322 1323/1323/1323 
f 1323/1323/1323 1325/1325/1325 1324/1324/1324 
f 1286/1286/1286 1327/1327/1327 1328/1328/1328 
f 1285/1285/1285 1284/1284/1284 1286/1286/1286 
f 1286/1286/1286 1328/1328/1328 1285/1285/1285 
f 1329/1329/1329 1281/1281/1281 1280/1280/1280 
f 1280/1280/1280 1330/1330/1330 1329/1329/1329 
f 1220/1220/1220 1329/1329/1329 1330/1330/1330 
f 1330/1330/1330 1273/1273/1273 1220/1220/1220 
f 1327/1327/1327 1271/1271/1271 1272/1272/1272 
f 1272/1272/1272 1328/1328/1328 1327/1327/1327 

g Handle5

v 35.4266 1.6539 -66.1728 
v 35.5091 1.74159 -66.2101 
v 35.2907 1.30679 -66.869 
v 35.466 1.30925 -66.8292 
v 35.5424 1.93015 -67.1837 
v 34.8829 2.12721 -67.4015 
v 34.9194 1.95896 -67.4643 
v 34.9844 2.0021 -67.3754 
v 34.88 0.584293 -66.0144 
v 34.9459 0.555865 -65.9994 
v 35.2622 1.27019 -66.7984 
v 34.9408 2.11272 -67.235 
v 34.9213 1.64036 -68.0501 
v 34.8698 1.70236 -68.0606 
v 34.9396 1.73052 -68.0892 
v 35.0233 1.66215 -68.0402 
v 34.9802 1.60723 -68.003 
v 34.8579 1.62066 -67.9743 
v 34.8194 1.68044 -68.0001 
v 34.921 1.58447 -67.9478 
v 35.2091 2.022 -67.3666 
v 35.073 1.99803 -67.2897 
v 35.2091 2.022 -67.3666 
v 35.3117 1.973 -67.3055 
v 35.1808 1.91209 -67.2226 
v 35.1249 1.98704 -67.4116 
v 35.2241 2.07059 -67.4595 
v 35.1249 1.98704 -67.4116 
v 35.2554 0.276202 -67.0213 
v 35.1693 0.291286 -67.009 
v 35.1778 0.326021 -67.1006 
v 35.2464 0.29559 -67.097 
v 35.2612 0.303049 -66.931 
v 35.195 0.331618 -66.9071 
v 35.1693 0.291286 -67.009 
v 35.0989 0.395294 -66.9946 
v 35.195 0.331618 -66.9071 
v 35.1272 0.390962 -66.914 
v 34.8733 0.488685 -66.0976 
v 34.962 0.470622 -66.0731 
v 34.9774 0.448885 -66.1672 
v 34.9123 0.473793 -66.2077 
v 35.2029 1.33319 -66.4666 
v 35.1032 1.3945 -66.361 
v 35.1342 1.48359 -66.2231 
v 35.0177 0.996357 -65.8457 
v 35.3392 1.5812 -66.1609 
v 35.4237 1.65554 -66.1037 
v 35.1669 1.53496 -66.178 
v 35.3392 1.5812 -66.1609 
v 34.9166 0.996745 -65.7987 
v 35.0838 1.59092 -66.2069 
v 35.0385 1.93804 -66.9981 
v 35.5819 1.41117 -66.8078 
v 35.466 1.30925 -66.8292 
v 35.5914 1.34912 -66.8819 
v 35.4335 1.68063 -66.1508 
v 35.1635 1.97967 -67.5071 
v 35.0626 1.91858 -67.4653 
v 35.0626 1.91858 -67.4653 
v 34.9284 1.61547 -67.829 
v 34.821 1.65813 -67.8537 
v 34.921 1.58447 -67.9478 
v 34.9802 1.60723 -68.003 
v 35.0307 1.63487 -67.8861 
v 34.9284 1.61547 -67.829 
v 34.9521 1.70476 -67.6836 
v 34.8338 1.77059 -67.6864 
v 34.8096 1.69982 -67.7499 
v 35.0233 1.66215 -68.0402 
v 35.0614 1.71163 -67.7518 
v 34.9521 1.70476 -67.6836 
v 35.097 1.80617 -67.6472 
v 35.3649 0.377488 -67.0258 
v 35.0798 0.195635 -66.425 
v 35.0086 0.243539 -66.4227 
v 34.9889 0.184254 -66.5244 
v 35.0829 0.148924 -66.5093 
v 35.0747 1.58818 -66.1196 
v 35.4727 1.28858 -66.8197 
v 35.0836 0.155291 -66.6065 
v 35.0143 0.197654 -66.6295 
v 35.168 0.250486 -66.6524 
v 35.204 0.24294 -66.5217 
v 35.1534 2.32927 -67.6127 
v 35.3997 0.576689 -66.559 
v 35.3993 1.82394 -67.2481 
v 34.9907 0.577336 -66.2864 
v 35.0655 0.534727 -66.2125 
v 35.0752 0.565882 -66.0791 
v 35.6555 1.58683 -67.024 
v 35.1552 0.651876 -66.2378 
v 35.0799 0.695537 -66.323 
v 35.228 1.30394 -66.5178 
v 35.4217 1.34624 -66.4609 
v 35.411 1.35614 -66.4611 
v 35.3189 1.54355 -66.1589 
v 35.6229 1.9132 -66.3404 
v 34.9147 1.04481 -65.6263 
v 34.9654 1.01128 -65.598 
v 34.9147 1.04481 -65.6263 
v 34.9118 0.971934 -65.68 
v 34.98 0.946759 -65.6425 
v 34.993 0.912944 -65.7158 
v 34.9499 0.943927 -65.7718 
v 35.0843 0.960993 -65.7726 
v 35.0177 0.996357 -65.8457 
v 35.098 1.00721 -65.6544 
v 35.1811 1.08019 -65.8413 
v 35.1051 1.10946 -65.9248 
v 35.2501 1.21385 -65.9114 
v 35.159 1.20834 -65.9819 
v 35.2698 1.27607 -65.7835 
v 35.1104 1.87168 -67.5706 
v 35.0175 1.81076 -67.566 
v 34.8617 1.8781 -67.5848 
v 35.0175 1.81076 -67.566 

vn 0.354331 -0.0393701 0.937008 
vn 0.787402 -0.204724 0.582677 
vn -0.220472 -0.0314961 0.976378 
vn -0.220472 -0.023622 0.976378 
vn 0.661417 -0.0393701 -0.748031 
vn -0.92126 -0.244094 0.299213 
vn -0.755906 -0.370079 0.543307 
vn -0.653543 -0.590551 0.472441 
vn -0.141732 0.0393701 0.992126 
vn -0.181102 0.102362 0.976378 
vn -0.874016 -0.377953 -0.299213 
vn -0.850394 -0.503937 0.11811 
vn -0.181102 -0.637795 -0.748031 
vn -0.417323 -0.480315 -0.771654 
vn -0.110236 -0.362205 -0.92126 
vn 0.220472 -0.614173 -0.755906 
vn 0.0551181 -0.795276 -0.606299 
vn -0.425197 -0.724409 -0.543307 
vn -0.503937 -0.590551 -0.629921 
vn -0.212598 -0.866142 -0.456693 
vn 0.267717 -0.472441 -0.84252 
vn -0.456693 -0.771654 0.448819 
vn 0.267717 -0.472441 -0.84252 
vn 0.401575 -0.338583 -0.850394 
vn -0.0944882 -0.795276 -0.606299 
vn 0.480315 -0.795276 -0.362205 
vn 0.795276 -0.559055 -0.244094 
vn 0.480315 -0.795276 -0.362205 
vn -0.283465 -0.913386 -0.299213 
vn -0.212598 -0.905512 -0.362205 
vn -0.299213 -0.913386 -0.275591 
vn -0.385827 -0.905512 -0.188976 
vn -0.165354 -0.897638 0.401575 
vn -0.204724 -0.866142 0.456693 
vn -0.212598 -0.905512 -0.362205 
vn -0.850394 -0.496063 -0.173228 
vn -0.204724 -0.866142 0.456693 
vn -0.677165 -0.700787 0.228346 
vn -0.370079 -0.661417 0.653543 
vn -0.283465 -0.850394 0.440945 
vn -0.283465 -0.96063 0.0551181 
vn -0.338583 -0.944882 -0.0393701 
vn -0.748031 -0.511811 -0.417323 
vn -0.850394 -0.377953 -0.362205 
vn -0.968504 0.204724 0.125984 
vn -0.314961 -0.480315 -0.818898 
vn 0.708661 -0.511811 -0.480315 
vn 0.897638 -0.448819 0 
vn 0.141732 -0.527559 -0.834646 
vn 0.708661 -0.511811 -0.480315 
vn -0.354331 -0.551181 -0.755906 
vn -0.874016 -0.480315 0.0629921 
vn -0.88189 -0.433071 -0.181102 
vn 0.818898 -0.496063 -0.283465 
vn -0.220472 -0.023622 0.976378 
vn 0.779528 -0.283465 0.559055 
vn 0.818898 -0.496063 0.291339 
vn 0.80315 -0.574803 0.15748 
vn 0.566929 -0.779528 0.259843 
vn 0.566929 -0.779528 0.259843 
vn -0.401575 -0.866142 0.299213 
vn -0.700787 -0.692913 0.173228 
vn -0.212598 -0.866142 -0.456693 
vn 0.0551181 -0.795276 -0.606299 
vn 0.385827 -0.905512 0.173228 
vn -0.401575 -0.866142 0.299213 
vn -0.330709 -0.566929 0.755906 
vn -0.330709 -0.566929 0.755906 
vn -0.330709 -0.566929 0.755906 
vn 0.220472 -0.614173 -0.755906 
vn 0.401575 -0.818898 0.417323 
vn -0.330709 -0.566929 0.755906 
vn 0.929134 -0.354331 0.0629921 
vn 0.834646 -0.543307 -0.0393701 
vn -0.370079 -0.771654 0.519685 
vn -0.850394 -0.377953 0.354331 
vn -0.866142 -0.448819 -0.220472 
vn -0.307087 -0.929134 0.204724 
vn -0.716535 -0.685039 -0.0866142 
vn 0.551181 -0.448819 -0.700787 
vn -0.370079 -0.913386 -0.165354 
vn -0.826772 -0.496063 -0.259843 
vn 0.133858 -0.511811 -0.850394 
vn 0.76378 -0.622047 0.15748 
vn 0.433071 0.417323 -0.795276 
vn 0.818898 -0.370079 0.440945 
vn 0.456693 -0.0787402 -0.889764 
vn -0.19685 -0.267717 -0.944882 
vn 0.299213 -0.645669 -0.700787 
vn 0.700787 -0.519685 0.496063 
vn 0.952756 -0.0787402 -0.291339 
vn 0.511811 -0.535433 -0.669291 
vn -0.125984 -0.19685 -0.968504 
vn -0.937008 -0.125984 0.330709 
vn 0.322835 -0.0472441 0.944882 
vn 0.645669 -0.582677 -0.496063 
vn 0.165354 0.102362 0.984252 
vn 0.889764 -0.0629921 0.448819 
vn -0.779528 -0.338583 0.527559 
vn -0.590551 -0.488189 0.637795 
vn -0.779528 -0.338583 0.527559 
vn -0.771654 -0.574803 0.283465 
vn -0.511811 -0.700787 0.488189 
vn -0.511811 -0.84252 0.188976 
vn -0.346457 -0.590551 -0.732283 
vn 0.251969 -0.771654 -0.582677 
vn -0.314961 -0.480315 -0.818898 
vn 0.645669 -0.488189 0.582677 
vn 0.464567 -0.653543 -0.598425 
vn -0.220472 -0.433071 -0.874016 
vn 0.559055 -0.566929 -0.606299 
vn -0.149606 -0.456693 -0.88189 
vn 0.76378 0 0.645669 
vn 0.472441 -0.677165 0.566929 
vn 0.433071 -0.716535 0.543307 
vn -0.889764 -0.125984 0.433071 
vn 0.433071 -0.716535 0.543307 

vt -6.49158 2.71143 
vt -6.18993 3.45028 
vt 0.477927 1.4671 
vt 0.0798117 3.22047 
vt 3.28021 3.80791 
vt 5.66758 -2.47089 
vt 6.34424 -2.13898 
vt 5.44122 -1.50883 
vt -8.0645 -2.65539 
vt -8.21761 -1.98807 
vt -0.483566 1.31301 
vt 3.96644 -1.90595 
vt 11.9445 -2.23442 
vt 12.0441 -2.70269 
vt 12.3 -2.06589 
vt 11.8436 -1.2944 
vt 11.5019 -1.69321 
vt 11.2274 -2.81967 
vt 11.4679 -3.18894 
vt 10.9794 -2.23089 
vt 5.09001 0.553571 
vt 4.58001 -0.662279 
vt 5.09001 0.553571 
vt 4.47793 1.55256 
vt 3.69722 0.343356 
vt 5.63632 -0.330468 
vt 6.13897 0.598618 
vt 5.63632 -0.330468 
vt 1.74572 1.12729 
vt 1.61015 0.251771 
vt 2.54413 0.353985 
vt 2.52463 1.05763 
vt 0.983324 1.16157 
vt 0.754749 0.507046 
vt 1.61015 0.251771 
vt 1.50378 -0.324931 
vt 0.754749 0.507046 
vt 0.777989 -0.0760269 
vt -7.30043 -2.67663 
vt -7.58846 -1.80701 
vt -6.72398 -1.6527 
vt -6.33853 -2.29343 
vt -3.82506 0.695175 
vt -4.86992 -0.28203 
vt -6.15123 0.0521114 
vt -10.1142 -1.24343 
vt -6.89394 1.76676 
vt -7.37027 2.57334 
vt -6.79403 0.156735 
vt -6.89394 1.76676 
vt -10.5712 -2.24635 
vt -6.32531 -0.47095 
vt 1.5378 -0.922073 
vt -0.385998 4.17112 
vt 0.0798117 3.22047 
vt 0.523079 4.27462 
vt -6.84115 2.68718 
vt 6.69496 -0.00974524 
vt 6.29797 -0.970966 
vt 6.29797 -0.970966 
vt 9.94286 -2.11989 
vt 10.1644 -3.13344 
vt 10.9794 -2.23089 
vt 11.5019 -1.69321 
vt 10.4883 -1.2539 
vt 9.94286 -2.11989 
vt 8.58037 -1.89705 
vt 8.60765 -3.07917 
vt 9.24273 -3.32196 
vt 11.8436 -1.2944 
vt 9.19425 -0.949759 
vt 8.58037 -1.89705 
vt 8.07763 -0.69935 
vt 1.84293 1.99854 
vt -4.05381 -0.611841 
vt -4.10958 -1.22778 
vt -3.20761 -1.42126 
vt -3.27354 -0.593689 
vt -7.22833 -0.593531 
vt -0.350042 3.13283 
vt -2.37526 -0.573399 
vt -2.16423 -1.17553 
vt -2.05381 0.169172 
vt -3.15836 0.403334 
vt 7.56105 -0.0364763 
vt -2.72904 2.34991 
vt 3.89595 2.41843 
vt -5.7326 -1.53751 
vt -6.42243 -0.888357 
vt -7.51692 -0.871361 
vt 1.77441 4.881 
vt -6.16321 -0.0337161 
vt -5.37083 -0.65984 
vt -3.16295 0.983817 
vt -3.60917 2.66843 
vt -3.89515 2.49715 
vt -6.62141 1.67207 
vt -4.91303 4.56763 
vt -12.0386 -2.18072 
vt -12.3 -1.71147 
vt -12.0386 -2.18072 
vt -11.5503 -2.21169 
vt -11.8843 -1.58182 
vt -11.2116 -1.45125 
vt -10.8362 -1.91498 
vt -10.7981 -0.691606 
vt -10.1142 -1.24343 
vt -11.7463 -0.632566 
vt -10.1141 0.23398 
vt -9.33438 -0.388757 
vt -9.41452 0.90536 
vt -8.76442 0.136214 
vt -10.4431 1.06176 
vt 7.41207 -0.474109 
vt 7.36096 -1.39571 
vt 7.52697 -2.68876 
vt 7.36096 -1.39571 

usemtl Handle2Mtl

f 1346/1346/1346 1347/1347/1347 1343/1343/1343 
f 1344/1344/1344 1343/1343/1343 1348/1348/1348 
f 1348/1348/1348 1349/1349/1349 1344/1344/1344 
f 1343/1343/1343 1347/1347/1347 1350/1350/1350 
f 1350/1350/1350 1348/1348/1348 1343/1343/1343 
f 1338/1338/1338 1352/1352/1352 1342/1342/1342 
f 1353/1353/1353 1354/1354/1354 1355/1355/1355 
f 1355/1355/1355 1352/1352/1352 1353/1353/1353 
f 1351/1351/1351 1356/1356/1356 1357/1357/1357 
f 1358/1358/1358 1353/1353/1353 1352/1352/1352 
f 1352/1352/1352 1338/1338/1338 1358/1358/1358 
f 1359/1359/1359 1360/1360/1360 1361/1361/1361 
f 1361/1361/1361 1362/1362/1362 1359/1359/1359 
f 1363/1363/1363 1364/1364/1364 1360/1360/1360 
f 1360/1360/1360 1359/1359/1359 1363/1363/1363 
f 1367/1367/1367 1368/1368/1368 1366/1366/1366 
f 1369/1369/1369 1370/1370/1370 1340/1340/1340 
f 1340/1340/1340 1339/1339/1339 1369/1369/1369 
f 1371/1371/1371 1370/1370/1370 1369/1369/1369 
f 1369/1369/1369 1372/1372/1372 1371/1371/1371 
f 1356/1356/1356 1389/1389/1389 1388/1388/1388 
f 1338/1338/1338 1337/1337/1337 1390/1390/1390 
f 1390/1390/1390 1358/1358/1358 1338/1338/1338 
f 1350/1350/1350 1391/1391/1391 1392/1392/1392 
f 1392/1392/1392 1348/1348/1348 1350/1350/1350 
f 1393/1393/1393 1394/1394/1394 1395/1395/1395 
f 1395/1395/1395 1396/1396/1396 1393/1393/1393 
f 1397/1397/1397 1399/1399/1399 1392/1392/1392 
f 1391/1391/1391 1397/1397/1397 1392/1392/1392 
f 1396/1396/1396 1395/1395/1395 1401/1401/1401 
f 1401/1401/1401 1402/1402/1402 1396/1396/1396 
f 1404/1404/1404 1359/1359/1359 1362/1362/1362 
f 1405/1405/1405 1406/1406/1406 1407/1407/1407 
f 1407/1407/1407 1408/1408/1408 1405/1405/1405 
f 1382/1382/1382 1379/1379/1379 1409/1409/1409 
f 1410/1410/1410 1341/1341/1341 1333/1333/1333 
f 1333/1333/1333 1334/1334/1334 1410/1410/1410 
f 1411/1411/1411 1408/1408/1408 1407/1407/1407 
f 1407/1407/1407 1412/1412/1412 1411/1411/1411 
f 1405/1405/1405 1408/1408/1408 1414/1414/1414 
f 1411/1411/1411 1413/1413/1413 1414/1414/1414 
f 1414/1414/1414 1408/1408/1408 1411/1411/1411 
f 1372/1372/1372 1418/1418/1418 1419/1419/1419 
f 1420/1420/1420 1370/1370/1370 1371/1371/1371 
f 1418/1418/1418 1423/1423/1423 1422/1422/1422 
f 1426/1426/1426 1373/1373/1373 1424/1424/1424 
f 1424/1424/1424 1425/1425/1425 1426/1426/1426 
f 1379/1379/1379 1375/1375/1375 1427/1427/1427 
f 1432/1432/1432 1433/1433/1433 1430/1430/1430 
f 1434/1434/1434 1433/1433/1433 1432/1432/1432 
f 1432/1432/1432 1435/1435/1435 1434/1434/1434 
f 1436/1436/1436 1434/1434/1434 1435/1435/1435 
f 1435/1435/1435 1437/1437/1437 1436/1436/1436 
f 1355/1355/1355 1383/1383/1383 1342/1342/1342 
f 1342/1342/1342 1352/1352/1352 1355/1355/1355 
f 1439/1439/1439 1436/1436/1436 1437/1437/1437 
f 1437/1437/1437 1440/1440/1440 1439/1439/1439 
f 1438/1438/1438 1433/1433/1433 1434/1434/1434 
f 1434/1434/1434 1436/1436/1436 1438/1438/1438 
f 1378/1378/1378 1377/1377/1377 1387/1387/1387 
f 1441/1441/1441 1439/1439/1439 1440/1440/1440 
f 1440/1440/1440 1442/1442/1442 1441/1441/1441 
f 1403/1403/1403 1444/1444/1444 1445/1445/1445 
f 1402/1402/1402 1401/1401/1401 1403/1403/1403 
f 1403/1403/1403 1445/1445/1445 1402/1402/1402 
f 1446/1446/1446 1398/1398/1398 1397/1397/1397 
f 1397/1397/1397 1447/1447/1447 1446/1446/1446 
f 1337/1337/1337 1446/1446/1446 1447/1447/1447 
f 1447/1447/1447 1390/1390/1390 1337/1337/1337 
f 1444/1444/1444 1388/1388/1388 1389/1389/1389 
f 1389/1389/1389 1445/1445/1445 1444/1444/1444 

g Handle6

v 35.4266 1.6539 -66.1728 
v 35.4338 1.5535 -66.1802 
v 35.5091 1.74159 -66.2101 
v 35.2907 1.30679 -66.869 
v 35.321 1.05574 -66.8693 
v 35.4365 1.11542 -66.8412 
v 35.466 1.30925 -66.8292 
v 35.008 0.653714 -65.9988 
v 34.9298 0.714356 -66.0041 
v 34.88 0.584293 -66.0144 
v 34.9459 0.555865 -65.9994 
v 35.2091 2.022 -67.3666 
v 35.2612 0.303049 -66.931 
v 35.195 0.331618 -66.9071 
v 35.1778 0.326021 -67.1006 
v 35.195 0.331618 -66.9071 
v 35.1272 0.390962 -66.914 
v 34.962 0.470622 -66.0731 
v 34.88 0.584293 -66.0144 
v 34.8214 0.628911 -66.0725 
v 34.9774 0.448885 -66.1672 
v 34.8617 0.768033 -66.0909 
v 35.0868 1.22194 -66.1563 
v 35.1342 1.48359 -66.2231 
v 34.9604 0.946479 -66.1045 
v 35.3392 1.5812 -66.1609 
v 35.1669 1.53496 -66.178 
v 35.3392 1.5812 -66.1609 
v 35.4402 2.59035 -66.1847 
v 35.454 2.38031 -66.1211 
v 35.617 1.56544 -66.5167 
v 35.5818 1.41412 -66.8366 
v 35.466 1.30925 -66.8292 
v 35.5914 1.34912 -66.8819 
v 35.65 1.54062 -66.8809 
v 35.5334 1.46159 -66.4746 
v 35.4217 1.34624 -66.4609 
v 35.5453 1.38192 -66.5014 
v 35.3189 1.54355 -66.1589 
v 35.411 1.35614 -66.4611 
v 35.059 3.18941 -66.3637 
v 35.0263 2.97672 -66.2793 
v 35.0579 0.963514 -66.041 
v 35.1564 1.14679 -66.0749 
v 35.2252 1.31104 -66.1114 
v 34.9914 0.85623 -66.0225 
v 34.9298 0.714356 -66.0041 
v 35.0837 0.774046 -66.0153 
v 34.9914 0.85623 -66.0225 
v 34.9521 1.70476 -67.6836 
v 34.8338 1.77059 -67.6864 
v 34.8096 1.69982 -67.7499 
v 35.1167 0.576447 -66.9931 
v 35.2497 0.466724 -66.8645 
v 35.1583 0.49385 -66.892 
v 35.0086 0.243539 -66.4227 
v 34.9644 0.309969 -66.4445 
v 35.3332 0.409973 -66.9101 
v 35.2497 0.466724 -66.8645 
v 35.3212 0.641628 -66.8545 
v 35.2801 0.80891 -66.8771 
v 35.0798 0.195635 -66.425 
v 35.0086 0.243539 -66.4227 
v 35.2309 1.33549 -67.0352 
v 35.4039 0.56194 -66.9071 
v 35.3212 0.641628 -66.8545 
v 35.463 0.735564 -66.9056 
v 35.3803 0.774715 -66.8534 
v 35.4094 0.97258 -66.8465 
v 35.3803 0.774715 -66.8534 
v 35.1738 0.294177 -66.4189 
v 35.0928 0.372494 -66.3844 
v 35.2381 0.662969 -66.4024 
v 35.1374 0.66449 -66.437 
v 35.1725 0.528503 -66.3905 
v 35.5145 0.935941 -66.903 
v 35.4094 0.97258 -66.8465 
v 35.0928 0.372494 -66.3844 
v 35.0235 0.459648 -66.4317 
v 35.2673 0.435242 -66.4325 
v 35.1725 0.528503 -66.3905 
v 35.5503 1.12437 -66.8961 
v 35.4365 1.11542 -66.8412 
v 35.3997 0.576689 -66.559 
v 35.3543 0.605949 -66.4503 
v 35.2381 0.662969 -66.4024 
v 35.3168 0.906834 -66.4222 
v 35.2386 1.00706 -66.4686 
v 35.4397 0.853502 -66.4692 
v 35.3168 0.906834 -66.4222 
v 35.0752 0.565882 -66.0791 
v 35.4987 1.10225 -66.4899 
v 35.375 1.09612 -66.4403 
v 35.375 1.09612 -66.4403 
v 35.1598 0.688294 -66.0929 
v 35.228 1.30394 -66.5178 
v 35.2504 0.827456 -66.1228 
v 35.1784 0.898 -66.0454 
v 35.4217 1.34624 -66.4609 
v 35.3393 0.963881 -66.3139 
v 35.0579 0.963514 -66.041 
v 35.3503 1.00638 -66.1657 
v 35.2779 1.07517 -66.0825 
v 35.411 1.35614 -66.4611 
v 35.1729 3.43056 -66.4235 
v 35.3627 1.28467 -66.1301 
v 35.1564 1.14679 -66.0749 
v 35.46 3.21067 -66.2833 
v 35.4461 3.40666 -66.3095 
v 35.2331 3.2175 -66.2368 
v 35.5131 1.4695 -66.274 
v 35.2252 1.31104 -66.1114 
v 35.5904 1.60198 -66.4235 
v 35.2529 3.40951 -66.2786 
v 35.2331 3.2175 -66.2368 
v 35.4472 2.94911 -66.2564 
v 35.2182 2.99201 -66.1922 
v 35.0016 2.72201 -66.2132 
v 35.2182 2.99201 -66.1922 
v 35.2016 2.72507 -66.1318 
v 35.0063 2.39084 -66.1566 
v 35.3189 1.54355 -66.1589 
v 35.6229 1.9132 -66.3404 
v 35.2016 2.72507 -66.1318 
v 35.1823 2.43052 -66.0589 
v 35.0409 2.07071 -66.1088 
v 34.9147 1.04481 -65.6263 
v 34.8839 1.08157 -65.6755 
v 35.1823 2.43052 -66.0589 
v 35.3604 2.4105 -66.074 
v 35.0734 1.82904 -66.0507 
v 35.1871 2.13033 -66.0019 
v 34.9654 1.01128 -65.598 
v 34.9147 1.04481 -65.6263 
v 34.98 0.946759 -65.6425 
v 35.0773 1.55131 -65.8464 
v 35.1685 1.6311 -65.8242 
v 35.1892 1.7562 -65.8893 
v 35.1871 2.13033 -66.0019 
v 35.3454 2.13843 -66.0077 
v 35.1933 1.90391 -65.9486 
v 35.4555 2.1067 -66.0702 
v 35.3385 1.91398 -65.9553 
v 35.1933 1.90391 -65.9486 
v 34.9209 1.19101 -65.7103 
v 35.4387 1.8791 -66.0289 
v 35.3168 1.75713 -65.9006 
v 35.1892 1.7562 -65.8893 
v 35.0057 1.35088 -65.7618 
v 35.0398 1.09734 -65.5967 
v 34.9804 1.15707 -65.6188 
v 35.1685 1.6311 -65.8242 
v 35.2885 1.62448 -65.8392 
v 35.4092 1.71247 -65.9846 
v 35.098 1.00721 -65.6544 
v 35.133 1.21901 -65.6447 
v 35.0602 1.28456 -65.6599 
v 35.0942 1.38803 -65.7103 
v 35.1402 1.53025 -65.7757 
v 35.2497 1.49334 -65.7768 
v 35.1402 1.53025 -65.7757 
v 35.1969 1.13397 -65.7093 
v 35.1998 1.34807 -65.7089 
v 35.0942 1.38803 -65.7103 
v 35.0602 1.28456 -65.6599 

vn 0.354331 -0.0393701 0.937008 
vn 0.488189 -0.0393701 0.874016 
vn 0.787402 -0.204724 0.582677 
vn -0.220472 -0.0314961 0.976378 
vn -0.220472 -0.0314961 0.976378 
vn -0.220472 -0.0314961 0.976378 
vn -0.220472 -0.023622 0.976378 
vn -0.0551181 0.0629921 1 
vn -0.102362 -0.0393701 0.992126 
vn -0.141732 0.0393701 0.992126 
vn -0.181102 0.102362 0.976378 
vn 0.267717 -0.472441 -0.84252 
vn -0.165354 -0.897638 0.401575 
vn -0.204724 -0.866142 0.456693 
vn -0.299213 -0.913386 -0.275591 
vn -0.204724 -0.866142 0.456693 
vn -0.677165 -0.700787 0.228346 
vn -0.283465 -0.850394 0.440945 
vn -0.141732 0.0393701 0.992126 
vn -0.84252 -0.448819 0.299213 
vn -0.283465 -0.96063 0.0551181 
vn -0.92126 0.393701 -0.0314961 
vn -0.937008 0.322835 0.125984 
vn -0.968504 0.204724 0.125984 
vn -0.897638 0.440945 0.0393701 
vn 0.708661 -0.511811 -0.480315 
vn 0.141732 -0.527559 -0.834646 
vn 0.708661 -0.511811 -0.480315 
vn 0.598425 0.212598 0.771654 
vn 0.661417 0.204724 0.724409 
vn 0.866142 -0.283465 0.409449 
vn 0.708661 -0.330709 0.622047 
vn -0.220472 -0.023622 0.976378 
vn 0.779528 -0.283465 0.559055 
vn 0.968504 -0.244094 0.0393701 
vn 0.637795 -0.370079 0.677165 
vn 0.322835 -0.0472441 0.944882 
vn 0.645669 -0.188976 0.740157 
vn 0.165354 0.102362 0.984252 
vn 0.645669 -0.582677 -0.496063 
vn -0.866142 0.425197 0.267717 
vn -0.834646 0.307087 0.456693 
vn -0.496063 0.417323 0.755906 
vn -0.456693 0.370079 0.811024 
vn -0.448819 0.370079 0.811024 
vn -0.559055 0.401575 0.724409 
vn -0.102362 -0.0393701 0.992126 
vn 0.0393701 0.0866142 0.992126 
vn -0.559055 0.401575 0.724409 
vn -0.330709 -0.566929 0.755906 
vn -0.330709 -0.566929 0.755906 
vn -0.330709 -0.566929 0.755906 
vn -0.96063 0.19685 0.188976 
vn -0.251969 -0.0787402 0.968504 
vn -0.291339 0 0.96063 
vn -0.850394 -0.377953 0.354331 
vn -0.834646 -0.448819 0.322835 
vn 0.259843 -0.330709 0.905512 
vn -0.251969 -0.0787402 0.968504 
vn -0.275591 0.0551181 0.96063 
vn -0.543307 0.102362 0.834646 
vn -0.370079 -0.771654 0.519685 
vn -0.850394 -0.377953 0.354331 
vn -0.976378 -0.125984 -0.165354 
vn 0.409449 -0.220472 0.889764 
vn -0.275591 0.0551181 0.96063 
vn 0.464567 -0.165354 0.866142 
vn 0.464567 -0.165354 0.866142 
vn -0.244094 0.015748 0.968504 
vn 0.464567 -0.165354 0.866142 
vn 0.669291 -0.559055 0.488189 
vn 0.0944882 -0.244094 0.968504 
vn -0.314961 0.23622 0.92126 
vn -0.322835 0.204724 0.92126 
vn -0.346457 0.228346 0.913386 
vn 0.480315 -0.125984 0.866142 
vn -0.244094 0.015748 0.968504 
vn 0.0944882 -0.244094 0.968504 
vn -0.401575 0.212598 0.889764 
vn 0.755906 -0.456693 0.464567 
vn -0.346457 0.228346 0.913386 
vn 0.472441 -0.125984 0.874016 
vn -0.220472 -0.0314961 0.976378 
vn 0.818898 -0.370079 0.440945 
vn 0.818898 -0.370079 0.440945 
vn -0.314961 0.23622 0.92126 
vn -0.322835 0.181102 0.929134 
vn -0.322835 0.181102 0.929134 
vn 0.850394 -0.267717 0.448819 
vn -0.322835 0.181102 0.929134 
vn 0.700787 -0.519685 0.496063 
vn 0.866142 -0.173228 0.464567 
vn 0.338583 0 0.937008 
vn 0.338583 0 0.937008 
vn 0.574803 -0.275591 0.771654 
vn -0.937008 -0.125984 0.330709 
vn 0.598425 -0.228346 0.771654 
vn 0.598425 -0.23622 0.76378 
vn 0.322835 -0.0472441 0.944882 
vn 0.598425 -0.440945 -0.669291 
vn -0.496063 0.417323 0.755906 
vn 0.653543 -0.188976 0.732283 
vn 0.677165 -0.15748 0.724409 
vn 0.645669 -0.582677 -0.496063 
vn -0.874016 0.456693 0.165354 
vn 0.716535 -0.0944882 0.692913 
vn -0.456693 0.370079 0.811024 
vn 0.88189 0.244094 0.401575 
vn 0.96063 0.102362 0.251969 
vn -0.677165 0.354331 0.637795 
vn 0.88189 -0.19685 0.433071 
vn -0.448819 0.370079 0.811024 
vn 0.905512 -0.307087 0.291339 
vn -0.84252 0.204724 0.503937 
vn -0.677165 0.354331 0.637795 
vn 0.818898 0.0393701 0.574803 
vn -0.496063 0.291339 0.818898 
vn -0.858268 0.204724 0.472441 
vn -0.496063 0.291339 0.818898 
vn -0.370079 0.251969 0.897638 
vn -0.897638 0 0.440945 
vn 0.165354 0.102362 0.984252 
vn 0.889764 -0.0629921 0.448819 
vn -0.370079 0.251969 0.897638 
vn -0.440945 0.181102 0.88189 
vn -0.952756 -0.0944882 0.291339 
vn -0.779528 -0.338583 0.527559 
vn -0.92126 -0.23622 0.314961 
vn -0.440945 0.181102 0.88189 
vn 0.291339 0.299213 0.905512 
vn -0.984252 -0.0708661 0.165354 
vn -0.551181 0.0944882 0.826772 
vn -0.590551 -0.488189 0.637795 
vn -0.779528 -0.338583 0.527559 
vn -0.511811 -0.700787 0.488189 
vn -0.590551 0.503937 0.629921 
vn -0.614173 0.472441 0.629921 
vn -0.661417 0.377953 0.645669 
vn -0.551181 0.0944882 0.826772 
vn 0.291339 0.204724 0.937008 
vn -0.669291 0.19685 0.716535 
vn 0.692913 0.11811 0.716535 
vn 0.362205 0.204724 0.905512 
vn -0.669291 0.19685 0.716535 
vn -0.913386 0.393701 -0.0629921 
vn 0.779528 0.023622 0.629921 
vn 0.110236 0.362205 0.92126 
vn -0.661417 0.377953 0.645669 
vn -0.92126 0.385827 0.015748 
vn -0.244094 0.19685 0.952756 
vn -0.0866142 0.251969 0.968504 
vn -0.614173 0.472441 0.629921 
vn 0.181102 0.393701 0.897638 
vn 0.866142 -0.0629921 0.496063 
vn 0.645669 -0.488189 0.582677 
vn 0.0393701 0.307087 0.952756 
vn 0.110236 0.330709 0.937008 
vn -0.543307 0.503937 0.669291 
vn -0.574803 0.488189 0.653543 
vn 0.19685 0.370079 0.913386 
vn -0.574803 0.488189 0.653543 
vn 0.637795 -0.165354 0.755906 
vn 0.173228 0.354331 0.92126 
vn -0.543307 0.503937 0.669291 
vn 0.110236 0.330709 0.937008 

vt 1.71143 -0.407952 
vt 1.75698 -1.41201 
vt 2.45028 0.50201 
vt 0.467101 -3.88068 
vt 0.77017 -6.39116 
vt 1.92543 -5.79436 
vt 2.22047 -3.8576 
vt -2.39228 -10.4303 
vt -3.16566 -9.8034 
vt -3.65539 -11.1198 
vt -2.98807 -11.4167 
vt -0.446429 3.3597 
vt 0.161565 -13.7448 
vt -0.492954 -13.4654 
vt -0.646015 -13.5119 
vt -0.492954 -13.4654 
vt -1.07603 -12.9051 
vt -2.80701 -12.0785 
vt -3.65539 -11.1198 
vt -4.10091 -10.576 
vt -2.6527 -12.2739 
vt -3.68293 -9.35324 
vt -1.42868 -4.79999 
vt -0.947889 -2.15984 
vt -2.69992 -7.57824 
vt 0.766764 -1.04044 
vt -0.843265 -1.49973 
vt 0.766764 -1.04044 
vt 1.79863 8.90615 
vt 1.92403 6.80735 
vt 3.51336 -1.24376 
vt 3.1926 -2.74745 
vt 2.22047 -3.8576 
vt 3.27462 -3.40693 
vt 3.82298 -1.49982 
vt 2.72316 -2.26493 
vt 1.66843 -3.48297 
vt 2.84012 -3.09782 
vt 0.672073 -1.53981 
vt 1.49715 -3.27691 
vt -1.7206 14.8542 
vt -2.05394 12.751 
vt -1.80577 -7.40316 
vt -0.828295 -5.56099 
vt -0.142345 -3.91844 
vt -2.45782 -8.47285 
vt -3.16566 -9.8034 
vt -1.65506 -9.23169 
vt -2.45782 -8.47285 
vt -2.89705 0.206175 
vt -4.07917 0.864407 
vt -4.32196 0.156762 
vt -1.12434 -11.2297 
vt 0.063829 -12.2719 
vt -0.842508 -12.0163 
vt -2.22778 -14.4439 
vt -2.67241 -13.7654 
vt 0.796241 -12.789 
vt 0.063829 -12.2719 
vt 0.78361 -10.5496 
vt 0.426327 -8.88621 
vt -1.61184 -14.8442 
vt -2.22778 -14.4439 
vt 0.0209658 -3.57472 
vt 1.47376 -11.2913 
vt 0.78361 -10.5496 
vt 2.05297 -9.56612 
vt 1.2267 -9.17462 
vt 1.6592 -7.23218 
vt 1.2267 -9.17462 
vt -0.879433 -13.9013 
vt -1.57499 -13.1811 
vt -0.0400762 -10.3724 
vt -1.04514 -10.3509 
vt -0.689565 -11.7155 
vt 2.56524 -7.57023 
vt 1.6592 -7.23218 
vt -1.57499 -13.1811 
vt -2.16882 -12.4009 
vt 0.0382744 -12.5111 
vt -0.689565 -11.7155 
vt 2.92525 -5.68591 
vt 1.92543 -5.79436 
vt 1.34991 -11.1139 
vt 0.895904 -10.8213 
vt -0.0400762 -10.3724 
vt 0.748487 -7.92271 
vt -0.0334742 -6.92044 
vt 1.74281 -8.36627 
vt 0.748487 -7.92271 
vt -1.87136 -11.1921 
vt 2.33023 -5.89771 
vt 1.19901 -5.99363 
vt 1.19901 -5.99363 
vt -1.00118 -10.0168 
vt -0.0161827 -3.89023 
vt -0.0993405 -8.6346 
vt -0.819338 -7.92759 
vt 1.66843 -3.48297 
vt 0.790011 -7.22784 
vt -1.80577 -7.40316 
vt 0.888276 -6.85321 
vt 0.16032 -6.17165 
vt 1.49715 -3.27691 
vt -0.580135 17.2594 
vt 1.00023 -4.08921 
vt -0.828295 -5.56099 
vt 1.93947 15.1031 
vt 1.78557 17.0913 
vt -0.0174858 15.1493 
vt 2.47052 -2.22047 
vt -0.142345 -3.91844 
vt 3.23915 -0.873619 
vt 0.213665 17.0993 
vt -0.0174858 15.1493 
vt 1.82469 12.5284 
vt -0.202195 12.907 
vt -2.29608 10.2243 
vt -0.202195 12.907 
vt -0.39355 10.2455 
vt -2.24115 6.95352 
vt 0.672073 -1.53981 
vt 3.56763 2.18973 
vt -0.39355 10.2455 
vt -0.572253 7.31412 
vt -1.88452 3.77119 
vt -3.18072 -6.43898 
vt -3.4603 -6.09188 
vt -0.572253 7.31412 
vt 1.06169 7.09033 
vt -1.55313 1.34977 
vt -0.502139 4.32953 
vt -2.71147 -6.74436 
vt -3.18072 -6.43898 
vt -2.58182 -7.34709 
vt -1.5927 -1.54257 
vt -0.6763 -0.738371 
vt -0.459785 0.5316 
vt -0.502139 4.32953 
vt 0.911925 4.3885 
vt -0.417213 2.04487 
vt 1.93247 4.08855 
vt 0.828637 2.14401 
vt -0.417213 2.04487 
vt -3.09208 -5.12347 
vt 1.7469 1.83146 
vt 0.66214 0.543985 
vt -0.459785 0.5316 
vt -2.24285 -3.52324 
vt -2.03668 -6.02081 
vt -2.66244 -5.43456 
vt -0.6763 -0.738371 
vt 0.364702 -0.788818 
vt 1.43489 0.182501 
vt -1.63257 -6.78511 
vt -1.16187 -4.82619 
vt -1.90411 -4.1754 
vt -1.43318 -3.17529 
vt -0.966932 -1.74994 
vt -0.026443 -2.09546 
vt -0.966932 -1.74994 
vt -0.64226 -5.58206 
vt -0.520462 -3.54503 
vt -1.43318 -3.17529 
vt -1.90411 -4.1754 

usemtl Handle2Mtl

f 1448/1448/1448 1449/1449/1449 1450/1450/1450 
f 1451/1451/1451 1452/1452/1452 1453/1453/1453 
f 1453/1453/1453 1454/1454/1454 1451/1451/1451 
f 1455/1455/1455 1456/1456/1456 1457/1457/1457 
f 1457/1457/1457 1458/1458/1458 1455/1455/1455 
f 1479/1479/1479 1480/1480/1480 1481/1481/1481 
f 1483/1483/1483 1484/1484/1484 1485/1485/1485 
f 1478/1478/1478 1483/1483/1483 1485/1485/1485 
f 1448/1448/1448 1486/1486/1486 1449/1449/1449 
f 1472/1472/1472 1490/1490/1490 1491/1491/1491 
f 1491/1491/1491 1470/1470/1470 1472/1472/1472 
f 1492/1492/1492 1470/1470/1470 1491/1491/1491 
f 1490/1490/1490 1472/1472/1472 1493/1493/1493 
f 1493/1493/1493 1472/1472/1472 1469/1469/1469 
f 1469/1469/1469 1494/1494/1494 1493/1493/1493 
f 1494/1494/1494 1469/1469/1469 1467/1467/1467 
f 1467/1467/1467 1466/1466/1466 1494/1494/1494 
f 1495/1495/1495 1496/1496/1496 1456/1456/1456 
f 1456/1456/1456 1455/1455/1455 1495/1495/1495 
f 1497/1497/1497 1498/1498/1498 1499/1499/1499 
f 1464/1464/1464 1463/1463/1463 1501/1501/1501 
f 1501/1501/1501 1502/1502/1502 1464/1464/1464 
f 1461/1461/1461 1460/1460/1460 1505/1505/1505 
f 1505/1505/1505 1506/1506/1506 1461/1461/1461 
f 1501/1501/1501 1507/1507/1507 1508/1508/1508 
f 1501/1501/1501 1508/1508/1508 1500/1500/1500 
f 1512/1512/1512 1513/1513/1513 1506/1506/1506 
f 1506/1506/1506 1505/1505/1505 1512/1512/1512 
f 1514/1514/1514 1515/1515/1515 1513/1513/1513 
f 1513/1513/1513 1512/1512/1512 1514/1514/1514 
f 1516/1516/1516 1452/1452/1452 1508/1508/1508 
f 1508/1508/1508 1517/1517/1517 1516/1516/1516 
f 1518/1518/1518 1519/1519/1519 1510/1510/1510 
f 1510/1510/1510 1509/1509/1509 1518/1518/1518 
f 1520/1520/1520 1521/1521/1521 1522/1522/1522 
f 1523/1523/1523 1524/1524/1524 1515/1515/1515 
f 1515/1515/1515 1514/1514/1514 1523/1523/1523 
f 1504/1504/1504 1503/1503/1503 1525/1525/1525 
f 1525/1525/1525 1526/1526/1526 1504/1504/1504 
f 1522/1522/1522 1521/1521/1521 1526/1526/1526 
f 1526/1526/1526 1525/1525/1525 1522/1522/1522 
f 1527/1527/1527 1528/1528/1528 1519/1519/1519 
f 1519/1519/1519 1518/1518/1518 1527/1527/1527 
f 1523/1523/1523 1529/1529/1529 1530/1530/1530 
f 1530/1530/1530 1524/1524/1524 1523/1523/1523 
f 1532/1532/1532 1533/1533/1533 1528/1528/1528 
f 1528/1528/1528 1527/1527/1527 1532/1532/1532 
f 1534/1534/1534 1535/1535/1535 1521/1521/1521 
f 1521/1521/1521 1520/1520/1520 1534/1534/1534 
f 1480/1480/1480 1530/1530/1530 1529/1529/1529 
f 1529/1529/1529 1481/1481/1481 1480/1480/1480 
f 1536/1536/1536 1537/1537/1537 1533/1533/1533 
f 1533/1533/1533 1532/1532/1532 1536/1536/1536 
f 1538/1538/1538 1455/1455/1455 1458/1458/1458 
f 1458/1458/1458 1465/1465/1465 1538/1538/1538 
f 1536/1536/1536 1539/1539/1539 1540/1540/1540 
f 1540/1540/1540 1537/1537/1537 1536/1536/1536 
f 1541/1541/1541 1535/1535/1535 1534/1534/1534 
f 1455/1455/1455 1538/1538/1538 1542/1542/1542 
f 1542/1542/1542 1495/1495/1495 1455/1455/1455 
f 1484/1484/1484 1540/1540/1540 1539/1539/1539 
f 1539/1539/1539 1485/1485/1485 1484/1484/1484 
f 1495/1495/1495 1542/1542/1542 1544/1544/1544 
f 1544/1544/1544 1545/1545/1545 1495/1495/1495 
f 1543/1543/1543 1535/1535/1535 1541/1541/1541 
f 1541/1541/1541 1546/1546/1546 1543/1543/1543 
f 1517/1517/1517 1508/1508/1508 1507/1507/1507 
f 1496/1496/1496 1495/1495/1495 1545/1545/1545 
f 1545/1545/1545 1548/1548/1548 1496/1496/1496 
f 1544/1544/1544 1549/1549/1549 1550/1550/1550 
f 1550/1550/1550 1545/1545/1545 1544/1544/1544 
f 1545/1545/1545 1550/1550/1550 1554/1554/1554 
f 1554/1554/1554 1548/1548/1548 1545/1545/1545 
f 1487/1487/1487 1484/1484/1484 1483/1483/1483 
f 1552/1552/1552 1488/1488/1488 1557/1557/1557 
f 1550/1550/1550 1553/1553/1553 1559/1559/1559 
f 1559/1559/1559 1554/1554/1554 1550/1550/1550 
f 1453/1453/1453 1452/1452/1452 1516/1516/1516 
f 1555/1555/1555 1556/1556/1556 1561/1561/1561 
f 1561/1561/1561 1562/1562/1562 1555/1555/1555 
f 1488/1488/1488 1489/1489/1489 1564/1564/1564 
f 1564/1564/1564 1557/1557/1557 1488/1488/1488 
f 1486/1486/1486 1559/1559/1559 1553/1553/1553 
f 1553/1553/1553 1449/1449/1449 1486/1486/1486 
f 1562/1562/1562 1566/1566/1566 1563/1563/1563 
f 1563/1563/1563 1555/1555/1555 1562/1562/1562 
f 1489/1489/1489 1565/1565/1565 1567/1567/1567 
f 1567/1567/1567 1564/1564/1564 1489/1489/1489 
f 1471/1471/1471 1470/1470/1470 1492/1492/1492 
f 1492/1492/1492 1569/1569/1569 1471/1471/1471 
f 1563/1563/1563 1566/1566/1566 1571/1571/1571 
f 1571/1571/1571 1476/1476/1476 1563/1563/1563 
f 1572/1572/1572 1567/1567/1567 1565/1565/1565 
f 1565/1565/1565 1568/1568/1568 1572/1572/1572 
f 1569/1569/1569 1475/1475/1475 1474/1474/1474 
f 1576/1576/1576 1577/1577/1577 1476/1476/1476 
f 1476/1476/1476 1571/1571/1571 1576/1576/1576 
f 1579/1579/1579 1572/1572/1572 1568/1568/1568 
f 1568/1568/1568 1573/1573/1573 1579/1579/1579 
f 1473/1473/1473 1486/1486/1486 1448/1448/1448 
f 1586/1586/1586 1587/1587/1587 1577/1577/1577 
f 1577/1577/1577 1576/1576/1576 1586/1586/1586 
f 1588/1588/1588 1579/1579/1579 1573/1573/1573 
f 1573/1573/1573 1578/1578/1578 1588/1588/1588 
f 1477/1477/1477 1577/1577/1577 1587/1587/1587 
f 1587/1587/1587 1589/1589/1589 1477/1477/1477 
f 1590/1590/1590 1587/1587/1587 1586/1586/1586 
f 1586/1586/1586 1591/1591/1591 1590/1590/1590 
f 1589/1589/1589 1587/1587/1587 1590/1590/1590 
f 1590/1590/1590 1593/1593/1593 1589/1589/1589 
f 1594/1594/1594 1590/1590/1590 1591/1591/1591 
f 1591/1591/1591 1595/1595/1595 1594/1594/1594 
f 1581/1581/1581 1580/1580/1580 1597/1597/1597 
f 1597/1597/1597 1598/1598/1598 1581/1581/1581 
f 1595/1595/1595 1599/1599/1599 1600/1600/1600 
f 1600/1600/1600 1594/1594/1594 1595/1595/1595 
f 1601/1601/1601 1593/1593/1593 1590/1590/1590 
f 1602/1602/1602 1597/1597/1597 1580/1580/1580 
f 1580/1580/1580 1582/1582/1582 1602/1602/1602 
f 1598/1598/1598 1597/1597/1597 1603/1603/1603 
f 1603/1603/1603 1604/1604/1604 1598/1598/1598 
f 1605/1605/1605 1606/1606/1606 1583/1583/1583 
f 1583/1583/1583 1596/1596/1596 1605/1605/1605 
f 1607/1607/1607 1600/1600/1600 1599/1599/1599 
f 1599/1599/1599 1608/1608/1608 1607/1607/1607 
f 1609/1609/1609 1603/1603/1603 1597/1597/1597 
f 1597/1597/1597 1602/1602/1602 1609/1609/1609 
f 1604/1604/1604 1603/1603/1603 1610/1610/1610 
f 1610/1610/1610 1611/1611/1611 1604/1604/1604 
f 1610/1610/1610 1607/1607/1607 1608/1608/1608 
f 1608/1608/1608 1611/1611/1611 1610/1610/1610 
f 1577/1577/1577 1477/1477/1477 1476/1476/1476 
f 1584/1584/1584 1583/1583/1583 1606/1606/1606 
f 1612/1612/1612 1596/1596/1596 1592/1592/1592 
f 1605/1605/1605 1596/1596/1596 1612/1612/1612 

g Handle7

v 35.2907 1.30679 -66.869 
v 35.466 1.30925 -66.8292 
v 35.5424 1.93015 -67.1837 
v 35.3993 1.82394 -67.2481 
v 35.3117 1.973 -67.3055 
v 35.4187 2.1057 -67.3081 
v 34.8829 2.12721 -67.4015 
v 34.88 0.584293 -66.0144 
v 35.0799 0.695537 -66.323 
v 34.9907 0.577336 -66.2864 
v 34.9248 0.660367 -66.2929 
v 35.0406 0.813696 -66.3428 
v 34.9703 0.271451 -66.6297 
v 35.0143 0.197654 -66.6295 
v 35.2622 1.27019 -66.7984 
v 34.868 2.21308 -67.6221 
v 34.9213 1.64036 -68.0501 
v 34.8698 1.70236 -68.0606 
v 34.9396 1.73052 -68.0892 
v 34.9879 1.69719 -68.0759 
v 35.0233 1.66215 -68.0402 
v 34.8579 1.62066 -67.9743 
v 34.8194 1.68044 -68.0001 
v 35.2091 2.022 -67.3666 
v 35.3082 2.14472 -67.4007 
v 35.2091 2.022 -67.3666 
v 35.3117 1.973 -67.3055 
v 35.1808 1.91209 -67.2226 
v 35.1778 0.326021 -67.1006 
v 35.2464 0.29559 -67.097 
v 35.111 0.403832 -67.0779 
v 35.1778 0.326021 -67.1006 
v 34.9774 0.448885 -66.1672 
v 34.9123 0.473793 -66.2077 
v 34.9123 0.473793 -66.2077 
v 34.8557 0.551114 -66.2317 
v 34.8548 0.734975 -66.2026 
v 35.2029 1.33319 -66.4666 
v 35.048 1.1667 -66.29 
v 34.9408 0.915693 -66.235 
v 35.2497 0.981572 -66.3974 
v 35.1504 0.80121 -66.3496 
v 35.1732 1.08165 -66.4126 
v 35.2648 1.45371 -66.11 
v 35.2189 1.34559 -66.0591 
v 35.1497 1.3972 -66.0808 
v 34.9632 1.07097 -65.8658 
v 35.0638 1.20898 -65.9649 
v 35.1051 1.10946 -65.9248 
v 35.0177 0.996357 -65.8457 
v 35.159 1.20834 -65.9819 
v 35.3392 1.5812 -66.1609 
v 35.1669 1.53496 -66.178 
v 35.3392 1.5812 -66.1609 
v 34.9499 0.943927 -65.7718 
v 34.9166 0.996745 -65.7987 
v 35.5819 1.41117 -66.8078 
v 35.5809 1.3448 -66.7684 
v 35.4727 1.28858 -66.8197 
v 35.466 1.30925 -66.8292 
v 35.65 1.54062 -66.8809 
v 35.411 1.35614 -66.4611 
v 35.5101 1.42093 -66.4058 
v 35.5793 3.13258 -66.9545 
v 35.2077 3.05502 -67.1443 
v 35.36 2.87325 -67.2054 
v 35.2326 2.88062 -67.2518 
v 35.0086 2.89623 -67.1648 
v 35.0693 2.83492 -67.2643 
v 35.3171 1.14321 -66.4326 
v 35.0233 1.66215 -68.0402 
v 34.8275 1.81241 -68.0044 
v 35.1531 0.553981 -67.119 
v 35.2315 0.466599 -67.1654 
v 34.9879 1.69719 -68.0759 
v 35.0323 1.79091 -68.0307 
v 34.8143 1.94264 -67.9053 
v 34.9313 1.8234 -68.0522 
v 35.2361 0.764246 -67.1566 
v 35.2897 0.631007 -67.1893 
v 35.2315 0.466599 -67.1654 
v 35.3159 0.402528 -67.1382 
v 35.0086 0.243539 -66.4227 
v 35.0606 1.89406 -67.9331 
v 34.9344 1.94976 -67.9641 
v 35.2897 0.631007 -67.1893 
v 35.3877 0.555594 -67.1514 
v 35.0888 1.98576 -67.8325 
v 35.0747 1.58818 -66.1196 
v 35.2884 1.07081 -67.1641 
v 35.4727 1.28858 -66.8197 
v 35.3465 0.765507 -67.2014 
v 35.4459 0.73042 -67.1595 
v 35.3785 0.978768 -67.213 
v 35.3465 0.765507 -67.2014 
v 35.0836 0.155291 -66.6065 
v 35.0143 0.197654 -66.6295 
v 34.9675 2.05433 -67.866 
v 35.2971 1.35419 -67.1639 
v 35.3785 0.978768 -67.213 
v 35.4981 0.936862 -67.168 
v 35.1038 0.306358 -66.7017 
v 35.168 0.250486 -66.6524 
v 35.2942 1.5762 -67.1845 
v 35.4296 1.37408 -67.2109 
v 35.4085 1.14042 -67.2139 
v 35.4085 1.14042 -67.2139 
v 35.5364 1.13668 -67.1656 
v 35.2628 0.398715 -66.6789 
v 35.1914 0.458489 -66.7361 
v 35.0229 0.415066 -66.6752 
v 35.3197 2.39666 -67.4348 
v 35.1534 2.32927 -67.6127 
v 35.1565 2.51875 -67.4953 
v 35.2593 0.962984 -66.775 
v 35.3968 1.04762 -66.8063 
v 35.3386 0.85897 -66.7922 
v 35.2549 1.76642 -67.2012 
v 35.1458 0.615014 -66.7307 
v 35.2472 0.61137 -66.7608 
v 35.1914 0.458489 -66.7361 
v 35.4258 1.60065 -67.2209 
v 35.4296 1.37408 -67.2109 
v 35.569 1.36987 -67.1538 
v 35.3532 0.578898 -66.7035 
v 35.2472 0.61137 -66.7608 
v 35.3997 0.576689 -66.559 
v 34.997 2.36709 -67.5977 
v 34.978 2.52858 -67.4336 
v 35.3993 1.82394 -67.2481 
v 35.4258 1.60065 -67.2209 
v 35.5718 1.619 -67.1582 
v 35.1038 0.306358 -66.7017 
v 35.3386 0.85897 -66.7922 
v 35.4478 0.826943 -66.7312 
v 34.9907 0.577336 -66.2864 
v 35.0655 0.534727 -66.2125 
v 35.1241 2.72831 -67.3582 
v 35.2971 2.68939 -67.3405 
v 35.4645 2.36425 -67.2906 
v 34.9755 2.75163 -67.2678 
v 35.6555 1.58683 -67.024 
v 35.3968 1.04762 -66.8063 
v 35.5155 1.07126 -66.7493 
v 35.1552 0.651876 -66.2378 
v 35.0799 0.695537 -66.323 
v 35.443 2.64387 -67.2515 
v 35.228 1.30394 -66.5178 
v 35.1504 0.80121 -66.3496 
v 35.2422 0.786014 -66.2683 
v 35.452 3.11482 -67.0939 
v 35.5173 2.84842 -67.1077 
v 35.2574 3.35062 -67.0908 
v 35.4145 3.36436 -67.077 
v 35.1556 3.40202 -66.9407 
v 35.2497 0.981572 -66.3974 
v 35.3393 0.963881 -66.3139 
v 35.411 1.35614 -66.4611 
v 35.3171 1.14321 -66.4326 
v 35.4276 1.17188 -66.356 
v 35.5904 1.60198 -66.4235 
v 35.0177 0.996357 -65.8457 
v 35.1811 1.08019 -65.8413 
v 34.9984 2.24981 -67.6966 
v 35.1377 2.19276 -67.6831 
v 34.9741 2.14681 -67.7806 
v 35.1071 2.0842 -67.7554 

vn -0.220472 -0.0314961 0.976378 
vn -0.220472 -0.023622 0.976378 
vn 0.661417 -0.0393701 -0.748031 
vn 0.456693 -0.0787402 -0.889764 
vn 0.401575 -0.338583 -0.850394 
vn 0.606299 -0.188976 -0.779528 
vn -0.92126 -0.244094 0.299213 
vn -0.141732 0.0393701 0.992126 
vn -0.125984 -0.19685 -0.968504 
vn -0.19685 -0.267717 -0.944882 
vn -0.141732 -0.19685 -0.968504 
vn -0.110236 -0.212598 -0.968504 
vn -0.858268 -0.456693 -0.228346 
vn -0.826772 -0.496063 -0.259843 
vn -0.874016 -0.377953 -0.299213 
vn -0.818898 0.496063 -0.275591 
vn -0.181102 -0.637795 -0.748031 
vn -0.417323 -0.480315 -0.771654 
vn -0.110236 -0.362205 -0.92126 
vn 0.102362 -0.496063 -0.866142 
vn 0.220472 -0.614173 -0.755906 
vn -0.425197 -0.724409 -0.543307 
vn -0.503937 -0.590551 -0.629921 
vn 0.267717 -0.472441 -0.84252 
vn 0.685039 -0.322835 -0.653543 
vn 0.267717 -0.472441 -0.84252 
vn 0.401575 -0.338583 -0.850394 
vn -0.0944882 -0.795276 -0.606299 
vn -0.299213 -0.913386 -0.275591 
vn -0.385827 -0.905512 -0.188976 
vn -0.818898 -0.519685 -0.228346 
vn -0.299213 -0.913386 -0.275591 
vn -0.283465 -0.96063 0.0551181 
vn -0.338583 -0.944882 -0.0393701 
vn -0.338583 -0.944882 -0.0393701 
vn -0.795276 -0.582677 -0.149606 
vn -0.889764 0.267717 -0.370079 
vn -0.748031 -0.511811 -0.417323 
vn -0.952756 0.251969 0.173228 
vn -0.905512 0.433071 0.015748 
vn -0.0708661 -0.204724 -0.976378 
vn -0.0787402 -0.204724 -0.976378 
vn -0.0866142 -0.212598 -0.976378 
vn -0.023622 -0.417323 -0.905512 
vn -0.0551181 -0.448819 -0.889764 
vn 0.023622 -0.496063 -0.866142 
vn -0.291339 -0.448819 -0.84252 
vn -0.19685 -0.433071 -0.88189 
vn -0.220472 -0.433071 -0.874016 
vn -0.314961 -0.480315 -0.818898 
vn -0.149606 -0.456693 -0.88189 
vn 0.708661 -0.511811 -0.480315 
vn 0.141732 -0.527559 -0.834646 
vn 0.708661 -0.511811 -0.480315 
vn -0.346457 -0.590551 -0.732283 
vn -0.354331 -0.551181 -0.755906 
vn 0.818898 -0.496063 -0.283465 
vn 0.80315 -0.330709 -0.496063 
vn 0.551181 -0.448819 -0.700787 
vn -0.220472 -0.023622 0.976378 
vn 0.968504 -0.244094 0.0393701 
vn 0.645669 -0.582677 -0.496063 
vn 0.866142 -0.440945 -0.244094 
vn 0.874016 0.220472 -0.425197 
vn -0.204724 0.425197 -0.88189 
vn 0.409449 0.385827 -0.826772 
vn 0.0944882 0.551181 -0.826772 
vn -0.574803 0.559055 -0.598425 
vn -0.299213 0.637795 -0.708661 
vn -0.0551181 -0.188976 -0.976378 
vn 0.220472 -0.614173 -0.755906 
vn -0.866142 0.133858 -0.480315 
vn -0.551181 -0.0314961 -0.834646 
vn -0.19685 -0.15748 -0.968504 
vn 0.102362 -0.496063 -0.866142 
vn 0.661417 0.299213 -0.692913 
vn -0.92126 0.212598 -0.322835 
vn -0.425197 0.330709 -0.84252 
vn -0.472441 0.0314961 -0.88189 
vn -0.472441 0.0314961 -0.88189 
vn -0.19685 -0.15748 -0.968504 
vn -0.00787402 -0.330709 -0.944882 
vn -0.850394 -0.377953 0.354331 
vn 0.905512 0.15748 -0.393701 
vn -0.354331 0.535433 -0.76378 
vn -0.472441 0.0314961 -0.88189 
vn 0.220472 -0.220472 -0.952756 
vn 0.92126 0.141732 -0.362205 
vn -0.716535 -0.685039 -0.0866142 
vn -0.913386 0.141732 -0.377953 
vn 0.551181 -0.448819 -0.700787 
vn 0.330709 -0.173228 -0.929134 
vn 0.322835 -0.15748 -0.929134 
vn -0.409449 0.0314961 -0.913386 
vn 0.330709 -0.173228 -0.929134 
vn -0.370079 -0.913386 -0.165354 
vn -0.826772 -0.496063 -0.259843 
vn 0.456693 0.574803 -0.677165 
vn -0.866142 -0.0551181 -0.496063 
vn -0.409449 0.0314961 -0.913386 
vn 0.362205 -0.102362 -0.929134 
vn 0.267717 -0.456693 -0.850394 
vn 0.133858 -0.511811 -0.850394 
vn -0.535433 -0.125984 -0.834646 
vn -0.283465 -0.015748 -0.96063 
vn -0.330709 0.023622 -0.944882 
vn -0.330709 0.023622 -0.944882 
vn 0.385827 -0.0393701 -0.92126 
vn 0.346457 -0.385827 -0.858268 
vn 0.354331 -0.393701 -0.850394 
vn -0.850394 0.283465 -0.448819 
vn 0.685039 0.141732 -0.716535 
vn 0.433071 0.417323 -0.795276 
vn 0.188976 0.519685 -0.834646 
vn -0.23622 -0.023622 -0.968504 
vn -0.149606 -0.0708661 -0.984252 
vn -0.251969 -0.023622 -0.968504 
vn -0.503937 -0.314961 -0.80315 
vn -0.283465 -0.015748 -0.96063 
vn -0.283465 -0.015748 -0.96063 
vn 0.354331 -0.393701 -0.850394 
vn -0.251969 -0.102362 -0.96063 
vn -0.283465 -0.015748 -0.96063 
vn 0.685039 -0.0551181 -0.724409 
vn 0.417323 -0.322835 -0.850394 
vn -0.283465 -0.015748 -0.96063 
vn 0.818898 -0.370079 0.440945 
vn -0.346457 0.622047 -0.700787 
vn -0.622047 0.511811 -0.598425 
vn 0.456693 -0.0787402 -0.889764 
vn -0.251969 -0.102362 -0.96063 
vn 0.661417 -0.023622 -0.755906 
vn 0.267717 -0.456693 -0.850394 
vn -0.251969 -0.023622 -0.968504 
vn 0.464567 -0.23622 -0.858268 
vn -0.19685 -0.267717 -0.944882 
vn 0.299213 -0.645669 -0.700787 
vn -0.0944882 0.551181 -0.826772 
vn 0.417323 0.409449 -0.811024 
vn 0.740157 0.023622 -0.669291 
vn -0.661417 0.448819 -0.598425 
vn 0.952756 -0.0787402 -0.291339 
vn -0.149606 -0.0708661 -0.984252 
vn 0.488189 -0.188976 -0.850394 
vn 0.511811 -0.535433 -0.669291 
vn -0.125984 -0.19685 -0.968504 
vn 0.661417 0.244094 -0.708661 
vn -0.937008 -0.125984 0.330709 
vn -0.0787402 -0.204724 -0.976378 
vn 0.566929 -0.496063 -0.653543 
vn 0.472441 0.204724 -0.858268 
vn 0.708661 0.19685 -0.677165 
vn 0.11811 0.11811 -0.984252 
vn 0.0787402 0.0866142 -0.992126 
vn -0.826772 0.425197 -0.377953 
vn -0.0708661 -0.204724 -0.976378 
vn 0.598425 -0.440945 -0.669291 
vn 0.645669 -0.582677 -0.496063 
vn -0.0551181 -0.188976 -0.976378 
vn 0.84252 -0.385827 -0.370079 
vn 0.905512 -0.307087 0.291339 
vn -0.314961 -0.480315 -0.818898 
vn 0.464567 -0.653543 -0.598425 
vn -0.102362 0.629921 -0.76378 
vn 0.606299 0.299213 -0.732283 
vn -0.307087 0.708661 -0.637795 
vn 0.433071 0.535433 -0.724409 

vt -0.467101 -3.88068 
vt -2.22047 -3.8576 
vt -2.80791 2.35455 
vt -1.41843 1.30035 
vt -0.552563 2.84292 
vt -1.58215 4.13999 
vt 3.47089 4.36609 
vt 3.65539 -11.1198 
vt 1.65984 -9.9601 
vt 2.53751 -11.1279 
vt 3.20772 -10.3118 
vt 2.05591 -8.77536 
vt 2.60862 -14.149 
vt 2.17553 -14.8791 
vt -0.313008 -4.17738 
vt 3.64045 5.07671 
vt 3.23442 -0.423686 
vt 3.70269 0.164806 
vt 3.06589 0.422855 
vt 2.62521 0.116258 
vt 2.2944 -0.210546 
vt 3.81967 -0.603362 
vt 4.18894 -0.03237 
vt 0.446429 3.3597 
vt -0.461389 4.55693 
vt 0.446429 3.3597 
vt -0.552563 2.84292 
vt 0.656644 2.3251 
vt 0.646015 -13.5119 
vt -0.0576256 -13.8178 
vt 1.2096 -12.8126 
vt 0.646015 -13.5119 
vt 2.6527 -12.2739 
vt 3.29343 -12.0279 
vt 3.29343 -12.0279 
vt 3.76748 -11.3272 
vt 3.75763 -9.65863 
vt 0.304825 -3.52059 
vt 1.81337 -5.33821 
vt 2.89466 -7.88452 
vt -0.0278328 -7.09817 
vt 0.96383 -8.90179 
vt 0.734415 -6.09583 
vt -0.16936 -2.33431 
vt 0.283765 -3.4092 
vt 0.991482 -2.88362 
vt 2.79388 -6.15535 
vt 1.80643 -4.77841 
vt 1.38876 -5.77361 
vt 2.24343 -6.89521 
vt 0.863786 -4.7801 
vt -0.766764 -1.04044 
vt 0.843265 -1.49973 
vt -0.766764 -1.04044 
vt 2.91498 -7.39745 
vt 3.24635 -6.87715 
vt -3.17112 -2.7439 
vt -3.16446 -3.44071 
vt -2.13283 -3.97926 
vt -2.22047 -3.8576 
vt -3.82298 -1.49982 
vt -1.49715 -3.27691 
vt -2.4442 -2.65735 
vt -3.13405 14.3269 
vt 0.366132 13.5103 
vt -1.03444 11.7005 
vt 0.176857 11.7412 
vt 2.28244 11.8957 
vt 1.73046 11.2668 
vt -0.698563 -5.48492 
vt 2.2944 -0.210546 
vt 4.03529 1.14245 
vt 0.842261 -11.4087 
vt 0.128849 -12.2573 
vt 2.62521 0.116258 
vt 2.2926 0.894413 
vt 4.15665 2.42907 
vt 3.08578 1.21301 
vt 0.0283289 -9.31867 
vt -0.507432 -10.6511 
vt 0.128849 -12.2573 
vt -0.676501 -12.8634 
vt 2.22778 -14.4439 
vt 2.05844 1.95426 
vt 3.06873 2.43563 
vt -0.507432 -10.6511 
vt -1.34902 -11.3548 
vt 1.78044 2.8744 
vt 1.59353 -0.935989 
vt -0.58318 -6.27511 
vt -2.13283 -3.97926 
vt -0.915379 -9.26511 
vt -1.91081 -9.61914 
vt -1.3833 -7.17345 
vt -0.915379 -9.26511 
vt 1.5734 -15.2192 
vt 2.17553 -14.8791 
vt 2.89967 3.47353 
vt -0.660492 -3.40187 
vt -1.3833 -7.17345 
vt -2.42519 -7.56574 
vt 1.49947 -13.7999 
vt 0.830828 -14.3476 
vt -0.565399 -1.16761 
vt -1.86862 -3.2109 
vt -1.66742 -5.55535 
vt -1.66742 -5.55535 
vt -2.80302 -5.58012 
vt -0.0750045 -12.8905 
vt 0.640528 -12.2912 
vt 2.08413 -12.8609 
vt -0.575961 6.98346 
vt 1.03648 6.25445 
vt 0.956149 8.12875 
vt -0.156849 -7.32027 
vt -1.51392 -6.46447 
vt -0.952491 -8.36042 
vt -0.166449 0.77231 
vt 0.968798 -10.8015 
vt -0.0448332 -10.838 
vt 0.640528 -12.2912 
vt -1.82495 -0.927879 
vt -1.86862 -3.2109 
vt -3.06956 -3.24511 
vt -0.964882 -11.1013 
vt -0.0448332 -10.838 
vt -1.34991 -11.1139 
vt 2.44443 6.59167 
vt 2.57905 8.22858 
vt -1.41843 1.30035 
vt -1.82495 -0.927879 
vt -3.10188 -0.760085 
vt 1.49947 -13.7999 
vt -0.952491 -8.36042 
vt -1.90122 -8.63816 
vt 2.53751 -11.1279 
vt 1.88836 -11.4784 
vt 1.22372 10.218 
vt -0.403636 9.85713 
vt -2.01319 6.68293 
vt 2.59658 10.4717 
vt -3.881 -1.07077 
vt -1.51392 -6.46447 
vt -2.57345 -6.20446 
vt 1.03372 -10.329 
vt 1.65984 -9.9601 
vt -1.81436 9.43504 
vt 0.0161827 -3.89023 
vt 0.96383 -8.90179 
vt 0.175434 -8.99549 
vt -1.94174 14.1524 
vt -2.54797 11.49 
vt -0.0667808 16.5277 
vt -1.64564 16.6714 
vt 0.762044 16.9803 
vt -0.0278328 -7.09817 
vt -0.790011 -7.22784 
vt -1.49715 -3.27691 
vt -0.698563 -5.48492 
vt -1.6237 -5.15882 
vt -3.23915 -0.873619 
vt 2.24343 -6.89521 
vt 0.76602 -6.02224 
vt 2.47925 5.41731 
vt 1.22785 4.91291 
vt 2.68161 4.37156 
vt 1.49914 3.78006 

usemtl Handle2Mtl

f 1615/1615/1615 1616/1616/1616 1617/1617/1617 
f 1617/1617/1617 1618/1618/1618 1615/1615/1615 
f 1621/1621/1621 1622/1622/1622 1623/1623/1623 
f 1623/1623/1623 1624/1624/1624 1621/1621/1621 
f 1629/1629/1629 1630/1630/1630 1631/1631/1631 
f 1631/1631/1631 1632/1632/1632 1629/1629/1629 
f 1629/1629/1629 1632/1632/1632 1633/1633/1633 
f 1617/1617/1617 1636/1636/1636 1637/1637/1637 
f 1637/1637/1637 1618/1618/1618 1617/1617/1617 
f 1653/1653/1653 1654/1654/1654 1624/1624/1624 
f 1624/1624/1624 1655/1655/1655 1653/1653/1653 
f 1652/1652/1652 1624/1624/1624 1623/1623/1623 
f 1651/1651/1651 1655/1655/1655 1624/1624/1624 
f 1624/1624/1624 1652/1652/1652 1651/1651/1651 
f 1656/1656/1656 1657/1657/1657 1658/1658/1658 
f 1659/1659/1659 1660/1660/1660 1661/1661/1661 
f 1661/1661/1661 1662/1662/1662 1659/1659/1659 
f 1663/1663/1663 1661/1661/1661 1660/1660/1660 
f 1656/1656/1656 1658/1658/1658 1665/1665/1665 
f 1665/1665/1665 1666/1666/1666 1656/1656/1656 
f 1662/1662/1662 1667/1667/1667 1668/1668/1668 
f 1668/1668/1668 1659/1659/1659 1662/1662/1662 
f 1671/1671/1671 1669/1669/1669 1670/1670/1670 
f 1677/1677/1677 1678/1678/1678 1679/1679/1679 
f 1680/1680/1680 1677/1677/1677 1679/1679/1679 
f 1655/1655/1655 1682/1682/1682 1653/1653/1653 
f 1643/1643/1643 1685/1685/1685 1686/1686/1686 
f 1686/1686/1686 1644/1644/1644 1643/1643/1643 
f 1624/1624/1624 1654/1654/1654 1621/1621/1621 
f 1690/1690/1690 1631/1631/1631 1630/1630/1630 
f 1630/1630/1630 1684/1684/1684 1690/1690/1690 
f 1685/1685/1685 1691/1691/1691 1692/1692/1692 
f 1692/1692/1692 1686/1686/1686 1685/1685/1685 
f 1641/1641/1641 1693/1693/1693 1694/1694/1694 
f 1694/1694/1694 1642/1642/1642 1641/1641/1641 
f 1688/1688/1688 1687/1687/1687 1631/1631/1631 
f 1631/1631/1631 1690/1690/1690 1688/1688/1688 
f 1622/1622/1622 1647/1647/1647 1648/1648/1648 
f 1648/1648/1648 1623/1623/1623 1622/1622/1622 
f 1697/1697/1697 1690/1690/1690 1684/1684/1684 
f 1684/1684/1684 1689/1689/1689 1697/1697/1697 
f 1693/1693/1693 1698/1698/1698 1699/1699/1699 
f 1699/1699/1699 1694/1694/1694 1693/1693/1693 
f 1696/1696/1696 1688/1688/1688 1690/1690/1690 
f 1690/1690/1690 1697/1697/1697 1696/1696/1696 
f 1698/1698/1698 1704/1704/1704 1705/1705/1705 
f 1705/1705/1705 1699/1699/1699 1698/1698/1698 
f 1691/1691/1691 1702/1702/1702 1706/1706/1706 
f 1706/1706/1706 1707/1707/1707 1691/1691/1691 
f 1696/1696/1696 1697/1697/1697 1710/1710/1710 
f 1704/1704/1704 1712/1712/1712 1713/1713/1713 
f 1713/1713/1713 1705/1705/1705 1704/1704/1704 
f 1709/1709/1709 1714/1714/1714 1715/1715/1715 
f 1715/1715/1715 1708/1708/1708 1709/1709/1709 
f 1711/1711/1711 1717/1717/1717 1718/1718/1718 
f 1718/1718/1718 1702/1702/1702 1711/1711/1711 
f 1719/1719/1719 1720/1720/1720 1713/1713/1713 
f 1713/1713/1713 1712/1712/1712 1719/1719/1719 
f 1721/1721/1721 1715/1715/1715 1714/1714/1714 
f 1714/1714/1714 1722/1722/1722 1721/1721/1721 
f 1725/1725/1725 1726/1726/1726 1724/1724/1724 
f 1727/1727/1727 1728/1728/1728 1729/1729/1729 
f 1731/1731/1731 1732/1732/1732 1733/1733/1733 
f 1716/1716/1716 1734/1734/1734 1717/1717/1717 
f 1717/1717/1717 1711/1711/1711 1716/1716/1716 
f 1735/1735/1735 1736/1736/1736 1720/1720/1720 
f 1720/1720/1720 1719/1719/1719 1735/1735/1735 
f 1737/1737/1737 1721/1721/1721 1722/1722/1722 
f 1722/1722/1722 1738/1738/1738 1737/1737/1737 
f 1729/1729/1729 1732/1732/1732 1731/1731/1731 
f 1731/1731/1731 1727/1727/1727 1729/1729/1729 
f 1726/1726/1726 1725/1725/1725 1740/1740/1740 
f 1730/1730/1730 1742/1742/1742 1734/1734/1734 
f 1734/1734/1734 1716/1716/1716 1730/1730/1730 
f 1743/1743/1743 1744/1744/1744 1736/1736/1736 
f 1736/1736/1736 1735/1735/1735 1743/1743/1743 
f 1723/1723/1723 1731/1731/1731 1733/1733/1733 
f 1733/1733/1733 1745/1745/1745 1723/1723/1723 
f 1746/1746/1746 1747/1747/1747 1737/1737/1737 
f 1737/1737/1737 1738/1738/1738 1746/1746/1746 
f 1749/1749/1749 1645/1645/1645 1646/1646/1646 
f 1726/1726/1726 1750/1750/1750 1751/1751/1751 
f 1751/1751/1751 1724/1724/1724 1726/1726/1726 
f 1625/1625/1625 1723/1723/1723 1745/1745/1745 
f 1745/1745/1745 1626/1626/1626 1625/1625/1625 
f 1752/1752/1752 1618/1618/1618 1637/1637/1637 
f 1741/1741/1741 1753/1753/1753 1750/1750/1750 
f 1750/1750/1750 1726/1726/1726 1741/1741/1741 
f 1744/1744/1744 1743/1743/1743 1616/1616/1616 
f 1616/1616/1616 1615/1615/1615 1744/1744/1744 
f 1728/1728/1728 1727/1727/1727 1627/1627/1627 
f 1627/1627/1627 1703/1703/1703 1728/1728/1728 
f 1755/1755/1755 1756/1756/1756 1747/1747/1747 
f 1747/1747/1747 1746/1746/1746 1755/1755/1755 
f 1757/1757/1757 1749/1749/1749 1748/1748/1748 
f 1724/1724/1724 1751/1751/1751 1759/1759/1759 
f 1756/1756/1756 1755/1755/1755 1671/1671/1671 
f 1671/1671/1671 1670/1670/1670 1756/1756/1756 
f 1761/1761/1761 1762/1762/1762 1757/1757/1757 
f 1757/1757/1757 1758/1758/1758 1761/1761/1761 
f 1763/1763/1763 1764/1764/1764 1678/1678/1678 
f 1678/1678/1678 1677/1677/1677 1763/1763/1763 
f 1678/1678/1678 1759/1759/1759 1751/1751/1751 
f 1751/1751/1751 1679/1679/1679 1678/1678/1678 
f 1763/1763/1763 1677/1677/1677 1765/1765/1765 
f 1765/1765/1765 1766/1766/1766 1763/1763/1763 
f 1762/1762/1762 1761/1761/1761 1768/1768/1768 
f 1768/1768/1768 1769/1769/1769 1762/1762/1762 
f 1759/1759/1759 1678/1678/1678 1764/1764/1764 
f 1691/1691/1691 1707/1707/1707 1692/1692/1692 
f 1769/1769/1769 1768/1768/1768 1771/1771/1771 
f 1771/1771/1771 1772/1772/1772 1769/1769/1769 
f 1682/1682/1682 1655/1655/1655 1650/1650/1650 
f 1650/1650/1650 1770/1770/1770 1682/1682/1682 
f 1772/1772/1772 1771/1771/1771 1674/1674/1674 
f 1674/1674/1674 1675/1675/1675 1772/1772/1772 
f 1702/1702/1702 1718/1718/1718 1706/1706/1706 
f 1658/1658/1658 1657/1657/1657 1663/1663/1663 
f 1663/1663/1663 1660/1660/1660 1658/1658/1658 
f 1730/1730/1730 1640/1640/1640 1639/1639/1639 
f 1639/1639/1639 1742/1742/1742 1730/1730/1730 
f 1740/1740/1740 1776/1776/1776 1628/1628/1628 
f 1725/1725/1725 1777/1777/1777 1776/1776/1776 
f 1776/1776/1776 1740/1740/1740 1725/1725/1725 
f 1700/1700/1700 1710/1710/1710 1778/1778/1778 
f 1778/1778/1778 1779/1779/1779 1700/1700/1700 
f 1778/1778/1778 1776/1776/1776 1777/1777/1777 
f 1777/1777/1777 1779/1779/1779 1778/1778/1778 
f 1750/1750/1750 1681/1681/1681 1679/1679/1679 
f 1679/1679/1679 1751/1751/1751 1750/1750/1750 
f 1753/1753/1753 1681/1681/1681 1750/1750/1750 

g Handle8

v 34.868 2.21308 -67.6221 
v 34.9396 1.73052 -68.0892 
v 35.2029 1.33319 -66.4666 
v 35.1032 1.3945 -66.361 
v 35.2077 3.05502 -67.1443 
v 35.2326 2.88062 -67.2518 
v 35.0086 2.89623 -67.1648 
v 35.0693 2.83492 -67.2643 
v 35.0088 3.1162 -66.9386 
v 34.8275 1.81241 -68.0044 
v 34.8143 1.94264 -67.9053 
v 35.1167 0.576447 -66.9931 
v 35.2497 0.466724 -66.8645 
v 35.1583 0.49385 -66.892 
v 35.0606 1.89406 -67.9331 
v 34.9344 1.94976 -67.9641 
v 35.0888 1.98576 -67.8325 
v 35.0747 1.58818 -66.1196 
v 34.9675 2.05433 -67.866 
v 35.1534 2.32927 -67.6127 
v 35.1565 2.51875 -67.4953 
v 34.997 2.36709 -67.5977 
v 34.978 2.52858 -67.4336 
v 34.9755 2.75163 -67.2678 
v 34.8473 2.67733 -67.0872 
v 35.228 1.30394 -66.5178 
v 35.4145 3.36436 -67.077 
v 35.4653 3.4081 -66.9468 
v 35.4882 3.42781 -66.7272 
v 35.4848 3.42992 -66.4697 
v 35.4461 3.40666 -66.3095 
v 34.8379 2.05907 -67.8122 
v 34.9984 2.24981 -67.6966 
v 34.8531 2.12975 -67.7373 
v 34.9741 2.14681 -67.7806 
v 35.1729 3.43056 -66.4235 
v 35.2529 3.40951 -66.2786 
v 35.2574 3.35062 -67.0908 
v 35.1556 3.40202 -66.9407 
v 35.1152 3.41548 -66.6844 

vn -0.818898 0.496063 -0.275591 
vn -0.110236 -0.362205 -0.92126 
vn -0.748031 -0.511811 -0.417323 
vn -0.850394 -0.377953 -0.362205 
vn -0.204724 0.425197 -0.88189 
vn 0.0944882 0.551181 -0.826772 
vn -0.574803 0.559055 -0.598425 
vn -0.299213 0.637795 -0.708661 
vn -0.795276 0.464567 -0.385827 
vn -0.866142 0.133858 -0.480315 
vn -0.92126 0.212598 -0.322835 
vn -0.96063 0.19685 0.188976 
vn -0.251969 -0.0787402 0.968504 
vn -0.291339 0 0.96063 
vn 0.905512 0.15748 -0.393701 
vn -0.354331 0.535433 -0.76378 
vn 0.92126 0.141732 -0.362205 
vn -0.716535 -0.685039 -0.0866142 
vn 0.456693 0.574803 -0.677165 
vn 0.433071 0.417323 -0.795276 
vn 0.188976 0.519685 -0.834646 
vn -0.346457 0.622047 -0.700787 
vn -0.622047 0.511811 -0.598425 
vn -0.661417 0.448819 -0.598425 
vn -0.944882 0.181102 -0.259843 
vn -0.937008 -0.125984 0.330709 
vn 0.0787402 0.0866142 -0.992126 
vn 0.874016 0.401575 -0.275591 
vn 0.897638 0.448819 -0.0393701 
vn 0.92126 0.322835 0.212598 
vn 0.96063 0.102362 0.251969 
vn -0.307087 0.692913 -0.653543 
vn -0.102362 0.629921 -0.76378 
vn -0.322835 0.716535 -0.614173 
vn -0.307087 0.708661 -0.637795 
vn -0.874016 0.456693 0.165354 
vn -0.84252 0.204724 0.503937 
vn 0.11811 0.11811 -0.984252 
vn -0.826772 0.425197 -0.377953 
vn -0.88189 0.472441 0 

vt -7.75866 -2.64045 
vt -12.3 -2.06589 
vt 3.82506 0.695175 
vt 4.86992 -0.28203 
vt -2.85965 0.633868 
vt -3.94496 0.823143 
vt -3.12096 -1.28244 
vt -4.09388 -0.73046 
vt -0.901551 -1.23687 
vt -11.5407 -3.03529 
vt -10.5809 -3.15665 
vt -1.56129 -0.124341 
vt -0.431455 1.06383 
vt -0.704879 0.157492 
vt -10.8449 -1.05844 
vt -11.0815 -2.06873 
vt -9.84497 -0.780445 
vt 7.22833 -0.593531 
vt -10.1174 -1.89967 
vt -7.56105 -0.0364763 
vt -6.37898 0.043851 
vt -7.42911 -1.44443 
vt -5.80942 -1.57905 
vt -4.15073 -1.59658 
vt -2.41316 -2.82198 
vt 3.16295 0.983817 
vt -2.1645 2.64564 
vt -1.00575 2.99499 
vt 1.1429 3.21909 
vt 3.6683 3.18004 
vt 5.26158 2.78557 
vt -9.58438 -3.04299 
vt -8.40563 -1.47925 
vt -8.84297 -2.8881 
vt -9.27138 -1.68161 
vt 4.13956 0.419865 
vt 5.52093 1.21366 
vt -2.30396 1.06678 
vt -0.924143 0.237956 
vt 1.56299 -0.155728 

usemtl Handle2Mtl

f 1785/1785/1785 1787/1787/1787 1786/1786/1786 
f 1793/1793/1793 1792/1792/1792 1791/1791/1791 
f 1798/1798/1798 1796/1796/1796 1794/1794/1794 
f 1801/1801/1801 1802/1802/1802 1800/1800/1800 
f 1788/1788/1788 1784/1784/1784 1786/1786/1786 
f 1790/1790/1790 1811/1811/1811 1798/1798/1798 
f 1798/1798/1798 1795/1795/1795 1790/1790/1790 
f 1811/1811/1811 1813/1813/1813 1814/1814/1814 
f 1814/1814/1814 1798/1798/1798 1811/1811/1811 
f 1812/1812/1812 1814/1814/1814 1813/1813/1813 
f 1813/1813/1813 1780/1780/1780 1812/1812/1812 
f 1786/1786/1786 1787/1787/1787 1803/1803/1803 
f 1815/1815/1815 1816/1816/1816 1810/1810/1810 
f 1810/1810/1810 1809/1809/1809 1815/1815/1815 
f 1807/1807/1807 1806/1806/1806 1817/1817/1817 
f 1817/1817/1817 1818/1818/1818 1807/1807/1807 
f 1819/1819/1819 1815/1815/1815 1809/1809/1809 
f 1809/1809/1809 1808/1808/1808 1819/1819/1819 
f 1808/1808/1808 1807/1807/1807 1818/1818/1818 
f 1818/1818/1818 1819/1819/1819 1808/1808/1808 

g Stick1

v 35.3715 3.30219 -66.7935 
v 35.3715 4.86509 -66.7935 
v 35.3715 3.30219 -66.6313 
v 35.3715 4.86509 -66.6313 
v 35.1569 4.86509 -66.7935 
v 35.3715 4.86509 -66.7935 
v 35.1569 3.30219 -66.7935 
v 35.3715 3.30219 -66.7935 
v 35.3715 4.86509 -66.7935 
v 35.1569 4.86509 -66.7935 
v 35.3715 4.86509 -66.6313 
v 35.1569 4.86509 -66.6313 
v 35.1569 4.86509 -66.7935 
v 35.1569 3.30219 -66.7935 
v 35.1569 4.86509 -66.6313 
v 35.1569 3.30219 -66.6313 
v 35.1569 3.30219 -66.6313 
v 35.3715 3.30219 -66.6313 
v 35.1569 4.86509 -66.6313 
v 35.3715 4.86509 -66.6313 
v 35.1569 3.30219 -66.7935 
v 35.3715 3.30219 -66.7935 
v 35.1569 3.30219 -66.6313 
v 35.3715 3.30219 -66.6313 

vn 1 0 0 
vn 1 0 0 
vn 1 0 0 
vn 1 0 0 
vn 0 0 -1 
vn 0 0 -1 
vn 0 0 -1 
vn 0 0 -1 
vn 0 1 0 
vn 0 1 0 
vn 0 1 0 
vn 0 1 0 
vn -1 0 0 
vn -1 0 0 
vn -1 0 0 
vn -1 0 0 
vn 0 0 1 
vn 0 0 1 
vn 0 0 1 
vn 0 0 1 
vn 0 -1 0 
vn 0 -1 0 
vn 0 -1 0 
vn 0 -1 0 

vt 4.69536 -1.5 
vt 4.5 -1.5 
vt 4.69536 -1.52027 
vt 4.5 -1.52027 
vt 4.52682 -1.5 
vt 4.5 -1.5 
vt 4.52682 -1.69536 
vt 4.5 -1.69536 
vt 4.52682 -1.5 
vt 4.5 -1.5 
vt 4.52682 -1.52027 
vt 4.5 -1.52027 
vt 4.69536 -1.5 
vt 4.5 -1.5 
vt 4.69536 -1.52027 
vt 4.5 -1.52027 
vt 4.52682 -1.5 
vt 4.5 -1.5 
vt 4.52682 -1.69536 
vt 4.5 -1.69536 
vt 4.52682 -1.5 
vt 4.5 -1.5 
vt 4.52682 -1.52027 
vt 4.5 -1.52027 

usemtl Stick1Mtl

f 1820/1820/1820 1821/1821/1821 1822/1822/1822 
f 1822/1822/1822 1821/1821/1821 1823/1823/1823 
f 1824/1824/1824 1825/1825/1825 1826/1826/1826 
f 1826/1826/1826 1825/1825/1825 1827/1827/1827 
f 1828/1828/1828 1829/1829/1829 1830/1830/1830 
f 1830/1830/1830 1829/1829/1829 1831/1831/1831 
f 1832/1832/1832 1833/1833/1833 1834/1834/1834 
f 1834/1834/1834 1833/1833/1833 1835/1835/1835 
f 1836/1836/1836 1837/1837/1837 1838/1838/1838 
f 1838/1838/1838 1837/1837/1837 1839/1839/1839 
f 1840/1840/1840 1841/1841/1841 1842/1842/1842 
f 1842/1842/1842 1841/1841/1841 1843/1843/1843 

